destination_country,family,rows,markets,markets_served,home_market_rows,destination_rows,rows_declaring_a_parent,share_of_declared_parents_that_exist,broken_parents,destination_rows_with_a_locale_fact,share_of_destination_rows_with_a_locale_fact,distinct_titles_over_rows,distinct_uniqueness_reasons_over_rows,distinct_entities_over_rows,share_in_the_bottom_quality_band,top_source,has_demand_evidence_on_every_row
AE,activities.city-things-to-do,22,3,de-DE en-US tr-TR,0,22,0,,0,22,1.0,1.0,1.0,1.0,0.0,geonames-cities; attractions-verified,yes
AE,stay.city-type,26,3,de-DE en-US tr-TR,0,26,0,,0,26,1.0,1.0,1.0,1.0,1.0,geonames-cities; stay-inventory-verified,yes
AE,weather.city-month,10,2,de-DE en-US,0,10,0,,0,10,1.0,1.0,1.0,1.0,0.0,geonames-cities; nasa-power-daily,yes
AL,activities.city-things-to-do,10,1,it-IT,0,10,0,,0,10,1.0,1.0,1.0,1.0,0.0,geonames-cities; attractions-verified,yes
AL,stay.city-type,1,1,it-IT,0,1,0,,0,1,1.0,1.0,1.0,1.0,1.0,geonames-cities; stay-inventory-verified,yes
AL,weather.city-month,10,1,it-IT,0,10,0,,0,10,1.0,1.0,1.0,1.0,0.0,geonames-cities; nasa-power-daily,yes
AR,activities.city-things-to-do,2,2,es-ES pt-BR,0,2,0,,0,2,1.0,1.0,1.0,1.0,0.0,geonames-cities; attractions-verified,yes
AT,activities.city-things-to-do,22,4,de-DE es-ES it-IT ja-JP,0,22,0,,0,22,1.0,1.0,1.0,1.0,0.0,geonames-cities; attractions-verified,yes
AT,stay.city-type,62,3,de-DE it-IT ja-JP,0,62,0,,0,62,1.0,1.0,1.0,1.0,1.0,geonames-cities; stay-inventory-verified,yes
AT,weather.city-month,21,3,de-DE it-IT ja-JP,0,21,0,,0,21,1.0,1.0,1.0,1.0,0.0,geonames-cities; nasa-power-daily,yes
AU,activities.city-things-to-do,268,2,en-AU ja-JP,242,26,0,,0,26,1.0,1.0,1.0,1.0,0.0,geonames-cities; attractions-verified,yes
AU,comparisons.country-vs-country,12,1,en-US,0,12,0,,0,0,0.0,1.0,1.0,1.0,1.0,cost-of-living-verified; tax-rules-verified,yes
AU,outdoors.beach,30,1,en-AU,30,0,0,,0,0,,1.0,1.0,1.0,0.0,"OpenStreetMap named POI (ODbL 1.0, share-alike, attribution required)",yes
AU,outdoors.bicycle-trail,705,1,en-AU,705,0,0,,0,0,,1.0,1.0,1.0,0.0,"OpenStreetMap named POI (ODbL 1.0, share-alike, attribution required)",yes
AU,outdoors.hiking-trail,159,1,en-AU,159,0,0,,0,0,,1.0,1.0,1.0,0.0,"OpenStreetMap named POI (ODbL 1.0, share-alike, attribution required)",yes
AU,outdoors.mountain_pass,2,1,en-AU,2,0,0,,0,0,,1.0,1.0,1.0,0.0,"OpenStreetMap named POI (ODbL 1.0, share-alike, attribution required)",yes
AU,outdoors.peak,1475,1,en-AU,1475,0,0,,0,0,,1.0,1.0,1.0,0.0,"OpenStreetMap named POI (ODbL 1.0, share-alike, attribution required)",yes
AU,outdoors.volcano,9,1,en-AU,9,0,0,,0,0,,1.0,1.0,1.0,0.0,"OpenStreetMap named POI (ODbL 1.0, share-alike, attribution required)",yes
AU,places.area-arts_centre,6,1,en-AU,6,0,6,1.0,0,0,,1.0,1.0,1.0,0.1667,"OpenStreetMap named POI (ODbL 1.0, share-alike, attribution required)",yes
AU,places.area-attraction,19,1,en-AU,19,0,19,1.0,0,0,,1.0,1.0,1.0,0.2632,"OpenStreetMap named POI (ODbL 1.0, share-alike, attribution required)",yes
AU,places.area-attribute,784,1,en-AU,784,0,784,1.0,0,0,,1.0,1.0,1.0,0.1161,"OpenStreetMap named POI (ODbL 1.0, share-alike, attribution required)",yes
AU,places.area-bar,95,1,en-AU,95,0,95,1.0,0,0,,1.0,1.0,1.0,0.2526,"OpenStreetMap named POI (ODbL 1.0, share-alike, attribution required)",yes
AU,places.area-cafe,557,1,en-AU,557,0,557,1.0,0,0,,1.0,1.0,1.0,0.2442,"OpenStreetMap named POI (ODbL 1.0, share-alike, attribution required)",yes
AU,places.area-childcare,55,1,en-AU,55,0,55,1.0,0,0,,1.0,1.0,1.0,0.3091,"OpenStreetMap named POI (ODbL 1.0, share-alike, attribution required)",yes
AU,places.area-cinema,8,1,en-AU,8,0,8,1.0,0,0,,1.0,1.0,1.0,0.125,"OpenStreetMap named POI (ODbL 1.0, share-alike, attribution required)",yes
AU,places.area-clinic,273,1,en-AU,273,0,273,1.0,0,0,,1.0,1.0,1.0,0.4322,"OpenStreetMap named POI (ODbL 1.0, share-alike, attribution required)",yes
AU,places.area-college,7,1,en-AU,7,0,7,1.0,0,0,,1.0,1.0,1.0,0.0,"OpenStreetMap named POI (ODbL 1.0, share-alike, attribution required)",yes
AU,places.area-coworking,10,1,en-AU,10,0,10,1.0,0,0,,1.0,1.0,1.0,0.1,"OpenStreetMap named POI (ODbL 1.0, share-alike, attribution required)",yes
AU,places.area-cuisine,1120,1,en-AU,1120,0,1120,1.0,0,0,,1.0,1.0,1.0,0.283,"OpenStreetMap named POI (ODbL 1.0, share-alike, attribution required)",yes
AU,places.area-dentist,142,1,en-AU,142,0,142,1.0,0,0,,1.0,1.0,1.0,0.4225,"OpenStreetMap named POI (ODbL 1.0, share-alike, attribution required)",yes
AU,places.area-department_store,81,1,en-AU,81,0,81,1.0,0,0,,1.0,1.0,1.0,0.4568,"OpenStreetMap named POI (ODbL 1.0, share-alike, attribution required)",yes
AU,places.area-fast_food,462,1,en-AU,462,0,462,1.0,0,0,,1.0,1.0,1.0,0.2879,"OpenStreetMap named POI (ODbL 1.0, share-alike, attribution required)",yes
AU,places.area-gallery,25,1,en-AU,25,0,25,1.0,0,0,,1.0,1.0,1.0,0.12,"OpenStreetMap named POI (ODbL 1.0, share-alike, attribution required)",yes
AU,places.area-garden,3,1,en-AU,3,0,3,1.0,0,0,,1.0,1.0,1.0,0.0,"OpenStreetMap named POI (ODbL 1.0, share-alike, attribution required)",yes
AU,places.area-guest_house,2,1,en-AU,2,0,2,1.0,0,0,,1.0,1.0,1.0,0.0,"OpenStreetMap named POI (ODbL 1.0, share-alike, attribution required)",yes
AU,places.area-gym,220,1,en-AU,220,0,220,1.0,0,0,,1.0,1.0,1.0,0.4227,"OpenStreetMap named POI (ODbL 1.0, share-alike, attribution required)",yes
AU,places.area-hospital,5,1,en-AU,5,0,5,1.0,0,0,,1.0,1.0,1.0,0.8,"OpenStreetMap named POI (ODbL 1.0, share-alike, attribution required)",yes
AU,places.area-hostel,14,1,en-AU,14,0,14,1.0,0,0,,1.0,1.0,1.0,0.0714,"OpenStreetMap named POI (ODbL 1.0, share-alike, attribution required)",yes
AU,places.area-library,19,1,en-AU,19,0,19,1.0,0,0,,1.0,1.0,1.0,0.3158,"OpenStreetMap named POI (ODbL 1.0, share-alike, attribution required)",yes
AU,places.area-mall,2,1,en-AU,2,0,2,1.0,0,0,,1.0,1.0,1.0,0.5,"OpenStreetMap named POI (ODbL 1.0, share-alike, attribution required)",yes
AU,places.area-market,4,1,en-AU,4,0,4,1.0,0,0,,1.0,1.0,1.0,0.5,"OpenStreetMap named POI (ODbL 1.0, share-alike, attribution required)",yes
AU,places.area-museum,21,1,en-AU,21,0,21,1.0,0,0,,1.0,1.0,1.0,0.3333,"OpenStreetMap named POI (ODbL 1.0, share-alike, attribution required)",yes
AU,places.area-nightclub,8,1,en-AU,8,0,8,1.0,0,0,,1.0,1.0,1.0,0.0,"OpenStreetMap named POI (ODbL 1.0, share-alike, attribution required)",yes
AU,places.area-opening,550,1,en-AU,550,0,550,1.0,0,0,,1.0,1.0,1.0,0.1,"OpenStreetMap named POI (ODbL 1.0, share-alike, attribution required)",yes
AU,places.area-park,2,1,en-AU,2,0,2,1.0,0,0,,1.0,1.0,1.0,0.5,"OpenStreetMap named POI (ODbL 1.0, share-alike, attribution required)",yes
AU,places.area-parking,13,1,en-AU,13,0,13,1.0,0,0,,1.0,1.0,1.0,0.3077,"OpenStreetMap named POI (ODbL 1.0, share-alike, attribution required)",yes
AU,places.area-pharmacy,211,1,en-AU,211,0,211,1.0,0,0,,1.0,1.0,1.0,0.4171,"OpenStreetMap named POI (ODbL 1.0, share-alike, attribution required)",yes
AU,places.area-pub,136,1,en-AU,136,0,136,1.0,0,0,,1.0,1.0,1.0,0.2279,"OpenStreetMap named POI (ODbL 1.0, share-alike, attribution required)",yes
AU,places.area-railway_station,18,1,en-AU,18,0,18,1.0,0,0,,1.0,1.0,1.0,0.3889,"OpenStreetMap named POI (ODbL 1.0, share-alike, attribution required)",yes
AU,places.area-restaurant,474,1,en-AU,474,0,474,1.0,0,0,,1.0,1.0,1.0,0.1582,"OpenStreetMap named POI (ODbL 1.0, share-alike, attribution required)",yes
AU,places.area-school,12,1,en-AU,12,0,12,1.0,0,0,,1.0,1.0,1.0,0.25,"OpenStreetMap named POI (ODbL 1.0, share-alike, attribution required)",yes
AU,places.area-sports_centre,27,1,en-AU,27,0,27,1.0,0,0,,1.0,1.0,1.0,0.4815,"OpenStreetMap named POI (ODbL 1.0, share-alike, attribution required)",yes
AU,places.area-supermarket,385,1,en-AU,385,0,385,1.0,0,0,,1.0,1.0,1.0,0.4364,"OpenStreetMap named POI (ODbL 1.0, share-alike, attribution required)",yes
AU,places.area-theatre,16,1,en-AU,16,0,16,1.0,0,0,,1.0,1.0,1.0,0.125,"OpenStreetMap named POI (ODbL 1.0, share-alike, attribution required)",yes
AU,places.area-university,4,1,en-AU,4,0,4,1.0,0,0,,1.0,1.0,1.0,0.25,"OpenStreetMap named POI (ODbL 1.0, share-alike, attribution required)",yes
AU,places.area-veterinary,22,1,en-AU,22,0,22,1.0,0,0,,1.0,1.0,1.0,0.7273,"OpenStreetMap named POI (ODbL 1.0, share-alike, attribution required)",yes
AU,places.area-viewpoint,2,1,en-AU,2,0,2,1.0,0,0,,1.0,1.0,1.0,0.0,"OpenStreetMap named POI (ODbL 1.0, share-alike, attribution required)",yes
AU,places.city-aquarium,1,1,en-AU,1,0,0,,0,0,,1.0,1.0,1.0,0.0,"OpenStreetMap named POI (ODbL 1.0, share-alike, attribution required)",yes
AU,places.city-arts_centre,7,1,en-AU,7,0,0,,0,0,,1.0,1.0,1.0,0.0,"OpenStreetMap named POI (ODbL 1.0, share-alike, attribution required)",yes
AU,places.city-attraction,11,1,en-AU,11,0,0,,0,0,,1.0,1.0,1.0,0.0,"OpenStreetMap named POI (ODbL 1.0, share-alike, attribution required)",yes
AU,places.city-attribute,214,1,en-AU,214,0,214,1.0,0,0,,1.0,1.0,1.0,0.0,"OpenStreetMap named POI (ODbL 1.0, share-alike, attribution required)",yes
AU,places.city-bar,12,1,en-AU,12,0,0,,0,0,,1.0,1.0,1.0,0.0,"OpenStreetMap named POI (ODbL 1.0, share-alike, attribution required)",yes
AU,places.city-cafe,73,1,en-AU,73,0,0,,0,0,,1.0,1.0,1.0,0.0,"OpenStreetMap named POI (ODbL 1.0, share-alike, attribution required)",yes
AU,places.city-category,242,1,en-AU,242,0,0,,0,0,,1.0,1.0,1.0,1.0,geonames-cities; places-data-verified,yes
AU,places.city-childcare,13,1,en-AU,13,0,0,,0,0,,1.0,1.0,1.0,0.0,"OpenStreetMap named POI (ODbL 1.0, share-alike, attribution required)",yes
AU,places.city-cinema,13,1,en-AU,13,0,0,,0,0,,1.0,1.0,1.0,0.0,"OpenStreetMap named POI (ODbL 1.0, share-alike, attribution required)",yes
AU,places.city-clinic,40,1,en-AU,40,0,0,,0,0,,1.0,1.0,1.0,0.0,"OpenStreetMap named POI (ODbL 1.0, share-alike, attribution required)",yes
AU,places.city-college,5,1,en-AU,5,0,0,,0,0,,1.0,1.0,1.0,0.0,"OpenStreetMap named POI (ODbL 1.0, share-alike, attribution required)",yes
AU,places.city-coworking,4,1,en-AU,4,0,0,,0,0,,1.0,1.0,1.0,0.0,"OpenStreetMap named POI (ODbL 1.0, share-alike, attribution required)",yes
AU,places.city-cuisine,416,1,en-AU,416,0,416,1.0,0,0,,1.0,1.0,1.0,0.0,"OpenStreetMap named POI (ODbL 1.0, share-alike, attribution required)",yes
AU,places.city-dentist,22,1,en-AU,22,0,0,,0,0,,1.0,1.0,1.0,0.0,"OpenStreetMap named POI (ODbL 1.0, share-alike, attribution required)",yes
AU,places.city-department_store,58,1,en-AU,58,0,0,,0,0,,1.0,1.0,1.0,0.0,"OpenStreetMap named POI (ODbL 1.0, share-alike, attribution required)",yes
AU,places.city-fast_food,75,1,en-AU,75,0,0,,0,0,,1.0,1.0,1.0,0.0,"OpenStreetMap named POI (ODbL 1.0, share-alike, attribution required)",yes
AU,places.city-gallery,10,1,en-AU,10,0,0,,0,0,,1.0,1.0,1.0,0.0,"OpenStreetMap named POI (ODbL 1.0, share-alike, attribution required)",yes
AU,places.city-garden,3,1,en-AU,3,0,0,,0,0,,1.0,1.0,1.0,0.0,"OpenStreetMap named POI (ODbL 1.0, share-alike, attribution required)",yes
AU,places.city-guest_house,5,1,en-AU,5,0,0,,0,0,,1.0,1.0,1.0,0.0,"OpenStreetMap named POI (ODbL 1.0, share-alike, attribution required)",yes
AU,places.city-gym,31,1,en-AU,31,0,0,,0,0,,1.0,1.0,1.0,0.0,"OpenStreetMap named POI (ODbL 1.0, share-alike, attribution required)",yes
AU,places.city-hospital,4,1,en-AU,4,0,0,,0,0,,1.0,1.0,1.0,0.0,"OpenStreetMap named POI (ODbL 1.0, share-alike, attribution required)",yes
AU,places.city-hostel,13,1,en-AU,13,0,0,,0,0,,1.0,1.0,1.0,0.0,"OpenStreetMap named POI (ODbL 1.0, share-alike, attribution required)",yes
AU,places.city-library,14,1,en-AU,14,0,0,,0,0,,1.0,1.0,1.0,0.0,"OpenStreetMap named POI (ODbL 1.0, share-alike, attribution required)",yes
AU,places.city-mall,2,1,en-AU,2,0,0,,0,0,,1.0,1.0,1.0,0.0,"OpenStreetMap named POI (ODbL 1.0, share-alike, attribution required)",yes
AU,places.city-marina,1,1,en-AU,1,0,0,,0,0,,1.0,1.0,1.0,0.0,"OpenStreetMap named POI (ODbL 1.0, share-alike, attribution required)",yes
AU,places.city-market,12,1,en-AU,12,0,0,,0,0,,1.0,1.0,1.0,0.0,"OpenStreetMap named POI (ODbL 1.0, share-alike, attribution required)",yes
AU,places.city-museum,12,1,en-AU,12,0,0,,0,0,,1.0,1.0,1.0,0.0,"OpenStreetMap named POI (ODbL 1.0, share-alike, attribution required)",yes
AU,places.city-nightclub,6,1,en-AU,6,0,0,,0,0,,1.0,1.0,1.0,0.0,"OpenStreetMap named POI (ODbL 1.0, share-alike, attribution required)",yes
AU,places.city-opening,146,1,en-AU,146,0,146,1.0,0,0,,1.0,1.0,1.0,0.0,"OpenStreetMap named POI (ODbL 1.0, share-alike, attribution required)",yes
AU,places.city-park,3,1,en-AU,3,0,0,,0,0,,1.0,1.0,1.0,0.0,"OpenStreetMap named POI (ODbL 1.0, share-alike, attribution required)",yes
AU,places.city-parking,5,1,en-AU,5,0,0,,0,0,,1.0,1.0,1.0,0.0,"OpenStreetMap named POI (ODbL 1.0, share-alike, attribution required)",yes
AU,places.city-pharmacy,32,1,en-AU,32,0,0,,0,0,,1.0,1.0,1.0,0.0,"OpenStreetMap named POI (ODbL 1.0, share-alike, attribution required)",yes
AU,places.city-pub,19,1,en-AU,19,0,0,,0,0,,1.0,1.0,1.0,0.0,"OpenStreetMap named POI (ODbL 1.0, share-alike, attribution required)",yes
AU,places.city-railway_station,3,1,en-AU,3,0,0,,0,0,,1.0,1.0,1.0,0.0,"OpenStreetMap named POI (ODbL 1.0, share-alike, attribution required)",yes
AU,places.city-restaurant,75,1,en-AU,75,0,0,,0,0,,1.0,1.0,1.0,0.0,"OpenStreetMap named POI (ODbL 1.0, share-alike, attribution required)",yes
AU,places.city-school,5,1,en-AU,5,0,0,,0,0,,1.0,1.0,1.0,0.0,"OpenStreetMap named POI (ODbL 1.0, share-alike, attribution required)",yes
AU,places.city-sport,23,1,en-AU,23,0,23,1.0,0,0,,1.0,1.0,1.0,0.0,"OpenStreetMap named POI (ODbL 1.0, share-alike, attribution required)",yes
AU,places.city-sports_centre,8,1,en-AU,8,0,0,,0,0,,1.0,1.0,1.0,0.0,"OpenStreetMap named POI (ODbL 1.0, share-alike, attribution required)",yes
AU,places.city-supermarket,36,1,en-AU,36,0,0,,0,0,,1.0,1.0,1.0,0.0,"OpenStreetMap named POI (ODbL 1.0, share-alike, attribution required)",yes
AU,places.city-swimming_pool,1,1,en-AU,1,0,0,,0,0,,1.0,1.0,1.0,0.0,"OpenStreetMap named POI (ODbL 1.0, share-alike, attribution required)",yes
AU,places.city-theatre,7,1,en-AU,7,0,0,,0,0,,1.0,1.0,1.0,0.0,"OpenStreetMap named POI (ODbL 1.0, share-alike, attribution required)",yes
AU,places.city-university,4,1,en-AU,4,0,0,,0,0,,1.0,1.0,1.0,0.0,"OpenStreetMap named POI (ODbL 1.0, share-alike, attribution required)",yes
AU,places.city-veterinary,11,1,en-AU,11,0,0,,0,0,,1.0,1.0,1.0,0.0,"OpenStreetMap named POI (ODbL 1.0, share-alike, attribution required)",yes
AU,places.city-viewpoint,2,1,en-AU,2,0,0,,0,0,,1.0,1.0,1.0,0.0,"OpenStreetMap named POI (ODbL 1.0, share-alike, attribution required)",yes
AU,poi.attraction-notable,2,1,en-AU,2,0,2,1.0,0,0,,1.0,1.0,1.0,0.0,"OpenStreetMap named POI (ODbL 1.0, share-alike, attribution required)",yes
AU,poi.gallery-notable,2,1,en-AU,2,0,2,1.0,0,0,,1.0,1.0,1.0,0.0,"OpenStreetMap named POI (ODbL 1.0, share-alike, attribution required)",yes
AU,poi.museum-notable,19,1,en-AU,19,0,19,1.0,0,0,,1.0,1.0,1.0,0.0,"OpenStreetMap named POI (ODbL 1.0, share-alike, attribution required)",yes
AU,relocation.country,1,1,en-US,0,1,0,,0,0,0.0,1.0,1.0,1.0,0.0,visa-rules-verified; cost-of-living-verified,yes
AU,stay.city-type,26,1,ja-JP,0,26,0,,0,26,1.0,1.0,1.0,1.0,1.0,geonames-cities; stay-inventory-verified,yes
AU,taxes.country-remote-work,1,1,en-US,0,1,0,,0,0,0.0,1.0,1.0,1.0,0.0,tax-rules-verified; visa-rules-verified,yes
AU,visas.country-work-permit,1,1,en-GB,0,1,0,,0,0,0.0,1.0,1.0,1.0,0.0,visa-rules-verified; work-rules-verified,yes
AU,weather.city-month,26,1,ja-JP,0,26,0,,0,26,1.0,1.0,1.0,1.0,0.0,geonames-cities; nasa-power-daily,yes
BE,activities.city-things-to-do,8,4,de-DE es-ES fr-FR it-IT,0,8,0,,0,8,1.0,1.0,1.0,1.0,0.0,geonames-cities; attractions-verified,yes
BE,stay.city-type,5,1,de-DE,0,5,0,,0,5,1.0,1.0,1.0,1.0,1.0,geonames-cities; stay-inventory-verified,yes
BG,activities.city-things-to-do,1,1,it-IT,0,1,0,,0,1,1.0,1.0,1.0,1.0,0.0,geonames-cities; attractions-verified,yes
BR,activities.city-things-to-do,160,2,es-ES pt-BR,159,1,0,,0,1,1.0,1.0,1.0,1.0,0.0,geonames-cities; attractions-verified,yes
BR,areas.city-index,23,1,pt-BR,23,0,0,,0,0,,1.0,1.0,1.0,0.0,"OpenStreetMap named POI (ODbL 1.0, share-alike, attribution required)",yes
BR,areas.overview,168,1,pt-BR,168,0,168,1.0,0,0,,1.0,1.0,1.0,0.0,"OpenStreetMap named POI (ODbL 1.0, share-alike, attribution required)",yes
BR,comparisons.city-vs-city,24,1,pt-BR,24,0,0,,0,0,,1.0,1.0,1.0,1.0,geonames-cities; cost-of-living-verified,yes
BR,comparisons.city-vs-home,194,1,pt-BR,194,0,0,,0,0,,1.0,1.0,1.0,0.0,geonames-cities; cost-of-living-city-verified,yes
BR,cost-of-living.city,699,1,pt-BR,699,0,0,,0,0,,1.0,1.0,1.0,1.0,geonames-cities; cost-of-living-city-verified,yes
BR,cost-of-living.city-vs-market,194,1,pt-BR,194,0,0,,0,0,,1.0,1.0,1.0,0.0,geonames-cities; cost-of-living-city-verified,yes
BR,destinations.country-hub,1,1,pt-BR,1,0,0,,0,0,,1.0,1.0,1.0,0.0,geonames-cities; ourairports,yes
BR,destinations.region-cities,36,1,pt-BR,36,0,36,1.0,0,0,,1.0,1.0,1.0,0.0,"OpenStreetMap named POI (ODbL 1.0, share-alike, attribution required)",yes
BR,destinations.region-what-to-see,52,1,pt-BR,52,0,52,1.0,0,0,,1.0,1.0,1.0,0.0,"OpenStreetMap named POI (ODbL 1.0, share-alike, attribution required)",yes
BR,education.city-schools,39,1,pt-BR,39,0,0,,0,0,,1.0,1.0,1.0,0.0,geonames-cities; school-data-verified,yes
BR,education.city-universities,172,1,pt-BR,172,0,0,,0,0,,1.0,1.0,1.0,0.0,geonames-cities; school-data-verified,yes
BR,events.city-calendar,159,1,pt-BR,159,0,0,,0,0,,1.0,1.0,1.0,0.0,geonames-cities; events-verified,yes
BR,events.city-type,159,1,pt-BR,159,0,0,,0,0,,1.0,1.0,1.0,1.0,geonames-cities; events-verified,yes
BR,events.city-window,172,1,pt-BR,172,0,0,,0,0,,1.0,1.0,1.0,1.0,geonames-cities; events-verified,yes
BR,health.city,677,1,pt-BR,677,0,0,,0,0,,1.0,1.0,1.0,0.0,geonames-cities; health-rules-verified,yes
BR,neighbourhoods.city-where-to-stay,1,1,pt-BR,1,0,0,,0,0,,1.0,1.0,1.0,0.0,geonames-cities; neighbourhood-facts-verified,yes
BR,neighbourhoods.guide,100,1,pt-BR,100,0,0,,0,0,,1.0,1.0,1.0,0.0,geonames-cities; neighbourhood-facts-verified,yes
BR,outdoors.archaeological_site,8,1,pt-BR,8,0,0,,0,0,,1.0,1.0,1.0,0.0,"OpenStreetMap named POI (ODbL 1.0, share-alike, attribution required)",yes
BR,outdoors.beach,11,1,pt-BR,11,0,2,1.0,0,0,,1.0,1.0,1.0,0.0,"OpenStreetMap named POI (ODbL 1.0, share-alike, attribution required)",yes
BR,outdoors.beach-in-region,19,1,pt-BR,19,0,0,,0,0,,1.0,1.0,1.0,0.0,"OpenStreetMap named POI (ODbL 1.0, share-alike, attribution required)",yes
BR,outdoors.bicycle-trail,252,1,pt-BR,252,0,0,,0,0,,1.0,1.0,1.0,0.0,"OpenStreetMap named POI (ODbL 1.0, share-alike, attribution required)",yes
BR,outdoors.camp_site,1,1,pt-BR,1,0,0,,0,0,,1.0,1.0,1.0,0.0,"OpenStreetMap named POI (ODbL 1.0, share-alike, attribution required)",yes
BR,outdoors.castle,10,1,pt-BR,10,0,0,,0,0,,1.0,1.0,1.0,0.0,"OpenStreetMap named POI (ODbL 1.0, share-alike, attribution required)",yes
BR,outdoors.cave,2,1,pt-BR,2,0,0,,0,0,,1.0,1.0,1.0,0.0,"OpenStreetMap named POI (ODbL 1.0, share-alike, attribution required)",yes
BR,outdoors.city_gate,1,1,pt-BR,1,0,0,,0,0,,1.0,1.0,1.0,0.0,"OpenStreetMap named POI (ODbL 1.0, share-alike, attribution required)",yes
BR,outdoors.foot-trail,6,1,pt-BR,6,0,0,,0,0,,1.0,1.0,1.0,0.0,"OpenStreetMap named POI (ODbL 1.0, share-alike, attribution required)",yes
BR,outdoors.fort,6,1,pt-BR,6,0,0,,0,0,,1.0,1.0,1.0,0.0,"OpenStreetMap named POI (ODbL 1.0, share-alike, attribution required)",yes
BR,outdoors.hiking-trail,29,1,pt-BR,29,0,0,,0,0,,1.0,1.0,1.0,0.0,"OpenStreetMap named POI (ODbL 1.0, share-alike, attribution required)",yes
BR,outdoors.lighthouse,7,1,pt-BR,7,0,0,,0,0,,1.0,1.0,1.0,0.0,"OpenStreetMap named POI (ODbL 1.0, share-alike, attribution required)",yes
BR,outdoors.monument,40,1,pt-BR,40,0,0,,0,0,,1.0,1.0,1.0,0.0,"OpenStreetMap named POI (ODbL 1.0, share-alike, attribution required)",yes
BR,outdoors.mtb-trail,10,1,pt-BR,10,0,0,,0,0,,1.0,1.0,1.0,0.0,"OpenStreetMap named POI (ODbL 1.0, share-alike, attribution required)",yes
BR,outdoors.observatory,5,1,pt-BR,5,0,0,,0,0,,1.0,1.0,1.0,0.0,"OpenStreetMap named POI (ODbL 1.0, share-alike, attribution required)",yes
BR,outdoors.peak,528,1,pt-BR,528,0,0,,0,0,,1.0,1.0,1.0,0.0,"OpenStreetMap named POI (ODbL 1.0, share-alike, attribution required)",yes
BR,outdoors.ruins,7,1,pt-BR,7,0,0,,0,0,,1.0,1.0,1.0,0.0,"OpenStreetMap named POI (ODbL 1.0, share-alike, attribution required)",yes
BR,outdoors.tower,3,1,pt-BR,3,0,0,,0,0,,1.0,1.0,1.0,0.0,"OpenStreetMap named POI (ODbL 1.0, share-alike, attribution required)",yes
BR,outdoors.viewpoint,5,1,pt-BR,5,0,0,,0,0,,1.0,1.0,1.0,0.0,"OpenStreetMap named POI (ODbL 1.0, share-alike, attribution required)",yes
BR,outdoors.volcano,2,1,pt-BR,2,0,0,,0,0,,1.0,1.0,1.0,0.0,"OpenStreetMap named POI (ODbL 1.0, share-alike, attribution required)",yes
BR,outdoors.waterfall,6,1,pt-BR,6,0,0,,0,0,,1.0,1.0,1.0,0.0,"OpenStreetMap named POI (ODbL 1.0, share-alike, attribution required)",yes
BR,outdoors.wilderness_hut,1,1,pt-BR,1,0,0,,0,0,,1.0,1.0,1.0,0.0,"OpenStreetMap named POI (ODbL 1.0, share-alike, attribution required)",yes
BR,outdoors.windmill,1,1,pt-BR,1,0,0,,0,0,,1.0,1.0,1.0,0.0,"OpenStreetMap named POI (ODbL 1.0, share-alike, attribution required)",yes
BR,places.area-arts_centre,23,1,pt-BR,23,0,23,1.0,0,0,,1.0,1.0,1.0,0.913,"OpenStreetMap named POI (ODbL 1.0, share-alike, attribution required)",yes
BR,places.area-attraction,8,1,pt-BR,8,0,8,1.0,0,0,,1.0,1.0,1.0,0.375,"OpenStreetMap named POI (ODbL 1.0, share-alike, attribution required)",yes
BR,places.area-attribute,161,1,pt-BR,161,0,161,1.0,0,0,,1.0,1.0,1.0,0.5652,"OpenStreetMap named POI (ODbL 1.0, share-alike, attribution required)",yes
BR,places.area-bar,125,1,pt-BR,125,0,125,1.0,0,0,,1.0,1.0,1.0,0.64,"OpenStreetMap named POI (ODbL 1.0, share-alike, attribution required)",yes
BR,places.area-cafe,115,1,pt-BR,115,0,115,1.0,0,0,,1.0,1.0,1.0,0.5652,"OpenStreetMap named POI (ODbL 1.0, share-alike, attribution required)",yes
BR,places.area-camp_site,2,1,pt-BR,2,0,2,1.0,0,0,,1.0,1.0,1.0,1.0,"OpenStreetMap named POI (ODbL 1.0, share-alike, attribution required)",yes
BR,places.area-childcare,61,1,pt-BR,61,0,61,1.0,0,0,,1.0,1.0,1.0,0.9016,"OpenStreetMap named POI (ODbL 1.0, share-alike, attribution required)",yes
BR,places.area-cinema,12,1,pt-BR,12,0,12,1.0,0,0,,1.0,1.0,1.0,0.8333,"OpenStreetMap named POI (ODbL 1.0, share-alike, attribution required)",yes
BR,places.area-clinic,327,1,pt-BR,327,0,327,1.0,0,0,,1.0,1.0,1.0,0.581,"OpenStreetMap named POI (ODbL 1.0, share-alike, attribution required)",yes
BR,places.area-college,23,1,pt-BR,23,0,23,1.0,0,0,,1.0,1.0,1.0,0.8261,"OpenStreetMap named POI (ODbL 1.0, share-alike, attribution required)",yes
BR,places.area-coworking,8,1,pt-BR,8,0,8,1.0,0,0,,1.0,1.0,1.0,0.875,"OpenStreetMap named POI (ODbL 1.0, share-alike, attribution required)",yes
BR,places.area-cuisine,582,1,pt-BR,582,0,582,1.0,0,0,,1.0,1.0,1.0,0.768,"OpenStreetMap named POI (ODbL 1.0, share-alike, attribution required)",yes
BR,places.area-dentist,91,1,pt-BR,91,0,91,1.0,0,0,,1.0,1.0,1.0,0.6374,"OpenStreetMap named POI (ODbL 1.0, share-alike, attribution required)",yes
BR,places.area-department_store,25,1,pt-BR,25,0,25,1.0,0,0,,1.0,1.0,1.0,0.76,"OpenStreetMap named POI (ODbL 1.0, share-alike, attribution required)",yes
BR,places.area-fast_food,387,1,pt-BR,387,0,387,1.0,0,0,,1.0,1.0,1.0,0.4935,"OpenStreetMap named POI (ODbL 1.0, share-alike, attribution required)",yes
BR,places.area-gallery,3,1,pt-BR,3,0,3,1.0,0,0,,1.0,1.0,1.0,0.6667,"OpenStreetMap named POI (ODbL 1.0, share-alike, attribution required)",yes
BR,places.area-guest_house,22,1,pt-BR,22,0,22,1.0,0,0,,1.0,1.0,1.0,0.4545,"OpenStreetMap named POI (ODbL 1.0, share-alike, attribution required)",yes
BR,places.area-gym,170,1,pt-BR,170,0,170,1.0,0,0,,1.0,1.0,1.0,0.7176,"OpenStreetMap named POI (ODbL 1.0, share-alike, attribution required)",yes
BR,places.area-hospital,36,1,pt-BR,36,0,36,1.0,0,0,,1.0,1.0,1.0,0.75,"OpenStreetMap named POI (ODbL 1.0, share-alike, attribution required)",yes
BR,places.area-hostel,43,1,pt-BR,43,0,43,1.0,0,0,,1.0,1.0,1.0,0.7209,"OpenStreetMap named POI (ODbL 1.0, share-alike, attribution required)",yes
BR,places.area-library,19,1,pt-BR,19,0,19,1.0,0,0,,1.0,1.0,1.0,0.7895,"OpenStreetMap named POI (ODbL 1.0, share-alike, attribution required)",yes
BR,places.area-mall,6,1,pt-BR,6,0,6,1.0,0,0,,1.0,1.0,1.0,0.6667,"OpenStreetMap named POI (ODbL 1.0, share-alike, attribution required)",yes
BR,places.area-market,28,1,pt-BR,28,0,28,1.0,0,0,,1.0,1.0,1.0,0.75,"OpenStreetMap named POI (ODbL 1.0, share-alike, attribution required)",yes
BR,places.area-museum,28,1,pt-BR,28,0,28,1.0,0,0,,1.0,1.0,1.0,0.8214,"OpenStreetMap named POI (ODbL 1.0, share-alike, attribution required)",yes
BR,places.area-nightclub,9,1,pt-BR,9,0,9,1.0,0,0,,1.0,1.0,1.0,0.6667,"OpenStreetMap named POI (ODbL 1.0, share-alike, attribution required)",yes
BR,places.area-opening,129,1,pt-BR,129,0,129,1.0,0,0,,1.0,1.0,1.0,0.6434,"OpenStreetMap named POI (ODbL 1.0, share-alike, attribution required)",yes
BR,places.area-park,2,1,pt-BR,2,0,2,1.0,0,0,,1.0,1.0,1.0,1.0,"OpenStreetMap named POI (ODbL 1.0, share-alike, attribution required)",yes
BR,places.area-parking,17,1,pt-BR,17,0,17,1.0,0,0,,1.0,1.0,1.0,0.7059,"OpenStreetMap named POI (ODbL 1.0, share-alike, attribution required)",yes
BR,places.area-pharmacy,414,1,pt-BR,414,0,414,1.0,0,0,,1.0,1.0,1.0,0.5797,"OpenStreetMap named POI (ODbL 1.0, share-alike, attribution required)",yes
BR,places.area-pub,134,1,pt-BR,134,0,134,1.0,0,0,,1.0,1.0,1.0,0.4925,"OpenStreetMap named POI (ODbL 1.0, share-alike, attribution required)",yes
BR,places.area-railway_station,14,1,pt-BR,14,0,14,1.0,0,0,,1.0,1.0,1.0,0.6429,"OpenStreetMap named POI (ODbL 1.0, share-alike, attribution required)",yes
BR,places.area-restaurant,664,1,pt-BR,664,0,664,1.0,0,0,,1.0,1.0,1.0,0.2937,"OpenStreetMap named POI (ODbL 1.0, share-alike, attribution required)",yes
BR,places.area-school,435,1,pt-BR,435,0,435,1.0,0,0,,1.0,1.0,1.0,0.4851,"OpenStreetMap named POI (ODbL 1.0, share-alike, attribution required)",yes
BR,places.area-sports_centre,33,1,pt-BR,33,0,33,1.0,0,0,,1.0,1.0,1.0,0.7879,"OpenStreetMap named POI (ODbL 1.0, share-alike, attribution required)",yes
BR,places.area-supermarket,299,1,pt-BR,299,0,299,1.0,0,0,,1.0,1.0,1.0,0.699,"OpenStreetMap named POI (ODbL 1.0, share-alike, attribution required)",yes
BR,places.area-theatre,29,1,pt-BR,29,0,29,1.0,0,0,,1.0,1.0,1.0,0.8966,"OpenStreetMap named POI (ODbL 1.0, share-alike, attribution required)",yes
BR,places.area-university,23,1,pt-BR,23,0,23,1.0,0,0,,1.0,1.0,1.0,0.6522,"OpenStreetMap named POI (ODbL 1.0, share-alike, attribution required)",yes
BR,places.area-veterinary,45,1,pt-BR,45,0,45,1.0,0,0,,1.0,1.0,1.0,0.7111,"OpenStreetMap named POI (ODbL 1.0, share-alike, attribution required)",yes
BR,places.city-arts_centre,23,1,pt-BR,23,0,0,,0,0,,1.0,1.0,1.0,0.0,"OpenStreetMap named POI (ODbL 1.0, share-alike, attribution required)",yes
BR,places.city-attraction,20,1,pt-BR,20,0,0,,0,0,,1.0,1.0,1.0,0.0,"OpenStreetMap named POI (ODbL 1.0, share-alike, attribution required)",yes
BR,places.city-attribute,284,1,pt-BR,284,0,284,1.0,0,0,,1.0,1.0,1.0,0.0,"OpenStreetMap named POI (ODbL 1.0, share-alike, attribution required)",yes
BR,places.city-bar,48,1,pt-BR,48,0,0,,0,0,,1.0,1.0,1.0,0.0,"OpenStreetMap named POI (ODbL 1.0, share-alike, attribution required)",yes
BR,places.city-cafe,46,1,pt-BR,46,0,0,,0,0,,1.0,1.0,1.0,0.0,"OpenStreetMap named POI (ODbL 1.0, share-alike, attribution required)",yes
BR,places.city-camp_site,6,1,pt-BR,6,0,0,,0,0,,1.0,1.0,1.0,0.0,"OpenStreetMap named POI (ODbL 1.0, share-alike, attribution required)",yes
BR,places.city-category,159,1,pt-BR,159,0,0,,0,0,,1.0,1.0,1.0,1.0,geonames-cities; places-data-verified,yes
BR,places.city-childcare,96,1,pt-BR,96,0,0,,0,0,,1.0,1.0,1.0,0.0,"OpenStreetMap named POI (ODbL 1.0, share-alike, attribution required)",yes
BR,places.city-cinema,12,1,pt-BR,12,0,0,,0,0,,1.0,1.0,1.0,0.0,"OpenStreetMap named POI (ODbL 1.0, share-alike, attribution required)",yes
BR,places.city-clinic,145,1,pt-BR,145,0,0,,0,0,,1.0,1.0,1.0,0.0,"OpenStreetMap named POI (ODbL 1.0, share-alike, attribution required)",yes
BR,places.city-college,42,1,pt-BR,42,0,0,,0,0,,1.0,1.0,1.0,0.0,"OpenStreetMap named POI (ODbL 1.0, share-alike, attribution required)",yes
BR,places.city-coworking,7,1,pt-BR,7,0,0,,0,0,,1.0,1.0,1.0,0.0,"OpenStreetMap named POI (ODbL 1.0, share-alike, attribution required)",yes
BR,places.city-cuisine,474,1,pt-BR,474,0,474,1.0,0,0,,1.0,1.0,1.0,0.0,"OpenStreetMap named POI (ODbL 1.0, share-alike, attribution required)",yes
BR,places.city-dentist,46,1,pt-BR,46,0,0,,0,0,,1.0,1.0,1.0,0.0,"OpenStreetMap named POI (ODbL 1.0, share-alike, attribution required)",yes
BR,places.city-department_store,29,1,pt-BR,29,0,0,,0,0,,1.0,1.0,1.0,0.0,"OpenStreetMap named POI (ODbL 1.0, share-alike, attribution required)",yes
BR,places.city-fast_food,140,1,pt-BR,140,0,0,,0,0,,1.0,1.0,1.0,0.0,"OpenStreetMap named POI (ODbL 1.0, share-alike, attribution required)",yes
BR,places.city-gallery,5,1,pt-BR,5,0,0,,0,0,,1.0,1.0,1.0,0.0,"OpenStreetMap named POI (ODbL 1.0, share-alike, attribution required)",yes
BR,places.city-guest_house,32,1,pt-BR,32,0,0,,0,0,,1.0,1.0,1.0,0.0,"OpenStreetMap named POI (ODbL 1.0, share-alike, attribution required)",yes
BR,places.city-gym,74,1,pt-BR,74,0,0,,0,0,,1.0,1.0,1.0,0.0,"OpenStreetMap named POI (ODbL 1.0, share-alike, attribution required)",yes
BR,places.city-hospital,47,1,pt-BR,47,0,0,,0,0,,1.0,1.0,1.0,0.0,"OpenStreetMap named POI (ODbL 1.0, share-alike, attribution required)",yes
BR,places.city-hostel,32,1,pt-BR,32,0,0,,0,0,,1.0,1.0,1.0,0.0,"OpenStreetMap named POI (ODbL 1.0, share-alike, attribution required)",yes
BR,places.city-library,18,1,pt-BR,18,0,0,,0,0,,1.0,1.0,1.0,0.0,"OpenStreetMap named POI (ODbL 1.0, share-alike, attribution required)",yes
BR,places.city-mall,10,1,pt-BR,10,0,0,,0,0,,1.0,1.0,1.0,0.0,"OpenStreetMap named POI (ODbL 1.0, share-alike, attribution required)",yes
BR,places.city-marina,1,1,pt-BR,1,0,0,,0,0,,1.0,1.0,1.0,0.0,"OpenStreetMap named POI (ODbL 1.0, share-alike, attribution required)",yes
BR,places.city-market,41,1,pt-BR,41,0,0,,0,0,,1.0,1.0,1.0,0.0,"OpenStreetMap named POI (ODbL 1.0, share-alike, attribution required)",yes
BR,places.city-movie_theater,102,1,pt-BR,102,0,0,,0,0,,1.0,1.0,1.0,0.0,"Wikidata (CC0 1.0, public domain dedication, no share-alike)",yes
BR,places.city-museum,28,1,pt-BR,28,0,0,,0,0,,1.0,1.0,1.0,0.0,"OpenStreetMap named POI (ODbL 1.0, share-alike, attribution required)",yes
BR,places.city-nature_reserve,1,1,pt-BR,1,0,0,,0,0,,1.0,1.0,1.0,0.0,"OpenStreetMap named POI (ODbL 1.0, share-alike, attribution required)",yes
BR,places.city-nightclub,11,1,pt-BR,11,0,0,,0,0,,1.0,1.0,1.0,0.0,"OpenStreetMap named POI (ODbL 1.0, share-alike, attribution required)",yes
BR,places.city-opening,267,1,pt-BR,267,0,267,1.0,0,0,,1.0,1.0,1.0,0.0,"OpenStreetMap named POI (ODbL 1.0, share-alike, attribution required)",yes
BR,places.city-park,6,1,pt-BR,6,0,0,,0,0,,1.0,1.0,1.0,0.0,"OpenStreetMap named POI (ODbL 1.0, share-alike, attribution required)",yes
BR,places.city-parking,13,1,pt-BR,13,0,0,,0,0,,1.0,1.0,1.0,0.0,"OpenStreetMap named POI (ODbL 1.0, share-alike, attribution required)",yes
BR,places.city-pharmacy,158,1,pt-BR,158,0,0,,0,0,,1.0,1.0,1.0,0.0,"OpenStreetMap named POI (ODbL 1.0, share-alike, attribution required)",yes
BR,places.city-pub,50,1,pt-BR,50,0,0,,0,0,,1.0,1.0,1.0,0.0,"OpenStreetMap named POI (ODbL 1.0, share-alike, attribution required)",yes
BR,places.city-railway_station,10,1,pt-BR,10,0,0,,0,0,,1.0,1.0,1.0,0.0,"OpenStreetMap named POI (ODbL 1.0, share-alike, attribution required)",yes
BR,places.city-restaurant,205,1,pt-BR,205,0,0,,0,0,,1.0,1.0,1.0,0.0,"OpenStreetMap named POI (ODbL 1.0, share-alike, attribution required)",yes
BR,places.city-school,383,1,pt-BR,383,0,0,,0,0,,1.0,1.0,1.0,0.0,"OpenStreetMap named POI (ODbL 1.0, share-alike, attribution required)",yes
BR,places.city-shopping_mall,25,1,pt-BR,25,0,0,,0,0,,1.0,1.0,1.0,0.0,"Wikidata (CC0 1.0, public domain dedication, no share-alike)",yes
BR,places.city-sport,16,1,pt-BR,16,0,16,1.0,0,0,,1.0,1.0,1.0,0.0,"OpenStreetMap named POI (ODbL 1.0, share-alike, attribution required)",yes
BR,places.city-sports_centre,26,1,pt-BR,26,0,0,,0,0,,1.0,1.0,1.0,0.0,"OpenStreetMap named POI (ODbL 1.0, share-alike, attribution required)",yes
BR,places.city-stadium,9,1,pt-BR,9,0,0,,0,0,,1.0,1.0,1.0,0.0,"Wikidata (CC0 1.0, public domain dedication, no share-alike)",yes
BR,places.city-supermarket,145,1,pt-BR,145,0,0,,0,0,,1.0,1.0,1.0,0.0,"OpenStreetMap named POI (ODbL 1.0, share-alike, attribution required)",yes
BR,places.city-theatre,13,1,pt-BR,13,0,0,,0,0,,1.0,1.0,1.0,0.0,"OpenStreetMap named POI (ODbL 1.0, share-alike, attribution required)",yes
BR,places.city-theme_park,1,1,pt-BR,1,0,0,,0,0,,1.0,1.0,1.0,0.0,"OpenStreetMap named POI (ODbL 1.0, share-alike, attribution required)",yes
BR,places.city-university,54,1,pt-BR,54,0,0,,0,0,,1.0,1.0,1.0,0.0,"OpenStreetMap named POI (ODbL 1.0, share-alike, attribution required)",yes
BR,places.city-veterinary,38,1,pt-BR,38,0,0,,0,0,,1.0,1.0,1.0,0.0,"OpenStreetMap named POI (ODbL 1.0, share-alike, attribution required)",yes
BR,places.city-water_park,1,1,pt-BR,1,0,0,,0,0,,1.0,1.0,1.0,0.0,"OpenStreetMap named POI (ODbL 1.0, share-alike, attribution required)",yes
BR,places.neighbourhood-category,100,1,pt-BR,100,0,0,,0,0,,1.0,1.0,1.0,0.0,neighbourhood-facts-verified; places-data-verified,yes
BR,poi.amusement_park-notable,2,1,pt-BR,2,0,2,1.0,0,0,,1.0,1.0,1.0,0.0,"Wikidata (CC0 1.0, public domain dedication, no share-alike)",yes
BR,poi.archaeological_site-notable,1,1,pt-BR,1,0,1,1.0,0,0,,1.0,1.0,1.0,0.0,"Wikidata (CC0 1.0, public domain dedication, no share-alike)",yes
BR,poi.art_museum-notable,22,1,pt-BR,22,0,22,1.0,0,0,,1.0,1.0,1.0,0.0,"Wikidata (CC0 1.0, public domain dedication, no share-alike)",yes
BR,poi.attraction-notable,2,1,pt-BR,2,0,2,1.0,0,0,,1.0,1.0,1.0,0.0,"OpenStreetMap named POI (ODbL 1.0, share-alike, attribution required)",yes
BR,poi.botanical_garden-notable,4,1,pt-BR,4,0,4,1.0,0,0,,1.0,1.0,1.0,0.0,"Wikidata (CC0 1.0, public domain dedication, no share-alike)",yes
BR,poi.monument-notable,1,1,pt-BR,1,0,1,1.0,0,0,,1.0,1.0,1.0,0.0,"Wikidata (CC0 1.0, public domain dedication, no share-alike)",yes
BR,poi.museum-notable,397,1,pt-BR,397,0,397,1.0,0,0,,1.0,1.0,1.0,0.0,"Wikidata (CC0 1.0, public domain dedication, no share-alike)",yes
BR,poi.national_park-notable,1,1,pt-BR,1,0,1,1.0,0,0,,1.0,1.0,1.0,0.0,"Wikidata (CC0 1.0, public domain dedication, no share-alike)",yes
BR,poi.park-notable,7,1,pt-BR,7,0,7,1.0,0,0,,1.0,1.0,1.0,0.0,"Wikidata (CC0 1.0, public domain dedication, no share-alike)",yes
BR,poi.public_square-notable,3,1,pt-BR,3,0,3,1.0,0,0,,1.0,1.0,1.0,0.0,"Wikidata (CC0 1.0, public domain dedication, no share-alike)",yes
BR,poi.stadium-notable,1,1,pt-BR,1,0,1,1.0,0,0,,1.0,1.0,1.0,0.0,"OpenStreetMap named POI (ODbL 1.0, share-alike, attribution required)",yes
BR,poi.theatre-notable,32,1,pt-BR,32,0,32,1.0,0,0,,1.0,1.0,1.0,0.0,"Wikidata (CC0 1.0, public domain dedication, no share-alike)",yes
BR,property.city-buy,677,1,pt-BR,677,0,0,,0,0,,1.0,1.0,1.0,0.0,geonames-cities; property-price-verified,yes
BR,relocation.city,699,1,pt-BR,699,0,0,,0,0,,1.0,1.0,1.0,0.0,geonames-cities; cost-of-living-city-verified; visa-rules-verified,yes
BR,relocation.country,1,1,pt-BR,1,0,0,,0,0,,1.0,1.0,1.0,0.0,visa-rules-verified; cost-of-living-verified,yes
BR,rents.city,677,1,pt-BR,677,0,0,,0,0,,1.0,1.0,1.0,1.0,geonames-cities; rent-index-verified,yes
BR,rents.neighbourhood,100,1,pt-BR,100,0,0,,0,0,,1.0,1.0,1.0,0.0,geonames-cities; rent-index-verified,yes
BR,safety.city,172,1,pt-BR,172,0,0,,0,0,,1.0,1.0,1.0,0.0,geonames-cities; safety-data-verified,yes
BR,services.city-practical,677,1,pt-BR,677,0,0,,0,0,,1.0,1.0,1.0,1.0,geonames-cities; places-data-verified,yes
BR,sport.city-activity,172,1,pt-BR,172,0,0,,0,0,,1.0,1.0,1.0,1.0,geonames-cities; sport-routes-verified,yes
BR,stay.city-type,159,1,pt-BR,159,0,0,,0,0,,1.0,1.0,1.0,1.0,geonames-cities; stay-inventory-verified,yes
BR,stay.near-venue,241,1,pt-BR,241,0,0,,0,0,,1.0,1.0,1.0,0.0,venue-data-verified; stay-inventory-verified,yes
BR,taxes.country-remote-work,1,1,pt-BR,1,0,0,,0,0,,1.0,1.0,1.0,0.0,tax-rules-verified; visa-rules-verified,yes
BR,transport.city-getting-around,677,1,pt-BR,677,0,0,,0,0,,1.0,1.0,1.0,0.0,geonames-cities; transit-fares-verified,yes
BR,transport.route-from-market,172,1,pt-BR,172,0,0,,0,0,,1.0,1.0,1.0,0.0,ourairports; geonames-cities; computed-distance,yes
BR,weather.city-month,677,1,pt-BR,677,0,0,,0,0,,1.0,1.0,1.0,0.0,geonames-cities; nasa-power-daily,yes
BR,work.city-jobs-category,194,1,pt-BR,194,0,0,,0,0,,1.0,1.0,1.0,0.0,geonames-cities; salary-data-verified; work-rules-verified,yes
BR,work.city-salaries,677,1,pt-BR,677,0,0,,0,0,,1.0,1.0,1.0,1.0,geonames-cities; salary-data-verified,yes
BY,activities.city-things-to-do,1,1,fr-FR,0,1,0,,0,1,1.0,1.0,1.0,1.0,0.0,geonames-cities; attractions-verified,yes
CA,activities.city-things-to-do,65,1,en-US,0,65,0,,0,65,1.0,1.0,1.0,1.0,0.0,geonames-cities; attractions-verified,yes
CA,stay.city-type,22,2,en-GB en-US,0,22,0,,0,22,1.0,1.0,1.0,1.0,1.0,geonames-cities; stay-inventory-verified,yes
CA,transport.route-from-market,20,1,en-GB,0,20,0,,0,20,1.0,1.0,1.0,1.0,0.0,ourairports; geonames-cities; computed-distance,yes
CA,weather.city-month,65,1,en-US,0,65,0,,0,65,1.0,1.0,1.0,1.0,0.0,geonames-cities; nasa-power-daily,yes
CH,activities.city-things-to-do,31,4,de-DE en-US fr-FR ja-JP,0,31,0,,0,31,1.0,1.0,1.0,1.0,0.0,geonames-cities; attractions-verified,yes
CH,stay.city-type,135,3,de-DE en-GB ja-JP,0,135,0,,0,135,1.0,1.0,1.0,1.0,1.0,geonames-cities; stay-inventory-verified,yes
CH,transport.route-from-market,3,1,en-GB,0,3,0,,0,3,1.0,1.0,1.0,1.0,0.0,ourairports; geonames-cities; computed-distance,yes
CH,weather.city-month,30,3,de-DE en-US ja-JP,0,30,0,,0,30,1.0,1.0,1.0,1.0,0.0,geonames-cities; nasa-power-daily,yes
CL,activities.city-things-to-do,1,1,pt-BR,0,1,0,,0,1,1.0,1.0,1.0,1.0,0.0,geonames-cities; attractions-verified,yes
CO,activities.city-things-to-do,50,2,en-US es-ES,0,50,0,,0,50,1.0,1.0,1.0,1.0,0.0,geonames-cities; attractions-verified,yes
CO,stay.city-type,23,1,en-GB,0,23,0,,0,23,1.0,1.0,1.0,1.0,1.0,geonames-cities; stay-inventory-verified,yes
CO,transport.route-from-market,24,1,en-GB,0,24,0,,0,24,1.0,1.0,1.0,1.0,0.0,ourairports; geonames-cities; computed-distance,yes
CO,weather.city-month,48,1,en-US,0,48,0,,0,48,1.0,1.0,1.0,1.0,0.0,geonames-cities; nasa-power-daily,yes
CR,activities.city-things-to-do,2,1,en-US,0,2,0,,0,2,1.0,1.0,1.0,1.0,0.0,geonames-cities; attractions-verified,yes
CR,stay.city-type,1,1,en-GB,0,1,0,,0,1,1.0,1.0,1.0,1.0,1.0,geonames-cities; stay-inventory-verified,yes
CR,transport.route-from-market,1,1,en-GB,0,1,0,,0,1,1.0,1.0,1.0,1.0,0.0,ourairports; geonames-cities; computed-distance,yes
CR,weather.city-month,2,1,en-US,0,2,0,,0,2,1.0,1.0,1.0,1.0,0.0,geonames-cities; nasa-power-daily,yes
CZ,activities.city-things-to-do,4,4,de-DE es-ES fr-FR it-IT,0,4,0,,0,4,1.0,1.0,1.0,1.0,0.0,geonames-cities; attractions-verified,yes
CZ,stay.city-type,1,1,de-DE,0,1,0,,0,1,1.0,1.0,1.0,1.0,1.0,geonames-cities; stay-inventory-verified,yes
DE,activities.city-things-to-do,507,6,de-DE en-GB es-ES it-IT ja-JP tr-TR,195,312,0,,0,312,1.0,1.0,1.0,1.0,0.0,geonames-cities; attractions-verified,yes
DE,areas.city-index,37,1,de-DE,37,0,0,,0,0,,1.0,1.0,1.0,0.0,"OpenStreetMap named POI (ODbL 1.0, share-alike, attribution required)",yes
DE,areas.overview,287,1,de-DE,287,0,287,1.0,0,0,,1.0,1.0,1.0,0.0,"OpenStreetMap named POI (ODbL 1.0, share-alike, attribution required)",yes
DE,climate.region-when-to-go,84,1,de-DE,84,0,84,1.0,0,0,,1.0,1.0,1.0,0.0,"OpenStreetMap named POI (ODbL 1.0, share-alike, attribution required)",yes
DE,comparisons.city-vs-home,81,1,de-DE,81,0,0,,0,0,,1.0,1.0,1.0,0.0,geonames-cities; cost-of-living-city-verified,yes
DE,cost-of-living.city,195,1,de-DE,195,0,0,,0,0,,1.0,1.0,1.0,1.0,geonames-cities; cost-of-living-city-verified,yes
DE,cost-of-living.city-vs-market,81,1,de-DE,81,0,0,,0,0,,1.0,1.0,1.0,0.0,geonames-cities; cost-of-living-city-verified,yes
DE,destinations.country-hub,1,1,de-DE,1,0,0,,0,0,,1.0,1.0,1.0,0.0,geonames-cities; ourairports,yes
DE,destinations.region-cities,64,1,de-DE,64,0,64,1.0,0,0,,1.0,1.0,1.0,0.0,"OpenStreetMap named POI (ODbL 1.0, share-alike, attribution required)",yes
DE,destinations.region-what-to-see,116,1,de-DE,116,0,116,1.0,0,0,,1.0,1.0,1.0,0.0,"OpenStreetMap named POI (ODbL 1.0, share-alike, attribution required)",yes
DE,education.city-schools,61,1,de-DE,61,0,0,,0,0,,1.0,1.0,1.0,0.0,geonames-cities; school-data-verified,yes
DE,education.city-universities,81,1,de-DE,81,0,0,,0,0,,1.0,1.0,1.0,0.0,geonames-cities; school-data-verified,yes
DE,events.city-calendar,2405,1,de-DE,2405,0,0,,0,0,,1.0,1.0,1.0,0.0,geonames-cities; events-verified,yes
DE,events.city-type,2405,1,de-DE,2405,0,0,,0,0,,1.0,1.0,1.0,1.0,geonames-cities; events-verified,yes
DE,events.city-window,81,1,de-DE,81,0,0,,0,0,,1.0,1.0,1.0,1.0,geonames-cities; events-verified,yes
DE,health.city,38,1,de-DE,38,0,0,,0,0,,1.0,1.0,1.0,0.0,geonames-cities; health-rules-verified,yes
DE,neighbourhoods.city-where-to-stay,3,1,de-DE,3,0,0,,0,0,,1.0,1.0,1.0,0.0,geonames-cities; neighbourhood-facts-verified,yes
DE,neighbourhoods.guide,127,1,de-DE,127,0,0,,0,0,,1.0,1.0,1.0,0.0,geonames-cities; neighbourhood-facts-verified,yes
DE,outdoors.aqueduct,5,1,de-DE,5,0,0,,0,0,,1.0,1.0,1.0,0.0,"OpenStreetMap named POI (ODbL 1.0, share-alike, attribution required)",yes
DE,outdoors.archaeological_site,745,1,de-DE,745,0,0,,0,0,,1.0,1.0,1.0,0.0,"OpenStreetMap named POI (ODbL 1.0, share-alike, attribution required)",yes
DE,outdoors.beach,5,1,de-DE,5,0,0,,0,0,,1.0,1.0,1.0,0.0,"OpenStreetMap named POI (ODbL 1.0, share-alike, attribution required)",yes
DE,outdoors.beach-in-region,1,1,de-DE,1,0,0,,0,0,,1.0,1.0,1.0,0.0,"OpenStreetMap named POI (ODbL 1.0, share-alike, attribution required)",yes
DE,outdoors.camp_site,99,1,de-DE,99,0,8,1.0,0,0,,1.0,1.0,1.0,0.0,"OpenStreetMap named POI (ODbL 1.0, share-alike, attribution required)",yes
DE,outdoors.camp_site-in-region,12,1,de-DE,12,0,0,,0,0,,1.0,1.0,1.0,0.0,"OpenStreetMap named POI (ODbL 1.0, share-alike, attribution required)",yes
DE,outdoors.caravan_site,6,1,de-DE,6,0,0,,0,0,,1.0,1.0,1.0,0.0,"OpenStreetMap named POI (ODbL 1.0, share-alike, attribution required)",yes
DE,outdoors.castle,2122,1,de-DE,2122,0,691,1.0,0,0,,1.0,1.0,1.0,0.0,"OpenStreetMap named POI (ODbL 1.0, share-alike, attribution required)",yes
DE,outdoors.castle-in-region,89,1,de-DE,89,0,0,,0,0,,1.0,1.0,1.0,0.0,"OpenStreetMap named POI (ODbL 1.0, share-alike, attribution required)",yes
DE,outdoors.cave,213,1,de-DE,213,0,0,,0,0,,1.0,1.0,1.0,0.0,"OpenStreetMap named POI (ODbL 1.0, share-alike, attribution required)",yes
DE,outdoors.city_gate,138,1,de-DE,138,0,0,,0,0,,1.0,1.0,1.0,0.0,"OpenStreetMap named POI (ODbL 1.0, share-alike, attribution required)",yes
DE,outdoors.climbing_crag,6,1,de-DE,6,0,0,,0,0,,1.0,1.0,1.0,0.0,"OpenStreetMap named POI (ODbL 1.0, share-alike, attribution required)",yes
DE,outdoors.fort,22,1,de-DE,22,0,0,,0,0,,1.0,1.0,1.0,0.0,"OpenStreetMap named POI (ODbL 1.0, share-alike, attribution required)",yes
DE,outdoors.geyser,2,1,de-DE,2,0,0,,0,0,,1.0,1.0,1.0,0.0,"OpenStreetMap named POI (ODbL 1.0, share-alike, attribution required)",yes
DE,outdoors.lighthouse,81,1,de-DE,81,0,0,,0,0,,1.0,1.0,1.0,0.0,"OpenStreetMap named POI (ODbL 1.0, share-alike, attribution required)",yes
DE,outdoors.monument,94,1,de-DE,94,0,0,,0,0,,1.0,1.0,1.0,0.0,"OpenStreetMap named POI (ODbL 1.0, share-alike, attribution required)",yes
DE,outdoors.mountain_hut,82,1,de-DE,82,0,0,,0,0,,1.0,1.0,1.0,0.0,"OpenStreetMap named POI (ODbL 1.0, share-alike, attribution required)",yes
DE,outdoors.mountain_pass,145,1,de-DE,145,0,0,,0,0,,1.0,1.0,1.0,0.0,"OpenStreetMap named POI (ODbL 1.0, share-alike, attribution required)",yes
DE,outdoors.observatory,76,1,de-DE,76,0,0,,0,0,,1.0,1.0,1.0,0.0,"OpenStreetMap named POI (ODbL 1.0, share-alike, attribution required)",yes
DE,outdoors.peak,12350,1,de-DE,12350,0,10259,1.0,0,0,,1.0,1.0,1.0,0.0,"OpenStreetMap named POI (ODbL 1.0, share-alike, attribution required)",yes
DE,outdoors.peak-in-region,446,1,de-DE,446,0,0,,0,0,,1.0,1.0,1.0,0.0,"OpenStreetMap named POI (ODbL 1.0, share-alike, attribution required)",yes
DE,outdoors.ruins,263,1,de-DE,263,0,0,,0,0,,1.0,1.0,1.0,0.0,"OpenStreetMap named POI (ODbL 1.0, share-alike, attribution required)",yes
DE,outdoors.tower,922,1,de-DE,922,0,0,,0,0,,1.0,1.0,1.0,0.0,"OpenStreetMap named POI (ODbL 1.0, share-alike, attribution required)",yes
DE,outdoors.viewpoint,156,1,de-DE,156,0,113,1.0,0,0,,1.0,1.0,1.0,0.0,"OpenStreetMap named POI (ODbL 1.0, share-alike, attribution required)",yes
DE,outdoors.viewpoint-in-region,391,1,de-DE,391,0,0,,0,0,,1.0,1.0,1.0,0.0,"OpenStreetMap named POI (ODbL 1.0, share-alike, attribution required)",yes
DE,outdoors.volcano,29,1,de-DE,29,0,0,,0,0,,1.0,1.0,1.0,0.0,"OpenStreetMap named POI (ODbL 1.0, share-alike, attribution required)",yes
DE,outdoors.waterfall,33,1,de-DE,33,0,0,,0,0,,1.0,1.0,1.0,0.0,"OpenStreetMap named POI (ODbL 1.0, share-alike, attribution required)",yes
DE,outdoors.watermill,136,1,de-DE,136,0,0,,0,0,,1.0,1.0,1.0,0.0,"OpenStreetMap named POI (ODbL 1.0, share-alike, attribution required)",yes
DE,outdoors.wilderness_hut,25,1,de-DE,25,0,0,,0,0,,1.0,1.0,1.0,0.0,"OpenStreetMap named POI (ODbL 1.0, share-alike, attribution required)",yes
DE,outdoors.windmill,203,1,de-DE,203,0,0,,0,0,,1.0,1.0,1.0,0.0,"OpenStreetMap named POI (ODbL 1.0, share-alike, attribution required)",yes
DE,places.area-arts_centre,29,1,de-DE,29,0,29,1.0,0,0,,1.0,1.0,1.0,0.931,"OpenStreetMap named POI (ODbL 1.0, share-alike, attribution required)",yes
DE,places.area-attraction,38,1,de-DE,38,0,38,1.0,0,0,,1.0,1.0,1.0,0.7632,"OpenStreetMap named POI (ODbL 1.0, share-alike, attribution required)",yes
DE,places.area-attribute,1832,1,de-DE,1832,0,1832,1.0,0,0,,1.0,1.0,1.0,0.5147,"OpenStreetMap named POI (ODbL 1.0, share-alike, attribution required)",yes
DE,places.area-bar,326,1,de-DE,326,0,326,1.0,0,0,,1.0,1.0,1.0,0.7025,"OpenStreetMap named POI (ODbL 1.0, share-alike, attribution required)",yes
DE,places.area-cafe,673,1,de-DE,673,0,673,1.0,0,0,,1.0,1.0,1.0,0.4993,"OpenStreetMap named POI (ODbL 1.0, share-alike, attribution required)",yes
DE,places.area-childcare,409,1,de-DE,409,0,409,1.0,0,0,,1.0,1.0,1.0,0.7482,"OpenStreetMap named POI (ODbL 1.0, share-alike, attribution required)",yes
DE,places.area-cinema,36,1,de-DE,36,0,36,1.0,0,0,,1.0,1.0,1.0,0.8889,"OpenStreetMap named POI (ODbL 1.0, share-alike, attribution required)",yes
DE,places.area-clinic,717,1,de-DE,717,0,717,1.0,0,0,,1.0,1.0,1.0,0.7364,"OpenStreetMap named POI (ODbL 1.0, share-alike, attribution required)",yes
DE,places.area-college,22,1,de-DE,22,0,22,1.0,0,0,,1.0,1.0,1.0,0.9091,"OpenStreetMap named POI (ODbL 1.0, share-alike, attribution required)",yes
DE,places.area-cuisine,1592,1,de-DE,1592,0,1592,1.0,0,0,,1.0,1.0,1.0,0.7299,"OpenStreetMap named POI (ODbL 1.0, share-alike, attribution required)",yes
DE,places.area-dentist,339,1,de-DE,339,0,339,1.0,0,0,,1.0,1.0,1.0,0.8142,"OpenStreetMap named POI (ODbL 1.0, share-alike, attribution required)",yes
DE,places.area-department_store,27,1,de-DE,27,0,27,1.0,0,0,,1.0,1.0,1.0,0.963,"OpenStreetMap named POI (ODbL 1.0, share-alike, attribution required)",yes
DE,places.area-fast_food,1052,1,de-DE,1052,0,1052,1.0,0,0,,1.0,1.0,1.0,0.5437,"OpenStreetMap named POI (ODbL 1.0, share-alike, attribution required)",yes
DE,places.area-gallery,30,1,de-DE,30,0,30,1.0,0,0,,1.0,1.0,1.0,0.8333,"OpenStreetMap named POI (ODbL 1.0, share-alike, attribution required)",yes
DE,places.area-guest_house,54,1,de-DE,54,0,54,1.0,0,0,,1.0,1.0,1.0,0.7963,"OpenStreetMap named POI (ODbL 1.0, share-alike, attribution required)",yes
DE,places.area-gym,92,1,de-DE,92,0,92,1.0,0,0,,1.0,1.0,1.0,0.8913,"OpenStreetMap named POI (ODbL 1.0, share-alike, attribution required)",yes
DE,places.area-hospital,1,1,de-DE,1,0,1,1.0,0,0,,1.0,1.0,1.0,1.0,"OpenStreetMap named POI (ODbL 1.0, share-alike, attribution required)",yes
DE,places.area-hostel,11,1,de-DE,11,0,11,1.0,0,0,,1.0,1.0,1.0,1.0,"OpenStreetMap named POI (ODbL 1.0, share-alike, attribution required)",yes
DE,places.area-library,134,1,de-DE,134,0,134,1.0,0,0,,1.0,1.0,1.0,0.791,"OpenStreetMap named POI (ODbL 1.0, share-alike, attribution required)",yes
DE,places.area-marina,60,1,de-DE,60,0,60,1.0,0,0,,1.0,1.0,1.0,0.8667,"OpenStreetMap named POI (ODbL 1.0, share-alike, attribution required)",yes
DE,places.area-market,11,1,de-DE,11,0,11,1.0,0,0,,1.0,1.0,1.0,1.0,"OpenStreetMap named POI (ODbL 1.0, share-alike, attribution required)",yes
DE,places.area-museum,118,1,de-DE,118,0,118,1.0,0,0,,1.0,1.0,1.0,0.8051,"OpenStreetMap named POI (ODbL 1.0, share-alike, attribution required)",yes
DE,places.area-nightclub,63,1,de-DE,63,0,63,1.0,0,0,,1.0,1.0,1.0,0.7143,"OpenStreetMap named POI (ODbL 1.0, share-alike, attribution required)",yes
DE,places.area-opening,1786,1,de-DE,1786,0,1786,1.0,0,0,,1.0,1.0,1.0,0.4636,"OpenStreetMap named POI (ODbL 1.0, share-alike, attribution required)",yes
DE,places.area-parking,85,1,de-DE,85,0,85,1.0,0,0,,1.0,1.0,1.0,0.8118,"OpenStreetMap named POI (ODbL 1.0, share-alike, attribution required)",yes
DE,places.area-pharmacy,1434,1,de-DE,1434,0,1434,1.0,0,0,,1.0,1.0,1.0,0.7943,"OpenStreetMap named POI (ODbL 1.0, share-alike, attribution required)",yes
DE,places.area-pub,706,1,de-DE,706,0,706,1.0,0,0,,1.0,1.0,1.0,0.6926,"OpenStreetMap named POI (ODbL 1.0, share-alike, attribution required)",yes
DE,places.area-railway_station,14,1,de-DE,14,0,14,1.0,0,0,,1.0,1.0,1.0,1.0,"OpenStreetMap named POI (ODbL 1.0, share-alike, attribution required)",yes
DE,places.area-restaurant,1697,1,de-DE,1697,0,1697,1.0,0,0,,1.0,1.0,1.0,0.261,"OpenStreetMap named POI (ODbL 1.0, share-alike, attribution required)",yes
DE,places.area-school,123,1,de-DE,123,0,123,1.0,0,0,,1.0,1.0,1.0,0.9187,"OpenStreetMap named POI (ODbL 1.0, share-alike, attribution required)",yes
DE,places.area-sports_centre,133,1,de-DE,133,0,133,1.0,0,0,,1.0,1.0,1.0,0.8797,"OpenStreetMap named POI (ODbL 1.0, share-alike, attribution required)",yes
DE,places.area-supermarket,1114,1,de-DE,1114,0,1114,1.0,0,0,,1.0,1.0,1.0,0.7882,"OpenStreetMap named POI (ODbL 1.0, share-alike, attribution required)",yes
DE,places.area-theatre,73,1,de-DE,73,0,73,1.0,0,0,,1.0,1.0,1.0,0.9041,"OpenStreetMap named POI (ODbL 1.0, share-alike, attribution required)",yes
DE,places.area-university,8,1,de-DE,8,0,8,1.0,0,0,,1.0,1.0,1.0,0.875,"OpenStreetMap named POI (ODbL 1.0, share-alike, attribution required)",yes
DE,places.area-veterinary,41,1,de-DE,41,0,41,1.0,0,0,,1.0,1.0,1.0,0.878,"OpenStreetMap named POI (ODbL 1.0, share-alike, attribution required)",yes
DE,places.area-viewpoint,5,1,de-DE,5,0,5,1.0,0,0,,1.0,1.0,1.0,0.8,"OpenStreetMap named POI (ODbL 1.0, share-alike, attribution required)",yes
DE,places.area-water_park,1,1,de-DE,1,0,1,1.0,0,0,,1.0,1.0,1.0,1.0,"OpenStreetMap named POI (ODbL 1.0, share-alike, attribution required)",yes
DE,places.city-arts_centre,35,1,de-DE,35,0,0,,0,0,,1.0,1.0,1.0,0.0,"OpenStreetMap named POI (ODbL 1.0, share-alike, attribution required)",yes
DE,places.city-attraction,54,1,de-DE,54,0,0,,0,0,,1.0,1.0,1.0,0.0,"OpenStreetMap named POI (ODbL 1.0, share-alike, attribution required)",yes
DE,places.city-attribute,769,1,de-DE,769,0,769,1.0,0,0,,1.0,1.0,1.0,0.0,"OpenStreetMap named POI (ODbL 1.0, share-alike, attribution required)",yes
DE,places.city-bar,74,1,de-DE,74,0,0,,0,0,,1.0,1.0,1.0,0.0,"OpenStreetMap named POI (ODbL 1.0, share-alike, attribution required)",yes
DE,places.city-cafe,170,1,de-DE,170,0,0,,0,0,,1.0,1.0,1.0,0.0,"OpenStreetMap named POI (ODbL 1.0, share-alike, attribution required)",yes
DE,places.city-category,2405,1,de-DE,2405,0,0,,0,0,,1.0,1.0,1.0,1.0,geonames-cities; places-data-verified,yes
DE,places.city-childcare,87,1,de-DE,87,0,0,,0,0,,1.0,1.0,1.0,0.0,"OpenStreetMap named POI (ODbL 1.0, share-alike, attribution required)",yes
DE,places.city-cinema,66,1,de-DE,66,0,0,,0,0,,1.0,1.0,1.0,0.0,"OpenStreetMap named POI (ODbL 1.0, share-alike, attribution required)",yes
DE,places.city-clinic,280,1,de-DE,280,0,0,,0,0,,1.0,1.0,1.0,0.0,"OpenStreetMap named POI (ODbL 1.0, share-alike, attribution required)",yes
DE,places.city-college,29,1,de-DE,29,0,0,,0,0,,1.0,1.0,1.0,0.0,"OpenStreetMap named POI (ODbL 1.0, share-alike, attribution required)",yes
DE,places.city-coworking,2,1,de-DE,2,0,0,,0,0,,1.0,1.0,1.0,0.0,"OpenStreetMap named POI (ODbL 1.0, share-alike, attribution required)",yes
DE,places.city-cuisine,1053,1,de-DE,1053,0,1053,1.0,0,0,,1.0,1.0,1.0,0.0,"OpenStreetMap named POI (ODbL 1.0, share-alike, attribution required)",yes
DE,places.city-dentist,145,1,de-DE,145,0,0,,0,0,,1.0,1.0,1.0,0.0,"OpenStreetMap named POI (ODbL 1.0, share-alike, attribution required)",yes
DE,places.city-department_store,63,1,de-DE,63,0,0,,0,0,,1.0,1.0,1.0,0.0,"OpenStreetMap named POI (ODbL 1.0, share-alike, attribution required)",yes
DE,places.city-fast_food,220,1,de-DE,220,0,0,,0,0,,1.0,1.0,1.0,0.0,"OpenStreetMap named POI (ODbL 1.0, share-alike, attribution required)",yes
DE,places.city-gallery,20,1,de-DE,20,0,0,,0,0,,1.0,1.0,1.0,0.0,"OpenStreetMap named POI (ODbL 1.0, share-alike, attribution required)",yes
DE,places.city-garden,1,1,de-DE,1,0,0,,0,0,,1.0,1.0,1.0,0.0,"OpenStreetMap named POI (ODbL 1.0, share-alike, attribution required)",yes
DE,places.city-guest_house,83,1,de-DE,83,0,0,,0,0,,1.0,1.0,1.0,0.0,"OpenStreetMap named POI (ODbL 1.0, share-alike, attribution required)",yes
DE,places.city-gym,45,1,de-DE,45,0,0,,0,0,,1.0,1.0,1.0,0.0,"OpenStreetMap named POI (ODbL 1.0, share-alike, attribution required)",yes
DE,places.city-hospital,42,1,de-DE,42,0,0,,0,0,,1.0,1.0,1.0,0.0,"Wikidata (CC0 1.0, public domain dedication, no share-alike)",yes
DE,places.city-hostel,10,1,de-DE,10,0,0,,0,0,,1.0,1.0,1.0,0.0,"OpenStreetMap named POI (ODbL 1.0, share-alike, attribution required)",yes
DE,places.city-library,122,1,de-DE,122,0,0,,0,0,,1.0,1.0,1.0,0.0,"OpenStreetMap named POI (ODbL 1.0, share-alike, attribution required)",yes
DE,places.city-mall,1,1,de-DE,1,0,0,,0,0,,1.0,1.0,1.0,0.0,"OpenStreetMap named POI (ODbL 1.0, share-alike, attribution required)",yes
DE,places.city-marina,109,1,de-DE,109,0,0,,0,0,,1.0,1.0,1.0,0.0,"OpenStreetMap named POI (ODbL 1.0, share-alike, attribution required)",yes
DE,places.city-market,48,1,de-DE,48,0,0,,0,0,,1.0,1.0,1.0,0.0,"OpenStreetMap named POI (ODbL 1.0, share-alike, attribution required)",yes
DE,places.city-movie_theater,59,1,de-DE,59,0,0,,0,0,,1.0,1.0,1.0,0.0,"Wikidata (CC0 1.0, public domain dedication, no share-alike)",yes
DE,places.city-museum,134,1,de-DE,134,0,0,,0,0,,1.0,1.0,1.0,0.0,"OpenStreetMap named POI (ODbL 1.0, share-alike, attribution required)",yes
DE,places.city-nightclub,41,1,de-DE,41,0,0,,0,0,,1.0,1.0,1.0,0.0,"OpenStreetMap named POI (ODbL 1.0, share-alike, attribution required)",yes
DE,places.city-opening,715,1,de-DE,715,0,715,1.0,0,0,,1.0,1.0,1.0,0.0,"OpenStreetMap named POI (ODbL 1.0, share-alike, attribution required)",yes
DE,places.city-parking,54,1,de-DE,54,0,0,,0,0,,1.0,1.0,1.0,0.0,"OpenStreetMap named POI (ODbL 1.0, share-alike, attribution required)",yes
DE,places.city-pharmacy,365,1,de-DE,365,0,0,,0,0,,1.0,1.0,1.0,0.0,"OpenStreetMap named POI (ODbL 1.0, share-alike, attribution required)",yes
DE,places.city-pub,154,1,de-DE,154,0,0,,0,0,,1.0,1.0,1.0,0.0,"OpenStreetMap named POI (ODbL 1.0, share-alike, attribution required)",yes
DE,places.city-railway_station,12,1,de-DE,12,0,0,,0,0,,1.0,1.0,1.0,0.0,"OpenStreetMap named POI (ODbL 1.0, share-alike, attribution required)",yes
DE,places.city-restaurant,635,1,de-DE,635,0,0,,0,0,,1.0,1.0,1.0,0.0,"OpenStreetMap named POI (ODbL 1.0, share-alike, attribution required)",yes
DE,places.city-school,64,1,de-DE,64,0,0,,0,0,,1.0,1.0,1.0,0.0,"OpenStreetMap named POI (ODbL 1.0, share-alike, attribution required)",yes
DE,places.city-shopping_mall,34,1,de-DE,34,0,0,,0,0,,1.0,1.0,1.0,0.0,"Wikidata (CC0 1.0, public domain dedication, no share-alike)",yes
DE,places.city-sport,37,1,de-DE,37,0,37,1.0,0,0,,1.0,1.0,1.0,0.0,"OpenStreetMap named POI (ODbL 1.0, share-alike, attribution required)",yes
DE,places.city-sports_centre,110,1,de-DE,110,0,0,,0,0,,1.0,1.0,1.0,0.0,"OpenStreetMap named POI (ODbL 1.0, share-alike, attribution required)",yes
DE,places.city-stadium,3,1,de-DE,3,0,0,,0,0,,1.0,1.0,1.0,0.0,"Wikidata (CC0 1.0, public domain dedication, no share-alike)",yes
DE,places.city-supermarket,172,1,de-DE,172,0,0,,0,0,,1.0,1.0,1.0,0.0,"OpenStreetMap named POI (ODbL 1.0, share-alike, attribution required)",yes
DE,places.city-swimming_pool,1,1,de-DE,1,0,0,,0,0,,1.0,1.0,1.0,0.0,"OpenStreetMap named POI (ODbL 1.0, share-alike, attribution required)",yes
DE,places.city-theatre,54,1,de-DE,54,0,0,,0,0,,1.0,1.0,1.0,0.0,"OpenStreetMap named POI (ODbL 1.0, share-alike, attribution required)",yes
DE,places.city-theme_park,1,1,de-DE,1,0,0,,0,0,,1.0,1.0,1.0,0.0,"OpenStreetMap named POI (ODbL 1.0, share-alike, attribution required)",yes
DE,places.city-university,11,1,de-DE,11,0,0,,0,0,,1.0,1.0,1.0,0.0,"OpenStreetMap named POI (ODbL 1.0, share-alike, attribution required)",yes
DE,places.city-veterinary,40,1,de-DE,40,0,0,,0,0,,1.0,1.0,1.0,0.0,"OpenStreetMap named POI (ODbL 1.0, share-alike, attribution required)",yes
DE,places.city-viewpoint,14,1,de-DE,14,0,0,,0,0,,1.0,1.0,1.0,0.0,"OpenStreetMap named POI (ODbL 1.0, share-alike, attribution required)",yes
DE,places.city-water_park,6,1,de-DE,6,0,0,,0,0,,1.0,1.0,1.0,0.0,"OpenStreetMap named POI (ODbL 1.0, share-alike, attribution required)",yes
DE,places.neighbourhood-category,127,1,de-DE,127,0,0,,0,0,,1.0,1.0,1.0,0.0,neighbourhood-facts-verified; places-data-verified,yes
DE,poi.aquarium-notable,1,1,de-DE,1,0,1,1.0,0,0,,1.0,1.0,1.0,0.0,"OpenStreetMap named POI (ODbL 1.0, share-alike, attribution required)",yes
DE,poi.archaeological_site-notable,1,1,de-DE,1,0,1,1.0,0,0,,1.0,1.0,1.0,0.0,"OpenStreetMap named POI (ODbL 1.0, share-alike, attribution required)",yes
DE,poi.attraction-notable,26,1,de-DE,26,0,26,1.0,0,0,,1.0,1.0,1.0,0.0,"OpenStreetMap named POI (ODbL 1.0, share-alike, attribution required)",yes
DE,poi.castle-notable,1,1,de-DE,1,0,1,1.0,0,0,,1.0,1.0,1.0,0.0,"OpenStreetMap named POI (ODbL 1.0, share-alike, attribution required)",yes
DE,poi.gallery-notable,8,1,de-DE,8,0,8,1.0,0,0,,1.0,1.0,1.0,0.0,"OpenStreetMap named POI (ODbL 1.0, share-alike, attribution required)",yes
DE,poi.museum-notable,446,1,de-DE,446,0,446,1.0,0,0,,1.0,1.0,1.0,0.0,"OpenStreetMap named POI (ODbL 1.0, share-alike, attribution required)",yes
DE,poi.theatre-notable,2,1,de-DE,2,0,2,1.0,0,0,,1.0,1.0,1.0,0.0,"Wikidata (CC0 1.0, public domain dedication, no share-alike)",yes
DE,poi.theme_park-notable,1,1,de-DE,1,0,1,1.0,0,0,,1.0,1.0,1.0,0.0,"OpenStreetMap named POI (ODbL 1.0, share-alike, attribution required)",yes
DE,poi.zoo-notable,1,1,de-DE,1,0,1,1.0,0,0,,1.0,1.0,1.0,0.0,"OpenStreetMap named POI (ODbL 1.0, share-alike, attribution required)",yes
DE,property.city-buy,195,1,de-DE,195,0,0,,0,0,,1.0,1.0,1.0,0.0,geonames-cities; property-price-verified,yes
DE,relocation.city,205,1,de-DE,205,0,0,,0,0,,1.0,1.0,1.0,0.0,geonames-cities; cost-of-living-city-verified; visa-rules-verified,yes
DE,relocation.country,1,1,de-DE,1,0,0,,0,0,,1.0,1.0,1.0,0.0,visa-rules-verified; cost-of-living-verified,yes
DE,rents.city,2405,1,de-DE,2405,0,0,,0,0,,1.0,1.0,1.0,1.0,geonames-cities; rent-index-verified,yes
DE,rents.neighbourhood,127,1,de-DE,127,0,0,,0,0,,1.0,1.0,1.0,0.0,geonames-cities; rent-index-verified,yes
DE,safety.city,71,1,de-DE,71,0,0,,0,0,,1.0,1.0,1.0,0.0,geonames-cities; safety-data-verified,yes
DE,services.city-practical,38,1,de-DE,38,0,0,,0,0,,1.0,1.0,1.0,1.0,geonames-cities; places-data-verified,yes
DE,sport.city-activity,71,1,de-DE,71,0,0,,0,0,,1.0,1.0,1.0,1.0,geonames-cities; sport-routes-verified,yes
DE,stay.city-type,2713,4,de-DE en-GB ja-JP tr-TR,2405,308,0,,0,308,1.0,1.0,1.0,1.0,1.0,geonames-cities; stay-inventory-verified,yes
DE,stay.near-venue,613,1,de-DE,613,0,0,,0,0,,1.0,1.0,1.0,0.0,venue-data-verified; stay-inventory-verified,yes
DE,taxes.country-remote-work,1,1,de-DE,1,0,0,,0,0,,1.0,1.0,1.0,0.0,tax-rules-verified; visa-rules-verified,yes
DE,transport.city-getting-around,195,1,de-DE,195,0,0,,0,0,,1.0,1.0,1.0,0.0,geonames-cities; transit-fares-verified,yes
DE,transport.route-from-market,74,2,de-DE en-GB,71,3,0,,0,3,1.0,1.0,1.0,1.0,0.0,ourairports; geonames-cities; computed-distance,yes
DE,weather.city-month,334,3,de-DE en-GB ja-JP,195,139,0,,0,139,1.0,1.0,1.0,1.0,0.0,geonames-cities; nasa-power-daily,yes
DE,work.city-jobs-category,71,1,de-DE,71,0,0,,0,0,,1.0,1.0,1.0,0.0,geonames-cities; salary-data-verified; work-rules-verified,yes
DE,work.city-salaries,195,1,de-DE,195,0,0,,0,0,,1.0,1.0,1.0,1.0,geonames-cities; salary-data-verified,yes
DK,activities.city-things-to-do,5,4,de-DE es-ES fr-FR it-IT,0,5,0,,0,5,1.0,1.0,1.0,1.0,0.0,geonames-cities; attractions-verified,yes
DK,stay.city-type,2,1,de-DE,0,2,0,,0,2,1.0,1.0,1.0,1.0,1.0,geonames-cities; stay-inventory-verified,yes
EC,activities.city-things-to-do,1,1,es-ES,0,1,0,,0,1,1.0,1.0,1.0,1.0,0.0,geonames-cities; attractions-verified,yes
EG,activities.city-things-to-do,175,4,de-DE en-US it-IT tr-TR,0,175,0,,0,175,1.0,1.0,1.0,1.0,0.0,geonames-cities; attractions-verified,yes
EG,stay.city-type,119,4,de-DE en-GB it-IT tr-TR,0,119,0,,0,119,1.0,1.0,1.0,1.0,1.0,geonames-cities; stay-inventory-verified,yes
EG,transport.route-from-market,27,1,en-GB,0,27,0,,0,27,1.0,1.0,1.0,1.0,0.0,ourairports; geonames-cities; computed-distance,yes
EG,weather.city-month,149,3,de-DE en-US it-IT,0,149,0,,0,149,1.0,1.0,1.0,1.0,0.0,geonames-cities; nasa-power-daily,yes
ES,activities.city-things-to-do,268,8,de-DE en-GB en-US es-ES fr-FR it-IT ja-JP pt-BR,150,118,0,,0,118,1.0,1.0,1.0,1.0,0.0,geonames-cities; attractions-verified,yes
ES,areas.city-index,47,1,es-ES,47,0,0,,0,0,,1.0,1.0,1.0,0.0,"OpenStreetMap named POI (ODbL 1.0, share-alike, attribution required)",yes
ES,areas.overview,395,1,es-ES,395,0,395,1.0,0,0,,1.0,1.0,1.0,0.0,"OpenStreetMap named POI (ODbL 1.0, share-alike, attribution required)",yes
ES,comparisons.city-vs-home,48,1,es-ES,48,0,0,,0,0,,1.0,1.0,1.0,0.0,geonames-cities; cost-of-living-city-verified,yes
ES,cost-of-living.city,150,1,es-ES,150,0,0,,0,0,,1.0,1.0,1.0,1.0,geonames-cities; cost-of-living-city-verified,yes
ES,cost-of-living.city-vs-market,48,1,es-ES,48,0,0,,0,0,,1.0,1.0,1.0,0.0,geonames-cities; cost-of-living-city-verified,yes
ES,destinations.country-hub,1,1,es-ES,1,0,0,,0,0,,1.0,1.0,1.0,0.0,geonames-cities; ourairports,yes
ES,destinations.region-cities,21,1,es-ES,21,0,21,1.0,0,0,,1.0,1.0,1.0,0.0,"OpenStreetMap named POI (ODbL 1.0, share-alike, attribution required)",yes
ES,destinations.region-what-to-see,154,1,es-ES,154,0,154,1.0,0,0,,1.0,1.0,1.0,0.0,"OpenStreetMap named POI (ODbL 1.0, share-alike, attribution required)",yes
ES,education.city-schools,37,1,es-ES,37,0,0,,0,0,,1.0,1.0,1.0,0.0,geonames-cities; school-data-verified,yes
ES,education.city-universities,56,1,es-ES,56,0,0,,0,0,,1.0,1.0,1.0,0.0,geonames-cities; school-data-verified,yes
ES,events.city-calendar,2,1,es-ES,2,0,0,,0,0,,1.0,1.0,1.0,0.0,geonames-cities; events-verified,yes
ES,events.city-type,2,1,es-ES,2,0,0,,0,0,,1.0,1.0,1.0,1.0,geonames-cities; events-verified,yes
ES,events.city-window,56,1,es-ES,56,0,0,,0,0,,1.0,1.0,1.0,1.0,geonames-cities; events-verified,yes
ES,health.city,158,1,es-ES,158,0,0,,0,0,,1.0,1.0,1.0,0.0,geonames-cities; health-rules-verified,yes
ES,neighbourhoods.city-where-to-stay,2,1,es-ES,2,0,0,,0,0,,1.0,1.0,1.0,0.0,geonames-cities; neighbourhood-facts-verified,yes
ES,neighbourhoods.guide,180,1,es-ES,180,0,0,,0,0,,1.0,1.0,1.0,0.0,geonames-cities; neighbourhood-facts-verified,yes
ES,outdoors.aqueduct,10,1,es-ES,10,0,0,,0,0,,1.0,1.0,1.0,0.0,"OpenStreetMap named POI (ODbL 1.0, share-alike, attribution required)",yes
ES,outdoors.archaeological_site,345,1,es-ES,345,0,0,,0,0,,1.0,1.0,1.0,0.0,"OpenStreetMap named POI (ODbL 1.0, share-alike, attribution required)",yes
ES,outdoors.beach,118,1,es-ES,118,0,30,1.0,0,0,,1.0,1.0,1.0,0.0,"OpenStreetMap named POI (ODbL 1.0, share-alike, attribution required)",yes
ES,outdoors.beach-in-region,20,1,es-ES,20,0,0,,0,0,,1.0,1.0,1.0,0.0,"OpenStreetMap named POI (ODbL 1.0, share-alike, attribution required)",yes
ES,outdoors.bicycle-trail,1232,1,es-ES,1232,0,0,,0,0,,1.0,1.0,1.0,0.0,"OpenStreetMap named POI (ODbL 1.0, share-alike, attribution required)",yes
ES,outdoors.camp_site,3,1,es-ES,3,0,0,,0,0,,1.0,1.0,1.0,0.0,"OpenStreetMap named POI (ODbL 1.0, share-alike, attribution required)",yes
ES,outdoors.castle,428,1,es-ES,428,0,0,,0,0,,1.0,1.0,1.0,0.0,"OpenStreetMap named POI (ODbL 1.0, share-alike, attribution required)",yes
ES,outdoors.cave,168,1,es-ES,168,0,0,,0,0,,1.0,1.0,1.0,0.0,"OpenStreetMap named POI (ODbL 1.0, share-alike, attribution required)",yes
ES,outdoors.city_gate,27,1,es-ES,27,0,0,,0,0,,1.0,1.0,1.0,0.0,"OpenStreetMap named POI (ODbL 1.0, share-alike, attribution required)",yes
ES,outdoors.foot-trail,40,1,es-ES,40,0,0,,0,0,,1.0,1.0,1.0,0.0,"OpenStreetMap named POI (ODbL 1.0, share-alike, attribution required)",yes
ES,outdoors.fort,13,1,es-ES,13,0,0,,0,0,,1.0,1.0,1.0,0.0,"OpenStreetMap named POI (ODbL 1.0, share-alike, attribution required)",yes
ES,outdoors.hiking-trail,4346,1,es-ES,4346,0,0,,0,0,,1.0,1.0,1.0,0.0,"OpenStreetMap named POI (ODbL 1.0, share-alike, attribution required)",yes
ES,outdoors.horse-trail,3,1,es-ES,3,0,0,,0,0,,1.0,1.0,1.0,0.0,"OpenStreetMap named POI (ODbL 1.0, share-alike, attribution required)",yes
ES,outdoors.hot_spring,6,1,es-ES,6,0,0,,0,0,,1.0,1.0,1.0,0.0,"OpenStreetMap named POI (ODbL 1.0, share-alike, attribution required)",yes
ES,outdoors.lighthouse,47,1,es-ES,47,0,0,,0,0,,1.0,1.0,1.0,0.0,"OpenStreetMap named POI (ODbL 1.0, share-alike, attribution required)",yes
ES,outdoors.monument,115,1,es-ES,115,0,0,,0,0,,1.0,1.0,1.0,0.0,"OpenStreetMap named POI (ODbL 1.0, share-alike, attribution required)",yes
ES,outdoors.mountain_hut,71,1,es-ES,71,0,0,,0,0,,1.0,1.0,1.0,0.0,"OpenStreetMap named POI (ODbL 1.0, share-alike, attribution required)",yes
ES,outdoors.mountain_pass,330,1,es-ES,330,0,0,,0,0,,1.0,1.0,1.0,0.0,"OpenStreetMap named POI (ODbL 1.0, share-alike, attribution required)",yes
ES,outdoors.mtb-trail,866,1,es-ES,866,0,0,,0,0,,1.0,1.0,1.0,0.0,"OpenStreetMap named POI (ODbL 1.0, share-alike, attribution required)",yes
ES,outdoors.observatory,10,1,es-ES,10,0,0,,0,0,,1.0,1.0,1.0,0.0,"OpenStreetMap named POI (ODbL 1.0, share-alike, attribution required)",yes
ES,outdoors.peak,5707,1,es-ES,5707,0,0,,0,0,,1.0,1.0,1.0,0.0,"OpenStreetMap named POI (ODbL 1.0, share-alike, attribution required)",yes
ES,outdoors.piste-trail,3,1,es-ES,3,0,0,,0,0,,1.0,1.0,1.0,0.0,"OpenStreetMap named POI (ODbL 1.0, share-alike, attribution required)",yes
ES,outdoors.ruins,101,1,es-ES,101,0,0,,0,0,,1.0,1.0,1.0,0.0,"OpenStreetMap named POI (ODbL 1.0, share-alike, attribution required)",yes
ES,outdoors.tower,159,1,es-ES,159,0,0,,0,0,,1.0,1.0,1.0,0.0,"OpenStreetMap named POI (ODbL 1.0, share-alike, attribution required)",yes
ES,outdoors.viewpoint,24,1,es-ES,24,0,0,,0,0,,1.0,1.0,1.0,0.0,"OpenStreetMap named POI (ODbL 1.0, share-alike, attribution required)",yes
ES,outdoors.volcano,30,1,es-ES,30,0,0,,0,0,,1.0,1.0,1.0,0.0,"OpenStreetMap named POI (ODbL 1.0, share-alike, attribution required)",yes
ES,outdoors.waterfall,16,1,es-ES,16,0,0,,0,0,,1.0,1.0,1.0,0.0,"OpenStreetMap named POI (ODbL 1.0, share-alike, attribution required)",yes
ES,outdoors.watermill,10,1,es-ES,10,0,0,,0,0,,1.0,1.0,1.0,0.0,"OpenStreetMap named POI (ODbL 1.0, share-alike, attribution required)",yes
ES,outdoors.wilderness_hut,39,1,es-ES,39,0,0,,0,0,,1.0,1.0,1.0,0.0,"OpenStreetMap named POI (ODbL 1.0, share-alike, attribution required)",yes
ES,outdoors.windmill,5,1,es-ES,5,0,0,,0,0,,1.0,1.0,1.0,0.0,"OpenStreetMap named POI (ODbL 1.0, share-alike, attribution required)",yes
ES,places.area-arts_centre,15,1,es-ES,15,0,15,1.0,0,0,,1.0,1.0,1.0,0.4667,"OpenStreetMap named POI (ODbL 1.0, share-alike, attribution required)",yes
ES,places.area-attraction,24,1,es-ES,24,0,24,1.0,0,0,,1.0,1.0,1.0,0.75,"OpenStreetMap named POI (ODbL 1.0, share-alike, attribution required)",yes
ES,places.area-bar,515,1,es-ES,515,0,515,1.0,0,0,,1.0,1.0,1.0,0.4971,"OpenStreetMap named POI (ODbL 1.0, share-alike, attribution required)",yes
ES,places.area-beach,2,1,es-ES,2,0,2,1.0,0,0,,1.0,1.0,1.0,1.0,"OpenStreetMap named POI (ODbL 1.0, share-alike, attribution required)",yes
ES,places.area-cafe,684,1,es-ES,684,0,684,1.0,0,0,,1.0,1.0,1.0,0.4576,"OpenStreetMap named POI (ODbL 1.0, share-alike, attribution required)",yes
ES,places.area-childcare,218,1,es-ES,218,0,218,1.0,0,0,,1.0,1.0,1.0,0.656,"OpenStreetMap named POI (ODbL 1.0, share-alike, attribution required)",yes
ES,places.area-cinema,9,1,es-ES,9,0,9,1.0,0,0,,1.0,1.0,1.0,0.5556,"OpenStreetMap named POI (ODbL 1.0, share-alike, attribution required)",yes
ES,places.area-clinic,389,1,es-ES,389,0,389,1.0,0,0,,1.0,1.0,1.0,0.6504,"OpenStreetMap named POI (ODbL 1.0, share-alike, attribution required)",yes
ES,places.area-college,16,1,es-ES,16,0,16,1.0,0,0,,1.0,1.0,1.0,0.5625,"OpenStreetMap named POI (ODbL 1.0, share-alike, attribution required)",yes
ES,places.area-coworking,17,1,es-ES,17,0,17,1.0,0,0,,1.0,1.0,1.0,0.4706,"OpenStreetMap named POI (ODbL 1.0, share-alike, attribution required)",yes
ES,places.area-cuisine,1236,1,es-ES,1236,0,1236,1.0,0,0,,1.0,1.0,1.0,0.5979,"OpenStreetMap named POI (ODbL 1.0, share-alike, attribution required)",yes
ES,places.area-dentist,309,1,es-ES,309,0,309,1.0,0,0,,1.0,1.0,1.0,0.6796,"OpenStreetMap named POI (ODbL 1.0, share-alike, attribution required)",yes
ES,places.area-department_store,3,1,es-ES,3,0,3,1.0,0,0,,1.0,1.0,1.0,0.3333,"OpenStreetMap named POI (ODbL 1.0, share-alike, attribution required)",yes
ES,places.area-fast_food,442,1,es-ES,442,0,442,1.0,0,0,,1.0,1.0,1.0,0.5475,"OpenStreetMap named POI (ODbL 1.0, share-alike, attribution required)",yes
ES,places.area-gallery,16,1,es-ES,16,0,16,1.0,0,0,,1.0,1.0,1.0,0.5,"OpenStreetMap named POI (ODbL 1.0, share-alike, attribution required)",yes
ES,places.area-guest_house,62,1,es-ES,62,0,62,1.0,0,0,,1.0,1.0,1.0,0.5645,"OpenStreetMap named POI (ODbL 1.0, share-alike, attribution required)",yes
ES,places.area-gym,211,1,es-ES,211,0,211,1.0,0,0,,1.0,1.0,1.0,0.6777,"OpenStreetMap named POI (ODbL 1.0, share-alike, attribution required)",yes
ES,places.area-hospital,2,1,es-ES,2,0,2,1.0,0,0,,1.0,1.0,1.0,1.0,"OpenStreetMap named POI (ODbL 1.0, share-alike, attribution required)",yes
ES,places.area-hostel,102,1,es-ES,102,0,102,1.0,0,0,,1.0,1.0,1.0,0.6863,"OpenStreetMap named POI (ODbL 1.0, share-alike, attribution required)",yes
ES,places.area-library,55,1,es-ES,55,0,55,1.0,0,0,,1.0,1.0,1.0,0.5818,"OpenStreetMap named POI (ODbL 1.0, share-alike, attribution required)",yes
ES,places.area-mall,1,1,es-ES,1,0,1,1.0,0,0,,1.0,1.0,1.0,0.0,"OpenStreetMap named POI (ODbL 1.0, share-alike, attribution required)",yes
ES,places.area-market,6,1,es-ES,6,0,6,1.0,0,0,,1.0,1.0,1.0,1.0,"OpenStreetMap named POI (ODbL 1.0, share-alike, attribution required)",yes
ES,places.area-museum,82,1,es-ES,82,0,82,1.0,0,0,,1.0,1.0,1.0,0.7439,"OpenStreetMap named POI (ODbL 1.0, share-alike, attribution required)",yes
ES,places.area-nightclub,60,1,es-ES,60,0,60,1.0,0,0,,1.0,1.0,1.0,0.6,"OpenStreetMap named POI (ODbL 1.0, share-alike, attribution required)",yes
ES,places.area-opening,490,1,es-ES,490,0,490,1.0,0,0,,1.0,1.0,1.0,0.298,"OpenStreetMap named POI (ODbL 1.0, share-alike, attribution required)",yes
ES,places.area-park,1,1,es-ES,1,0,1,1.0,0,0,,1.0,1.0,1.0,1.0,"OpenStreetMap named POI (ODbL 1.0, share-alike, attribution required)",yes
ES,places.area-parking,69,1,es-ES,69,0,69,1.0,0,0,,1.0,1.0,1.0,0.7391,"OpenStreetMap named POI (ODbL 1.0, share-alike, attribution required)",yes
ES,places.area-pharmacy,961,1,es-ES,961,0,961,1.0,0,0,,1.0,1.0,1.0,0.6649,"OpenStreetMap named POI (ODbL 1.0, share-alike, attribution required)",yes
ES,places.area-pub,538,1,es-ES,538,0,538,1.0,0,0,,1.0,1.0,1.0,0.4572,"OpenStreetMap named POI (ODbL 1.0, share-alike, attribution required)",yes
ES,places.area-railway_station,83,1,es-ES,83,0,83,1.0,0,0,,1.0,1.0,1.0,0.8554,"OpenStreetMap named POI (ODbL 1.0, share-alike, attribution required)",yes
ES,places.area-restaurant,1486,1,es-ES,1486,0,1486,1.0,0,0,,1.0,1.0,1.0,0.2941,"OpenStreetMap named POI (ODbL 1.0, share-alike, attribution required)",yes
ES,places.area-school,157,1,es-ES,157,0,157,1.0,0,0,,1.0,1.0,1.0,0.6624,"OpenStreetMap named POI (ODbL 1.0, share-alike, attribution required)",yes
ES,places.area-sports_centre,54,1,es-ES,54,0,54,1.0,0,0,,1.0,1.0,1.0,0.6667,"OpenStreetMap named POI (ODbL 1.0, share-alike, attribution required)",yes
ES,places.area-supermarket,1049,1,es-ES,1049,0,1049,1.0,0,0,,1.0,1.0,1.0,0.6959,"OpenStreetMap named POI (ODbL 1.0, share-alike, attribution required)",yes
ES,places.area-theatre,35,1,es-ES,35,0,35,1.0,0,0,,1.0,1.0,1.0,0.5143,"OpenStreetMap named POI (ODbL 1.0, share-alike, attribution required)",yes
ES,places.area-university,17,1,es-ES,17,0,17,1.0,0,0,,1.0,1.0,1.0,0.5882,"OpenStreetMap named POI (ODbL 1.0, share-alike, attribution required)",yes
ES,places.area-veterinary,114,1,es-ES,114,0,114,1.0,0,0,,1.0,1.0,1.0,0.7193,"OpenStreetMap named POI (ODbL 1.0, share-alike, attribution required)",yes
ES,places.area-viewpoint,4,1,es-ES,4,0,4,1.0,0,0,,1.0,1.0,1.0,0.75,"OpenStreetMap named POI (ODbL 1.0, share-alike, attribution required)",yes
ES,places.city-aquarium,1,1,es-ES,1,0,0,,0,0,,1.0,1.0,1.0,0.0,"OpenStreetMap named POI (ODbL 1.0, share-alike, attribution required)",yes
ES,places.city-arts_centre,20,1,es-ES,20,0,0,,0,0,,1.0,1.0,1.0,0.0,"OpenStreetMap named POI (ODbL 1.0, share-alike, attribution required)",yes
ES,places.city-attraction,32,1,es-ES,32,0,0,,0,0,,1.0,1.0,1.0,0.0,"OpenStreetMap named POI (ODbL 1.0, share-alike, attribution required)",yes
ES,places.city-bar,169,1,es-ES,169,0,0,,0,0,,1.0,1.0,1.0,0.0,"OpenStreetMap named POI (ODbL 1.0, share-alike, attribution required)",yes
ES,places.city-beach,1,1,es-ES,1,0,0,,0,0,,1.0,1.0,1.0,0.0,"OpenStreetMap named POI (ODbL 1.0, share-alike, attribution required)",yes
ES,places.city-cafe,190,1,es-ES,190,0,0,,0,0,,1.0,1.0,1.0,0.0,"OpenStreetMap named POI (ODbL 1.0, share-alike, attribution required)",yes
ES,places.city-castle,5,1,es-ES,5,0,0,,0,0,,1.0,1.0,1.0,0.0,"OpenStreetMap named POI (ODbL 1.0, share-alike, attribution required)",yes
ES,places.city-category,150,1,es-ES,150,0,0,,0,0,,1.0,1.0,1.0,1.0,geonames-cities; places-data-verified,yes
ES,places.city-childcare,60,1,es-ES,60,0,0,,0,0,,1.0,1.0,1.0,0.0,"OpenStreetMap named POI (ODbL 1.0, share-alike, attribution required)",yes
ES,places.city-cinema,27,1,es-ES,27,0,0,,0,0,,1.0,1.0,1.0,0.0,"OpenStreetMap named POI (ODbL 1.0, share-alike, attribution required)",yes
ES,places.city-clinic,144,1,es-ES,144,0,0,,0,0,,1.0,1.0,1.0,0.0,"OpenStreetMap named POI (ODbL 1.0, share-alike, attribution required)",yes
ES,places.city-college,12,1,es-ES,12,0,0,,0,0,,1.0,1.0,1.0,0.0,"OpenStreetMap named POI (ODbL 1.0, share-alike, attribution required)",yes
ES,places.city-coworking,13,1,es-ES,13,0,0,,0,0,,1.0,1.0,1.0,0.0,"OpenStreetMap named POI (ODbL 1.0, share-alike, attribution required)",yes
ES,places.city-cuisine,782,1,es-ES,782,0,782,1.0,0,0,,1.0,1.0,1.0,0.0,"OpenStreetMap named POI (ODbL 1.0, share-alike, attribution required)",yes
ES,places.city-dentist,119,1,es-ES,119,0,0,,0,0,,1.0,1.0,1.0,0.0,"OpenStreetMap named POI (ODbL 1.0, share-alike, attribution required)",yes
ES,places.city-department_store,11,1,es-ES,11,0,0,,0,0,,1.0,1.0,1.0,0.0,"OpenStreetMap named POI (ODbL 1.0, share-alike, attribution required)",yes
ES,places.city-fast_food,134,1,es-ES,134,0,0,,0,0,,1.0,1.0,1.0,0.0,"OpenStreetMap named POI (ODbL 1.0, share-alike, attribution required)",yes
ES,places.city-gallery,11,1,es-ES,11,0,0,,0,0,,1.0,1.0,1.0,0.0,"OpenStreetMap named POI (ODbL 1.0, share-alike, attribution required)",yes
ES,places.city-guest_house,40,1,es-ES,40,0,0,,0,0,,1.0,1.0,1.0,0.0,"OpenStreetMap named POI (ODbL 1.0, share-alike, attribution required)",yes
ES,places.city-gym,86,1,es-ES,86,0,0,,0,0,,1.0,1.0,1.0,0.0,"OpenStreetMap named POI (ODbL 1.0, share-alike, attribution required)",yes
ES,places.city-hospital,46,1,es-ES,46,0,0,,0,0,,1.0,1.0,1.0,0.0,"Wikidata (CC0 1.0, public domain dedication, no share-alike)",yes
ES,places.city-hostel,67,1,es-ES,67,0,0,,0,0,,1.0,1.0,1.0,0.0,"OpenStreetMap named POI (ODbL 1.0, share-alike, attribution required)",yes
ES,places.city-library,76,1,es-ES,76,0,0,,0,0,,1.0,1.0,1.0,0.0,"OpenStreetMap named POI (ODbL 1.0, share-alike, attribution required)",yes
ES,places.city-mall,2,1,es-ES,2,0,0,,0,0,,1.0,1.0,1.0,0.0,"OpenStreetMap named POI (ODbL 1.0, share-alike, attribution required)",yes
ES,places.city-marina,4,1,es-ES,4,0,0,,0,0,,1.0,1.0,1.0,0.0,"OpenStreetMap named POI (ODbL 1.0, share-alike, attribution required)",yes
ES,places.city-market,27,1,es-ES,27,0,0,,0,0,,1.0,1.0,1.0,0.0,"OpenStreetMap named POI (ODbL 1.0, share-alike, attribution required)",yes
ES,places.city-movie_theater,6,1,es-ES,6,0,0,,0,0,,1.0,1.0,1.0,0.0,"Wikidata (CC0 1.0, public domain dedication, no share-alike)",yes
ES,places.city-museum,82,1,es-ES,82,0,0,,0,0,,1.0,1.0,1.0,0.0,"OpenStreetMap named POI (ODbL 1.0, share-alike, attribution required)",yes
ES,places.city-nightclub,32,1,es-ES,32,0,0,,0,0,,1.0,1.0,1.0,0.0,"OpenStreetMap named POI (ODbL 1.0, share-alike, attribution required)",yes
ES,places.city-opening,239,1,es-ES,239,0,239,1.0,0,0,,1.0,1.0,1.0,0.0,"OpenStreetMap named POI (ODbL 1.0, share-alike, attribution required)",yes
ES,places.city-park,3,1,es-ES,3,0,0,,0,0,,1.0,1.0,1.0,0.0,"OpenStreetMap named POI (ODbL 1.0, share-alike, attribution required)",yes
ES,places.city-parking,35,1,es-ES,35,0,0,,0,0,,1.0,1.0,1.0,0.0,"OpenStreetMap named POI (ODbL 1.0, share-alike, attribution required)",yes
ES,places.city-pharmacy,257,1,es-ES,257,0,0,,0,0,,1.0,1.0,1.0,0.0,"OpenStreetMap named POI (ODbL 1.0, share-alike, attribution required)",yes
ES,places.city-pub,149,1,es-ES,149,0,0,,0,0,,1.0,1.0,1.0,0.0,"OpenStreetMap named POI (ODbL 1.0, share-alike, attribution required)",yes
ES,places.city-railway_station,19,1,es-ES,19,0,0,,0,0,,1.0,1.0,1.0,0.0,"OpenStreetMap named POI (ODbL 1.0, share-alike, attribution required)",yes
ES,places.city-restaurant,452,1,es-ES,452,0,0,,0,0,,1.0,1.0,1.0,0.0,"OpenStreetMap named POI (ODbL 1.0, share-alike, attribution required)",yes
ES,places.city-school,58,1,es-ES,58,0,0,,0,0,,1.0,1.0,1.0,0.0,"OpenStreetMap named POI (ODbL 1.0, share-alike, attribution required)",yes
ES,places.city-shopping_mall,13,1,es-ES,13,0,0,,0,0,,1.0,1.0,1.0,0.0,"Wikidata (CC0 1.0, public domain dedication, no share-alike)",yes
ES,places.city-sports_centre,47,1,es-ES,47,0,0,,0,0,,1.0,1.0,1.0,0.0,"OpenStreetMap named POI (ODbL 1.0, share-alike, attribution required)",yes
ES,places.city-stadium,3,1,es-ES,3,0,0,,0,0,,1.0,1.0,1.0,0.0,"Wikidata (CC0 1.0, public domain dedication, no share-alike)",yes
ES,places.city-supermarket,246,1,es-ES,246,0,0,,0,0,,1.0,1.0,1.0,0.0,"OpenStreetMap named POI (ODbL 1.0, share-alike, attribution required)",yes
ES,places.city-swimming_pool,1,1,es-ES,1,0,0,,0,0,,1.0,1.0,1.0,0.0,"OpenStreetMap named POI (ODbL 1.0, share-alike, attribution required)",yes
ES,places.city-theatre,24,1,es-ES,24,0,0,,0,0,,1.0,1.0,1.0,0.0,"OpenStreetMap named POI (ODbL 1.0, share-alike, attribution required)",yes
ES,places.city-university,13,1,es-ES,13,0,0,,0,0,,1.0,1.0,1.0,0.0,"OpenStreetMap named POI (ODbL 1.0, share-alike, attribution required)",yes
ES,places.city-veterinary,75,1,es-ES,75,0,0,,0,0,,1.0,1.0,1.0,0.0,"OpenStreetMap named POI (ODbL 1.0, share-alike, attribution required)",yes
ES,places.city-viewpoint,5,1,es-ES,5,0,0,,0,0,,1.0,1.0,1.0,0.0,"OpenStreetMap named POI (ODbL 1.0, share-alike, attribution required)",yes
ES,places.neighbourhood-category,180,1,es-ES,180,0,0,,0,0,,1.0,1.0,1.0,0.0,neighbourhood-facts-verified; places-data-verified,yes
ES,poi.art_museum-notable,3,1,es-ES,3,0,3,1.0,0,0,,1.0,1.0,1.0,0.0,"Wikidata (CC0 1.0, public domain dedication, no share-alike)",yes
ES,poi.attraction-notable,5,1,es-ES,5,0,5,1.0,0,0,,1.0,1.0,1.0,0.0,"OpenStreetMap named POI (ODbL 1.0, share-alike, attribution required)",yes
ES,poi.gallery-notable,2,1,es-ES,2,0,2,1.0,0,0,,1.0,1.0,1.0,0.0,"OpenStreetMap named POI (ODbL 1.0, share-alike, attribution required)",yes
ES,poi.museum-notable,146,1,es-ES,146,0,146,1.0,0,0,,1.0,1.0,1.0,0.0,"OpenStreetMap named POI (ODbL 1.0, share-alike, attribution required)",yes
ES,poi.park-notable,1,1,es-ES,1,0,1,1.0,0,0,,1.0,1.0,1.0,0.0,"Wikidata (CC0 1.0, public domain dedication, no share-alike)",yes
ES,poi.theatre-notable,2,1,es-ES,2,0,2,1.0,0,0,,1.0,1.0,1.0,0.0,"Wikidata (CC0 1.0, public domain dedication, no share-alike)",yes
ES,property.city-buy,150,1,es-ES,150,0,0,,0,0,,1.0,1.0,1.0,0.0,geonames-cities; property-price-verified,yes
ES,relocation.city,150,1,es-ES,150,0,0,,0,0,,1.0,1.0,1.0,0.0,geonames-cities; cost-of-living-city-verified; visa-rules-verified,yes
ES,relocation.country,1,1,es-ES,1,0,0,,0,0,,1.0,1.0,1.0,0.0,visa-rules-verified; cost-of-living-verified,yes
ES,rents.city,150,1,es-ES,150,0,0,,0,0,,1.0,1.0,1.0,1.0,geonames-cities; rent-index-verified,yes
ES,rents.neighbourhood,180,1,es-ES,180,0,0,,0,0,,1.0,1.0,1.0,0.0,geonames-cities; rent-index-verified,yes
ES,safety.city,48,1,es-ES,48,0,0,,0,0,,1.0,1.0,1.0,0.0,geonames-cities; safety-data-verified,yes
ES,services.city-practical,150,1,es-ES,150,0,0,,0,0,,1.0,1.0,1.0,1.0,geonames-cities; places-data-verified,yes
ES,sport.city-activity,48,1,es-ES,48,0,0,,0,0,,1.0,1.0,1.0,1.0,geonames-cities; sport-routes-verified,yes
ES,stay.city-type,259,5,de-DE en-GB en-US es-ES ja-JP,150,109,0,,0,109,1.0,1.0,1.0,1.0,1.0,geonames-cities; stay-inventory-verified,yes
ES,stay.near-venue,214,1,es-ES,214,0,0,,0,0,,1.0,1.0,1.0,0.0,venue-data-verified; stay-inventory-verified,yes
ES,taxes.country-remote-work,1,1,es-ES,1,0,0,,0,0,,1.0,1.0,1.0,0.0,tax-rules-verified; visa-rules-verified,yes
ES,transport.city-getting-around,150,1,es-ES,150,0,0,,0,0,,1.0,1.0,1.0,0.0,geonames-cities; transit-fares-verified,yes
ES,transport.route-from-market,51,2,en-GB es-ES,48,3,0,,0,3,1.0,1.0,1.0,1.0,0.0,ourairports; geonames-cities; computed-distance,yes
ES,weather.city-month,261,4,en-GB en-US es-ES ja-JP,158,103,0,,0,103,1.0,1.0,1.0,1.0,0.0,geonames-cities; nasa-power-daily,yes
ES,work.city-jobs-category,56,1,es-ES,56,0,0,,0,0,,1.0,1.0,1.0,0.0,geonames-cities; salary-data-verified; work-rules-verified,yes
ES,work.city-salaries,158,1,es-ES,158,0,0,,0,0,,1.0,1.0,1.0,1.0,geonames-cities; salary-data-verified,yes
FI,activities.city-things-to-do,1,1,de-DE,0,1,0,,0,1,1.0,1.0,1.0,1.0,0.0,geonames-cities; attractions-verified,yes
FI,stay.city-type,1,1,de-DE,0,1,0,,0,1,1.0,1.0,1.0,1.0,1.0,geonames-cities; stay-inventory-verified,yes
FR,activities.city-things-to-do,269,7,de-DE en-GB en-US es-ES fr-FR it-IT ja-JP,143,126,0,,0,126,1.0,1.0,1.0,1.0,0.0,geonames-cities; attractions-verified,yes
FR,areas.city-index,46,1,fr-FR,46,0,0,,0,0,,1.0,1.0,1.0,0.0,"OpenStreetMap named POI (ODbL 1.0, share-alike, attribution required)",yes
FR,areas.overview,243,1,fr-FR,243,0,243,1.0,0,0,,1.0,1.0,1.0,0.0,"OpenStreetMap named POI (ODbL 1.0, share-alike, attribution required)",yes
FR,comparisons.city-vs-home,30,1,fr-FR,30,0,0,,0,0,,1.0,1.0,1.0,0.0,geonames-cities; cost-of-living-city-verified,yes
FR,cost-of-living.city,143,1,fr-FR,143,0,0,,0,0,,1.0,1.0,1.0,1.0,geonames-cities; cost-of-living-city-verified,yes
FR,cost-of-living.city-vs-market,30,1,fr-FR,30,0,0,,0,0,,1.0,1.0,1.0,0.0,geonames-cities; cost-of-living-city-verified,yes
FR,destinations.country-hub,1,1,fr-FR,1,0,0,,0,0,,1.0,1.0,1.0,0.0,geonames-cities; ourairports,yes
FR,destinations.region-cities,26,1,fr-FR,26,0,26,1.0,0,0,,1.0,1.0,1.0,0.0,"OpenStreetMap named POI (ODbL 1.0, share-alike, attribution required)",yes
FR,destinations.region-what-to-see,117,1,fr-FR,117,0,117,1.0,0,0,,1.0,1.0,1.0,0.0,"OpenStreetMap named POI (ODbL 1.0, share-alike, attribution required)",yes
FR,education.city-schools,22,1,fr-FR,22,0,0,,0,0,,1.0,1.0,1.0,0.0,geonames-cities; school-data-verified,yes
FR,education.city-universities,24,1,fr-FR,24,0,0,,0,0,,1.0,1.0,1.0,0.0,geonames-cities; school-data-verified,yes
FR,events.city-calendar,1456,1,fr-FR,1456,0,0,,0,0,,1.0,1.0,1.0,0.0,geonames-cities; events-verified,yes
FR,events.city-type,1456,1,fr-FR,1456,0,0,,0,0,,1.0,1.0,1.0,1.0,geonames-cities; events-verified,yes
FR,events.city-window,30,1,fr-FR,30,0,0,,0,0,,1.0,1.0,1.0,1.0,geonames-cities; events-verified,yes
FR,health.city,143,1,fr-FR,143,0,0,,0,0,,1.0,1.0,1.0,0.0,geonames-cities; health-rules-verified,yes
FR,neighbourhoods.city-where-to-stay,3,1,fr-FR,3,0,0,,0,0,,1.0,1.0,1.0,0.0,geonames-cities; neighbourhood-facts-verified,yes
FR,neighbourhoods.guide,33,1,fr-FR,33,0,0,,0,0,,1.0,1.0,1.0,0.0,geonames-cities; neighbourhood-facts-verified,yes
FR,outdoors.aqueduct,7,1,fr-FR,7,0,0,,0,0,,1.0,1.0,1.0,0.0,"OpenStreetMap named POI (ODbL 1.0, share-alike, attribution required)",yes
FR,outdoors.archaeological_site,454,1,fr-FR,454,0,0,,0,0,,1.0,1.0,1.0,0.0,"OpenStreetMap named POI (ODbL 1.0, share-alike, attribution required)",yes
FR,outdoors.beach,26,1,fr-FR,26,0,6,1.0,0,0,,1.0,1.0,1.0,0.0,"OpenStreetMap named POI (ODbL 1.0, share-alike, attribution required)",yes
FR,outdoors.beach-in-region,23,1,fr-FR,23,0,0,,0,0,,1.0,1.0,1.0,0.0,"OpenStreetMap named POI (ODbL 1.0, share-alike, attribution required)",yes
FR,outdoors.bicycle-trail,3185,1,fr-FR,3185,0,0,,0,0,,1.0,1.0,1.0,0.0,"OpenStreetMap named POI (ODbL 1.0, share-alike, attribution required)",yes
FR,outdoors.camp_site,11,1,fr-FR,11,0,0,,0,0,,1.0,1.0,1.0,0.0,"OpenStreetMap named POI (ODbL 1.0, share-alike, attribution required)",yes
FR,outdoors.caravan_site,7,1,fr-FR,7,0,0,,0,0,,1.0,1.0,1.0,0.0,"OpenStreetMap named POI (ODbL 1.0, share-alike, attribution required)",yes
FR,outdoors.castle,3666,1,fr-FR,3666,0,3442,1.0,0,0,,1.0,1.0,1.0,0.0,"OpenStreetMap named POI (ODbL 1.0, share-alike, attribution required)",yes
FR,outdoors.castle-in-region,145,1,fr-FR,145,0,0,,0,0,,1.0,1.0,1.0,0.0,"OpenStreetMap named POI (ODbL 1.0, share-alike, attribution required)",yes
FR,outdoors.cave,139,1,fr-FR,139,0,0,,0,0,,1.0,1.0,1.0,0.0,"OpenStreetMap named POI (ODbL 1.0, share-alike, attribution required)",yes
FR,outdoors.city_gate,82,1,fr-FR,82,0,0,,0,0,,1.0,1.0,1.0,0.0,"OpenStreetMap named POI (ODbL 1.0, share-alike, attribution required)",yes
FR,outdoors.climbing_crag,3,1,fr-FR,3,0,0,,0,0,,1.0,1.0,1.0,0.0,"OpenStreetMap named POI (ODbL 1.0, share-alike, attribution required)",yes
FR,outdoors.foot-trail,415,1,fr-FR,415,0,0,,0,0,,1.0,1.0,1.0,0.0,"OpenStreetMap named POI (ODbL 1.0, share-alike, attribution required)",yes
FR,outdoors.fort,109,1,fr-FR,109,0,0,,0,0,,1.0,1.0,1.0,0.0,"OpenStreetMap named POI (ODbL 1.0, share-alike, attribution required)",yes
FR,outdoors.hiking-trail,9255,1,fr-FR,9255,0,0,,0,0,,1.0,1.0,1.0,0.0,"OpenStreetMap named POI (ODbL 1.0, share-alike, attribution required)",yes
FR,outdoors.horse-trail,105,1,fr-FR,105,0,0,,0,0,,1.0,1.0,1.0,0.0,"OpenStreetMap named POI (ODbL 1.0, share-alike, attribution required)",yes
FR,outdoors.hot_spring,1,1,fr-FR,1,0,0,,0,0,,1.0,1.0,1.0,0.0,"OpenStreetMap named POI (ODbL 1.0, share-alike, attribution required)",yes
FR,outdoors.inline_skates-trail,2,1,fr-FR,2,0,0,,0,0,,1.0,1.0,1.0,0.0,"OpenStreetMap named POI (ODbL 1.0, share-alike, attribution required)",yes
FR,outdoors.lighthouse,121,1,fr-FR,121,0,0,,0,0,,1.0,1.0,1.0,0.0,"OpenStreetMap named POI (ODbL 1.0, share-alike, attribution required)",yes
FR,outdoors.monument,116,1,fr-FR,116,0,0,,0,0,,1.0,1.0,1.0,0.0,"OpenStreetMap named POI (ODbL 1.0, share-alike, attribution required)",yes
FR,outdoors.mountain_hut,164,1,fr-FR,164,0,0,,0,0,,1.0,1.0,1.0,0.0,"OpenStreetMap named POI (ODbL 1.0, share-alike, attribution required)",yes
FR,outdoors.mountain_pass,513,1,fr-FR,513,0,0,,0,0,,1.0,1.0,1.0,0.0,"OpenStreetMap named POI (ODbL 1.0, share-alike, attribution required)",yes
FR,outdoors.mtb-trail,1847,1,fr-FR,1847,0,0,,0,0,,1.0,1.0,1.0,0.0,"OpenStreetMap named POI (ODbL 1.0, share-alike, attribution required)",yes
FR,outdoors.natural_arch,3,1,fr-FR,3,0,0,,0,0,,1.0,1.0,1.0,0.0,"OpenStreetMap named POI (ODbL 1.0, share-alike, attribution required)",yes
FR,outdoors.observatory,13,1,fr-FR,13,0,0,,0,0,,1.0,1.0,1.0,0.0,"OpenStreetMap named POI (ODbL 1.0, share-alike, attribution required)",yes
FR,outdoors.peak,3161,1,fr-FR,3161,0,0,,0,0,,1.0,1.0,1.0,0.0,"OpenStreetMap named POI (ODbL 1.0, share-alike, attribution required)",yes
FR,outdoors.piste-trail,228,1,fr-FR,228,0,0,,0,0,,1.0,1.0,1.0,0.0,"OpenStreetMap named POI (ODbL 1.0, share-alike, attribution required)",yes
FR,outdoors.ruins,247,1,fr-FR,247,0,0,,0,0,,1.0,1.0,1.0,0.0,"OpenStreetMap named POI (ODbL 1.0, share-alike, attribution required)",yes
FR,outdoors.running-trail,169,1,fr-FR,169,0,0,,0,0,,1.0,1.0,1.0,0.0,"OpenStreetMap named POI (ODbL 1.0, share-alike, attribution required)",yes
FR,outdoors.ski-trail,23,1,fr-FR,23,0,0,,0,0,,1.0,1.0,1.0,0.0,"OpenStreetMap named POI (ODbL 1.0, share-alike, attribution required)",yes
FR,outdoors.tower,168,1,fr-FR,168,0,0,,0,0,,1.0,1.0,1.0,0.0,"OpenStreetMap named POI (ODbL 1.0, share-alike, attribution required)",yes
FR,outdoors.viewpoint,45,1,fr-FR,45,0,0,,0,0,,1.0,1.0,1.0,0.0,"OpenStreetMap named POI (ODbL 1.0, share-alike, attribution required)",yes
FR,outdoors.volcano,112,1,fr-FR,112,0,0,,0,0,,1.0,1.0,1.0,0.0,"OpenStreetMap named POI (ODbL 1.0, share-alike, attribution required)",yes
FR,outdoors.walking-trail,1,1,fr-FR,1,0,0,,0,0,,1.0,1.0,1.0,0.0,"OpenStreetMap named POI (ODbL 1.0, share-alike, attribution required)",yes
FR,outdoors.waterfall,41,1,fr-FR,41,0,0,,0,0,,1.0,1.0,1.0,0.0,"OpenStreetMap named POI (ODbL 1.0, share-alike, attribution required)",yes
FR,outdoors.watermill,58,1,fr-FR,58,0,0,,0,0,,1.0,1.0,1.0,0.0,"OpenStreetMap named POI (ODbL 1.0, share-alike, attribution required)",yes
FR,outdoors.wilderness_hut,16,1,fr-FR,16,0,0,,0,0,,1.0,1.0,1.0,0.0,"OpenStreetMap named POI (ODbL 1.0, share-alike, attribution required)",yes
FR,outdoors.windmill,64,1,fr-FR,64,0,0,,0,0,,1.0,1.0,1.0,0.0,"OpenStreetMap named POI (ODbL 1.0, share-alike, attribution required)",yes
FR,places.area-arts_centre,70,1,fr-FR,70,0,70,1.0,0,0,,1.0,1.0,1.0,0.8,"OpenStreetMap named POI (ODbL 1.0, share-alike, attribution required)",yes
FR,places.area-attraction,18,1,fr-FR,18,0,18,1.0,0,0,,1.0,1.0,1.0,0.6667,"OpenStreetMap named POI (ODbL 1.0, share-alike, attribution required)",yes
FR,places.area-bar,782,1,fr-FR,782,0,782,1.0,0,0,,1.0,1.0,1.0,0.5588,"OpenStreetMap named POI (ODbL 1.0, share-alike, attribution required)",yes
FR,places.area-cafe,530,1,fr-FR,530,0,530,1.0,0,0,,1.0,1.0,1.0,0.3906,"OpenStreetMap named POI (ODbL 1.0, share-alike, attribution required)",yes
FR,places.area-childcare,323,1,fr-FR,323,0,323,1.0,0,0,,1.0,1.0,1.0,0.7461,"OpenStreetMap named POI (ODbL 1.0, share-alike, attribution required)",yes
FR,places.area-cinema,26,1,fr-FR,26,0,26,1.0,0,0,,1.0,1.0,1.0,0.8462,"OpenStreetMap named POI (ODbL 1.0, share-alike, attribution required)",yes
FR,places.area-clinic,675,1,fr-FR,675,0,675,1.0,0,0,,1.0,1.0,1.0,0.7037,"OpenStreetMap named POI (ODbL 1.0, share-alike, attribution required)",yes
FR,places.area-college,187,1,fr-FR,187,0,187,1.0,0,0,,1.0,1.0,1.0,0.7647,"OpenStreetMap named POI (ODbL 1.0, share-alike, attribution required)",yes
FR,places.area-coworking,60,1,fr-FR,60,0,60,1.0,0,0,,1.0,1.0,1.0,0.8,"OpenStreetMap named POI (ODbL 1.0, share-alike, attribution required)",yes
FR,places.area-cuisine,2215,1,fr-FR,2215,0,2215,1.0,0,0,,1.0,1.0,1.0,0.5657,"OpenStreetMap named POI (ODbL 1.0, share-alike, attribution required)",yes
FR,places.area-dentist,237,1,fr-FR,237,0,237,1.0,0,0,,1.0,1.0,1.0,0.7553,"OpenStreetMap named POI (ODbL 1.0, share-alike, attribution required)",yes
FR,places.area-department_store,4,1,fr-FR,4,0,4,1.0,0,0,,1.0,1.0,1.0,0.75,"OpenStreetMap named POI (ODbL 1.0, share-alike, attribution required)",yes
FR,places.area-fast_food,1228,1,fr-FR,1228,0,1228,1.0,0,0,,1.0,1.0,1.0,0.4446,"OpenStreetMap named POI (ODbL 1.0, share-alike, attribution required)",yes
FR,places.area-gallery,108,1,fr-FR,108,0,108,1.0,0,0,,1.0,1.0,1.0,0.6481,"OpenStreetMap named POI (ODbL 1.0, share-alike, attribution required)",yes
FR,places.area-garden,3,1,fr-FR,3,0,3,1.0,0,0,,1.0,1.0,1.0,1.0,"OpenStreetMap named POI (ODbL 1.0, share-alike, attribution required)",yes
FR,places.area-guest_house,34,1,fr-FR,34,0,34,1.0,0,0,,1.0,1.0,1.0,0.8824,"OpenStreetMap named POI (ODbL 1.0, share-alike, attribution required)",yes
FR,places.area-gym,350,1,fr-FR,350,0,350,1.0,0,0,,1.0,1.0,1.0,0.8143,"OpenStreetMap named POI (ODbL 1.0, share-alike, attribution required)",yes
FR,places.area-hospital,6,1,fr-FR,6,0,6,1.0,0,0,,1.0,1.0,1.0,0.8333,"OpenStreetMap named POI (ODbL 1.0, share-alike, attribution required)",yes
FR,places.area-hostel,6,1,fr-FR,6,0,6,1.0,0,0,,1.0,1.0,1.0,1.0,"OpenStreetMap named POI (ODbL 1.0, share-alike, attribution required)",yes
FR,places.area-library,137,1,fr-FR,137,0,137,1.0,0,0,,1.0,1.0,1.0,0.8467,"OpenStreetMap named POI (ODbL 1.0, share-alike, attribution required)",yes
FR,places.area-marina,2,1,fr-FR,2,0,2,1.0,0,0,,1.0,1.0,1.0,1.0,"OpenStreetMap named POI (ODbL 1.0, share-alike, attribution required)",yes
FR,places.area-market,77,1,fr-FR,77,0,77,1.0,0,0,,1.0,1.0,1.0,0.8182,"OpenStreetMap named POI (ODbL 1.0, share-alike, attribution required)",yes
FR,places.area-museum,100,1,fr-FR,100,0,100,1.0,0,0,,1.0,1.0,1.0,0.8,"OpenStreetMap named POI (ODbL 1.0, share-alike, attribution required)",yes
FR,places.area-nightclub,48,1,fr-FR,48,0,48,1.0,0,0,,1.0,1.0,1.0,0.8125,"OpenStreetMap named POI (ODbL 1.0, share-alike, attribution required)",yes
FR,places.area-opening,375,1,fr-FR,375,0,375,1.0,0,0,,1.0,1.0,1.0,0.2853,"OpenStreetMap named POI (ODbL 1.0, share-alike, attribution required)",yes
FR,places.area-park,2,1,fr-FR,2,0,2,1.0,0,0,,1.0,1.0,1.0,1.0,"OpenStreetMap named POI (ODbL 1.0, share-alike, attribution required)",yes
FR,places.area-parking,82,1,fr-FR,82,0,82,1.0,0,0,,1.0,1.0,1.0,0.7927,"OpenStreetMap named POI (ODbL 1.0, share-alike, attribution required)",yes
FR,places.area-pharmacy,1365,1,fr-FR,1365,0,1365,1.0,0,0,,1.0,1.0,1.0,0.7033,"OpenStreetMap named POI (ODbL 1.0, share-alike, attribution required)",yes
FR,places.area-pub,203,1,fr-FR,203,0,203,1.0,0,0,,1.0,1.0,1.0,0.7044,"OpenStreetMap named POI (ODbL 1.0, share-alike, attribution required)",yes
FR,places.area-railway_station,12,1,fr-FR,12,0,12,1.0,0,0,,1.0,1.0,1.0,0.8333,"OpenStreetMap named POI (ODbL 1.0, share-alike, attribution required)",yes
FR,places.area-restaurant,1854,1,fr-FR,1854,0,1854,1.0,0,0,,1.0,1.0,1.0,0.2335,"OpenStreetMap named POI (ODbL 1.0, share-alike, attribution required)",yes
FR,places.area-school,521,1,fr-FR,521,0,521,1.0,0,0,,1.0,1.0,1.0,0.6564,"OpenStreetMap named POI (ODbL 1.0, share-alike, attribution required)",yes
FR,places.area-sports_centre,150,1,fr-FR,150,0,150,1.0,0,0,,1.0,1.0,1.0,0.8867,"OpenStreetMap named POI (ODbL 1.0, share-alike, attribution required)",yes
FR,places.area-supermarket,596,1,fr-FR,596,0,596,1.0,0,0,,1.0,1.0,1.0,0.7735,"OpenStreetMap named POI (ODbL 1.0, share-alike, attribution required)",yes
FR,places.area-theatre,110,1,fr-FR,110,0,110,1.0,0,0,,1.0,1.0,1.0,0.7455,"OpenStreetMap named POI (ODbL 1.0, share-alike, attribution required)",yes
FR,places.area-university,38,1,fr-FR,38,0,38,1.0,0,0,,1.0,1.0,1.0,0.6579,"OpenStreetMap named POI (ODbL 1.0, share-alike, attribution required)",yes
FR,places.area-veterinary,85,1,fr-FR,85,0,85,1.0,0,0,,1.0,1.0,1.0,0.9412,"OpenStreetMap named POI (ODbL 1.0, share-alike, attribution required)",yes
FR,places.area-viewpoint,1,1,fr-FR,1,0,1,1.0,0,0,,1.0,1.0,1.0,1.0,"OpenStreetMap named POI (ODbL 1.0, share-alike, attribution required)",yes
FR,places.city-arts_centre,78,1,fr-FR,78,0,0,,0,0,,1.0,1.0,1.0,0.0,"OpenStreetMap named POI (ODbL 1.0, share-alike, attribution required)",yes
FR,places.city-attraction,29,1,fr-FR,29,0,0,,0,0,,1.0,1.0,1.0,0.0,"OpenStreetMap named POI (ODbL 1.0, share-alike, attribution required)",yes
FR,places.city-bar,283,1,fr-FR,283,0,0,,0,0,,1.0,1.0,1.0,0.0,"OpenStreetMap named POI (ODbL 1.0, share-alike, attribution required)",yes
FR,places.city-cafe,207,1,fr-FR,207,0,0,,0,0,,1.0,1.0,1.0,0.0,"OpenStreetMap named POI (ODbL 1.0, share-alike, attribution required)",yes
FR,places.city-camp_site,3,1,fr-FR,3,0,0,,0,0,,1.0,1.0,1.0,0.0,"OpenStreetMap named POI (ODbL 1.0, share-alike, attribution required)",yes
FR,places.city-castle,1,1,fr-FR,1,0,0,,0,0,,1.0,1.0,1.0,0.0,"OpenStreetMap named POI (ODbL 1.0, share-alike, attribution required)",yes
FR,places.city-category,143,1,fr-FR,143,0,0,,0,0,,1.0,1.0,1.0,1.0,geonames-cities; places-data-verified,yes
FR,places.city-childcare,134,1,fr-FR,134,0,0,,0,0,,1.0,1.0,1.0,0.0,"OpenStreetMap named POI (ODbL 1.0, share-alike, attribution required)",yes
FR,places.city-cinema,88,1,fr-FR,88,0,0,,0,0,,1.0,1.0,1.0,0.0,"OpenStreetMap named POI (ODbL 1.0, share-alike, attribution required)",yes
FR,places.city-clinic,301,1,fr-FR,301,0,0,,0,0,,1.0,1.0,1.0,0.0,"OpenStreetMap named POI (ODbL 1.0, share-alike, attribution required)",yes
FR,places.city-college,117,1,fr-FR,117,0,0,,0,0,,1.0,1.0,1.0,0.0,"OpenStreetMap named POI (ODbL 1.0, share-alike, attribution required)",yes
FR,places.city-coworking,38,1,fr-FR,38,0,0,,0,0,,1.0,1.0,1.0,0.0,"OpenStreetMap named POI (ODbL 1.0, share-alike, attribution required)",yes
FR,places.city-cuisine,1136,1,fr-FR,1136,0,1136,1.0,0,0,,1.0,1.0,1.0,0.0,"OpenStreetMap named POI (ODbL 1.0, share-alike, attribution required)",yes
FR,places.city-dentist,118,1,fr-FR,118,0,0,,0,0,,1.0,1.0,1.0,0.0,"OpenStreetMap named POI (ODbL 1.0, share-alike, attribution required)",yes
FR,places.city-department_store,10,1,fr-FR,10,0,0,,0,0,,1.0,1.0,1.0,0.0,"OpenStreetMap named POI (ODbL 1.0, share-alike, attribution required)",yes
FR,places.city-fast_food,409,1,fr-FR,409,0,0,,0,0,,1.0,1.0,1.0,0.0,"OpenStreetMap named POI (ODbL 1.0, share-alike, attribution required)",yes
FR,places.city-gallery,73,1,fr-FR,73,0,0,,0,0,,1.0,1.0,1.0,0.0,"OpenStreetMap named POI (ODbL 1.0, share-alike, attribution required)",yes
FR,places.city-garden,4,1,fr-FR,4,0,0,,0,0,,1.0,1.0,1.0,0.0,"OpenStreetMap named POI (ODbL 1.0, share-alike, attribution required)",yes
FR,places.city-guest_house,61,1,fr-FR,61,0,0,,0,0,,1.0,1.0,1.0,0.0,"OpenStreetMap named POI (ODbL 1.0, share-alike, attribution required)",yes
FR,places.city-gym,151,1,fr-FR,151,0,0,,0,0,,1.0,1.0,1.0,0.0,"OpenStreetMap named POI (ODbL 1.0, share-alike, attribution required)",yes
FR,places.city-hospital,22,1,fr-FR,22,0,0,,0,0,,1.0,1.0,1.0,0.0,"OpenStreetMap named POI (ODbL 1.0, share-alike, attribution required)",yes
FR,places.city-hostel,12,1,fr-FR,12,0,0,,0,0,,1.0,1.0,1.0,0.0,"OpenStreetMap named POI (ODbL 1.0, share-alike, attribution required)",yes
FR,places.city-library,161,1,fr-FR,161,0,0,,0,0,,1.0,1.0,1.0,0.0,"OpenStreetMap named POI (ODbL 1.0, share-alike, attribution required)",yes
FR,places.city-marina,7,1,fr-FR,7,0,0,,0,0,,1.0,1.0,1.0,0.0,"OpenStreetMap named POI (ODbL 1.0, share-alike, attribution required)",yes
FR,places.city-market,174,1,fr-FR,174,0,0,,0,0,,1.0,1.0,1.0,0.0,"OpenStreetMap named POI (ODbL 1.0, share-alike, attribution required)",yes
FR,places.city-movie_theater,18,1,fr-FR,18,0,0,,0,0,,1.0,1.0,1.0,0.0,"Wikidata (CC0 1.0, public domain dedication, no share-alike)",yes
FR,places.city-museum,117,1,fr-FR,117,0,0,,0,0,,1.0,1.0,1.0,0.0,"OpenStreetMap named POI (ODbL 1.0, share-alike, attribution required)",yes
FR,places.city-nightclub,34,1,fr-FR,34,0,0,,0,0,,1.0,1.0,1.0,0.0,"OpenStreetMap named POI (ODbL 1.0, share-alike, attribution required)",yes
FR,places.city-opening,131,1,fr-FR,131,0,131,1.0,0,0,,1.0,1.0,1.0,0.0,"OpenStreetMap named POI (ODbL 1.0, share-alike, attribution required)",yes
FR,places.city-park,5,1,fr-FR,5,0,0,,0,0,,1.0,1.0,1.0,0.0,"OpenStreetMap named POI (ODbL 1.0, share-alike, attribution required)",yes
FR,places.city-parking,47,1,fr-FR,47,0,0,,0,0,,1.0,1.0,1.0,0.0,"OpenStreetMap named POI (ODbL 1.0, share-alike, attribution required)",yes
FR,places.city-pharmacy,474,1,fr-FR,474,0,0,,0,0,,1.0,1.0,1.0,0.0,"OpenStreetMap named POI (ODbL 1.0, share-alike, attribution required)",yes
FR,places.city-pub,80,1,fr-FR,80,0,0,,0,0,,1.0,1.0,1.0,0.0,"OpenStreetMap named POI (ODbL 1.0, share-alike, attribution required)",yes
FR,places.city-railway_station,11,1,fr-FR,11,0,0,,0,0,,1.0,1.0,1.0,0.0,"OpenStreetMap named POI (ODbL 1.0, share-alike, attribution required)",yes
FR,places.city-restaurant,771,1,fr-FR,771,0,0,,0,0,,1.0,1.0,1.0,0.0,"OpenStreetMap named POI (ODbL 1.0, share-alike, attribution required)",yes
FR,places.city-school,296,1,fr-FR,296,0,0,,0,0,,1.0,1.0,1.0,0.0,"OpenStreetMap named POI (ODbL 1.0, share-alike, attribution required)",yes
FR,places.city-shopping_mall,20,1,fr-FR,20,0,0,,0,0,,1.0,1.0,1.0,0.0,"Wikidata (CC0 1.0, public domain dedication, no share-alike)",yes
FR,places.city-sports_centre,144,1,fr-FR,144,0,0,,0,0,,1.0,1.0,1.0,0.0,"OpenStreetMap named POI (ODbL 1.0, share-alike, attribution required)",yes
FR,places.city-stadium,10,1,fr-FR,10,0,0,,0,0,,1.0,1.0,1.0,0.0,"Wikidata (CC0 1.0, public domain dedication, no share-alike)",yes
FR,places.city-supermarket,192,1,fr-FR,192,0,0,,0,0,,1.0,1.0,1.0,0.0,"OpenStreetMap named POI (ODbL 1.0, share-alike, attribution required)",yes
FR,places.city-theatre,88,1,fr-FR,88,0,0,,0,0,,1.0,1.0,1.0,0.0,"OpenStreetMap named POI (ODbL 1.0, share-alike, attribution required)",yes
FR,places.city-theme_park,7,1,fr-FR,7,0,0,,0,0,,1.0,1.0,1.0,0.0,"OpenStreetMap named POI (ODbL 1.0, share-alike, attribution required)",yes
FR,places.city-university,56,1,fr-FR,56,0,0,,0,0,,1.0,1.0,1.0,0.0,"OpenStreetMap named POI (ODbL 1.0, share-alike, attribution required)",yes
FR,places.city-veterinary,86,1,fr-FR,86,0,0,,0,0,,1.0,1.0,1.0,0.0,"OpenStreetMap named POI (ODbL 1.0, share-alike, attribution required)",yes
FR,places.city-viewpoint,1,1,fr-FR,1,0,0,,0,0,,1.0,1.0,1.0,0.0,"OpenStreetMap named POI (ODbL 1.0, share-alike, attribution required)",yes
FR,places.neighbourhood-category,33,1,fr-FR,33,0,0,,0,0,,1.0,1.0,1.0,0.0,neighbourhood-facts-verified; places-data-verified,yes
FR,poi.aquarium-notable,1,1,fr-FR,1,0,1,1.0,0,0,,1.0,1.0,1.0,0.0,"OpenStreetMap named POI (ODbL 1.0, share-alike, attribution required)",yes
FR,poi.attraction-notable,20,1,fr-FR,20,0,20,1.0,0,0,,1.0,1.0,1.0,0.0,"OpenStreetMap named POI (ODbL 1.0, share-alike, attribution required)",yes
FR,poi.gallery-notable,4,1,fr-FR,4,0,4,1.0,0,0,,1.0,1.0,1.0,0.0,"OpenStreetMap named POI (ODbL 1.0, share-alike, attribution required)",yes
FR,poi.museum-notable,222,1,fr-FR,222,0,222,1.0,0,0,,1.0,1.0,1.0,0.0,"OpenStreetMap named POI (ODbL 1.0, share-alike, attribution required)",yes
FR,poi.national_park-notable,1,1,fr-FR,1,0,1,1.0,0,0,,1.0,1.0,1.0,0.0,"Wikidata (CC0 1.0, public domain dedication, no share-alike)",yes
FR,poi.theatre-notable,27,1,fr-FR,27,0,27,1.0,0,0,,1.0,1.0,1.0,0.0,"Wikidata (CC0 1.0, public domain dedication, no share-alike)",yes
FR,poi.zoo-notable,1,1,fr-FR,1,0,1,1.0,0,0,,1.0,1.0,1.0,0.0,"OpenStreetMap named POI (ODbL 1.0, share-alike, attribution required)",yes
FR,property.city-buy,1,1,fr-FR,1,0,0,,0,0,,1.0,1.0,1.0,0.0,geonames-cities; property-price-verified,yes
FR,relocation.city,149,1,fr-FR,149,0,0,,0,0,,1.0,1.0,1.0,0.0,geonames-cities; cost-of-living-city-verified; visa-rules-verified,yes
FR,relocation.country,1,1,fr-FR,1,0,0,,0,0,,1.0,1.0,1.0,0.0,visa-rules-verified; cost-of-living-verified,yes
FR,rents.city,143,1,fr-FR,143,0,0,,0,0,,1.0,1.0,1.0,1.0,geonames-cities; rent-index-verified,yes
FR,rents.neighbourhood,33,1,fr-FR,33,0,0,,0,0,,1.0,1.0,1.0,0.0,geonames-cities; rent-index-verified,yes
FR,safety.city,24,1,fr-FR,24,0,0,,0,0,,1.0,1.0,1.0,0.0,geonames-cities; safety-data-verified,yes
FR,services.city-practical,143,1,fr-FR,143,0,0,,0,0,,1.0,1.0,1.0,1.0,geonames-cities; places-data-verified,yes
FR,sport.city-activity,24,1,fr-FR,24,0,0,,0,0,,1.0,1.0,1.0,1.0,geonames-cities; sport-routes-verified,yes
FR,stay.city-type,263,5,de-DE en-GB en-US fr-FR ja-JP,143,120,0,,0,120,1.0,1.0,1.0,1.0,1.0,geonames-cities; stay-inventory-verified,yes
FR,stay.near-venue,295,1,fr-FR,295,0,0,,0,0,,1.0,1.0,1.0,0.0,venue-data-verified; stay-inventory-verified,yes
FR,taxes.country-remote-work,1,1,fr-FR,1,0,0,,0,0,,1.0,1.0,1.0,0.0,tax-rules-verified; visa-rules-verified,yes
FR,transport.city-getting-around,143,1,fr-FR,143,0,0,,0,0,,1.0,1.0,1.0,0.0,geonames-cities; transit-fares-verified,yes
FR,transport.route-from-market,26,2,en-GB fr-FR,24,2,0,,0,2,1.0,1.0,1.0,1.0,0.0,ourairports; geonames-cities; computed-distance,yes
FR,weather.city-month,260,4,en-GB en-US fr-FR ja-JP,143,117,0,,0,117,1.0,1.0,1.0,1.0,0.0,geonames-cities; nasa-power-daily,yes
FR,work.city-jobs-category,24,1,fr-FR,24,0,0,,0,0,,1.0,1.0,1.0,0.0,geonames-cities; salary-data-verified; work-rules-verified,yes
FR,work.city-salaries,143,1,fr-FR,143,0,0,,0,0,,1.0,1.0,1.0,1.0,geonames-cities; salary-data-verified,yes
GB,activities.city-things-to-do,1441,8,de-DE en-GB es-ES fr-FR it-IT ja-JP pt-BR tr-TR,1191,250,0,,0,250,1.0,1.0,1.0,1.0,0.0,geonames-cities; attractions-verified,yes
GB,areas.city-index,47,1,en-GB,47,0,0,,0,0,,1.0,1.0,1.0,0.0,"OpenStreetMap named POI (ODbL 1.0, share-alike, attribution required)",yes
GB,areas.overview,334,1,en-GB,334,0,334,1.0,0,0,,1.0,1.0,1.0,0.0,"OpenStreetMap named POI (ODbL 1.0, share-alike, attribution required)",yes
GB,climate.region-when-to-go,14,1,en-GB,14,0,14,1.0,0,0,,1.0,1.0,1.0,0.0,"OpenStreetMap named POI (ODbL 1.0, share-alike, attribution required)",yes
GB,comparisons.city-vs-city,6,1,en-GB,6,0,0,,0,0,,1.0,1.0,1.0,1.0,geonames-cities; cost-of-living-verified,yes
GB,comparisons.city-vs-home,39,1,en-GB,39,0,0,,0,0,,1.0,1.0,1.0,0.0,geonames-cities; cost-of-living-city-verified,yes
GB,cost-of-living.city,2,1,en-GB,2,0,0,,0,0,,1.0,1.0,1.0,1.0,geonames-cities; cost-of-living-city-verified,yes
GB,cost-of-living.city-vs-market,39,1,en-GB,39,0,0,,0,0,,1.0,1.0,1.0,0.0,geonames-cities; cost-of-living-city-verified,yes
GB,destinations.country-hub,1,1,en-GB,1,0,0,,0,0,,1.0,1.0,1.0,0.0,geonames-cities; ourairports,yes
GB,destinations.region-cities,9,1,en-GB,9,0,9,1.0,0,0,,1.0,1.0,1.0,0.0,"OpenStreetMap named POI (ODbL 1.0, share-alike, attribution required)",yes
GB,destinations.region-what-to-see,118,1,en-GB,118,0,118,1.0,0,0,,1.0,1.0,1.0,0.0,"OpenStreetMap named POI (ODbL 1.0, share-alike, attribution required)",yes
GB,education.city-schools,3,1,en-GB,3,0,0,,0,0,,1.0,1.0,1.0,0.0,geonames-cities; school-data-verified,yes
GB,education.city-universities,39,1,en-GB,39,0,0,,0,0,,1.0,1.0,1.0,0.0,geonames-cities; school-data-verified,yes
GB,events.city-calendar,39,1,en-GB,39,0,0,,0,0,,1.0,1.0,1.0,0.0,geonames-cities; events-verified,yes
GB,events.city-type,39,1,en-GB,39,0,0,,0,0,,1.0,1.0,1.0,1.0,geonames-cities; events-verified,yes
GB,events.city-window,39,1,en-GB,39,0,0,,0,0,,1.0,1.0,1.0,1.0,geonames-cities; events-verified,yes
GB,health.city,2,1,en-GB,2,0,0,,0,0,,1.0,1.0,1.0,0.0,geonames-cities; health-rules-verified,yes
GB,neighbourhoods.city-where-to-stay,1,1,en-GB,1,0,0,,0,0,,1.0,1.0,1.0,0.0,geonames-cities; neighbourhood-facts-verified,yes
GB,neighbourhoods.guide,43,1,en-GB,43,0,0,,0,0,,1.0,1.0,1.0,0.0,geonames-cities; neighbourhood-facts-verified,yes
GB,outdoors.archaeological_site,416,1,en-GB,416,0,0,,0,0,,1.0,1.0,1.0,0.0,"OpenStreetMap named POI (ODbL 1.0, share-alike, attribution required)",yes
GB,outdoors.beach,24,1,en-GB,24,0,5,1.0,0,0,,1.0,1.0,1.0,0.0,"OpenStreetMap named POI (ODbL 1.0, share-alike, attribution required)",yes
GB,outdoors.beach-in-region,6,1,en-GB,6,0,0,,0,0,,1.0,1.0,1.0,0.0,"OpenStreetMap named POI (ODbL 1.0, share-alike, attribution required)",yes
GB,outdoors.bicycle-trail,953,1,en-GB,953,0,0,,0,0,,1.0,1.0,1.0,0.0,"OpenStreetMap named POI (ODbL 1.0, share-alike, attribution required)",yes
GB,outdoors.camp_site,5,1,en-GB,5,0,0,,0,0,,1.0,1.0,1.0,0.0,"OpenStreetMap named POI (ODbL 1.0, share-alike, attribution required)",yes
GB,outdoors.canoe-trail,1,1,en-GB,1,0,0,,0,0,,1.0,1.0,1.0,0.0,"OpenStreetMap named POI (ODbL 1.0, share-alike, attribution required)",yes
GB,outdoors.caravan_site,3,1,en-GB,3,0,0,,0,0,,1.0,1.0,1.0,0.0,"OpenStreetMap named POI (ODbL 1.0, share-alike, attribution required)",yes
GB,outdoors.castle,352,1,en-GB,352,0,0,,0,0,,1.0,1.0,1.0,0.0,"OpenStreetMap named POI (ODbL 1.0, share-alike, attribution required)",yes
GB,outdoors.cave,39,1,en-GB,39,0,0,,0,0,,1.0,1.0,1.0,0.0,"OpenStreetMap named POI (ODbL 1.0, share-alike, attribution required)",yes
GB,outdoors.city_gate,14,1,en-GB,14,0,0,,0,0,,1.0,1.0,1.0,0.0,"OpenStreetMap named POI (ODbL 1.0, share-alike, attribution required)",yes
GB,outdoors.foot-trail,685,1,en-GB,685,0,0,,0,0,,1.0,1.0,1.0,0.0,"OpenStreetMap named POI (ODbL 1.0, share-alike, attribution required)",yes
GB,outdoors.fort,32,1,en-GB,32,0,0,,0,0,,1.0,1.0,1.0,0.0,"OpenStreetMap named POI (ODbL 1.0, share-alike, attribution required)",yes
GB,outdoors.hiking-trail,1442,1,en-GB,1442,0,0,,0,0,,1.0,1.0,1.0,0.0,"OpenStreetMap named POI (ODbL 1.0, share-alike, attribution required)",yes
GB,outdoors.horse-trail,15,1,en-GB,15,0,0,,0,0,,1.0,1.0,1.0,0.0,"OpenStreetMap named POI (ODbL 1.0, share-alike, attribution required)",yes
GB,outdoors.lighthouse,68,1,en-GB,68,0,0,,0,0,,1.0,1.0,1.0,0.0,"OpenStreetMap named POI (ODbL 1.0, share-alike, attribution required)",yes
GB,outdoors.monument,113,1,en-GB,113,0,0,,0,0,,1.0,1.0,1.0,0.0,"OpenStreetMap named POI (ODbL 1.0, share-alike, attribution required)",yes
GB,outdoors.mountain_hut,1,1,en-GB,1,0,0,,0,0,,1.0,1.0,1.0,0.0,"OpenStreetMap named POI (ODbL 1.0, share-alike, attribution required)",yes
GB,outdoors.mountain_pass,12,1,en-GB,12,0,0,,0,0,,1.0,1.0,1.0,0.0,"OpenStreetMap named POI (ODbL 1.0, share-alike, attribution required)",yes
GB,outdoors.mtb-trail,78,1,en-GB,78,0,0,,0,0,,1.0,1.0,1.0,0.0,"OpenStreetMap named POI (ODbL 1.0, share-alike, attribution required)",yes
GB,outdoors.natural_arch,1,1,en-GB,1,0,0,,0,0,,1.0,1.0,1.0,0.0,"OpenStreetMap named POI (ODbL 1.0, share-alike, attribution required)",yes
GB,outdoors.observatory,10,1,en-GB,10,0,0,,0,0,,1.0,1.0,1.0,0.0,"OpenStreetMap named POI (ODbL 1.0, share-alike, attribution required)",yes
GB,outdoors.peak,2319,1,en-GB,2319,0,0,,0,0,,1.0,1.0,1.0,0.0,"OpenStreetMap named POI (ODbL 1.0, share-alike, attribution required)",yes
GB,outdoors.ruins,218,1,en-GB,218,0,0,,0,0,,1.0,1.0,1.0,0.0,"OpenStreetMap named POI (ODbL 1.0, share-alike, attribution required)",yes
GB,outdoors.running-trail,62,1,en-GB,62,0,0,,0,0,,1.0,1.0,1.0,0.0,"OpenStreetMap named POI (ODbL 1.0, share-alike, attribution required)",yes
GB,outdoors.tower,56,1,en-GB,56,0,0,,0,0,,1.0,1.0,1.0,0.0,"OpenStreetMap named POI (ODbL 1.0, share-alike, attribution required)",yes
GB,outdoors.viewpoint,11,1,en-GB,11,0,0,,0,0,,1.0,1.0,1.0,0.0,"OpenStreetMap named POI (ODbL 1.0, share-alike, attribution required)",yes
GB,outdoors.volcano,1,1,en-GB,1,0,0,,0,0,,1.0,1.0,1.0,0.0,"OpenStreetMap named POI (ODbL 1.0, share-alike, attribution required)",yes
GB,outdoors.waterfall,16,1,en-GB,16,0,0,,0,0,,1.0,1.0,1.0,0.0,"OpenStreetMap named POI (ODbL 1.0, share-alike, attribution required)",yes
GB,outdoors.watermill,23,1,en-GB,23,0,0,,0,0,,1.0,1.0,1.0,0.0,"OpenStreetMap named POI (ODbL 1.0, share-alike, attribution required)",yes
GB,outdoors.wilderness_hut,3,1,en-GB,3,0,0,,0,0,,1.0,1.0,1.0,0.0,"OpenStreetMap named POI (ODbL 1.0, share-alike, attribution required)",yes
GB,outdoors.windmill,37,1,en-GB,37,0,0,,0,0,,1.0,1.0,1.0,0.0,"OpenStreetMap named POI (ODbL 1.0, share-alike, attribution required)",yes
GB,places.area-arts_centre,17,1,en-GB,17,0,17,1.0,0,0,,1.0,1.0,1.0,0.7059,"OpenStreetMap named POI (ODbL 1.0, share-alike, attribution required)",yes
GB,places.area-attraction,21,1,en-GB,21,0,21,1.0,0,0,,1.0,1.0,1.0,0.8571,"OpenStreetMap named POI (ODbL 1.0, share-alike, attribution required)",yes
GB,places.area-bar,297,1,en-GB,297,0,297,1.0,0,0,,1.0,1.0,1.0,0.5993,"OpenStreetMap named POI (ODbL 1.0, share-alike, attribution required)",yes
GB,places.area-cafe,1354,1,en-GB,1354,0,1354,1.0,0,0,,1.0,1.0,1.0,0.4638,"OpenStreetMap named POI (ODbL 1.0, share-alike, attribution required)",yes
GB,places.area-childcare,128,1,en-GB,128,0,128,1.0,0,0,,1.0,1.0,1.0,0.9297,"OpenStreetMap named POI (ODbL 1.0, share-alike, attribution required)",yes
GB,places.area-cinema,10,1,en-GB,10,0,10,1.0,0,0,,1.0,1.0,1.0,0.9,"OpenStreetMap named POI (ODbL 1.0, share-alike, attribution required)",yes
GB,places.area-clinic,302,1,en-GB,302,0,302,1.0,0,0,,1.0,1.0,1.0,0.8775,"OpenStreetMap named POI (ODbL 1.0, share-alike, attribution required)",yes
GB,places.area-college,9,1,en-GB,9,0,9,1.0,0,0,,1.0,1.0,1.0,0.7778,"OpenStreetMap named POI (ODbL 1.0, share-alike, attribution required)",yes
GB,places.area-coworking,19,1,en-GB,19,0,19,1.0,0,0,,1.0,1.0,1.0,0.7368,"OpenStreetMap named POI (ODbL 1.0, share-alike, attribution required)",yes
GB,places.area-cuisine,2130,1,en-GB,2130,0,2130,1.0,0,0,,1.0,1.0,1.0,0.7408,"OpenStreetMap named POI (ODbL 1.0, share-alike, attribution required)",yes
GB,places.area-dentist,348,1,en-GB,348,0,348,1.0,0,0,,1.0,1.0,1.0,0.8362,"OpenStreetMap named POI (ODbL 1.0, share-alike, attribution required)",yes
GB,places.area-department_store,22,1,en-GB,22,0,22,1.0,0,0,,1.0,1.0,1.0,0.9091,"OpenStreetMap named POI (ODbL 1.0, share-alike, attribution required)",yes
GB,places.area-fast_food,1548,1,en-GB,1548,0,1548,1.0,0,0,,1.0,1.0,1.0,0.4109,"OpenStreetMap named POI (ODbL 1.0, share-alike, attribution required)",yes
GB,places.area-gallery,54,1,en-GB,54,0,54,1.0,0,0,,1.0,1.0,1.0,0.7778,"OpenStreetMap named POI (ODbL 1.0, share-alike, attribution required)",yes
GB,places.area-garden,1,1,en-GB,1,0,1,1.0,0,0,,1.0,1.0,1.0,1.0,"OpenStreetMap named POI (ODbL 1.0, share-alike, attribution required)",yes
GB,places.area-guest_house,84,1,en-GB,84,0,84,1.0,0,0,,1.0,1.0,1.0,0.5833,"OpenStreetMap named POI (ODbL 1.0, share-alike, attribution required)",yes
GB,places.area-gym,271,1,en-GB,271,0,271,1.0,0,0,,1.0,1.0,1.0,0.8303,"OpenStreetMap named POI (ODbL 1.0, share-alike, attribution required)",yes
GB,places.area-hospital,1,1,en-GB,1,0,1,1.0,0,0,,1.0,1.0,1.0,1.0,"OpenStreetMap named POI (ODbL 1.0, share-alike, attribution required)",yes
GB,places.area-hostel,7,1,en-GB,7,0,7,1.0,0,0,,1.0,1.0,1.0,0.8571,"OpenStreetMap named POI (ODbL 1.0, share-alike, attribution required)",yes
GB,places.area-library,42,1,en-GB,42,0,42,1.0,0,0,,1.0,1.0,1.0,0.8333,"OpenStreetMap named POI (ODbL 1.0, share-alike, attribution required)",yes
GB,places.area-market,4,1,en-GB,4,0,4,1.0,0,0,,1.0,1.0,1.0,1.0,"OpenStreetMap named POI (ODbL 1.0, share-alike, attribution required)",yes
GB,places.area-museum,55,1,en-GB,55,0,55,1.0,0,0,,1.0,1.0,1.0,0.9273,"OpenStreetMap named POI (ODbL 1.0, share-alike, attribution required)",yes
GB,places.area-nightclub,41,1,en-GB,41,0,41,1.0,0,0,,1.0,1.0,1.0,0.7805,"OpenStreetMap named POI (ODbL 1.0, share-alike, attribution required)",yes
GB,places.area-opening,519,1,en-GB,519,0,519,1.0,0,0,,1.0,1.0,1.0,0.4663,"OpenStreetMap named POI (ODbL 1.0, share-alike, attribution required)",yes
GB,places.area-parking,14,1,en-GB,14,0,14,1.0,0,0,,1.0,1.0,1.0,1.0,"OpenStreetMap named POI (ODbL 1.0, share-alike, attribution required)",yes
GB,places.area-pharmacy,642,1,en-GB,642,0,642,1.0,0,0,,1.0,1.0,1.0,0.9268,"OpenStreetMap named POI (ODbL 1.0, share-alike, attribution required)",yes
GB,places.area-pub,930,1,en-GB,930,0,930,1.0,0,0,,1.0,1.0,1.0,0.7011,"OpenStreetMap named POI (ODbL 1.0, share-alike, attribution required)",yes
GB,places.area-railway_station,4,1,en-GB,4,0,4,1.0,0,0,,1.0,1.0,1.0,1.0,"OpenStreetMap named POI (ODbL 1.0, share-alike, attribution required)",yes
GB,places.area-restaurant,890,1,en-GB,890,0,890,1.0,0,0,,1.0,1.0,1.0,0.2843,"OpenStreetMap named POI (ODbL 1.0, share-alike, attribution required)",yes
GB,places.area-school,53,1,en-GB,53,0,53,1.0,0,0,,1.0,1.0,1.0,0.8868,"OpenStreetMap named POI (ODbL 1.0, share-alike, attribution required)",yes
GB,places.area-sports_centre,50,1,en-GB,50,0,50,1.0,0,0,,1.0,1.0,1.0,0.92,"OpenStreetMap named POI (ODbL 1.0, share-alike, attribution required)",yes
GB,places.area-supermarket,248,1,en-GB,248,0,248,1.0,0,0,,1.0,1.0,1.0,0.8952,"OpenStreetMap named POI (ODbL 1.0, share-alike, attribution required)",yes
GB,places.area-theatre,25,1,en-GB,25,0,25,1.0,0,0,,1.0,1.0,1.0,0.8,"OpenStreetMap named POI (ODbL 1.0, share-alike, attribution required)",yes
GB,places.area-university,4,1,en-GB,4,0,4,1.0,0,0,,1.0,1.0,1.0,0.5,"OpenStreetMap named POI (ODbL 1.0, share-alike, attribution required)",yes
GB,places.area-veterinary,29,1,en-GB,29,0,29,1.0,0,0,,1.0,1.0,1.0,0.9655,"OpenStreetMap named POI (ODbL 1.0, share-alike, attribution required)",yes
GB,places.city-aquarium,2,1,en-GB,2,0,0,,0,0,,1.0,1.0,1.0,0.0,"OpenStreetMap named POI (ODbL 1.0, share-alike, attribution required)",yes
GB,places.city-arts_centre,22,1,en-GB,22,0,0,,0,0,,1.0,1.0,1.0,0.0,"OpenStreetMap named POI (ODbL 1.0, share-alike, attribution required)",yes
GB,places.city-attraction,35,1,en-GB,35,0,0,,0,0,,1.0,1.0,1.0,0.0,"OpenStreetMap named POI (ODbL 1.0, share-alike, attribution required)",yes
GB,places.city-bar,97,1,en-GB,97,0,0,,0,0,,1.0,1.0,1.0,0.0,"OpenStreetMap named POI (ODbL 1.0, share-alike, attribution required)",yes
GB,places.city-cafe,485,1,en-GB,485,0,0,,0,0,,1.0,1.0,1.0,0.0,"OpenStreetMap named POI (ODbL 1.0, share-alike, attribution required)",yes
GB,places.city-camp_site,10,1,en-GB,10,0,0,,0,0,,1.0,1.0,1.0,0.0,"OpenStreetMap named POI (ODbL 1.0, share-alike, attribution required)",yes
GB,places.city-category,39,1,en-GB,39,0,0,,0,0,,1.0,1.0,1.0,1.0,geonames-cities; places-data-verified,yes
GB,places.city-childcare,78,1,en-GB,78,0,0,,0,0,,1.0,1.0,1.0,0.0,"OpenStreetMap named POI (ODbL 1.0, share-alike, attribution required)",yes
GB,places.city-cinema,25,1,en-GB,25,0,0,,0,0,,1.0,1.0,1.0,0.0,"OpenStreetMap named POI (ODbL 1.0, share-alike, attribution required)",yes
GB,places.city-clinic,136,1,en-GB,136,0,0,,0,0,,1.0,1.0,1.0,0.0,"OpenStreetMap named POI (ODbL 1.0, share-alike, attribution required)",yes
GB,places.city-college,9,1,en-GB,9,0,0,,0,0,,1.0,1.0,1.0,0.0,"OpenStreetMap named POI (ODbL 1.0, share-alike, attribution required)",yes
GB,places.city-coworking,13,1,en-GB,13,0,0,,0,0,,1.0,1.0,1.0,0.0,"OpenStreetMap named POI (ODbL 1.0, share-alike, attribution required)",yes
GB,places.city-cuisine,1257,1,en-GB,1257,0,1257,1.0,0,0,,1.0,1.0,1.0,0.0,"OpenStreetMap named POI (ODbL 1.0, share-alike, attribution required)",yes
GB,places.city-dentist,158,1,en-GB,158,0,0,,0,0,,1.0,1.0,1.0,0.0,"OpenStreetMap named POI (ODbL 1.0, share-alike, attribution required)",yes
GB,places.city-department_store,56,1,en-GB,56,0,0,,0,0,,1.0,1.0,1.0,0.0,"OpenStreetMap named POI (ODbL 1.0, share-alike, attribution required)",yes
GB,places.city-fast_food,487,1,en-GB,487,0,0,,0,0,,1.0,1.0,1.0,0.0,"OpenStreetMap named POI (ODbL 1.0, share-alike, attribution required)",yes
GB,places.city-gallery,31,1,en-GB,31,0,0,,0,0,,1.0,1.0,1.0,0.0,"OpenStreetMap named POI (ODbL 1.0, share-alike, attribution required)",yes
GB,places.city-garden,4,1,en-GB,4,0,0,,0,0,,1.0,1.0,1.0,0.0,"OpenStreetMap named POI (ODbL 1.0, share-alike, attribution required)",yes
GB,places.city-guest_house,82,1,en-GB,82,0,0,,0,0,,1.0,1.0,1.0,0.0,"OpenStreetMap named POI (ODbL 1.0, share-alike, attribution required)",yes
GB,places.city-gym,105,1,en-GB,105,0,0,,0,0,,1.0,1.0,1.0,0.0,"OpenStreetMap named POI (ODbL 1.0, share-alike, attribution required)",yes
GB,places.city-hospital,45,1,en-GB,45,0,0,,0,0,,1.0,1.0,1.0,0.0,"Wikidata (CC0 1.0, public domain dedication, no share-alike)",yes
GB,places.city-hostel,10,1,en-GB,10,0,0,,0,0,,1.0,1.0,1.0,0.0,"OpenStreetMap named POI (ODbL 1.0, share-alike, attribution required)",yes
GB,places.city-library,58,1,en-GB,58,0,0,,0,0,,1.0,1.0,1.0,0.0,"OpenStreetMap named POI (ODbL 1.0, share-alike, attribution required)",yes
GB,places.city-mall,1,1,en-GB,1,0,0,,0,0,,1.0,1.0,1.0,0.0,"OpenStreetMap named POI (ODbL 1.0, share-alike, attribution required)",yes
GB,places.city-marina,2,1,en-GB,2,0,0,,0,0,,1.0,1.0,1.0,0.0,"OpenStreetMap named POI (ODbL 1.0, share-alike, attribution required)",yes
GB,places.city-market,24,1,en-GB,24,0,0,,0,0,,1.0,1.0,1.0,0.0,"OpenStreetMap named POI (ODbL 1.0, share-alike, attribution required)",yes
GB,places.city-movie_theater,281,1,en-GB,281,0,0,,0,0,,1.0,1.0,1.0,0.0,"Wikidata (CC0 1.0, public domain dedication, no share-alike)",yes
GB,places.city-museum,79,1,en-GB,79,0,0,,0,0,,1.0,1.0,1.0,0.0,"OpenStreetMap named POI (ODbL 1.0, share-alike, attribution required)",yes
GB,places.city-nature_reserve,3,1,en-GB,3,0,0,,0,0,,1.0,1.0,1.0,0.0,"OpenStreetMap named POI (ODbL 1.0, share-alike, attribution required)",yes
GB,places.city-nightclub,21,1,en-GB,21,0,0,,0,0,,1.0,1.0,1.0,0.0,"OpenStreetMap named POI (ODbL 1.0, share-alike, attribution required)",yes
GB,places.city-opening,264,1,en-GB,264,0,264,1.0,0,0,,1.0,1.0,1.0,0.0,"OpenStreetMap named POI (ODbL 1.0, share-alike, attribution required)",yes
GB,places.city-park,2,1,en-GB,2,0,0,,0,0,,1.0,1.0,1.0,0.0,"OpenStreetMap named POI (ODbL 1.0, share-alike, attribution required)",yes
GB,places.city-parking,10,1,en-GB,10,0,0,,0,0,,1.0,1.0,1.0,0.0,"OpenStreetMap named POI (ODbL 1.0, share-alike, attribution required)",yes
GB,places.city-pharmacy,240,1,en-GB,240,0,0,,0,0,,1.0,1.0,1.0,0.0,"OpenStreetMap named POI (ODbL 1.0, share-alike, attribution required)",yes
GB,places.city-pub,386,1,en-GB,386,0,0,,0,0,,1.0,1.0,1.0,0.0,"OpenStreetMap named POI (ODbL 1.0, share-alike, attribution required)",yes
GB,places.city-railway_station,9,1,en-GB,9,0,0,,0,0,,1.0,1.0,1.0,0.0,"OpenStreetMap named POI (ODbL 1.0, share-alike, attribution required)",yes
GB,places.city-restaurant,347,1,en-GB,347,0,0,,0,0,,1.0,1.0,1.0,0.0,"OpenStreetMap named POI (ODbL 1.0, share-alike, attribution required)",yes
GB,places.city-school,28,1,en-GB,28,0,0,,0,0,,1.0,1.0,1.0,0.0,"OpenStreetMap named POI (ODbL 1.0, share-alike, attribution required)",yes
GB,places.city-shopping_mall,47,1,en-GB,47,0,0,,0,0,,1.0,1.0,1.0,0.0,"Wikidata (CC0 1.0, public domain dedication, no share-alike)",yes
GB,places.city-sports_centre,58,1,en-GB,58,0,0,,0,0,,1.0,1.0,1.0,0.0,"OpenStreetMap named POI (ODbL 1.0, share-alike, attribution required)",yes
GB,places.city-stadium,16,1,en-GB,16,0,0,,0,0,,1.0,1.0,1.0,0.0,"Wikidata (CC0 1.0, public domain dedication, no share-alike)",yes
GB,places.city-supermarket,80,1,en-GB,80,0,0,,0,0,,1.0,1.0,1.0,0.0,"OpenStreetMap named POI (ODbL 1.0, share-alike, attribution required)",yes
GB,places.city-theatre,24,1,en-GB,24,0,0,,0,0,,1.0,1.0,1.0,0.0,"OpenStreetMap named POI (ODbL 1.0, share-alike, attribution required)",yes
GB,places.city-theme_park,1,1,en-GB,1,0,0,,0,0,,1.0,1.0,1.0,0.0,"OpenStreetMap named POI (ODbL 1.0, share-alike, attribution required)",yes
GB,places.city-university,18,1,en-GB,18,0,0,,0,0,,1.0,1.0,1.0,0.0,"Wikidata (CC0 1.0, public domain dedication, no share-alike)",yes
GB,places.city-veterinary,45,1,en-GB,45,0,0,,0,0,,1.0,1.0,1.0,0.0,"OpenStreetMap named POI (ODbL 1.0, share-alike, attribution required)",yes
GB,places.city-viewpoint,1,1,en-GB,1,0,0,,0,0,,1.0,1.0,1.0,0.0,"OpenStreetMap named POI (ODbL 1.0, share-alike, attribution required)",yes
GB,places.neighbourhood-category,43,1,en-GB,43,0,0,,0,0,,1.0,1.0,1.0,0.0,neighbourhood-facts-verified; places-data-verified,yes
GB,poi.amusement_park-notable,1,1,en-GB,1,0,1,1.0,0,0,,1.0,1.0,1.0,0.0,"Wikidata (CC0 1.0, public domain dedication, no share-alike)",yes
GB,poi.aquarium-notable,2,1,en-GB,2,0,2,1.0,0,0,,1.0,1.0,1.0,0.0,"OpenStreetMap named POI (ODbL 1.0, share-alike, attribution required)",yes
GB,poi.archaeological_site-notable,2,1,en-GB,2,0,2,1.0,0,0,,1.0,1.0,1.0,0.0,"OpenStreetMap named POI (ODbL 1.0, share-alike, attribution required)",yes
GB,poi.art_museum-notable,11,1,en-GB,11,0,11,1.0,0,0,,1.0,1.0,1.0,0.0,"Wikidata (CC0 1.0, public domain dedication, no share-alike)",yes
GB,poi.attraction-notable,38,1,en-GB,38,0,38,1.0,0,0,,1.0,1.0,1.0,0.0,"OpenStreetMap named POI (ODbL 1.0, share-alike, attribution required)",yes
GB,poi.botanical_garden-notable,1,1,en-GB,1,0,1,1.0,0,0,,1.0,1.0,1.0,0.0,"Wikidata (CC0 1.0, public domain dedication, no share-alike)",yes
GB,poi.gallery-notable,27,1,en-GB,27,0,27,1.0,0,0,,1.0,1.0,1.0,0.0,"OpenStreetMap named POI (ODbL 1.0, share-alike, attribution required)",yes
GB,poi.museum-notable,216,1,en-GB,216,0,216,1.0,0,0,,1.0,1.0,1.0,0.0,"OpenStreetMap named POI (ODbL 1.0, share-alike, attribution required)",yes
GB,poi.park-notable,5,1,en-GB,5,0,5,1.0,0,0,,1.0,1.0,1.0,0.0,"Wikidata (CC0 1.0, public domain dedication, no share-alike)",yes
GB,poi.theme_park-notable,1,1,en-GB,1,0,1,1.0,0,0,,1.0,1.0,1.0,0.0,"OpenStreetMap named POI (ODbL 1.0, share-alike, attribution required)",yes
GB,property.city-buy,240,1,en-GB,240,0,0,,0,0,,1.0,1.0,1.0,0.0,geonames-cities; property-price-verified,yes
GB,relocation.city,240,1,en-GB,240,0,0,,0,0,,1.0,1.0,1.0,0.0,geonames-cities; cost-of-living-city-verified; visa-rules-verified,yes
GB,relocation.country,1,1,en-GB,1,0,0,,0,0,,1.0,1.0,1.0,0.0,visa-rules-verified; cost-of-living-verified,yes
GB,rents.city,240,1,en-GB,240,0,0,,0,0,,1.0,1.0,1.0,1.0,geonames-cities; rent-index-verified,yes
GB,rents.neighbourhood,43,1,en-GB,43,0,0,,0,0,,1.0,1.0,1.0,0.0,geonames-cities; rent-index-verified,yes
GB,safety.city,2,1,en-GB,2,0,0,,0,0,,1.0,1.0,1.0,0.0,geonames-cities; safety-data-verified,yes
GB,services.city-practical,39,1,en-GB,39,0,0,,0,0,,1.0,1.0,1.0,1.0,geonames-cities; places-data-verified,yes
GB,sport.city-activity,39,1,en-GB,39,0,0,,0,0,,1.0,1.0,1.0,1.0,geonames-cities; sport-routes-verified,yes
GB,stay.city-type,283,4,de-DE en-GB ja-JP tr-TR,39,244,0,,0,244,1.0,1.0,1.0,1.0,1.0,geonames-cities; stay-inventory-verified,yes
GB,stay.near-venue,486,1,en-GB,486,0,0,,0,0,,1.0,1.0,1.0,0.0,venue-data-verified; stay-inventory-verified,yes
GB,taxes.country-remote-work,1,1,en-GB,1,0,0,,0,0,,1.0,1.0,1.0,0.0,tax-rules-verified; visa-rules-verified,yes
GB,transport.city-getting-around,240,1,en-GB,240,0,0,,0,0,,1.0,1.0,1.0,0.0,geonames-cities; transit-fares-verified,yes
GB,transport.route-from-market,39,1,en-GB,39,0,0,,0,0,,1.0,1.0,1.0,0.0,ourairports; geonames-cities; computed-distance,yes
GB,visas.country-work-permit,1,1,en-GB,1,0,0,,0,0,,1.0,1.0,1.0,0.0,visa-rules-verified; work-rules-verified,yes
GB,weather.city-month,399,2,en-GB ja-JP,240,159,0,,0,159,1.0,1.0,1.0,1.0,0.0,geonames-cities; nasa-power-daily,yes
GB,work.city-jobs-category,39,1,en-GB,39,0,0,,0,0,,1.0,1.0,1.0,0.0,geonames-cities; salary-data-verified; work-rules-verified,yes
GB,work.city-salaries,240,1,en-GB,240,0,0,,0,0,,1.0,1.0,1.0,1.0,geonames-cities; salary-data-verified,yes
GE,activities.city-things-to-do,17,1,tr-TR,0,17,0,,0,17,1.0,1.0,1.0,1.0,0.0,geonames-cities; attractions-verified,yes
GE,stay.city-type,17,1,tr-TR,0,17,0,,0,17,1.0,1.0,1.0,1.0,1.0,geonames-cities; stay-inventory-verified,yes
GR,activities.city-things-to-do,121,4,de-DE en-US it-IT tr-TR,0,121,0,,0,121,1.0,1.0,1.0,1.0,0.0,geonames-cities; attractions-verified,yes
GR,stay.city-type,156,4,de-DE en-GB it-IT tr-TR,0,156,0,,0,156,1.0,1.0,1.0,1.0,1.0,geonames-cities; stay-inventory-verified,yes
GR,transport.route-from-market,2,1,en-GB,0,2,0,,0,2,1.0,1.0,1.0,1.0,0.0,ourairports; geonames-cities; computed-distance,yes
GR,weather.city-month,80,3,de-DE en-US it-IT,0,80,0,,0,80,1.0,1.0,1.0,1.0,0.0,geonames-cities; nasa-power-daily,yes
HR,activities.city-things-to-do,19,3,de-DE en-US it-IT,0,19,0,,0,19,1.0,1.0,1.0,1.0,0.0,geonames-cities; attractions-verified,yes
HR,stay.city-type,56,3,de-DE en-GB it-IT,0,56,0,,0,56,1.0,1.0,1.0,1.0,1.0,geonames-cities; stay-inventory-verified,yes
HR,transport.route-from-market,1,1,en-GB,0,1,0,,0,1,1.0,1.0,1.0,1.0,0.0,ourairports; geonames-cities; computed-distance,yes
HR,weather.city-month,19,3,de-DE en-US it-IT,0,19,0,,0,19,1.0,1.0,1.0,1.0,0.0,geonames-cities; nasa-power-daily,yes
HU,activities.city-things-to-do,4,4,de-DE es-ES fr-FR it-IT,0,4,0,,0,4,1.0,1.0,1.0,1.0,0.0,geonames-cities; attractions-verified,yes
HU,stay.city-type,1,1,de-DE,0,1,0,,0,1,1.0,1.0,1.0,1.0,1.0,geonames-cities; stay-inventory-verified,yes
ID,activities.city-things-to-do,196,4,de-DE en-US it-IT ja-JP,0,196,0,,0,196,1.0,1.0,1.0,1.0,0.0,geonames-cities; attractions-verified,yes
ID,stay.city-type,157,4,de-DE en-GB it-IT ja-JP,0,157,0,,0,157,1.0,1.0,1.0,1.0,1.0,geonames-cities; stay-inventory-verified,yes
ID,transport.route-from-market,55,1,en-GB,0,55,0,,0,55,1.0,1.0,1.0,1.0,0.0,ourairports; geonames-cities; computed-distance,yes
ID,weather.city-month,196,4,de-DE en-US it-IT ja-JP,0,196,0,,0,196,1.0,1.0,1.0,1.0,0.0,geonames-cities; nasa-power-daily,yes
IE,activities.city-things-to-do,10,5,de-DE en-US es-ES fr-FR it-IT,0,10,0,,0,10,1.0,1.0,1.0,1.0,0.0,geonames-cities; attractions-verified,yes
IE,stay.city-type,3,2,de-DE en-GB,0,3,0,,0,3,1.0,1.0,1.0,1.0,1.0,geonames-cities; stay-inventory-verified,yes
IE,transport.route-from-market,2,1,en-GB,0,2,0,,0,2,1.0,1.0,1.0,1.0,0.0,ourairports; geonames-cities; computed-distance,yes
IE,weather.city-month,6,1,en-US,0,6,0,,0,6,1.0,1.0,1.0,1.0,0.0,geonames-cities; nasa-power-daily,yes
IN,activities.city-things-to-do,730,2,en-US ja-JP,0,730,0,,0,730,1.0,1.0,1.0,1.0,0.0,geonames-cities; attractions-verified,yes
IN,stay.city-type,412,3,de-DE en-GB ja-JP,0,412,0,,0,412,1.0,1.0,1.0,1.0,1.0,geonames-cities; stay-inventory-verified,yes
IN,transport.route-from-market,169,1,en-GB,0,169,0,,0,169,1.0,1.0,1.0,1.0,0.0,ourairports; geonames-cities; computed-distance,yes
IN,weather.city-month,730,2,en-US ja-JP,0,730,0,,0,730,1.0,1.0,1.0,1.0,0.0,geonames-cities; nasa-power-daily,yes
IS,activities.city-things-to-do,3,3,de-DE en-US it-IT,0,3,0,,0,3,1.0,1.0,1.0,1.0,0.0,geonames-cities; attractions-verified,yes
IS,stay.city-type,11,1,de-DE,0,11,0,,0,11,1.0,1.0,1.0,1.0,1.0,geonames-cities; stay-inventory-verified,yes
IS,weather.city-month,3,3,de-DE en-US it-IT,0,3,0,,0,3,1.0,1.0,1.0,1.0,0.0,geonames-cities; nasa-power-daily,yes
IT,activities.city-things-to-do,308,7,de-DE en-GB es-ES fr-FR it-IT ja-JP tr-TR,133,175,0,,0,175,1.0,1.0,1.0,1.0,0.0,geonames-cities; attractions-verified,yes
IT,areas.city-index,35,1,it-IT,35,0,0,,0,0,,1.0,1.0,1.0,0.0,"OpenStreetMap named POI (ODbL 1.0, share-alike, attribution required)",yes
IT,areas.overview,345,1,it-IT,345,0,345,1.0,0,0,,1.0,1.0,1.0,0.0,"OpenStreetMap named POI (ODbL 1.0, share-alike, attribution required)",yes
IT,comparisons.city-vs-home,40,1,it-IT,40,0,0,,0,0,,1.0,1.0,1.0,0.0,geonames-cities; cost-of-living-city-verified,yes
IT,cost-of-living.city,144,1,it-IT,144,0,0,,0,0,,1.0,1.0,1.0,1.0,geonames-cities; cost-of-living-city-verified,yes
IT,cost-of-living.city-vs-market,40,1,it-IT,40,0,0,,0,0,,1.0,1.0,1.0,0.0,geonames-cities; cost-of-living-city-verified,yes
IT,destinations.country-hub,1,1,it-IT,1,0,0,,0,0,,1.0,1.0,1.0,0.0,geonames-cities; ourairports,yes
IT,destinations.region-cities,30,1,it-IT,30,0,30,1.0,0,0,,1.0,1.0,1.0,0.0,"OpenStreetMap named POI (ODbL 1.0, share-alike, attribution required)",yes
IT,destinations.region-what-to-see,171,1,it-IT,171,0,171,1.0,0,0,,1.0,1.0,1.0,0.0,"OpenStreetMap named POI (ODbL 1.0, share-alike, attribution required)",yes
IT,education.city-schools,27,1,it-IT,27,0,0,,0,0,,1.0,1.0,1.0,0.0,geonames-cities; school-data-verified,yes
IT,education.city-universities,29,1,it-IT,29,0,0,,0,0,,1.0,1.0,1.0,0.0,geonames-cities; school-data-verified,yes
IT,events.city-calendar,15,1,it-IT,15,0,0,,0,0,,1.0,1.0,1.0,0.0,geonames-cities; events-verified,yes
IT,events.city-type,15,1,it-IT,15,0,0,,0,0,,1.0,1.0,1.0,1.0,geonames-cities; events-verified,yes
IT,events.city-window,40,1,it-IT,40,0,0,,0,0,,1.0,1.0,1.0,1.0,geonames-cities; events-verified,yes
IT,health.city,144,1,it-IT,144,0,0,,0,0,,1.0,1.0,1.0,0.0,geonames-cities; health-rules-verified,yes
IT,neighbourhoods.city-where-to-stay,2,1,it-IT,2,0,0,,0,0,,1.0,1.0,1.0,0.0,geonames-cities; neighbourhood-facts-verified,yes
IT,neighbourhoods.guide,45,1,it-IT,45,0,0,,0,0,,1.0,1.0,1.0,0.0,geonames-cities; neighbourhood-facts-verified,yes
IT,outdoors.aqueduct,15,1,it-IT,15,0,0,,0,0,,1.0,1.0,1.0,0.0,"OpenStreetMap named POI (ODbL 1.0, share-alike, attribution required)",yes
IT,outdoors.archaeological_site,639,1,it-IT,639,0,0,,0,0,,1.0,1.0,1.0,0.0,"OpenStreetMap named POI (ODbL 1.0, share-alike, attribution required)",yes
IT,outdoors.beach,22,1,it-IT,22,0,7,1.0,0,0,,1.0,1.0,1.0,0.0,"OpenStreetMap named POI (ODbL 1.0, share-alike, attribution required)",yes
IT,outdoors.beach-in-region,20,1,it-IT,20,0,0,,0,0,,1.0,1.0,1.0,0.0,"OpenStreetMap named POI (ODbL 1.0, share-alike, attribution required)",yes
IT,outdoors.beach_resort,3,1,it-IT,3,0,0,,0,0,,1.0,1.0,1.0,0.0,"OpenStreetMap named POI (ODbL 1.0, share-alike, attribution required)",yes
IT,outdoors.camp_site,5,1,it-IT,5,0,1,1.0,0,0,,1.0,1.0,1.0,0.0,"OpenStreetMap named POI (ODbL 1.0, share-alike, attribution required)",yes
IT,outdoors.camp_site-in-region,33,1,it-IT,33,0,0,,0,0,,1.0,1.0,1.0,0.0,"OpenStreetMap named POI (ODbL 1.0, share-alike, attribution required)",yes
IT,outdoors.caravan_site,1,1,it-IT,1,0,0,,0,0,,1.0,1.0,1.0,0.0,"OpenStreetMap named POI (ODbL 1.0, share-alike, attribution required)",yes
IT,outdoors.castle,559,1,it-IT,559,0,370,1.0,0,0,,1.0,1.0,1.0,0.0,"OpenStreetMap named POI (ODbL 1.0, share-alike, attribution required)",yes
IT,outdoors.castle-in-region,65,1,it-IT,65,0,0,,0,0,,1.0,1.0,1.0,0.0,"OpenStreetMap named POI (ODbL 1.0, share-alike, attribution required)",yes
IT,outdoors.cave,111,1,it-IT,111,0,0,,0,0,,1.0,1.0,1.0,0.0,"OpenStreetMap named POI (ODbL 1.0, share-alike, attribution required)",yes
IT,outdoors.city_gate,72,1,it-IT,72,0,0,,0,0,,1.0,1.0,1.0,0.0,"OpenStreetMap named POI (ODbL 1.0, share-alike, attribution required)",yes
IT,outdoors.climbing_crag,1,1,it-IT,1,0,0,,0,0,,1.0,1.0,1.0,0.0,"OpenStreetMap named POI (ODbL 1.0, share-alike, attribution required)",yes
IT,outdoors.fort,87,1,it-IT,87,0,0,,0,0,,1.0,1.0,1.0,0.0,"OpenStreetMap named POI (ODbL 1.0, share-alike, attribution required)",yes
IT,outdoors.hot_spring,1,1,it-IT,1,0,0,,0,0,,1.0,1.0,1.0,0.0,"OpenStreetMap named POI (ODbL 1.0, share-alike, attribution required)",yes
IT,outdoors.lighthouse,31,1,it-IT,31,0,0,,0,0,,1.0,1.0,1.0,0.0,"OpenStreetMap named POI (ODbL 1.0, share-alike, attribution required)",yes
IT,outdoors.monument,191,1,it-IT,191,0,0,,0,0,,1.0,1.0,1.0,0.0,"OpenStreetMap named POI (ODbL 1.0, share-alike, attribution required)",yes
IT,outdoors.mountain_hut,490,1,it-IT,490,0,0,,0,0,,1.0,1.0,1.0,0.0,"OpenStreetMap named POI (ODbL 1.0, share-alike, attribution required)",yes
IT,outdoors.mountain_pass,535,1,it-IT,535,0,0,,0,0,,1.0,1.0,1.0,0.0,"OpenStreetMap named POI (ODbL 1.0, share-alike, attribution required)",yes
IT,outdoors.natural_arch,1,1,it-IT,1,0,0,,0,0,,1.0,1.0,1.0,0.0,"OpenStreetMap named POI (ODbL 1.0, share-alike, attribution required)",yes
IT,outdoors.observatory,19,1,it-IT,19,0,0,,0,0,,1.0,1.0,1.0,0.0,"OpenStreetMap named POI (ODbL 1.0, share-alike, attribution required)",yes
IT,outdoors.peak,4917,1,it-IT,4917,0,0,,0,0,,1.0,1.0,1.0,0.0,"OpenStreetMap named POI (ODbL 1.0, share-alike, attribution required)",yes
IT,outdoors.ruins,190,1,it-IT,190,0,0,,0,0,,1.0,1.0,1.0,0.0,"OpenStreetMap named POI (ODbL 1.0, share-alike, attribution required)",yes
IT,outdoors.tower,257,1,it-IT,257,0,0,,0,0,,1.0,1.0,1.0,0.0,"OpenStreetMap named POI (ODbL 1.0, share-alike, attribution required)",yes
IT,outdoors.viewpoint,12,1,it-IT,12,0,0,,0,0,,1.0,1.0,1.0,0.0,"OpenStreetMap named POI (ODbL 1.0, share-alike, attribution required)",yes
IT,outdoors.volcano,12,1,it-IT,12,0,0,,0,0,,1.0,1.0,1.0,0.0,"OpenStreetMap named POI (ODbL 1.0, share-alike, attribution required)",yes
IT,outdoors.waterfall,33,1,it-IT,33,0,0,,0,0,,1.0,1.0,1.0,0.0,"OpenStreetMap named POI (ODbL 1.0, share-alike, attribution required)",yes
IT,outdoors.watermill,4,1,it-IT,4,0,0,,0,0,,1.0,1.0,1.0,0.0,"OpenStreetMap named POI (ODbL 1.0, share-alike, attribution required)",yes
IT,outdoors.wilderness_hut,89,1,it-IT,89,0,0,,0,0,,1.0,1.0,1.0,0.0,"OpenStreetMap named POI (ODbL 1.0, share-alike, attribution required)",yes
IT,places.area-arts_centre,28,1,it-IT,28,0,28,1.0,0,0,,1.0,1.0,1.0,0.5714,"OpenStreetMap named POI (ODbL 1.0, share-alike, attribution required)",yes
IT,places.area-attraction,28,1,it-IT,28,0,28,1.0,0,0,,1.0,1.0,1.0,0.5357,"OpenStreetMap named POI (ODbL 1.0, share-alike, attribution required)",yes
IT,places.area-bar,661,1,it-IT,661,0,661,1.0,0,0,,1.0,1.0,1.0,0.5401,"OpenStreetMap named POI (ODbL 1.0, share-alike, attribution required)",yes
IT,places.area-cafe,963,1,it-IT,963,0,963,1.0,0,0,,1.0,1.0,1.0,0.3853,"OpenStreetMap named POI (ODbL 1.0, share-alike, attribution required)",yes
IT,places.area-childcare,79,1,it-IT,79,0,79,1.0,0,0,,1.0,1.0,1.0,0.7848,"OpenStreetMap named POI (ODbL 1.0, share-alike, attribution required)",yes
IT,places.area-cinema,41,1,it-IT,41,0,41,1.0,0,0,,1.0,1.0,1.0,0.6585,"OpenStreetMap named POI (ODbL 1.0, share-alike, attribution required)",yes
IT,places.area-clinic,291,1,it-IT,291,0,291,1.0,0,0,,1.0,1.0,1.0,0.6735,"OpenStreetMap named POI (ODbL 1.0, share-alike, attribution required)",yes
IT,places.area-college,7,1,it-IT,7,0,7,1.0,0,0,,1.0,1.0,1.0,0.2857,"OpenStreetMap named POI (ODbL 1.0, share-alike, attribution required)",yes
IT,places.area-coworking,11,1,it-IT,11,0,11,1.0,0,0,,1.0,1.0,1.0,0.5455,"OpenStreetMap named POI (ODbL 1.0, share-alike, attribution required)",yes
IT,places.area-cuisine,1727,1,it-IT,1727,0,1727,1.0,0,0,,1.0,1.0,1.0,0.4812,"OpenStreetMap named POI (ODbL 1.0, share-alike, attribution required)",yes
IT,places.area-dentist,146,1,it-IT,146,0,146,1.0,0,0,,1.0,1.0,1.0,0.6438,"OpenStreetMap named POI (ODbL 1.0, share-alike, attribution required)",yes
IT,places.area-department_store,12,1,it-IT,12,0,12,1.0,0,0,,1.0,1.0,1.0,0.5,"OpenStreetMap named POI (ODbL 1.0, share-alike, attribution required)",yes
IT,places.area-fast_food,604,1,it-IT,604,0,604,1.0,0,0,,1.0,1.0,1.0,0.4437,"OpenStreetMap named POI (ODbL 1.0, share-alike, attribution required)",yes
IT,places.area-gallery,33,1,it-IT,33,0,33,1.0,0,0,,1.0,1.0,1.0,0.3939,"OpenStreetMap named POI (ODbL 1.0, share-alike, attribution required)",yes
IT,places.area-guest_house,325,1,it-IT,325,0,325,1.0,0,0,,1.0,1.0,1.0,0.5785,"OpenStreetMap named POI (ODbL 1.0, share-alike, attribution required)",yes
IT,places.area-gym,164,1,it-IT,164,0,164,1.0,0,0,,1.0,1.0,1.0,0.6707,"OpenStreetMap named POI (ODbL 1.0, share-alike, attribution required)",yes
IT,places.area-hospital,5,1,it-IT,5,0,5,1.0,0,0,,1.0,1.0,1.0,1.0,"OpenStreetMap named POI (ODbL 1.0, share-alike, attribution required)",yes
IT,places.area-hostel,34,1,it-IT,34,0,34,1.0,0,0,,1.0,1.0,1.0,0.6176,"OpenStreetMap named POI (ODbL 1.0, share-alike, attribution required)",yes
IT,places.area-library,161,1,it-IT,161,0,161,1.0,0,0,,1.0,1.0,1.0,0.5839,"OpenStreetMap named POI (ODbL 1.0, share-alike, attribution required)",yes
IT,places.area-mall,1,1,it-IT,1,0,1,1.0,0,0,,1.0,1.0,1.0,1.0,"OpenStreetMap named POI (ODbL 1.0, share-alike, attribution required)",yes
IT,places.area-marina,2,1,it-IT,2,0,2,1.0,0,0,,1.0,1.0,1.0,1.0,"OpenStreetMap named POI (ODbL 1.0, share-alike, attribution required)",yes
IT,places.area-market,12,1,it-IT,12,0,12,1.0,0,0,,1.0,1.0,1.0,0.9167,"OpenStreetMap named POI (ODbL 1.0, share-alike, attribution required)",yes
IT,places.area-museum,195,1,it-IT,195,0,195,1.0,0,0,,1.0,1.0,1.0,0.6,"OpenStreetMap named POI (ODbL 1.0, share-alike, attribution required)",yes
IT,places.area-nightclub,38,1,it-IT,38,0,38,1.0,0,0,,1.0,1.0,1.0,0.3947,"OpenStreetMap named POI (ODbL 1.0, share-alike, attribution required)",yes
IT,places.area-opening,511,1,it-IT,511,0,511,1.0,0,0,,1.0,1.0,1.0,0.2485,"OpenStreetMap named POI (ODbL 1.0, share-alike, attribution required)",yes
IT,places.area-park,1,1,it-IT,1,0,1,1.0,0,0,,1.0,1.0,1.0,0.0,"OpenStreetMap named POI (ODbL 1.0, share-alike, attribution required)",yes
IT,places.area-parking,33,1,it-IT,33,0,33,1.0,0,0,,1.0,1.0,1.0,0.303,"OpenStreetMap named POI (ODbL 1.0, share-alike, attribution required)",yes
IT,places.area-pharmacy,930,1,it-IT,930,0,930,1.0,0,0,,1.0,1.0,1.0,0.6957,"OpenStreetMap named POI (ODbL 1.0, share-alike, attribution required)",yes
IT,places.area-pub,272,1,it-IT,272,0,272,1.0,0,0,,1.0,1.0,1.0,0.5515,"OpenStreetMap named POI (ODbL 1.0, share-alike, attribution required)",yes
IT,places.area-railway_station,50,1,it-IT,50,0,50,1.0,0,0,,1.0,1.0,1.0,0.8,"OpenStreetMap named POI (ODbL 1.0, share-alike, attribution required)",yes
IT,places.area-restaurant,1492,1,it-IT,1492,0,1492,1.0,0,0,,1.0,1.0,1.0,0.2668,"OpenStreetMap named POI (ODbL 1.0, share-alike, attribution required)",yes
IT,places.area-school,218,1,it-IT,218,0,218,1.0,0,0,,1.0,1.0,1.0,0.6972,"OpenStreetMap named POI (ODbL 1.0, share-alike, attribution required)",yes
IT,places.area-sports_centre,77,1,it-IT,77,0,77,1.0,0,0,,1.0,1.0,1.0,0.6494,"OpenStreetMap named POI (ODbL 1.0, share-alike, attribution required)",yes
IT,places.area-supermarket,788,1,it-IT,788,0,788,1.0,0,0,,1.0,1.0,1.0,0.6929,"OpenStreetMap named POI (ODbL 1.0, share-alike, attribution required)",yes
IT,places.area-swimming_pool,1,1,it-IT,1,0,1,1.0,0,0,,1.0,1.0,1.0,0.0,"OpenStreetMap named POI (ODbL 1.0, share-alike, attribution required)",yes
IT,places.area-theatre,50,1,it-IT,50,0,50,1.0,0,0,,1.0,1.0,1.0,0.54,"OpenStreetMap named POI (ODbL 1.0, share-alike, attribution required)",yes
IT,places.area-university,36,1,it-IT,36,0,36,1.0,0,0,,1.0,1.0,1.0,0.4722,"OpenStreetMap named POI (ODbL 1.0, share-alike, attribution required)",yes
IT,places.area-veterinary,53,1,it-IT,53,0,53,1.0,0,0,,1.0,1.0,1.0,0.6226,"OpenStreetMap named POI (ODbL 1.0, share-alike, attribution required)",yes
IT,places.area-viewpoint,1,1,it-IT,1,0,1,1.0,0,0,,1.0,1.0,1.0,1.0,"OpenStreetMap named POI (ODbL 1.0, share-alike, attribution required)",yes
IT,places.city-arts_centre,24,1,it-IT,24,0,0,,0,0,,1.0,1.0,1.0,0.0,"OpenStreetMap named POI (ODbL 1.0, share-alike, attribution required)",yes
IT,places.city-attraction,23,1,it-IT,23,0,0,,0,0,,1.0,1.0,1.0,0.0,"OpenStreetMap named POI (ODbL 1.0, share-alike, attribution required)",yes
IT,places.city-bar,267,1,it-IT,267,0,0,,0,0,,1.0,1.0,1.0,0.0,"OpenStreetMap named POI (ODbL 1.0, share-alike, attribution required)",yes
IT,places.city-beach,2,1,it-IT,2,0,0,,0,0,,1.0,1.0,1.0,0.0,"OpenStreetMap named POI (ODbL 1.0, share-alike, attribution required)",yes
IT,places.city-cafe,347,1,it-IT,347,0,0,,0,0,,1.0,1.0,1.0,0.0,"OpenStreetMap named POI (ODbL 1.0, share-alike, attribution required)",yes
IT,places.city-camp_site,1,1,it-IT,1,0,0,,0,0,,1.0,1.0,1.0,0.0,"OpenStreetMap named POI (ODbL 1.0, share-alike, attribution required)",yes
IT,places.city-castle,1,1,it-IT,1,0,0,,0,0,,1.0,1.0,1.0,0.0,"OpenStreetMap named POI (ODbL 1.0, share-alike, attribution required)",yes
IT,places.city-category,133,1,it-IT,133,0,0,,0,0,,1.0,1.0,1.0,1.0,geonames-cities; places-data-verified,yes
IT,places.city-childcare,53,1,it-IT,53,0,0,,0,0,,1.0,1.0,1.0,0.0,"OpenStreetMap named POI (ODbL 1.0, share-alike, attribution required)",yes
IT,places.city-cinema,51,1,it-IT,51,0,0,,0,0,,1.0,1.0,1.0,0.0,"OpenStreetMap named POI (ODbL 1.0, share-alike, attribution required)",yes
IT,places.city-clinic,129,1,it-IT,129,0,0,,0,0,,1.0,1.0,1.0,0.0,"OpenStreetMap named POI (ODbL 1.0, share-alike, attribution required)",yes
IT,places.city-college,9,1,it-IT,9,0,0,,0,0,,1.0,1.0,1.0,0.0,"OpenStreetMap named POI (ODbL 1.0, share-alike, attribution required)",yes
IT,places.city-coworking,9,1,it-IT,9,0,0,,0,0,,1.0,1.0,1.0,0.0,"OpenStreetMap named POI (ODbL 1.0, share-alike, attribution required)",yes
IT,places.city-cuisine,645,1,it-IT,645,0,645,1.0,0,0,,1.0,1.0,1.0,0.0,"OpenStreetMap named POI (ODbL 1.0, share-alike, attribution required)",yes
IT,places.city-dentist,75,1,it-IT,75,0,0,,0,0,,1.0,1.0,1.0,0.0,"OpenStreetMap named POI (ODbL 1.0, share-alike, attribution required)",yes
IT,places.city-department_store,19,1,it-IT,19,0,0,,0,0,,1.0,1.0,1.0,0.0,"OpenStreetMap named POI (ODbL 1.0, share-alike, attribution required)",yes
IT,places.city-fast_food,179,1,it-IT,179,0,0,,0,0,,1.0,1.0,1.0,0.0,"OpenStreetMap named POI (ODbL 1.0, share-alike, attribution required)",yes
IT,places.city-gallery,19,1,it-IT,19,0,0,,0,0,,1.0,1.0,1.0,0.0,"OpenStreetMap named POI (ODbL 1.0, share-alike, attribution required)",yes
IT,places.city-guest_house,237,1,it-IT,237,0,0,,0,0,,1.0,1.0,1.0,0.0,"OpenStreetMap named POI (ODbL 1.0, share-alike, attribution required)",yes
IT,places.city-gym,64,1,it-IT,64,0,0,,0,0,,1.0,1.0,1.0,0.0,"OpenStreetMap named POI (ODbL 1.0, share-alike, attribution required)",yes
IT,places.city-hospital,19,1,it-IT,19,0,0,,0,0,,1.0,1.0,1.0,0.0,"OpenStreetMap named POI (ODbL 1.0, share-alike, attribution required)",yes
IT,places.city-hostel,20,1,it-IT,20,0,0,,0,0,,1.0,1.0,1.0,0.0,"OpenStreetMap named POI (ODbL 1.0, share-alike, attribution required)",yes
IT,places.city-library,115,1,it-IT,115,0,0,,0,0,,1.0,1.0,1.0,0.0,"OpenStreetMap named POI (ODbL 1.0, share-alike, attribution required)",yes
IT,places.city-mall,6,1,it-IT,6,0,0,,0,0,,1.0,1.0,1.0,0.0,"OpenStreetMap named POI (ODbL 1.0, share-alike, attribution required)",yes
IT,places.city-marina,6,1,it-IT,6,0,0,,0,0,,1.0,1.0,1.0,0.0,"OpenStreetMap named POI (ODbL 1.0, share-alike, attribution required)",yes
IT,places.city-market,34,1,it-IT,34,0,0,,0,0,,1.0,1.0,1.0,0.0,"OpenStreetMap named POI (ODbL 1.0, share-alike, attribution required)",yes
IT,places.city-movie_theater,12,1,it-IT,12,0,0,,0,0,,1.0,1.0,1.0,0.0,"Wikidata (CC0 1.0, public domain dedication, no share-alike)",yes
IT,places.city-museum,193,1,it-IT,193,0,0,,0,0,,1.0,1.0,1.0,0.0,"OpenStreetMap named POI (ODbL 1.0, share-alike, attribution required)",yes
IT,places.city-nightclub,16,1,it-IT,16,0,0,,0,0,,1.0,1.0,1.0,0.0,"OpenStreetMap named POI (ODbL 1.0, share-alike, attribution required)",yes
IT,places.city-opening,165,1,it-IT,165,0,165,1.0,0,0,,1.0,1.0,1.0,0.0,"OpenStreetMap named POI (ODbL 1.0, share-alike, attribution required)",yes
IT,places.city-park,3,1,it-IT,3,0,0,,0,0,,1.0,1.0,1.0,0.0,"OpenStreetMap named POI (ODbL 1.0, share-alike, attribution required)",yes
IT,places.city-parking,16,1,it-IT,16,0,0,,0,0,,1.0,1.0,1.0,0.0,"OpenStreetMap named POI (ODbL 1.0, share-alike, attribution required)",yes
IT,places.city-pharmacy,330,1,it-IT,330,0,0,,0,0,,1.0,1.0,1.0,0.0,"OpenStreetMap named POI (ODbL 1.0, share-alike, attribution required)",yes
IT,places.city-pub,83,1,it-IT,83,0,0,,0,0,,1.0,1.0,1.0,0.0,"OpenStreetMap named POI (ODbL 1.0, share-alike, attribution required)",yes
IT,places.city-railway_station,37,1,it-IT,37,0,0,,0,0,,1.0,1.0,1.0,0.0,"OpenStreetMap named POI (ODbL 1.0, share-alike, attribution required)",yes
IT,places.city-restaurant,690,1,it-IT,690,0,0,,0,0,,1.0,1.0,1.0,0.0,"OpenStreetMap named POI (ODbL 1.0, share-alike, attribution required)",yes
IT,places.city-school,94,1,it-IT,94,0,0,,0,0,,1.0,1.0,1.0,0.0,"OpenStreetMap named POI (ODbL 1.0, share-alike, attribution required)",yes
IT,places.city-shopping_mall,4,1,it-IT,4,0,0,,0,0,,1.0,1.0,1.0,0.0,"Wikidata (CC0 1.0, public domain dedication, no share-alike)",yes
IT,places.city-sports_centre,64,1,it-IT,64,0,0,,0,0,,1.0,1.0,1.0,0.0,"OpenStreetMap named POI (ODbL 1.0, share-alike, attribution required)",yes
IT,places.city-stadium,4,1,it-IT,4,0,0,,0,0,,1.0,1.0,1.0,0.0,"Wikidata (CC0 1.0, public domain dedication, no share-alike)",yes
IT,places.city-supermarket,252,1,it-IT,252,0,0,,0,0,,1.0,1.0,1.0,0.0,"OpenStreetMap named POI (ODbL 1.0, share-alike, attribution required)",yes
IT,places.city-swimming_pool,2,1,it-IT,2,0,0,,0,0,,1.0,1.0,1.0,0.0,"OpenStreetMap named POI (ODbL 1.0, share-alike, attribution required)",yes
IT,places.city-theatre,35,1,it-IT,35,0,0,,0,0,,1.0,1.0,1.0,0.0,"OpenStreetMap named POI (ODbL 1.0, share-alike, attribution required)",yes
IT,places.city-theme_park,1,1,it-IT,1,0,0,,0,0,,1.0,1.0,1.0,0.0,"OpenStreetMap named POI (ODbL 1.0, share-alike, attribution required)",yes
IT,places.city-university,32,1,it-IT,32,0,0,,0,0,,1.0,1.0,1.0,0.0,"OpenStreetMap named POI (ODbL 1.0, share-alike, attribution required)",yes
IT,places.city-veterinary,43,1,it-IT,43,0,0,,0,0,,1.0,1.0,1.0,0.0,"OpenStreetMap named POI (ODbL 1.0, share-alike, attribution required)",yes
IT,places.city-viewpoint,1,1,it-IT,1,0,0,,0,0,,1.0,1.0,1.0,0.0,"OpenStreetMap named POI (ODbL 1.0, share-alike, attribution required)",yes
IT,places.city-water_park,2,1,it-IT,2,0,0,,0,0,,1.0,1.0,1.0,0.0,"OpenStreetMap named POI (ODbL 1.0, share-alike, attribution required)",yes
IT,places.city-zoo,1,1,it-IT,1,0,0,,0,0,,1.0,1.0,1.0,0.0,"OpenStreetMap named POI (ODbL 1.0, share-alike, attribution required)",yes
IT,places.neighbourhood-category,45,1,it-IT,45,0,0,,0,0,,1.0,1.0,1.0,0.0,neighbourhood-facts-verified; places-data-verified,yes
IT,poi.archaeological_site-notable,12,1,it-IT,12,0,12,1.0,0,0,,1.0,1.0,1.0,0.0,"OpenStreetMap named POI (ODbL 1.0, share-alike, attribution required)",yes
IT,poi.attraction-notable,11,1,it-IT,11,0,11,1.0,0,0,,1.0,1.0,1.0,0.0,"OpenStreetMap named POI (ODbL 1.0, share-alike, attribution required)",yes
IT,poi.botanical_garden-notable,1,1,it-IT,1,0,1,1.0,0,0,,1.0,1.0,1.0,0.0,"Wikidata (CC0 1.0, public domain dedication, no share-alike)",yes
IT,poi.castle-notable,1,1,it-IT,1,0,1,1.0,0,0,,1.0,1.0,1.0,0.0,"Wikidata (CC0 1.0, public domain dedication, no share-alike)",yes
IT,poi.gallery-notable,8,1,it-IT,8,0,8,1.0,0,0,,1.0,1.0,1.0,0.0,"OpenStreetMap named POI (ODbL 1.0, share-alike, attribution required)",yes
IT,poi.museum-notable,515,1,it-IT,515,0,515,1.0,0,0,,1.0,0.9981,1.0,0.0,"OpenStreetMap named POI (ODbL 1.0, share-alike, attribution required)",yes
IT,poi.theatre-notable,6,1,it-IT,6,0,6,1.0,0,0,,1.0,1.0,1.0,0.0,"Wikidata (CC0 1.0, public domain dedication, no share-alike)",yes
IT,property.city-buy,133,1,it-IT,133,0,0,,0,0,,1.0,1.0,1.0,0.0,geonames-cities; property-price-verified,yes
IT,relocation.city,144,1,it-IT,144,0,0,,0,0,,1.0,1.0,1.0,0.0,geonames-cities; cost-of-living-city-verified; visa-rules-verified,yes
IT,relocation.country,1,1,it-IT,1,0,0,,0,0,,1.0,1.0,1.0,0.0,visa-rules-verified; cost-of-living-verified,yes
IT,rents.city,133,1,it-IT,133,0,0,,0,0,,1.0,1.0,1.0,1.0,geonames-cities; rent-index-verified,yes
IT,rents.neighbourhood,45,1,it-IT,45,0,0,,0,0,,1.0,1.0,1.0,0.0,geonames-cities; rent-index-verified,yes
IT,safety.city,29,1,it-IT,29,0,0,,0,0,,1.0,1.0,1.0,0.0,geonames-cities; safety-data-verified,yes
IT,services.city-practical,133,1,it-IT,133,0,0,,0,0,,1.0,1.0,1.0,1.0,geonames-cities; places-data-verified,yes
IT,sport.city-activity,29,1,it-IT,29,0,0,,0,0,,1.0,1.0,1.0,1.0,geonames-cities; sport-routes-verified,yes
IT,stay.city-type,184,5,de-DE en-GB it-IT ja-JP tr-TR,15,169,0,,0,169,1.0,1.0,1.0,1.0,1.0,geonames-cities; stay-inventory-verified,yes
IT,stay.near-venue,169,1,it-IT,169,0,0,,0,0,,1.0,1.0,1.0,0.0,venue-data-verified; stay-inventory-verified,yes
IT,taxes.country-remote-work,1,1,it-IT,1,0,0,,0,0,,1.0,1.0,1.0,0.0,tax-rules-verified; visa-rules-verified,yes
IT,transport.city-getting-around,133,1,it-IT,133,0,0,,0,0,,1.0,1.0,1.0,0.0,geonames-cities; transit-fares-verified,yes
IT,transport.route-from-market,33,2,en-GB it-IT,29,4,0,,0,4,1.0,1.0,1.0,1.0,0.0,ourairports; geonames-cities; computed-distance,yes
IT,weather.city-month,247,3,en-GB it-IT ja-JP,133,114,0,,0,114,1.0,1.0,1.0,1.0,0.0,geonames-cities; nasa-power-daily,yes
IT,work.city-jobs-category,40,1,it-IT,40,0,0,,0,0,,1.0,1.0,1.0,0.0,geonames-cities; salary-data-verified; work-rules-verified,yes
IT,work.city-salaries,144,1,it-IT,144,0,0,,0,0,,1.0,1.0,1.0,1.0,geonames-cities; salary-data-verified,yes
JP,activities.city-things-to-do,1071,7,de-DE en-GB en-US it-IT ja-JP tr-TR zh-Hant-TW,553,518,0,,0,518,1.0,1.0,1.0,1.0,0.0,geonames-cities; attractions-verified,yes
JP,areas.city-index,36,1,ja-JP,36,0,0,,0,0,,1.0,1.0,1.0,0.0,"OpenStreetMap named POI (ODbL 1.0, share-alike, attribution required)",yes
JP,areas.overview,365,1,ja-JP,365,0,365,1.0,0,0,,1.0,1.0,1.0,0.0,"OpenStreetMap named POI (ODbL 1.0, share-alike, attribution required)",yes
JP,climate.region-when-to-go,68,1,ja-JP,68,0,68,1.0,0,0,,1.0,1.0,1.0,0.0,"OpenStreetMap named POI (ODbL 1.0, share-alike, attribution required)",yes
JP,comparisons.city-vs-city,15,1,ja-JP,15,0,0,,0,0,,1.0,1.0,1.0,1.0,geonames-cities; cost-of-living-verified,yes
JP,comparisons.city-vs-home,120,1,ja-JP,120,0,0,,0,0,,1.0,1.0,1.0,0.0,geonames-cities; cost-of-living-city-verified,yes
JP,cost-of-living.city,553,1,ja-JP,553,0,0,,0,0,,1.0,1.0,1.0,1.0,geonames-cities; cost-of-living-city-verified,yes
JP,cost-of-living.city-vs-market,120,1,ja-JP,120,0,0,,0,0,,1.0,1.0,1.0,0.0,geonames-cities; cost-of-living-city-verified,yes
JP,destinations.country-hub,1,1,ja-JP,1,0,0,,0,0,,1.0,1.0,1.0,0.0,geonames-cities; ourairports,yes
JP,destinations.region-cities,59,1,ja-JP,59,0,59,1.0,0,0,,1.0,1.0,1.0,0.0,"OpenStreetMap named POI (ODbL 1.0, share-alike, attribution required)",yes
JP,destinations.region-what-to-see,98,1,ja-JP,98,0,98,1.0,0,0,,1.0,1.0,1.0,0.0,"OpenStreetMap named POI (ODbL 1.0, share-alike, attribution required)",yes
JP,education.city-schools,12,1,ja-JP,12,0,0,,0,0,,1.0,1.0,1.0,0.0,geonames-cities; school-data-verified,yes
JP,education.city-universities,120,1,ja-JP,120,0,0,,0,0,,1.0,1.0,1.0,0.0,geonames-cities; school-data-verified,yes
JP,events.city-calendar,553,1,ja-JP,553,0,0,,0,0,,1.0,1.0,1.0,0.0,geonames-cities; events-verified,yes
JP,events.city-type,553,1,ja-JP,553,0,0,,0,0,,1.0,1.0,1.0,1.0,geonames-cities; events-verified,yes
JP,events.city-window,120,1,ja-JP,120,0,0,,0,0,,1.0,1.0,1.0,1.0,geonames-cities; events-verified,yes
JP,health.city,553,1,ja-JP,553,0,0,,0,0,,1.0,1.0,1.0,0.0,geonames-cities; health-rules-verified,yes
JP,neighbourhoods.city-where-to-stay,1,1,ja-JP,1,0,0,,0,0,,1.0,1.0,1.0,0.0,geonames-cities; neighbourhood-facts-verified,yes
JP,neighbourhoods.guide,80,1,ja-JP,80,0,0,,0,0,,1.0,1.0,1.0,0.0,geonames-cities; neighbourhood-facts-verified,yes
JP,outdoors.archaeological_site,61,1,ja-JP,61,0,0,,0,0,,1.0,1.0,1.0,0.0,"OpenStreetMap named POI (ODbL 1.0, share-alike, attribution required)",yes
JP,outdoors.beach,3,1,ja-JP,3,0,0,,0,0,,1.0,1.0,1.0,0.0,"OpenStreetMap named POI (ODbL 1.0, share-alike, attribution required)",yes
JP,outdoors.beach-in-region,9,1,ja-JP,9,0,0,,0,0,,1.0,1.0,1.0,0.0,"OpenStreetMap named POI (ODbL 1.0, share-alike, attribution required)",yes
JP,outdoors.beach_resort,1,1,ja-JP,1,0,0,,0,0,,1.0,1.0,1.0,0.0,"OpenStreetMap named POI (ODbL 1.0, share-alike, attribution required)",yes
JP,outdoors.bicycle-trail,249,1,ja-JP,249,0,0,,0,0,,1.0,1.0,1.0,0.0,"OpenStreetMap named POI (ODbL 1.0, share-alike, attribution required)",yes
JP,outdoors.camp_site,5,1,ja-JP,5,0,0,,0,0,,1.0,1.0,1.0,0.0,"OpenStreetMap named POI (ODbL 1.0, share-alike, attribution required)",yes
JP,outdoors.castle,89,1,ja-JP,89,0,0,,0,0,,1.0,1.0,1.0,0.0,"OpenStreetMap named POI (ODbL 1.0, share-alike, attribution required)",yes
JP,outdoors.cave,16,1,ja-JP,16,0,0,,0,0,,1.0,1.0,1.0,0.0,"OpenStreetMap named POI (ODbL 1.0, share-alike, attribution required)",yes
JP,outdoors.city_gate,6,1,ja-JP,6,0,0,,0,0,,1.0,1.0,1.0,0.0,"OpenStreetMap named POI (ODbL 1.0, share-alike, attribution required)",yes
JP,outdoors.foot-trail,45,1,ja-JP,45,0,0,,0,0,,1.0,1.0,1.0,0.0,"OpenStreetMap named POI (ODbL 1.0, share-alike, attribution required)",yes
JP,outdoors.fort,10,1,ja-JP,10,0,0,,0,0,,1.0,1.0,1.0,0.0,"OpenStreetMap named POI (ODbL 1.0, share-alike, attribution required)",yes
JP,outdoors.hiking-trail,294,1,ja-JP,294,0,0,,0,0,,1.0,1.0,1.0,0.0,"OpenStreetMap named POI (ODbL 1.0, share-alike, attribution required)",yes
JP,outdoors.hot_spring,3,1,ja-JP,3,0,0,,0,0,,1.0,1.0,1.0,0.0,"OpenStreetMap named POI (ODbL 1.0, share-alike, attribution required)",yes
JP,outdoors.lighthouse,31,1,ja-JP,31,0,0,,0,0,,1.0,1.0,1.0,0.0,"OpenStreetMap named POI (ODbL 1.0, share-alike, attribution required)",yes
JP,outdoors.monument,14,1,ja-JP,14,0,0,,0,0,,1.0,1.0,1.0,0.0,"OpenStreetMap named POI (ODbL 1.0, share-alike, attribution required)",yes
JP,outdoors.mountain_hut,17,1,ja-JP,17,0,0,,0,0,,1.0,1.0,1.0,0.0,"OpenStreetMap named POI (ODbL 1.0, share-alike, attribution required)",yes
JP,outdoors.mountain_pass,42,1,ja-JP,42,0,0,,0,0,,1.0,1.0,1.0,0.0,"OpenStreetMap named POI (ODbL 1.0, share-alike, attribution required)",yes
JP,outdoors.mtb-trail,1,1,ja-JP,1,0,0,,0,0,,1.0,1.0,1.0,0.0,"OpenStreetMap named POI (ODbL 1.0, share-alike, attribution required)",yes
JP,outdoors.observatory,13,1,ja-JP,13,0,0,,0,0,,1.0,1.0,1.0,0.0,"OpenStreetMap named POI (ODbL 1.0, share-alike, attribution required)",yes
JP,outdoors.peak,2514,1,ja-JP,2514,0,0,,0,0,,1.0,1.0,1.0,0.0,"OpenStreetMap named POI (ODbL 1.0, share-alike, attribution required)",yes
JP,outdoors.ruins,12,1,ja-JP,12,0,0,,0,0,,1.0,1.0,1.0,0.0,"OpenStreetMap named POI (ODbL 1.0, share-alike, attribution required)",yes
JP,outdoors.tower,11,1,ja-JP,11,0,0,,0,0,,1.0,1.0,1.0,0.0,"OpenStreetMap named POI (ODbL 1.0, share-alike, attribution required)",yes
JP,outdoors.viewpoint,16,1,ja-JP,16,0,0,,0,0,,1.0,1.0,1.0,0.0,"OpenStreetMap named POI (ODbL 1.0, share-alike, attribution required)",yes
JP,outdoors.volcano,51,1,ja-JP,51,0,0,,0,0,,1.0,1.0,1.0,0.0,"OpenStreetMap named POI (ODbL 1.0, share-alike, attribution required)",yes
JP,outdoors.waterfall,47,1,ja-JP,47,0,0,,0,0,,1.0,1.0,1.0,0.0,"OpenStreetMap named POI (ODbL 1.0, share-alike, attribution required)",yes
JP,outdoors.wilderness_hut,1,1,ja-JP,1,0,0,,0,0,,1.0,1.0,1.0,0.0,"OpenStreetMap named POI (ODbL 1.0, share-alike, attribution required)",yes
JP,outdoors.windmill,1,1,ja-JP,1,0,0,,0,0,,1.0,1.0,1.0,0.0,"OpenStreetMap named POI (ODbL 1.0, share-alike, attribution required)",yes
JP,places.area-attraction,28,1,ja-JP,28,0,28,1.0,0,0,,1.0,1.0,1.0,0.7857,"OpenStreetMap named POI (ODbL 1.0, share-alike, attribution required)",yes
JP,places.area-bar,464,1,ja-JP,464,0,464,1.0,0,0,,1.0,1.0,1.0,0.6918,"OpenStreetMap named POI (ODbL 1.0, share-alike, attribution required)",yes
JP,places.area-cafe,1387,1,ja-JP,1387,0,1387,1.0,0,0,,1.0,1.0,1.0,0.5905,"OpenStreetMap named POI (ODbL 1.0, share-alike, attribution required)",yes
JP,places.area-castle,1,1,ja-JP,1,0,1,1.0,0,0,,1.0,1.0,1.0,1.0,"OpenStreetMap named POI (ODbL 1.0, share-alike, attribution required)",yes
JP,places.area-childcare,145,1,ja-JP,145,0,145,1.0,0,0,,1.0,1.0,1.0,0.9172,"OpenStreetMap named POI (ODbL 1.0, share-alike, attribution required)",yes
JP,places.area-cinema,9,1,ja-JP,9,0,9,1.0,0,0,,1.0,1.0,1.0,0.8889,"OpenStreetMap named POI (ODbL 1.0, share-alike, attribution required)",yes
JP,places.area-clinic,817,1,ja-JP,817,0,817,1.0,0,0,,1.0,1.0,1.0,0.7283,"OpenStreetMap named POI (ODbL 1.0, share-alike, attribution required)",yes
JP,places.area-college,24,1,ja-JP,24,0,24,1.0,0,0,,1.0,1.0,1.0,0.9167,"OpenStreetMap named POI (ODbL 1.0, share-alike, attribution required)",yes
JP,places.area-coworking,4,1,ja-JP,4,0,4,1.0,0,0,,1.0,1.0,1.0,0.75,"OpenStreetMap named POI (ODbL 1.0, share-alike, attribution required)",yes
JP,places.area-cuisine,4089,1,ja-JP,4089,0,4089,1.0,0,0,,1.0,1.0,1.0,0.7034,"OpenStreetMap named POI (ODbL 1.0, share-alike, attribution required)",yes
JP,places.area-dentist,654,1,ja-JP,654,0,654,1.0,0,0,,1.0,1.0,1.0,0.8425,"OpenStreetMap named POI (ODbL 1.0, share-alike, attribution required)",yes
JP,places.area-department_store,14,1,ja-JP,14,0,14,1.0,0,0,,1.0,1.0,1.0,0.7857,"OpenStreetMap named POI (ODbL 1.0, share-alike, attribution required)",yes
JP,places.area-fast_food,1304,1,ja-JP,1304,0,1304,1.0,0,0,,1.0,1.0,1.0,0.6626,"OpenStreetMap named POI (ODbL 1.0, share-alike, attribution required)",yes
JP,places.area-gallery,10,1,ja-JP,10,0,10,1.0,0,0,,1.0,1.0,1.0,0.9,"OpenStreetMap named POI (ODbL 1.0, share-alike, attribution required)",yes
JP,places.area-guest_house,32,1,ja-JP,32,0,32,1.0,0,0,,1.0,1.0,1.0,0.9375,"OpenStreetMap named POI (ODbL 1.0, share-alike, attribution required)",yes
JP,places.area-gym,164,1,ja-JP,164,0,164,1.0,0,0,,1.0,1.0,1.0,0.8232,"OpenStreetMap named POI (ODbL 1.0, share-alike, attribution required)",yes
JP,places.area-hospital,77,1,ja-JP,77,0,77,1.0,0,0,,1.0,1.0,1.0,0.9091,"OpenStreetMap named POI (ODbL 1.0, share-alike, attribution required)",yes
JP,places.area-hostel,33,1,ja-JP,33,0,33,1.0,0,0,,1.0,1.0,1.0,0.7576,"OpenStreetMap named POI (ODbL 1.0, share-alike, attribution required)",yes
JP,places.area-library,35,1,ja-JP,35,0,35,1.0,0,0,,1.0,1.0,1.0,0.7429,"OpenStreetMap named POI (ODbL 1.0, share-alike, attribution required)",yes
JP,places.area-mall,15,1,ja-JP,15,0,15,1.0,0,0,,1.0,1.0,1.0,0.7333,"OpenStreetMap named POI (ODbL 1.0, share-alike, attribution required)",yes
JP,places.area-market,2,1,ja-JP,2,0,2,1.0,0,0,,1.0,1.0,1.0,1.0,"OpenStreetMap named POI (ODbL 1.0, share-alike, attribution required)",yes
JP,places.area-museum,147,1,ja-JP,147,0,147,1.0,0,0,,1.0,1.0,1.0,0.7619,"OpenStreetMap named POI (ODbL 1.0, share-alike, attribution required)",yes
JP,places.area-nightclub,28,1,ja-JP,28,0,28,1.0,0,0,,1.0,1.0,1.0,0.75,"OpenStreetMap named POI (ODbL 1.0, share-alike, attribution required)",yes
JP,places.area-opening,388,1,ja-JP,388,0,388,1.0,0,0,,1.0,1.0,1.0,0.4124,"OpenStreetMap named POI (ODbL 1.0, share-alike, attribution required)",yes
JP,places.area-park,4,1,ja-JP,4,0,4,1.0,0,0,,1.0,1.0,1.0,1.0,"OpenStreetMap named POI (ODbL 1.0, share-alike, attribution required)",yes
JP,places.area-parking,89,1,ja-JP,89,0,89,1.0,0,0,,1.0,1.0,1.0,0.6067,"OpenStreetMap named POI (ODbL 1.0, share-alike, attribution required)",yes
JP,places.area-pharmacy,935,1,ja-JP,935,0,935,1.0,0,0,,1.0,1.0,1.0,0.8182,"OpenStreetMap named POI (ODbL 1.0, share-alike, attribution required)",yes
JP,places.area-pub,597,1,ja-JP,597,0,597,1.0,0,0,,1.0,1.0,1.0,0.5863,"OpenStreetMap named POI (ODbL 1.0, share-alike, attribution required)",yes
JP,places.area-railway_station,68,1,ja-JP,68,0,68,1.0,0,0,,1.0,1.0,1.0,0.9559,"OpenStreetMap named POI (ODbL 1.0, share-alike, attribution required)",yes
JP,places.area-restaurant,2943,1,ja-JP,2943,0,2943,1.0,0,0,,1.0,1.0,1.0,0.2446,"OpenStreetMap named POI (ODbL 1.0, share-alike, attribution required)",yes
JP,places.area-school,91,1,ja-JP,91,0,91,1.0,0,0,,1.0,1.0,1.0,0.8352,"OpenStreetMap named POI (ODbL 1.0, share-alike, attribution required)",yes
JP,places.area-sports_centre,25,1,ja-JP,25,0,25,1.0,0,0,,1.0,1.0,1.0,0.6,"OpenStreetMap named POI (ODbL 1.0, share-alike, attribution required)",yes
JP,places.area-supermarket,1023,1,ja-JP,1023,0,1023,1.0,0,0,,1.0,1.0,1.0,0.8778,"OpenStreetMap named POI (ODbL 1.0, share-alike, attribution required)",yes
JP,places.area-theatre,40,1,ja-JP,40,0,40,1.0,0,0,,1.0,1.0,1.0,0.8,"OpenStreetMap named POI (ODbL 1.0, share-alike, attribution required)",yes
JP,places.area-university,7,1,ja-JP,7,0,7,1.0,0,0,,1.0,1.0,1.0,0.8571,"OpenStreetMap named POI (ODbL 1.0, share-alike, attribution required)",yes
JP,places.area-veterinary,72,1,ja-JP,72,0,72,1.0,0,0,,1.0,1.0,1.0,0.8194,"OpenStreetMap named POI (ODbL 1.0, share-alike, attribution required)",yes
JP,places.area-viewpoint,5,1,ja-JP,5,0,5,1.0,0,0,,1.0,1.0,1.0,1.0,"OpenStreetMap named POI (ODbL 1.0, share-alike, attribution required)",yes
JP,places.city-arts_centre,5,1,ja-JP,5,0,0,,0,0,,1.0,1.0,1.0,0.0,"OpenStreetMap named POI (ODbL 1.0, share-alike, attribution required)",yes
JP,places.city-attraction,35,1,ja-JP,35,0,0,,0,0,,1.0,1.0,1.0,0.0,"OpenStreetMap named POI (ODbL 1.0, share-alike, attribution required)",yes
JP,places.city-bar,97,1,ja-JP,97,0,0,,0,0,,1.0,1.0,1.0,0.0,"OpenStreetMap named POI (ODbL 1.0, share-alike, attribution required)",yes
JP,places.city-cafe,226,1,ja-JP,226,0,0,,0,0,,1.0,1.0,1.0,0.0,"OpenStreetMap named POI (ODbL 1.0, share-alike, attribution required)",yes
JP,places.city-camp_site,3,1,ja-JP,3,0,0,,0,0,,1.0,1.0,1.0,0.0,"OpenStreetMap named POI (ODbL 1.0, share-alike, attribution required)",yes
JP,places.city-castle,1,1,ja-JP,1,0,0,,0,0,,1.0,1.0,1.0,0.0,"OpenStreetMap named POI (ODbL 1.0, share-alike, attribution required)",yes
JP,places.city-category,553,1,ja-JP,553,0,0,,0,0,,1.0,1.0,1.0,1.0,geonames-cities; places-data-verified,yes
JP,places.city-childcare,55,1,ja-JP,55,0,0,,0,0,,1.0,1.0,1.0,0.0,"OpenStreetMap named POI (ODbL 1.0, share-alike, attribution required)",yes
JP,places.city-cinema,19,1,ja-JP,19,0,0,,0,0,,1.0,1.0,1.0,0.0,"OpenStreetMap named POI (ODbL 1.0, share-alike, attribution required)",yes
JP,places.city-clinic,158,1,ja-JP,158,0,0,,0,0,,1.0,1.0,1.0,0.0,"OpenStreetMap named POI (ODbL 1.0, share-alike, attribution required)",yes
JP,places.city-college,13,1,ja-JP,13,0,0,,0,0,,1.0,1.0,1.0,0.0,"OpenStreetMap named POI (ODbL 1.0, share-alike, attribution required)",yes
JP,places.city-coworking,10,1,ja-JP,10,0,0,,0,0,,1.0,1.0,1.0,0.0,"OpenStreetMap named POI (ODbL 1.0, share-alike, attribution required)",yes
JP,places.city-cuisine,1825,1,ja-JP,1825,0,1825,1.0,0,0,,1.0,1.0,1.0,0.0,"OpenStreetMap named POI (ODbL 1.0, share-alike, attribution required)",yes
JP,places.city-dentist,112,1,ja-JP,112,0,0,,0,0,,1.0,1.0,1.0,0.0,"OpenStreetMap named POI (ODbL 1.0, share-alike, attribution required)",yes
JP,places.city-department_store,11,1,ja-JP,11,0,0,,0,0,,1.0,1.0,1.0,0.0,"OpenStreetMap named POI (ODbL 1.0, share-alike, attribution required)",yes
JP,places.city-fast_food,253,1,ja-JP,253,0,0,,0,0,,1.0,1.0,1.0,0.0,"OpenStreetMap named POI (ODbL 1.0, share-alike, attribution required)",yes
JP,places.city-gallery,10,1,ja-JP,10,0,0,,0,0,,1.0,1.0,1.0,0.0,"OpenStreetMap named POI (ODbL 1.0, share-alike, attribution required)",yes
JP,places.city-garden,1,1,ja-JP,1,0,0,,0,0,,1.0,1.0,1.0,0.0,"OpenStreetMap named POI (ODbL 1.0, share-alike, attribution required)",yes
JP,places.city-golf_course,4,1,ja-JP,4,0,0,,0,0,,1.0,1.0,1.0,0.0,"OpenStreetMap named POI (ODbL 1.0, share-alike, attribution required)",yes
JP,places.city-guest_house,29,1,ja-JP,29,0,0,,0,0,,1.0,1.0,1.0,0.0,"OpenStreetMap named POI (ODbL 1.0, share-alike, attribution required)",yes
JP,places.city-gym,71,1,ja-JP,71,0,0,,0,0,,1.0,1.0,1.0,0.0,"OpenStreetMap named POI (ODbL 1.0, share-alike, attribution required)",yes
JP,places.city-hospital,125,1,ja-JP,125,0,0,,0,0,,1.0,1.0,1.0,0.0,"OpenStreetMap named POI (ODbL 1.0, share-alike, attribution required)",yes
JP,places.city-hostel,28,1,ja-JP,28,0,0,,0,0,,1.0,1.0,1.0,0.0,"OpenStreetMap named POI (ODbL 1.0, share-alike, attribution required)",yes
JP,places.city-library,64,1,ja-JP,64,0,0,,0,0,,1.0,1.0,1.0,0.0,"OpenStreetMap named POI (ODbL 1.0, share-alike, attribution required)",yes
JP,places.city-mall,16,1,ja-JP,16,0,0,,0,0,,1.0,1.0,1.0,0.0,"OpenStreetMap named POI (ODbL 1.0, share-alike, attribution required)",yes
JP,places.city-market,3,1,ja-JP,3,0,0,,0,0,,1.0,1.0,1.0,0.0,"OpenStreetMap named POI (ODbL 1.0, share-alike, attribution required)",yes
JP,places.city-movie_theater,5,1,ja-JP,5,0,0,,0,0,,1.0,1.0,1.0,0.0,"Wikidata (CC0 1.0, public domain dedication, no share-alike)",yes
JP,places.city-museum,126,1,ja-JP,126,0,0,,0,0,,1.0,1.0,1.0,0.0,"OpenStreetMap named POI (ODbL 1.0, share-alike, attribution required)",yes
JP,places.city-nightclub,14,1,ja-JP,14,0,0,,0,0,,1.0,1.0,1.0,0.0,"OpenStreetMap named POI (ODbL 1.0, share-alike, attribution required)",yes
JP,places.city-opening,597,1,ja-JP,597,0,597,1.0,0,0,,1.0,1.0,1.0,0.0,"OpenStreetMap named POI (ODbL 1.0, share-alike, attribution required)",yes
JP,places.city-park,7,1,ja-JP,7,0,0,,0,0,,1.0,1.0,1.0,0.0,"OpenStreetMap named POI (ODbL 1.0, share-alike, attribution required)",yes
JP,places.city-parking,29,1,ja-JP,29,0,0,,0,0,,1.0,1.0,1.0,0.0,"OpenStreetMap named POI (ODbL 1.0, share-alike, attribution required)",yes
JP,places.city-pharmacy,199,1,ja-JP,199,0,0,,0,0,,1.0,1.0,1.0,0.0,"OpenStreetMap named POI (ODbL 1.0, share-alike, attribution required)",yes
JP,places.city-pub,119,1,ja-JP,119,0,0,,0,0,,1.0,1.0,1.0,0.0,"OpenStreetMap named POI (ODbL 1.0, share-alike, attribution required)",yes
JP,places.city-railway_station,57,1,ja-JP,57,0,0,,0,0,,1.0,1.0,1.0,0.0,"OpenStreetMap named POI (ODbL 1.0, share-alike, attribution required)",yes
JP,places.city-restaurant,436,1,ja-JP,436,0,0,,0,0,,1.0,1.0,1.0,0.0,"OpenStreetMap named POI (ODbL 1.0, share-alike, attribution required)",yes
JP,places.city-school,66,1,ja-JP,66,0,0,,0,0,,1.0,1.0,1.0,0.0,"OpenStreetMap named POI (ODbL 1.0, share-alike, attribution required)",yes
JP,places.city-shopping_mall,166,1,ja-JP,166,0,0,,0,0,,1.0,1.0,1.0,0.0,"Wikidata (CC0 1.0, public domain dedication, no share-alike)",yes
JP,places.city-sports_centre,26,1,ja-JP,26,0,0,,0,0,,1.0,1.0,1.0,0.0,"OpenStreetMap named POI (ODbL 1.0, share-alike, attribution required)",yes
JP,places.city-stadium,16,1,ja-JP,16,0,0,,0,0,,1.0,1.0,1.0,0.0,"Wikidata (CC0 1.0, public domain dedication, no share-alike)",yes
JP,places.city-supermarket,263,1,ja-JP,263,0,0,,0,0,,1.0,1.0,1.0,0.0,"OpenStreetMap named POI (ODbL 1.0, share-alike, attribution required)",yes
JP,places.city-theatre,25,1,ja-JP,25,0,0,,0,0,,1.0,1.0,1.0,0.0,"OpenStreetMap named POI (ODbL 1.0, share-alike, attribution required)",yes
JP,places.city-theme_park,2,1,ja-JP,2,0,0,,0,0,,1.0,1.0,1.0,0.0,"OpenStreetMap named POI (ODbL 1.0, share-alike, attribution required)",yes
JP,places.city-university,125,1,ja-JP,125,0,0,,0,0,,1.0,1.0,1.0,0.0,"Wikidata (CC0 1.0, public domain dedication, no share-alike)",yes
JP,places.city-veterinary,47,1,ja-JP,47,0,0,,0,0,,1.0,1.0,1.0,0.0,"OpenStreetMap named POI (ODbL 1.0, share-alike, attribution required)",yes
JP,places.city-viewpoint,10,1,ja-JP,10,0,0,,0,0,,1.0,1.0,1.0,0.0,"OpenStreetMap named POI (ODbL 1.0, share-alike, attribution required)",yes
JP,places.city-zoo,1,1,ja-JP,1,0,0,,0,0,,1.0,1.0,1.0,0.0,"OpenStreetMap named POI (ODbL 1.0, share-alike, attribution required)",yes
JP,places.neighbourhood-category,80,1,ja-JP,80,0,0,,0,0,,1.0,1.0,1.0,0.0,neighbourhood-facts-verified; places-data-verified,yes
JP,poi.aquarium-notable,2,1,ja-JP,2,0,2,1.0,0,0,,1.0,1.0,1.0,0.0,"OpenStreetMap named POI (ODbL 1.0, share-alike, attribution required)",yes
JP,poi.archaeological_site-notable,2,1,ja-JP,2,0,2,1.0,0,0,,1.0,1.0,1.0,0.0,"Wikidata (CC0 1.0, public domain dedication, no share-alike)",yes
JP,poi.art_museum-notable,8,1,ja-JP,8,0,8,1.0,0,0,,1.0,1.0,1.0,0.0,"Wikidata (CC0 1.0, public domain dedication, no share-alike)",yes
JP,poi.attraction-notable,11,1,ja-JP,11,0,11,1.0,0,0,,1.0,1.0,1.0,0.0,"OpenStreetMap named POI (ODbL 1.0, share-alike, attribution required)",yes
JP,poi.botanical_garden-notable,2,1,ja-JP,2,0,2,1.0,0,0,,1.0,1.0,1.0,0.0,"Wikidata (CC0 1.0, public domain dedication, no share-alike)",yes
JP,poi.castle-notable,1,1,ja-JP,1,0,1,1.0,0,0,,1.0,1.0,1.0,0.0,"OpenStreetMap named POI (ODbL 1.0, share-alike, attribution required)",yes
JP,poi.gallery-notable,1,1,ja-JP,1,0,1,1.0,0,0,,1.0,1.0,1.0,0.0,"OpenStreetMap named POI (ODbL 1.0, share-alike, attribution required)",yes
JP,poi.museum-notable,237,1,ja-JP,237,0,237,1.0,0,0,,1.0,1.0,1.0,0.0,"OpenStreetMap named POI (ODbL 1.0, share-alike, attribution required)",yes
JP,poi.park-notable,6,1,ja-JP,6,0,6,1.0,0,0,,1.0,1.0,1.0,0.0,"Wikidata (CC0 1.0, public domain dedication, no share-alike)",yes
JP,poi.public_square-notable,1,1,ja-JP,1,0,1,1.0,0,0,,1.0,1.0,1.0,0.0,"Wikidata (CC0 1.0, public domain dedication, no share-alike)",yes
JP,poi.stadium-notable,2,1,ja-JP,2,0,2,1.0,0,0,,1.0,1.0,1.0,0.0,"OpenStreetMap named POI (ODbL 1.0, share-alike, attribution required)",yes
JP,poi.theatre-notable,3,1,ja-JP,3,0,3,1.0,0,0,,1.0,1.0,1.0,0.0,"Wikidata (CC0 1.0, public domain dedication, no share-alike)",yes
JP,poi.theme_park-notable,5,1,ja-JP,5,0,5,1.0,0,0,,1.0,1.0,1.0,0.0,"OpenStreetMap named POI (ODbL 1.0, share-alike, attribution required)",yes
JP,property.city-buy,553,1,ja-JP,553,0,0,,0,0,,1.0,1.0,1.0,0.0,geonames-cities; property-price-verified,yes
JP,relocation.city,553,1,ja-JP,553,0,0,,0,0,,1.0,1.0,1.0,0.0,geonames-cities; cost-of-living-city-verified; visa-rules-verified,yes
JP,relocation.country,2,2,en-US ja-JP,1,1,0,,0,0,0.0,1.0,1.0,1.0,0.0,visa-rules-verified; cost-of-living-verified,yes
JP,rents.city,553,1,ja-JP,553,0,0,,0,0,,1.0,1.0,1.0,1.0,geonames-cities; rent-index-verified,yes
JP,rents.neighbourhood,80,1,ja-JP,80,0,0,,0,0,,1.0,1.0,1.0,0.0,geonames-cities; rent-index-verified,yes
JP,safety.city,120,1,ja-JP,120,0,0,,0,0,,1.0,1.0,1.0,0.0,geonames-cities; safety-data-verified,yes
JP,services.city-practical,120,1,ja-JP,120,0,0,,0,0,,1.0,1.0,1.0,1.0,geonames-cities; places-data-verified,yes
JP,sport.city-activity,120,1,ja-JP,120,0,0,,0,0,,1.0,1.0,1.0,1.0,geonames-cities; sport-routes-verified,yes
JP,stay.city-type,713,6,de-DE en-GB en-US it-IT ja-JP tr-TR,553,160,0,,0,160,1.0,1.0,1.0,1.0,1.0,geonames-cities; stay-inventory-verified,yes
JP,stay.near-venue,375,1,ja-JP,375,0,0,,0,0,,1.0,1.0,1.0,0.0,venue-data-verified; stay-inventory-verified,yes
JP,taxes.country-remote-work,1,1,ja-JP,1,0,0,,0,0,,1.0,1.0,1.0,0.0,tax-rules-verified; visa-rules-verified,yes
JP,transport.city-getting-around,553,1,ja-JP,553,0,0,,0,0,,1.0,1.0,1.0,0.0,geonames-cities; transit-fares-verified,yes
JP,transport.route-from-market,214,2,en-GB ja-JP,120,94,0,,0,94,1.0,1.0,1.0,1.0,0.0,ourairports; geonames-cities; computed-distance,yes
JP,weather.city-month,1052,4,en-GB en-US it-IT ja-JP,553,499,0,,0,499,1.0,1.0,1.0,1.0,0.0,geonames-cities; nasa-power-daily,yes
JP,work.city-jobs-category,120,1,ja-JP,120,0,0,,0,0,,1.0,1.0,1.0,0.0,geonames-cities; salary-data-verified; work-rules-verified,yes
JP,work.city-salaries,553,1,ja-JP,553,0,0,,0,0,,1.0,1.0,1.0,1.0,geonames-cities; salary-data-verified,yes
KH,activities.city-things-to-do,9,1,ja-JP,0,9,0,,0,9,1.0,1.0,1.0,1.0,0.0,geonames-cities; attractions-verified,yes
KH,stay.city-type,9,1,ja-JP,0,9,0,,0,9,1.0,1.0,1.0,1.0,1.0,geonames-cities; stay-inventory-verified,yes
KH,weather.city-month,9,1,ja-JP,0,9,0,,0,9,1.0,1.0,1.0,1.0,0.0,geonames-cities; nasa-power-daily,yes
KR,activities.city-things-to-do,95,3,en-US ja-JP zh-Hant-TW,0,95,0,,0,95,1.0,1.0,1.0,1.0,0.0,geonames-cities; attractions-verified,yes
KR,stay.city-type,77,2,en-GB ja-JP,0,77,0,,0,77,1.0,1.0,1.0,1.0,1.0,geonames-cities; stay-inventory-verified,yes
KR,transport.route-from-market,35,1,en-GB,0,35,0,,0,35,1.0,1.0,1.0,1.0,0.0,ourairports; geonames-cities; computed-distance,yes
KR,weather.city-month,94,2,en-US ja-JP,0,94,0,,0,94,1.0,1.0,1.0,1.0,0.0,geonames-cities; nasa-power-daily,yes
MA,activities.city-things-to-do,67,5,de-DE en-US es-ES fr-FR it-IT,0,67,0,,0,67,1.0,1.0,1.0,1.0,0.0,geonames-cities; attractions-verified,yes
MA,stay.city-type,56,3,de-DE en-GB it-IT,0,56,0,,0,56,1.0,1.0,1.0,1.0,1.0,geonames-cities; stay-inventory-verified,yes
MA,transport.route-from-market,15,1,en-GB,0,15,0,,0,15,1.0,1.0,1.0,1.0,0.0,ourairports; geonames-cities; computed-distance,yes
MA,weather.city-month,65,3,de-DE en-US it-IT,0,65,0,,0,65,1.0,1.0,1.0,1.0,0.0,geonames-cities; nasa-power-daily,yes
MC,relocation.country,1,1,fr-FR,0,1,0,,0,0,0.0,1.0,1.0,1.0,0.0,visa-rules-verified; cost-of-living-verified,yes
ME,activities.city-things-to-do,14,2,it-IT tr-TR,0,14,0,,0,14,1.0,1.0,1.0,1.0,0.0,geonames-cities; attractions-verified,yes
ME,stay.city-type,13,2,it-IT tr-TR,0,13,0,,0,13,1.0,1.0,1.0,1.0,1.0,geonames-cities; stay-inventory-verified,yes
ME,weather.city-month,2,1,it-IT,0,2,0,,0,2,1.0,1.0,1.0,1.0,0.0,geonames-cities; nasa-power-daily,yes
MX,activities.city-things-to-do,1826,4,de-DE en-US es-MX it-IT,1454,372,0,,0,372,1.0,1.0,1.0,1.0,0.0,geonames-cities; attractions-verified,yes
MX,outdoors.peak,25,1,es-MX,25,0,0,,0,0,,1.0,1.0,1.0,0.0,"OpenStreetMap named POI (ODbL 1.0, share-alike, attribution required)",yes
MX,outdoors.volcano,19,1,es-MX,19,0,0,,0,0,,1.0,1.0,1.0,0.0,"OpenStreetMap named POI (ODbL 1.0, share-alike, attribution required)",yes
MX,relocation.country,1,1,es-ES,0,1,0,,0,0,0.0,1.0,1.0,1.0,0.0,visa-rules-verified; cost-of-living-verified,yes
MX,stay.city-type,381,4,de-DE en-GB en-US it-IT,0,381,0,,0,381,1.0,1.0,1.0,1.0,1.0,geonames-cities; stay-inventory-verified,yes
MX,taxes.country-remote-work,1,1,es-ES,0,1,0,,0,0,0.0,1.0,1.0,1.0,0.0,tax-rules-verified; visa-rules-verified,yes
MX,transport.route-from-market,74,1,en-GB,0,74,0,,0,74,1.0,1.0,1.0,1.0,0.0,ourairports; geonames-cities; computed-distance,yes
MX,weather.city-month,372,3,de-DE en-US it-IT,0,372,0,,0,372,1.0,1.0,1.0,1.0,0.0,geonames-cities; nasa-power-daily,yes
MY,activities.city-things-to-do,35,2,de-DE ja-JP,0,35,0,,0,35,1.0,1.0,1.0,1.0,0.0,geonames-cities; attractions-verified,yes
MY,stay.city-type,35,2,de-DE ja-JP,0,35,0,,0,35,1.0,1.0,1.0,1.0,1.0,geonames-cities; stay-inventory-verified,yes
MY,weather.city-month,34,1,ja-JP,0,34,0,,0,34,1.0,1.0,1.0,1.0,0.0,geonames-cities; nasa-power-daily,yes
NI,activities.city-things-to-do,1,1,es-ES,0,1,0,,0,1,1.0,1.0,1.0,1.0,0.0,geonames-cities; attractions-verified,yes
NL,activities.city-things-to-do,96,8,de-DE en-GB en-US es-ES fr-FR it-IT nl-NL tr-TR,57,39,0,,0,39,1.0,1.0,1.0,1.0,0.0,geonames-cities; attractions-verified,yes
NL,areas.city-index,22,1,nl-NL,22,0,0,,0,0,,1.0,1.0,1.0,0.0,"OpenStreetMap named POI (ODbL 1.0, share-alike, attribution required)",yes
NL,areas.overview,161,1,nl-NL,161,0,161,1.0,0,0,,1.0,1.0,1.0,0.0,"OpenStreetMap named POI (ODbL 1.0, share-alike, attribution required)",yes
NL,comparisons.city-vs-home,15,1,nl-NL,15,0,0,,0,0,,1.0,1.0,1.0,0.0,geonames-cities; cost-of-living-city-verified,yes
NL,cost-of-living.city,57,1,nl-NL,57,0,0,,0,0,,1.0,1.0,1.0,1.0,geonames-cities; cost-of-living-city-verified,yes
NL,cost-of-living.city-vs-market,15,1,nl-NL,15,0,0,,0,0,,1.0,1.0,1.0,0.0,geonames-cities; cost-of-living-city-verified,yes
NL,destinations.country-hub,1,1,nl-NL,1,0,0,,0,0,,1.0,1.0,1.0,0.0,geonames-cities; ourairports,yes
NL,education.city-schools,13,1,nl-NL,13,0,0,,0,0,,1.0,1.0,1.0,0.0,geonames-cities; school-data-verified,yes
NL,education.city-universities,15,1,nl-NL,15,0,0,,0,0,,1.0,1.0,1.0,0.0,geonames-cities; school-data-verified,yes
NL,events.city-calendar,357,1,nl-NL,357,0,0,,0,0,,1.0,1.0,1.0,0.0,geonames-cities; events-verified,yes
NL,events.city-type,357,1,nl-NL,357,0,0,,0,0,,1.0,1.0,1.0,1.0,geonames-cities; events-verified,yes
NL,events.city-window,15,1,nl-NL,15,0,0,,0,0,,1.0,1.0,1.0,1.0,geonames-cities; events-verified,yes
NL,health.city,57,1,nl-NL,57,0,0,,0,0,,1.0,1.0,1.0,0.0,geonames-cities; health-rules-verified,yes
NL,neighbourhoods.city-where-to-stay,1,1,nl-NL,1,0,0,,0,0,,1.0,1.0,1.0,0.0,geonames-cities; neighbourhood-facts-verified,yes
NL,neighbourhoods.guide,8,1,nl-NL,8,0,0,,0,0,,1.0,1.0,1.0,0.0,geonames-cities; neighbourhood-facts-verified,yes
NL,outdoors.archaeological_site,49,1,nl-NL,49,0,0,,0,0,,1.0,1.0,1.0,0.0,"OpenStreetMap named POI (ODbL 1.0, share-alike, attribution required)",yes
NL,outdoors.beach,4,1,nl-NL,4,0,0,,0,0,,1.0,1.0,1.0,0.0,"OpenStreetMap named POI (ODbL 1.0, share-alike, attribution required)",yes
NL,outdoors.beach_resort,1,1,nl-NL,1,0,0,,0,0,,1.0,1.0,1.0,0.0,"OpenStreetMap named POI (ODbL 1.0, share-alike, attribution required)",yes
NL,outdoors.bicycle-trail,352,1,nl-NL,352,0,0,,0,0,,1.0,1.0,1.0,0.0,"OpenStreetMap named POI (ODbL 1.0, share-alike, attribution required)",yes
NL,outdoors.bird_hide,1,1,nl-NL,1,0,0,,0,0,,1.0,1.0,1.0,0.0,"OpenStreetMap named POI (ODbL 1.0, share-alike, attribution required)",yes
NL,outdoors.camp_site,4,1,nl-NL,4,0,0,,0,0,,1.0,1.0,1.0,0.0,"OpenStreetMap named POI (ODbL 1.0, share-alike, attribution required)",yes
NL,outdoors.canoe-trail,30,1,nl-NL,30,0,0,,0,0,,1.0,1.0,1.0,0.0,"OpenStreetMap named POI (ODbL 1.0, share-alike, attribution required)",yes
NL,outdoors.castle,261,1,nl-NL,261,0,0,,0,0,,1.0,1.0,1.0,0.0,"OpenStreetMap named POI (ODbL 1.0, share-alike, attribution required)",yes
NL,outdoors.cave,10,1,nl-NL,10,0,0,,0,0,,1.0,1.0,1.0,0.0,"OpenStreetMap named POI (ODbL 1.0, share-alike, attribution required)",yes
NL,outdoors.city_gate,42,1,nl-NL,42,0,0,,0,0,,1.0,1.0,1.0,0.0,"OpenStreetMap named POI (ODbL 1.0, share-alike, attribution required)",yes
NL,outdoors.foot-trail,317,1,nl-NL,317,0,0,,0,0,,1.0,1.0,1.0,0.0,"OpenStreetMap named POI (ODbL 1.0, share-alike, attribution required)",yes
NL,outdoors.fort,82,1,nl-NL,82,0,0,,0,0,,1.0,1.0,1.0,0.0,"OpenStreetMap named POI (ODbL 1.0, share-alike, attribution required)",yes
NL,outdoors.hiking-trail,2718,1,nl-NL,2718,0,0,,0,0,,1.0,1.0,1.0,0.0,"OpenStreetMap named POI (ODbL 1.0, share-alike, attribution required)",yes
NL,outdoors.horse-trail,7,1,nl-NL,7,0,0,,0,0,,1.0,1.0,1.0,0.0,"OpenStreetMap named POI (ODbL 1.0, share-alike, attribution required)",yes
NL,outdoors.inline_skates-trail,2,1,nl-NL,2,0,0,,0,0,,1.0,1.0,1.0,0.0,"OpenStreetMap named POI (ODbL 1.0, share-alike, attribution required)",yes
NL,outdoors.lighthouse,20,1,nl-NL,20,0,0,,0,0,,1.0,1.0,1.0,0.0,"OpenStreetMap named POI (ODbL 1.0, share-alike, attribution required)",yes
NL,outdoors.monument,11,1,nl-NL,11,0,0,,0,0,,1.0,1.0,1.0,0.0,"OpenStreetMap named POI (ODbL 1.0, share-alike, attribution required)",yes
NL,outdoors.mtb-trail,274,1,nl-NL,274,0,0,,0,0,,1.0,1.0,1.0,0.0,"OpenStreetMap named POI (ODbL 1.0, share-alike, attribution required)",yes
NL,outdoors.observatory,8,1,nl-NL,8,0,0,,0,0,,1.0,1.0,1.0,0.0,"OpenStreetMap named POI (ODbL 1.0, share-alike, attribution required)",yes
NL,outdoors.peak,119,1,nl-NL,119,0,0,,0,0,,1.0,1.0,1.0,0.0,"OpenStreetMap named POI (ODbL 1.0, share-alike, attribution required)",yes
NL,outdoors.ruins,23,1,nl-NL,23,0,0,,0,0,,1.0,1.0,1.0,0.0,"OpenStreetMap named POI (ODbL 1.0, share-alike, attribution required)",yes
NL,outdoors.running-trail,2,1,nl-NL,2,0,0,,0,0,,1.0,1.0,1.0,0.0,"OpenStreetMap named POI (ODbL 1.0, share-alike, attribution required)",yes
NL,outdoors.tower,59,1,nl-NL,59,0,0,,0,0,,1.0,1.0,1.0,0.0,"OpenStreetMap named POI (ODbL 1.0, share-alike, attribution required)",yes
NL,outdoors.viewpoint,17,1,nl-NL,17,0,0,,0,0,,1.0,1.0,1.0,0.0,"OpenStreetMap named POI (ODbL 1.0, share-alike, attribution required)",yes
NL,outdoors.walking-trail,1,1,nl-NL,1,0,0,,0,0,,1.0,1.0,1.0,0.0,"OpenStreetMap named POI (ODbL 1.0, share-alike, attribution required)",yes
NL,outdoors.watermill,63,1,nl-NL,63,0,0,,0,0,,1.0,1.0,1.0,0.0,"OpenStreetMap named POI (ODbL 1.0, share-alike, attribution required)",yes
NL,outdoors.windmill,656,1,nl-NL,656,0,0,,0,0,,1.0,1.0,1.0,0.0,"OpenStreetMap named POI (ODbL 1.0, share-alike, attribution required)",yes
NL,places.area-arts_centre,28,1,nl-NL,28,0,28,1.0,0,0,,1.0,1.0,1.0,0.2857,"OpenStreetMap named POI (ODbL 1.0, share-alike, attribution required)",yes
NL,places.area-attraction,12,1,nl-NL,12,0,12,1.0,0,0,,1.0,1.0,1.0,0.25,"OpenStreetMap named POI (ODbL 1.0, share-alike, attribution required)",yes
NL,places.area-bar,82,1,nl-NL,82,0,82,1.0,0,0,,1.0,1.0,1.0,0.0854,"OpenStreetMap named POI (ODbL 1.0, share-alike, attribution required)",yes
NL,places.area-cafe,236,1,nl-NL,236,0,236,1.0,0,0,,1.0,1.0,1.0,0.1822,"OpenStreetMap named POI (ODbL 1.0, share-alike, attribution required)",yes
NL,places.area-childcare,226,1,nl-NL,226,0,226,1.0,0,0,,1.0,1.0,1.0,0.3805,"OpenStreetMap named POI (ODbL 1.0, share-alike, attribution required)",yes
NL,places.area-cinema,16,1,nl-NL,16,0,16,1.0,0,0,,1.0,1.0,1.0,0.1875,"OpenStreetMap named POI (ODbL 1.0, share-alike, attribution required)",yes
NL,places.area-clinic,322,1,nl-NL,322,0,322,1.0,0,0,,1.0,1.0,1.0,0.3727,"OpenStreetMap named POI (ODbL 1.0, share-alike, attribution required)",yes
NL,places.area-college,20,1,nl-NL,20,0,20,1.0,0,0,,1.0,1.0,1.0,0.2,"OpenStreetMap named POI (ODbL 1.0, share-alike, attribution required)",yes
NL,places.area-coworking,11,1,nl-NL,11,0,11,1.0,0,0,,1.0,1.0,1.0,0.0,"OpenStreetMap named POI (ODbL 1.0, share-alike, attribution required)",yes
NL,places.area-cuisine,628,1,nl-NL,628,0,628,1.0,0,0,,1.0,1.0,1.0,0.1449,"OpenStreetMap named POI (ODbL 1.0, share-alike, attribution required)",yes
NL,places.area-dentist,279,1,nl-NL,279,0,279,1.0,0,0,,1.0,1.0,1.0,0.4158,"OpenStreetMap named POI (ODbL 1.0, share-alike, attribution required)",yes
NL,places.area-department_store,27,1,nl-NL,27,0,27,1.0,0,0,,1.0,1.0,1.0,0.1481,"OpenStreetMap named POI (ODbL 1.0, share-alike, attribution required)",yes
NL,places.area-fast_food,547,1,nl-NL,547,0,547,1.0,0,0,,1.0,1.0,1.0,0.2761,"OpenStreetMap named POI (ODbL 1.0, share-alike, attribution required)",yes
NL,places.area-gallery,19,1,nl-NL,19,0,19,1.0,0,0,,1.0,1.0,1.0,0.2632,"OpenStreetMap named POI (ODbL 1.0, share-alike, attribution required)",yes
NL,places.area-guest_house,43,1,nl-NL,43,0,43,1.0,0,0,,1.0,1.0,1.0,0.3488,"OpenStreetMap named POI (ODbL 1.0, share-alike, attribution required)",yes
NL,places.area-gym,199,1,nl-NL,199,0,199,1.0,0,0,,1.0,1.0,1.0,0.3417,"OpenStreetMap named POI (ODbL 1.0, share-alike, attribution required)",yes
NL,places.area-hospital,3,1,nl-NL,3,0,3,1.0,0,0,,1.0,1.0,1.0,0.0,"OpenStreetMap named POI (ODbL 1.0, share-alike, attribution required)",yes
NL,places.area-hostel,10,1,nl-NL,10,0,10,1.0,0,0,,1.0,1.0,1.0,0.1,"OpenStreetMap named POI (ODbL 1.0, share-alike, attribution required)",yes
NL,places.area-library,29,1,nl-NL,29,0,29,1.0,0,0,,1.0,1.0,1.0,0.2069,"OpenStreetMap named POI (ODbL 1.0, share-alike, attribution required)",yes
NL,places.area-mall,1,1,nl-NL,1,0,1,1.0,0,0,,1.0,1.0,1.0,1.0,"OpenStreetMap named POI (ODbL 1.0, share-alike, attribution required)",yes
NL,places.area-marina,9,1,nl-NL,9,0,9,1.0,0,0,,1.0,1.0,1.0,0.5556,"OpenStreetMap named POI (ODbL 1.0, share-alike, attribution required)",yes
NL,places.area-market,3,1,nl-NL,3,0,3,1.0,0,0,,1.0,1.0,1.0,0.3333,"OpenStreetMap named POI (ODbL 1.0, share-alike, attribution required)",yes
NL,places.area-museum,86,1,nl-NL,86,0,86,1.0,0,0,,1.0,1.0,1.0,0.407,"OpenStreetMap named POI (ODbL 1.0, share-alike, attribution required)",yes
NL,places.area-nightclub,14,1,nl-NL,14,0,14,1.0,0,0,,1.0,1.0,1.0,0.0,"OpenStreetMap named POI (ODbL 1.0, share-alike, attribution required)",yes
NL,places.area-opening,393,1,nl-NL,393,0,393,1.0,0,0,,1.0,1.0,1.0,0.0051,"OpenStreetMap named POI (ODbL 1.0, share-alike, attribution required)",yes
NL,places.area-parking,46,1,nl-NL,46,0,46,1.0,0,0,,1.0,1.0,1.0,0.1087,"OpenStreetMap named POI (ODbL 1.0, share-alike, attribution required)",yes
NL,places.area-pharmacy,122,1,nl-NL,122,0,122,1.0,0,0,,1.0,1.0,1.0,0.5,"OpenStreetMap named POI (ODbL 1.0, share-alike, attribution required)",yes
NL,places.area-pub,169,1,nl-NL,169,0,169,1.0,0,0,,1.0,1.0,1.0,0.1953,"OpenStreetMap named POI (ODbL 1.0, share-alike, attribution required)",yes
NL,places.area-railway_station,18,1,nl-NL,18,0,18,1.0,0,0,,1.0,1.0,1.0,0.1667,"OpenStreetMap named POI (ODbL 1.0, share-alike, attribution required)",yes
NL,places.area-restaurant,559,1,nl-NL,559,0,559,1.0,0,0,,1.0,1.0,1.0,0.1306,"OpenStreetMap named POI (ODbL 1.0, share-alike, attribution required)",yes
NL,places.area-school,360,1,nl-NL,360,0,360,1.0,0,0,,1.0,1.0,1.0,0.3833,"OpenStreetMap named POI (ODbL 1.0, share-alike, attribution required)",yes
NL,places.area-sports_centre,280,1,nl-NL,280,0,280,1.0,0,0,,1.0,1.0,1.0,0.4679,"OpenStreetMap named POI (ODbL 1.0, share-alike, attribution required)",yes
NL,places.area-supermarket,605,1,nl-NL,605,0,605,1.0,0,0,,1.0,1.0,1.0,0.4099,"OpenStreetMap named POI (ODbL 1.0, share-alike, attribution required)",yes
NL,places.area-theatre,43,1,nl-NL,43,0,43,1.0,0,0,,1.0,1.0,1.0,0.186,"OpenStreetMap named POI (ODbL 1.0, share-alike, attribution required)",yes
NL,places.area-university,14,1,nl-NL,14,0,14,1.0,0,0,,1.0,1.0,1.0,0.0714,"OpenStreetMap named POI (ODbL 1.0, share-alike, attribution required)",yes
NL,places.area-veterinary,28,1,nl-NL,28,0,28,1.0,0,0,,1.0,1.0,1.0,0.3571,"OpenStreetMap named POI (ODbL 1.0, share-alike, attribution required)",yes
NL,places.area-viewpoint,1,1,nl-NL,1,0,1,1.0,0,0,,1.0,1.0,1.0,1.0,"OpenStreetMap named POI (ODbL 1.0, share-alike, attribution required)",yes
NL,places.city-arts_centre,25,1,nl-NL,25,0,0,,0,0,,1.0,1.0,1.0,0.0,"OpenStreetMap named POI (ODbL 1.0, share-alike, attribution required)",yes
NL,places.city-attraction,22,1,nl-NL,22,0,0,,0,0,,1.0,1.0,1.0,0.0,"OpenStreetMap named POI (ODbL 1.0, share-alike, attribution required)",yes
NL,places.city-bar,27,1,nl-NL,27,0,0,,0,0,,1.0,1.0,1.0,0.0,"OpenStreetMap named POI (ODbL 1.0, share-alike, attribution required)",yes
NL,places.city-cafe,79,1,nl-NL,79,0,0,,0,0,,1.0,1.0,1.0,0.0,"OpenStreetMap named POI (ODbL 1.0, share-alike, attribution required)",yes
NL,places.city-camp_site,21,1,nl-NL,21,0,0,,0,0,,1.0,1.0,1.0,0.0,"OpenStreetMap named POI (ODbL 1.0, share-alike, attribution required)",yes
NL,places.city-castle,1,1,nl-NL,1,0,0,,0,0,,1.0,1.0,1.0,0.0,"OpenStreetMap named POI (ODbL 1.0, share-alike, attribution required)",yes
NL,places.city-category,57,1,nl-NL,57,0,0,,0,0,,1.0,1.0,1.0,1.0,geonames-cities; places-data-verified,yes
NL,places.city-childcare,73,1,nl-NL,73,0,0,,0,0,,1.0,1.0,1.0,0.0,"OpenStreetMap named POI (ODbL 1.0, share-alike, attribution required)",yes
NL,places.city-cinema,38,1,nl-NL,38,0,0,,0,0,,1.0,1.0,1.0,0.0,"OpenStreetMap named POI (ODbL 1.0, share-alike, attribution required)",yes
NL,places.city-clinic,119,1,nl-NL,119,0,0,,0,0,,1.0,1.0,1.0,0.0,"OpenStreetMap named POI (ODbL 1.0, share-alike, attribution required)",yes
NL,places.city-college,31,1,nl-NL,31,0,0,,0,0,,1.0,1.0,1.0,0.0,"OpenStreetMap named POI (ODbL 1.0, share-alike, attribution required)",yes
NL,places.city-coworking,13,1,nl-NL,13,0,0,,0,0,,1.0,1.0,1.0,0.0,"OpenStreetMap named POI (ODbL 1.0, share-alike, attribution required)",yes
NL,places.city-cuisine,477,1,nl-NL,477,0,477,1.0,0,0,,1.0,1.0,1.0,0.0,"OpenStreetMap named POI (ODbL 1.0, share-alike, attribution required)",yes
NL,places.city-dentist,99,1,nl-NL,99,0,0,,0,0,,1.0,1.0,1.0,0.0,"OpenStreetMap named POI (ODbL 1.0, share-alike, attribution required)",yes
NL,places.city-department_store,63,1,nl-NL,63,0,0,,0,0,,1.0,1.0,1.0,0.0,"OpenStreetMap named POI (ODbL 1.0, share-alike, attribution required)",yes
NL,places.city-fast_food,140,1,nl-NL,140,0,0,,0,0,,1.0,1.0,1.0,0.0,"OpenStreetMap named POI (ODbL 1.0, share-alike, attribution required)",yes
NL,places.city-gallery,21,1,nl-NL,21,0,0,,0,0,,1.0,1.0,1.0,0.0,"OpenStreetMap named POI (ODbL 1.0, share-alike, attribution required)",yes
NL,places.city-garden,1,1,nl-NL,1,0,0,,0,0,,1.0,1.0,1.0,0.0,"OpenStreetMap named POI (ODbL 1.0, share-alike, attribution required)",yes
NL,places.city-guest_house,81,1,nl-NL,81,0,0,,0,0,,1.0,1.0,1.0,0.0,"OpenStreetMap named POI (ODbL 1.0, share-alike, attribution required)",yes
NL,places.city-gym,75,1,nl-NL,75,0,0,,0,0,,1.0,1.0,1.0,0.0,"OpenStreetMap named POI (ODbL 1.0, share-alike, attribution required)",yes
NL,places.city-hospital,3,1,nl-NL,3,0,0,,0,0,,1.0,1.0,1.0,0.0,"OpenStreetMap named POI (ODbL 1.0, share-alike, attribution required)",yes
NL,places.city-hostel,7,1,nl-NL,7,0,0,,0,0,,1.0,1.0,1.0,0.0,"OpenStreetMap named POI (ODbL 1.0, share-alike, attribution required)",yes
NL,places.city-library,68,1,nl-NL,68,0,0,,0,0,,1.0,1.0,1.0,0.0,"OpenStreetMap named POI (ODbL 1.0, share-alike, attribution required)",yes
NL,places.city-mall,8,1,nl-NL,8,0,0,,0,0,,1.0,1.0,1.0,0.0,"OpenStreetMap named POI (ODbL 1.0, share-alike, attribution required)",yes
NL,places.city-marina,25,1,nl-NL,25,0,0,,0,0,,1.0,1.0,1.0,0.0,"OpenStreetMap named POI (ODbL 1.0, share-alike, attribution required)",yes
NL,places.city-market,16,1,nl-NL,16,0,0,,0,0,,1.0,1.0,1.0,0.0,"OpenStreetMap named POI (ODbL 1.0, share-alike, attribution required)",yes
NL,places.city-movie_theater,8,1,nl-NL,8,0,0,,0,0,,1.0,1.0,1.0,0.0,"Wikidata (CC0 1.0, public domain dedication, no share-alike)",yes
NL,places.city-museum,107,1,nl-NL,107,0,0,,0,0,,1.0,1.0,1.0,0.0,"OpenStreetMap named POI (ODbL 1.0, share-alike, attribution required)",yes
NL,places.city-nightclub,10,1,nl-NL,10,0,0,,0,0,,1.0,1.0,1.0,0.0,"OpenStreetMap named POI (ODbL 1.0, share-alike, attribution required)",yes
NL,places.city-opening,84,1,nl-NL,84,0,84,1.0,0,0,,1.0,1.0,1.0,0.0,"OpenStreetMap named POI (ODbL 1.0, share-alike, attribution required)",yes
NL,places.city-parking,21,1,nl-NL,21,0,0,,0,0,,1.0,1.0,1.0,0.0,"OpenStreetMap named POI (ODbL 1.0, share-alike, attribution required)",yes
NL,places.city-pharmacy,59,1,nl-NL,59,0,0,,0,0,,1.0,1.0,1.0,0.0,"OpenStreetMap named POI (ODbL 1.0, share-alike, attribution required)",yes
NL,places.city-pub,60,1,nl-NL,60,0,0,,0,0,,1.0,1.0,1.0,0.0,"OpenStreetMap named POI (ODbL 1.0, share-alike, attribution required)",yes
NL,places.city-railway_station,19,1,nl-NL,19,0,0,,0,0,,1.0,1.0,1.0,0.0,"OpenStreetMap named POI (ODbL 1.0, share-alike, attribution required)",yes
NL,places.city-restaurant,255,1,nl-NL,255,0,0,,0,0,,1.0,1.0,1.0,0.0,"OpenStreetMap named POI (ODbL 1.0, share-alike, attribution required)",yes
NL,places.city-school,120,1,nl-NL,120,0,0,,0,0,,1.0,1.0,1.0,0.0,"OpenStreetMap named POI (ODbL 1.0, share-alike, attribution required)",yes
NL,places.city-shopping_mall,12,1,nl-NL,12,0,0,,0,0,,1.0,1.0,1.0,0.0,"Wikidata (CC0 1.0, public domain dedication, no share-alike)",yes
NL,places.city-sports_centre,203,1,nl-NL,203,0,0,,0,0,,1.0,1.0,1.0,0.0,"OpenStreetMap named POI (ODbL 1.0, share-alike, attribution required)",yes
NL,places.city-stadium,1,1,nl-NL,1,0,0,,0,0,,1.0,1.0,1.0,0.0,"Wikidata (CC0 1.0, public domain dedication, no share-alike)",yes
NL,places.city-supermarket,138,1,nl-NL,138,0,0,,0,0,,1.0,1.0,1.0,0.0,"OpenStreetMap named POI (ODbL 1.0, share-alike, attribution required)",yes
NL,places.city-swimming_pool,1,1,nl-NL,1,0,0,,0,0,,1.0,1.0,1.0,0.0,"OpenStreetMap named POI (ODbL 1.0, share-alike, attribution required)",yes
NL,places.city-theatre,50,1,nl-NL,50,0,0,,0,0,,1.0,1.0,1.0,0.0,"OpenStreetMap named POI (ODbL 1.0, share-alike, attribution required)",yes
NL,places.city-university,15,1,nl-NL,15,0,0,,0,0,,1.0,1.0,1.0,0.0,"OpenStreetMap named POI (ODbL 1.0, share-alike, attribution required)",yes
NL,places.city-veterinary,37,1,nl-NL,37,0,0,,0,0,,1.0,1.0,1.0,0.0,"OpenStreetMap named POI (ODbL 1.0, share-alike, attribution required)",yes
NL,places.city-viewpoint,3,1,nl-NL,3,0,0,,0,0,,1.0,1.0,1.0,0.0,"OpenStreetMap named POI (ODbL 1.0, share-alike, attribution required)",yes
NL,places.city-zoo,8,1,nl-NL,8,0,0,,0,0,,1.0,1.0,1.0,0.0,"OpenStreetMap named POI (ODbL 1.0, share-alike, attribution required)",yes
NL,places.neighbourhood-category,8,1,nl-NL,8,0,0,,0,0,,1.0,1.0,1.0,0.0,neighbourhood-facts-verified; places-data-verified,yes
NL,poi.amusement_park-notable,1,1,nl-NL,1,0,1,1.0,0,0,,1.0,1.0,1.0,0.0,"Wikidata (CC0 1.0, public domain dedication, no share-alike)",yes
NL,poi.attraction-notable,6,1,nl-NL,6,0,6,1.0,0,0,,1.0,1.0,1.0,0.0,"OpenStreetMap named POI (ODbL 1.0, share-alike, attribution required)",yes
NL,poi.castle-notable,1,1,nl-NL,1,0,1,1.0,0,0,,1.0,1.0,1.0,0.0,"OpenStreetMap named POI (ODbL 1.0, share-alike, attribution required)",yes
NL,poi.gallery-notable,4,1,nl-NL,4,0,4,1.0,0,0,,1.0,1.0,1.0,0.0,"OpenStreetMap named POI (ODbL 1.0, share-alike, attribution required)",yes
NL,poi.museum-notable,323,1,nl-NL,323,0,323,1.0,0,0,,1.0,1.0,1.0,0.0,"OpenStreetMap named POI (ODbL 1.0, share-alike, attribution required)",yes
NL,poi.park-notable,3,1,nl-NL,3,0,3,1.0,0,0,,1.0,1.0,1.0,0.0,"Wikidata (CC0 1.0, public domain dedication, no share-alike)",yes
NL,poi.theatre-notable,33,1,nl-NL,33,0,33,1.0,0,0,,1.0,1.0,1.0,0.0,"Wikidata (CC0 1.0, public domain dedication, no share-alike)",yes
NL,poi.theme_park-notable,1,1,nl-NL,1,0,1,1.0,0,0,,1.0,1.0,1.0,0.0,"OpenStreetMap named POI (ODbL 1.0, share-alike, attribution required)",yes
NL,relocation.city,57,1,nl-NL,57,0,0,,0,0,,1.0,1.0,1.0,0.0,geonames-cities; cost-of-living-city-verified; visa-rules-verified,yes
NL,relocation.country,1,1,nl-NL,1,0,0,,0,0,,1.0,1.0,1.0,0.0,visa-rules-verified; cost-of-living-verified,yes
NL,rents.neighbourhood,8,1,nl-NL,8,0,0,,0,0,,1.0,1.0,1.0,0.0,geonames-cities; rent-index-verified,yes
NL,safety.city,15,1,nl-NL,15,0,0,,0,0,,1.0,1.0,1.0,0.0,geonames-cities; safety-data-verified,yes
NL,services.city-practical,57,1,nl-NL,57,0,0,,0,0,,1.0,1.0,1.0,1.0,geonames-cities; places-data-verified,yes
NL,sport.city-activity,15,1,nl-NL,15,0,0,,0,0,,1.0,1.0,1.0,1.0,geonames-cities; sport-routes-verified,yes
NL,stay.city-type,91,4,de-DE en-GB nl-NL tr-TR,57,34,0,,0,34,1.0,1.0,1.0,1.0,1.0,geonames-cities; stay-inventory-verified,yes
NL,stay.near-venue,125,1,nl-NL,125,0,0,,0,0,,1.0,1.0,1.0,0.0,venue-data-verified; stay-inventory-verified,yes
NL,taxes.country-remote-work,1,1,nl-NL,1,0,0,,0,0,,1.0,1.0,1.0,0.0,tax-rules-verified; visa-rules-verified,yes
NL,transport.route-from-market,17,2,en-GB nl-NL,15,2,0,,0,2,1.0,1.0,1.0,1.0,0.0,ourairports; geonames-cities; computed-distance,yes
NL,weather.city-month,61,3,en-GB en-US nl-NL,57,4,0,,0,4,1.0,1.0,1.0,1.0,0.0,geonames-cities; nasa-power-daily,yes
NL,work.city-jobs-category,15,1,nl-NL,15,0,0,,0,0,,1.0,1.0,1.0,0.0,geonames-cities; salary-data-verified; work-rules-verified,yes
NL,work.city-salaries,57,1,nl-NL,57,0,0,,0,0,,1.0,1.0,1.0,1.0,geonames-cities; salary-data-verified,yes
NO,activities.city-things-to-do,16,2,de-DE it-IT,0,16,0,,0,16,1.0,1.0,1.0,1.0,0.0,geonames-cities; attractions-verified,yes
NO,stay.city-type,5,2,de-DE it-IT,0,5,0,,0,5,1.0,1.0,1.0,1.0,1.0,geonames-cities; stay-inventory-verified,yes
NO,weather.city-month,14,1,it-IT,0,14,0,,0,14,1.0,1.0,1.0,1.0,0.0,geonames-cities; nasa-power-daily,yes
NZ,activities.city-things-to-do,17,1,en-US,0,17,0,,0,17,1.0,1.0,1.0,1.0,0.0,geonames-cities; attractions-verified,yes
NZ,stay.city-type,4,1,en-GB,0,4,0,,0,4,1.0,1.0,1.0,1.0,1.0,geonames-cities; stay-inventory-verified,yes
NZ,transport.route-from-market,4,1,en-GB,0,4,0,,0,4,1.0,1.0,1.0,1.0,0.0,ourairports; geonames-cities; computed-distance,yes
NZ,weather.city-month,17,1,en-US,0,17,0,,0,17,1.0,1.0,1.0,1.0,0.0,geonames-cities; nasa-power-daily,yes
PE,activities.city-things-to-do,35,2,en-US es-ES,0,35,0,,0,35,1.0,1.0,1.0,1.0,0.0,geonames-cities; attractions-verified,yes
PE,stay.city-type,14,1,en-GB,0,14,0,,0,14,1.0,1.0,1.0,1.0,1.0,geonames-cities; stay-inventory-verified,yes
PE,transport.route-from-market,14,1,en-GB,0,14,0,,0,14,1.0,1.0,1.0,1.0,0.0,ourairports; geonames-cities; computed-distance,yes
PE,weather.city-month,34,1,en-US,0,34,0,,0,34,1.0,1.0,1.0,1.0,0.0,geonames-cities; nasa-power-daily,yes
PH,activities.city-things-to-do,65,2,es-ES ja-JP,0,65,0,,0,65,1.0,1.0,1.0,1.0,0.0,geonames-cities; attractions-verified,yes
PH,stay.city-type,64,1,ja-JP,0,64,0,,0,64,1.0,1.0,1.0,1.0,1.0,geonames-cities; stay-inventory-verified,yes
PH,weather.city-month,64,1,ja-JP,0,64,0,,0,64,1.0,1.0,1.0,1.0,0.0,geonames-cities; nasa-power-daily,yes
PL,activities.city-things-to-do,8,4,de-DE es-ES it-IT pl-PL,1,7,0,,0,7,1.0,1.0,1.0,1.0,0.0,geonames-cities; attractions-verified,yes
PL,areas.city-index,25,1,pl-PL,25,0,0,,0,0,,1.0,1.0,1.0,0.0,"OpenStreetMap named POI (ODbL 1.0, share-alike, attribution required)",yes
PL,areas.overview,178,1,pl-PL,178,0,178,1.0,0,0,,1.0,1.0,1.0,0.0,"OpenStreetMap named POI (ODbL 1.0, share-alike, attribution required)",yes
PL,comparisons.city-vs-home,23,1,pl-PL,23,0,0,,0,0,,1.0,1.0,1.0,0.0,geonames-cities; cost-of-living-city-verified,yes
PL,cost-of-living.city,101,1,pl-PL,101,0,0,,0,0,,1.0,1.0,1.0,1.0,geonames-cities; cost-of-living-city-verified,yes
PL,cost-of-living.city-vs-market,23,1,pl-PL,23,0,0,,0,0,,1.0,1.0,1.0,0.0,geonames-cities; cost-of-living-city-verified,yes
PL,destinations.country-hub,1,1,pl-PL,1,0,0,,0,0,,1.0,1.0,1.0,0.0,geonames-cities; ourairports,yes
PL,destinations.region-cities,18,1,pl-PL,18,0,18,1.0,0,0,,1.0,1.0,1.0,0.0,"OpenStreetMap named POI (ODbL 1.0, share-alike, attribution required)",yes
PL,destinations.region-what-to-see,108,1,pl-PL,108,0,108,1.0,0,0,,1.0,1.0,1.0,0.0,"OpenStreetMap named POI (ODbL 1.0, share-alike, attribution required)",yes
PL,education.city-schools,20,1,pl-PL,20,0,0,,0,0,,1.0,1.0,1.0,0.0,geonames-cities; school-data-verified,yes
PL,education.city-universities,23,1,pl-PL,23,0,0,,0,0,,1.0,1.0,1.0,0.0,geonames-cities; school-data-verified,yes
PL,events.city-calendar,16,1,pl-PL,16,0,0,,0,0,,1.0,1.0,1.0,0.0,geonames-cities; events-verified,yes
PL,events.city-type,16,1,pl-PL,16,0,0,,0,0,,1.0,1.0,1.0,1.0,geonames-cities; events-verified,yes
PL,events.city-window,39,1,pl-PL,39,0,0,,0,0,,1.0,1.0,1.0,1.0,geonames-cities; events-verified,yes
PL,health.city,117,1,pl-PL,117,0,0,,0,0,,1.0,1.0,1.0,0.0,geonames-cities; health-rules-verified,yes
PL,neighbourhoods.city-where-to-stay,2,1,pl-PL,2,0,0,,0,0,,1.0,1.0,1.0,0.0,geonames-cities; neighbourhood-facts-verified,yes
PL,neighbourhoods.guide,17,1,pl-PL,17,0,0,,0,0,,1.0,1.0,1.0,0.0,geonames-cities; neighbourhood-facts-verified,yes
PL,outdoors.aqueduct,1,1,pl-PL,1,0,0,,0,0,,1.0,1.0,1.0,0.0,"OpenStreetMap named POI (ODbL 1.0, share-alike, attribution required)",yes
PL,outdoors.archaeological_site,17,1,pl-PL,17,0,0,,0,0,,1.0,1.0,1.0,0.0,"OpenStreetMap named POI (ODbL 1.0, share-alike, attribution required)",yes
PL,outdoors.bicycle-trail,1983,1,pl-PL,1983,0,0,,0,0,,1.0,1.0,1.0,0.0,"OpenStreetMap named POI (ODbL 1.0, share-alike, attribution required)",yes
PL,outdoors.camp_site,14,1,pl-PL,14,0,0,,0,0,,1.0,1.0,1.0,0.0,"OpenStreetMap named POI (ODbL 1.0, share-alike, attribution required)",yes
PL,outdoors.canoe-trail,6,1,pl-PL,6,0,0,,0,0,,1.0,1.0,1.0,0.0,"OpenStreetMap named POI (ODbL 1.0, share-alike, attribution required)",yes
PL,outdoors.castle,388,1,pl-PL,388,0,16,1.0,0,0,,1.0,1.0,1.0,0.0,"OpenStreetMap named POI (ODbL 1.0, share-alike, attribution required)",yes
PL,outdoors.castle-in-region,14,1,pl-PL,14,0,0,,0,0,,1.0,1.0,1.0,0.0,"OpenStreetMap named POI (ODbL 1.0, share-alike, attribution required)",yes
PL,outdoors.cave,69,1,pl-PL,69,0,0,,0,0,,1.0,1.0,1.0,0.0,"OpenStreetMap named POI (ODbL 1.0, share-alike, attribution required)",yes
PL,outdoors.city_gate,21,1,pl-PL,21,0,0,,0,0,,1.0,1.0,1.0,0.0,"OpenStreetMap named POI (ODbL 1.0, share-alike, attribution required)",yes
PL,outdoors.foot-trail,166,1,pl-PL,166,0,0,,0,0,,1.0,1.0,1.0,0.0,"OpenStreetMap named POI (ODbL 1.0, share-alike, attribution required)",yes
PL,outdoors.fort,78,1,pl-PL,78,0,0,,0,0,,1.0,1.0,1.0,0.0,"OpenStreetMap named POI (ODbL 1.0, share-alike, attribution required)",yes
PL,outdoors.hiking-trail,1879,1,pl-PL,1879,0,0,,0,0,,1.0,1.0,1.0,0.0,"OpenStreetMap named POI (ODbL 1.0, share-alike, attribution required)",yes
PL,outdoors.horse-trail,14,1,pl-PL,14,0,0,,0,0,,1.0,1.0,1.0,0.0,"OpenStreetMap named POI (ODbL 1.0, share-alike, attribution required)",yes
PL,outdoors.lighthouse,11,1,pl-PL,11,0,0,,0,0,,1.0,1.0,1.0,0.0,"OpenStreetMap named POI (ODbL 1.0, share-alike, attribution required)",yes
PL,outdoors.monument,49,1,pl-PL,49,0,0,,0,0,,1.0,1.0,1.0,0.0,"OpenStreetMap named POI (ODbL 1.0, share-alike, attribution required)",yes
PL,outdoors.mountain_hut,71,1,pl-PL,71,0,0,,0,0,,1.0,1.0,1.0,0.0,"OpenStreetMap named POI (ODbL 1.0, share-alike, attribution required)",yes
PL,outdoors.mountain_pass,318,1,pl-PL,318,0,0,,0,0,,1.0,1.0,1.0,0.0,"OpenStreetMap named POI (ODbL 1.0, share-alike, attribution required)",yes
PL,outdoors.mtb-trail,132,1,pl-PL,132,0,0,,0,0,,1.0,1.0,1.0,0.0,"OpenStreetMap named POI (ODbL 1.0, share-alike, attribution required)",yes
PL,outdoors.observatory,1,1,pl-PL,1,0,0,,0,0,,1.0,1.0,1.0,0.0,"OpenStreetMap named POI (ODbL 1.0, share-alike, attribution required)",yes
PL,outdoors.peak,2128,1,pl-PL,2128,0,0,,0,0,,1.0,1.0,1.0,0.0,"OpenStreetMap named POI (ODbL 1.0, share-alike, attribution required)",yes
PL,outdoors.piste-trail,11,1,pl-PL,11,0,0,,0,0,,1.0,1.0,1.0,0.0,"OpenStreetMap named POI (ODbL 1.0, share-alike, attribution required)",yes
PL,outdoors.ruins,71,1,pl-PL,71,0,0,,0,0,,1.0,1.0,1.0,0.0,"OpenStreetMap named POI (ODbL 1.0, share-alike, attribution required)",yes
PL,outdoors.running-trail,15,1,pl-PL,15,0,0,,0,0,,1.0,1.0,1.0,0.0,"OpenStreetMap named POI (ODbL 1.0, share-alike, attribution required)",yes
PL,outdoors.ski-trail,20,1,pl-PL,20,0,0,,0,0,,1.0,1.0,1.0,0.0,"OpenStreetMap named POI (ODbL 1.0, share-alike, attribution required)",yes
PL,outdoors.tower,117,1,pl-PL,117,0,0,,0,0,,1.0,1.0,1.0,0.0,"OpenStreetMap named POI (ODbL 1.0, share-alike, attribution required)",yes
PL,outdoors.viewpoint,12,1,pl-PL,12,0,0,,0,0,,1.0,1.0,1.0,0.0,"OpenStreetMap named POI (ODbL 1.0, share-alike, attribution required)",yes
PL,outdoors.waterfall,23,1,pl-PL,23,0,0,,0,0,,1.0,1.0,1.0,0.0,"OpenStreetMap named POI (ODbL 1.0, share-alike, attribution required)",yes
PL,outdoors.watermill,3,1,pl-PL,3,0,0,,0,0,,1.0,1.0,1.0,0.0,"OpenStreetMap named POI (ODbL 1.0, share-alike, attribution required)",yes
PL,outdoors.wilderness_hut,1,1,pl-PL,1,0,0,,0,0,,1.0,1.0,1.0,0.0,"OpenStreetMap named POI (ODbL 1.0, share-alike, attribution required)",yes
PL,outdoors.windmill,4,1,pl-PL,4,0,0,,0,0,,1.0,1.0,1.0,0.0,"OpenStreetMap named POI (ODbL 1.0, share-alike, attribution required)",yes
PL,places.area-arts_centre,31,1,pl-PL,31,0,31,1.0,0,0,,1.0,1.0,1.0,0.9032,"OpenStreetMap named POI (ODbL 1.0, share-alike, attribution required)",yes
PL,places.area-attraction,43,1,pl-PL,43,0,43,1.0,0,0,,1.0,1.0,1.0,0.5581,"OpenStreetMap named POI (ODbL 1.0, share-alike, attribution required)",yes
PL,places.area-attribute,400,1,pl-PL,400,0,400,1.0,0,0,,1.0,1.0,1.0,0.415,"OpenStreetMap named POI (ODbL 1.0, share-alike, attribution required)",yes
PL,places.area-bar,77,1,pl-PL,77,0,77,1.0,0,0,,1.0,1.0,1.0,0.6364,"OpenStreetMap named POI (ODbL 1.0, share-alike, attribution required)",yes
PL,places.area-beach,1,1,pl-PL,1,0,1,1.0,0,0,,1.0,1.0,1.0,1.0,"OpenStreetMap named POI (ODbL 1.0, share-alike, attribution required)",yes
PL,places.area-cafe,268,1,pl-PL,268,0,268,1.0,0,0,,1.0,1.0,1.0,0.5037,"OpenStreetMap named POI (ODbL 1.0, share-alike, attribution required)",yes
PL,places.area-camp_site,1,1,pl-PL,1,0,1,1.0,0,0,,1.0,1.0,1.0,1.0,"OpenStreetMap named POI (ODbL 1.0, share-alike, attribution required)",yes
PL,places.area-childcare,472,1,pl-PL,472,0,472,1.0,0,0,,1.0,1.0,1.0,0.7669,"OpenStreetMap named POI (ODbL 1.0, share-alike, attribution required)",yes
PL,places.area-cinema,9,1,pl-PL,9,0,9,1.0,0,0,,1.0,1.0,1.0,0.7778,"OpenStreetMap named POI (ODbL 1.0, share-alike, attribution required)",yes
PL,places.area-clinic,772,1,pl-PL,772,0,772,1.0,0,0,,1.0,1.0,1.0,0.6904,"OpenStreetMap named POI (ODbL 1.0, share-alike, attribution required)",yes
PL,places.area-college,40,1,pl-PL,40,0,40,1.0,0,0,,1.0,1.0,1.0,0.625,"OpenStreetMap named POI (ODbL 1.0, share-alike, attribution required)",yes
PL,places.area-coworking,5,1,pl-PL,5,0,5,1.0,0,0,,1.0,1.0,1.0,1.0,"OpenStreetMap named POI (ODbL 1.0, share-alike, attribution required)",yes
PL,places.area-cuisine,867,1,pl-PL,867,0,867,1.0,0,0,,1.0,1.0,1.0,0.7266,"OpenStreetMap named POI (ODbL 1.0, share-alike, attribution required)",yes
PL,places.area-dentist,497,1,pl-PL,497,0,497,1.0,0,0,,1.0,1.0,1.0,0.835,"OpenStreetMap named POI (ODbL 1.0, share-alike, attribution required)",yes
PL,places.area-department_store,4,1,pl-PL,4,0,4,1.0,0,0,,1.0,1.0,1.0,0.75,"OpenStreetMap named POI (ODbL 1.0, share-alike, attribution required)",yes
PL,places.area-fast_food,629,1,pl-PL,629,0,629,1.0,0,0,,1.0,1.0,1.0,0.5167,"OpenStreetMap named POI (ODbL 1.0, share-alike, attribution required)",yes
PL,places.area-gallery,31,1,pl-PL,31,0,31,1.0,0,0,,1.0,1.0,1.0,0.6774,"OpenStreetMap named POI (ODbL 1.0, share-alike, attribution required)",yes
PL,places.area-guest_house,84,1,pl-PL,84,0,84,1.0,0,0,,1.0,1.0,1.0,0.6786,"OpenStreetMap named POI (ODbL 1.0, share-alike, attribution required)",yes
PL,places.area-gym,212,1,pl-PL,212,0,212,1.0,0,0,,1.0,1.0,1.0,0.8774,"OpenStreetMap named POI (ODbL 1.0, share-alike, attribution required)",yes
PL,places.area-hospital,1,1,pl-PL,1,0,1,1.0,0,0,,1.0,1.0,1.0,1.0,"OpenStreetMap named POI (ODbL 1.0, share-alike, attribution required)",yes
PL,places.area-hostel,56,1,pl-PL,56,0,56,1.0,0,0,,1.0,1.0,1.0,0.7857,"OpenStreetMap named POI (ODbL 1.0, share-alike, attribution required)",yes
PL,places.area-library,197,1,pl-PL,197,0,197,1.0,0,0,,1.0,1.0,1.0,0.8731,"OpenStreetMap named POI (ODbL 1.0, share-alike, attribution required)",yes
PL,places.area-mall,2,1,pl-PL,2,0,2,1.0,0,0,,1.0,1.0,1.0,1.0,"OpenStreetMap named POI (ODbL 1.0, share-alike, attribution required)",yes
PL,places.area-marina,1,1,pl-PL,1,0,1,1.0,0,0,,1.0,1.0,1.0,1.0,"OpenStreetMap named POI (ODbL 1.0, share-alike, attribution required)",yes
PL,places.area-museum,71,1,pl-PL,71,0,71,1.0,0,0,,1.0,1.0,1.0,0.7183,"OpenStreetMap named POI (ODbL 1.0, share-alike, attribution required)",yes
PL,places.area-nightclub,37,1,pl-PL,37,0,37,1.0,0,0,,1.0,1.0,1.0,0.6757,"OpenStreetMap named POI (ODbL 1.0, share-alike, attribution required)",yes
PL,places.area-opening,386,1,pl-PL,386,0,386,1.0,0,0,,1.0,1.0,1.0,0.4016,"OpenStreetMap named POI (ODbL 1.0, share-alike, attribution required)",yes
PL,places.area-park,1,1,pl-PL,1,0,1,1.0,0,0,,1.0,1.0,1.0,1.0,"OpenStreetMap named POI (ODbL 1.0, share-alike, attribution required)",yes
PL,places.area-parking,2,1,pl-PL,2,0,2,1.0,0,0,,1.0,1.0,1.0,0.5,"OpenStreetMap named POI (ODbL 1.0, share-alike, attribution required)",yes
PL,places.area-pharmacy,1075,1,pl-PL,1075,0,1075,1.0,0,0,,1.0,1.0,1.0,0.7358,"OpenStreetMap named POI (ODbL 1.0, share-alike, attribution required)",yes
PL,places.area-pub,115,1,pl-PL,115,0,115,1.0,0,0,,1.0,1.0,1.0,0.7043,"OpenStreetMap named POI (ODbL 1.0, share-alike, attribution required)",yes
PL,places.area-restaurant,775,1,pl-PL,775,0,775,1.0,0,0,,1.0,1.0,1.0,0.3858,"OpenStreetMap named POI (ODbL 1.0, share-alike, attribution required)",yes
PL,places.area-school,354,1,pl-PL,354,0,354,1.0,0,0,,1.0,1.0,1.0,0.7062,"OpenStreetMap named POI (ODbL 1.0, share-alike, attribution required)",yes
PL,places.area-sports_centre,62,1,pl-PL,62,0,62,1.0,0,0,,1.0,1.0,1.0,0.8226,"OpenStreetMap named POI (ODbL 1.0, share-alike, attribution required)",yes
PL,places.area-supermarket,616,1,pl-PL,616,0,616,1.0,0,0,,1.0,1.0,1.0,0.8766,"OpenStreetMap named POI (ODbL 1.0, share-alike, attribution required)",yes
PL,places.area-theatre,25,1,pl-PL,25,0,25,1.0,0,0,,1.0,1.0,1.0,0.88,"OpenStreetMap named POI (ODbL 1.0, share-alike, attribution required)",yes
PL,places.area-theme_park,3,1,pl-PL,3,0,3,1.0,0,0,,1.0,1.0,1.0,0.6667,"OpenStreetMap named POI (ODbL 1.0, share-alike, attribution required)",yes
PL,places.area-university,40,1,pl-PL,40,0,40,1.0,0,0,,1.0,1.0,1.0,0.675,"OpenStreetMap named POI (ODbL 1.0, share-alike, attribution required)",yes
PL,places.area-veterinary,142,1,pl-PL,142,0,142,1.0,0,0,,1.0,1.0,1.0,0.8873,"OpenStreetMap named POI (ODbL 1.0, share-alike, attribution required)",yes
PL,places.area-viewpoint,4,1,pl-PL,4,0,4,1.0,0,0,,1.0,1.0,1.0,0.75,"OpenStreetMap named POI (ODbL 1.0, share-alike, attribution required)",yes
PL,places.city-arts_centre,33,1,pl-PL,33,0,0,,0,0,,1.0,1.0,1.0,0.0,"OpenStreetMap named POI (ODbL 1.0, share-alike, attribution required)",yes
PL,places.city-attraction,40,1,pl-PL,40,0,0,,0,0,,1.0,1.0,1.0,0.0,"OpenStreetMap named POI (ODbL 1.0, share-alike, attribution required)",yes
PL,places.city-attribute,249,1,pl-PL,249,0,249,1.0,0,0,,1.0,1.0,1.0,0.0,"OpenStreetMap named POI (ODbL 1.0, share-alike, attribution required)",yes
PL,places.city-bar,29,1,pl-PL,29,0,0,,0,0,,1.0,1.0,1.0,0.0,"OpenStreetMap named POI (ODbL 1.0, share-alike, attribution required)",yes
PL,places.city-beach,2,1,pl-PL,2,0,0,,0,0,,1.0,1.0,1.0,0.0,"OpenStreetMap named POI (ODbL 1.0, share-alike, attribution required)",yes
PL,places.city-cafe,75,1,pl-PL,75,0,0,,0,0,,1.0,1.0,1.0,0.0,"OpenStreetMap named POI (ODbL 1.0, share-alike, attribution required)",yes
PL,places.city-camp_site,3,1,pl-PL,3,0,0,,0,0,,1.0,1.0,1.0,0.0,"OpenStreetMap named POI (ODbL 1.0, share-alike, attribution required)",yes
PL,places.city-category,16,1,pl-PL,16,0,0,,0,0,,1.0,1.0,1.0,1.0,geonames-cities; places-data-verified,yes
PL,places.city-childcare,106,1,pl-PL,106,0,0,,0,0,,1.0,1.0,1.0,0.0,"OpenStreetMap named POI (ODbL 1.0, share-alike, attribution required)",yes
PL,places.city-cinema,26,1,pl-PL,26,0,0,,0,0,,1.0,1.0,1.0,0.0,"OpenStreetMap named POI (ODbL 1.0, share-alike, attribution required)",yes
PL,places.city-clinic,176,1,pl-PL,176,0,0,,0,0,,1.0,1.0,1.0,0.0,"OpenStreetMap named POI (ODbL 1.0, share-alike, attribution required)",yes
PL,places.city-college,32,1,pl-PL,32,0,0,,0,0,,1.0,1.0,1.0,0.0,"OpenStreetMap named POI (ODbL 1.0, share-alike, attribution required)",yes
PL,places.city-coworking,6,1,pl-PL,6,0,0,,0,0,,1.0,1.0,1.0,0.0,"OpenStreetMap named POI (ODbL 1.0, share-alike, attribution required)",yes
PL,places.city-cuisine,506,1,pl-PL,506,0,506,1.0,0,0,,1.0,1.0,1.0,0.0,"OpenStreetMap named POI (ODbL 1.0, share-alike, attribution required)",yes
PL,places.city-dentist,108,1,pl-PL,108,0,0,,0,0,,1.0,1.0,1.0,0.0,"OpenStreetMap named POI (ODbL 1.0, share-alike, attribution required)",yes
PL,places.city-department_store,9,1,pl-PL,9,0,0,,0,0,,1.0,1.0,1.0,0.0,"OpenStreetMap named POI (ODbL 1.0, share-alike, attribution required)",yes
PL,places.city-fast_food,143,1,pl-PL,143,0,0,,0,0,,1.0,1.0,1.0,0.0,"OpenStreetMap named POI (ODbL 1.0, share-alike, attribution required)",yes
PL,places.city-gallery,16,1,pl-PL,16,0,0,,0,0,,1.0,1.0,1.0,0.0,"OpenStreetMap named POI (ODbL 1.0, share-alike, attribution required)",yes
PL,places.city-guest_house,51,1,pl-PL,51,0,0,,0,0,,1.0,1.0,1.0,0.0,"OpenStreetMap named POI (ODbL 1.0, share-alike, attribution required)",yes
PL,places.city-gym,70,1,pl-PL,70,0,0,,0,0,,1.0,1.0,1.0,0.0,"OpenStreetMap named POI (ODbL 1.0, share-alike, attribution required)",yes
PL,places.city-hospital,10,1,pl-PL,10,0,0,,0,0,,1.0,1.0,1.0,0.0,"Wikidata (CC0 1.0, public domain dedication, no share-alike)",yes
PL,places.city-hostel,39,1,pl-PL,39,0,0,,0,0,,1.0,1.0,1.0,0.0,"OpenStreetMap named POI (ODbL 1.0, share-alike, attribution required)",yes
PL,places.city-library,104,1,pl-PL,104,0,0,,0,0,,1.0,1.0,1.0,0.0,"OpenStreetMap named POI (ODbL 1.0, share-alike, attribution required)",yes
PL,places.city-mall,7,1,pl-PL,7,0,0,,0,0,,1.0,1.0,1.0,0.0,"OpenStreetMap named POI (ODbL 1.0, share-alike, attribution required)",yes
PL,places.city-marina,3,1,pl-PL,3,0,0,,0,0,,1.0,1.0,1.0,0.0,"OpenStreetMap named POI (ODbL 1.0, share-alike, attribution required)",yes
PL,places.city-market,7,1,pl-PL,7,0,0,,0,0,,1.0,1.0,1.0,0.0,"OpenStreetMap named POI (ODbL 1.0, share-alike, attribution required)",yes
PL,places.city-movie_theater,3,1,pl-PL,3,0,0,,0,0,,1.0,1.0,1.0,0.0,"Wikidata (CC0 1.0, public domain dedication, no share-alike)",yes
PL,places.city-museum,57,1,pl-PL,57,0,0,,0,0,,1.0,1.0,1.0,0.0,"OpenStreetMap named POI (ODbL 1.0, share-alike, attribution required)",yes
PL,places.city-nightclub,21,1,pl-PL,21,0,0,,0,0,,1.0,1.0,1.0,0.0,"OpenStreetMap named POI (ODbL 1.0, share-alike, attribution required)",yes
PL,places.city-opening,181,1,pl-PL,181,0,181,1.0,0,0,,1.0,1.0,1.0,0.0,"OpenStreetMap named POI (ODbL 1.0, share-alike, attribution required)",yes
PL,places.city-park,2,1,pl-PL,2,0,0,,0,0,,1.0,1.0,1.0,0.0,"OpenStreetMap named POI (ODbL 1.0, share-alike, attribution required)",yes
PL,places.city-parking,1,1,pl-PL,1,0,0,,0,0,,1.0,1.0,1.0,0.0,"OpenStreetMap named POI (ODbL 1.0, share-alike, attribution required)",yes
PL,places.city-pharmacy,292,1,pl-PL,292,0,0,,0,0,,1.0,1.0,1.0,0.0,"OpenStreetMap named POI (ODbL 1.0, share-alike, attribution required)",yes
PL,places.city-pub,46,1,pl-PL,46,0,0,,0,0,,1.0,1.0,1.0,0.0,"OpenStreetMap named POI (ODbL 1.0, share-alike, attribution required)",yes
PL,places.city-restaurant,211,1,pl-PL,211,0,0,,0,0,,1.0,1.0,1.0,0.0,"OpenStreetMap named POI (ODbL 1.0, share-alike, attribution required)",yes
PL,places.city-school,96,1,pl-PL,96,0,0,,0,0,,1.0,1.0,1.0,0.0,"OpenStreetMap named POI (ODbL 1.0, share-alike, attribution required)",yes
PL,places.city-shopping_mall,23,1,pl-PL,23,0,0,,0,0,,1.0,1.0,1.0,0.0,"Wikidata (CC0 1.0, public domain dedication, no share-alike)",yes
PL,places.city-sport,18,1,pl-PL,18,0,18,1.0,0,0,,1.0,1.0,1.0,0.0,"OpenStreetMap named POI (ODbL 1.0, share-alike, attribution required)",yes
PL,places.city-sports_centre,48,1,pl-PL,48,0,0,,0,0,,1.0,1.0,1.0,0.0,"OpenStreetMap named POI (ODbL 1.0, share-alike, attribution required)",yes
PL,places.city-stadium,5,1,pl-PL,5,0,0,,0,0,,1.0,1.0,1.0,0.0,"Wikidata (CC0 1.0, public domain dedication, no share-alike)",yes
PL,places.city-supermarket,138,1,pl-PL,138,0,0,,0,0,,1.0,1.0,1.0,0.0,"OpenStreetMap named POI (ODbL 1.0, share-alike, attribution required)",yes
PL,places.city-swimming_pool,3,1,pl-PL,3,0,0,,0,0,,1.0,1.0,1.0,0.0,"OpenStreetMap named POI (ODbL 1.0, share-alike, attribution required)",yes
PL,places.city-theatre,15,1,pl-PL,15,0,0,,0,0,,1.0,1.0,1.0,0.0,"OpenStreetMap named POI (ODbL 1.0, share-alike, attribution required)",yes
PL,places.city-theme_park,5,1,pl-PL,5,0,0,,0,0,,1.0,1.0,1.0,0.0,"OpenStreetMap named POI (ODbL 1.0, share-alike, attribution required)",yes
PL,places.city-university,25,1,pl-PL,25,0,0,,0,0,,1.0,1.0,1.0,0.0,"OpenStreetMap named POI (ODbL 1.0, share-alike, attribution required)",yes
PL,places.city-veterinary,78,1,pl-PL,78,0,0,,0,0,,1.0,1.0,1.0,0.0,"OpenStreetMap named POI (ODbL 1.0, share-alike, attribution required)",yes
PL,places.city-viewpoint,3,1,pl-PL,3,0,0,,0,0,,1.0,1.0,1.0,0.0,"OpenStreetMap named POI (ODbL 1.0, share-alike, attribution required)",yes
PL,places.city-zoo,2,1,pl-PL,2,0,0,,0,0,,1.0,1.0,1.0,0.0,"OpenStreetMap named POI (ODbL 1.0, share-alike, attribution required)",yes
PL,places.neighbourhood-category,17,1,pl-PL,17,0,0,,0,0,,1.0,1.0,1.0,0.0,neighbourhood-facts-verified; places-data-verified,yes
PL,poi.attraction-notable,8,1,pl-PL,8,0,8,1.0,0,0,,1.0,0.75,1.0,0.0,"OpenStreetMap named POI (ODbL 1.0, share-alike, attribution required)",yes
PL,poi.botanical_garden-notable,4,1,pl-PL,4,0,4,1.0,0,0,,1.0,1.0,1.0,0.0,"Wikidata (CC0 1.0, public domain dedication, no share-alike)",yes
PL,poi.castle-notable,5,1,pl-PL,5,0,5,1.0,0,0,,1.0,1.0,1.0,0.0,"Wikidata (CC0 1.0, public domain dedication, no share-alike)",yes
PL,poi.gallery-notable,9,1,pl-PL,9,0,9,1.0,0,0,,1.0,1.0,1.0,0.0,"OpenStreetMap named POI (ODbL 1.0, share-alike, attribution required)",yes
PL,poi.museum-notable,306,1,pl-PL,306,0,306,1.0,0,0,,1.0,1.0,1.0,0.0,"Wikidata (CC0 1.0, public domain dedication, no share-alike)",yes
PL,poi.park-notable,2,1,pl-PL,2,0,2,1.0,0,0,,1.0,1.0,1.0,0.0,"Wikidata (CC0 1.0, public domain dedication, no share-alike)",yes
PL,poi.theatre-notable,11,1,pl-PL,11,0,11,1.0,0,0,,1.0,1.0,1.0,0.0,"Wikidata (CC0 1.0, public domain dedication, no share-alike)",yes
PL,property.city-buy,117,1,pl-PL,117,0,0,,0,0,,1.0,1.0,1.0,0.0,geonames-cities; property-price-verified,yes
PL,relocation.city,101,1,pl-PL,101,0,0,,0,0,,1.0,1.0,1.0,0.0,geonames-cities; cost-of-living-city-verified; visa-rules-verified,yes
PL,relocation.country,1,1,pl-PL,1,0,0,,0,0,,1.0,1.0,1.0,0.0,visa-rules-verified; cost-of-living-verified,yes
PL,rents.city,1,1,pl-PL,1,0,0,,0,0,,1.0,1.0,1.0,1.0,geonames-cities; rent-index-verified,yes
PL,rents.neighbourhood,17,1,pl-PL,17,0,0,,0,0,,1.0,1.0,1.0,0.0,geonames-cities; rent-index-verified,yes
PL,safety.city,23,1,pl-PL,23,0,0,,0,0,,1.0,1.0,1.0,0.0,geonames-cities; safety-data-verified,yes
PL,services.city-practical,101,1,pl-PL,101,0,0,,0,0,,1.0,1.0,1.0,1.0,geonames-cities; places-data-verified,yes
PL,sport.city-activity,23,1,pl-PL,23,0,0,,0,0,,1.0,1.0,1.0,1.0,geonames-cities; sport-routes-verified,yes
PL,stay.city-type,6,2,de-DE pl-PL,1,5,0,,0,5,1.0,1.0,1.0,1.0,1.0,geonames-cities; stay-inventory-verified,yes
PL,stay.near-venue,172,1,pl-PL,172,0,0,,0,0,,1.0,1.0,1.0,0.0,venue-data-verified; stay-inventory-verified,yes
PL,taxes.country-remote-work,1,1,pl-PL,1,0,0,,0,0,,1.0,1.0,1.0,0.0,tax-rules-verified; visa-rules-verified,yes
PL,transport.city-getting-around,117,1,pl-PL,117,0,0,,0,0,,1.0,1.0,1.0,0.0,geonames-cities; transit-fares-verified,yes
PL,transport.route-from-market,23,1,pl-PL,23,0,0,,0,0,,1.0,1.0,1.0,0.0,ourairports; geonames-cities; computed-distance,yes
PL,weather.city-month,101,1,pl-PL,101,0,0,,0,0,,1.0,1.0,1.0,0.0,geonames-cities; nasa-power-daily,yes
PL,work.city-jobs-category,23,1,pl-PL,23,0,0,,0,0,,1.0,1.0,1.0,0.0,geonames-cities; salary-data-verified; work-rules-verified,yes
PL,work.city-salaries,101,1,pl-PL,101,0,0,,0,0,,1.0,1.0,1.0,1.0,geonames-cities; salary-data-verified,yes
PT,activities.city-things-to-do,58,7,de-DE en-GB en-US es-ES fr-FR it-IT pt-BR,0,58,0,,0,58,1.0,1.0,1.0,1.0,0.0,geonames-cities; attractions-verified,yes
PT,relocation.country,1,1,pt-BR,0,1,0,,0,0,0.0,1.0,1.0,1.0,0.0,visa-rules-verified; cost-of-living-verified,yes
PT,stay.city-type,80,3,de-DE en-GB it-IT,0,80,0,,0,80,1.0,1.0,1.0,1.0,1.0,geonames-cities; stay-inventory-verified,yes
PT,taxes.country-remote-work,1,1,pt-BR,0,1,0,,0,0,0.0,1.0,1.0,1.0,0.0,tax-rules-verified; visa-rules-verified,yes
PT,transport.route-from-market,3,1,en-GB,0,3,0,,0,3,1.0,1.0,1.0,1.0,0.0,ourairports; geonames-cities; computed-distance,yes
PT,weather.city-month,52,4,de-DE en-GB en-US it-IT,0,52,0,,0,52,1.0,1.0,1.0,1.0,0.0,geonames-cities; nasa-power-daily,yes
RO,activities.city-things-to-do,2,2,de-DE it-IT,0,2,0,,0,2,1.0,1.0,1.0,1.0,0.0,geonames-cities; attractions-verified,yes
RO,stay.city-type,2,1,de-DE,0,2,0,,0,2,1.0,1.0,1.0,1.0,1.0,geonames-cities; stay-inventory-verified,yes
SE,activities.city-things-to-do,5,3,de-DE es-ES fr-FR,0,5,0,,0,5,1.0,1.0,1.0,1.0,0.0,geonames-cities; attractions-verified,yes
SE,stay.city-type,3,1,de-DE,0,3,0,,0,3,1.0,1.0,1.0,1.0,1.0,geonames-cities; stay-inventory-verified,yes
SI,activities.city-things-to-do,4,2,de-DE it-IT,0,4,0,,0,4,1.0,1.0,1.0,1.0,0.0,geonames-cities; attractions-verified,yes
SI,stay.city-type,3,2,de-DE it-IT,0,3,0,,0,3,1.0,1.0,1.0,1.0,1.0,geonames-cities; stay-inventory-verified,yes
SI,weather.city-month,2,1,it-IT,0,2,0,,0,2,1.0,1.0,1.0,1.0,0.0,geonames-cities; nasa-power-daily,yes
SK,activities.city-things-to-do,1,1,de-DE,0,1,0,,0,1,1.0,1.0,1.0,1.0,0.0,geonames-cities; attractions-verified,yes
SK,stay.city-type,1,1,de-DE,0,1,0,,0,1,1.0,1.0,1.0,1.0,1.0,geonames-cities; stay-inventory-verified,yes
TH,activities.city-things-to-do,256,6,de-DE en-US it-IT ja-JP tr-TR zh-Hant-TW,0,256,0,,0,256,1.0,1.0,1.0,1.0,0.0,geonames-cities; attractions-verified,yes
TH,stay.city-type,211,5,de-DE en-GB it-IT ja-JP tr-TR,0,211,0,,0,211,1.0,1.0,1.0,1.0,1.0,geonames-cities; stay-inventory-verified,yes
TH,transport.route-from-market,3,1,en-GB,0,3,0,,0,3,1.0,1.0,1.0,1.0,0.0,ourairports; geonames-cities; computed-distance,yes
TH,weather.city-month,177,4,de-DE en-US it-IT ja-JP,0,177,0,,0,177,1.0,1.0,1.0,1.0,0.0,geonames-cities; nasa-power-daily,yes
TR,activities.city-things-to-do,1104,6,de-DE en-US es-ES it-IT ja-JP tr-TR,756,348,0,,0,348,1.0,1.0,1.0,1.0,0.0,geonames-cities; attractions-verified,yes
TR,events.city-calendar,756,1,tr-TR,756,0,0,,0,0,,1.0,1.0,1.0,0.0,geonames-cities; events-verified,yes
TR,events.city-type,756,1,tr-TR,756,0,0,,0,0,,1.0,1.0,1.0,1.0,geonames-cities; events-verified,yes
TR,events.city-window,64,1,tr-TR,64,0,0,,0,0,,1.0,1.0,1.0,1.0,geonames-cities; events-verified,yes
TR,outdoors.archaeological_site,98,1,tr-TR,98,0,0,,0,0,,1.0,1.0,1.0,0.0,"OpenStreetMap named POI (ODbL 1.0, share-alike, attribution required)",yes
TR,outdoors.beach,2,1,tr-TR,2,0,0,,0,0,,1.0,1.0,1.0,0.0,"OpenStreetMap named POI (ODbL 1.0, share-alike, attribution required)",yes
TR,outdoors.beach_resort,1,1,tr-TR,1,0,0,,0,0,,1.0,1.0,1.0,0.0,"OpenStreetMap named POI (ODbL 1.0, share-alike, attribution required)",yes
TR,outdoors.bicycle-trail,70,1,tr-TR,70,0,0,,0,0,,1.0,1.0,1.0,0.0,"OpenStreetMap named POI (ODbL 1.0, share-alike, attribution required)",yes
TR,outdoors.castle,29,1,tr-TR,29,0,0,,0,0,,1.0,1.0,1.0,0.0,"OpenStreetMap named POI (ODbL 1.0, share-alike, attribution required)",yes
TR,outdoors.city_gate,2,1,tr-TR,2,0,0,,0,0,,1.0,1.0,1.0,0.0,"OpenStreetMap named POI (ODbL 1.0, share-alike, attribution required)",yes
TR,outdoors.fort,6,1,tr-TR,6,0,0,,0,0,,1.0,1.0,1.0,0.0,"OpenStreetMap named POI (ODbL 1.0, share-alike, attribution required)",yes
TR,outdoors.hiking-trail,62,1,tr-TR,62,0,0,,0,0,,1.0,1.0,1.0,0.0,"OpenStreetMap named POI (ODbL 1.0, share-alike, attribution required)",yes
TR,outdoors.mountain_pass,9,1,tr-TR,9,0,0,,0,0,,1.0,1.0,1.0,0.0,"OpenStreetMap named POI (ODbL 1.0, share-alike, attribution required)",yes
TR,outdoors.peak,1331,1,tr-TR,1331,0,0,,0,0,,1.0,1.0,1.0,0.0,"OpenStreetMap named POI (ODbL 1.0, share-alike, attribution required)",yes
TR,outdoors.ruins,36,1,tr-TR,36,0,0,,0,0,,1.0,1.0,1.0,0.0,"OpenStreetMap named POI (ODbL 1.0, share-alike, attribution required)",yes
TR,outdoors.volcano,15,1,tr-TR,15,0,0,,0,0,,1.0,1.0,1.0,0.0,"OpenStreetMap named POI (ODbL 1.0, share-alike, attribution required)",yes
TR,places.area-aquarium,1,1,tr-TR,1,0,1,1.0,0,0,,1.0,1.0,1.0,1.0,"OpenStreetMap named POI (ODbL 1.0, share-alike, attribution required)",yes
TR,places.area-arts_centre,1,1,tr-TR,1,0,1,1.0,0,0,,1.0,1.0,1.0,1.0,"OpenStreetMap named POI (ODbL 1.0, share-alike, attribution required)",yes
TR,places.area-attraction,5,1,tr-TR,5,0,5,1.0,0,0,,1.0,1.0,1.0,1.0,"OpenStreetMap named POI (ODbL 1.0, share-alike, attribution required)",yes
TR,places.area-attribute,115,1,tr-TR,115,0,115,1.0,0,0,,1.0,1.0,1.0,0.7304,"OpenStreetMap named POI (ODbL 1.0, share-alike, attribution required)",yes
TR,places.area-bar,36,1,tr-TR,36,0,36,1.0,0,0,,1.0,1.0,1.0,0.6944,"OpenStreetMap named POI (ODbL 1.0, share-alike, attribution required)",yes
TR,places.area-cafe,425,1,tr-TR,425,0,425,1.0,0,0,,1.0,1.0,1.0,0.5129,"OpenStreetMap named POI (ODbL 1.0, share-alike, attribution required)",yes
TR,places.area-camp_site,2,1,tr-TR,2,0,2,1.0,0,0,,1.0,1.0,1.0,1.0,"OpenStreetMap named POI (ODbL 1.0, share-alike, attribution required)",yes
TR,places.area-childcare,17,1,tr-TR,17,0,17,1.0,0,0,,1.0,1.0,1.0,1.0,"OpenStreetMap named POI (ODbL 1.0, share-alike, attribution required)",yes
TR,places.area-cinema,3,1,tr-TR,3,0,3,1.0,0,0,,1.0,1.0,1.0,1.0,"OpenStreetMap named POI (ODbL 1.0, share-alike, attribution required)",yes
TR,places.area-clinic,151,1,tr-TR,151,0,151,1.0,0,0,,1.0,1.0,1.0,0.9338,"OpenStreetMap named POI (ODbL 1.0, share-alike, attribution required)",yes
TR,places.area-college,1,1,tr-TR,1,0,1,1.0,0,0,,1.0,1.0,1.0,1.0,"OpenStreetMap named POI (ODbL 1.0, share-alike, attribution required)",yes
TR,places.area-coworking,2,1,tr-TR,2,0,2,1.0,0,0,,1.0,1.0,1.0,1.0,"OpenStreetMap named POI (ODbL 1.0, share-alike, attribution required)",yes
TR,places.area-cuisine,583,1,tr-TR,583,0,583,1.0,0,0,,1.0,1.0,1.0,0.8954,"OpenStreetMap named POI (ODbL 1.0, share-alike, attribution required)",yes
TR,places.area-dentist,110,1,tr-TR,110,0,110,1.0,0,0,,1.0,1.0,1.0,0.8727,"OpenStreetMap named POI (ODbL 1.0, share-alike, attribution required)",yes
TR,places.area-department_store,29,1,tr-TR,29,0,29,1.0,0,0,,1.0,1.0,1.0,0.931,"OpenStreetMap named POI (ODbL 1.0, share-alike, attribution required)",yes
TR,places.area-fast_food,226,1,tr-TR,226,0,226,1.0,0,0,,1.0,1.0,1.0,0.6106,"OpenStreetMap named POI (ODbL 1.0, share-alike, attribution required)",yes
TR,places.area-guest_house,6,1,tr-TR,6,0,6,1.0,0,0,,1.0,1.0,1.0,0.8333,"OpenStreetMap named POI (ODbL 1.0, share-alike, attribution required)",yes
TR,places.area-gym,30,1,tr-TR,30,0,30,1.0,0,0,,1.0,1.0,1.0,0.9667,"OpenStreetMap named POI (ODbL 1.0, share-alike, attribution required)",yes
TR,places.area-hospital,26,1,tr-TR,26,0,26,1.0,0,0,,1.0,1.0,1.0,0.9231,"OpenStreetMap named POI (ODbL 1.0, share-alike, attribution required)",yes
TR,places.area-hostel,12,1,tr-TR,12,0,12,1.0,0,0,,1.0,1.0,1.0,0.9167,"OpenStreetMap named POI (ODbL 1.0, share-alike, attribution required)",yes
TR,places.area-library,15,1,tr-TR,15,0,15,1.0,0,0,,1.0,1.0,1.0,0.8667,"OpenStreetMap named POI (ODbL 1.0, share-alike, attribution required)",yes
TR,places.area-mall,9,1,tr-TR,9,0,9,1.0,0,0,,1.0,1.0,1.0,0.3333,"OpenStreetMap named POI (ODbL 1.0, share-alike, attribution required)",yes
TR,places.area-market,8,1,tr-TR,8,0,8,1.0,0,0,,1.0,1.0,1.0,0.875,"OpenStreetMap named POI (ODbL 1.0, share-alike, attribution required)",yes
TR,places.area-museum,23,1,tr-TR,23,0,23,1.0,0,0,,1.0,1.0,1.0,1.0,"OpenStreetMap named POI (ODbL 1.0, share-alike, attribution required)",yes
TR,places.area-nightclub,3,1,tr-TR,3,0,3,1.0,0,0,,1.0,1.0,1.0,1.0,"OpenStreetMap named POI (ODbL 1.0, share-alike, attribution required)",yes
TR,places.area-opening,185,1,tr-TR,185,0,185,1.0,0,0,,1.0,1.0,1.0,0.6378,"OpenStreetMap named POI (ODbL 1.0, share-alike, attribution required)",yes
TR,places.area-park,3,1,tr-TR,3,0,3,1.0,0,0,,1.0,1.0,1.0,1.0,"OpenStreetMap named POI (ODbL 1.0, share-alike, attribution required)",yes
TR,places.area-parking,11,1,tr-TR,11,0,11,1.0,0,0,,1.0,1.0,1.0,1.0,"OpenStreetMap named POI (ODbL 1.0, share-alike, attribution required)",yes
TR,places.area-pharmacy,2291,1,tr-TR,2291,0,2291,1.0,0,0,,1.0,1.0,1.0,0.4291,"OpenStreetMap named POI (ODbL 1.0, share-alike, attribution required)",yes
TR,places.area-pub,16,1,tr-TR,16,0,16,1.0,0,0,,1.0,1.0,1.0,0.75,"OpenStreetMap named POI (ODbL 1.0, share-alike, attribution required)",yes
TR,places.area-railway_station,20,1,tr-TR,20,0,20,1.0,0,0,,1.0,1.0,1.0,1.0,"OpenStreetMap named POI (ODbL 1.0, share-alike, attribution required)",yes
TR,places.area-school,101,1,tr-TR,101,0,101,1.0,0,0,,1.0,1.0,1.0,0.9604,"OpenStreetMap named POI (ODbL 1.0, share-alike, attribution required)",yes
TR,places.area-sports_centre,4,1,tr-TR,4,0,4,1.0,0,0,,1.0,1.0,1.0,1.0,"OpenStreetMap named POI (ODbL 1.0, share-alike, attribution required)",yes
TR,places.area-supermarket,1405,1,tr-TR,1405,0,1405,1.0,0,0,,1.0,1.0,1.0,0.5922,"OpenStreetMap named POI (ODbL 1.0, share-alike, attribution required)",yes
TR,places.area-theatre,4,1,tr-TR,4,0,4,1.0,0,0,,1.0,1.0,1.0,1.0,"OpenStreetMap named POI (ODbL 1.0, share-alike, attribution required)",yes
TR,places.area-university,4,1,tr-TR,4,0,4,1.0,0,0,,1.0,1.0,1.0,0.5,"OpenStreetMap named POI (ODbL 1.0, share-alike, attribution required)",yes
TR,places.area-veterinary,45,1,tr-TR,45,0,45,1.0,0,0,,1.0,1.0,1.0,1.0,"OpenStreetMap named POI (ODbL 1.0, share-alike, attribution required)",yes
TR,places.city-aquarium,1,1,tr-TR,1,0,0,,0,0,,1.0,1.0,1.0,0.0,"OpenStreetMap named POI (ODbL 1.0, share-alike, attribution required)",yes
TR,places.city-arts_centre,2,1,tr-TR,2,0,0,,0,0,,1.0,1.0,1.0,0.0,"OpenStreetMap named POI (ODbL 1.0, share-alike, attribution required)",yes
TR,places.city-attraction,3,1,tr-TR,3,0,0,,0,0,,1.0,1.0,1.0,0.0,"OpenStreetMap named POI (ODbL 1.0, share-alike, attribution required)",yes
TR,places.city-attribute,227,1,tr-TR,227,0,227,1.0,0,0,,1.0,1.0,1.0,0.0,"OpenStreetMap named POI (ODbL 1.0, share-alike, attribution required)",yes
TR,places.city-bar,17,1,tr-TR,17,0,0,,0,0,,1.0,1.0,1.0,0.0,"OpenStreetMap named POI (ODbL 1.0, share-alike, attribution required)",yes
TR,places.city-cafe,73,1,tr-TR,73,0,0,,0,0,,1.0,1.0,1.0,0.0,"OpenStreetMap named POI (ODbL 1.0, share-alike, attribution required)",yes
TR,places.city-camp_site,6,1,tr-TR,6,0,0,,0,0,,1.0,1.0,1.0,0.0,"OpenStreetMap named POI (ODbL 1.0, share-alike, attribution required)",yes
TR,places.city-category,756,1,tr-TR,756,0,0,,0,0,,1.0,1.0,1.0,1.0,geonames-cities; places-data-verified,yes
TR,places.city-childcare,9,1,tr-TR,9,0,0,,0,0,,1.0,1.0,1.0,0.0,"OpenStreetMap named POI (ODbL 1.0, share-alike, attribution required)",yes
TR,places.city-cinema,6,1,tr-TR,6,0,0,,0,0,,1.0,1.0,1.0,0.0,"OpenStreetMap named POI (ODbL 1.0, share-alike, attribution required)",yes
TR,places.city-clinic,48,1,tr-TR,48,0,0,,0,0,,1.0,1.0,1.0,0.0,"OpenStreetMap named POI (ODbL 1.0, share-alike, attribution required)",yes
TR,places.city-college,1,1,tr-TR,1,0,0,,0,0,,1.0,1.0,1.0,0.0,"OpenStreetMap named POI (ODbL 1.0, share-alike, attribution required)",yes
TR,places.city-coworking,2,1,tr-TR,2,0,0,,0,0,,1.0,1.0,1.0,0.0,"OpenStreetMap named POI (ODbL 1.0, share-alike, attribution required)",yes
TR,places.city-cuisine,329,1,tr-TR,329,0,329,1.0,0,0,,1.0,1.0,1.0,0.0,"OpenStreetMap named POI (ODbL 1.0, share-alike, attribution required)",yes
TR,places.city-dentist,33,1,tr-TR,33,0,0,,0,0,,1.0,1.0,1.0,0.0,"OpenStreetMap named POI (ODbL 1.0, share-alike, attribution required)",yes
TR,places.city-department_store,23,1,tr-TR,23,0,0,,0,0,,1.0,1.0,1.0,0.0,"OpenStreetMap named POI (ODbL 1.0, share-alike, attribution required)",yes
TR,places.city-fast_food,58,1,tr-TR,58,0,0,,0,0,,1.0,1.0,1.0,0.0,"OpenStreetMap named POI (ODbL 1.0, share-alike, attribution required)",yes
TR,places.city-guest_house,11,1,tr-TR,11,0,0,,0,0,,1.0,1.0,1.0,0.0,"OpenStreetMap named POI (ODbL 1.0, share-alike, attribution required)",yes
TR,places.city-gym,22,1,tr-TR,22,0,0,,0,0,,1.0,1.0,1.0,0.0,"OpenStreetMap named POI (ODbL 1.0, share-alike, attribution required)",yes
TR,places.city-hospital,25,1,tr-TR,25,0,0,,0,0,,1.0,1.0,1.0,0.0,"OpenStreetMap named POI (ODbL 1.0, share-alike, attribution required)",yes
TR,places.city-hostel,13,1,tr-TR,13,0,0,,0,0,,1.0,1.0,1.0,0.0,"OpenStreetMap named POI (ODbL 1.0, share-alike, attribution required)",yes
TR,places.city-library,15,1,tr-TR,15,0,0,,0,0,,1.0,1.0,1.0,0.0,"OpenStreetMap named POI (ODbL 1.0, share-alike, attribution required)",yes
TR,places.city-mall,6,1,tr-TR,6,0,0,,0,0,,1.0,1.0,1.0,0.0,"OpenStreetMap named POI (ODbL 1.0, share-alike, attribution required)",yes
TR,places.city-market,9,1,tr-TR,9,0,0,,0,0,,1.0,1.0,1.0,0.0,"OpenStreetMap named POI (ODbL 1.0, share-alike, attribution required)",yes
TR,places.city-museum,13,1,tr-TR,13,0,0,,0,0,,1.0,1.0,1.0,0.0,"OpenStreetMap named POI (ODbL 1.0, share-alike, attribution required)",yes
TR,places.city-nightclub,2,1,tr-TR,2,0,0,,0,0,,1.0,1.0,1.0,0.0,"OpenStreetMap named POI (ODbL 1.0, share-alike, attribution required)",yes
TR,places.city-opening,233,1,tr-TR,233,0,233,1.0,0,0,,1.0,1.0,1.0,0.0,"OpenStreetMap named POI (ODbL 1.0, share-alike, attribution required)",yes
TR,places.city-park,6,1,tr-TR,6,0,0,,0,0,,1.0,1.0,1.0,0.0,"OpenStreetMap named POI (ODbL 1.0, share-alike, attribution required)",yes
TR,places.city-parking,9,1,tr-TR,9,0,0,,0,0,,1.0,1.0,1.0,0.0,"OpenStreetMap named POI (ODbL 1.0, share-alike, attribution required)",yes
TR,places.city-pharmacy,386,1,tr-TR,386,0,0,,0,0,,1.0,1.0,1.0,0.0,"OpenStreetMap named POI (ODbL 1.0, share-alike, attribution required)",yes
TR,places.city-pub,9,1,tr-TR,9,0,0,,0,0,,1.0,1.0,1.0,0.0,"OpenStreetMap named POI (ODbL 1.0, share-alike, attribution required)",yes
TR,places.city-railway_station,13,1,tr-TR,13,0,0,,0,0,,1.0,1.0,1.0,0.0,"OpenStreetMap named POI (ODbL 1.0, share-alike, attribution required)",yes
TR,places.city-restaurant,102,1,tr-TR,102,0,0,,0,0,,1.0,1.0,1.0,0.0,"OpenStreetMap named POI (ODbL 1.0, share-alike, attribution required)",yes
TR,places.city-school,44,1,tr-TR,44,0,0,,0,0,,1.0,1.0,1.0,0.0,"OpenStreetMap named POI (ODbL 1.0, share-alike, attribution required)",yes
TR,places.city-sport,3,1,tr-TR,3,0,3,1.0,0,0,,1.0,1.0,1.0,0.0,"OpenStreetMap named POI (ODbL 1.0, share-alike, attribution required)",yes
TR,places.city-sports_centre,10,1,tr-TR,10,0,0,,0,0,,1.0,1.0,1.0,0.0,"OpenStreetMap named POI (ODbL 1.0, share-alike, attribution required)",yes
TR,places.city-supermarket,202,1,tr-TR,202,0,0,,0,0,,1.0,1.0,1.0,0.0,"OpenStreetMap named POI (ODbL 1.0, share-alike, attribution required)",yes
TR,places.city-theatre,6,1,tr-TR,6,0,0,,0,0,,1.0,1.0,1.0,0.0,"OpenStreetMap named POI (ODbL 1.0, share-alike, attribution required)",yes
TR,places.city-theme_park,1,1,tr-TR,1,0,0,,0,0,,1.0,1.0,1.0,0.0,"OpenStreetMap named POI (ODbL 1.0, share-alike, attribution required)",yes
TR,places.city-university,7,1,tr-TR,7,0,0,,0,0,,1.0,1.0,1.0,0.0,"OpenStreetMap named POI (ODbL 1.0, share-alike, attribution required)",yes
TR,places.city-veterinary,23,1,tr-TR,23,0,0,,0,0,,1.0,1.0,1.0,0.0,"OpenStreetMap named POI (ODbL 1.0, share-alike, attribution required)",yes
TR,poi.attraction-notable,2,1,tr-TR,2,0,2,1.0,0,0,,1.0,1.0,1.0,0.0,"OpenStreetMap named POI (ODbL 1.0, share-alike, attribution required)",yes
TR,poi.museum-notable,22,1,tr-TR,22,0,22,1.0,0,0,,1.0,1.0,1.0,0.0,"OpenStreetMap named POI (ODbL 1.0, share-alike, attribution required)",yes
TR,stay.city-type,1053,5,de-DE en-GB it-IT ja-JP tr-TR,756,297,0,,0,297,1.0,1.0,1.0,1.0,1.0,geonames-cities; stay-inventory-verified,yes
TR,transport.city-getting-around,189,1,tr-TR,189,0,0,,0,0,,1.0,1.0,1.0,0.0,geonames-cities; transit-fares-verified,yes
TR,transport.route-from-market,40,1,en-GB,0,40,0,,0,40,1.0,1.0,1.0,1.0,0.0,ourairports; geonames-cities; computed-distance,yes
TR,weather.city-month,347,4,de-DE en-US it-IT ja-JP,0,347,0,,0,347,1.0,1.0,1.0,1.0,0.0,geonames-cities; nasa-power-daily,yes
TW,activities.city-things-to-do,75,3,en-GB ja-JP zh-Hant-TW,40,35,0,,0,35,1.0,1.0,1.0,1.0,0.0,geonames-cities; attractions-verified,yes
TW,comparisons.city-vs-home,18,1,zh-Hant-TW,18,0,0,,0,0,,1.0,1.0,1.0,0.0,geonames-cities; cost-of-living-city-verified,yes
TW,cost-of-living.city,40,1,zh-Hant-TW,40,0,0,,0,0,,1.0,1.0,1.0,1.0,geonames-cities; cost-of-living-city-verified,yes
TW,cost-of-living.city-vs-market,18,1,zh-Hant-TW,18,0,0,,0,0,,1.0,1.0,1.0,0.0,geonames-cities; cost-of-living-city-verified,yes
TW,destinations.country-hub,1,1,zh-Hant-TW,1,0,0,,0,0,,1.0,1.0,1.0,0.0,geonames-cities; ourairports,yes
TW,education.city-schools,5,1,zh-Hant-TW,5,0,0,,0,0,,1.0,1.0,1.0,0.0,geonames-cities; school-data-verified,yes
TW,education.city-universities,18,1,zh-Hant-TW,18,0,0,,0,0,,1.0,1.0,1.0,0.0,geonames-cities; school-data-verified,yes
TW,events.city-calendar,40,1,zh-Hant-TW,40,0,0,,0,0,,1.0,1.0,1.0,0.0,geonames-cities; events-verified,yes
TW,events.city-type,40,1,zh-Hant-TW,40,0,0,,0,0,,1.0,1.0,1.0,1.0,geonames-cities; events-verified,yes
TW,events.city-window,18,1,zh-Hant-TW,18,0,0,,0,0,,1.0,1.0,1.0,1.0,geonames-cities; events-verified,yes
TW,health.city,40,1,zh-Hant-TW,40,0,0,,0,0,,1.0,1.0,1.0,0.0,geonames-cities; health-rules-verified,yes
TW,places.city-attribute,5,1,zh-Hant-TW,5,0,5,1.0,0,0,,1.0,1.0,1.0,0.0,"OpenStreetMap named POI (ODbL 1.0, share-alike, attribution required)",yes
TW,places.city-category,40,1,zh-Hant-TW,40,0,0,,0,0,,1.0,1.0,1.0,1.0,geonames-cities; places-data-verified,yes
TW,places.city-clinic,30,1,zh-Hant-TW,30,0,0,,0,0,,1.0,1.0,1.0,0.0,"OpenStreetMap named POI (ODbL 1.0, share-alike, attribution required)",yes
TW,places.city-dentist,19,1,zh-Hant-TW,19,0,0,,0,0,,1.0,1.0,1.0,0.0,"OpenStreetMap named POI (ODbL 1.0, share-alike, attribution required)",yes
TW,places.city-hospital,21,1,zh-Hant-TW,21,0,0,,0,0,,1.0,1.0,1.0,0.0,"OpenStreetMap named POI (ODbL 1.0, share-alike, attribution required)",yes
TW,places.city-library,3,1,zh-Hant-TW,3,0,0,,0,0,,1.0,1.0,1.0,0.0,"Wikidata (CC0 1.0, public domain dedication, no share-alike)",yes
TW,places.city-movie_theater,2,1,zh-Hant-TW,2,0,0,,0,0,,1.0,1.0,1.0,0.0,"Wikidata (CC0 1.0, public domain dedication, no share-alike)",yes
TW,places.city-opening,21,1,zh-Hant-TW,21,0,21,1.0,0,0,,1.0,1.0,1.0,0.0,"OpenStreetMap named POI (ODbL 1.0, share-alike, attribution required)",yes
TW,places.city-pharmacy,31,1,zh-Hant-TW,31,0,0,,0,0,,1.0,1.0,1.0,0.0,"OpenStreetMap named POI (ODbL 1.0, share-alike, attribution required)",yes
TW,places.city-shopping_mall,14,1,zh-Hant-TW,14,0,0,,0,0,,1.0,1.0,1.0,0.0,"Wikidata (CC0 1.0, public domain dedication, no share-alike)",yes
TW,places.city-stadium,1,1,zh-Hant-TW,1,0,0,,0,0,,1.0,1.0,1.0,0.0,"Wikidata (CC0 1.0, public domain dedication, no share-alike)",yes
TW,places.city-university,15,1,zh-Hant-TW,15,0,0,,0,0,,1.0,1.0,1.0,0.0,"Wikidata (CC0 1.0, public domain dedication, no share-alike)",yes
TW,places.city-veterinary,9,1,zh-Hant-TW,9,0,0,,0,0,,1.0,1.0,1.0,0.0,"OpenStreetMap named POI (ODbL 1.0, share-alike, attribution required)",yes
TW,property.city-buy,40,1,zh-Hant-TW,40,0,0,,0,0,,1.0,1.0,1.0,0.0,geonames-cities; property-price-verified,yes
TW,relocation.city,40,1,zh-Hant-TW,40,0,0,,0,0,,1.0,1.0,1.0,0.0,geonames-cities; cost-of-living-city-verified; visa-rules-verified,yes
TW,rents.city,18,1,zh-Hant-TW,18,0,0,,0,0,,1.0,1.0,1.0,1.0,geonames-cities; rent-index-verified,yes
TW,safety.city,18,1,zh-Hant-TW,18,0,0,,0,0,,1.0,1.0,1.0,0.0,geonames-cities; safety-data-verified,yes
TW,services.city-practical,5,1,zh-Hant-TW,5,0,0,,0,0,,1.0,1.0,1.0,1.0,geonames-cities; places-data-verified,yes
TW,sport.city-activity,18,1,zh-Hant-TW,18,0,0,,0,0,,1.0,1.0,1.0,1.0,geonames-cities; sport-routes-verified,yes
TW,stay.city-type,74,3,en-GB ja-JP zh-Hant-TW,40,34,0,,0,34,1.0,1.0,1.0,1.0,1.0,geonames-cities; stay-inventory-verified,yes
TW,transport.city-getting-around,5,1,zh-Hant-TW,5,0,0,,0,0,,1.0,1.0,1.0,0.0,geonames-cities; transit-fares-verified,yes
TW,transport.route-from-market,20,2,en-GB zh-Hant-TW,18,2,0,,0,2,1.0,1.0,1.0,1.0,0.0,ourairports; geonames-cities; computed-distance,yes
TW,weather.city-month,75,3,en-GB ja-JP zh-Hant-TW,40,35,0,,0,35,1.0,1.0,1.0,1.0,0.0,geonames-cities; nasa-power-daily,yes
TW,work.city-jobs-category,18,1,zh-Hant-TW,18,0,0,,0,0,,1.0,1.0,1.0,0.0,geonames-cities; salary-data-verified; work-rules-verified,yes
TW,work.city-salaries,40,1,zh-Hant-TW,40,0,0,,0,0,,1.0,1.0,1.0,1.0,geonames-cities; salary-data-verified,yes
UA,stay.city-type,1,1,de-DE,0,1,0,,0,1,1.0,1.0,1.0,1.0,1.0,geonames-cities; stay-inventory-verified,yes
US,activities.city-things-to-do,1982,5,de-DE en-US es-ES it-IT ja-JP,882,1100,0,,0,1100,1.0,1.0,1.0,1.0,0.0,geonames-cities; attractions-verified,yes
US,areas.city-index,67,1,en-US,67,0,0,,0,0,,1.0,1.0,1.0,0.0,"OpenStreetMap named POI (ODbL 1.0, share-alike, attribution required)",yes
US,areas.overview,652,1,en-US,652,0,652,1.0,0,0,,1.0,1.0,1.0,0.0,"OpenStreetMap named POI (ODbL 1.0, share-alike, attribution required)",yes
US,climate.region-when-to-go,83,1,en-US,83,0,83,1.0,0,0,,1.0,1.0,1.0,0.0,"OpenStreetMap named POI (ODbL 1.0, share-alike, attribution required)",yes
US,comparisons.city-vs-city,5,1,en-US,5,0,0,,0,0,,1.0,1.0,1.0,1.0,geonames-cities; cost-of-living-verified,yes
US,comparisons.city-vs-home,132,1,en-US,132,0,0,,0,0,,1.0,1.0,1.0,0.0,geonames-cities; cost-of-living-city-verified,yes
US,cost-of-living.city,883,1,en-US,883,0,0,,0,0,,1.0,1.0,1.0,1.0,geonames-cities; cost-of-living-city-verified,yes
US,cost-of-living.city-vs-market,132,1,en-US,132,0,0,,0,0,,1.0,1.0,1.0,0.0,geonames-cities; cost-of-living-city-verified,yes
US,destinations.country-hub,1,1,en-US,1,0,0,,0,0,,1.0,1.0,1.0,0.0,geonames-cities; ourairports,yes
US,destinations.region-cities,68,1,en-US,68,0,68,1.0,0,0,,1.0,1.0,1.0,0.0,"OpenStreetMap named POI (ODbL 1.0, share-alike, attribution required)",yes
US,destinations.region-what-to-see,291,1,en-US,291,0,291,1.0,0,0,,1.0,1.0,1.0,0.0,"OpenStreetMap named POI (ODbL 1.0, share-alike, attribution required)",yes
US,education.city-schools,20,1,en-US,20,0,0,,0,0,,1.0,1.0,1.0,0.0,geonames-cities; school-data-verified,yes
US,education.city-universities,132,1,en-US,132,0,0,,0,0,,1.0,1.0,1.0,0.0,geonames-cities; school-data-verified,yes
US,events.city-calendar,882,1,en-US,882,0,0,,0,0,,1.0,1.0,1.0,0.0,geonames-cities; events-verified,yes
US,events.city-type,882,1,en-US,882,0,0,,0,0,,1.0,1.0,1.0,1.0,geonames-cities; events-verified,yes
US,events.city-window,131,1,en-US,131,0,0,,0,0,,1.0,1.0,1.0,1.0,geonames-cities; events-verified,yes
US,health.city,882,1,en-US,882,0,0,,0,0,,1.0,1.0,1.0,0.0,geonames-cities; health-rules-verified,yes
US,neighbourhoods.city-where-to-stay,4,1,en-US,4,0,0,,0,0,,1.0,1.0,1.0,0.0,geonames-cities; neighbourhood-facts-verified,yes
US,neighbourhoods.guide,192,1,en-US,192,0,0,,0,0,,1.0,1.0,1.0,0.0,geonames-cities; neighbourhood-facts-verified,yes
US,outdoors.aqueduct,2,1,en-US,2,0,0,,0,0,,1.0,1.0,1.0,0.0,"OpenStreetMap named POI (ODbL 1.0, share-alike, attribution required)",yes
US,outdoors.archaeological_site,77,1,en-US,77,0,0,,0,0,,1.0,1.0,1.0,0.0,"OpenStreetMap named POI (ODbL 1.0, share-alike, attribution required)",yes
US,outdoors.beach,586,1,en-US,586,0,259,1.0,0,0,,1.0,1.0,1.0,0.0,"OpenStreetMap named POI (ODbL 1.0, share-alike, attribution required)",yes
US,outdoors.beach-in-region,91,1,en-US,91,0,0,,0,0,,1.0,1.0,1.0,0.0,"OpenStreetMap named POI (ODbL 1.0, share-alike, attribution required)",yes
US,outdoors.beach_resort,5,1,en-US,5,0,0,,0,0,,1.0,1.0,1.0,0.0,"OpenStreetMap named POI (ODbL 1.0, share-alike, attribution required)",yes
US,outdoors.bicycle-trail,3214,1,en-US,3214,0,0,,0,0,,1.0,1.0,1.0,0.0,"OpenStreetMap named POI (ODbL 1.0, share-alike, attribution required)",yes
US,outdoors.camp_site,199,1,en-US,199,0,0,,0,0,,1.0,1.0,1.0,0.0,"OpenStreetMap named POI (ODbL 1.0, share-alike, attribution required)",yes
US,outdoors.canoe-trail,62,1,en-US,62,0,0,,0,0,,1.0,1.0,1.0,0.0,"OpenStreetMap named POI (ODbL 1.0, share-alike, attribution required)",yes
US,outdoors.caravan_site,9,1,en-US,9,0,0,,0,0,,1.0,1.0,1.0,0.0,"OpenStreetMap named POI (ODbL 1.0, share-alike, attribution required)",yes
US,outdoors.castle,18,1,en-US,18,0,0,,0,0,,1.0,1.0,1.0,0.0,"OpenStreetMap named POI (ODbL 1.0, share-alike, attribution required)",yes
US,outdoors.cave,65,1,en-US,65,0,0,,0,0,,1.0,1.0,1.0,0.0,"OpenStreetMap named POI (ODbL 1.0, share-alike, attribution required)",yes
US,outdoors.city_gate,1,1,en-US,1,0,0,,0,0,,1.0,1.0,1.0,0.0,"OpenStreetMap named POI (ODbL 1.0, share-alike, attribution required)",yes
US,outdoors.foot-trail,186,1,en-US,186,0,0,,0,0,,1.0,1.0,1.0,0.0,"OpenStreetMap named POI (ODbL 1.0, share-alike, attribution required)",yes
US,outdoors.fort,55,1,en-US,55,0,0,,0,0,,1.0,1.0,1.0,0.0,"OpenStreetMap named POI (ODbL 1.0, share-alike, attribution required)",yes
US,outdoors.geyser,51,1,en-US,51,0,0,,0,0,,1.0,1.0,1.0,0.0,"OpenStreetMap named POI (ODbL 1.0, share-alike, attribution required)",yes
US,outdoors.glacier,124,1,en-US,124,0,0,,0,0,,1.0,1.0,1.0,0.0,"OpenStreetMap named POI (ODbL 1.0, share-alike, attribution required)",yes
US,outdoors.hiking-trail,3310,1,en-US,3310,0,0,,0,0,,1.0,1.0,1.0,0.0,"OpenStreetMap named POI (ODbL 1.0, share-alike, attribution required)",yes
US,outdoors.horse-trail,232,1,en-US,232,0,0,,0,0,,1.0,1.0,1.0,0.0,"OpenStreetMap named POI (ODbL 1.0, share-alike, attribution required)",yes
US,outdoors.hot_spring,5,1,en-US,5,0,0,,0,0,,1.0,1.0,1.0,0.0,"OpenStreetMap named POI (ODbL 1.0, share-alike, attribution required)",yes
US,outdoors.lighthouse,293,1,en-US,293,0,0,,0,0,,1.0,1.0,1.0,0.0,"OpenStreetMap named POI (ODbL 1.0, share-alike, attribution required)",yes
US,outdoors.monument,206,1,en-US,206,0,0,,0,0,,1.0,1.0,1.0,0.0,"OpenStreetMap named POI (ODbL 1.0, share-alike, attribution required)",yes
US,outdoors.mountain_hut,9,1,en-US,9,0,0,,0,0,,1.0,1.0,1.0,0.0,"OpenStreetMap named POI (ODbL 1.0, share-alike, attribution required)",yes
US,outdoors.mountain_pass,737,1,en-US,737,0,0,,0,0,,1.0,1.0,1.0,0.0,"OpenStreetMap named POI (ODbL 1.0, share-alike, attribution required)",yes
US,outdoors.mtb-trail,279,1,en-US,279,0,0,,0,0,,1.0,1.0,1.0,0.0,"OpenStreetMap named POI (ODbL 1.0, share-alike, attribution required)",yes
US,outdoors.natural_arch,4,1,en-US,4,0,0,,0,0,,1.0,1.0,1.0,0.0,"OpenStreetMap named POI (ODbL 1.0, share-alike, attribution required)",yes
US,outdoors.observatory,74,1,en-US,74,0,0,,0,0,,1.0,1.0,1.0,0.0,"OpenStreetMap named POI (ODbL 1.0, share-alike, attribution required)",yes
US,outdoors.peak,32068,1,en-US,32068,0,0,,0,0,,1.0,1.0,1.0,0.0,"OpenStreetMap named POI (ODbL 1.0, share-alike, attribution required)",yes
US,outdoors.piste-trail,44,1,en-US,44,0,0,,0,0,,1.0,1.0,1.0,0.0,"OpenStreetMap named POI (ODbL 1.0, share-alike, attribution required)",yes
US,outdoors.ruins,86,1,en-US,86,0,0,,0,0,,1.0,1.0,1.0,0.0,"OpenStreetMap named POI (ODbL 1.0, share-alike, attribution required)",yes
US,outdoors.running-trail,11,1,en-US,11,0,0,,0,0,,1.0,1.0,1.0,0.0,"OpenStreetMap named POI (ODbL 1.0, share-alike, attribution required)",yes
US,outdoors.ski-trail,2,1,en-US,2,0,0,,0,0,,1.0,1.0,1.0,0.0,"OpenStreetMap named POI (ODbL 1.0, share-alike, attribution required)",yes
US,outdoors.tower,104,1,en-US,104,0,0,,0,0,,1.0,1.0,1.0,0.0,"OpenStreetMap named POI (ODbL 1.0, share-alike, attribution required)",yes
US,outdoors.viewpoint,57,1,en-US,57,0,0,,0,0,,1.0,1.0,1.0,0.0,"OpenStreetMap named POI (ODbL 1.0, share-alike, attribution required)",yes
US,outdoors.volcano,170,1,en-US,170,0,0,,0,0,,1.0,1.0,1.0,0.0,"OpenStreetMap named POI (ODbL 1.0, share-alike, attribution required)",yes
US,outdoors.waterfall,201,1,en-US,201,0,0,,0,0,,1.0,1.0,1.0,0.0,"OpenStreetMap named POI (ODbL 1.0, share-alike, attribution required)",yes
US,outdoors.watermill,9,1,en-US,9,0,0,,0,0,,1.0,1.0,1.0,0.0,"OpenStreetMap named POI (ODbL 1.0, share-alike, attribution required)",yes
US,outdoors.wilderness_hut,6,1,en-US,6,0,0,,0,0,,1.0,1.0,1.0,0.0,"OpenStreetMap named POI (ODbL 1.0, share-alike, attribution required)",yes
US,outdoors.windmill,8,1,en-US,8,0,0,,0,0,,1.0,1.0,1.0,0.0,"OpenStreetMap named POI (ODbL 1.0, share-alike, attribution required)",yes
US,places.area-arts_centre,65,1,en-US,65,0,65,1.0,0,0,,1.0,1.0,1.0,0.6308,"OpenStreetMap named POI (ODbL 1.0, share-alike, attribution required)",yes
US,places.area-attraction,44,1,en-US,44,0,44,1.0,0,0,,1.0,1.0,1.0,0.6591,"OpenStreetMap named POI (ODbL 1.0, share-alike, attribution required)",yes
US,places.area-attribute,2328,1,en-US,2328,0,2328,1.0,0,0,,1.0,1.0,1.0,0.4107,"OpenStreetMap named POI (ODbL 1.0, share-alike, attribution required)",yes
US,places.area-bar,973,1,en-US,973,0,973,1.0,0,0,,1.0,1.0,1.0,0.5221,"OpenStreetMap named POI (ODbL 1.0, share-alike, attribution required)",yes
US,places.area-cafe,1572,1,en-US,1572,0,1572,1.0,0,0,,1.0,1.0,1.0,0.4542,"OpenStreetMap named POI (ODbL 1.0, share-alike, attribution required)",yes
US,places.area-camp_site,1,1,en-US,1,0,1,1.0,0,0,,1.0,1.0,1.0,0.0,"OpenStreetMap named POI (ODbL 1.0, share-alike, attribution required)",yes
US,places.area-childcare,165,1,en-US,165,0,165,1.0,0,0,,1.0,1.0,1.0,0.6424,"OpenStreetMap named POI (ODbL 1.0, share-alike, attribution required)",yes
US,places.area-cinema,25,1,en-US,25,0,25,1.0,0,0,,1.0,1.0,1.0,0.76,"OpenStreetMap named POI (ODbL 1.0, share-alike, attribution required)",yes
US,places.area-clinic,802,1,en-US,802,0,802,1.0,0,0,,1.0,1.0,1.0,0.6958,"OpenStreetMap named POI (ODbL 1.0, share-alike, attribution required)",yes
US,places.area-college,17,1,en-US,17,0,17,1.0,0,0,,1.0,1.0,1.0,0.8235,"OpenStreetMap named POI (ODbL 1.0, share-alike, attribution required)",yes
US,places.area-coworking,34,1,en-US,34,0,34,1.0,0,0,,1.0,1.0,1.0,0.7647,"OpenStreetMap named POI (ODbL 1.0, share-alike, attribution required)",yes
US,places.area-cuisine,5418,1,en-US,5418,0,5418,1.0,0,0,,1.0,1.0,1.0,0.5991,"OpenStreetMap named POI (ODbL 1.0, share-alike, attribution required)",yes
US,places.area-dentist,585,1,en-US,585,0,585,1.0,0,0,,1.0,1.0,1.0,0.7094,"OpenStreetMap named POI (ODbL 1.0, share-alike, attribution required)",yes
US,places.area-department_store,186,1,en-US,186,0,186,1.0,0,0,,1.0,1.0,1.0,0.8226,"OpenStreetMap named POI (ODbL 1.0, share-alike, attribution required)",yes
US,places.area-fast_food,2312,1,en-US,2312,0,2312,1.0,0,0,,1.0,1.0,1.0,0.4035,"OpenStreetMap named POI (ODbL 1.0, share-alike, attribution required)",yes
US,places.area-gallery,138,1,en-US,138,0,138,1.0,0,0,,1.0,1.0,1.0,0.6739,"OpenStreetMap named POI (ODbL 1.0, share-alike, attribution required)",yes
US,places.area-garden,12,1,en-US,12,0,12,1.0,0,0,,1.0,1.0,1.0,0.3333,"OpenStreetMap named POI (ODbL 1.0, share-alike, attribution required)",yes
US,places.area-guest_house,6,1,en-US,6,0,6,1.0,0,0,,1.0,1.0,1.0,0.8333,"OpenStreetMap named POI (ODbL 1.0, share-alike, attribution required)",yes
US,places.area-gym,750,1,en-US,750,0,750,1.0,0,0,,1.0,1.0,1.0,0.6947,"OpenStreetMap named POI (ODbL 1.0, share-alike, attribution required)",yes
US,places.area-hospital,12,1,en-US,12,0,12,1.0,0,0,,1.0,1.0,1.0,0.75,"OpenStreetMap named POI (ODbL 1.0, share-alike, attribution required)",yes
US,places.area-hostel,9,1,en-US,9,0,9,1.0,0,0,,1.0,1.0,1.0,0.7778,"OpenStreetMap named POI (ODbL 1.0, share-alike, attribution required)",yes
US,places.area-library,91,1,en-US,91,0,91,1.0,0,0,,1.0,1.0,1.0,0.7253,"OpenStreetMap named POI (ODbL 1.0, share-alike, attribution required)",yes
US,places.area-mall,1,1,en-US,1,0,1,1.0,0,0,,1.0,1.0,1.0,1.0,"OpenStreetMap named POI (ODbL 1.0, share-alike, attribution required)",yes
US,places.area-marina,4,1,en-US,4,0,4,1.0,0,0,,1.0,1.0,1.0,0.5,"OpenStreetMap named POI (ODbL 1.0, share-alike, attribution required)",yes
US,places.area-market,35,1,en-US,35,0,35,1.0,0,0,,1.0,1.0,1.0,0.8857,"OpenStreetMap named POI (ODbL 1.0, share-alike, attribution required)",yes
US,places.area-museum,152,1,en-US,152,0,152,1.0,0,0,,1.0,1.0,1.0,0.7171,"OpenStreetMap named POI (ODbL 1.0, share-alike, attribution required)",yes
US,places.area-nature_reserve,3,1,en-US,3,0,3,1.0,0,0,,1.0,1.0,1.0,1.0,"OpenStreetMap named POI (ODbL 1.0, share-alike, attribution required)",yes
US,places.area-nightclub,64,1,en-US,64,0,64,1.0,0,0,,1.0,1.0,1.0,0.5625,"OpenStreetMap named POI (ODbL 1.0, share-alike, attribution required)",yes
US,places.area-opening,2201,1,en-US,2201,0,2201,1.0,0,0,,1.0,1.0,1.0,0.3548,"OpenStreetMap named POI (ODbL 1.0, share-alike, attribution required)",yes
US,places.area-park,8,1,en-US,8,0,8,1.0,0,0,,1.0,1.0,1.0,0.875,"OpenStreetMap named POI (ODbL 1.0, share-alike, attribution required)",yes
US,places.area-parking,36,1,en-US,36,0,36,1.0,0,0,,1.0,1.0,1.0,0.4722,"OpenStreetMap named POI (ODbL 1.0, share-alike, attribution required)",yes
US,places.area-pharmacy,475,1,en-US,475,0,475,1.0,0,0,,1.0,1.0,1.0,0.7579,"OpenStreetMap named POI (ODbL 1.0, share-alike, attribution required)",yes
US,places.area-pub,397,1,en-US,397,0,397,1.0,0,0,,1.0,1.0,1.0,0.6373,"OpenStreetMap named POI (ODbL 1.0, share-alike, attribution required)",yes
US,places.area-railway_station,203,1,en-US,203,0,203,1.0,0,0,,1.0,1.0,1.0,0.7241,"OpenStreetMap named POI (ODbL 1.0, share-alike, attribution required)",yes
US,places.area-restaurant,2917,1,en-US,2917,0,2917,1.0,0,0,,1.0,1.0,1.0,0.1951,"OpenStreetMap named POI (ODbL 1.0, share-alike, attribution required)",yes
US,places.area-school,360,1,en-US,360,0,360,1.0,0,0,,1.0,1.0,1.0,0.6333,"OpenStreetMap named POI (ODbL 1.0, share-alike, attribution required)",yes
US,places.area-sports_centre,93,1,en-US,93,0,93,1.0,0,0,,1.0,1.0,1.0,0.828,"OpenStreetMap named POI (ODbL 1.0, share-alike, attribution required)",yes
US,places.area-supermarket,534,1,en-US,534,0,534,1.0,0,0,,1.0,1.0,1.0,0.7472,"OpenStreetMap named POI (ODbL 1.0, share-alike, attribution required)",yes
US,places.area-theatre,135,1,en-US,135,0,135,1.0,0,0,,1.0,1.0,1.0,0.7111,"OpenStreetMap named POI (ODbL 1.0, share-alike, attribution required)",yes
US,places.area-university,13,1,en-US,13,0,13,1.0,0,0,,1.0,1.0,1.0,0.5385,"OpenStreetMap named POI (ODbL 1.0, share-alike, attribution required)",yes
US,places.area-veterinary,107,1,en-US,107,0,107,1.0,0,0,,1.0,1.0,1.0,0.7944,"OpenStreetMap named POI (ODbL 1.0, share-alike, attribution required)",yes
US,places.area-viewpoint,5,1,en-US,5,0,5,1.0,0,0,,1.0,1.0,1.0,1.0,"OpenStreetMap named POI (ODbL 1.0, share-alike, attribution required)",yes
US,places.city-aquarium,2,1,en-US,2,0,0,,0,0,,1.0,1.0,1.0,0.0,"OpenStreetMap named POI (ODbL 1.0, share-alike, attribution required)",yes
US,places.city-arts_centre,83,1,en-US,83,0,0,,0,0,,1.0,1.0,1.0,0.0,"OpenStreetMap named POI (ODbL 1.0, share-alike, attribution required)",yes
US,places.city-attraction,55,1,en-US,55,0,0,,0,0,,1.0,1.0,1.0,0.0,"OpenStreetMap named POI (ODbL 1.0, share-alike, attribution required)",yes
US,places.city-attribute,1448,1,en-US,1448,0,1448,1.0,0,0,,1.0,1.0,1.0,0.0,"OpenStreetMap named POI (ODbL 1.0, share-alike, attribution required)",yes
US,places.city-bar,281,1,en-US,281,0,0,,0,0,,1.0,1.0,1.0,0.0,"OpenStreetMap named POI (ODbL 1.0, share-alike, attribution required)",yes
US,places.city-beach,1,1,en-US,1,0,0,,0,0,,1.0,1.0,1.0,0.0,"OpenStreetMap named POI (ODbL 1.0, share-alike, attribution required)",yes
US,places.city-cafe,623,1,en-US,623,0,0,,0,0,,1.0,1.0,1.0,0.0,"OpenStreetMap named POI (ODbL 1.0, share-alike, attribution required)",yes
US,places.city-camp_site,16,1,en-US,16,0,0,,0,0,,1.0,1.0,1.0,0.0,"OpenStreetMap named POI (ODbL 1.0, share-alike, attribution required)",yes
US,places.city-category,882,1,en-US,882,0,0,,0,0,,1.0,1.0,1.0,1.0,geonames-cities; places-data-verified,yes
US,places.city-childcare,105,1,en-US,105,0,0,,0,0,,1.0,1.0,1.0,0.0,"OpenStreetMap named POI (ODbL 1.0, share-alike, attribution required)",yes
US,places.city-cinema,74,1,en-US,74,0,0,,0,0,,1.0,1.0,1.0,0.0,"OpenStreetMap named POI (ODbL 1.0, share-alike, attribution required)",yes
US,places.city-clinic,776,1,en-US,776,0,0,,0,0,,1.0,1.0,1.0,0.0,"OpenStreetMap named POI (ODbL 1.0, share-alike, attribution required)",yes
US,places.city-college,51,1,en-US,51,0,0,,0,0,,1.0,1.0,1.0,0.0,"OpenStreetMap named POI (ODbL 1.0, share-alike, attribution required)",yes
US,places.city-coworking,44,1,en-US,44,0,0,,0,0,,1.0,1.0,1.0,0.0,"OpenStreetMap named POI (ODbL 1.0, share-alike, attribution required)",yes
US,places.city-cuisine,4914,1,en-US,4914,0,4914,1.0,0,0,,1.0,1.0,1.0,0.0,"OpenStreetMap named POI (ODbL 1.0, share-alike, attribution required)",yes
US,places.city-dentist,598,1,en-US,598,0,0,,0,0,,1.0,1.0,1.0,0.0,"OpenStreetMap named POI (ODbL 1.0, share-alike, attribution required)",yes
US,places.city-department_store,778,1,en-US,778,0,0,,0,0,,1.0,1.0,1.0,0.0,"OpenStreetMap named POI (ODbL 1.0, share-alike, attribution required)",yes
US,places.city-fast_food,1797,1,en-US,1797,0,0,,0,0,,1.0,1.0,1.0,0.0,"OpenStreetMap named POI (ODbL 1.0, share-alike, attribution required)",yes
US,places.city-gallery,117,1,en-US,117,0,0,,0,0,,1.0,1.0,1.0,0.0,"OpenStreetMap named POI (ODbL 1.0, share-alike, attribution required)",yes
US,places.city-garden,13,1,en-US,13,0,0,,0,0,,1.0,1.0,1.0,0.0,"OpenStreetMap named POI (ODbL 1.0, share-alike, attribution required)",yes
US,places.city-golf_course,6,1,en-US,6,0,0,,0,0,,1.0,1.0,1.0,0.0,"OpenStreetMap named POI (ODbL 1.0, share-alike, attribution required)",yes
US,places.city-guest_house,2,1,en-US,2,0,0,,0,0,,1.0,1.0,1.0,0.0,"OpenStreetMap named POI (ODbL 1.0, share-alike, attribution required)",yes
US,places.city-gym,541,1,en-US,541,0,0,,0,0,,1.0,1.0,1.0,0.0,"OpenStreetMap named POI (ODbL 1.0, share-alike, attribution required)",yes
US,places.city-hospital,127,1,en-US,127,0,0,,0,0,,1.0,1.0,1.0,0.0,"Wikidata (CC0 1.0, public domain dedication, no share-alike)",yes
US,places.city-hostel,12,1,en-US,12,0,0,,0,0,,1.0,1.0,1.0,0.0,"OpenStreetMap named POI (ODbL 1.0, share-alike, attribution required)",yes
US,places.city-library,131,1,en-US,131,0,0,,0,0,,1.0,1.0,1.0,0.0,"OpenStreetMap named POI (ODbL 1.0, share-alike, attribution required)",yes
US,places.city-mall,7,1,en-US,7,0,0,,0,0,,1.0,1.0,1.0,0.0,"OpenStreetMap named POI (ODbL 1.0, share-alike, attribution required)",yes
US,places.city-marina,34,1,en-US,34,0,0,,0,0,,1.0,1.0,1.0,0.0,"OpenStreetMap named POI (ODbL 1.0, share-alike, attribution required)",yes
US,places.city-market,105,1,en-US,105,0,0,,0,0,,1.0,1.0,1.0,0.0,"OpenStreetMap named POI (ODbL 1.0, share-alike, attribution required)",yes
US,places.city-museum,201,1,en-US,201,0,0,,0,0,,1.0,1.0,1.0,0.0,"OpenStreetMap named POI (ODbL 1.0, share-alike, attribution required)",yes
US,places.city-nature_reserve,21,1,en-US,21,0,0,,0,0,,1.0,1.0,1.0,0.0,"OpenStreetMap named POI (ODbL 1.0, share-alike, attribution required)",yes
US,places.city-nightclub,49,1,en-US,49,0,0,,0,0,,1.0,1.0,1.0,0.0,"OpenStreetMap named POI (ODbL 1.0, share-alike, attribution required)",yes
US,places.city-opening,1068,1,en-US,1068,0,1068,1.0,0,0,,1.0,1.0,1.0,0.0,"OpenStreetMap named POI (ODbL 1.0, share-alike, attribution required)",yes
US,places.city-park,29,1,en-US,29,0,0,,0,0,,1.0,1.0,1.0,0.0,"OpenStreetMap named POI (ODbL 1.0, share-alike, attribution required)",yes
US,places.city-parking,18,1,en-US,18,0,0,,0,0,,1.0,1.0,1.0,0.0,"OpenStreetMap named POI (ODbL 1.0, share-alike, attribution required)",yes
US,places.city-pharmacy,379,1,en-US,379,0,0,,0,0,,1.0,1.0,1.0,0.0,"OpenStreetMap named POI (ODbL 1.0, share-alike, attribution required)",yes
US,places.city-pub,114,1,en-US,114,0,0,,0,0,,1.0,1.0,1.0,0.0,"OpenStreetMap named POI (ODbL 1.0, share-alike, attribution required)",yes
US,places.city-railway_station,44,1,en-US,44,0,0,,0,0,,1.0,1.0,1.0,0.0,"OpenStreetMap named POI (ODbL 1.0, share-alike, attribution required)",yes
US,places.city-restaurant,1918,1,en-US,1918,0,0,,0,0,,1.0,1.0,1.0,0.0,"OpenStreetMap named POI (ODbL 1.0, share-alike, attribution required)",yes
US,places.city-school,382,1,en-US,382,0,0,,0,0,,1.0,1.0,1.0,0.0,"OpenStreetMap named POI (ODbL 1.0, share-alike, attribution required)",yes
US,places.city-shopping_mall,184,1,en-US,184,0,0,,0,0,,1.0,1.0,1.0,0.0,"Wikidata (CC0 1.0, public domain dedication, no share-alike)",yes
US,places.city-sport,58,1,en-US,58,0,58,1.0,0,0,,1.0,1.0,1.0,0.0,"OpenStreetMap named POI (ODbL 1.0, share-alike, attribution required)",yes
US,places.city-sports_centre,188,1,en-US,188,0,0,,0,0,,1.0,1.0,1.0,0.0,"OpenStreetMap named POI (ODbL 1.0, share-alike, attribution required)",yes
US,places.city-stadium,114,1,en-US,114,0,0,,0,0,,1.0,1.0,1.0,0.0,"Wikidata (CC0 1.0, public domain dedication, no share-alike)",yes
US,places.city-supermarket,338,1,en-US,338,0,0,,0,0,,1.0,1.0,1.0,0.0,"OpenStreetMap named POI (ODbL 1.0, share-alike, attribution required)",yes
US,places.city-theatre,122,1,en-US,122,0,0,,0,0,,1.0,1.0,1.0,0.0,"OpenStreetMap named POI (ODbL 1.0, share-alike, attribution required)",yes
US,places.city-theme_park,3,1,en-US,3,0,0,,0,0,,1.0,1.0,1.0,0.0,"OpenStreetMap named POI (ODbL 1.0, share-alike, attribution required)",yes
US,places.city-university,164,1,en-US,164,0,0,,0,0,,1.0,1.0,1.0,0.0,"Wikidata (CC0 1.0, public domain dedication, no share-alike)",yes
US,places.city-veterinary,179,1,en-US,179,0,0,,0,0,,1.0,1.0,1.0,0.0,"OpenStreetMap named POI (ODbL 1.0, share-alike, attribution required)",yes
US,places.city-viewpoint,6,1,en-US,6,0,0,,0,0,,1.0,1.0,1.0,0.0,"OpenStreetMap named POI (ODbL 1.0, share-alike, attribution required)",yes
US,places.city-water_park,1,1,en-US,1,0,0,,0,0,,1.0,1.0,1.0,0.0,"OpenStreetMap named POI (ODbL 1.0, share-alike, attribution required)",yes
US,places.city-zoo,2,1,en-US,2,0,0,,0,0,,1.0,1.0,1.0,0.0,"OpenStreetMap named POI (ODbL 1.0, share-alike, attribution required)",yes
US,places.neighbourhood-category,192,1,en-US,192,0,0,,0,0,,1.0,1.0,1.0,0.0,neighbourhood-facts-verified; places-data-verified,yes
US,poi.amusement_park-notable,2,1,en-US,2,0,2,1.0,0,0,,1.0,1.0,1.0,0.0,"Wikidata (CC0 1.0, public domain dedication, no share-alike)",yes
US,poi.aquarium-notable,1,1,en-US,1,0,1,1.0,0,0,,1.0,1.0,1.0,0.0,"OpenStreetMap named POI (ODbL 1.0, share-alike, attribution required)",yes
US,poi.archaeological_site-notable,1,1,en-US,1,0,1,1.0,0,0,,1.0,1.0,1.0,0.0,"OpenStreetMap named POI (ODbL 1.0, share-alike, attribution required)",yes
US,poi.attraction-notable,18,1,en-US,18,0,18,1.0,0,0,,1.0,1.0,1.0,0.0,"OpenStreetMap named POI (ODbL 1.0, share-alike, attribution required)",yes
US,poi.botanical_garden-notable,4,1,en-US,4,0,4,1.0,0,0,,1.0,1.0,1.0,0.0,"Wikidata (CC0 1.0, public domain dedication, no share-alike)",yes
US,poi.gallery-notable,44,1,en-US,44,0,44,1.0,0,0,,1.0,0.9773,1.0,0.0,"OpenStreetMap named POI (ODbL 1.0, share-alike, attribution required)",yes
US,poi.monument-notable,3,1,en-US,3,0,3,1.0,0,0,,1.0,1.0,1.0,0.0,"Wikidata (CC0 1.0, public domain dedication, no share-alike)",yes
US,poi.museum-notable,319,1,en-US,319,0,319,1.0,0,0,,1.0,0.9969,1.0,0.0,"OpenStreetMap named POI (ODbL 1.0, share-alike, attribution required)",yes
US,poi.park-notable,13,1,en-US,13,0,13,1.0,0,0,,1.0,1.0,1.0,0.0,"Wikidata (CC0 1.0, public domain dedication, no share-alike)",yes
US,poi.public_square-notable,2,1,en-US,2,0,2,1.0,0,0,,1.0,1.0,1.0,0.0,"Wikidata (CC0 1.0, public domain dedication, no share-alike)",yes
US,poi.theatre-notable,21,1,en-US,21,0,21,1.0,0,0,,1.0,1.0,1.0,0.0,"Wikidata (CC0 1.0, public domain dedication, no share-alike)",yes
US,poi.theme_park-notable,4,1,en-US,4,0,4,1.0,0,0,,1.0,1.0,1.0,0.0,"OpenStreetMap named POI (ODbL 1.0, share-alike, attribution required)",yes
US,poi.zoo-notable,1,1,en-US,1,0,1,1.0,0,0,,1.0,1.0,1.0,0.0,"OpenStreetMap named POI (ODbL 1.0, share-alike, attribution required)",yes
US,property.city-buy,883,1,en-US,883,0,0,,0,0,,1.0,1.0,1.0,0.0,geonames-cities; property-price-verified,yes
US,relocation.city,883,1,en-US,883,0,0,,0,0,,1.0,1.0,1.0,0.0,geonames-cities; cost-of-living-city-verified; visa-rules-verified,yes
US,relocation.country,1,1,en-US,1,0,0,,0,0,,1.0,1.0,1.0,0.0,visa-rules-verified; cost-of-living-verified,yes
US,rents.city,882,1,en-US,882,0,0,,0,0,,1.0,1.0,1.0,1.0,geonames-cities; rent-index-verified,yes
US,rents.neighbourhood,192,1,en-US,192,0,0,,0,0,,1.0,1.0,1.0,0.0,geonames-cities; rent-index-verified,yes
US,safety.city,132,1,en-US,132,0,0,,0,0,,1.0,1.0,1.0,0.0,geonames-cities; safety-data-verified,yes
US,services.city-practical,130,1,en-US,130,0,0,,0,0,,1.0,1.0,1.0,1.0,geonames-cities; places-data-verified,yes
US,sport.city-activity,131,1,en-US,131,0,0,,0,0,,1.0,1.0,1.0,1.0,geonames-cities; sport-routes-verified,yes
US,stay.city-type,1658,4,de-DE en-US it-IT ja-JP,882,776,0,,0,776,1.0,1.0,1.0,1.0,1.0,geonames-cities; stay-inventory-verified,yes
US,stay.near-venue,2096,1,en-US,2096,0,0,,0,0,,1.0,1.0,1.0,0.0,venue-data-verified; stay-inventory-verified,yes
US,taxes.country-remote-work,1,1,en-US,1,0,0,,0,0,,1.0,1.0,1.0,0.0,tax-rules-verified; visa-rules-verified,yes
US,transport.city-getting-around,130,1,en-US,130,0,0,,0,0,,1.0,1.0,1.0,0.0,geonames-cities; transit-fares-verified,yes
US,transport.route-from-market,131,1,en-US,131,0,0,,0,0,,1.0,1.0,1.0,0.0,ourairports; geonames-cities; computed-distance,yes
US,visas.country-work-permit,1,1,en-GB,0,1,0,,0,0,0.0,1.0,1.0,1.0,0.0,visa-rules-verified; work-rules-verified,yes
US,weather.city-month,1979,3,en-US it-IT ja-JP,882,1097,0,,0,1097,1.0,1.0,1.0,1.0,0.0,geonames-cities; nasa-power-daily,yes
US,work.city-jobs-category,131,1,en-US,131,0,0,,0,0,,1.0,1.0,1.0,0.0,geonames-cities; salary-data-verified; work-rules-verified,yes
US,work.city-salaries,882,1,en-US,882,0,0,,0,0,,1.0,1.0,1.0,1.0,geonames-cities; salary-data-verified,yes
VE,activities.city-things-to-do,3,3,de-DE es-ES it-IT,0,3,0,,0,3,1.0,1.0,1.0,1.0,0.0,geonames-cities; attractions-verified,yes
VE,stay.city-type,1,1,de-DE,0,1,0,,0,1,1.0,1.0,1.0,1.0,1.0,geonames-cities; stay-inventory-verified,yes
VN,activities.city-things-to-do,183,4,de-DE en-US ja-JP zh-Hant-TW,0,183,0,,0,183,1.0,1.0,1.0,1.0,0.0,geonames-cities; attractions-verified,yes
VN,stay.city-type,154,3,de-DE en-GB ja-JP,0,154,0,,0,154,1.0,1.0,1.0,1.0,1.0,geonames-cities; stay-inventory-verified,yes
VN,transport.route-from-market,35,1,en-GB,0,35,0,,0,35,1.0,1.0,1.0,1.0,0.0,ourairports; geonames-cities; computed-distance,yes
VN,weather.city-month,182,3,de-DE en-US ja-JP,0,182,0,,0,182,1.0,1.0,1.0,1.0,0.0,geonames-cities; nasa-power-daily,yes
