family,locale,candidates,rejected_in_this_cell,demand_evidence,local_keyword,local_volume,localization_class,source_status,serp_feasibility,data_completeness,template_similarity_score,distinct_data_points_in_sample,sample_size
activities.city-things-to-do,de-DE,215,2976,measured_in_this_market,amsterdam sehenswürdigkeiten,17000,NATIVE_LOCALE,SOURCE_AVAILABLE,strong_opportunity,1.0,0.742,6,6
activities.city-things-to-do,en-GB,3476,6705,measured_in_this_market,things to do in krakow,11000,NATIVE_LOCALE,SOURCE_AVAILABLE,strong_opportunity,1.0,0.755,6,6
activities.city-things-to-do,es-ES,164,3027,measured_in_this_market,que ver en segovia,7600,NATIVE_LOCALE,SOURCE_AVAILABLE,strong_opportunity,1.0,0.761,6,6
activities.city-things-to-do,fr-FR,152,3039,measured_in_this_market,monuments paris,1400,NATIVE_LOCALE,SOURCE_AVAILABLE,strong_opportunity,1.0,0.87,6,6
activities.city-things-to-do,it-IT,149,3042,measured_in_this_market,cosa vedere a matera,4700,NATIVE_LOCALE,SOURCE_AVAILABLE,strong_opportunity,1.0,0.817,6,6
activities.city-things-to-do,ja-JP,554,0,measured_in_this_market,長野 観光,35000,NATIVE_LOCALE,SOURCE_AVAILABLE,strong_opportunity,1.0,0.833,6,6
activities.city-things-to-do,nl-NL,57,0,measured_in_this_market,wat te doen in amsterdam,5300,NATIVE_LOCALE,SOURCE_AVAILABLE,strong_opportunity,1.0,0.791,6,6
activities.city-things-to-do,pl-PL,1,0,measured_in_this_market,atrakcje krakow,1700,NATIVE_LOCALE,SOURCE_AVAILABLE,strong_opportunity,1.0,,,1
activities.city-things-to-do,pt-BR,160,444,measured_in_this_market,o que fazer em londrina,1400,NATIVE_LOCALE,SOURCE_AVAILABLE,strong_opportunity,1.0,0.862,6,6
activities.city-things-to-do,zh-Hant-TW,51,3140,measured_in_this_market,花蓮 景點,2800,NATIVE_LOCALE,SOURCE_AVAILABLE,strong_opportunity,1.0,0.844,6,6
areas.city-index,de-DE,52,0,shape_measured_2026_10_01,,0,NATIVE_LOCALE,SOURCE_AVAILABLE,competitive,1.0,0.743,6,6
areas.city-index,en-GB,76,0,shape_measured_2026_10_01,,0,NATIVE_LOCALE,SOURCE_AVAILABLE,competitive,1.0,0.586,6,6
areas.city-index,en-US,74,0,shape_measured_2026_10_01,,0,NATIVE_LOCALE,SOURCE_AVAILABLE,competitive,1.0,0.362,6,6
areas.city-index,es-ES,69,0,shape_measured_2026_10_01,,0,NATIVE_LOCALE,SOURCE_AVAILABLE,competitive,1.0,0.683,6,6
areas.city-index,fr-FR,55,0,shape_measured_2026_10_01,,0,NATIVE_LOCALE,SOURCE_AVAILABLE,competitive,1.0,0.506,6,6
areas.city-index,it-IT,47,0,shape_measured_2026_10_01,,0,NATIVE_LOCALE,SOURCE_AVAILABLE,competitive,1.0,0.586,6,6
areas.city-index,ja-JP,58,0,shape_measured_2026_10_01,,0,NATIVE_LOCALE,SOURCE_AVAILABLE,competitive,1.0,0.551,6,6
areas.city-index,nl-NL,24,0,shape_measured_2026_10_01,,0,NATIVE_LOCALE,SOURCE_AVAILABLE,competitive,1.0,0.715,6,6
areas.city-index,pl-PL,40,0,shape_measured_2026_10_01,,0,NATIVE_LOCALE,SOURCE_AVAILABLE,competitive,1.0,0.618,6,6
areas.city-index,pt-BR,25,0,shape_measured_2026_10_01,,0,NATIVE_LOCALE,SOURCE_AVAILABLE,competitive,1.0,0.655,6,6
areas.overview,de-DE,403,0,shape_measured_2026_10_01,,0,NATIVE_LOCALE,SOURCE_AVAILABLE,competitive,1.0,0.176,6,6
areas.overview,en-GB,505,0,shape_measured_2026_10_01,,0,NATIVE_LOCALE,SOURCE_AVAILABLE,competitive,1.0,0.384,6,6
areas.overview,en-US,750,0,shape_measured_2026_10_01,,0,NATIVE_LOCALE,SOURCE_AVAILABLE,competitive,1.0,0.205,6,6
areas.overview,es-ES,526,0,shape_measured_2026_10_01,,0,NATIVE_LOCALE,SOURCE_AVAILABLE,competitive,1.0,0.2,6,6
areas.overview,fr-FR,310,0,shape_measured_2026_10_01,,0,NATIVE_LOCALE,SOURCE_AVAILABLE,competitive,1.0,0.38,6,6
areas.overview,it-IT,437,0,shape_measured_2026_10_01,,0,NATIVE_LOCALE,SOURCE_AVAILABLE,competitive,1.0,0.391,6,6
areas.overview,ja-JP,688,0,shape_measured_2026_10_01,,0,NATIVE_LOCALE,SOURCE_AVAILABLE,competitive,1.0,0.432,6,6
areas.overview,nl-NL,177,0,shape_measured_2026_10_01,,0,NATIVE_LOCALE,SOURCE_AVAILABLE,competitive,1.0,0.205,6,6
areas.overview,pl-PL,298,0,shape_measured_2026_10_01,,0,NATIVE_LOCALE,SOURCE_AVAILABLE,competitive,1.0,0.442,6,6
areas.overview,pt-BR,185,0,shape_measured_2026_10_01,,0,NATIVE_LOCALE,SOURCE_AVAILABLE,competitive,1.0,0.272,6,6
comparisons.city-vs-city,en-GB,11,769,measured_in_this_market,cost of living in japan,3100,NATIVE_LOCALE,READY_NOW,unsampled_needs_serp_check,1.0,0.761,6,6
comparisons.city-vs-city,ja-JP,15,0,measured_in_this_market,タイ 生活費,250,NATIVE_LOCALE,READY_NOW,unsampled_needs_serp_check,1.0,0.904,6,6
comparisons.city-vs-city,pt-BR,24,0,measured_in_this_market,custo de vida em portugal,2500,NATIVE_LOCALE,READY_NOW,unsampled_needs_serp_check,1.0,0.904,6,6
comparisons.city-vs-home,de-DE,38,0,measured_in_this_market,lebenshaltungskosten deutschland,2200,NATIVE_LOCALE,SOURCE_AVAILABLE,unsampled_needs_serp_check,1.0,0.811,6,6
comparisons.city-vs-home,en-GB,39,0,measured_in_this_market,cost of living in japan,3100,NATIVE_LOCALE,SOURCE_AVAILABLE,unsampled_needs_serp_check,1.0,0.702,6,6
comparisons.city-vs-home,en-US,129,0,measured_in_this_market,cost of living in japan,3100,NATIVE_LOCALE,SOURCE_AVAILABLE,unsampled_needs_serp_check,1.0,0.722,6,6
comparisons.city-vs-home,es-ES,30,0,measured_in_this_market,coste de vida en suiza,100,NATIVE_LOCALE,SOURCE_AVAILABLE,unsampled_needs_serp_check,1.0,0.783,6,6
comparisons.city-vs-home,fr-FR,13,0,measured_in_this_market,cout de la vie ile maurice,300,NATIVE_LOCALE,SOURCE_AVAILABLE,unsampled_needs_serp_check,1.0,0.863,6,6
comparisons.city-vs-home,it-IT,15,0,measured_in_this_market,costo della vita in italia,350,NATIVE_LOCALE,SOURCE_AVAILABLE,unsampled_needs_serp_check,1.0,0.9,6,6
comparisons.city-vs-home,ja-JP,120,0,measured_in_this_market,タイ 生活費,250,NATIVE_LOCALE,SOURCE_AVAILABLE,unsampled_needs_serp_check,1.0,0.702,6,6
comparisons.city-vs-home,nl-NL,7,0,measured_in_this_market,levensonderhoud curacao,30,NATIVE_LOCALE,SOURCE_AVAILABLE,unsampled_needs_serp_check,1.0,0.694,6,6
comparisons.city-vs-home,pl-PL,16,0,measured_in_this_market,koszty życia w szwajcarii,150,NATIVE_LOCALE,SOURCE_AVAILABLE,unsampled_needs_serp_check,1.0,0.81,6,6
comparisons.city-vs-home,pt-BR,159,0,measured_in_this_market,custo de vida em portugal,2500,NATIVE_LOCALE,SOURCE_AVAILABLE,unsampled_needs_serp_check,1.0,0.684,6,6
comparisons.city-vs-home,zh-Hant-TW,18,0,family_measured_elsewhere,,0,NATIVE_LOCALE,SOURCE_AVAILABLE,unsampled_needs_serp_check,1.0,0.859,6,6
cost-of-living.city,de-DE,195,0,measured_in_this_market,lebenshaltungskosten berlin,100,NATIVE_LOCALE,SOURCE_AVAILABLE,unsampled_needs_serp_check,1.0,0.724,6,6
cost-of-living.city,en-GB,2,0,measured_in_this_market,cost of living lincoln,0,NATIVE_LOCALE,SOURCE_AVAILABLE,unsampled_needs_serp_check,1.0,0.769,2,2
cost-of-living.city,en-US,881,0,measured_in_this_market,cost of living new york,450,NATIVE_LOCALE,SOURCE_AVAILABLE,unsampled_needs_serp_check,1.0,0.772,6,6
cost-of-living.city,es-ES,150,0,measured_in_this_market,coste de vida en suiza,100,NATIVE_LOCALE,SOURCE_AVAILABLE,unsampled_needs_serp_check,1.0,0.728,6,6
cost-of-living.city,fr-FR,143,0,measured_in_this_market,cout de la vie paris,40,NATIVE_LOCALE,SOURCE_AVAILABLE,unsampled_needs_serp_check,1.0,0.703,6,6
cost-of-living.city,it-IT,133,0,measured_in_this_market,costo della vita in italia,350,NATIVE_LOCALE,SOURCE_AVAILABLE,unsampled_needs_serp_check,1.0,0.807,6,6
cost-of-living.city,ja-JP,554,0,measured_in_this_market,タイ 生活費,250,NATIVE_LOCALE,SOURCE_AVAILABLE,unsampled_needs_serp_check,1.0,0.776,6,6
cost-of-living.city,nl-NL,57,0,measured_in_this_market,kosten van levensonderhoud amsterdam,0,NATIVE_LOCALE,SOURCE_AVAILABLE,unsampled_needs_serp_check,1.0,0.768,6,6
cost-of-living.city,pl-PL,101,0,measured_in_this_market,koszty zycia warszawa,0,NATIVE_LOCALE,SOURCE_AVAILABLE,unsampled_needs_serp_check,1.0,0.793,6,6
cost-of-living.city,pt-BR,677,0,measured_in_this_market,custo de vida em portugal,2500,NATIVE_LOCALE,SOURCE_AVAILABLE,unsampled_needs_serp_check,1.0,0.782,6,6
cost-of-living.city,zh-Hant-TW,40,0,family_measured_elsewhere,,0,NATIVE_LOCALE,SOURCE_AVAILABLE,unsampled_needs_serp_check,1.0,0.836,6,6
cost-of-living.city-vs-market,de-DE,38,0,measured_in_this_market,lebenshaltungskosten deutschland,2200,NATIVE_LOCALE,SOURCE_AVAILABLE,unsampled_needs_serp_check,1.0,0.76,6,6
cost-of-living.city-vs-market,en-GB,39,0,measured_in_this_market,cost of living in japan,3100,NATIVE_LOCALE,SOURCE_AVAILABLE,unsampled_needs_serp_check,1.0,0.779,6,6
cost-of-living.city-vs-market,en-US,129,0,measured_in_this_market,cost of living in japan,3100,NATIVE_LOCALE,SOURCE_AVAILABLE,unsampled_needs_serp_check,1.0,0.735,6,6
cost-of-living.city-vs-market,es-ES,30,0,measured_in_this_market,coste de vida en suiza,100,NATIVE_LOCALE,SOURCE_AVAILABLE,unsampled_needs_serp_check,1.0,0.835,6,6
cost-of-living.city-vs-market,fr-FR,13,0,measured_in_this_market,cout de la vie ile maurice,300,NATIVE_LOCALE,SOURCE_AVAILABLE,unsampled_needs_serp_check,1.0,0.799,6,6
cost-of-living.city-vs-market,it-IT,15,0,measured_in_this_market,costo della vita in italia,350,NATIVE_LOCALE,SOURCE_AVAILABLE,unsampled_needs_serp_check,1.0,0.776,6,6
cost-of-living.city-vs-market,ja-JP,120,0,measured_in_this_market,タイ 生活費,250,NATIVE_LOCALE,SOURCE_AVAILABLE,unsampled_needs_serp_check,1.0,0.796,6,6
cost-of-living.city-vs-market,nl-NL,7,0,measured_in_this_market,levensonderhoud curacao,30,NATIVE_LOCALE,SOURCE_AVAILABLE,unsampled_needs_serp_check,1.0,0.823,6,6
cost-of-living.city-vs-market,pl-PL,16,0,measured_in_this_market,koszty życia w szwajcarii,150,NATIVE_LOCALE,SOURCE_AVAILABLE,unsampled_needs_serp_check,1.0,0.786,6,6
cost-of-living.city-vs-market,pt-BR,159,0,measured_in_this_market,custo de vida em portugal,2500,NATIVE_LOCALE,SOURCE_AVAILABLE,unsampled_needs_serp_check,1.0,0.786,6,6
cost-of-living.city-vs-market,zh-Hant-TW,18,0,family_measured_elsewhere,,0,NATIVE_LOCALE,SOURCE_AVAILABLE,unsampled_needs_serp_check,1.0,0.71,6,6
destinations.country-hub,de-DE,1,0,family_measured_elsewhere,,0,NATIVE_LOCALE,READY_NOW,unsampled_needs_serp_check,1.0,,,1
destinations.country-hub,en-US,2,247,measured_in_this_market,things to do in chicago,88000,NATIVE_LOCALE,READY_NOW,unsampled_needs_serp_check,1.0,0.89,2,2
destinations.country-hub,es-ES,1,0,measured_in_this_market,que ver en madrid,16000,NATIVE_LOCALE,READY_NOW,unsampled_needs_serp_check,1.0,,,1
destinations.country-hub,fr-FR,1,0,measured_in_this_market,que faire à paris,7500,NATIVE_LOCALE,READY_NOW,unsampled_needs_serp_check,1.0,,,1
destinations.country-hub,it-IT,1,0,measured_in_this_market,cosa vedere a palermo,17000,NATIVE_LOCALE,READY_NOW,unsampled_needs_serp_check,1.0,,,1
destinations.country-hub,ja-JP,1,0,measured_in_this_market,観光スポット,17000,NATIVE_LOCALE,READY_NOW,unsampled_needs_serp_check,1.0,,,1
destinations.country-hub,nl-NL,1,0,measured_in_this_market,wat te doen in rotterdam,3700,NATIVE_LOCALE,READY_NOW,unsampled_needs_serp_check,1.0,,,1
destinations.country-hub,pl-PL,1,0,family_measured_elsewhere,,0,NATIVE_LOCALE,READY_NOW,unsampled_needs_serp_check,1.0,,,1
destinations.country-hub,pt-BR,1,0,measured_in_this_market,o que fazer em recife,20000,NATIVE_LOCALE,READY_NOW,unsampled_needs_serp_check,1.0,,,1
destinations.country-hub,zh-Hant-TW,1,0,measured_in_this_market,嘉義景點,60000,NATIVE_LOCALE,READY_NOW,unsampled_needs_serp_check,1.0,,,1
education.city-schools,de-DE,4,0,measured_in_this_market,internationale schulen berlin,30,NATIVE_LOCALE,SOURCE_AVAILABLE,unsampled_needs_serp_check,1.0,0.792,4,4
education.city-schools,en-GB,2,0,measured_in_this_market,schools lincoln,30,NATIVE_LOCALE,SOURCE_AVAILABLE,unsampled_needs_serp_check,1.0,0.758,2,2
education.city-schools,en-US,15,0,measured_in_this_market,spokane schools,300,NATIVE_LOCALE,SOURCE_AVAILABLE,unsampled_needs_serp_check,1.0,0.742,6,6
education.city-schools,es-ES,2,0,family_measured_elsewhere,,0,NATIVE_LOCALE,SOURCE_AVAILABLE,unsampled_needs_serp_check,1.0,0.765,2,2
education.city-schools,fr-FR,1,0,measured_in_this_market,ecole vannes,100,NATIVE_LOCALE,SOURCE_AVAILABLE,unsampled_needs_serp_check,1.0,,,1
education.city-schools,it-IT,2,0,family_measured_elsewhere,,0,NATIVE_LOCALE,SOURCE_AVAILABLE,unsampled_needs_serp_check,1.0,0.807,2,2
education.city-schools,ja-JP,12,0,family_measured_elsewhere,,0,NATIVE_LOCALE,SOURCE_AVAILABLE,unsampled_needs_serp_check,1.0,0.792,6,6
education.city-schools,pl-PL,1,0,measured_in_this_market,szkoly miedzynarodowe warszawa,50,NATIVE_LOCALE,SOURCE_AVAILABLE,unsampled_needs_serp_check,1.0,,,1
education.city-schools,pt-BR,15,0,family_measured_elsewhere,,0,NATIVE_LOCALE,SOURCE_AVAILABLE,unsampled_needs_serp_check,1.0,0.777,6,6
education.city-schools,zh-Hant-TW,5,0,family_measured_elsewhere,,0,NATIVE_LOCALE,SOURCE_AVAILABLE,unsampled_needs_serp_check,1.0,0.825,5,5
education.city-universities,de-DE,38,0,measured_in_this_market,universität berlin,700,NATIVE_LOCALE,SOURCE_AVAILABLE,unsampled_needs_serp_check,1.0,0.671,6,6
education.city-universities,en-GB,39,0,measured_in_this_market,university of lincoln,10000,NATIVE_LOCALE,SOURCE_AVAILABLE,unsampled_needs_serp_check,1.0,0.792,6,6
education.city-universities,en-US,129,0,measured_in_this_market,boise state university,11000,NATIVE_LOCALE,SOURCE_AVAILABLE,unsampled_needs_serp_check,1.0,0.708,6,6
education.city-universities,es-ES,30,0,measured_in_this_market,universidad segovia,400,NATIVE_LOCALE,SOURCE_AVAILABLE,unsampled_needs_serp_check,1.0,0.825,6,6
education.city-universities,fr-FR,13,0,measured_in_this_market,universites paris,40,NATIVE_LOCALE,SOURCE_AVAILABLE,unsampled_needs_serp_check,1.0,0.813,6,6
education.city-universities,it-IT,15,0,measured_in_this_market,universita matera,10,NATIVE_LOCALE,SOURCE_AVAILABLE,unsampled_needs_serp_check,1.0,0.792,6,6
education.city-universities,ja-JP,120,0,measured_in_this_market,長野 大学,20,NATIVE_LOCALE,SOURCE_AVAILABLE,unsampled_needs_serp_check,1.0,0.859,6,6
education.city-universities,nl-NL,7,0,measured_in_this_market,universiteiten amsterdam,70,NATIVE_LOCALE,SOURCE_AVAILABLE,unsampled_needs_serp_check,1.0,0.851,6,6
education.city-universities,pl-PL,16,0,measured_in_this_market,uniwersytety warszawa,200,NATIVE_LOCALE,SOURCE_AVAILABLE,unsampled_needs_serp_check,1.0,0.799,6,6
education.city-universities,pt-BR,159,0,measured_in_this_market,universidade passo fundo,40,NATIVE_LOCALE,SOURCE_AVAILABLE,unsampled_needs_serp_check,1.0,0.778,6,6
education.city-universities,zh-Hant-TW,18,0,measured_in_this_market,嘉義 大學,150,NATIVE_LOCALE,SOURCE_AVAILABLE,unsampled_needs_serp_check,1.0,0.887,6,6
events.city-calendar,de-DE,868,0,measured_in_this_market,veranstaltungen berlin,11000,NATIVE_LOCALE,LICENCE_REQUIRED,unsampled_needs_serp_check,1.0,0.321,6,6
events.city-calendar,en-GB,39,0,measured_in_this_market,events lincoln,250,NATIVE_LOCALE,LICENCE_REQUIRED,unsampled_needs_serp_check,1.0,0.806,6,6
events.city-calendar,en-US,881,0,measured_in_this_market,events chicago,2100,NATIVE_LOCALE,LICENCE_REQUIRED,unsampled_needs_serp_check,1.0,0.808,6,6
events.city-calendar,es-ES,2,0,measured_in_this_market,eventos segovia,200,NATIVE_LOCALE,LICENCE_REQUIRED,unsampled_needs_serp_check,1.0,0.87,2,2
events.city-calendar,fr-FR,471,0,measured_in_this_market,evenements paris,350,NATIVE_LOCALE,LICENCE_REQUIRED,unsampled_needs_serp_check,1.0,0.764,6,6
events.city-calendar,it-IT,15,0,measured_in_this_market,eventi lecco,500,NATIVE_LOCALE,LICENCE_REQUIRED,unsampled_needs_serp_check,1.0,0.894,6,6
events.city-calendar,ja-JP,554,0,measured_in_this_market,福井 イベント,3000,NATIVE_LOCALE,LICENCE_REQUIRED,unsampled_needs_serp_check,1.0,0.899,6,6
events.city-calendar,nl-NL,195,0,measured_in_this_market,evenementen amsterdam,800,NATIVE_LOCALE,LICENCE_REQUIRED,unsampled_needs_serp_check,1.0,0.784,6,6
events.city-calendar,pl-PL,16,0,measured_in_this_market,wydarzenia warszawa,7400,NATIVE_LOCALE,LICENCE_REQUIRED,unsampled_needs_serp_check,1.0,0.874,6,6
events.city-calendar,pt-BR,159,0,measured_in_this_market,eventos uberlandia,150,NATIVE_LOCALE,LICENCE_REQUIRED,unsampled_needs_serp_check,1.0,0.762,6,6
events.city-calendar,zh-Hant-TW,40,0,measured_in_this_market,嘉義 活動,450,NATIVE_LOCALE,LICENCE_REQUIRED,unsampled_needs_serp_check,1.0,0.867,6,6
events.city-type,de-DE,868,0,measured_in_this_market,veranstaltungen berlin,11000,NATIVE_LOCALE,LICENCE_REQUIRED,strong_opportunity,1.0,0.502,6,6
events.city-type,en-GB,39,0,measured_in_this_market,events lincoln,250,NATIVE_LOCALE,LICENCE_REQUIRED,strong_opportunity,1.0,0.785,6,6
events.city-type,en-US,881,0,measured_in_this_market,events chicago,2100,NATIVE_LOCALE,LICENCE_REQUIRED,strong_opportunity,1.0,0.703,6,6
events.city-type,es-ES,2,0,measured_in_this_market,eventos segovia,200,NATIVE_LOCALE,LICENCE_REQUIRED,strong_opportunity,1.0,0.787,2,2
events.city-type,fr-FR,471,0,measured_in_this_market,evenements paris,350,NATIVE_LOCALE,LICENCE_REQUIRED,strong_opportunity,1.0,0.794,6,6
events.city-type,it-IT,15,0,measured_in_this_market,eventi lecco,500,NATIVE_LOCALE,LICENCE_REQUIRED,strong_opportunity,1.0,0.817,6,6
events.city-type,ja-JP,554,0,measured_in_this_market,福井 イベント,3000,NATIVE_LOCALE,LICENCE_REQUIRED,strong_opportunity,1.0,0.796,6,6
events.city-type,nl-NL,195,0,measured_in_this_market,evenementen amsterdam,800,NATIVE_LOCALE,LICENCE_REQUIRED,strong_opportunity,1.0,0.784,6,6
events.city-type,pl-PL,16,0,measured_in_this_market,wydarzenia warszawa,7400,NATIVE_LOCALE,LICENCE_REQUIRED,strong_opportunity,1.0,0.804,6,6
events.city-type,pt-BR,159,0,measured_in_this_market,eventos uberlandia,150,NATIVE_LOCALE,LICENCE_REQUIRED,strong_opportunity,1.0,0.796,6,6
events.city-type,zh-Hant-TW,40,0,measured_in_this_market,嘉義 活動,450,NATIVE_LOCALE,LICENCE_REQUIRED,strong_opportunity,1.0,0.808,6,6
events.city-window,de-DE,38,0,measured_in_this_market,veranstaltungen berlin heute,6700,NATIVE_LOCALE,LICENCE_REQUIRED,unsampled_needs_serp_check,1.0,0.834,6,6
events.city-window,en-GB,39,0,measured_in_this_market,london events today,2200,NATIVE_LOCALE,LICENCE_REQUIRED,unsampled_needs_serp_check,1.0,0.806,6,6
events.city-window,en-US,129,0,measured_in_this_market,this weekend in new york,30,NATIVE_LOCALE,LICENCE_REQUIRED,unsampled_needs_serp_check,1.0,0.827,6,6
events.city-window,es-ES,30,0,measured_in_this_market,que hacer en cuenca,800,NATIVE_LOCALE,LICENCE_REQUIRED,unsampled_needs_serp_check,1.0,0.867,6,6
events.city-window,fr-FR,13,0,measured_in_this_market,que faire a paris,11000,NATIVE_LOCALE,LICENCE_REQUIRED,unsampled_needs_serp_check,1.0,0.822,6,6
events.city-window,it-IT,15,0,measured_in_this_market,cosa fare a matera,600,NATIVE_LOCALE,LICENCE_REQUIRED,unsampled_needs_serp_check,1.0,0.895,6,6
events.city-window,ja-JP,120,0,family_measured_elsewhere,,0,NATIVE_LOCALE,LICENCE_REQUIRED,unsampled_needs_serp_check,1.0,0.819,6,6
events.city-window,nl-NL,7,0,measured_in_this_market,dit weekend amsterdam,100,NATIVE_LOCALE,LICENCE_REQUIRED,unsampled_needs_serp_check,1.0,0.755,6,6
events.city-window,pl-PL,16,0,measured_in_this_market,co robic w warszawie,800,NATIVE_LOCALE,LICENCE_REQUIRED,unsampled_needs_serp_check,1.0,0.889,6,6
events.city-window,pt-BR,159,0,family_measured_elsewhere,,0,NATIVE_LOCALE,LICENCE_REQUIRED,unsampled_needs_serp_check,1.0,0.753,6,6
events.city-window,zh-Hant-TW,18,0,family_measured_elsewhere,,0,NATIVE_LOCALE,LICENCE_REQUIRED,unsampled_needs_serp_check,1.0,0.891,6,6
health.city,de-DE,38,0,measured_in_this_market,klinikum bayreuth,2900,NATIVE_LOCALE,SOURCE_AVAILABLE,unsampled_needs_serp_check,1.0,0.766,6,6
health.city,en-GB,2,0,measured_in_this_market,dentist lincoln,500,NATIVE_LOCALE,SOURCE_AVAILABLE,unsampled_needs_serp_check,1.0,0.779,2,2
health.city,en-US,881,0,measured_in_this_market,hospitals spokane,100,NATIVE_LOCALE,SOURCE_AVAILABLE,unsampled_needs_serp_check,1.0,0.743,6,6
health.city,es-ES,150,0,measured_in_this_market,hospital cuenca,600,NATIVE_LOCALE,SOURCE_AVAILABLE,unsampled_needs_serp_check,1.0,0.706,6,6
health.city,fr-FR,143,0,measured_in_this_market,hopital quimper,2100,NATIVE_LOCALE,SOURCE_AVAILABLE,unsampled_needs_serp_check,1.0,0.781,6,6
health.city,it-IT,133,0,measured_in_this_market,ospedale lecco,600,NATIVE_LOCALE,SOURCE_AVAILABLE,unsampled_needs_serp_check,1.0,0.771,6,6
health.city,ja-JP,554,0,measured_in_this_market,長野 病院,20,NATIVE_LOCALE,SOURCE_AVAILABLE,unsampled_needs_serp_check,1.0,0.761,6,6
health.city,nl-NL,57,0,measured_in_this_market,huisarts amsterdam,1500,NATIVE_LOCALE,SOURCE_AVAILABLE,unsampled_needs_serp_check,1.0,0.789,6,6
health.city,pl-PL,101,0,measured_in_this_market,szpital konin,450,NATIVE_LOCALE,SOURCE_AVAILABLE,unsampled_needs_serp_check,1.0,0.739,6,6
health.city,pt-BR,677,0,measured_in_this_market,hospitais passo fundo,0,NATIVE_LOCALE,SOURCE_AVAILABLE,unsampled_needs_serp_check,1.0,0.753,6,6
health.city,zh-Hant-TW,40,0,measured_in_this_market,嘉義 醫院,30,NATIVE_LOCALE,SOURCE_AVAILABLE,unsampled_needs_serp_check,1.0,0.77,6,6
neighbourhoods.city-best-for,de-DE,3,0,measured_in_this_market,beste stadtteile berlin,150,NATIVE_LOCALE,SOURCE_AVAILABLE,unsampled_needs_serp_check,1.0,0.779,3,3
neighbourhoods.city-best-for,en-GB,1,0,measured_in_this_market,where to stay in tokyo,8100,NATIVE_LOCALE,SOURCE_AVAILABLE,unsampled_needs_serp_check,1.0,,,1
neighbourhoods.city-best-for,en-US,4,0,measured_in_this_market,best neighborhoods new york,100,NATIVE_LOCALE,SOURCE_AVAILABLE,unsampled_needs_serp_check,1.0,0.699,4,4
neighbourhoods.city-best-for,es-ES,2,0,measured_in_this_market,barrios de madrid,8300,NATIVE_LOCALE,SOURCE_AVAILABLE,unsampled_needs_serp_check,1.0,0.75,2,2
neighbourhoods.city-best-for,fr-FR,3,0,measured_in_this_market,meilleurs quartiers paris,80,NATIVE_LOCALE,SOURCE_AVAILABLE,unsampled_needs_serp_check,1.0,0.77,3,3
neighbourhoods.city-best-for,it-IT,2,0,measured_in_this_market,quartieri di napoli,2000,NATIVE_LOCALE,SOURCE_AVAILABLE,unsampled_needs_serp_check,1.0,0.776,2,2
neighbourhoods.city-best-for,ja-JP,1,0,measured_in_this_market,Doha どこに泊まる,0,NATIVE_LOCALE,SOURCE_AVAILABLE,unsampled_needs_serp_check,1.0,,,1
neighbourhoods.city-best-for,nl-NL,1,0,measured_in_this_market,beste wijken amsterdam,40,NATIVE_LOCALE,SOURCE_AVAILABLE,unsampled_needs_serp_check,1.0,,,1
neighbourhoods.city-best-for,pl-PL,2,0,measured_in_this_market,najlepsze dzielnice warszawa,0,NATIVE_LOCALE,SOURCE_AVAILABLE,unsampled_needs_serp_check,1.0,0.763,2,2
neighbourhoods.city-best-for,pt-BR,1,0,measured_in_this_market,bairros de sao paulo,2500,NATIVE_LOCALE,SOURCE_AVAILABLE,unsampled_needs_serp_check,1.0,,,1
neighbourhoods.city-where-to-stay,de-DE,3,0,measured_in_this_market,berlin stadtteile,6300,NATIVE_LOCALE,SOURCE_AVAILABLE,unsampled_needs_serp_check,1.0,0.816,3,3
neighbourhoods.city-where-to-stay,en-GB,1,0,measured_in_this_market,where to stay in tokyo,8100,NATIVE_LOCALE,SOURCE_AVAILABLE,unsampled_needs_serp_check,1.0,,,1
neighbourhoods.city-where-to-stay,en-US,4,0,measured_in_this_market,where to stay in tokyo,8100,NATIVE_LOCALE,SOURCE_AVAILABLE,unsampled_needs_serp_check,1.0,0.62,4,4
neighbourhoods.city-where-to-stay,es-ES,2,0,measured_in_this_market,barrios de madrid,8300,NATIVE_LOCALE,SOURCE_AVAILABLE,unsampled_needs_serp_check,1.0,0.877,2,2
neighbourhoods.city-where-to-stay,fr-FR,3,0,measured_in_this_market,new york quartiers,800,NATIVE_LOCALE,SOURCE_AVAILABLE,unsampled_needs_serp_check,1.0,0.899,3,3
neighbourhoods.city-where-to-stay,it-IT,2,0,measured_in_this_market,quartieri di napoli,2000,NATIVE_LOCALE,SOURCE_AVAILABLE,unsampled_needs_serp_check,1.0,0.907,2,2
neighbourhoods.city-where-to-stay,ja-JP,1,0,measured_in_this_market,Doha どこに泊まる,0,NATIVE_LOCALE,SOURCE_AVAILABLE,unsampled_needs_serp_check,1.0,,,1
neighbourhoods.city-where-to-stay,nl-NL,1,0,measured_in_this_market,wijken amsterdam,700,NATIVE_LOCALE,SOURCE_AVAILABLE,unsampled_needs_serp_check,1.0,,,1
neighbourhoods.city-where-to-stay,pl-PL,2,0,measured_in_this_market,dzielnice wrocławia,2000,NATIVE_LOCALE,SOURCE_AVAILABLE,unsampled_needs_serp_check,1.0,0.504,2,2
neighbourhoods.city-where-to-stay,pt-BR,1,0,measured_in_this_market,bairros de sao paulo,2500,NATIVE_LOCALE,SOURCE_AVAILABLE,unsampled_needs_serp_check,1.0,,,1
neighbourhoods.guide,de-DE,127,0,measured_in_this_market,berlin stadtteile,6300,NATIVE_LOCALE,SOURCE_AVAILABLE,unsampled_needs_serp_check,1.0,0.777,6,6
neighbourhoods.guide,en-GB,43,0,measured_in_this_market,where to stay in tokyo,8100,NATIVE_LOCALE,SOURCE_AVAILABLE,unsampled_needs_serp_check,1.0,0.718,6,6
neighbourhoods.guide,en-US,192,0,measured_in_this_market,where to stay in tokyo,8100,NATIVE_LOCALE,SOURCE_AVAILABLE,unsampled_needs_serp_check,1.0,0.809,6,6
neighbourhoods.guide,es-ES,180,0,measured_in_this_market,barrios de madrid,8300,NATIVE_LOCALE,SOURCE_AVAILABLE,unsampled_needs_serp_check,1.0,0.807,6,6
neighbourhoods.guide,fr-FR,33,0,measured_in_this_market,new york quartiers,800,NATIVE_LOCALE,SOURCE_AVAILABLE,unsampled_needs_serp_check,1.0,0.805,6,6
neighbourhoods.guide,it-IT,45,0,measured_in_this_market,quartieri di napoli,2000,NATIVE_LOCALE,SOURCE_AVAILABLE,unsampled_needs_serp_check,1.0,0.772,6,6
neighbourhoods.guide,ja-JP,80,0,measured_in_this_market,Doha どこに泊まる,0,NATIVE_LOCALE,SOURCE_AVAILABLE,unsampled_needs_serp_check,1.0,0.783,6,6
neighbourhoods.guide,nl-NL,8,0,measured_in_this_market,wijken amsterdam,700,NATIVE_LOCALE,SOURCE_AVAILABLE,unsampled_needs_serp_check,1.0,0.869,6,6
neighbourhoods.guide,pl-PL,17,0,measured_in_this_market,dzielnice wrocławia,2000,NATIVE_LOCALE,SOURCE_AVAILABLE,unsampled_needs_serp_check,1.0,0.658,6,6
neighbourhoods.guide,pt-BR,100,0,measured_in_this_market,bairros de sao paulo,2500,NATIVE_LOCALE,SOURCE_AVAILABLE,unsampled_needs_serp_check,1.0,0.705,6,6
places.area-arts_centre,de-DE,30,0,shape_measured_2026_10_01,,0,NATIVE_LOCALE,SOURCE_AVAILABLE,viable,1.0,0.655,6,6
places.area-arts_centre,en-GB,17,0,shape_measured_2026_10_01,,0,NATIVE_LOCALE,SOURCE_AVAILABLE,viable,1.0,0.627,6,6
places.area-arts_centre,en-US,61,0,shape_measured_2026_10_01,,0,NATIVE_LOCALE,SOURCE_AVAILABLE,viable,1.0,0.551,6,6
places.area-arts_centre,es-ES,13,0,shape_measured_2026_10_01,,0,NATIVE_LOCALE,SOURCE_AVAILABLE,viable,1.0,0.578,6,6
places.area-arts_centre,fr-FR,57,0,shape_measured_2026_10_01,,0,NATIVE_LOCALE,SOURCE_AVAILABLE,viable,1.0,0.621,6,6
places.area-arts_centre,it-IT,25,0,shape_measured_2026_10_01,,0,NATIVE_LOCALE,SOURCE_AVAILABLE,viable,1.0,0.594,6,6
places.area-arts_centre,ja-JP,2,0,shape_measured_2026_10_01,,0,NATIVE_LOCALE,SOURCE_AVAILABLE,viable,1.0,0.827,2,2
places.area-arts_centre,nl-NL,27,0,shape_measured_2026_10_01,,0,NATIVE_LOCALE,SOURCE_AVAILABLE,viable,1.0,0.585,6,6
places.area-arts_centre,pl-PL,27,0,shape_measured_2026_10_01,,0,NATIVE_LOCALE,SOURCE_AVAILABLE,viable,1.0,0.714,6,6
places.area-arts_centre,pt-BR,19,0,shape_measured_2026_10_01,,0,NATIVE_LOCALE,SOURCE_AVAILABLE,viable,1.0,0.788,6,6
places.area-attraction,de-DE,37,0,shape_measured_2026_10_01,,0,NATIVE_LOCALE,SOURCE_AVAILABLE,viable,1.0,0.637,6,6
places.area-attraction,en-GB,23,0,shape_measured_2026_10_01,,0,NATIVE_LOCALE,SOURCE_AVAILABLE,viable,1.0,0.578,6,6
places.area-attraction,en-US,41,0,shape_measured_2026_10_01,,0,NATIVE_LOCALE,SOURCE_AVAILABLE,viable,1.0,0.624,6,6
places.area-attraction,es-ES,14,0,shape_measured_2026_10_01,,0,NATIVE_LOCALE,SOURCE_AVAILABLE,viable,1.0,0.543,6,6
places.area-attraction,fr-FR,14,0,shape_measured_2026_10_01,,0,NATIVE_LOCALE,SOURCE_AVAILABLE,viable,1.0,0.612,6,6
places.area-attraction,it-IT,22,0,shape_measured_2026_10_01,,0,NATIVE_LOCALE,SOURCE_AVAILABLE,viable,1.0,0.57,6,6
places.area-attraction,ja-JP,18,0,shape_measured_2026_10_01,,0,NATIVE_LOCALE,SOURCE_AVAILABLE,viable,1.0,0.721,6,6
places.area-attraction,nl-NL,12,0,shape_measured_2026_10_01,,0,NATIVE_LOCALE,SOURCE_AVAILABLE,viable,1.0,0.662,6,6
places.area-attraction,pl-PL,34,0,shape_measured_2026_10_01,,0,NATIVE_LOCALE,SOURCE_AVAILABLE,viable,1.0,0.615,6,6
places.area-attraction,pt-BR,4,0,shape_measured_2026_10_01,,0,NATIVE_LOCALE,SOURCE_AVAILABLE,viable,1.0,0.733,4,4
places.area-attribute,de-DE,2673,0,shape_measured_2026_10_01,,0,NATIVE_LOCALE,SOURCE_AVAILABLE,unsampled_needs_serp_check,1.0,0.329,6,6
places.area-attribute,en-US,2866,0,shape_measured_2026_10_01,,0,NATIVE_LOCALE,SOURCE_AVAILABLE,unsampled_needs_serp_check,1.0,0.185,6,6
places.area-attribute,pl-PL,569,0,shape_measured_2026_10_01,,0,NATIVE_LOCALE,SOURCE_AVAILABLE,unsampled_needs_serp_check,1.0,0.271,6,6
places.area-attribute,pt-BR,249,0,shape_measured_2026_10_01,,0,NATIVE_LOCALE,SOURCE_AVAILABLE,unsampled_needs_serp_check,1.0,0.317,6,6
places.area-bar,de-DE,253,0,shape_measured_2026_10_01,,0,NATIVE_LOCALE,SOURCE_AVAILABLE,viable,1.0,0.687,6,6
places.area-bar,en-GB,245,0,shape_measured_2026_10_01,,0,NATIVE_LOCALE,SOURCE_AVAILABLE,viable,1.0,0.466,6,6
places.area-bar,en-US,702,0,shape_measured_2026_10_01,,0,NATIVE_LOCALE,SOURCE_AVAILABLE,viable,1.0,0.508,6,6
places.area-bar,es-ES,380,0,shape_measured_2026_10_01,,0,NATIVE_LOCALE,SOURCE_AVAILABLE,viable,1.0,0.423,6,6
places.area-bar,fr-FR,298,0,shape_measured_2026_10_01,,0,NATIVE_LOCALE,SOURCE_AVAILABLE,viable,1.0,0.488,6,6
places.area-bar,it-IT,397,0,shape_measured_2026_10_01,,0,NATIVE_LOCALE,SOURCE_AVAILABLE,viable,1.0,0.613,6,6
places.area-bar,ja-JP,243,0,shape_measured_2026_10_01,,0,NATIVE_LOCALE,SOURCE_AVAILABLE,viable,1.0,0.552,6,6
places.area-bar,nl-NL,79,0,shape_measured_2026_10_01,,0,NATIVE_LOCALE,SOURCE_AVAILABLE,viable,1.0,0.567,6,6
places.area-bar,pl-PL,70,0,shape_measured_2026_10_01,,0,NATIVE_LOCALE,SOURCE_AVAILABLE,viable,1.0,0.57,6,6
places.area-bar,pt-BR,82,0,shape_measured_2026_10_01,,0,NATIVE_LOCALE,SOURCE_AVAILABLE,viable,1.0,0.638,6,6
places.area-beach,pl-PL,1,0,shape_measured_2026_10_01,,0,NATIVE_LOCALE,SOURCE_AVAILABLE,viable,1.0,,,1
places.area-cafe,de-DE,491,0,shape_measured_2026_10_01,,0,NATIVE_LOCALE,SOURCE_AVAILABLE,viable,1.0,0.537,6,6
places.area-cafe,en-GB,966,0,shape_measured_2026_10_01,,0,NATIVE_LOCALE,SOURCE_AVAILABLE,viable,1.0,0.641,6,6
places.area-cafe,en-US,1077,0,shape_measured_2026_10_01,,0,NATIVE_LOCALE,SOURCE_AVAILABLE,viable,1.0,0.538,6,6
places.area-cafe,es-ES,464,0,shape_measured_2026_10_01,,0,NATIVE_LOCALE,SOURCE_AVAILABLE,viable,1.0,0.598,6,6
places.area-cafe,fr-FR,260,0,shape_measured_2026_10_01,,0,NATIVE_LOCALE,SOURCE_AVAILABLE,viable,1.0,0.482,6,6
places.area-cafe,it-IT,551,0,shape_measured_2026_10_01,,0,NATIVE_LOCALE,SOURCE_AVAILABLE,viable,1.0,0.53,6,6
places.area-cafe,ja-JP,595,0,shape_measured_2026_10_01,,0,NATIVE_LOCALE,SOURCE_AVAILABLE,viable,1.0,0.554,6,6
places.area-cafe,nl-NL,211,0,shape_measured_2026_10_01,,0,NATIVE_LOCALE,SOURCE_AVAILABLE,viable,1.0,0.48,6,6
places.area-cafe,pl-PL,213,0,shape_measured_2026_10_01,,0,NATIVE_LOCALE,SOURCE_AVAILABLE,viable,1.0,0.598,6,6
places.area-cafe,pt-BR,84,0,shape_measured_2026_10_01,,0,NATIVE_LOCALE,SOURCE_AVAILABLE,viable,1.0,0.611,6,6
places.area-camp_site,en-US,2,0,shape_measured_2026_10_01,,0,NATIVE_LOCALE,SOURCE_AVAILABLE,viable,1.0,0.246,2,2
places.area-childcare,de-DE,314,0,shape_measured_2026_10_01,,0,NATIVE_LOCALE,SOURCE_AVAILABLE,viable,1.0,0.614,6,6
places.area-childcare,en-GB,124,0,shape_measured_2026_10_01,,0,NATIVE_LOCALE,SOURCE_AVAILABLE,viable,1.0,0.551,6,6
places.area-childcare,en-US,140,0,shape_measured_2026_10_01,,0,NATIVE_LOCALE,SOURCE_AVAILABLE,viable,1.0,0.638,6,6
places.area-childcare,es-ES,178,0,shape_measured_2026_10_01,,0,NATIVE_LOCALE,SOURCE_AVAILABLE,viable,1.0,0.639,6,6
places.area-childcare,fr-FR,172,0,shape_measured_2026_10_01,,0,NATIVE_LOCALE,SOURCE_AVAILABLE,viable,1.0,0.565,6,6
places.area-childcare,it-IT,62,0,shape_measured_2026_10_01,,0,NATIVE_LOCALE,SOURCE_AVAILABLE,viable,1.0,0.533,6,6
places.area-childcare,ja-JP,67,0,shape_measured_2026_10_01,,0,NATIVE_LOCALE,SOURCE_AVAILABLE,viable,1.0,0.78,6,6
places.area-childcare,nl-NL,195,0,shape_measured_2026_10_01,,0,NATIVE_LOCALE,SOURCE_AVAILABLE,viable,1.0,0.586,6,6
places.area-childcare,pl-PL,363,0,shape_measured_2026_10_01,,0,NATIVE_LOCALE,SOURCE_AVAILABLE,viable,1.0,0.483,6,6
places.area-childcare,pt-BR,38,0,shape_measured_2026_10_01,,0,NATIVE_LOCALE,SOURCE_AVAILABLE,viable,1.0,0.646,6,6
places.area-cinema,de-DE,36,0,shape_measured_2026_10_01,,0,NATIVE_LOCALE,SOURCE_AVAILABLE,viable,1.0,0.587,6,6
places.area-cinema,en-GB,10,0,shape_measured_2026_10_01,,0,NATIVE_LOCALE,SOURCE_AVAILABLE,viable,1.0,0.543,6,6
places.area-cinema,en-US,23,0,shape_measured_2026_10_01,,0,NATIVE_LOCALE,SOURCE_AVAILABLE,viable,1.0,0.429,6,6
places.area-cinema,es-ES,8,0,shape_measured_2026_10_01,,0,NATIVE_LOCALE,SOURCE_AVAILABLE,viable,1.0,0.526,6,6
places.area-cinema,fr-FR,23,0,shape_measured_2026_10_01,,0,NATIVE_LOCALE,SOURCE_AVAILABLE,viable,1.0,0.584,6,6
places.area-cinema,it-IT,37,0,shape_measured_2026_10_01,,0,NATIVE_LOCALE,SOURCE_AVAILABLE,viable,1.0,0.485,6,6
places.area-cinema,ja-JP,14,0,shape_measured_2026_10_01,,0,NATIVE_LOCALE,SOURCE_AVAILABLE,viable,1.0,0.673,6,6
places.area-cinema,nl-NL,15,0,shape_measured_2026_10_01,,0,NATIVE_LOCALE,SOURCE_AVAILABLE,viable,1.0,0.66,6,6
places.area-cinema,pl-PL,11,0,shape_measured_2026_10_01,,0,NATIVE_LOCALE,SOURCE_AVAILABLE,viable,1.0,0.61,6,6
places.area-cinema,pt-BR,14,0,shape_measured_2026_10_01,,0,NATIVE_LOCALE,SOURCE_AVAILABLE,viable,1.0,0.662,6,6
places.area-clinic,de-DE,552,0,shape_measured_2026_10_01,,0,NATIVE_LOCALE,SOURCE_AVAILABLE,viable,1.0,0.539,6,6
places.area-clinic,en-GB,257,0,shape_measured_2026_10_01,,0,NATIVE_LOCALE,SOURCE_AVAILABLE,viable,1.0,0.669,6,6
places.area-clinic,en-US,571,0,shape_measured_2026_10_01,,0,NATIVE_LOCALE,SOURCE_AVAILABLE,viable,1.0,0.536,6,6
places.area-clinic,es-ES,293,0,shape_measured_2026_10_01,,0,NATIVE_LOCALE,SOURCE_AVAILABLE,viable,1.0,0.562,6,6
places.area-clinic,fr-FR,280,0,shape_measured_2026_10_01,,0,NATIVE_LOCALE,SOURCE_AVAILABLE,viable,1.0,0.513,6,6
places.area-clinic,it-IT,213,0,shape_measured_2026_10_01,,0,NATIVE_LOCALE,SOURCE_AVAILABLE,viable,1.0,0.568,6,6
places.area-clinic,ja-JP,359,0,shape_measured_2026_10_01,,0,NATIVE_LOCALE,SOURCE_AVAILABLE,viable,1.0,0.678,6,6
places.area-clinic,nl-NL,264,0,shape_measured_2026_10_01,,0,NATIVE_LOCALE,SOURCE_AVAILABLE,viable,1.0,0.517,6,6
places.area-clinic,pl-PL,523,0,shape_measured_2026_10_01,,0,NATIVE_LOCALE,SOURCE_AVAILABLE,viable,1.0,0.579,6,6
places.area-clinic,pt-BR,182,0,shape_measured_2026_10_01,,0,NATIVE_LOCALE,SOURCE_AVAILABLE,viable,1.0,0.569,6,6
places.area-college,de-DE,15,0,shape_measured_2026_10_01,,0,NATIVE_LOCALE,SOURCE_AVAILABLE,viable,1.0,0.58,6,6
places.area-college,en-GB,9,0,shape_measured_2026_10_01,,0,NATIVE_LOCALE,SOURCE_AVAILABLE,viable,1.0,0.65,6,6
places.area-college,en-US,16,0,shape_measured_2026_10_01,,0,NATIVE_LOCALE,SOURCE_AVAILABLE,viable,1.0,0.535,6,6
places.area-college,es-ES,14,0,shape_measured_2026_10_01,,0,NATIVE_LOCALE,SOURCE_AVAILABLE,viable,1.0,0.661,6,6
places.area-college,fr-FR,123,0,shape_measured_2026_10_01,,0,NATIVE_LOCALE,SOURCE_AVAILABLE,viable,1.0,0.62,6,6
places.area-college,it-IT,6,0,shape_measured_2026_10_01,,0,NATIVE_LOCALE,SOURCE_AVAILABLE,viable,1.0,0.69,6,6
places.area-college,ja-JP,25,0,shape_measured_2026_10_01,,0,NATIVE_LOCALE,SOURCE_AVAILABLE,viable,1.0,0.781,6,6
places.area-college,nl-NL,18,0,shape_measured_2026_10_01,,0,NATIVE_LOCALE,SOURCE_AVAILABLE,viable,1.0,0.597,6,6
places.area-college,pl-PL,41,0,shape_measured_2026_10_01,,0,NATIVE_LOCALE,SOURCE_AVAILABLE,viable,1.0,0.599,6,6
places.area-college,pt-BR,10,0,shape_measured_2026_10_01,,0,NATIVE_LOCALE,SOURCE_AVAILABLE,viable,1.0,0.659,6,6
places.area-coworking,en-GB,21,0,shape_measured_2026_10_01,,0,NATIVE_LOCALE,SOURCE_AVAILABLE,viable,1.0,0.561,6,6
places.area-coworking,en-US,29,0,shape_measured_2026_10_01,,0,NATIVE_LOCALE,SOURCE_AVAILABLE,viable,1.0,0.498,6,6
places.area-coworking,es-ES,18,0,shape_measured_2026_10_01,,0,NATIVE_LOCALE,SOURCE_AVAILABLE,viable,1.0,0.706,6,6
places.area-coworking,fr-FR,42,0,shape_measured_2026_10_01,,0,NATIVE_LOCALE,SOURCE_AVAILABLE,viable,1.0,0.519,6,6
places.area-coworking,it-IT,10,0,shape_measured_2026_10_01,,0,NATIVE_LOCALE,SOURCE_AVAILABLE,viable,1.0,0.564,6,6
places.area-coworking,ja-JP,11,0,shape_measured_2026_10_01,,0,NATIVE_LOCALE,SOURCE_AVAILABLE,viable,1.0,0.736,6,6
places.area-coworking,nl-NL,11,0,shape_measured_2026_10_01,,0,NATIVE_LOCALE,SOURCE_AVAILABLE,viable,1.0,0.613,6,6
places.area-coworking,pl-PL,5,0,shape_measured_2026_10_01,,0,NATIVE_LOCALE,SOURCE_AVAILABLE,viable,1.0,0.687,5,5
places.area-coworking,pt-BR,6,0,shape_measured_2026_10_01,,0,NATIVE_LOCALE,SOURCE_AVAILABLE,viable,1.0,0.707,6,6
places.area-cuisine,de-DE,1602,0,shape_measured_2026_10_01,,0,NATIVE_LOCALE,SOURCE_AVAILABLE,poor_fit,1.0,0.436,6,6
places.area-cuisine,en-GB,2038,0,shape_measured_2026_10_01,,0,NATIVE_LOCALE,SOURCE_AVAILABLE,poor_fit,1.0,0.145,6,6
places.area-cuisine,en-US,4652,0,shape_measured_2026_10_01,,0,NATIVE_LOCALE,SOURCE_AVAILABLE,poor_fit,1.0,0.297,6,6
places.area-cuisine,es-ES,1222,0,shape_measured_2026_10_01,,0,NATIVE_LOCALE,SOURCE_AVAILABLE,poor_fit,1.0,0.319,6,6
places.area-cuisine,fr-FR,1581,0,shape_measured_2026_10_01,,0,NATIVE_LOCALE,SOURCE_AVAILABLE,poor_fit,1.0,0.382,6,6
places.area-cuisine,it-IT,1429,0,shape_measured_2026_10_01,,0,NATIVE_LOCALE,SOURCE_AVAILABLE,poor_fit,1.0,0.433,6,6
places.area-cuisine,ja-JP,3311,0,shape_measured_2026_10_01,,0,NATIVE_LOCALE,SOURCE_AVAILABLE,poor_fit,1.0,0.348,6,6
places.area-cuisine,nl-NL,594,0,shape_measured_2026_10_01,,0,NATIVE_LOCALE,SOURCE_AVAILABLE,poor_fit,1.0,0.38,6,6
places.area-cuisine,pl-PL,841,0,shape_measured_2026_10_01,,0,NATIVE_LOCALE,SOURCE_AVAILABLE,poor_fit,1.0,0.278,6,6
places.area-cuisine,pt-BR,420,0,shape_measured_2026_10_01,,0,NATIVE_LOCALE,SOURCE_AVAILABLE,poor_fit,1.0,0.522,6,6
places.area-dentist,de-DE,290,0,shape_measured_2026_10_01,,0,NATIVE_LOCALE,SOURCE_AVAILABLE,viable,1.0,0.656,6,6
places.area-dentist,en-GB,279,0,shape_measured_2026_10_01,,0,NATIVE_LOCALE,SOURCE_AVAILABLE,viable,1.0,0.488,6,6
places.area-dentist,en-US,410,0,shape_measured_2026_10_01,,0,NATIVE_LOCALE,SOURCE_AVAILABLE,viable,1.0,0.625,6,6
places.area-dentist,es-ES,229,0,shape_measured_2026_10_01,,0,NATIVE_LOCALE,SOURCE_AVAILABLE,viable,1.0,0.641,6,6
places.area-dentist,fr-FR,132,0,shape_measured_2026_10_01,,0,NATIVE_LOCALE,SOURCE_AVAILABLE,viable,1.0,0.524,6,6
places.area-dentist,it-IT,116,0,shape_measured_2026_10_01,,0,NATIVE_LOCALE,SOURCE_AVAILABLE,viable,1.0,0.602,6,6
places.area-dentist,ja-JP,299,0,shape_measured_2026_10_01,,0,NATIVE_LOCALE,SOURCE_AVAILABLE,viable,1.0,0.589,6,6
places.area-dentist,nl-NL,233,0,shape_measured_2026_10_01,,0,NATIVE_LOCALE,SOURCE_AVAILABLE,viable,1.0,0.504,6,6
places.area-dentist,pl-PL,353,0,shape_measured_2026_10_01,,0,NATIVE_LOCALE,SOURCE_AVAILABLE,viable,1.0,0.663,6,6
places.area-dentist,pt-BR,43,0,shape_measured_2026_10_01,,0,NATIVE_LOCALE,SOURCE_AVAILABLE,viable,1.0,0.679,6,6
places.area-department_store,de-DE,16,0,shape_measured_2026_10_01,,0,NATIVE_LOCALE,SOURCE_AVAILABLE,viable,1.0,0.75,6,6
places.area-department_store,en-GB,19,0,shape_measured_2026_10_01,,0,NATIVE_LOCALE,SOURCE_AVAILABLE,viable,1.0,0.602,6,6
places.area-department_store,en-US,126,0,shape_measured_2026_10_01,,0,NATIVE_LOCALE,SOURCE_AVAILABLE,viable,1.0,0.587,6,6
places.area-department_store,es-ES,3,0,shape_measured_2026_10_01,,0,NATIVE_LOCALE,SOURCE_AVAILABLE,viable,1.0,0.661,3,3
places.area-department_store,fr-FR,4,0,shape_measured_2026_10_01,,0,NATIVE_LOCALE,SOURCE_AVAILABLE,viable,1.0,0.63,4,4
places.area-department_store,it-IT,17,0,shape_measured_2026_10_01,,0,NATIVE_LOCALE,SOURCE_AVAILABLE,viable,1.0,0.689,6,6
places.area-department_store,ja-JP,15,0,shape_measured_2026_10_01,,0,NATIVE_LOCALE,SOURCE_AVAILABLE,viable,1.0,0.647,6,6
places.area-department_store,nl-NL,30,0,shape_measured_2026_10_01,,0,NATIVE_LOCALE,SOURCE_AVAILABLE,viable,1.0,0.592,6,6
places.area-department_store,pl-PL,3,0,shape_measured_2026_10_01,,0,NATIVE_LOCALE,SOURCE_AVAILABLE,viable,1.0,0.808,3,3
places.area-department_store,pt-BR,16,0,shape_measured_2026_10_01,,0,NATIVE_LOCALE,SOURCE_AVAILABLE,viable,1.0,0.578,6,6
places.area-fast_food,de-DE,767,0,shape_measured_2026_10_01,,0,NATIVE_LOCALE,SOURCE_AVAILABLE,viable,1.0,0.73,6,6
places.area-fast_food,en-GB,1118,0,shape_measured_2026_10_01,,0,NATIVE_LOCALE,SOURCE_AVAILABLE,viable,1.0,0.51,6,6
places.area-fast_food,en-US,1458,0,shape_measured_2026_10_01,,0,NATIVE_LOCALE,SOURCE_AVAILABLE,viable,1.0,0.511,6,6
places.area-fast_food,es-ES,340,0,shape_measured_2026_10_01,,0,NATIVE_LOCALE,SOURCE_AVAILABLE,viable,1.0,0.528,6,6
places.area-fast_food,fr-FR,401,0,shape_measured_2026_10_01,,0,NATIVE_LOCALE,SOURCE_AVAILABLE,viable,1.0,0.628,6,6
places.area-fast_food,it-IT,397,0,shape_measured_2026_10_01,,0,NATIVE_LOCALE,SOURCE_AVAILABLE,viable,1.0,0.678,6,6
places.area-fast_food,ja-JP,595,0,shape_measured_2026_10_01,,0,NATIVE_LOCALE,SOURCE_AVAILABLE,viable,1.0,0.613,6,6
places.area-fast_food,nl-NL,449,0,shape_measured_2026_10_01,,0,NATIVE_LOCALE,SOURCE_AVAILABLE,viable,1.0,0.535,6,6
places.area-fast_food,pl-PL,427,0,shape_measured_2026_10_01,,0,NATIVE_LOCALE,SOURCE_AVAILABLE,viable,1.0,0.639,6,6
places.area-fast_food,pt-BR,173,0,shape_measured_2026_10_01,,0,NATIVE_LOCALE,SOURCE_AVAILABLE,viable,1.0,0.668,6,6
places.area-gallery,de-DE,36,0,shape_measured_2026_10_01,,0,NATIVE_LOCALE,SOURCE_AVAILABLE,viable,1.0,0.63,6,6
places.area-gallery,en-GB,54,0,shape_measured_2026_10_01,,0,NATIVE_LOCALE,SOURCE_AVAILABLE,viable,1.0,0.561,6,6
places.area-gallery,en-US,124,0,shape_measured_2026_10_01,,0,NATIVE_LOCALE,SOURCE_AVAILABLE,viable,1.0,0.632,6,6
places.area-gallery,es-ES,15,0,shape_measured_2026_10_01,,0,NATIVE_LOCALE,SOURCE_AVAILABLE,viable,1.0,0.459,6,6
places.area-gallery,fr-FR,75,0,shape_measured_2026_10_01,,0,NATIVE_LOCALE,SOURCE_AVAILABLE,viable,1.0,0.579,6,6
places.area-gallery,it-IT,30,0,shape_measured_2026_10_01,,0,NATIVE_LOCALE,SOURCE_AVAILABLE,viable,1.0,0.551,6,6
places.area-gallery,ja-JP,16,0,shape_measured_2026_10_01,,0,NATIVE_LOCALE,SOURCE_AVAILABLE,viable,1.0,0.765,6,6
places.area-gallery,nl-NL,17,0,shape_measured_2026_10_01,,0,NATIVE_LOCALE,SOURCE_AVAILABLE,viable,1.0,0.65,6,6
places.area-gallery,pl-PL,29,0,shape_measured_2026_10_01,,0,NATIVE_LOCALE,SOURCE_AVAILABLE,viable,1.0,0.553,6,6
places.area-gallery,pt-BR,3,0,shape_measured_2026_10_01,,0,NATIVE_LOCALE,SOURCE_AVAILABLE,viable,1.0,0.719,3,3
places.area-garden,en-GB,1,0,shape_measured_2026_10_01,,0,NATIVE_LOCALE,SOURCE_AVAILABLE,viable,1.0,,,1
places.area-garden,en-US,10,0,shape_measured_2026_10_01,,0,NATIVE_LOCALE,SOURCE_AVAILABLE,viable,1.0,0.552,6,6
places.area-garden,fr-FR,1,0,shape_measured_2026_10_01,,0,NATIVE_LOCALE,SOURCE_AVAILABLE,viable,1.0,,,1
places.area-guest_house,de-DE,45,0,shape_measured_2026_10_01,,0,NATIVE_LOCALE,SOURCE_AVAILABLE,viable,1.0,0.627,6,6
places.area-guest_house,en-GB,69,0,shape_measured_2026_10_01,,0,NATIVE_LOCALE,SOURCE_AVAILABLE,viable,1.0,0.643,6,6
places.area-guest_house,en-US,4,0,shape_measured_2026_10_01,,0,NATIVE_LOCALE,SOURCE_AVAILABLE,viable,1.0,0.687,4,4
places.area-guest_house,es-ES,38,0,shape_measured_2026_10_01,,0,NATIVE_LOCALE,SOURCE_AVAILABLE,viable,1.0,0.544,6,6
places.area-guest_house,fr-FR,9,0,shape_measured_2026_10_01,,0,NATIVE_LOCALE,SOURCE_AVAILABLE,viable,1.0,0.682,6,6
places.area-guest_house,it-IT,209,0,shape_measured_2026_10_01,,0,NATIVE_LOCALE,SOURCE_AVAILABLE,viable,1.0,0.741,6,6
places.area-guest_house,ja-JP,13,0,shape_measured_2026_10_01,,0,NATIVE_LOCALE,SOURCE_AVAILABLE,viable,1.0,0.806,6,6
places.area-guest_house,nl-NL,37,0,shape_measured_2026_10_01,,0,NATIVE_LOCALE,SOURCE_AVAILABLE,viable,1.0,0.569,6,6
places.area-guest_house,pl-PL,34,0,shape_measured_2026_10_01,,0,NATIVE_LOCALE,SOURCE_AVAILABLE,viable,1.0,0.665,6,6
places.area-guest_house,pt-BR,4,0,shape_measured_2026_10_01,,0,NATIVE_LOCALE,SOURCE_AVAILABLE,viable,1.0,0.729,4,4
places.area-gym,de-DE,85,0,shape_measured_2026_10_01,,0,NATIVE_LOCALE,SOURCE_AVAILABLE,viable,1.0,0.598,6,6
places.area-gym,en-GB,250,0,shape_measured_2026_10_01,,0,NATIVE_LOCALE,SOURCE_AVAILABLE,viable,1.0,0.573,6,6
places.area-gym,en-US,548,0,shape_measured_2026_10_01,,0,NATIVE_LOCALE,SOURCE_AVAILABLE,viable,1.0,0.531,6,6
places.area-gym,es-ES,171,0,shape_measured_2026_10_01,,0,NATIVE_LOCALE,SOURCE_AVAILABLE,viable,1.0,0.505,6,6
places.area-gym,fr-FR,180,0,shape_measured_2026_10_01,,0,NATIVE_LOCALE,SOURCE_AVAILABLE,viable,1.0,0.466,6,6
places.area-gym,it-IT,136,0,shape_measured_2026_10_01,,0,NATIVE_LOCALE,SOURCE_AVAILABLE,viable,1.0,0.588,6,6
places.area-gym,ja-JP,120,0,shape_measured_2026_10_01,,0,NATIVE_LOCALE,SOURCE_AVAILABLE,viable,1.0,0.632,6,6
places.area-gym,nl-NL,177,0,shape_measured_2026_10_01,,0,NATIVE_LOCALE,SOURCE_AVAILABLE,viable,1.0,0.569,6,6
places.area-gym,pl-PL,187,0,shape_measured_2026_10_01,,0,NATIVE_LOCALE,SOURCE_AVAILABLE,viable,1.0,0.663,6,6
places.area-gym,pt-BR,98,0,shape_measured_2026_10_01,,0,NATIVE_LOCALE,SOURCE_AVAILABLE,viable,1.0,0.645,6,6
places.area-hospital,de-DE,1,0,shape_measured_2026_10_01,,0,NATIVE_LOCALE,SOURCE_AVAILABLE,viable,1.0,,,1
places.area-hospital,en-GB,1,0,shape_measured_2026_10_01,,0,NATIVE_LOCALE,SOURCE_AVAILABLE,viable,1.0,,,1
places.area-hospital,en-US,12,0,shape_measured_2026_10_01,,0,NATIVE_LOCALE,SOURCE_AVAILABLE,viable,1.0,0.471,6,6
places.area-hospital,es-ES,1,0,shape_measured_2026_10_01,,0,NATIVE_LOCALE,SOURCE_AVAILABLE,viable,1.0,,,1
places.area-hospital,fr-FR,4,0,shape_measured_2026_10_01,,0,NATIVE_LOCALE,SOURCE_AVAILABLE,viable,1.0,0.539,4,4
places.area-hospital,it-IT,3,0,shape_measured_2026_10_01,,0,NATIVE_LOCALE,SOURCE_AVAILABLE,viable,1.0,0.596,3,3
places.area-hospital,ja-JP,56,0,shape_measured_2026_10_01,,0,NATIVE_LOCALE,SOURCE_AVAILABLE,viable,1.0,0.647,6,6
places.area-hospital,nl-NL,3,0,shape_measured_2026_10_01,,0,NATIVE_LOCALE,SOURCE_AVAILABLE,viable,1.0,0.463,3,3
places.area-hospital,pl-PL,1,0,shape_measured_2026_10_01,,0,NATIVE_LOCALE,SOURCE_AVAILABLE,viable,1.0,,,1
places.area-hospital,pt-BR,21,0,shape_measured_2026_10_01,,0,NATIVE_LOCALE,SOURCE_AVAILABLE,viable,1.0,0.586,6,6
places.area-hostel,de-DE,14,0,shape_measured_2026_10_01,,0,NATIVE_LOCALE,SOURCE_AVAILABLE,viable,1.0,0.694,6,6
places.area-hostel,en-GB,9,0,shape_measured_2026_10_01,,0,NATIVE_LOCALE,SOURCE_AVAILABLE,viable,1.0,0.64,6,6
places.area-hostel,en-US,11,0,shape_measured_2026_10_01,,0,NATIVE_LOCALE,SOURCE_AVAILABLE,viable,1.0,0.528,6,6
places.area-hostel,es-ES,69,0,shape_measured_2026_10_01,,0,NATIVE_LOCALE,SOURCE_AVAILABLE,viable,1.0,0.617,6,6
places.area-hostel,fr-FR,3,0,shape_measured_2026_10_01,,0,NATIVE_LOCALE,SOURCE_AVAILABLE,viable,1.0,0.731,3,3
places.area-hostel,it-IT,31,0,shape_measured_2026_10_01,,0,NATIVE_LOCALE,SOURCE_AVAILABLE,viable,1.0,0.56,6,6
places.area-hostel,ja-JP,33,0,shape_measured_2026_10_01,,0,NATIVE_LOCALE,SOURCE_AVAILABLE,viable,1.0,0.727,6,6
places.area-hostel,nl-NL,11,0,shape_measured_2026_10_01,,0,NATIVE_LOCALE,SOURCE_AVAILABLE,viable,1.0,0.592,6,6
places.area-hostel,pl-PL,39,0,shape_measured_2026_10_01,,0,NATIVE_LOCALE,SOURCE_AVAILABLE,viable,1.0,0.647,6,6
places.area-hostel,pt-BR,19,0,shape_measured_2026_10_01,,0,NATIVE_LOCALE,SOURCE_AVAILABLE,viable,1.0,0.59,6,6
places.area-library,de-DE,123,0,shape_measured_2026_10_01,,0,NATIVE_LOCALE,SOURCE_AVAILABLE,viable,1.0,0.646,6,6
places.area-library,en-GB,44,0,shape_measured_2026_10_01,,0,NATIVE_LOCALE,SOURCE_AVAILABLE,viable,1.0,0.671,6,6
places.area-library,en-US,79,0,shape_measured_2026_10_01,,0,NATIVE_LOCALE,SOURCE_AVAILABLE,viable,1.0,0.582,6,6
places.area-library,es-ES,62,0,shape_measured_2026_10_01,,0,NATIVE_LOCALE,SOURCE_AVAILABLE,viable,1.0,0.532,6,6
places.area-library,fr-FR,97,0,shape_measured_2026_10_01,,0,NATIVE_LOCALE,SOURCE_AVAILABLE,viable,1.0,0.482,6,6
places.area-library,it-IT,116,0,shape_measured_2026_10_01,,0,NATIVE_LOCALE,SOURCE_AVAILABLE,viable,1.0,0.533,6,6
places.area-library,ja-JP,39,0,shape_measured_2026_10_01,,0,NATIVE_LOCALE,SOURCE_AVAILABLE,viable,1.0,0.679,6,6
places.area-library,nl-NL,27,0,shape_measured_2026_10_01,,0,NATIVE_LOCALE,SOURCE_AVAILABLE,viable,1.0,0.661,6,6
places.area-library,pl-PL,175,0,shape_measured_2026_10_01,,0,NATIVE_LOCALE,SOURCE_AVAILABLE,viable,1.0,0.591,6,6
places.area-library,pt-BR,14,0,shape_measured_2026_10_01,,0,NATIVE_LOCALE,SOURCE_AVAILABLE,viable,1.0,0.695,6,6
places.area-mall,en-US,1,0,shape_measured_2026_10_01,,0,NATIVE_LOCALE,SOURCE_AVAILABLE,viable,1.0,,,1
places.area-mall,es-ES,1,0,shape_measured_2026_10_01,,0,NATIVE_LOCALE,SOURCE_AVAILABLE,viable,1.0,,,1
places.area-mall,it-IT,1,0,shape_measured_2026_10_01,,0,NATIVE_LOCALE,SOURCE_AVAILABLE,viable,1.0,,,1
places.area-mall,ja-JP,15,0,shape_measured_2026_10_01,,0,NATIVE_LOCALE,SOURCE_AVAILABLE,viable,1.0,0.511,6,6
places.area-mall,nl-NL,1,0,shape_measured_2026_10_01,,0,NATIVE_LOCALE,SOURCE_AVAILABLE,viable,1.0,,,1
places.area-mall,pl-PL,1,0,shape_measured_2026_10_01,,0,NATIVE_LOCALE,SOURCE_AVAILABLE,viable,1.0,,,1
places.area-mall,pt-BR,6,0,shape_measured_2026_10_01,,0,NATIVE_LOCALE,SOURCE_AVAILABLE,viable,1.0,0.612,6,6
places.area-marina,de-DE,42,0,shape_measured_2026_10_01,,0,NATIVE_LOCALE,SOURCE_AVAILABLE,viable,1.0,0.661,6,6
places.area-marina,en-US,4,0,shape_measured_2026_10_01,,0,NATIVE_LOCALE,SOURCE_AVAILABLE,viable,1.0,0.543,4,4
places.area-marina,fr-FR,1,0,shape_measured_2026_10_01,,0,NATIVE_LOCALE,SOURCE_AVAILABLE,viable,1.0,,,1
places.area-marina,it-IT,1,0,shape_measured_2026_10_01,,0,NATIVE_LOCALE,SOURCE_AVAILABLE,viable,1.0,,,1
places.area-marina,nl-NL,5,0,shape_measured_2026_10_01,,0,NATIVE_LOCALE,SOURCE_AVAILABLE,viable,1.0,0.65,5,5
places.area-marina,pl-PL,1,0,shape_measured_2026_10_01,,0,NATIVE_LOCALE,SOURCE_AVAILABLE,viable,1.0,,,1
places.area-market,de-DE,14,0,shape_measured_2026_10_01,,0,NATIVE_LOCALE,SOURCE_AVAILABLE,viable,1.0,0.61,6,6
places.area-market,en-GB,7,0,shape_measured_2026_10_01,,0,NATIVE_LOCALE,SOURCE_AVAILABLE,viable,1.0,0.715,6,6
places.area-market,en-US,33,0,shape_measured_2026_10_01,,0,NATIVE_LOCALE,SOURCE_AVAILABLE,viable,1.0,0.589,6,6
places.area-market,es-ES,7,0,shape_measured_2026_10_01,,0,NATIVE_LOCALE,SOURCE_AVAILABLE,viable,1.0,0.612,6,6
places.area-market,fr-FR,69,0,shape_measured_2026_10_01,,0,NATIVE_LOCALE,SOURCE_AVAILABLE,viable,1.0,0.579,6,6
places.area-market,it-IT,8,0,shape_measured_2026_10_01,,0,NATIVE_LOCALE,SOURCE_AVAILABLE,viable,1.0,0.642,6,6
places.area-market,nl-NL,3,0,shape_measured_2026_10_01,,0,NATIVE_LOCALE,SOURCE_AVAILABLE,viable,1.0,0.636,3,3
places.area-market,pt-BR,12,0,shape_measured_2026_10_01,,0,NATIVE_LOCALE,SOURCE_AVAILABLE,viable,1.0,0.597,6,6
places.area-museum,de-DE,95,0,shape_measured_2026_10_01,,0,NATIVE_LOCALE,SOURCE_AVAILABLE,viable,1.0,0.592,6,6
places.area-museum,en-GB,51,0,shape_measured_2026_10_01,,0,NATIVE_LOCALE,SOURCE_AVAILABLE,viable,1.0,0.628,6,6
places.area-museum,en-US,118,0,shape_measured_2026_10_01,,0,NATIVE_LOCALE,SOURCE_AVAILABLE,viable,1.0,0.543,6,6
places.area-museum,es-ES,67,0,shape_measured_2026_10_01,,0,NATIVE_LOCALE,SOURCE_AVAILABLE,viable,1.0,0.504,6,6
places.area-museum,fr-FR,57,0,shape_measured_2026_10_01,,0,NATIVE_LOCALE,SOURCE_AVAILABLE,viable,1.0,0.569,6,6
places.area-museum,it-IT,140,0,shape_measured_2026_10_01,,0,NATIVE_LOCALE,SOURCE_AVAILABLE,viable,1.0,0.559,6,6
places.area-museum,ja-JP,111,0,shape_measured_2026_10_01,,0,NATIVE_LOCALE,SOURCE_AVAILABLE,viable,1.0,0.64,6,6
places.area-museum,nl-NL,76,0,shape_measured_2026_10_01,,0,NATIVE_LOCALE,SOURCE_AVAILABLE,viable,1.0,0.562,6,6
places.area-museum,pl-PL,54,0,shape_measured_2026_10_01,,0,NATIVE_LOCALE,SOURCE_AVAILABLE,viable,1.0,0.596,6,6
places.area-museum,pt-BR,23,0,shape_measured_2026_10_01,,0,NATIVE_LOCALE,SOURCE_AVAILABLE,viable,1.0,0.67,6,6
places.area-nature_reserve,en-US,4,0,shape_measured_2026_10_01,,0,NATIVE_LOCALE,SOURCE_AVAILABLE,viable,1.0,0.664,4,4
places.area-nightclub,de-DE,61,0,shape_measured_2026_10_01,,0,NATIVE_LOCALE,SOURCE_AVAILABLE,viable,1.0,0.643,6,6
places.area-nightclub,en-GB,40,0,shape_measured_2026_10_01,,0,NATIVE_LOCALE,SOURCE_AVAILABLE,viable,1.0,0.616,6,6
places.area-nightclub,en-US,59,0,shape_measured_2026_10_01,,0,NATIVE_LOCALE,SOURCE_AVAILABLE,viable,1.0,0.584,6,6
places.area-nightclub,es-ES,55,0,shape_measured_2026_10_01,,0,NATIVE_LOCALE,SOURCE_AVAILABLE,viable,1.0,0.67,6,6
places.area-nightclub,fr-FR,47,0,shape_measured_2026_10_01,,0,NATIVE_LOCALE,SOURCE_AVAILABLE,viable,1.0,0.544,6,6
places.area-nightclub,it-IT,34,0,shape_measured_2026_10_01,,0,NATIVE_LOCALE,SOURCE_AVAILABLE,viable,1.0,0.581,6,6
places.area-nightclub,ja-JP,23,0,shape_measured_2026_10_01,,0,NATIVE_LOCALE,SOURCE_AVAILABLE,viable,1.0,0.747,6,6
places.area-nightclub,nl-NL,14,0,shape_measured_2026_10_01,,0,NATIVE_LOCALE,SOURCE_AVAILABLE,viable,1.0,0.622,6,6
places.area-nightclub,pl-PL,23,0,shape_measured_2026_10_01,,0,NATIVE_LOCALE,SOURCE_AVAILABLE,viable,1.0,0.56,6,6
places.area-nightclub,pt-BR,9,0,shape_measured_2026_10_01,,0,NATIVE_LOCALE,SOURCE_AVAILABLE,viable,1.0,0.639,6,6
places.area-opening,de-DE,2386,0,shape_measured_2026_10_01,,0,NATIVE_LOCALE,SOURCE_AVAILABLE,unsampled_needs_serp_check,1.0,0.275,6,6
places.area-opening,en-GB,696,0,shape_measured_2026_10_01,,0,NATIVE_LOCALE,SOURCE_AVAILABLE,unsampled_needs_serp_check,1.0,0.255,6,6
places.area-opening,en-US,2583,0,shape_measured_2026_10_01,,0,NATIVE_LOCALE,SOURCE_AVAILABLE,unsampled_needs_serp_check,1.0,0.22,6,6
places.area-opening,es-ES,614,0,shape_measured_2026_10_01,,0,NATIVE_LOCALE,SOURCE_AVAILABLE,unsampled_needs_serp_check,1.0,0.325,6,6
places.area-opening,fr-FR,482,0,shape_measured_2026_10_01,,0,NATIVE_LOCALE,SOURCE_AVAILABLE,unsampled_needs_serp_check,1.0,0.404,6,6
places.area-opening,it-IT,621,0,shape_measured_2026_10_01,,0,NATIVE_LOCALE,SOURCE_AVAILABLE,unsampled_needs_serp_check,1.0,0.323,6,6
places.area-opening,ja-JP,1082,0,shape_measured_2026_10_01,,0,NATIVE_LOCALE,SOURCE_AVAILABLE,unsampled_needs_serp_check,1.0,0.437,6,6
places.area-opening,nl-NL,412,0,shape_measured_2026_10_01,,0,NATIVE_LOCALE,SOURCE_AVAILABLE,unsampled_needs_serp_check,1.0,0.37,6,6
places.area-opening,pl-PL,561,0,shape_measured_2026_10_01,,0,NATIVE_LOCALE,SOURCE_AVAILABLE,unsampled_needs_serp_check,1.0,0.306,6,6
places.area-opening,pt-BR,216,0,shape_measured_2026_10_01,,0,NATIVE_LOCALE,SOURCE_AVAILABLE,unsampled_needs_serp_check,1.0,0.459,6,6
places.area-park,en-US,5,0,shape_measured_2026_10_01,,0,NATIVE_LOCALE,SOURCE_AVAILABLE,viable,1.0,0.438,5,5
places.area-park,es-ES,1,0,shape_measured_2026_10_01,,0,NATIVE_LOCALE,SOURCE_AVAILABLE,viable,1.0,,,1
places.area-park,fr-FR,2,0,shape_measured_2026_10_01,,0,NATIVE_LOCALE,SOURCE_AVAILABLE,viable,1.0,0.749,2,2
places.area-park,it-IT,1,0,shape_measured_2026_10_01,,0,NATIVE_LOCALE,SOURCE_AVAILABLE,viable,1.0,,,1
places.area-park,ja-JP,1,0,shape_measured_2026_10_01,,0,NATIVE_LOCALE,SOURCE_AVAILABLE,viable,1.0,,,1
places.area-park,pt-BR,1,0,shape_measured_2026_10_01,,0,NATIVE_LOCALE,SOURCE_AVAILABLE,viable,1.0,,,1
places.area-parking,de-DE,73,0,shape_measured_2026_10_01,,0,NATIVE_LOCALE,SOURCE_AVAILABLE,viable,1.0,0.582,6,6
places.area-parking,en-GB,13,0,shape_measured_2026_10_01,,0,NATIVE_LOCALE,SOURCE_AVAILABLE,viable,1.0,0.675,6,6
places.area-parking,en-US,31,0,shape_measured_2026_10_01,,0,NATIVE_LOCALE,SOURCE_AVAILABLE,viable,1.0,0.564,6,6
places.area-parking,es-ES,59,0,shape_measured_2026_10_01,,0,NATIVE_LOCALE,SOURCE_AVAILABLE,viable,1.0,0.564,6,6
places.area-parking,fr-FR,46,0,shape_measured_2026_10_01,,0,NATIVE_LOCALE,SOURCE_AVAILABLE,viable,1.0,0.523,6,6
places.area-parking,it-IT,34,0,shape_measured_2026_10_01,,0,NATIVE_LOCALE,SOURCE_AVAILABLE,viable,1.0,0.555,6,6
places.area-parking,ja-JP,46,0,shape_measured_2026_10_01,,0,NATIVE_LOCALE,SOURCE_AVAILABLE,viable,1.0,0.736,6,6
places.area-parking,nl-NL,44,0,shape_measured_2026_10_01,,0,NATIVE_LOCALE,SOURCE_AVAILABLE,viable,1.0,0.552,6,6
places.area-parking,pl-PL,2,0,shape_measured_2026_10_01,,0,NATIVE_LOCALE,SOURCE_AVAILABLE,viable,1.0,0.736,2,2
places.area-parking,pt-BR,15,0,shape_measured_2026_10_01,,0,NATIVE_LOCALE,SOURCE_AVAILABLE,viable,1.0,0.627,6,6
places.area-pharmacy,de-DE,1073,0,shape_measured_2026_10_01,,0,NATIVE_LOCALE,SOURCE_AVAILABLE,viable,1.0,0.643,6,6
places.area-pharmacy,en-GB,521,0,shape_measured_2026_10_01,,0,NATIVE_LOCALE,SOURCE_AVAILABLE,viable,1.0,0.588,6,6
places.area-pharmacy,en-US,358,0,shape_measured_2026_10_01,,0,NATIVE_LOCALE,SOURCE_AVAILABLE,viable,1.0,0.438,6,6
places.area-pharmacy,es-ES,664,0,shape_measured_2026_10_01,,0,NATIVE_LOCALE,SOURCE_AVAILABLE,viable,1.0,0.553,6,6
places.area-pharmacy,fr-FR,451,0,shape_measured_2026_10_01,,0,NATIVE_LOCALE,SOURCE_AVAILABLE,viable,1.0,0.509,6,6
places.area-pharmacy,it-IT,585,0,shape_measured_2026_10_01,,0,NATIVE_LOCALE,SOURCE_AVAILABLE,viable,1.0,0.436,6,6
places.area-pharmacy,ja-JP,399,0,shape_measured_2026_10_01,,0,NATIVE_LOCALE,SOURCE_AVAILABLE,viable,1.0,0.463,6,6
places.area-pharmacy,nl-NL,102,0,shape_measured_2026_10_01,,0,NATIVE_LOCALE,SOURCE_AVAILABLE,viable,1.0,0.486,6,6
places.area-pharmacy,pl-PL,602,0,shape_measured_2026_10_01,,0,NATIVE_LOCALE,SOURCE_AVAILABLE,viable,1.0,0.534,6,6
places.area-pharmacy,pt-BR,209,0,shape_measured_2026_10_01,,0,NATIVE_LOCALE,SOURCE_AVAILABLE,viable,1.0,0.529,6,6
places.area-pub,de-DE,519,0,shape_measured_2026_10_01,,0,NATIVE_LOCALE,SOURCE_AVAILABLE,viable,1.0,0.541,6,6
places.area-pub,en-GB,653,0,shape_measured_2026_10_01,,0,NATIVE_LOCALE,SOURCE_AVAILABLE,viable,1.0,0.715,6,6
places.area-pub,en-US,328,0,shape_measured_2026_10_01,,0,NATIVE_LOCALE,SOURCE_AVAILABLE,viable,1.0,0.491,6,6
places.area-pub,es-ES,349,0,shape_measured_2026_10_01,,0,NATIVE_LOCALE,SOURCE_AVAILABLE,viable,1.0,0.622,6,6
places.area-pub,fr-FR,128,0,shape_measured_2026_10_01,,0,NATIVE_LOCALE,SOURCE_AVAILABLE,viable,1.0,0.584,6,6
places.area-pub,it-IT,209,0,shape_measured_2026_10_01,,0,NATIVE_LOCALE,SOURCE_AVAILABLE,viable,1.0,0.531,6,6
places.area-pub,ja-JP,205,0,shape_measured_2026_10_01,,0,NATIVE_LOCALE,SOURCE_AVAILABLE,viable,1.0,0.615,6,6
places.area-pub,nl-NL,159,0,shape_measured_2026_10_01,,0,NATIVE_LOCALE,SOURCE_AVAILABLE,viable,1.0,0.599,6,6
places.area-pub,pl-PL,94,0,shape_measured_2026_10_01,,0,NATIVE_LOCALE,SOURCE_AVAILABLE,viable,1.0,0.556,6,6
places.area-pub,pt-BR,77,0,shape_measured_2026_10_01,,0,NATIVE_LOCALE,SOURCE_AVAILABLE,viable,1.0,0.619,6,6
places.area-railway_station,de-DE,16,0,shape_measured_2026_10_01,,0,NATIVE_LOCALE,SOURCE_AVAILABLE,viable,1.0,0.737,6,6
places.area-railway_station,en-GB,7,0,shape_measured_2026_10_01,,0,NATIVE_LOCALE,SOURCE_AVAILABLE,viable,1.0,0.594,6,6
places.area-railway_station,en-US,197,0,shape_measured_2026_10_01,,0,NATIVE_LOCALE,SOURCE_AVAILABLE,viable,1.0,0.719,6,6
places.area-railway_station,es-ES,78,0,shape_measured_2026_10_01,,0,NATIVE_LOCALE,SOURCE_AVAILABLE,viable,1.0,0.65,6,6
places.area-railway_station,fr-FR,8,0,shape_measured_2026_10_01,,0,NATIVE_LOCALE,SOURCE_AVAILABLE,viable,1.0,0.549,6,6
places.area-railway_station,it-IT,46,0,shape_measured_2026_10_01,,0,NATIVE_LOCALE,SOURCE_AVAILABLE,viable,1.0,0.598,6,6
places.area-railway_station,ja-JP,53,0,shape_measured_2026_10_01,,0,NATIVE_LOCALE,SOURCE_AVAILABLE,viable,1.0,0.834,6,6
places.area-railway_station,nl-NL,19,0,shape_measured_2026_10_01,,0,NATIVE_LOCALE,SOURCE_AVAILABLE,viable,1.0,0.578,6,6
places.area-railway_station,pt-BR,12,0,shape_measured_2026_10_01,,0,NATIVE_LOCALE,SOURCE_AVAILABLE,viable,1.0,0.792,6,6
places.area-restaurant,de-DE,1158,0,shape_measured_2026_10_01,,0,NATIVE_LOCALE,SOURCE_AVAILABLE,viable,1.0,0.598,6,6
places.area-restaurant,en-GB,660,0,shape_measured_2026_10_01,,0,NATIVE_LOCALE,SOURCE_AVAILABLE,viable,1.0,0.563,6,6
places.area-restaurant,en-US,1737,0,shape_measured_2026_10_01,,0,NATIVE_LOCALE,SOURCE_AVAILABLE,viable,1.0,0.603,6,6
places.area-restaurant,es-ES,957,0,shape_measured_2026_10_01,,0,NATIVE_LOCALE,SOURCE_AVAILABLE,viable,1.0,0.523,6,6
places.area-restaurant,fr-FR,499,0,shape_measured_2026_10_01,,0,NATIVE_LOCALE,SOURCE_AVAILABLE,viable,1.0,0.519,6,6
places.area-restaurant,it-IT,812,0,shape_measured_2026_10_01,,0,NATIVE_LOCALE,SOURCE_AVAILABLE,viable,1.0,0.568,6,6
places.area-restaurant,ja-JP,983,0,shape_measured_2026_10_01,,0,NATIVE_LOCALE,SOURCE_AVAILABLE,viable,1.0,0.614,6,6
places.area-restaurant,nl-NL,446,0,shape_measured_2026_10_01,,0,NATIVE_LOCALE,SOURCE_AVAILABLE,viable,1.0,0.451,6,6
places.area-restaurant,pl-PL,473,0,shape_measured_2026_10_01,,0,NATIVE_LOCALE,SOURCE_AVAILABLE,viable,1.0,0.646,6,6
places.area-restaurant,pt-BR,287,0,shape_measured_2026_10_01,,0,NATIVE_LOCALE,SOURCE_AVAILABLE,viable,1.0,0.687,6,6
places.area-school,de-DE,110,0,shape_measured_2026_10_01,,0,NATIVE_LOCALE,SOURCE_AVAILABLE,viable,1.0,0.672,6,6
places.area-school,en-GB,51,0,shape_measured_2026_10_01,,0,NATIVE_LOCALE,SOURCE_AVAILABLE,viable,1.0,0.553,6,6
places.area-school,en-US,342,0,shape_measured_2026_10_01,,0,NATIVE_LOCALE,SOURCE_AVAILABLE,viable,1.0,0.582,6,6
places.area-school,es-ES,137,0,shape_measured_2026_10_01,,0,NATIVE_LOCALE,SOURCE_AVAILABLE,viable,1.0,0.639,6,6
places.area-school,fr-FR,183,0,shape_measured_2026_10_01,,0,NATIVE_LOCALE,SOURCE_AVAILABLE,viable,1.0,0.571,6,6
places.area-school,it-IT,159,0,shape_measured_2026_10_01,,0,NATIVE_LOCALE,SOURCE_AVAILABLE,viable,1.0,0.586,6,6
places.area-school,ja-JP,64,0,shape_measured_2026_10_01,,0,NATIVE_LOCALE,SOURCE_AVAILABLE,viable,1.0,0.659,6,6
places.area-school,nl-NL,306,0,shape_measured_2026_10_01,,0,NATIVE_LOCALE,SOURCE_AVAILABLE,viable,1.0,0.488,6,6
places.area-school,pl-PL,269,0,shape_measured_2026_10_01,,0,NATIVE_LOCALE,SOURCE_AVAILABLE,viable,1.0,0.565,6,6
places.area-school,pt-BR,233,0,shape_measured_2026_10_01,,0,NATIVE_LOCALE,SOURCE_AVAILABLE,viable,1.0,0.619,6,6
places.area-sports_centre,de-DE,128,0,shape_measured_2026_10_01,,0,NATIVE_LOCALE,SOURCE_AVAILABLE,viable,1.0,0.569,6,6
places.area-sports_centre,en-GB,43,0,shape_measured_2026_10_01,,0,NATIVE_LOCALE,SOURCE_AVAILABLE,viable,1.0,0.663,6,6
places.area-sports_centre,en-US,86,0,shape_measured_2026_10_01,,0,NATIVE_LOCALE,SOURCE_AVAILABLE,viable,1.0,0.431,6,6
places.area-sports_centre,es-ES,53,0,shape_measured_2026_10_01,,0,NATIVE_LOCALE,SOURCE_AVAILABLE,viable,1.0,0.542,6,6
places.area-sports_centre,fr-FR,92,0,shape_measured_2026_10_01,,0,NATIVE_LOCALE,SOURCE_AVAILABLE,viable,1.0,0.644,6,6
places.area-sports_centre,it-IT,68,0,shape_measured_2026_10_01,,0,NATIVE_LOCALE,SOURCE_AVAILABLE,viable,1.0,0.645,6,6
places.area-sports_centre,ja-JP,24,0,shape_measured_2026_10_01,,0,NATIVE_LOCALE,SOURCE_AVAILABLE,viable,1.0,0.765,6,6
places.area-sports_centre,nl-NL,233,0,shape_measured_2026_10_01,,0,NATIVE_LOCALE,SOURCE_AVAILABLE,viable,1.0,0.63,6,6
places.area-sports_centre,pl-PL,62,0,shape_measured_2026_10_01,,0,NATIVE_LOCALE,SOURCE_AVAILABLE,viable,1.0,0.636,6,6
places.area-sports_centre,pt-BR,24,0,shape_measured_2026_10_01,,0,NATIVE_LOCALE,SOURCE_AVAILABLE,viable,1.0,0.756,6,6
places.area-supermarket,de-DE,824,0,shape_measured_2026_10_01,,0,NATIVE_LOCALE,SOURCE_AVAILABLE,viable,1.0,0.588,6,6
places.area-supermarket,en-GB,251,0,shape_measured_2026_10_01,,0,NATIVE_LOCALE,SOURCE_AVAILABLE,viable,1.0,0.52,6,6
places.area-supermarket,en-US,420,0,shape_measured_2026_10_01,,0,NATIVE_LOCALE,SOURCE_AVAILABLE,viable,1.0,0.559,6,6
places.area-supermarket,es-ES,740,0,shape_measured_2026_10_01,,0,NATIVE_LOCALE,SOURCE_AVAILABLE,viable,1.0,0.532,6,6
places.area-supermarket,fr-FR,225,0,shape_measured_2026_10_01,,0,NATIVE_LOCALE,SOURCE_AVAILABLE,viable,1.0,0.469,6,6
places.area-supermarket,it-IT,517,0,shape_measured_2026_10_01,,0,NATIVE_LOCALE,SOURCE_AVAILABLE,viable,1.0,0.561,6,6
places.area-supermarket,ja-JP,505,0,shape_measured_2026_10_01,,0,NATIVE_LOCALE,SOURCE_AVAILABLE,viable,1.0,0.583,6,6
places.area-supermarket,nl-NL,504,0,shape_measured_2026_10_01,,0,NATIVE_LOCALE,SOURCE_AVAILABLE,viable,1.0,0.611,6,6
places.area-supermarket,pl-PL,415,0,shape_measured_2026_10_01,,0,NATIVE_LOCALE,SOURCE_AVAILABLE,viable,1.0,0.511,6,6
places.area-supermarket,pt-BR,161,0,shape_measured_2026_10_01,,0,NATIVE_LOCALE,SOURCE_AVAILABLE,viable,1.0,0.545,6,6
places.area-swimming_pool,fr-FR,1,0,shape_measured_2026_10_01,,0,NATIVE_LOCALE,SOURCE_AVAILABLE,viable,1.0,,,1
places.area-swimming_pool,it-IT,1,0,shape_measured_2026_10_01,,0,NATIVE_LOCALE,SOURCE_AVAILABLE,viable,1.0,,,1
places.area-theatre,de-DE,73,0,shape_measured_2026_10_01,,0,NATIVE_LOCALE,SOURCE_AVAILABLE,viable,1.0,0.602,6,6
places.area-theatre,en-GB,27,0,shape_measured_2026_10_01,,0,NATIVE_LOCALE,SOURCE_AVAILABLE,viable,1.0,0.648,6,6
places.area-theatre,en-US,115,0,shape_measured_2026_10_01,,0,NATIVE_LOCALE,SOURCE_AVAILABLE,viable,1.0,0.421,6,6
places.area-theatre,es-ES,38,0,shape_measured_2026_10_01,,0,NATIVE_LOCALE,SOURCE_AVAILABLE,viable,1.0,0.57,6,6
places.area-theatre,fr-FR,79,0,shape_measured_2026_10_01,,0,NATIVE_LOCALE,SOURCE_AVAILABLE,viable,1.0,0.576,6,6
places.area-theatre,it-IT,52,0,shape_measured_2026_10_01,,0,NATIVE_LOCALE,SOURCE_AVAILABLE,viable,1.0,0.602,6,6
places.area-theatre,ja-JP,49,0,shape_measured_2026_10_01,,0,NATIVE_LOCALE,SOURCE_AVAILABLE,viable,1.0,0.731,6,6
places.area-theatre,nl-NL,41,0,shape_measured_2026_10_01,,0,NATIVE_LOCALE,SOURCE_AVAILABLE,viable,1.0,0.635,6,6
places.area-theatre,pl-PL,20,0,shape_measured_2026_10_01,,0,NATIVE_LOCALE,SOURCE_AVAILABLE,viable,1.0,0.606,6,6
places.area-theatre,pt-BR,25,0,shape_measured_2026_10_01,,0,NATIVE_LOCALE,SOURCE_AVAILABLE,viable,1.0,0.742,6,6
places.area-theme_park,pl-PL,2,0,shape_measured_2026_10_01,,0,NATIVE_LOCALE,SOURCE_AVAILABLE,viable,1.0,0.603,2,2
places.area-university,de-DE,8,0,shape_measured_2026_10_01,,0,NATIVE_LOCALE,SOURCE_AVAILABLE,viable,1.0,0.78,6,6
places.area-university,en-GB,4,0,shape_measured_2026_10_01,,0,NATIVE_LOCALE,SOURCE_AVAILABLE,viable,1.0,0.627,4,4
places.area-university,en-US,11,0,shape_measured_2026_10_01,,0,NATIVE_LOCALE,SOURCE_AVAILABLE,viable,1.0,0.441,6,6
places.area-university,es-ES,17,0,shape_measured_2026_10_01,,0,NATIVE_LOCALE,SOURCE_AVAILABLE,viable,1.0,0.542,6,6
places.area-university,fr-FR,31,0,shape_measured_2026_10_01,,0,NATIVE_LOCALE,SOURCE_AVAILABLE,viable,1.0,0.538,6,6
places.area-university,it-IT,25,0,shape_measured_2026_10_01,,0,NATIVE_LOCALE,SOURCE_AVAILABLE,viable,1.0,0.476,6,6
places.area-university,ja-JP,8,0,shape_measured_2026_10_01,,0,NATIVE_LOCALE,SOURCE_AVAILABLE,viable,1.0,0.731,6,6
places.area-university,nl-NL,13,0,shape_measured_2026_10_01,,0,NATIVE_LOCALE,SOURCE_AVAILABLE,viable,1.0,0.656,6,6
places.area-university,pl-PL,32,0,shape_measured_2026_10_01,,0,NATIVE_LOCALE,SOURCE_AVAILABLE,viable,1.0,0.579,6,6
places.area-university,pt-BR,15,0,shape_measured_2026_10_01,,0,NATIVE_LOCALE,SOURCE_AVAILABLE,viable,1.0,0.642,6,6
places.area-veterinary,de-DE,43,0,shape_measured_2026_10_01,,0,NATIVE_LOCALE,SOURCE_AVAILABLE,viable,1.0,0.691,6,6
places.area-veterinary,en-GB,40,0,shape_measured_2026_10_01,,0,NATIVE_LOCALE,SOURCE_AVAILABLE,viable,1.0,0.49,6,6
places.area-veterinary,en-US,92,0,shape_measured_2026_10_01,,0,NATIVE_LOCALE,SOURCE_AVAILABLE,viable,1.0,0.508,6,6
places.area-veterinary,es-ES,111,0,shape_measured_2026_10_01,,0,NATIVE_LOCALE,SOURCE_AVAILABLE,viable,1.0,0.669,6,6
places.area-veterinary,fr-FR,52,0,shape_measured_2026_10_01,,0,NATIVE_LOCALE,SOURCE_AVAILABLE,viable,1.0,0.579,6,6
places.area-veterinary,it-IT,51,0,shape_measured_2026_10_01,,0,NATIVE_LOCALE,SOURCE_AVAILABLE,viable,1.0,0.587,6,6
places.area-veterinary,ja-JP,58,0,shape_measured_2026_10_01,,0,NATIVE_LOCALE,SOURCE_AVAILABLE,viable,1.0,0.691,6,6
places.area-veterinary,nl-NL,25,0,shape_measured_2026_10_01,,0,NATIVE_LOCALE,SOURCE_AVAILABLE,viable,1.0,0.585,6,6
places.area-veterinary,pl-PL,136,0,shape_measured_2026_10_01,,0,NATIVE_LOCALE,SOURCE_AVAILABLE,viable,1.0,0.667,6,6
places.area-veterinary,pt-BR,34,0,shape_measured_2026_10_01,,0,NATIVE_LOCALE,SOURCE_AVAILABLE,viable,1.0,0.47,6,6
places.area-viewpoint,de-DE,5,0,shape_measured_2026_10_01,,0,NATIVE_LOCALE,SOURCE_AVAILABLE,viable,1.0,0.596,5,5
places.area-viewpoint,en-GB,1,0,shape_measured_2026_10_01,,0,NATIVE_LOCALE,SOURCE_AVAILABLE,viable,1.0,,,1
places.area-viewpoint,en-US,7,0,shape_measured_2026_10_01,,0,NATIVE_LOCALE,SOURCE_AVAILABLE,viable,1.0,0.717,6,6
places.area-viewpoint,es-ES,2,0,shape_measured_2026_10_01,,0,NATIVE_LOCALE,SOURCE_AVAILABLE,viable,1.0,0.427,2,2
places.area-viewpoint,it-IT,1,0,shape_measured_2026_10_01,,0,NATIVE_LOCALE,SOURCE_AVAILABLE,viable,1.0,,,1
places.area-viewpoint,ja-JP,5,0,shape_measured_2026_10_01,,0,NATIVE_LOCALE,SOURCE_AVAILABLE,viable,1.0,0.759,5,5
places.area-viewpoint,nl-NL,1,0,shape_measured_2026_10_01,,0,NATIVE_LOCALE,SOURCE_AVAILABLE,viable,1.0,,,1
places.area-viewpoint,pl-PL,6,0,shape_measured_2026_10_01,,0,NATIVE_LOCALE,SOURCE_AVAILABLE,viable,1.0,0.761,6,6
places.area-water_park,de-DE,1,0,shape_measured_2026_10_01,,0,NATIVE_LOCALE,SOURCE_AVAILABLE,viable,1.0,,,1
places.city-aquarium,en-GB,2,0,shape_measured_2026_10_01,,0,NATIVE_LOCALE,SOURCE_AVAILABLE,competitive,1.0,0.896,2,2
places.city-aquarium,en-US,2,0,shape_measured_2026_10_01,,0,NATIVE_LOCALE,SOURCE_AVAILABLE,competitive,1.0,0.848,2,2
places.city-aquarium,es-ES,1,0,shape_measured_2026_10_01,,0,NATIVE_LOCALE,SOURCE_AVAILABLE,competitive,1.0,,,1
places.city-arts_centre,de-DE,35,0,shape_measured_2026_10_01,,0,NATIVE_LOCALE,SOURCE_AVAILABLE,competitive,1.0,0.841,6,6
places.city-arts_centre,en-GB,21,0,shape_measured_2026_10_01,,0,NATIVE_LOCALE,SOURCE_AVAILABLE,competitive,1.0,0.777,6,6
places.city-arts_centre,en-US,79,0,shape_measured_2026_10_01,,0,NATIVE_LOCALE,SOURCE_AVAILABLE,competitive,1.0,0.815,6,6
places.city-arts_centre,es-ES,18,0,shape_measured_2026_10_01,,0,NATIVE_LOCALE,SOURCE_AVAILABLE,competitive,1.0,0.545,6,6
places.city-arts_centre,fr-FR,74,0,shape_measured_2026_10_01,,0,NATIVE_LOCALE,SOURCE_AVAILABLE,competitive,1.0,0.782,6,6
places.city-arts_centre,it-IT,26,0,shape_measured_2026_10_01,,0,NATIVE_LOCALE,SOURCE_AVAILABLE,competitive,1.0,0.727,6,6
places.city-arts_centre,ja-JP,5,0,shape_measured_2026_10_01,,0,NATIVE_LOCALE,SOURCE_AVAILABLE,competitive,1.0,0.676,5,5
places.city-arts_centre,nl-NL,24,0,shape_measured_2026_10_01,,0,NATIVE_LOCALE,SOURCE_AVAILABLE,competitive,1.0,0.8,6,6
places.city-arts_centre,pl-PL,32,0,shape_measured_2026_10_01,,0,NATIVE_LOCALE,SOURCE_AVAILABLE,competitive,1.0,0.81,6,6
places.city-arts_centre,pt-BR,23,0,shape_measured_2026_10_01,,0,NATIVE_LOCALE,SOURCE_AVAILABLE,competitive,1.0,0.695,6,6
places.city-attraction,de-DE,44,0,shape_measured_2026_10_01,,0,NATIVE_LOCALE,SOURCE_AVAILABLE,competitive,1.0,0.621,6,6
places.city-attraction,en-GB,32,0,shape_measured_2026_10_01,,0,NATIVE_LOCALE,SOURCE_AVAILABLE,competitive,1.0,0.613,6,6
places.city-attraction,en-US,53,0,shape_measured_2026_10_01,,0,NATIVE_LOCALE,SOURCE_AVAILABLE,competitive,1.0,0.737,6,6
places.city-attraction,es-ES,27,0,shape_measured_2026_10_01,,0,NATIVE_LOCALE,SOURCE_AVAILABLE,competitive,1.0,0.563,6,6
places.city-attraction,fr-FR,20,0,shape_measured_2026_10_01,,0,NATIVE_LOCALE,SOURCE_AVAILABLE,competitive,1.0,0.789,6,6
places.city-attraction,it-IT,21,0,shape_measured_2026_10_01,,0,NATIVE_LOCALE,SOURCE_AVAILABLE,competitive,1.0,0.679,6,6
places.city-attraction,ja-JP,34,0,shape_measured_2026_10_01,,0,NATIVE_LOCALE,SOURCE_AVAILABLE,competitive,1.0,0.649,6,6
places.city-attraction,nl-NL,20,0,shape_measured_2026_10_01,,0,NATIVE_LOCALE,SOURCE_AVAILABLE,competitive,1.0,0.609,6,6
places.city-attraction,pl-PL,30,0,shape_measured_2026_10_01,,0,NATIVE_LOCALE,SOURCE_AVAILABLE,competitive,1.0,0.696,6,6
places.city-attraction,pt-BR,18,0,shape_measured_2026_10_01,,0,NATIVE_LOCALE,SOURCE_AVAILABLE,competitive,1.0,0.594,6,6
places.city-attribute,de-DE,772,0,shape_measured_2026_10_01,,0,NATIVE_LOCALE,SOURCE_AVAILABLE,unsampled_needs_serp_check,1.0,0.535,6,6
places.city-attribute,en-US,1467,0,shape_measured_2026_10_01,,0,NATIVE_LOCALE,SOURCE_AVAILABLE,unsampled_needs_serp_check,1.0,0.469,6,6
places.city-attribute,pl-PL,249,0,shape_measured_2026_10_01,,0,NATIVE_LOCALE,SOURCE_AVAILABLE,unsampled_needs_serp_check,1.0,0.477,6,6
places.city-attribute,pt-BR,284,0,shape_measured_2026_10_01,,0,NATIVE_LOCALE,SOURCE_AVAILABLE,unsampled_needs_serp_check,1.0,0.601,6,6
places.city-attribute,zh-Hant-TW,5,0,shape_measured_2026_10_01,,0,NATIVE_LOCALE,SOURCE_AVAILABLE,unsampled_needs_serp_check,1.0,0.773,5,5
places.city-bar,de-DE,76,0,shape_measured_2026_10_01,,0,NATIVE_LOCALE,SOURCE_AVAILABLE,competitive,1.0,0.57,6,6
places.city-bar,en-GB,100,0,shape_measured_2026_10_01,,0,NATIVE_LOCALE,SOURCE_AVAILABLE,competitive,1.0,0.532,6,6
places.city-bar,en-US,273,0,shape_measured_2026_10_01,,0,NATIVE_LOCALE,SOURCE_AVAILABLE,competitive,1.0,0.621,6,6
places.city-bar,es-ES,141,0,shape_measured_2026_10_01,,0,NATIVE_LOCALE,SOURCE_AVAILABLE,competitive,1.0,0.64,6,6
places.city-bar,fr-FR,244,0,shape_measured_2026_10_01,,0,NATIVE_LOCALE,SOURCE_AVAILABLE,competitive,1.0,0.62,6,6
places.city-bar,it-IT,197,0,shape_measured_2026_10_01,,0,NATIVE_LOCALE,SOURCE_AVAILABLE,competitive,1.0,0.679,6,6
places.city-bar,ja-JP,97,0,shape_measured_2026_10_01,,0,NATIVE_LOCALE,SOURCE_AVAILABLE,competitive,1.0,0.599,6,6
places.city-bar,nl-NL,27,0,shape_measured_2026_10_01,,0,NATIVE_LOCALE,SOURCE_AVAILABLE,competitive,1.0,0.685,6,6
places.city-bar,pl-PL,29,0,shape_measured_2026_10_01,,0,NATIVE_LOCALE,SOURCE_AVAILABLE,competitive,1.0,0.695,6,6
places.city-bar,pt-BR,46,0,shape_measured_2026_10_01,,0,NATIVE_LOCALE,SOURCE_AVAILABLE,competitive,1.0,0.614,6,6
places.city-beach,en-US,1,0,shape_measured_2026_10_01,,0,NATIVE_LOCALE,SOURCE_AVAILABLE,competitive,1.0,,,1
places.city-beach,pl-PL,2,0,shape_measured_2026_10_01,,0,NATIVE_LOCALE,SOURCE_AVAILABLE,competitive,1.0,0.697,2,2
places.city-cafe,de-DE,175,0,shape_measured_2026_10_01,,0,NATIVE_LOCALE,SOURCE_AVAILABLE,competitive,1.0,0.645,6,6
places.city-cafe,en-GB,412,0,shape_measured_2026_10_01,,0,NATIVE_LOCALE,SOURCE_AVAILABLE,competitive,1.0,0.56,6,6
places.city-cafe,en-US,626,0,shape_measured_2026_10_01,,0,NATIVE_LOCALE,SOURCE_AVAILABLE,competitive,1.0,0.537,6,6
places.city-cafe,es-ES,168,0,shape_measured_2026_10_01,,0,NATIVE_LOCALE,SOURCE_AVAILABLE,competitive,1.0,0.505,6,6
places.city-cafe,fr-FR,198,0,shape_measured_2026_10_01,,0,NATIVE_LOCALE,SOURCE_AVAILABLE,competitive,1.0,0.533,6,6
places.city-cafe,it-IT,271,0,shape_measured_2026_10_01,,0,NATIVE_LOCALE,SOURCE_AVAILABLE,competitive,1.0,0.601,6,6
places.city-cafe,ja-JP,224,0,shape_measured_2026_10_01,,0,NATIVE_LOCALE,SOURCE_AVAILABLE,competitive,1.0,0.536,6,6
places.city-cafe,nl-NL,82,0,shape_measured_2026_10_01,,0,NATIVE_LOCALE,SOURCE_AVAILABLE,competitive,1.0,0.612,6,6
places.city-cafe,pl-PL,73,0,shape_measured_2026_10_01,,0,NATIVE_LOCALE,SOURCE_AVAILABLE,competitive,1.0,0.59,6,6
places.city-cafe,pt-BR,46,0,shape_measured_2026_10_01,,0,NATIVE_LOCALE,SOURCE_AVAILABLE,competitive,1.0,0.539,6,6
places.city-camp_site,en-GB,4,0,shape_measured_2026_10_01,,0,NATIVE_LOCALE,SOURCE_AVAILABLE,competitive,1.0,0.876,4,4
places.city-camp_site,en-US,10,0,shape_measured_2026_10_01,,0,NATIVE_LOCALE,SOURCE_AVAILABLE,competitive,1.0,0.773,6,6
places.city-camp_site,fr-FR,2,0,shape_measured_2026_10_01,,0,NATIVE_LOCALE,SOURCE_AVAILABLE,competitive,1.0,0.864,2,2
places.city-camp_site,ja-JP,3,0,shape_measured_2026_10_01,,0,NATIVE_LOCALE,SOURCE_AVAILABLE,competitive,1.0,0.558,3,3
places.city-camp_site,nl-NL,15,0,shape_measured_2026_10_01,,0,NATIVE_LOCALE,SOURCE_AVAILABLE,competitive,1.0,0.83,6,6
places.city-camp_site,pl-PL,1,0,shape_measured_2026_10_01,,0,NATIVE_LOCALE,SOURCE_AVAILABLE,competitive,1.0,,,1
places.city-camp_site,pt-BR,6,0,shape_measured_2026_10_01,,0,NATIVE_LOCALE,SOURCE_AVAILABLE,competitive,1.0,0.835,6,6
places.city-castle,es-ES,3,0,shape_measured_2026_10_01,,0,NATIVE_LOCALE,SOURCE_AVAILABLE,competitive,1.0,0.627,3,3
places.city-castle,fr-FR,1,0,shape_measured_2026_10_01,,0,NATIVE_LOCALE,SOURCE_AVAILABLE,competitive,1.0,,,1
places.city-castle,ja-JP,1,0,shape_measured_2026_10_01,,0,NATIVE_LOCALE,SOURCE_AVAILABLE,competitive,1.0,,,1
places.city-castle,nl-NL,1,0,shape_measured_2026_10_01,,0,NATIVE_LOCALE,SOURCE_AVAILABLE,competitive,1.0,,,1
places.city-category,de-DE,868,0,measured_in_this_market,museen berlin,9200,NATIVE_LOCALE,SOURCE_AVAILABLE,strong_opportunity,1.0,0.851,6,6
places.city-category,en-GB,39,0,measured_in_this_market,rooftop bar london,5400,NATIVE_LOCALE,SOURCE_AVAILABLE,strong_opportunity,1.0,0.865,6,6
places.city-category,en-US,881,0,measured_in_this_market,coworking space,13000,NATIVE_LOCALE,SOURCE_AVAILABLE,strong_opportunity,1.0,0.839,6,6
places.city-category,es-ES,150,0,measured_in_this_market,coworking,14000,NATIVE_LOCALE,SOURCE_AVAILABLE,strong_opportunity,1.0,0.861,6,6
places.city-category,fr-FR,143,0,measured_in_this_market,brunch paris,23000,NATIVE_LOCALE,SOURCE_AVAILABLE,strong_opportunity,1.0,0.795,6,6
places.city-category,it-IT,133,0,measured_in_this_market,coworking,5900,NATIVE_LOCALE,SOURCE_AVAILABLE,strong_opportunity,1.0,0.871,6,6
places.city-category,ja-JP,554,0,measured_in_this_market,コワーキングスペース,40000,NATIVE_LOCALE,SOURCE_AVAILABLE,strong_opportunity,1.0,0.838,6,6
places.city-category,nl-NL,57,0,measured_in_this_market,restaurants amsterdam,6500,NATIVE_LOCALE,SOURCE_AVAILABLE,strong_opportunity,1.0,0.739,6,6
places.city-category,pl-PL,16,0,measured_in_this_market,restauracje warszawa,9800,NATIVE_LOCALE,SOURCE_AVAILABLE,strong_opportunity,1.0,0.788,6,6
places.city-category,pt-BR,159,0,measured_in_this_market,coworking,55000,NATIVE_LOCALE,SOURCE_AVAILABLE,strong_opportunity,1.0,0.774,6,6
places.city-category,zh-Hant-TW,40,0,measured_in_this_market,花蓮 美食,2400,NATIVE_LOCALE,SOURCE_AVAILABLE,strong_opportunity,1.0,0.905,6,6
places.city-childcare,de-DE,91,0,shape_measured_2026_10_01,,0,NATIVE_LOCALE,SOURCE_AVAILABLE,competitive,1.0,0.654,6,6
places.city-childcare,en-GB,79,0,shape_measured_2026_10_01,,0,NATIVE_LOCALE,SOURCE_AVAILABLE,competitive,1.0,0.692,6,6
places.city-childcare,en-US,110,0,shape_measured_2026_10_01,,0,NATIVE_LOCALE,SOURCE_AVAILABLE,competitive,1.0,0.517,6,6
places.city-childcare,es-ES,56,0,shape_measured_2026_10_01,,0,NATIVE_LOCALE,SOURCE_AVAILABLE,competitive,1.0,0.595,6,6
places.city-childcare,fr-FR,129,0,shape_measured_2026_10_01,,0,NATIVE_LOCALE,SOURCE_AVAILABLE,competitive,1.0,0.595,6,6
places.city-childcare,it-IT,50,0,shape_measured_2026_10_01,,0,NATIVE_LOCALE,SOURCE_AVAILABLE,competitive,1.0,0.674,6,6
places.city-childcare,ja-JP,55,0,shape_measured_2026_10_01,,0,NATIVE_LOCALE,SOURCE_AVAILABLE,competitive,1.0,0.602,6,6
places.city-childcare,nl-NL,74,0,shape_measured_2026_10_01,,0,NATIVE_LOCALE,SOURCE_AVAILABLE,competitive,1.0,0.606,6,6
places.city-childcare,pl-PL,96,0,shape_measured_2026_10_01,,0,NATIVE_LOCALE,SOURCE_AVAILABLE,competitive,1.0,0.605,6,6
places.city-childcare,pt-BR,88,0,shape_measured_2026_10_01,,0,NATIVE_LOCALE,SOURCE_AVAILABLE,competitive,1.0,0.615,6,6
places.city-cinema,de-DE,67,0,shape_measured_2026_10_01,,0,NATIVE_LOCALE,SOURCE_AVAILABLE,competitive,1.0,0.665,6,6
places.city-cinema,en-GB,26,0,shape_measured_2026_10_01,,0,NATIVE_LOCALE,SOURCE_AVAILABLE,competitive,1.0,0.63,6,6
places.city-cinema,en-US,74,0,shape_measured_2026_10_01,,0,NATIVE_LOCALE,SOURCE_AVAILABLE,competitive,1.0,0.549,6,6
places.city-cinema,es-ES,26,0,shape_measured_2026_10_01,,0,NATIVE_LOCALE,SOURCE_AVAILABLE,competitive,1.0,0.613,6,6
places.city-cinema,fr-FR,85,0,shape_measured_2026_10_01,,0,NATIVE_LOCALE,SOURCE_AVAILABLE,competitive,1.0,0.674,6,6
places.city-cinema,it-IT,50,0,shape_measured_2026_10_01,,0,NATIVE_LOCALE,SOURCE_AVAILABLE,competitive,1.0,0.675,6,6
places.city-cinema,ja-JP,19,0,shape_measured_2026_10_01,,0,NATIVE_LOCALE,SOURCE_AVAILABLE,competitive,1.0,0.648,6,6
places.city-cinema,nl-NL,38,0,shape_measured_2026_10_01,,0,NATIVE_LOCALE,SOURCE_AVAILABLE,competitive,1.0,0.79,6,6
places.city-cinema,pl-PL,26,0,shape_measured_2026_10_01,,0,NATIVE_LOCALE,SOURCE_AVAILABLE,competitive,1.0,0.637,6,6
places.city-cinema,pt-BR,12,0,shape_measured_2026_10_01,,0,NATIVE_LOCALE,SOURCE_AVAILABLE,competitive,1.0,0.596,6,6
places.city-clinic,de-DE,242,0,shape_measured_2026_10_01,,0,NATIVE_LOCALE,SOURCE_AVAILABLE,competitive,1.0,0.599,6,6
places.city-clinic,en-GB,137,0,shape_measured_2026_10_01,,0,NATIVE_LOCALE,SOURCE_AVAILABLE,competitive,1.0,0.586,6,6
places.city-clinic,en-US,737,0,shape_measured_2026_10_01,,0,NATIVE_LOCALE,SOURCE_AVAILABLE,competitive,1.0,0.42,6,6
places.city-clinic,es-ES,139,0,shape_measured_2026_10_01,,0,NATIVE_LOCALE,SOURCE_AVAILABLE,competitive,1.0,0.578,6,6
places.city-clinic,fr-FR,239,0,shape_measured_2026_10_01,,0,NATIVE_LOCALE,SOURCE_AVAILABLE,competitive,1.0,0.618,6,6
places.city-clinic,it-IT,109,0,shape_measured_2026_10_01,,0,NATIVE_LOCALE,SOURCE_AVAILABLE,competitive,1.0,0.628,6,6
places.city-clinic,ja-JP,158,0,shape_measured_2026_10_01,,0,NATIVE_LOCALE,SOURCE_AVAILABLE,competitive,1.0,0.638,6,6
places.city-clinic,nl-NL,112,0,shape_measured_2026_10_01,,0,NATIVE_LOCALE,SOURCE_AVAILABLE,competitive,1.0,0.665,6,6
places.city-clinic,pl-PL,158,0,shape_measured_2026_10_01,,0,NATIVE_LOCALE,SOURCE_AVAILABLE,competitive,1.0,0.503,6,6
places.city-clinic,pt-BR,139,0,shape_measured_2026_10_01,,0,NATIVE_LOCALE,SOURCE_AVAILABLE,competitive,1.0,0.618,6,6
places.city-clinic,zh-Hant-TW,30,0,shape_measured_2026_10_01,,0,NATIVE_LOCALE,SOURCE_AVAILABLE,competitive,1.0,0.641,6,6
places.city-college,de-DE,29,0,shape_measured_2026_10_01,,0,NATIVE_LOCALE,SOURCE_AVAILABLE,competitive,1.0,0.599,6,6
places.city-college,en-GB,9,0,shape_measured_2026_10_01,,0,NATIVE_LOCALE,SOURCE_AVAILABLE,competitive,1.0,0.658,6,6
places.city-college,en-US,50,0,shape_measured_2026_10_01,,0,NATIVE_LOCALE,SOURCE_AVAILABLE,competitive,1.0,0.674,6,6
places.city-college,es-ES,12,0,shape_measured_2026_10_01,,0,NATIVE_LOCALE,SOURCE_AVAILABLE,competitive,1.0,0.708,6,6
places.city-college,fr-FR,112,0,shape_measured_2026_10_01,,0,NATIVE_LOCALE,SOURCE_AVAILABLE,competitive,1.0,0.72,6,6
places.city-college,it-IT,9,0,shape_measured_2026_10_01,,0,NATIVE_LOCALE,SOURCE_AVAILABLE,competitive,1.0,0.696,6,6
places.city-college,ja-JP,13,0,shape_measured_2026_10_01,,0,NATIVE_LOCALE,SOURCE_AVAILABLE,competitive,1.0,0.553,6,6
places.city-college,nl-NL,31,0,shape_measured_2026_10_01,,0,NATIVE_LOCALE,SOURCE_AVAILABLE,competitive,1.0,0.711,6,6
places.city-college,pl-PL,29,0,shape_measured_2026_10_01,,0,NATIVE_LOCALE,SOURCE_AVAILABLE,competitive,1.0,0.732,6,6
places.city-college,pt-BR,42,0,shape_measured_2026_10_01,,0,NATIVE_LOCALE,SOURCE_AVAILABLE,competitive,1.0,0.484,6,6
places.city-coworking,de-DE,2,0,shape_measured_2026_10_01,,0,NATIVE_LOCALE,SOURCE_AVAILABLE,competitive,1.0,0.693,2,2
places.city-coworking,en-GB,13,0,shape_measured_2026_10_01,,0,NATIVE_LOCALE,SOURCE_AVAILABLE,competitive,1.0,0.717,6,6
places.city-coworking,en-US,44,0,shape_measured_2026_10_01,,0,NATIVE_LOCALE,SOURCE_AVAILABLE,competitive,1.0,0.719,6,6
places.city-coworking,es-ES,13,0,shape_measured_2026_10_01,,0,NATIVE_LOCALE,SOURCE_AVAILABLE,competitive,1.0,0.691,6,6
places.city-coworking,fr-FR,39,0,shape_measured_2026_10_01,,0,NATIVE_LOCALE,SOURCE_AVAILABLE,competitive,1.0,0.605,6,6
places.city-coworking,it-IT,10,0,shape_measured_2026_10_01,,0,NATIVE_LOCALE,SOURCE_AVAILABLE,competitive,1.0,0.677,6,6
places.city-coworking,ja-JP,10,0,shape_measured_2026_10_01,,0,NATIVE_LOCALE,SOURCE_AVAILABLE,competitive,1.0,0.699,6,6
places.city-coworking,nl-NL,13,0,shape_measured_2026_10_01,,0,NATIVE_LOCALE,SOURCE_AVAILABLE,competitive,1.0,0.673,6,6
places.city-coworking,pl-PL,6,0,shape_measured_2026_10_01,,0,NATIVE_LOCALE,SOURCE_AVAILABLE,competitive,1.0,0.699,6,6
places.city-coworking,pt-BR,7,0,shape_measured_2026_10_01,,0,NATIVE_LOCALE,SOURCE_AVAILABLE,competitive,1.0,0.463,6,6
places.city-cuisine,de-DE,1062,0,shape_measured_2026_10_01,,0,NATIVE_LOCALE,SOURCE_AVAILABLE,viable,1.0,0.63,6,6
places.city-cuisine,en-GB,1285,0,shape_measured_2026_10_01,,0,NATIVE_LOCALE,SOURCE_AVAILABLE,viable,1.0,0.543,6,6
places.city-cuisine,en-US,5019,0,shape_measured_2026_10_01,,0,NATIVE_LOCALE,SOURCE_AVAILABLE,viable,1.0,0.645,6,6
places.city-cuisine,es-ES,791,0,shape_measured_2026_10_01,,0,NATIVE_LOCALE,SOURCE_AVAILABLE,viable,1.0,0.641,6,6
places.city-cuisine,fr-FR,1156,0,shape_measured_2026_10_01,,0,NATIVE_LOCALE,SOURCE_AVAILABLE,viable,1.0,0.625,6,6
places.city-cuisine,it-IT,658,0,shape_measured_2026_10_01,,0,NATIVE_LOCALE,SOURCE_AVAILABLE,viable,1.0,0.586,6,6
places.city-cuisine,ja-JP,1814,0,shape_measured_2026_10_01,,0,NATIVE_LOCALE,SOURCE_AVAILABLE,viable,1.0,0.659,6,6
places.city-cuisine,nl-NL,498,0,shape_measured_2026_10_01,,0,NATIVE_LOCALE,SOURCE_AVAILABLE,viable,1.0,0.581,6,6
places.city-cuisine,pl-PL,507,0,shape_measured_2026_10_01,,0,NATIVE_LOCALE,SOURCE_AVAILABLE,viable,1.0,0.678,6,6
places.city-cuisine,pt-BR,473,0,shape_measured_2026_10_01,,0,NATIVE_LOCALE,SOURCE_AVAILABLE,viable,1.0,0.572,6,6
places.city-dentist,de-DE,142,0,shape_measured_2026_10_01,,0,NATIVE_LOCALE,SOURCE_AVAILABLE,competitive,1.0,0.558,6,6
places.city-dentist,en-GB,161,0,shape_measured_2026_10_01,,0,NATIVE_LOCALE,SOURCE_AVAILABLE,competitive,1.0,0.671,6,6
places.city-dentist,en-US,590,0,shape_measured_2026_10_01,,0,NATIVE_LOCALE,SOURCE_AVAILABLE,competitive,1.0,0.437,6,6
places.city-dentist,es-ES,115,0,shape_measured_2026_10_01,,0,NATIVE_LOCALE,SOURCE_AVAILABLE,competitive,1.0,0.602,6,6
places.city-dentist,fr-FR,104,0,shape_measured_2026_10_01,,0,NATIVE_LOCALE,SOURCE_AVAILABLE,competitive,1.0,0.604,6,6
places.city-dentist,it-IT,72,0,shape_measured_2026_10_01,,0,NATIVE_LOCALE,SOURCE_AVAILABLE,competitive,1.0,0.661,6,6
places.city-dentist,ja-JP,112,0,shape_measured_2026_10_01,,0,NATIVE_LOCALE,SOURCE_AVAILABLE,competitive,1.0,0.534,6,6
places.city-dentist,nl-NL,103,0,shape_measured_2026_10_01,,0,NATIVE_LOCALE,SOURCE_AVAILABLE,competitive,1.0,0.664,6,6
places.city-dentist,pl-PL,104,0,shape_measured_2026_10_01,,0,NATIVE_LOCALE,SOURCE_AVAILABLE,competitive,1.0,0.56,6,6
places.city-dentist,pt-BR,44,0,shape_measured_2026_10_01,,0,NATIVE_LOCALE,SOURCE_AVAILABLE,competitive,1.0,0.67,6,6
places.city-dentist,zh-Hant-TW,19,0,shape_measured_2026_10_01,,0,NATIVE_LOCALE,SOURCE_AVAILABLE,competitive,1.0,0.593,6,6
places.city-department_store,de-DE,64,0,shape_measured_2026_10_01,,0,NATIVE_LOCALE,SOURCE_AVAILABLE,competitive,1.0,0.864,6,6
places.city-department_store,en-GB,55,0,shape_measured_2026_10_01,,0,NATIVE_LOCALE,SOURCE_AVAILABLE,competitive,1.0,0.708,6,6
places.city-department_store,en-US,720,0,shape_measured_2026_10_01,,0,NATIVE_LOCALE,SOURCE_AVAILABLE,competitive,1.0,0.793,6,6
places.city-department_store,es-ES,10,0,shape_measured_2026_10_01,,0,NATIVE_LOCALE,SOURCE_AVAILABLE,competitive,1.0,0.806,6,6
places.city-department_store,fr-FR,9,0,shape_measured_2026_10_01,,0,NATIVE_LOCALE,SOURCE_AVAILABLE,competitive,1.0,0.865,6,6
places.city-department_store,it-IT,19,0,shape_measured_2026_10_01,,0,NATIVE_LOCALE,SOURCE_AVAILABLE,competitive,1.0,0.901,6,6
places.city-department_store,ja-JP,11,0,shape_measured_2026_10_01,,0,NATIVE_LOCALE,SOURCE_AVAILABLE,competitive,1.0,0.837,6,6
places.city-department_store,nl-NL,66,0,shape_measured_2026_10_01,,0,NATIVE_LOCALE,SOURCE_AVAILABLE,competitive,1.0,0.877,6,6
places.city-department_store,pl-PL,7,0,shape_measured_2026_10_01,,0,NATIVE_LOCALE,SOURCE_AVAILABLE,competitive,1.0,0.903,6,6
places.city-department_store,pt-BR,29,0,shape_measured_2026_10_01,,0,NATIVE_LOCALE,SOURCE_AVAILABLE,competitive,1.0,0.652,6,6
places.city-fast_food,de-DE,223,0,shape_measured_2026_10_01,,0,NATIVE_LOCALE,SOURCE_AVAILABLE,competitive,1.0,0.802,6,6
places.city-fast_food,en-GB,427,1,shape_measured_2026_10_01,,0,NATIVE_LOCALE,SOURCE_AVAILABLE,competitive,1.0,0.677,6,6
places.city-fast_food,en-US,1646,0,shape_measured_2026_10_01,,0,NATIVE_LOCALE,SOURCE_AVAILABLE,competitive,1.0,0.606,6,6
places.city-fast_food,es-ES,134,0,shape_measured_2026_10_01,,0,NATIVE_LOCALE,SOURCE_AVAILABLE,competitive,1.0,0.706,6,6
places.city-fast_food,fr-FR,350,0,shape_measured_2026_10_01,,0,NATIVE_LOCALE,SOURCE_AVAILABLE,competitive,1.0,0.708,6,6
places.city-fast_food,it-IT,173,0,shape_measured_2026_10_01,,0,NATIVE_LOCALE,SOURCE_AVAILABLE,competitive,1.0,0.743,6,6
places.city-fast_food,ja-JP,253,0,shape_measured_2026_10_01,,0,NATIVE_LOCALE,SOURCE_AVAILABLE,competitive,1.0,0.786,6,6
places.city-fast_food,nl-NL,135,0,shape_measured_2026_10_01,,0,NATIVE_LOCALE,SOURCE_AVAILABLE,competitive,1.0,0.775,6,6
places.city-fast_food,pl-PL,137,0,shape_measured_2026_10_01,,0,NATIVE_LOCALE,SOURCE_AVAILABLE,competitive,1.0,0.755,6,6
places.city-fast_food,pt-BR,137,0,shape_measured_2026_10_01,,0,NATIVE_LOCALE,SOURCE_AVAILABLE,competitive,1.0,0.687,6,6
places.city-gallery,de-DE,20,0,shape_measured_2026_10_01,,0,NATIVE_LOCALE,SOURCE_AVAILABLE,competitive,1.0,0.697,6,6
places.city-gallery,en-GB,30,0,shape_measured_2026_10_01,,0,NATIVE_LOCALE,SOURCE_AVAILABLE,competitive,1.0,0.601,6,6
places.city-gallery,en-US,109,0,shape_measured_2026_10_01,,0,NATIVE_LOCALE,SOURCE_AVAILABLE,competitive,1.0,0.392,6,6
places.city-gallery,es-ES,12,0,shape_measured_2026_10_01,,0,NATIVE_LOCALE,SOURCE_AVAILABLE,competitive,1.0,0.464,6,6
places.city-gallery,fr-FR,68,0,shape_measured_2026_10_01,,0,NATIVE_LOCALE,SOURCE_AVAILABLE,competitive,1.0,0.686,6,6
places.city-gallery,it-IT,18,0,shape_measured_2026_10_01,,0,NATIVE_LOCALE,SOURCE_AVAILABLE,competitive,1.0,0.691,6,6
places.city-gallery,ja-JP,10,0,shape_measured_2026_10_01,,0,NATIVE_LOCALE,SOURCE_AVAILABLE,competitive,1.0,0.641,6,6
places.city-gallery,nl-NL,21,0,shape_measured_2026_10_01,,0,NATIVE_LOCALE,SOURCE_AVAILABLE,competitive,1.0,0.704,6,6
places.city-gallery,pl-PL,16,0,shape_measured_2026_10_01,,0,NATIVE_LOCALE,SOURCE_AVAILABLE,competitive,1.0,0.693,6,6
places.city-gallery,pt-BR,5,0,shape_measured_2026_10_01,,0,NATIVE_LOCALE,SOURCE_AVAILABLE,competitive,1.0,0.706,5,5
places.city-garden,de-DE,1,0,shape_measured_2026_10_01,,0,NATIVE_LOCALE,SOURCE_AVAILABLE,competitive,1.0,,,1
places.city-garden,en-GB,4,0,shape_measured_2026_10_01,,0,NATIVE_LOCALE,SOURCE_AVAILABLE,competitive,1.0,0.559,4,4
places.city-garden,en-US,13,0,shape_measured_2026_10_01,,0,NATIVE_LOCALE,SOURCE_AVAILABLE,competitive,1.0,0.534,6,6
places.city-garden,fr-FR,4,0,shape_measured_2026_10_01,,0,NATIVE_LOCALE,SOURCE_AVAILABLE,competitive,1.0,0.593,4,4
places.city-garden,ja-JP,1,0,shape_measured_2026_10_01,,0,NATIVE_LOCALE,SOURCE_AVAILABLE,competitive,1.0,,,1
places.city-garden,nl-NL,1,0,shape_measured_2026_10_01,,0,NATIVE_LOCALE,SOURCE_AVAILABLE,competitive,1.0,,,1
places.city-golf_course,en-US,6,0,shape_measured_2026_10_01,,0,NATIVE_LOCALE,SOURCE_AVAILABLE,competitive,1.0,0.699,6,6
places.city-golf_course,ja-JP,4,0,shape_measured_2026_10_01,,0,NATIVE_LOCALE,SOURCE_AVAILABLE,competitive,1.0,0.844,4,4
places.city-guest_house,de-DE,59,0,shape_measured_2026_10_01,,0,NATIVE_LOCALE,SOURCE_AVAILABLE,competitive,1.0,0.766,6,6
places.city-guest_house,en-GB,62,0,shape_measured_2026_10_01,,0,NATIVE_LOCALE,SOURCE_AVAILABLE,competitive,1.0,0.771,6,6
places.city-guest_house,en-US,2,0,shape_measured_2026_10_01,,0,NATIVE_LOCALE,SOURCE_AVAILABLE,competitive,1.0,0.19,2,2
places.city-guest_house,es-ES,30,0,shape_measured_2026_10_01,,0,NATIVE_LOCALE,SOURCE_AVAILABLE,competitive,1.0,0.839,6,6
places.city-guest_house,fr-FR,34,0,shape_measured_2026_10_01,,0,NATIVE_LOCALE,SOURCE_AVAILABLE,competitive,1.0,0.814,6,6
places.city-guest_house,it-IT,148,0,shape_measured_2026_10_01,,0,NATIVE_LOCALE,SOURCE_AVAILABLE,competitive,1.0,0.779,6,6
places.city-guest_house,ja-JP,25,0,shape_measured_2026_10_01,,0,NATIVE_LOCALE,SOURCE_AVAILABLE,competitive,1.0,0.873,6,6
places.city-guest_house,nl-NL,67,0,shape_measured_2026_10_01,,0,NATIVE_LOCALE,SOURCE_AVAILABLE,competitive,1.0,0.827,6,6
places.city-guest_house,pl-PL,25,0,shape_measured_2026_10_01,,0,NATIVE_LOCALE,SOURCE_AVAILABLE,competitive,1.0,0.742,6,6
places.city-guest_house,pt-BR,24,0,shape_measured_2026_10_01,,0,NATIVE_LOCALE,SOURCE_AVAILABLE,competitive,1.0,0.743,6,6
places.city-gym,de-DE,45,0,shape_measured_2026_10_01,,0,NATIVE_LOCALE,SOURCE_AVAILABLE,competitive,1.0,0.65,6,6
places.city-gym,en-GB,107,0,shape_measured_2026_10_01,,0,NATIVE_LOCALE,SOURCE_AVAILABLE,competitive,1.0,0.527,6,6
places.city-gym,en-US,554,0,shape_measured_2026_10_01,,0,NATIVE_LOCALE,SOURCE_AVAILABLE,competitive,1.0,0.56,6,6
places.city-gym,es-ES,84,0,shape_measured_2026_10_01,,0,NATIVE_LOCALE,SOURCE_AVAILABLE,competitive,1.0,0.618,6,6
places.city-gym,fr-FR,165,0,shape_measured_2026_10_01,,0,NATIVE_LOCALE,SOURCE_AVAILABLE,competitive,1.0,0.6,6,6
places.city-gym,it-IT,68,0,shape_measured_2026_10_01,,0,NATIVE_LOCALE,SOURCE_AVAILABLE,competitive,1.0,0.653,6,6
places.city-gym,ja-JP,71,0,shape_measured_2026_10_01,,0,NATIVE_LOCALE,SOURCE_AVAILABLE,competitive,1.0,0.645,6,6
places.city-gym,nl-NL,75,0,shape_measured_2026_10_01,,0,NATIVE_LOCALE,SOURCE_AVAILABLE,competitive,1.0,0.675,6,6
places.city-gym,pl-PL,69,0,shape_measured_2026_10_01,,0,NATIVE_LOCALE,SOURCE_AVAILABLE,competitive,1.0,0.622,6,6
places.city-gym,pt-BR,73,0,shape_measured_2026_10_01,,0,NATIVE_LOCALE,SOURCE_AVAILABLE,competitive,1.0,0.534,6,6
places.city-hospital,de-DE,44,1,shape_measured_2026_10_01,,0,NATIVE_LOCALE,SOURCE_AVAILABLE,competitive,1.0,0.502,6,6
places.city-hospital,en-GB,60,1,shape_measured_2026_10_01,,0,NATIVE_LOCALE,SOURCE_AVAILABLE,competitive,1.0,0.406,6,6
places.city-hospital,en-US,151,25,shape_measured_2026_10_01,,0,NATIVE_LOCALE,SOURCE_AVAILABLE,competitive,1.0,0.359,6,6
places.city-hospital,es-ES,48,3,shape_measured_2026_10_01,,0,NATIVE_LOCALE,SOURCE_AVAILABLE,competitive,1.0,0.282,6,6
places.city-hospital,fr-FR,27,1,shape_measured_2026_10_01,,0,NATIVE_LOCALE,SOURCE_AVAILABLE,competitive,1.0,0.685,6,6
places.city-hospital,it-IT,20,2,shape_measured_2026_10_01,,0,NATIVE_LOCALE,SOURCE_AVAILABLE,competitive,1.0,0.438,6,6
places.city-hospital,ja-JP,130,18,shape_measured_2026_10_01,,0,NATIVE_LOCALE,SOURCE_AVAILABLE,competitive,1.0,0.463,6,6
places.city-hospital,nl-NL,3,0,shape_measured_2026_10_01,,0,NATIVE_LOCALE,SOURCE_AVAILABLE,competitive,1.0,0.614,3,3
places.city-hospital,pl-PL,13,2,shape_measured_2026_10_01,,0,NATIVE_LOCALE,SOURCE_AVAILABLE,competitive,1.0,0.355,6,6
places.city-hospital,pt-BR,47,5,shape_measured_2026_10_01,,0,NATIVE_LOCALE,SOURCE_AVAILABLE,competitive,1.0,0.478,6,6
places.city-hospital,zh-Hant-TW,21,1,shape_measured_2026_10_01,,0,NATIVE_LOCALE,SOURCE_AVAILABLE,competitive,1.0,0.659,6,6
places.city-hostel,de-DE,9,0,shape_measured_2026_10_01,,0,NATIVE_LOCALE,SOURCE_AVAILABLE,competitive,1.0,0.678,6,6
places.city-hostel,en-GB,10,0,shape_measured_2026_10_01,,0,NATIVE_LOCALE,SOURCE_AVAILABLE,competitive,1.0,0.573,6,6
places.city-hostel,en-US,12,0,shape_measured_2026_10_01,,0,NATIVE_LOCALE,SOURCE_AVAILABLE,competitive,1.0,0.42,6,6
places.city-hostel,es-ES,46,0,shape_measured_2026_10_01,,0,NATIVE_LOCALE,SOURCE_AVAILABLE,competitive,1.0,0.57,6,6
places.city-hostel,fr-FR,8,0,shape_measured_2026_10_01,,0,NATIVE_LOCALE,SOURCE_AVAILABLE,competitive,1.0,0.656,6,6
places.city-hostel,it-IT,17,0,shape_measured_2026_10_01,,0,NATIVE_LOCALE,SOURCE_AVAILABLE,competitive,1.0,0.647,6,6
places.city-hostel,ja-JP,26,0,shape_measured_2026_10_01,,0,NATIVE_LOCALE,SOURCE_AVAILABLE,competitive,1.0,0.517,6,6
places.city-hostel,nl-NL,8,0,shape_measured_2026_10_01,,0,NATIVE_LOCALE,SOURCE_AVAILABLE,competitive,1.0,0.683,6,6
places.city-hostel,pl-PL,36,0,shape_measured_2026_10_01,,0,NATIVE_LOCALE,SOURCE_AVAILABLE,competitive,1.0,0.586,6,6
places.city-hostel,pt-BR,27,0,shape_measured_2026_10_01,,0,NATIVE_LOCALE,SOURCE_AVAILABLE,competitive,1.0,0.634,6,6
places.city-library,de-DE,119,48,shape_measured_2026_10_01,,0,NATIVE_LOCALE,SOURCE_AVAILABLE,competitive,1.0,0.555,6,6
places.city-library,en-GB,58,5,shape_measured_2026_10_01,,0,NATIVE_LOCALE,SOURCE_AVAILABLE,competitive,1.0,0.635,6,6
places.city-library,en-US,143,12,shape_measured_2026_10_01,,0,NATIVE_LOCALE,SOURCE_AVAILABLE,competitive,1.0,0.497,6,6
places.city-library,es-ES,77,29,shape_measured_2026_10_01,,0,NATIVE_LOCALE,SOURCE_AVAILABLE,competitive,1.0,0.405,6,6
places.city-library,fr-FR,148,2,shape_measured_2026_10_01,,0,NATIVE_LOCALE,SOURCE_AVAILABLE,competitive,1.0,0.592,6,6
places.city-library,it-IT,95,15,shape_measured_2026_10_01,,0,NATIVE_LOCALE,SOURCE_AVAILABLE,competitive,1.0,0.614,6,6
places.city-library,ja-JP,65,1,shape_measured_2026_10_01,,0,NATIVE_LOCALE,SOURCE_AVAILABLE,competitive,1.0,0.642,6,6
places.city-library,nl-NL,66,1,shape_measured_2026_10_01,,0,NATIVE_LOCALE,SOURCE_AVAILABLE,competitive,1.0,0.635,6,6
places.city-library,pl-PL,99,7,shape_measured_2026_10_01,,0,NATIVE_LOCALE,SOURCE_AVAILABLE,competitive,1.0,0.606,6,6
places.city-library,pt-BR,18,0,shape_measured_2026_10_01,,0,NATIVE_LOCALE,SOURCE_AVAILABLE,competitive,1.0,0.591,6,6
places.city-library,zh-Hant-TW,3,0,shape_measured_2026_10_01,,0,NATIVE_LOCALE,SOURCE_AVAILABLE,competitive,1.0,0.53,3,3
places.city-mall,de-DE,1,0,shape_measured_2026_10_01,,0,NATIVE_LOCALE,SOURCE_AVAILABLE,competitive,1.0,,,1
places.city-mall,en-GB,1,0,shape_measured_2026_10_01,,0,NATIVE_LOCALE,SOURCE_AVAILABLE,competitive,1.0,,,1
places.city-mall,en-US,6,0,shape_measured_2026_10_01,,0,NATIVE_LOCALE,SOURCE_AVAILABLE,competitive,1.0,0.246,6,6
places.city-mall,es-ES,2,0,shape_measured_2026_10_01,,0,NATIVE_LOCALE,SOURCE_AVAILABLE,competitive,1.0,0.572,2,2
places.city-mall,it-IT,7,0,shape_measured_2026_10_01,,0,NATIVE_LOCALE,SOURCE_AVAILABLE,competitive,1.0,0.722,6,6
places.city-mall,ja-JP,16,0,shape_measured_2026_10_01,,0,NATIVE_LOCALE,SOURCE_AVAILABLE,competitive,1.0,0.614,6,6
places.city-mall,nl-NL,8,0,shape_measured_2026_10_01,,0,NATIVE_LOCALE,SOURCE_AVAILABLE,competitive,1.0,0.705,6,6
places.city-mall,pl-PL,6,0,shape_measured_2026_10_01,,0,NATIVE_LOCALE,SOURCE_AVAILABLE,competitive,1.0,0.655,6,6
places.city-mall,pt-BR,10,0,shape_measured_2026_10_01,,0,NATIVE_LOCALE,SOURCE_AVAILABLE,competitive,1.0,0.649,6,6
places.city-marina,de-DE,77,0,shape_measured_2026_10_01,,0,NATIVE_LOCALE,SOURCE_AVAILABLE,competitive,1.0,0.704,6,6
places.city-marina,en-GB,1,0,shape_measured_2026_10_01,,0,NATIVE_LOCALE,SOURCE_AVAILABLE,competitive,1.0,,,1
places.city-marina,en-US,23,0,shape_measured_2026_10_01,,0,NATIVE_LOCALE,SOURCE_AVAILABLE,competitive,1.0,0.627,6,6
places.city-marina,es-ES,3,0,shape_measured_2026_10_01,,0,NATIVE_LOCALE,SOURCE_AVAILABLE,competitive,1.0,0.76,3,3
places.city-marina,fr-FR,5,0,shape_measured_2026_10_01,,0,NATIVE_LOCALE,SOURCE_AVAILABLE,competitive,1.0,0.644,5,5
places.city-marina,it-IT,5,0,shape_measured_2026_10_01,,0,NATIVE_LOCALE,SOURCE_AVAILABLE,competitive,1.0,0.69,5,5
places.city-marina,nl-NL,17,0,shape_measured_2026_10_01,,0,NATIVE_LOCALE,SOURCE_AVAILABLE,competitive,1.0,0.636,6,6
places.city-marina,pl-PL,1,0,shape_measured_2026_10_01,,0,NATIVE_LOCALE,SOURCE_AVAILABLE,competitive,1.0,,,1
places.city-marina,pt-BR,1,0,shape_measured_2026_10_01,,0,NATIVE_LOCALE,SOURCE_AVAILABLE,competitive,1.0,,,1
places.city-market,de-DE,47,0,shape_measured_2026_10_01,,0,NATIVE_LOCALE,SOURCE_AVAILABLE,competitive,1.0,0.657,6,6
places.city-market,en-GB,23,0,shape_measured_2026_10_01,,0,NATIVE_LOCALE,SOURCE_AVAILABLE,competitive,1.0,0.615,6,6
places.city-market,en-US,102,0,shape_measured_2026_10_01,,0,NATIVE_LOCALE,SOURCE_AVAILABLE,competitive,1.0,0.642,6,6
places.city-market,es-ES,26,0,shape_measured_2026_10_01,,0,NATIVE_LOCALE,SOURCE_AVAILABLE,competitive,1.0,0.723,6,6
places.city-market,fr-FR,121,0,shape_measured_2026_10_01,,0,NATIVE_LOCALE,SOURCE_AVAILABLE,competitive,1.0,0.663,6,6
places.city-market,it-IT,29,0,shape_measured_2026_10_01,,0,NATIVE_LOCALE,SOURCE_AVAILABLE,competitive,1.0,0.718,6,6
places.city-market,ja-JP,3,0,shape_measured_2026_10_01,,0,NATIVE_LOCALE,SOURCE_AVAILABLE,competitive,1.0,0.702,3,3
places.city-market,nl-NL,15,0,shape_measured_2026_10_01,,0,NATIVE_LOCALE,SOURCE_AVAILABLE,competitive,1.0,0.694,6,6
places.city-market,pl-PL,6,0,shape_measured_2026_10_01,,0,NATIVE_LOCALE,SOURCE_AVAILABLE,competitive,1.0,0.745,6,6
places.city-market,pt-BR,38,0,shape_measured_2026_10_01,,0,NATIVE_LOCALE,SOURCE_AVAILABLE,competitive,1.0,0.631,6,6
places.city-museum,de-DE,113,0,shape_measured_2026_10_01,,0,NATIVE_LOCALE,SOURCE_AVAILABLE,competitive,1.0,0.573,6,6
places.city-museum,en-GB,77,0,shape_measured_2026_10_01,,0,NATIVE_LOCALE,SOURCE_AVAILABLE,competitive,1.0,0.666,6,6
places.city-museum,en-US,186,0,shape_measured_2026_10_01,,0,NATIVE_LOCALE,SOURCE_AVAILABLE,competitive,1.0,0.707,6,6
places.city-museum,es-ES,75,0,shape_measured_2026_10_01,,0,NATIVE_LOCALE,SOURCE_AVAILABLE,competitive,1.0,0.565,6,6
places.city-museum,fr-FR,96,0,shape_measured_2026_10_01,,0,NATIVE_LOCALE,SOURCE_AVAILABLE,competitive,1.0,0.642,6,6
places.city-museum,it-IT,152,0,shape_measured_2026_10_01,,0,NATIVE_LOCALE,SOURCE_AVAILABLE,competitive,1.0,0.613,6,6
places.city-museum,ja-JP,123,0,shape_measured_2026_10_01,,0,NATIVE_LOCALE,SOURCE_AVAILABLE,competitive,1.0,0.693,6,6
places.city-museum,nl-NL,85,0,shape_measured_2026_10_01,,0,NATIVE_LOCALE,SOURCE_AVAILABLE,competitive,1.0,0.656,6,6
places.city-museum,pl-PL,50,0,shape_measured_2026_10_01,,0,NATIVE_LOCALE,SOURCE_AVAILABLE,competitive,1.0,0.599,6,6
places.city-museum,pt-BR,28,0,shape_measured_2026_10_01,,0,NATIVE_LOCALE,SOURCE_AVAILABLE,competitive,1.0,0.647,6,6
places.city-nature_reserve,en-GB,3,0,shape_measured_2026_10_01,,0,NATIVE_LOCALE,SOURCE_AVAILABLE,competitive,1.0,0.821,3,3
places.city-nature_reserve,en-US,16,0,shape_measured_2026_10_01,,0,NATIVE_LOCALE,SOURCE_AVAILABLE,competitive,1.0,0.801,6,6
places.city-nature_reserve,pt-BR,1,0,shape_measured_2026_10_01,,0,NATIVE_LOCALE,SOURCE_AVAILABLE,competitive,1.0,,,1
places.city-nightclub,de-DE,41,0,shape_measured_2026_10_01,,0,NATIVE_LOCALE,SOURCE_AVAILABLE,competitive,1.0,0.649,6,6
places.city-nightclub,en-GB,21,0,shape_measured_2026_10_01,,0,NATIVE_LOCALE,SOURCE_AVAILABLE,competitive,1.0,0.732,6,6
places.city-nightclub,en-US,49,0,shape_measured_2026_10_01,,0,NATIVE_LOCALE,SOURCE_AVAILABLE,competitive,1.0,0.719,6,6
places.city-nightclub,es-ES,33,0,shape_measured_2026_10_01,,0,NATIVE_LOCALE,SOURCE_AVAILABLE,competitive,1.0,0.794,6,6
places.city-nightclub,fr-FR,35,0,shape_measured_2026_10_01,,0,NATIVE_LOCALE,SOURCE_AVAILABLE,competitive,1.0,0.733,6,6
places.city-nightclub,it-IT,17,0,shape_measured_2026_10_01,,0,NATIVE_LOCALE,SOURCE_AVAILABLE,competitive,1.0,0.683,6,6
places.city-nightclub,ja-JP,14,0,shape_measured_2026_10_01,,0,NATIVE_LOCALE,SOURCE_AVAILABLE,competitive,1.0,0.695,6,6
places.city-nightclub,nl-NL,10,0,shape_measured_2026_10_01,,0,NATIVE_LOCALE,SOURCE_AVAILABLE,competitive,1.0,0.725,6,6
places.city-nightclub,pl-PL,21,0,shape_measured_2026_10_01,,0,NATIVE_LOCALE,SOURCE_AVAILABLE,competitive,1.0,0.709,6,6
places.city-nightclub,pt-BR,11,0,shape_measured_2026_10_01,,0,NATIVE_LOCALE,SOURCE_AVAILABLE,competitive,1.0,0.496,6,6
places.city-opening,de-DE,719,0,shape_measured_2026_10_01,,0,NATIVE_LOCALE,SOURCE_AVAILABLE,viable,1.0,0.645,6,6
places.city-opening,en-GB,267,0,shape_measured_2026_10_01,,0,NATIVE_LOCALE,SOURCE_AVAILABLE,viable,1.0,0.674,6,6
places.city-opening,en-US,1078,0,shape_measured_2026_10_01,,0,NATIVE_LOCALE,SOURCE_AVAILABLE,viable,1.0,0.641,6,6
places.city-opening,es-ES,240,0,shape_measured_2026_10_01,,0,NATIVE_LOCALE,SOURCE_AVAILABLE,viable,1.0,0.668,6,6
places.city-opening,fr-FR,132,0,shape_measured_2026_10_01,,0,NATIVE_LOCALE,SOURCE_AVAILABLE,viable,1.0,0.622,6,6
places.city-opening,it-IT,166,0,shape_measured_2026_10_01,,0,NATIVE_LOCALE,SOURCE_AVAILABLE,viable,1.0,0.719,6,6
places.city-opening,ja-JP,597,0,shape_measured_2026_10_01,,0,NATIVE_LOCALE,SOURCE_AVAILABLE,viable,1.0,0.635,6,6
places.city-opening,nl-NL,85,0,shape_measured_2026_10_01,,0,NATIVE_LOCALE,SOURCE_AVAILABLE,viable,1.0,0.714,6,6
places.city-opening,pl-PL,181,0,shape_measured_2026_10_01,,0,NATIVE_LOCALE,SOURCE_AVAILABLE,viable,1.0,0.702,6,6
places.city-opening,pt-BR,267,0,shape_measured_2026_10_01,,0,NATIVE_LOCALE,SOURCE_AVAILABLE,viable,1.0,0.619,6,6
places.city-opening,zh-Hant-TW,21,0,shape_measured_2026_10_01,,0,NATIVE_LOCALE,SOURCE_AVAILABLE,viable,1.0,0.702,6,6
places.city-park,en-GB,2,0,shape_measured_2026_10_01,,0,NATIVE_LOCALE,SOURCE_AVAILABLE,competitive,1.0,0.662,2,2
places.city-park,en-US,27,0,shape_measured_2026_10_01,,0,NATIVE_LOCALE,SOURCE_AVAILABLE,competitive,1.0,0.597,6,6
places.city-park,es-ES,3,0,shape_measured_2026_10_01,,0,NATIVE_LOCALE,SOURCE_AVAILABLE,competitive,1.0,0.689,3,3
places.city-park,fr-FR,4,0,shape_measured_2026_10_01,,0,NATIVE_LOCALE,SOURCE_AVAILABLE,competitive,1.0,0.64,4,4
places.city-park,it-IT,3,0,shape_measured_2026_10_01,,0,NATIVE_LOCALE,SOURCE_AVAILABLE,competitive,1.0,0.719,3,3
places.city-park,ja-JP,8,0,shape_measured_2026_10_01,,0,NATIVE_LOCALE,SOURCE_AVAILABLE,competitive,1.0,0.633,6,6
places.city-park,pl-PL,1,0,shape_measured_2026_10_01,,0,NATIVE_LOCALE,SOURCE_AVAILABLE,competitive,1.0,,,1
places.city-park,pt-BR,6,0,shape_measured_2026_10_01,,0,NATIVE_LOCALE,SOURCE_AVAILABLE,competitive,1.0,0.504,6,6
places.city-parking,de-DE,54,0,shape_measured_2026_10_01,,0,NATIVE_LOCALE,SOURCE_AVAILABLE,competitive,1.0,0.605,6,6
places.city-parking,en-GB,10,0,shape_measured_2026_10_01,,0,NATIVE_LOCALE,SOURCE_AVAILABLE,competitive,1.0,0.675,6,6
places.city-parking,en-US,18,0,shape_measured_2026_10_01,,0,NATIVE_LOCALE,SOURCE_AVAILABLE,competitive,1.0,0.457,6,6
places.city-parking,es-ES,35,0,shape_measured_2026_10_01,,0,NATIVE_LOCALE,SOURCE_AVAILABLE,competitive,1.0,0.607,6,6
places.city-parking,fr-FR,46,0,shape_measured_2026_10_01,,0,NATIVE_LOCALE,SOURCE_AVAILABLE,competitive,1.0,0.636,6,6
places.city-parking,it-IT,16,0,shape_measured_2026_10_01,,0,NATIVE_LOCALE,SOURCE_AVAILABLE,competitive,1.0,0.678,6,6
places.city-parking,ja-JP,29,0,shape_measured_2026_10_01,,0,NATIVE_LOCALE,SOURCE_AVAILABLE,competitive,1.0,0.597,6,6
places.city-parking,nl-NL,21,0,shape_measured_2026_10_01,,0,NATIVE_LOCALE,SOURCE_AVAILABLE,competitive,1.0,0.677,6,6
places.city-parking,pl-PL,1,0,shape_measured_2026_10_01,,0,NATIVE_LOCALE,SOURCE_AVAILABLE,competitive,1.0,,,1
places.city-parking,pt-BR,13,0,shape_measured_2026_10_01,,0,NATIVE_LOCALE,SOURCE_AVAILABLE,competitive,1.0,0.532,6,6
places.city-pharmacy,de-DE,389,0,shape_measured_2026_10_01,,0,NATIVE_LOCALE,SOURCE_AVAILABLE,competitive,1.0,0.579,6,6
places.city-pharmacy,en-GB,252,1,shape_measured_2026_10_01,,0,NATIVE_LOCALE,SOURCE_AVAILABLE,competitive,1.0,0.649,6,6
places.city-pharmacy,en-US,414,0,shape_measured_2026_10_01,,0,NATIVE_LOCALE,SOURCE_AVAILABLE,competitive,1.0,0.775,6,6
places.city-pharmacy,es-ES,241,0,shape_measured_2026_10_01,,0,NATIVE_LOCALE,SOURCE_AVAILABLE,competitive,1.0,0.503,6,6
places.city-pharmacy,fr-FR,401,0,shape_measured_2026_10_01,,0,NATIVE_LOCALE,SOURCE_AVAILABLE,competitive,1.0,0.677,6,6
places.city-pharmacy,it-IT,303,0,shape_measured_2026_10_01,,0,NATIVE_LOCALE,SOURCE_AVAILABLE,competitive,1.0,0.504,6,6
places.city-pharmacy,ja-JP,198,0,shape_measured_2026_10_01,,0,NATIVE_LOCALE,SOURCE_AVAILABLE,competitive,1.0,0.643,6,6
places.city-pharmacy,nl-NL,62,0,shape_measured_2026_10_01,,0,NATIVE_LOCALE,SOURCE_AVAILABLE,competitive,1.0,0.59,6,6
places.city-pharmacy,pl-PL,243,0,shape_measured_2026_10_01,,0,NATIVE_LOCALE,SOURCE_AVAILABLE,competitive,1.0,0.638,6,6
places.city-pharmacy,pt-BR,158,0,shape_measured_2026_10_01,,0,NATIVE_LOCALE,SOURCE_AVAILABLE,competitive,1.0,0.672,6,6
places.city-pharmacy,zh-Hant-TW,30,0,shape_measured_2026_10_01,,0,NATIVE_LOCALE,SOURCE_AVAILABLE,competitive,1.0,0.506,6,6
places.city-pub,de-DE,157,0,shape_measured_2026_10_01,,0,NATIVE_LOCALE,SOURCE_AVAILABLE,competitive,1.0,0.637,6,6
places.city-pub,en-GB,324,0,shape_measured_2026_10_01,,0,NATIVE_LOCALE,SOURCE_AVAILABLE,competitive,1.0,0.603,6,6
places.city-pub,en-US,117,0,shape_measured_2026_10_01,,0,NATIVE_LOCALE,SOURCE_AVAILABLE,competitive,1.0,0.452,6,6
places.city-pub,es-ES,118,0,shape_measured_2026_10_01,,0,NATIVE_LOCALE,SOURCE_AVAILABLE,competitive,1.0,0.665,6,6
places.city-pub,fr-FR,76,0,shape_measured_2026_10_01,,0,NATIVE_LOCALE,SOURCE_AVAILABLE,competitive,1.0,0.692,6,6
places.city-pub,it-IT,84,0,shape_measured_2026_10_01,,0,NATIVE_LOCALE,SOURCE_AVAILABLE,competitive,1.0,0.655,6,6
places.city-pub,ja-JP,118,0,shape_measured_2026_10_01,,0,NATIVE_LOCALE,SOURCE_AVAILABLE,competitive,1.0,0.673,6,6
places.city-pub,nl-NL,60,0,shape_measured_2026_10_01,,0,NATIVE_LOCALE,SOURCE_AVAILABLE,competitive,1.0,0.613,6,6
places.city-pub,pl-PL,46,0,shape_measured_2026_10_01,,0,NATIVE_LOCALE,SOURCE_AVAILABLE,competitive,1.0,0.635,6,6
places.city-pub,pt-BR,49,0,shape_measured_2026_10_01,,0,NATIVE_LOCALE,SOURCE_AVAILABLE,competitive,1.0,0.653,6,6
places.city-railway_station,de-DE,11,0,shape_measured_2026_10_01,,0,NATIVE_LOCALE,SOURCE_AVAILABLE,competitive,1.0,0.812,6,6
places.city-railway_station,en-GB,12,0,shape_measured_2026_10_01,,0,NATIVE_LOCALE,SOURCE_AVAILABLE,competitive,1.0,0.779,6,6
places.city-railway_station,en-US,54,0,shape_measured_2026_10_01,,0,NATIVE_LOCALE,SOURCE_AVAILABLE,competitive,1.0,0.74,6,6
places.city-railway_station,es-ES,19,0,shape_measured_2026_10_01,,0,NATIVE_LOCALE,SOURCE_AVAILABLE,competitive,1.0,0.753,6,6
places.city-railway_station,fr-FR,12,0,shape_measured_2026_10_01,,0,NATIVE_LOCALE,SOURCE_AVAILABLE,competitive,1.0,0.625,6,6
places.city-railway_station,it-IT,37,0,shape_measured_2026_10_01,,0,NATIVE_LOCALE,SOURCE_AVAILABLE,competitive,1.0,0.8,6,6
places.city-railway_station,ja-JP,54,0,shape_measured_2026_10_01,,0,NATIVE_LOCALE,SOURCE_AVAILABLE,competitive,1.0,0.837,6,6
places.city-railway_station,nl-NL,19,0,shape_measured_2026_10_01,,0,NATIVE_LOCALE,SOURCE_AVAILABLE,competitive,1.0,0.811,6,6
places.city-railway_station,pt-BR,11,0,shape_measured_2026_10_01,,0,NATIVE_LOCALE,SOURCE_AVAILABLE,competitive,1.0,0.744,6,6
places.city-restaurant,de-DE,528,0,shape_measured_2026_10_01,,0,NATIVE_LOCALE,SOURCE_AVAILABLE,competitive,1.0,0.675,6,6
places.city-restaurant,en-GB,318,0,shape_measured_2026_10_01,,0,NATIVE_LOCALE,SOURCE_AVAILABLE,competitive,1.0,0.737,6,6
places.city-restaurant,en-US,1624,0,shape_measured_2026_10_01,,0,NATIVE_LOCALE,SOURCE_AVAILABLE,competitive,1.0,0.566,6,6
places.city-restaurant,es-ES,323,0,shape_measured_2026_10_01,,0,NATIVE_LOCALE,SOURCE_AVAILABLE,competitive,1.0,0.668,6,6
places.city-restaurant,fr-FR,445,0,shape_measured_2026_10_01,,0,NATIVE_LOCALE,SOURCE_AVAILABLE,competitive,1.0,0.659,6,6
places.city-restaurant,it-IT,401,0,shape_measured_2026_10_01,,0,NATIVE_LOCALE,SOURCE_AVAILABLE,competitive,1.0,0.691,6,6
places.city-restaurant,ja-JP,419,0,shape_measured_2026_10_01,,0,NATIVE_LOCALE,SOURCE_AVAILABLE,competitive,1.0,0.688,6,6
places.city-restaurant,nl-NL,192,0,shape_measured_2026_10_01,,0,NATIVE_LOCALE,SOURCE_AVAILABLE,competitive,1.0,0.545,6,6
places.city-restaurant,pl-PL,192,0,shape_measured_2026_10_01,,0,NATIVE_LOCALE,SOURCE_AVAILABLE,competitive,1.0,0.732,6,6
places.city-restaurant,pt-BR,196,0,shape_measured_2026_10_01,,0,NATIVE_LOCALE,SOURCE_AVAILABLE,competitive,1.0,0.586,6,6
places.city-school,de-DE,65,0,shape_measured_2026_10_01,,0,NATIVE_LOCALE,SOURCE_AVAILABLE,competitive,1.0,0.647,6,6
places.city-school,en-GB,30,0,shape_measured_2026_10_01,,0,NATIVE_LOCALE,SOURCE_AVAILABLE,competitive,1.0,0.652,6,6
places.city-school,en-US,387,0,shape_measured_2026_10_01,,0,NATIVE_LOCALE,SOURCE_AVAILABLE,competitive,1.0,0.358,6,6
places.city-school,es-ES,58,0,shape_measured_2026_10_01,,0,NATIVE_LOCALE,SOURCE_AVAILABLE,competitive,1.0,0.482,6,6
places.city-school,fr-FR,211,0,shape_measured_2026_10_01,,0,NATIVE_LOCALE,SOURCE_AVAILABLE,competitive,1.0,0.484,6,6
places.city-school,it-IT,96,0,shape_measured_2026_10_01,,0,NATIVE_LOCALE,SOURCE_AVAILABLE,competitive,1.0,0.688,6,6
places.city-school,ja-JP,66,0,shape_measured_2026_10_01,,0,NATIVE_LOCALE,SOURCE_AVAILABLE,competitive,1.0,0.691,6,6
places.city-school,nl-NL,115,0,shape_measured_2026_10_01,,0,NATIVE_LOCALE,SOURCE_AVAILABLE,competitive,1.0,0.562,6,6
places.city-school,pl-PL,86,0,shape_measured_2026_10_01,,0,NATIVE_LOCALE,SOURCE_AVAILABLE,competitive,1.0,0.6,6,6
places.city-school,pt-BR,296,0,shape_measured_2026_10_01,,0,NATIVE_LOCALE,SOURCE_AVAILABLE,competitive,1.0,0.434,6,6
places.city-shopping_mall,de-DE,34,0,shape_measured_2026_10_01,,0,NATIVE_LOCALE,SOURCE_AVAILABLE,competitive,1.0,0.494,6,6
places.city-shopping_mall,en-GB,50,0,shape_measured_2026_10_01,,0,NATIVE_LOCALE,SOURCE_AVAILABLE,competitive,1.0,0.481,6,6
places.city-shopping_mall,en-US,196,2,shape_measured_2026_10_01,,0,NATIVE_LOCALE,SOURCE_AVAILABLE,competitive,1.0,0.41,6,6
places.city-shopping_mall,es-ES,13,0,shape_measured_2026_10_01,,0,NATIVE_LOCALE,SOURCE_AVAILABLE,competitive,1.0,0.561,6,6
places.city-shopping_mall,fr-FR,23,0,shape_measured_2026_10_01,,0,NATIVE_LOCALE,SOURCE_AVAILABLE,competitive,1.0,0.572,6,6
places.city-shopping_mall,it-IT,4,0,shape_measured_2026_10_01,,0,NATIVE_LOCALE,SOURCE_AVAILABLE,competitive,1.0,0.554,4,4
places.city-shopping_mall,ja-JP,162,0,shape_measured_2026_10_01,,0,NATIVE_LOCALE,SOURCE_AVAILABLE,competitive,1.0,0.345,6,6
places.city-shopping_mall,nl-NL,12,0,shape_measured_2026_10_01,,0,NATIVE_LOCALE,SOURCE_AVAILABLE,competitive,1.0,0.491,6,6
places.city-shopping_mall,pl-PL,24,0,shape_measured_2026_10_01,,0,NATIVE_LOCALE,SOURCE_AVAILABLE,competitive,1.0,0.636,6,6
places.city-shopping_mall,pt-BR,26,0,shape_measured_2026_10_01,,0,NATIVE_LOCALE,SOURCE_AVAILABLE,competitive,1.0,0.593,6,6
places.city-shopping_mall,zh-Hant-TW,14,0,shape_measured_2026_10_01,,0,NATIVE_LOCALE,SOURCE_AVAILABLE,competitive,1.0,0.549,6,6
places.city-sport,de-DE,38,0,shape_measured_2026_10_01,,0,NATIVE_LOCALE,SOURCE_AVAILABLE,competitive,1.0,0.525,6,6
places.city-sport,en-US,61,0,shape_measured_2026_10_01,,0,NATIVE_LOCALE,SOURCE_AVAILABLE,competitive,1.0,0.537,6,6
places.city-sport,pl-PL,18,0,shape_measured_2026_10_01,,0,NATIVE_LOCALE,SOURCE_AVAILABLE,competitive,1.0,0.564,6,6
places.city-sport,pt-BR,16,0,shape_measured_2026_10_01,,0,NATIVE_LOCALE,SOURCE_AVAILABLE,competitive,1.0,0.502,6,6
places.city-sports_centre,de-DE,108,0,shape_measured_2026_10_01,,0,NATIVE_LOCALE,SOURCE_AVAILABLE,competitive,1.0,0.85,6,6
places.city-sports_centre,en-GB,61,0,shape_measured_2026_10_01,,0,NATIVE_LOCALE,SOURCE_AVAILABLE,competitive,1.0,0.836,6,6
places.city-sports_centre,en-US,195,0,shape_measured_2026_10_01,,0,NATIVE_LOCALE,SOURCE_AVAILABLE,competitive,1.0,0.754,6,6
places.city-sports_centre,es-ES,48,0,shape_measured_2026_10_01,,0,NATIVE_LOCALE,SOURCE_AVAILABLE,competitive,1.0,0.785,6,6
places.city-sports_centre,fr-FR,133,0,shape_measured_2026_10_01,,0,NATIVE_LOCALE,SOURCE_AVAILABLE,competitive,1.0,0.792,6,6
places.city-sports_centre,it-IT,63,0,shape_measured_2026_10_01,,0,NATIVE_LOCALE,SOURCE_AVAILABLE,competitive,1.0,0.898,6,6
places.city-sports_centre,ja-JP,26,0,shape_measured_2026_10_01,,0,NATIVE_LOCALE,SOURCE_AVAILABLE,competitive,1.0,0.851,6,6
places.city-sports_centre,nl-NL,162,0,shape_measured_2026_10_01,,0,NATIVE_LOCALE,SOURCE_AVAILABLE,competitive,1.0,0.825,6,6
places.city-sports_centre,pl-PL,48,0,shape_measured_2026_10_01,,0,NATIVE_LOCALE,SOURCE_AVAILABLE,competitive,1.0,0.854,6,6
places.city-sports_centre,pt-BR,25,0,shape_measured_2026_10_01,,0,NATIVE_LOCALE,SOURCE_AVAILABLE,competitive,1.0,0.441,6,6
places.city-stadium,de-DE,3,0,shape_measured_2026_10_01,,0,NATIVE_LOCALE,SOURCE_AVAILABLE,competitive,1.0,0.414,3,3
places.city-stadium,en-GB,18,0,shape_measured_2026_10_01,,0,NATIVE_LOCALE,SOURCE_AVAILABLE,competitive,1.0,0.367,6,6
places.city-stadium,en-US,120,1,shape_measured_2026_10_01,,0,NATIVE_LOCALE,SOURCE_AVAILABLE,competitive,1.0,0.503,6,6
places.city-stadium,es-ES,3,0,shape_measured_2026_10_01,,0,NATIVE_LOCALE,SOURCE_AVAILABLE,competitive,1.0,0.733,3,3
places.city-stadium,fr-FR,10,0,shape_measured_2026_10_01,,0,NATIVE_LOCALE,SOURCE_AVAILABLE,competitive,1.0,0.679,6,6
places.city-stadium,it-IT,4,0,shape_measured_2026_10_01,,0,NATIVE_LOCALE,SOURCE_AVAILABLE,competitive,1.0,0.493,4,4
places.city-stadium,ja-JP,18,0,shape_measured_2026_10_01,,0,NATIVE_LOCALE,SOURCE_AVAILABLE,competitive,1.0,0.628,6,6
places.city-stadium,nl-NL,1,0,shape_measured_2026_10_01,,0,NATIVE_LOCALE,SOURCE_AVAILABLE,competitive,1.0,,,1
places.city-stadium,pl-PL,5,0,shape_measured_2026_10_01,,0,NATIVE_LOCALE,SOURCE_AVAILABLE,competitive,1.0,0.351,5,5
places.city-stadium,pt-BR,9,0,shape_measured_2026_10_01,,0,NATIVE_LOCALE,SOURCE_AVAILABLE,competitive,1.0,0.602,6,6
places.city-stadium,zh-Hant-TW,1,0,shape_measured_2026_10_01,,0,NATIVE_LOCALE,SOURCE_AVAILABLE,competitive,1.0,,,1
places.city-supermarket,de-DE,174,0,shape_measured_2026_10_01,,0,NATIVE_LOCALE,SOURCE_AVAILABLE,competitive,1.0,0.746,6,6
places.city-supermarket,en-GB,82,0,shape_measured_2026_10_01,,0,NATIVE_LOCALE,SOURCE_AVAILABLE,competitive,1.0,0.724,6,6
places.city-supermarket,en-US,352,0,shape_measured_2026_10_01,,0,NATIVE_LOCALE,SOURCE_AVAILABLE,competitive,1.0,0.471,6,6
places.city-supermarket,es-ES,233,0,shape_measured_2026_10_01,,0,NATIVE_LOCALE,SOURCE_AVAILABLE,competitive,1.0,0.641,6,6
places.city-supermarket,fr-FR,205,0,shape_measured_2026_10_01,,0,NATIVE_LOCALE,SOURCE_AVAILABLE,competitive,1.0,0.652,6,6
places.city-supermarket,it-IT,245,0,shape_measured_2026_10_01,,0,NATIVE_LOCALE,SOURCE_AVAILABLE,competitive,1.0,0.677,6,6
places.city-supermarket,ja-JP,262,0,shape_measured_2026_10_01,,0,NATIVE_LOCALE,SOURCE_AVAILABLE,competitive,1.0,0.711,6,6
places.city-supermarket,nl-NL,143,0,shape_measured_2026_10_01,,0,NATIVE_LOCALE,SOURCE_AVAILABLE,competitive,1.0,0.782,6,6
places.city-supermarket,pl-PL,131,0,shape_measured_2026_10_01,,0,NATIVE_LOCALE,SOURCE_AVAILABLE,competitive,1.0,0.682,6,6
places.city-supermarket,pt-BR,143,0,shape_measured_2026_10_01,,0,NATIVE_LOCALE,SOURCE_AVAILABLE,competitive,1.0,0.668,6,6
places.city-swimming_pool,de-DE,1,0,shape_measured_2026_10_01,,0,NATIVE_LOCALE,SOURCE_AVAILABLE,competitive,1.0,,,1
places.city-swimming_pool,es-ES,1,0,shape_measured_2026_10_01,,0,NATIVE_LOCALE,SOURCE_AVAILABLE,competitive,1.0,,,1
places.city-swimming_pool,fr-FR,1,0,shape_measured_2026_10_01,,0,NATIVE_LOCALE,SOURCE_AVAILABLE,competitive,1.0,,,1
places.city-swimming_pool,it-IT,2,0,shape_measured_2026_10_01,,0,NATIVE_LOCALE,SOURCE_AVAILABLE,competitive,1.0,0.92,2,2
places.city-swimming_pool,nl-NL,2,0,shape_measured_2026_10_01,,0,NATIVE_LOCALE,SOURCE_AVAILABLE,competitive,1.0,0.794,2,2
places.city-swimming_pool,pl-PL,3,0,shape_measured_2026_10_01,,0,NATIVE_LOCALE,SOURCE_AVAILABLE,competitive,1.0,0.916,3,3
places.city-theatre,de-DE,54,0,shape_measured_2026_10_01,,0,NATIVE_LOCALE,SOURCE_AVAILABLE,competitive,1.0,0.651,6,6
places.city-theatre,en-GB,23,0,shape_measured_2026_10_01,,0,NATIVE_LOCALE,SOURCE_AVAILABLE,competitive,1.0,0.601,6,6
places.city-theatre,en-US,119,0,shape_measured_2026_10_01,,0,NATIVE_LOCALE,SOURCE_AVAILABLE,competitive,1.0,0.68,6,6
places.city-theatre,es-ES,24,0,shape_measured_2026_10_01,,0,NATIVE_LOCALE,SOURCE_AVAILABLE,competitive,1.0,0.575,6,6
places.city-theatre,fr-FR,85,0,shape_measured_2026_10_01,,0,NATIVE_LOCALE,SOURCE_AVAILABLE,competitive,1.0,0.607,6,6
places.city-theatre,it-IT,36,0,shape_measured_2026_10_01,,0,NATIVE_LOCALE,SOURCE_AVAILABLE,competitive,1.0,0.464,6,6
places.city-theatre,ja-JP,25,0,shape_measured_2026_10_01,,0,NATIVE_LOCALE,SOURCE_AVAILABLE,competitive,1.0,0.552,6,6
places.city-theatre,nl-NL,52,0,shape_measured_2026_10_01,,0,NATIVE_LOCALE,SOURCE_AVAILABLE,competitive,1.0,0.665,6,6
places.city-theatre,pl-PL,15,0,shape_measured_2026_10_01,,0,NATIVE_LOCALE,SOURCE_AVAILABLE,competitive,1.0,0.557,6,6
places.city-theatre,pt-BR,12,0,shape_measured_2026_10_01,,0,NATIVE_LOCALE,SOURCE_AVAILABLE,competitive,1.0,0.657,6,6
places.city-theme_park,en-GB,1,0,shape_measured_2026_10_01,,0,NATIVE_LOCALE,SOURCE_AVAILABLE,competitive,1.0,,,1
places.city-theme_park,en-US,2,0,shape_measured_2026_10_01,,0,NATIVE_LOCALE,SOURCE_AVAILABLE,competitive,1.0,0.853,2,2
places.city-theme_park,fr-FR,7,0,shape_measured_2026_10_01,,0,NATIVE_LOCALE,SOURCE_AVAILABLE,competitive,1.0,0.852,6,6
places.city-theme_park,it-IT,1,0,shape_measured_2026_10_01,,0,NATIVE_LOCALE,SOURCE_AVAILABLE,competitive,1.0,,,1
places.city-theme_park,ja-JP,2,0,shape_measured_2026_10_01,,0,NATIVE_LOCALE,SOURCE_AVAILABLE,competitive,1.0,0.853,2,2
places.city-theme_park,pl-PL,5,0,shape_measured_2026_10_01,,0,NATIVE_LOCALE,SOURCE_AVAILABLE,competitive,1.0,0.783,5,5
places.city-theme_park,pt-BR,1,0,shape_measured_2026_10_01,,0,NATIVE_LOCALE,SOURCE_AVAILABLE,competitive,1.0,,,1
places.city-university,de-DE,11,2,shape_measured_2026_10_01,,0,NATIVE_LOCALE,SOURCE_AVAILABLE,competitive,1.0,0.516,6,6
places.city-university,en-GB,17,4,shape_measured_2026_10_01,,0,NATIVE_LOCALE,SOURCE_AVAILABLE,competitive,1.0,0.442,6,6
places.city-university,en-US,169,12,shape_measured_2026_10_01,,0,NATIVE_LOCALE,SOURCE_AVAILABLE,competitive,1.0,0.73,6,6
places.city-university,es-ES,13,2,shape_measured_2026_10_01,,0,NATIVE_LOCALE,SOURCE_AVAILABLE,competitive,1.0,0.681,6,6
places.city-university,fr-FR,55,1,shape_measured_2026_10_01,,0,NATIVE_LOCALE,SOURCE_AVAILABLE,competitive,1.0,0.498,6,6
places.city-university,it-IT,32,6,shape_measured_2026_10_01,,0,NATIVE_LOCALE,SOURCE_AVAILABLE,competitive,1.0,0.538,6,6
places.city-university,ja-JP,128,6,shape_measured_2026_10_01,,0,NATIVE_LOCALE,SOURCE_AVAILABLE,competitive,1.0,0.639,6,6
places.city-university,nl-NL,15,0,shape_measured_2026_10_01,,0,NATIVE_LOCALE,SOURCE_AVAILABLE,competitive,1.0,0.692,6,6
places.city-university,pl-PL,25,6,shape_measured_2026_10_01,,0,NATIVE_LOCALE,SOURCE_AVAILABLE,competitive,1.0,0.452,6,6
places.city-university,pt-BR,55,8,shape_measured_2026_10_01,,0,NATIVE_LOCALE,SOURCE_AVAILABLE,competitive,1.0,0.39,6,6
places.city-university,zh-Hant-TW,15,0,shape_measured_2026_10_01,,0,NATIVE_LOCALE,SOURCE_AVAILABLE,competitive,1.0,0.742,6,6
places.city-veterinary,de-DE,45,0,shape_measured_2026_10_01,,0,NATIVE_LOCALE,SOURCE_AVAILABLE,competitive,1.0,0.683,6,6
places.city-veterinary,en-GB,49,0,shape_measured_2026_10_01,,0,NATIVE_LOCALE,SOURCE_AVAILABLE,competitive,1.0,0.628,6,6
places.city-veterinary,en-US,184,0,shape_measured_2026_10_01,,0,NATIVE_LOCALE,SOURCE_AVAILABLE,competitive,1.0,0.728,6,6
places.city-veterinary,es-ES,77,0,shape_measured_2026_10_01,,0,NATIVE_LOCALE,SOURCE_AVAILABLE,competitive,1.0,0.644,6,6
places.city-veterinary,fr-FR,88,0,shape_measured_2026_10_01,,0,NATIVE_LOCALE,SOURCE_AVAILABLE,competitive,1.0,0.705,6,6
places.city-veterinary,it-IT,43,0,shape_measured_2026_10_01,,0,NATIVE_LOCALE,SOURCE_AVAILABLE,competitive,1.0,0.752,6,6
places.city-veterinary,ja-JP,47,0,shape_measured_2026_10_01,,0,NATIVE_LOCALE,SOURCE_AVAILABLE,competitive,1.0,0.759,6,6
places.city-veterinary,nl-NL,38,0,shape_measured_2026_10_01,,0,NATIVE_LOCALE,SOURCE_AVAILABLE,competitive,1.0,0.597,6,6
places.city-veterinary,pl-PL,79,0,shape_measured_2026_10_01,,0,NATIVE_LOCALE,SOURCE_AVAILABLE,competitive,1.0,0.686,6,6
places.city-veterinary,pt-BR,36,0,shape_measured_2026_10_01,,0,NATIVE_LOCALE,SOURCE_AVAILABLE,competitive,1.0,0.61,6,6
places.city-veterinary,zh-Hant-TW,9,0,shape_measured_2026_10_01,,0,NATIVE_LOCALE,SOURCE_AVAILABLE,competitive,1.0,0.578,6,6
places.city-viewpoint,de-DE,14,0,shape_measured_2026_10_01,,0,NATIVE_LOCALE,SOURCE_AVAILABLE,competitive,1.0,0.525,6,6
places.city-viewpoint,en-GB,1,0,shape_measured_2026_10_01,,0,NATIVE_LOCALE,SOURCE_AVAILABLE,competitive,1.0,,,1
places.city-viewpoint,en-US,6,0,shape_measured_2026_10_01,,0,NATIVE_LOCALE,SOURCE_AVAILABLE,competitive,1.0,0.66,6,6
places.city-viewpoint,es-ES,3,0,shape_measured_2026_10_01,,0,NATIVE_LOCALE,SOURCE_AVAILABLE,competitive,1.0,0.69,3,3
places.city-viewpoint,fr-FR,1,0,shape_measured_2026_10_01,,0,NATIVE_LOCALE,SOURCE_AVAILABLE,competitive,1.0,,,1
places.city-viewpoint,it-IT,1,0,shape_measured_2026_10_01,,0,NATIVE_LOCALE,SOURCE_AVAILABLE,competitive,1.0,,,1
places.city-viewpoint,ja-JP,10,0,shape_measured_2026_10_01,,0,NATIVE_LOCALE,SOURCE_AVAILABLE,competitive,1.0,0.787,6,6
places.city-viewpoint,nl-NL,3,0,shape_measured_2026_10_01,,0,NATIVE_LOCALE,SOURCE_AVAILABLE,competitive,1.0,0.688,3,3
places.city-viewpoint,pl-PL,3,0,shape_measured_2026_10_01,,0,NATIVE_LOCALE,SOURCE_AVAILABLE,competitive,1.0,0.638,3,3
places.city-water_park,de-DE,4,0,shape_measured_2026_10_01,,0,NATIVE_LOCALE,SOURCE_AVAILABLE,competitive,1.0,0.803,4,4
places.city-water_park,it-IT,2,0,shape_measured_2026_10_01,,0,NATIVE_LOCALE,SOURCE_AVAILABLE,competitive,1.0,0.873,2,2
places.city-water_park,pt-BR,1,0,shape_measured_2026_10_01,,0,NATIVE_LOCALE,SOURCE_AVAILABLE,competitive,1.0,,,1
places.city-zoo,en-US,2,0,shape_measured_2026_10_01,,0,NATIVE_LOCALE,SOURCE_AVAILABLE,competitive,1.0,0.678,2,2
places.city-zoo,it-IT,1,0,shape_measured_2026_10_01,,0,NATIVE_LOCALE,SOURCE_AVAILABLE,competitive,1.0,,,1
places.city-zoo,ja-JP,1,0,shape_measured_2026_10_01,,0,NATIVE_LOCALE,SOURCE_AVAILABLE,competitive,1.0,,,1
places.city-zoo,nl-NL,7,0,shape_measured_2026_10_01,,0,NATIVE_LOCALE,SOURCE_AVAILABLE,competitive,1.0,0.742,6,6
places.city-zoo,pl-PL,2,0,shape_measured_2026_10_01,,0,NATIVE_LOCALE,SOURCE_AVAILABLE,competitive,1.0,0.684,2,2
places.neighbourhood-category,de-DE,127,0,measured_in_this_market,museen berlin,9200,NATIVE_LOCALE,SOURCE_AVAILABLE,unsampled_needs_serp_check,1.0,0.821,6,6
places.neighbourhood-category,en-GB,43,0,measured_in_this_market,rooftop bar london,5400,NATIVE_LOCALE,SOURCE_AVAILABLE,unsampled_needs_serp_check,1.0,0.821,6,6
places.neighbourhood-category,en-US,192,0,measured_in_this_market,coworking space,13000,NATIVE_LOCALE,SOURCE_AVAILABLE,unsampled_needs_serp_check,1.0,0.819,6,6
places.neighbourhood-category,es-ES,180,0,measured_in_this_market,coworking,14000,NATIVE_LOCALE,SOURCE_AVAILABLE,unsampled_needs_serp_check,1.0,0.748,6,6
places.neighbourhood-category,fr-FR,33,0,measured_in_this_market,brunch paris,23000,NATIVE_LOCALE,SOURCE_AVAILABLE,unsampled_needs_serp_check,1.0,0.81,6,6
places.neighbourhood-category,it-IT,45,0,measured_in_this_market,coworking,5900,NATIVE_LOCALE,SOURCE_AVAILABLE,unsampled_needs_serp_check,1.0,0.84,6,6
places.neighbourhood-category,ja-JP,80,0,measured_in_this_market,コワーキングスペース,40000,NATIVE_LOCALE,SOURCE_AVAILABLE,unsampled_needs_serp_check,1.0,0.833,6,6
places.neighbourhood-category,nl-NL,8,0,measured_in_this_market,restaurants amsterdam,6500,NATIVE_LOCALE,SOURCE_AVAILABLE,unsampled_needs_serp_check,1.0,0.89,6,6
places.neighbourhood-category,pl-PL,17,0,measured_in_this_market,restauracje warszawa,9800,NATIVE_LOCALE,SOURCE_AVAILABLE,unsampled_needs_serp_check,1.0,0.746,6,6
places.neighbourhood-category,pt-BR,100,0,measured_in_this_market,coworking,55000,NATIVE_LOCALE,SOURCE_AVAILABLE,unsampled_needs_serp_check,1.0,0.858,6,6
poi.aquarium-notable,de-DE,1,0,shape_measured_2026_10_01,,0,NATIVE_LOCALE,SOURCE_AVAILABLE,competitive,1.0,,,1
poi.aquarium-notable,en-GB,2,0,shape_measured_2026_10_01,,0,NATIVE_LOCALE,SOURCE_AVAILABLE,competitive,1.0,0.797,2,2
poi.aquarium-notable,en-US,1,0,shape_measured_2026_10_01,,0,NATIVE_LOCALE,SOURCE_AVAILABLE,competitive,1.0,,,1
poi.aquarium-notable,fr-FR,1,0,shape_measured_2026_10_01,,0,NATIVE_LOCALE,SOURCE_AVAILABLE,competitive,1.0,,,1
poi.aquarium-notable,ja-JP,2,0,shape_measured_2026_10_01,,0,NATIVE_LOCALE,SOURCE_AVAILABLE,competitive,1.0,0.891,2,2
poi.archaeological_site-notable,de-DE,3,0,shape_measured_2026_10_01,,0,NATIVE_LOCALE,SOURCE_AVAILABLE,competitive,1.0,0.476,3,3
poi.archaeological_site-notable,en-GB,14,0,shape_measured_2026_10_01,,0,NATIVE_LOCALE,SOURCE_AVAILABLE,competitive,1.0,0.525,6,6
poi.archaeological_site-notable,en-US,7,0,shape_measured_2026_10_01,,0,NATIVE_LOCALE,SOURCE_AVAILABLE,competitive,1.0,0.415,6,6
poi.archaeological_site-notable,es-ES,4,0,shape_measured_2026_10_01,,0,NATIVE_LOCALE,SOURCE_AVAILABLE,competitive,1.0,0.647,4,4
poi.archaeological_site-notable,it-IT,59,0,shape_measured_2026_10_01,,0,NATIVE_LOCALE,SOURCE_AVAILABLE,competitive,1.0,0.491,6,6
poi.archaeological_site-notable,ja-JP,4,0,shape_measured_2026_10_01,,0,NATIVE_LOCALE,SOURCE_AVAILABLE,competitive,1.0,0.86,4,4
poi.archaeological_site-notable,pt-BR,2,0,shape_measured_2026_10_01,,0,NATIVE_LOCALE,SOURCE_AVAILABLE,competitive,1.0,0.561,2,2
poi.art_museum-notable,en-GB,73,0,shape_measured_2026_10_01,,0,NATIVE_LOCALE,SOURCE_AVAILABLE,competitive,1.0,0.663,6,6
poi.art_museum-notable,es-ES,70,0,shape_measured_2026_10_01,,0,NATIVE_LOCALE,SOURCE_AVAILABLE,competitive,1.0,0.744,6,6
poi.art_museum-notable,ja-JP,91,0,shape_measured_2026_10_01,,0,NATIVE_LOCALE,SOURCE_AVAILABLE,competitive,1.0,0.874,6,6
poi.art_museum-notable,nl-NL,9,0,shape_measured_2026_10_01,,0,NATIVE_LOCALE,SOURCE_AVAILABLE,competitive,1.0,0.681,6,6
poi.art_museum-notable,pt-BR,22,0,shape_measured_2026_10_01,,0,NATIVE_LOCALE,SOURCE_AVAILABLE,competitive,1.0,0.699,6,6
poi.attraction-notable,de-DE,29,0,shape_measured_2026_10_01,,0,NATIVE_LOCALE,SOURCE_AVAILABLE,competitive,1.0,0.791,6,6
poi.attraction-notable,en-GB,44,0,shape_measured_2026_10_01,,0,NATIVE_LOCALE,SOURCE_AVAILABLE,competitive,1.0,0.772,6,6
poi.attraction-notable,en-US,19,0,shape_measured_2026_10_01,,0,NATIVE_LOCALE,SOURCE_AVAILABLE,competitive,1.0,0.714,6,6
poi.attraction-notable,es-ES,5,0,shape_measured_2026_10_01,,0,NATIVE_LOCALE,SOURCE_AVAILABLE,competitive,1.0,0.77,5,5
poi.attraction-notable,fr-FR,20,0,shape_measured_2026_10_01,,0,NATIVE_LOCALE,SOURCE_AVAILABLE,competitive,1.0,0.709,6,6
poi.attraction-notable,it-IT,10,0,shape_measured_2026_10_01,,0,NATIVE_LOCALE,SOURCE_AVAILABLE,competitive,1.0,0.662,6,6
poi.attraction-notable,ja-JP,11,0,shape_measured_2026_10_01,,0,NATIVE_LOCALE,SOURCE_AVAILABLE,competitive,1.0,0.848,6,6
poi.attraction-notable,nl-NL,6,0,shape_measured_2026_10_01,,0,NATIVE_LOCALE,SOURCE_AVAILABLE,competitive,1.0,0.773,6,6
poi.attraction-notable,pl-PL,19,0,shape_measured_2026_10_01,,0,NATIVE_LOCALE,SOURCE_AVAILABLE,competitive,1.0,0.862,6,6
poi.attraction-notable,pt-BR,2,0,shape_measured_2026_10_01,,0,NATIVE_LOCALE,SOURCE_AVAILABLE,competitive,1.0,0.779,2,2
poi.beach-notable,de-DE,2,0,shape_measured_2026_10_01,,0,NATIVE_LOCALE,SOURCE_AVAILABLE,competitive,1.0,0.561,2,2
poi.beach-notable,ja-JP,1,0,shape_measured_2026_10_01,,0,NATIVE_LOCALE,SOURCE_AVAILABLE,competitive,1.0,,,1
poi.botanical_garden-notable,de-DE,25,0,shape_measured_2026_10_01,,0,NATIVE_LOCALE,SOURCE_AVAILABLE,competitive,1.0,0.667,6,6
poi.botanical_garden-notable,en-GB,11,0,shape_measured_2026_10_01,,0,NATIVE_LOCALE,SOURCE_AVAILABLE,competitive,1.0,0.547,6,6
poi.botanical_garden-notable,en-US,26,0,shape_measured_2026_10_01,,0,NATIVE_LOCALE,SOURCE_AVAILABLE,competitive,1.0,0.588,6,6
poi.botanical_garden-notable,fr-FR,7,0,shape_measured_2026_10_01,,0,NATIVE_LOCALE,SOURCE_AVAILABLE,competitive,1.0,0.585,6,6
poi.botanical_garden-notable,it-IT,23,0,shape_measured_2026_10_01,,0,NATIVE_LOCALE,SOURCE_AVAILABLE,competitive,1.0,0.684,6,6
poi.botanical_garden-notable,ja-JP,25,0,shape_measured_2026_10_01,,0,NATIVE_LOCALE,SOURCE_AVAILABLE,competitive,1.0,0.88,6,6
poi.botanical_garden-notable,pl-PL,4,0,shape_measured_2026_10_01,,0,NATIVE_LOCALE,SOURCE_AVAILABLE,competitive,1.0,0.545,4,4
poi.botanical_garden-notable,pt-BR,5,0,shape_measured_2026_10_01,,0,NATIVE_LOCALE,SOURCE_AVAILABLE,competitive,1.0,0.733,5,5
poi.castle-notable,de-DE,11,0,shape_measured_2026_10_01,,0,NATIVE_LOCALE,SOURCE_AVAILABLE,competitive,1.0,0.581,6,6
poi.castle-notable,en-GB,11,0,shape_measured_2026_10_01,,0,NATIVE_LOCALE,SOURCE_AVAILABLE,competitive,1.0,0.713,6,6
poi.castle-notable,es-ES,4,0,shape_measured_2026_10_01,,0,NATIVE_LOCALE,SOURCE_AVAILABLE,competitive,1.0,0.585,4,4
poi.castle-notable,it-IT,17,0,shape_measured_2026_10_01,,0,NATIVE_LOCALE,SOURCE_AVAILABLE,competitive,1.0,0.701,6,6
poi.castle-notable,ja-JP,1,0,shape_measured_2026_10_01,,0,NATIVE_LOCALE,SOURCE_AVAILABLE,competitive,1.0,,,1
poi.castle-notable,nl-NL,1,0,shape_measured_2026_10_01,,0,NATIVE_LOCALE,SOURCE_AVAILABLE,competitive,1.0,,,1
poi.castle-notable,pl-PL,5,0,shape_measured_2026_10_01,,0,NATIVE_LOCALE,SOURCE_AVAILABLE,competitive,1.0,0.618,5,5
poi.gallery-notable,de-DE,9,0,shape_measured_2026_10_01,,0,NATIVE_LOCALE,SOURCE_AVAILABLE,competitive,1.0,0.692,6,6
poi.gallery-notable,en-GB,28,0,shape_measured_2026_10_01,,0,NATIVE_LOCALE,SOURCE_AVAILABLE,competitive,1.0,0.817,6,6
poi.gallery-notable,en-US,48,0,shape_measured_2026_10_01,,0,NATIVE_LOCALE,SOURCE_AVAILABLE,competitive,1.0,0.752,6,6
poi.gallery-notable,es-ES,2,0,shape_measured_2026_10_01,,0,NATIVE_LOCALE,SOURCE_AVAILABLE,competitive,1.0,0.526,2,2
poi.gallery-notable,fr-FR,4,0,shape_measured_2026_10_01,,0,NATIVE_LOCALE,SOURCE_AVAILABLE,competitive,1.0,0.813,4,4
poi.gallery-notable,it-IT,8,0,shape_measured_2026_10_01,,0,NATIVE_LOCALE,SOURCE_AVAILABLE,competitive,1.0,0.637,6,6
poi.gallery-notable,ja-JP,1,0,shape_measured_2026_10_01,,0,NATIVE_LOCALE,SOURCE_AVAILABLE,competitive,1.0,,,1
poi.gallery-notable,nl-NL,5,0,shape_measured_2026_10_01,,0,NATIVE_LOCALE,SOURCE_AVAILABLE,competitive,1.0,0.756,5,5
poi.gallery-notable,pl-PL,9,0,shape_measured_2026_10_01,,0,NATIVE_LOCALE,SOURCE_AVAILABLE,competitive,1.0,0.679,6,6
poi.museum-notable,de-DE,1062,0,shape_measured_2026_10_01,,0,NATIVE_LOCALE,SOURCE_AVAILABLE,competitive,1.0,0.431,6,6
poi.museum-notable,en-GB,380,0,shape_measured_2026_10_01,,0,NATIVE_LOCALE,SOURCE_AVAILABLE,competitive,1.0,0.417,6,6
poi.museum-notable,en-US,581,0,shape_measured_2026_10_01,,0,NATIVE_LOCALE,SOURCE_AVAILABLE,competitive,1.0,0.7,6,6
poi.museum-notable,es-ES,349,0,shape_measured_2026_10_01,,0,NATIVE_LOCALE,SOURCE_AVAILABLE,competitive,1.0,0.272,6,6
poi.museum-notable,fr-FR,319,0,shape_measured_2026_10_01,,0,NATIVE_LOCALE,SOURCE_AVAILABLE,competitive,1.0,0.365,6,6
poi.museum-notable,it-IT,790,0,shape_measured_2026_10_01,,0,NATIVE_LOCALE,SOURCE_AVAILABLE,competitive,1.0,0.378,6,6
poi.museum-notable,ja-JP,310,0,shape_measured_2026_10_01,,0,NATIVE_LOCALE,SOURCE_AVAILABLE,competitive,1.0,0.893,6,6
poi.museum-notable,nl-NL,381,0,shape_measured_2026_10_01,,0,NATIVE_LOCALE,SOURCE_AVAILABLE,competitive,1.0,0.568,6,6
poi.museum-notable,pl-PL,305,0,shape_measured_2026_10_01,,0,NATIVE_LOCALE,SOURCE_AVAILABLE,competitive,1.0,0.425,6,6
poi.museum-notable,pt-BR,375,0,shape_measured_2026_10_01,,0,NATIVE_LOCALE,SOURCE_AVAILABLE,competitive,1.0,0.452,6,6
poi.national_park-notable,fr-FR,1,0,shape_measured_2026_10_01,,0,NATIVE_LOCALE,SOURCE_AVAILABLE,competitive,1.0,,,1
poi.national_park-notable,pt-BR,1,0,shape_measured_2026_10_01,,0,NATIVE_LOCALE,SOURCE_AVAILABLE,competitive,1.0,,,1
poi.park-notable,de-DE,49,0,shape_measured_2026_10_01,,0,NATIVE_LOCALE,SOURCE_AVAILABLE,competitive,1.0,0.698,6,6
poi.park-notable,en-GB,21,0,shape_measured_2026_10_01,,0,NATIVE_LOCALE,SOURCE_AVAILABLE,competitive,1.0,0.643,6,6
poi.park-notable,en-US,89,0,shape_measured_2026_10_01,,0,NATIVE_LOCALE,SOURCE_AVAILABLE,competitive,1.0,0.667,6,6
poi.park-notable,es-ES,38,0,shape_measured_2026_10_01,,0,NATIVE_LOCALE,SOURCE_AVAILABLE,competitive,1.0,0.759,6,6
poi.park-notable,it-IT,22,0,shape_measured_2026_10_01,,0,NATIVE_LOCALE,SOURCE_AVAILABLE,competitive,1.0,0.711,6,6
poi.park-notable,ja-JP,56,0,shape_measured_2026_10_01,,0,NATIVE_LOCALE,SOURCE_AVAILABLE,competitive,1.0,0.874,6,6
poi.park-notable,nl-NL,17,0,shape_measured_2026_10_01,,0,NATIVE_LOCALE,SOURCE_AVAILABLE,competitive,1.0,0.673,6,6
poi.park-notable,pl-PL,3,0,shape_measured_2026_10_01,,0,NATIVE_LOCALE,SOURCE_AVAILABLE,competitive,1.0,0.648,3,3
poi.park-notable,pt-BR,7,0,shape_measured_2026_10_01,,0,NATIVE_LOCALE,SOURCE_AVAILABLE,competitive,1.0,0.634,6,6
poi.stadium-notable,ja-JP,2,0,shape_measured_2026_10_01,,0,NATIVE_LOCALE,SOURCE_AVAILABLE,competitive,1.0,0.939,2,2
poi.stadium-notable,pt-BR,1,0,shape_measured_2026_10_01,,0,NATIVE_LOCALE,SOURCE_AVAILABLE,competitive,1.0,,,1
poi.theatre-notable,de-DE,107,0,shape_measured_2026_10_01,,0,NATIVE_LOCALE,SOURCE_AVAILABLE,competitive,1.0,0.654,6,6
poi.theatre-notable,en-US,153,0,shape_measured_2026_10_01,,0,NATIVE_LOCALE,SOURCE_AVAILABLE,competitive,1.0,0.695,6,6
poi.theatre-notable,es-ES,48,0,shape_measured_2026_10_01,,0,NATIVE_LOCALE,SOURCE_AVAILABLE,competitive,1.0,0.706,6,6
poi.theatre-notable,fr-FR,95,0,shape_measured_2026_10_01,,0,NATIVE_LOCALE,SOURCE_AVAILABLE,competitive,1.0,0.71,6,6
poi.theatre-notable,it-IT,123,0,shape_measured_2026_10_01,,0,NATIVE_LOCALE,SOURCE_AVAILABLE,competitive,1.0,0.572,6,6
poi.theatre-notable,ja-JP,43,0,shape_measured_2026_10_01,,0,NATIVE_LOCALE,SOURCE_AVAILABLE,competitive,1.0,0.823,6,6
poi.theatre-notable,nl-NL,95,0,shape_measured_2026_10_01,,0,NATIVE_LOCALE,SOURCE_AVAILABLE,competitive,1.0,0.626,6,6
poi.theatre-notable,pl-PL,15,0,shape_measured_2026_10_01,,0,NATIVE_LOCALE,SOURCE_AVAILABLE,competitive,1.0,0.518,6,6
poi.theatre-notable,pt-BR,35,0,shape_measured_2026_10_01,,0,NATIVE_LOCALE,SOURCE_AVAILABLE,competitive,1.0,0.667,6,6
poi.theme_park-notable,de-DE,1,0,shape_measured_2026_10_01,,0,NATIVE_LOCALE,SOURCE_AVAILABLE,competitive,1.0,,,1
poi.theme_park-notable,en-GB,2,0,shape_measured_2026_10_01,,0,NATIVE_LOCALE,SOURCE_AVAILABLE,competitive,1.0,0.827,2,2
poi.theme_park-notable,en-US,3,0,shape_measured_2026_10_01,,0,NATIVE_LOCALE,SOURCE_AVAILABLE,competitive,1.0,0.764,3,3
poi.theme_park-notable,ja-JP,5,0,shape_measured_2026_10_01,,0,NATIVE_LOCALE,SOURCE_AVAILABLE,competitive,1.0,0.86,5,5
poi.theme_park-notable,nl-NL,1,0,shape_measured_2026_10_01,,0,NATIVE_LOCALE,SOURCE_AVAILABLE,competitive,1.0,,,1
poi.water_park-notable,fr-FR,1,0,shape_measured_2026_10_01,,0,NATIVE_LOCALE,SOURCE_AVAILABLE,competitive,1.0,,,1
poi.zoo-notable,de-DE,1,0,shape_measured_2026_10_01,,0,NATIVE_LOCALE,SOURCE_AVAILABLE,competitive,1.0,,,1
poi.zoo-notable,en-US,1,0,shape_measured_2026_10_01,,0,NATIVE_LOCALE,SOURCE_AVAILABLE,competitive,1.0,,,1
property.city-buy,de-DE,195,0,measured_in_this_market,immobilienpreise berlin,2300,NATIVE_LOCALE,FEED_REQUIRED,poor_fit,1.0,0.762,6,6
property.city-buy,en-GB,240,0,measured_in_this_market,houses for sale carlisle,7000,NATIVE_LOCALE,FEED_REQUIRED,poor_fit,1.0,0.789,6,6
property.city-buy,en-US,881,0,measured_in_this_market,homes for sale spokane,1700,NATIVE_LOCALE,FEED_REQUIRED,poor_fit,1.0,0.7,6,6
property.city-buy,es-ES,150,0,family_measured_elsewhere,,0,NATIVE_LOCALE,FEED_REQUIRED,poor_fit,1.0,0.746,6,6
property.city-buy,fr-FR,1,0,measured_in_this_market,prix immobilier paris,6800,NATIVE_LOCALE,FEED_REQUIRED,poor_fit,1.0,,,1
property.city-buy,it-IT,133,0,family_measured_elsewhere,,0,NATIVE_LOCALE,FEED_REQUIRED,poor_fit,1.0,0.884,6,6
property.city-buy,ja-JP,554,0,measured_in_this_market,松本 不動産,200,NATIVE_LOCALE,FEED_REQUIRED,poor_fit,1.0,0.9,6,6
property.city-buy,pl-PL,101,0,measured_in_this_market,ceny mieszkan warszawa,350,NATIVE_LOCALE,FEED_REQUIRED,poor_fit,1.0,0.804,6,6
property.city-buy,pt-BR,677,0,family_measured_elsewhere,,0,NATIVE_LOCALE,FEED_REQUIRED,poor_fit,1.0,0.757,6,6
property.city-buy,zh-Hant-TW,40,0,measured_in_this_market,嘉義 房價,60,NATIVE_LOCALE,FEED_REQUIRED,poor_fit,1.0,0.879,6,6
relocation.city,de-DE,195,0,measured_in_this_market,lebenshaltungskosten deutschland,2200,NATIVE_LOCALE,SOURCE_AVAILABLE,unsampled_needs_serp_check,1.0,0.775,6,6
relocation.city,en-GB,240,0,measured_in_this_market,cost of living in japan,3100,NATIVE_LOCALE,SOURCE_AVAILABLE,unsampled_needs_serp_check,1.0,0.789,6,6
relocation.city,en-US,881,0,measured_in_this_market,moving to new york,900,NATIVE_LOCALE,SOURCE_AVAILABLE,unsampled_needs_serp_check,1.0,0.756,6,6
relocation.city,es-ES,150,0,measured_in_this_market,coste de vida en suiza,100,NATIVE_LOCALE,SOURCE_AVAILABLE,unsampled_needs_serp_check,1.0,0.759,6,6
relocation.city,fr-FR,143,0,measured_in_this_market,cout de la vie ile maurice,300,NATIVE_LOCALE,SOURCE_AVAILABLE,unsampled_needs_serp_check,1.0,0.766,6,6
relocation.city,it-IT,133,0,measured_in_this_market,costo della vita in italia,350,NATIVE_LOCALE,SOURCE_AVAILABLE,unsampled_needs_serp_check,1.0,0.798,6,6
relocation.city,ja-JP,554,0,measured_in_this_market,タイ 生活費,250,NATIVE_LOCALE,SOURCE_AVAILABLE,unsampled_needs_serp_check,1.0,0.775,6,6
relocation.city,nl-NL,57,0,measured_in_this_market,levensonderhoud curacao,30,NATIVE_LOCALE,SOURCE_AVAILABLE,unsampled_needs_serp_check,1.0,0.771,6,6
relocation.city,pl-PL,101,0,measured_in_this_market,koszty życia w szwajcarii,150,NATIVE_LOCALE,SOURCE_AVAILABLE,unsampled_needs_serp_check,1.0,0.779,6,6
relocation.city,pt-BR,677,0,measured_in_this_market,custo de vida em portugal,2500,NATIVE_LOCALE,SOURCE_AVAILABLE,unsampled_needs_serp_check,1.0,0.743,6,6
relocation.city,zh-Hant-TW,40,0,family_measured_elsewhere,,0,NATIVE_LOCALE,SOURCE_AVAILABLE,unsampled_needs_serp_check,1.0,0.821,6,6
relocation.country,de-DE,1,248,measured_in_this_market,umzug nach deutschland,40,NATIVE_LOCALE,SOURCE_AVAILABLE,unsampled_needs_serp_check,1.0,,,1
relocation.country,en-GB,3,246,measured_in_this_market,cost of living in japan,3100,NATIVE_LOCALE,SOURCE_AVAILABLE,unsampled_needs_serp_check,1.0,0.794,3,3
relocation.country,es-ES,1,248,measured_in_this_market,coste de vida en suiza,100,NATIVE_LOCALE,SOURCE_AVAILABLE,unsampled_needs_serp_check,1.0,,,1
relocation.country,fr-FR,1,248,measured_in_this_market,demenager en france,70,NATIVE_LOCALE,SOURCE_AVAILABLE,unsampled_needs_serp_check,1.0,,,1
relocation.country,it-IT,1,248,measured_in_this_market,costo della vita in italia,350,NATIVE_LOCALE,SOURCE_AVAILABLE,unsampled_needs_serp_check,1.0,,,1
relocation.country,ja-JP,1,248,measured_in_this_market,タイ 生活費,250,NATIVE_LOCALE,SOURCE_AVAILABLE,unsampled_needs_serp_check,1.0,,,1
relocation.country,nl-NL,1,248,measured_in_this_market,verhuizen naar nederland,100,NATIVE_LOCALE,SOURCE_AVAILABLE,unsampled_needs_serp_check,1.0,,,1
relocation.country,pl-PL,1,248,measured_in_this_market,przeprowadzka do polski,70,NATIVE_LOCALE,SOURCE_AVAILABLE,unsampled_needs_serp_check,1.0,,,1
relocation.country,pt-BR,2,247,measured_in_this_market,custo de vida em portugal,2500,NATIVE_LOCALE,SOURCE_AVAILABLE,unsampled_needs_serp_check,1.0,0.791,2,2
rents.city,de-DE,868,0,measured_in_this_market,wohnung mieten berlin,14000,NATIVE_LOCALE,FEED_REQUIRED,competitive,1.0,0.693,6,6
rents.city,en-GB,240,0,measured_in_this_market,houses to rent hereford,1000,NATIVE_LOCALE,FEED_REQUIRED,competitive,1.0,0.787,6,6
rents.city,en-US,881,0,measured_in_this_market,apartments for rent boise,2000,NATIVE_LOCALE,FEED_REQUIRED,competitive,1.0,0.775,6,6
rents.city,es-ES,150,0,measured_in_this_market,alquiler zamora,700,NATIVE_LOCALE,FEED_REQUIRED,competitive,1.0,0.76,6,6
rents.city,fr-FR,143,0,measured_in_this_market,location appartement paris,11000,NATIVE_LOCALE,FEED_REQUIRED,competitive,1.0,0.751,6,6
rents.city,it-IT,133,0,measured_in_this_market,case in affitto avellino,700,NATIVE_LOCALE,FEED_REQUIRED,competitive,1.0,0.791,6,6
rents.city,ja-JP,554,0,measured_in_this_market,福井 賃貸,1600,NATIVE_LOCALE,FEED_REQUIRED,competitive,1.0,0.748,6,6
rents.city,pl-PL,1,0,measured_in_this_market,mieszkania do wynajecia warszawa,200,NATIVE_LOCALE,FEED_REQUIRED,competitive,1.0,,,1
rents.city,pt-BR,677,0,measured_in_this_market,aluguel itajai,2400,NATIVE_LOCALE,FEED_REQUIRED,competitive,1.0,0.713,6,6
rents.city,zh-Hant-TW,18,0,measured_in_this_market,嘉義 租屋,250,NATIVE_LOCALE,FEED_REQUIRED,competitive,1.0,0.81,6,6
rents.neighbourhood,de-DE,127,0,measured_in_this_market,wohnung mieten berlin,14000,NATIVE_LOCALE,FEED_REQUIRED,unsampled_needs_serp_check,1.0,0.762,6,6
rents.neighbourhood,en-GB,43,0,measured_in_this_market,houses to rent hereford,1000,NATIVE_LOCALE,FEED_REQUIRED,unsampled_needs_serp_check,1.0,0.762,6,6
rents.neighbourhood,en-US,192,0,measured_in_this_market,apartments for rent boise,2000,NATIVE_LOCALE,FEED_REQUIRED,unsampled_needs_serp_check,1.0,0.729,6,6
rents.neighbourhood,es-ES,180,0,measured_in_this_market,alquiler zamora,700,NATIVE_LOCALE,FEED_REQUIRED,unsampled_needs_serp_check,1.0,0.722,6,6
rents.neighbourhood,fr-FR,33,0,measured_in_this_market,location appartement paris,11000,NATIVE_LOCALE,FEED_REQUIRED,unsampled_needs_serp_check,1.0,0.67,6,6
rents.neighbourhood,it-IT,45,0,measured_in_this_market,case in affitto avellino,700,NATIVE_LOCALE,FEED_REQUIRED,unsampled_needs_serp_check,1.0,0.773,6,6
rents.neighbourhood,ja-JP,80,0,measured_in_this_market,福井 賃貸,1600,NATIVE_LOCALE,FEED_REQUIRED,unsampled_needs_serp_check,1.0,0.791,6,6
rents.neighbourhood,nl-NL,8,0,measured_in_this_market,appartement huren amsterdam,700,NATIVE_LOCALE,FEED_REQUIRED,unsampled_needs_serp_check,1.0,0.787,6,6
rents.neighbourhood,pl-PL,17,0,measured_in_this_market,mieszkania do wynajecia warszawa,200,NATIVE_LOCALE,FEED_REQUIRED,unsampled_needs_serp_check,1.0,0.606,6,6
rents.neighbourhood,pt-BR,100,0,measured_in_this_market,aluguel itajai,2400,NATIVE_LOCALE,FEED_REQUIRED,unsampled_needs_serp_check,1.0,0.761,6,6
safety.city,de-DE,38,0,measured_in_this_market,ist berlin sicher,90,NATIVE_LOCALE,SOURCE_AVAILABLE,unsampled_needs_serp_check,1.0,0.793,6,6
safety.city,en-GB,2,0,measured_in_this_market,is lincoln safe,40,NATIVE_LOCALE,SOURCE_AVAILABLE,unsampled_needs_serp_check,1.0,0.779,2,2
safety.city,en-US,129,0,measured_in_this_market,is new york safe,900,NATIVE_LOCALE,SOURCE_AVAILABLE,unsampled_needs_serp_check,1.0,0.754,6,6
safety.city,es-ES,30,0,family_measured_elsewhere,,0,NATIVE_LOCALE,SOURCE_AVAILABLE,unsampled_needs_serp_check,1.0,0.789,6,6
safety.city,fr-FR,13,0,measured_in_this_market,quartiers a eviter paris,10,NATIVE_LOCALE,SOURCE_AVAILABLE,unsampled_needs_serp_check,1.0,0.792,6,6
safety.city,it-IT,15,0,family_measured_elsewhere,,0,NATIVE_LOCALE,SOURCE_AVAILABLE,unsampled_needs_serp_check,1.0,0.805,6,6
safety.city,ja-JP,120,0,family_measured_elsewhere,,0,NATIVE_LOCALE,SOURCE_AVAILABLE,unsampled_needs_serp_check,1.0,0.806,6,6
safety.city,nl-NL,7,0,measured_in_this_market,is amsterdam veilig,50,NATIVE_LOCALE,SOURCE_AVAILABLE,unsampled_needs_serp_check,1.0,0.777,6,6
safety.city,pl-PL,16,0,measured_in_this_market,czy warszawa jest bezpieczna,150,NATIVE_LOCALE,SOURCE_AVAILABLE,unsampled_needs_serp_check,1.0,0.802,6,6
safety.city,pt-BR,159,0,family_measured_elsewhere,,0,NATIVE_LOCALE,SOURCE_AVAILABLE,unsampled_needs_serp_check,1.0,0.747,6,6
safety.city,zh-Hant-TW,18,0,family_measured_elsewhere,,0,NATIVE_LOCALE,SOURCE_AVAILABLE,unsampled_needs_serp_check,1.0,0.822,6,6
services.city-practical,de-DE,38,0,measured_in_this_market,anmeldung berlin,14000,NATIVE_LOCALE,SOURCE_AVAILABLE,unsampled_needs_serp_check,1.0,0.876,6,6
services.city-practical,en-GB,39,0,measured_in_this_market,parking lincoln,500,NATIVE_LOCALE,SOURCE_AVAILABLE,unsampled_needs_serp_check,1.0,0.798,6,6
services.city-practical,en-US,129,0,measured_in_this_market,spokane public library,1600,NATIVE_LOCALE,SOURCE_AVAILABLE,unsampled_needs_serp_check,1.0,0.831,6,6
services.city-practical,es-ES,150,0,family_measured_elsewhere,,0,NATIVE_LOCALE,SOURCE_AVAILABLE,unsampled_needs_serp_check,1.0,0.811,6,6
services.city-practical,fr-FR,143,0,measured_in_this_market,mairie quimper,1900,NATIVE_LOCALE,SOURCE_AVAILABLE,unsampled_needs_serp_check,1.0,0.858,6,6
services.city-practical,it-IT,133,0,family_measured_elsewhere,,0,NATIVE_LOCALE,SOURCE_AVAILABLE,unsampled_needs_serp_check,1.0,0.854,6,6
services.city-practical,ja-JP,120,0,measured_in_this_market,長野 プール,900,NATIVE_LOCALE,SOURCE_AVAILABLE,unsampled_needs_serp_check,1.0,0.885,6,6
services.city-practical,nl-NL,57,0,measured_in_this_market,zwembad hoorn,1400,NATIVE_LOCALE,SOURCE_AVAILABLE,unsampled_needs_serp_check,1.0,0.712,6,6
services.city-practical,pl-PL,101,0,measured_in_this_market,zlobek warszawa,40,NATIVE_LOCALE,SOURCE_AVAILABLE,unsampled_needs_serp_check,1.0,0.878,6,6
services.city-practical,pt-BR,677,0,family_measured_elsewhere,,0,NATIVE_LOCALE,SOURCE_AVAILABLE,unsampled_needs_serp_check,1.0,0.846,6,6
services.city-practical,zh-Hant-TW,5,0,measured_in_this_market,花蓮 圖書館,50,NATIVE_LOCALE,SOURCE_AVAILABLE,unsampled_needs_serp_check,1.0,0.816,5,5
sport.city-activity,de-DE,38,0,measured_in_this_market,laufstrecken berlin,100,NATIVE_LOCALE,SOURCE_AVAILABLE,unsampled_needs_serp_check,1.0,0.794,6,6
sport.city-activity,en-GB,39,0,family_measured_elsewhere,,0,NATIVE_LOCALE,SOURCE_AVAILABLE,unsampled_needs_serp_check,1.0,0.779,6,6
sport.city-activity,en-US,129,0,measured_in_this_market,running routes new york,10,NATIVE_LOCALE,SOURCE_AVAILABLE,unsampled_needs_serp_check,1.0,0.78,6,6
sport.city-activity,es-ES,30,0,family_measured_elsewhere,,0,NATIVE_LOCALE,SOURCE_AVAILABLE,unsampled_needs_serp_check,1.0,0.813,6,6
sport.city-activity,fr-FR,13,0,measured_in_this_market,ou courir a paris,150,NATIVE_LOCALE,SOURCE_AVAILABLE,unsampled_needs_serp_check,1.0,0.881,6,6
sport.city-activity,it-IT,15,0,family_measured_elsewhere,,0,NATIVE_LOCALE,SOURCE_AVAILABLE,unsampled_needs_serp_check,1.0,0.897,6,6
sport.city-activity,ja-JP,120,0,family_measured_elsewhere,,0,NATIVE_LOCALE,SOURCE_AVAILABLE,unsampled_needs_serp_check,1.0,0.837,6,6
sport.city-activity,nl-NL,7,0,measured_in_this_market,hardlooproutes amsterdam,50,NATIVE_LOCALE,SOURCE_AVAILABLE,unsampled_needs_serp_check,1.0,0.858,6,6
sport.city-activity,pl-PL,16,0,measured_in_this_market,bieganie warszawa,40,NATIVE_LOCALE,SOURCE_AVAILABLE,unsampled_needs_serp_check,1.0,0.78,6,6
sport.city-activity,pt-BR,159,0,family_measured_elsewhere,,0,NATIVE_LOCALE,SOURCE_AVAILABLE,unsampled_needs_serp_check,1.0,0.784,6,6
sport.city-activity,zh-Hant-TW,18,0,family_measured_elsewhere,,0,NATIVE_LOCALE,SOURCE_AVAILABLE,unsampled_needs_serp_check,1.0,0.861,6,6
stay.city-type,de-DE,888,8808,measured_in_this_market,hotel prag,7600,NATIVE_LOCALE,LICENCE_REQUIRED,unsampled_needs_serp_check,1.0,0.814,6,6
stay.city-type,en-GB,197,892,measured_in_this_market,rome hotels,3700,NATIVE_LOCALE,LICENCE_REQUIRED,unsampled_needs_serp_check,1.0,0.788,6,6
stay.city-type,es-ES,150,0,measured_in_this_market,hoteles segovia,1500,NATIVE_LOCALE,LICENCE_REQUIRED,unsampled_needs_serp_check,1.0,0.842,6,6
stay.city-type,fr-FR,143,0,measured_in_this_market,colocation paris,5000,NATIVE_LOCALE,LICENCE_REQUIRED,unsampled_needs_serp_check,1.0,0.881,6,6
stay.city-type,it-IT,15,0,measured_in_this_market,hotel matera,800,NATIVE_LOCALE,LICENCE_REQUIRED,unsampled_needs_serp_check,1.0,0.788,6,6
stay.city-type,ja-JP,554,0,measured_in_this_market,長野 ホテル,9000,NATIVE_LOCALE,LICENCE_REQUIRED,unsampled_needs_serp_check,1.0,0.844,6,6
stay.city-type,nl-NL,57,0,measured_in_this_market,hotel middelburg,3000,NATIVE_LOCALE,LICENCE_REQUIRED,unsampled_needs_serp_check,1.0,0.862,6,6
stay.city-type,pl-PL,1,0,measured_in_this_market,hotele warszawa centrum,500,NATIVE_LOCALE,LICENCE_REQUIRED,unsampled_needs_serp_check,1.0,,,1
stay.city-type,pt-BR,159,0,measured_in_this_market,hoteis itajai,350,NATIVE_LOCALE,LICENCE_REQUIRED,unsampled_needs_serp_check,1.0,0.761,6,6
stay.city-type,zh-Hant-TW,40,0,measured_in_this_market,宜蘭 住宿,2500,NATIVE_LOCALE,LICENCE_REQUIRED,unsampled_needs_serp_check,1.0,0.894,6,6
stay.near-venue,de-DE,621,0,measured_in_this_market,hotel prag,7600,NATIVE_LOCALE,LICENCE_REQUIRED,unsampled_needs_serp_check,1.0,0.687,6,6
stay.near-venue,en-GB,2588,2217,measured_in_this_market,rome hotels,3700,NATIVE_LOCALE,LICENCE_REQUIRED,unsampled_needs_serp_check,1.0,0.693,6,6
stay.near-venue,es-ES,214,0,measured_in_this_market,hoteles segovia,1500,NATIVE_LOCALE,LICENCE_REQUIRED,unsampled_needs_serp_check,1.0,0.72,6,6
stay.near-venue,fr-FR,295,0,measured_in_this_market,colocation paris,5000,NATIVE_LOCALE,LICENCE_REQUIRED,unsampled_needs_serp_check,1.0,0.735,6,6
stay.near-venue,it-IT,169,0,measured_in_this_market,hotel matera,800,NATIVE_LOCALE,LICENCE_REQUIRED,unsampled_needs_serp_check,1.0,0.731,6,6
stay.near-venue,ja-JP,376,0,measured_in_this_market,長野 ホテル,9000,NATIVE_LOCALE,LICENCE_REQUIRED,unsampled_needs_serp_check,1.0,0.675,6,6
stay.near-venue,nl-NL,129,0,measured_in_this_market,hotel middelburg,3000,NATIVE_LOCALE,LICENCE_REQUIRED,unsampled_needs_serp_check,1.0,0.744,6,6
stay.near-venue,pl-PL,172,0,measured_in_this_market,hotele warszawa centrum,500,NATIVE_LOCALE,LICENCE_REQUIRED,unsampled_needs_serp_check,1.0,0.655,6,6
stay.near-venue,pt-BR,241,0,measured_in_this_market,hoteis itajai,350,NATIVE_LOCALE,LICENCE_REQUIRED,unsampled_needs_serp_check,1.0,0.77,6,6
taxes.country-remote-work,de-DE,1,248,measured_in_this_market,durchschnittsgehalt deutschland,29000,NATIVE_LOCALE,SOURCE_AVAILABLE,unsampled_needs_serp_check,1.0,,,1
taxes.country-remote-work,en-GB,3,246,measured_in_this_market,average salary in italy,1400,NATIVE_LOCALE,SOURCE_AVAILABLE,unsampled_needs_serp_check,1.0,0.764,3,3
taxes.country-remote-work,es-ES,1,248,measured_in_this_market,salario medio españa,17000,NATIVE_LOCALE,SOURCE_AVAILABLE,unsampled_needs_serp_check,1.0,,,1
taxes.country-remote-work,fr-FR,1,248,measured_in_this_market,impots france etranger,0,NATIVE_LOCALE,SOURCE_AVAILABLE,unsampled_needs_serp_check,1.0,,,1
taxes.country-remote-work,it-IT,1,248,measured_in_this_market,stipendio medio italia,19000,NATIVE_LOCALE,SOURCE_AVAILABLE,unsampled_needs_serp_check,1.0,,,1
taxes.country-remote-work,ja-JP,1,248,measured_in_this_market,オーストリア 平均年収,0,NATIVE_LOCALE,SOURCE_AVAILABLE,unsampled_needs_serp_check,1.0,,,1
taxes.country-remote-work,nl-NL,1,248,measured_in_this_market,gemiddeld salaris nederland,8400,NATIVE_LOCALE,SOURCE_AVAILABLE,unsampled_needs_serp_check,1.0,,,1
taxes.country-remote-work,pl-PL,1,248,measured_in_this_market,średnie zarobki w polsce,3500,NATIVE_LOCALE,SOURCE_AVAILABLE,unsampled_needs_serp_check,1.0,,,1
taxes.country-remote-work,pt-BR,2,247,measured_in_this_market,salario medio portugal,200,NATIVE_LOCALE,SOURCE_AVAILABLE,unsampled_needs_serp_check,1.0,0.895,2,2
transport.city-getting-around,de-DE,195,0,measured_in_this_market,bvg fahrplan,29000,NATIVE_LOCALE,SOURCE_AVAILABLE,unsampled_needs_serp_check,1.0,0.885,6,6
transport.city-getting-around,en-GB,240,0,measured_in_this_market,taxi lincoln,1100,NATIVE_LOCALE,SOURCE_AVAILABLE,unsampled_needs_serp_check,1.0,0.883,6,6
transport.city-getting-around,en-US,129,0,measured_in_this_market,spokane transit,1300,NATIVE_LOCALE,SOURCE_AVAILABLE,unsampled_needs_serp_check,1.0,0.775,6,6
transport.city-getting-around,es-ES,150,0,family_measured_elsewhere,,0,NATIVE_LOCALE,SOURCE_AVAILABLE,unsampled_needs_serp_check,1.0,0.871,6,6
transport.city-getting-around,fr-FR,143,0,measured_in_this_market,bus albi,1600,NATIVE_LOCALE,SOURCE_AVAILABLE,unsampled_needs_serp_check,1.0,0.805,6,6
transport.city-getting-around,it-IT,133,0,family_measured_elsewhere,,0,NATIVE_LOCALE,SOURCE_AVAILABLE,unsampled_needs_serp_check,1.0,0.832,6,6
transport.city-getting-around,ja-JP,554,0,measured_in_this_market,長野 バス,800,NATIVE_LOCALE,SOURCE_AVAILABLE,unsampled_needs_serp_check,1.0,0.815,6,6
transport.city-getting-around,pl-PL,101,0,measured_in_this_market,rozklad jazdy ztm,7200,NATIVE_LOCALE,SOURCE_AVAILABLE,unsampled_needs_serp_check,1.0,0.791,6,6
transport.city-getting-around,pt-BR,677,0,family_measured_elsewhere,,0,NATIVE_LOCALE,SOURCE_AVAILABLE,unsampled_needs_serp_check,1.0,0.856,6,6
transport.city-getting-around,zh-Hant-TW,5,0,measured_in_this_market,嘉義 公車,40,NATIVE_LOCALE,SOURCE_AVAILABLE,unsampled_needs_serp_check,1.0,0.717,5,5
transport.route-from-market,de-DE,38,0,family_measured_elsewhere,,0,NATIVE_LOCALE,READY_NOW,unsampled_needs_serp_check,1.0,0.395,6,6
transport.route-from-market,en-GB,198,891,measured_in_this_market,dublin airport to city centre,4400,NATIVE_LOCALE,READY_NOW,unsampled_needs_serp_check,1.0,0.755,6,6
transport.route-from-market,es-ES,30,0,family_measured_elsewhere,,0,NATIVE_LOCALE,READY_NOW,unsampled_needs_serp_check,1.0,0.818,6,6
transport.route-from-market,fr-FR,13,0,family_measured_elsewhere,,0,NATIVE_LOCALE,READY_NOW,unsampled_needs_serp_check,1.0,0.839,6,6
transport.route-from-market,it-IT,15,0,family_measured_elsewhere,,0,NATIVE_LOCALE,READY_NOW,unsampled_needs_serp_check,1.0,0.801,6,6
transport.route-from-market,ja-JP,120,0,family_measured_elsewhere,,0,NATIVE_LOCALE,READY_NOW,unsampled_needs_serp_check,1.0,0.877,6,6
transport.route-from-market,nl-NL,7,0,family_measured_elsewhere,,0,NATIVE_LOCALE,READY_NOW,unsampled_needs_serp_check,1.0,0.864,6,6
transport.route-from-market,pl-PL,16,0,family_measured_elsewhere,,0,NATIVE_LOCALE,READY_NOW,unsampled_needs_serp_check,1.0,0.766,6,6
transport.route-from-market,pt-BR,159,0,family_measured_elsewhere,,0,NATIVE_LOCALE,READY_NOW,unsampled_needs_serp_check,1.0,0.746,6,6
transport.route-from-market,zh-Hant-TW,18,0,family_measured_elsewhere,,0,NATIVE_LOCALE,READY_NOW,unsampled_needs_serp_check,1.0,0.877,6,6
visas.country-work-permit,en-GB,2,247,measured_in_this_market,biometric residence permit,12000,NATIVE_LOCALE,SOURCE_AVAILABLE,unsampled_needs_serp_check,1.0,0.897,2,2
weather.city-month,de-DE,195,0,measured_in_this_market,wetter rom,14000,NATIVE_LOCALE,READY_NOW,unsampled_needs_serp_check,1.0,0.528,6,6
weather.city-month,en-GB,1155,2521,measured_in_this_market,weather lincoln,23000,NATIVE_LOCALE,READY_NOW,unsampled_needs_serp_check,1.0,0.76,6,6
weather.city-month,es-ES,150,0,measured_in_this_market,clima segovia,700,NATIVE_LOCALE,READY_NOW,unsampled_needs_serp_check,1.0,0.853,6,6
weather.city-month,fr-FR,143,0,measured_in_this_market,meteo vannes,85000,NATIVE_LOCALE,READY_NOW,unsampled_needs_serp_check,1.0,0.776,6,6
weather.city-month,it-IT,133,0,measured_in_this_market,clima matera,150,NATIVE_LOCALE,READY_NOW,unsampled_needs_serp_check,1.0,0.877,6,6
weather.city-month,ja-JP,554,0,measured_in_this_market,福井 天気,75000,NATIVE_LOCALE,READY_NOW,unsampled_needs_serp_check,1.0,0.708,6,6
weather.city-month,nl-NL,57,0,measured_in_this_market,weer assen,34000,NATIVE_LOCALE,READY_NOW,unsampled_needs_serp_check,1.0,0.894,6,6
weather.city-month,pl-PL,101,0,measured_in_this_market,klimat warszawa,40,NATIVE_LOCALE,READY_NOW,unsampled_needs_serp_check,1.0,0.578,6,6
weather.city-month,pt-BR,677,0,measured_in_this_market,clima uberlandia,1400,NATIVE_LOCALE,READY_NOW,unsampled_needs_serp_check,1.0,0.674,6,6
weather.city-month,zh-Hant-TW,40,0,measured_in_this_market,宜蘭 天氣,6100,NATIVE_LOCALE,READY_NOW,unsampled_needs_serp_check,1.0,0.862,6,6
work.city-jobs-category,de-DE,38,0,measured_in_this_market,englischsprachige jobs berlin,40,NATIVE_LOCALE,FEED_REQUIRED,unsampled_needs_serp_check,1.0,0.874,6,6
work.city-jobs-category,en-GB,39,0,family_measured_elsewhere,,0,NATIVE_LOCALE,FEED_REQUIRED,unsampled_needs_serp_check,1.0,0.854,6,6
work.city-jobs-category,en-US,129,0,family_measured_elsewhere,,0,NATIVE_LOCALE,FEED_REQUIRED,unsampled_needs_serp_check,1.0,0.855,6,6
work.city-jobs-category,es-ES,30,0,measured_in_this_market,ofertas de empleo,9800,NATIVE_LOCALE,FEED_REQUIRED,unsampled_needs_serp_check,1.0,0.746,6,6
work.city-jobs-category,fr-FR,13,0,measured_in_this_market,travail en anglais paris,0,NATIVE_LOCALE,FEED_REQUIRED,unsampled_needs_serp_check,1.0,0.81,6,6
work.city-jobs-category,it-IT,15,0,measured_in_this_market,offerte di lavoro,37000,NATIVE_LOCALE,FEED_REQUIRED,unsampled_needs_serp_check,1.0,0.891,6,6
work.city-jobs-category,ja-JP,120,0,measured_in_this_market,求人,93000,NATIVE_LOCALE,FEED_REQUIRED,unsampled_needs_serp_check,1.0,0.775,6,6
work.city-jobs-category,nl-NL,7,0,measured_in_this_market,engelstalige banen amsterdam,0,NATIVE_LOCALE,FEED_REQUIRED,unsampled_needs_serp_check,1.0,0.867,6,6
work.city-jobs-category,pl-PL,16,0,measured_in_this_market,praca po angielsku warszawa,0,NATIVE_LOCALE,FEED_REQUIRED,unsampled_needs_serp_check,1.0,0.717,6,6
work.city-jobs-category,pt-BR,159,0,measured_in_this_market,vagas de emprego,165000,NATIVE_LOCALE,FEED_REQUIRED,unsampled_needs_serp_check,1.0,0.662,6,6
work.city-jobs-category,zh-Hant-TW,18,0,family_measured_elsewhere,,0,NATIVE_LOCALE,FEED_REQUIRED,unsampled_needs_serp_check,1.0,0.877,6,6
work.city-salaries,de-DE,195,0,measured_in_this_market,gehalt berlin,40,NATIVE_LOCALE,SOURCE_AVAILABLE,unsampled_needs_serp_check,1.0,0.804,6,6
work.city-salaries,en-GB,240,0,measured_in_this_market,average salary in italy,1400,NATIVE_LOCALE,SOURCE_AVAILABLE,unsampled_needs_serp_check,1.0,0.827,6,6
work.city-salaries,en-US,881,0,measured_in_this_market,salary new york,50,NATIVE_LOCALE,SOURCE_AVAILABLE,unsampled_needs_serp_check,1.0,0.815,6,6
work.city-salaries,es-ES,150,0,measured_in_this_market,salario medio españa,17000,NATIVE_LOCALE,SOURCE_AVAILABLE,unsampled_needs_serp_check,1.0,0.774,6,6
work.city-salaries,fr-FR,143,0,measured_in_this_market,salaire paris,150,NATIVE_LOCALE,SOURCE_AVAILABLE,unsampled_needs_serp_check,1.0,0.875,6,6
work.city-salaries,it-IT,133,0,measured_in_this_market,stipendio medio italia,19000,NATIVE_LOCALE,SOURCE_AVAILABLE,unsampled_needs_serp_check,1.0,0.864,6,6
work.city-salaries,ja-JP,554,0,measured_in_this_market,オーストリア 平均年収,0,NATIVE_LOCALE,SOURCE_AVAILABLE,unsampled_needs_serp_check,1.0,0.631,6,6
work.city-salaries,nl-NL,57,0,measured_in_this_market,salaris amsterdam,0,NATIVE_LOCALE,SOURCE_AVAILABLE,unsampled_needs_serp_check,1.0,0.857,6,6
work.city-salaries,pl-PL,101,0,measured_in_this_market,zarobki warszawa,150,NATIVE_LOCALE,SOURCE_AVAILABLE,unsampled_needs_serp_check,1.0,0.805,6,6
work.city-salaries,pt-BR,677,0,measured_in_this_market,salario medio portugal,200,NATIVE_LOCALE,SOURCE_AVAILABLE,unsampled_needs_serp_check,1.0,0.881,6,6
work.city-salaries,zh-Hant-TW,40,0,family_measured_elsewhere,,0,NATIVE_LOCALE,SOURCE_AVAILABLE,unsampled_needs_serp_check,1.0,0.895,6,6
