destination_token,source_language_count,source_languages,reading
amsterdam,8,de;en;es;it;nl;pt;sv;tr,"demand from several source languages, so this destination earns a page in each of them"
bangkok,8,de;en;es;it;nl;pt;sv;tr,"demand from several source languages, so this destination earns a page in each of them"
dubai,8,de;en;es;it;nl;pt;sv;tr,"demand from several source languages, so this destination earns a page in each of them"
los angeles,8,de;en;es;it;nl;pt;sv;tr,"demand from several source languages, so this destination earns a page in each of them"
valencia,8,de;en;es;it;nl;pt;sv;tr,"demand from several source languages, so this destination earns a page in each of them"
barcelona,7,de;en;es;nl;pt;sv;tr,"demand from several source languages, so this destination earns a page in each of them"
bilbao,7,de;en;es;it;nl;sv;tr,"demand from several source languages, so this destination earns a page in each of them"
bratislava,7,de;en;es;it;nl;sv;tr,"demand from several source languages, so this destination earns a page in each of them"
dublin,7,de;en;es;nl;pt;sv;tr,"demand from several source languages, so this destination earns a page in each of them"
malta,7,de;es;it;nl;pt;sv;tr,"demand from several source languages, so this destination earns a page in each of them"
miami,7,de;en;es;it;nl;pt;tr,"demand from several source languages, so this destination earns a page in each of them"
new york,7,de;en;es;it;nl;sv;tr,"demand from several source languages, so this destination earns a page in each of them"
bali,6,de;en;es;it;nl;tr,"demand from several source languages, so this destination earns a page in each of them"
boston,6,de;en;es;it;pt;sv,"demand from several source languages, so this destination earns a page in each of them"
chicago,6,de;en;es;it;pt;sv,"demand from several source languages, so this destination earns a page in each of them"
frankfurt,6,de;es;nl;pt;sv;tr,"demand from several source languages, so this destination earns a page in each of them"
granada,6,de;en;es;it;nl;tr,"demand from several source languages, so this destination earns a page in each of them"
istanbul,6,de;en;it;nl;sv;tr,"demand from several source languages, so this destination earns a page in each of them"
kyoto,6,de;en;es;it;nl;pt,"demand from several source languages, so this destination earns a page in each of them"
las vegas,6,de;en;es;it;pt;sv,"demand from several source languages, so this destination earns a page in each of them"
madrid,6,en;es;it;nl;sv;tr,"demand from several source languages, so this destination earns a page in each of them"
malaga,6,en;es;it;nl;sv;tr,"demand from several source languages, so this destination earns a page in each of them"
oslo,6,de;es;it;nl;sv;tr,"demand from several source languages, so this destination earns a page in each of them"
phuket,6,de;es;it;nl;sv;tr,"demand from several source languages, so this destination earns a page in each of them"
porto,6,de;en;it;nl;pt;sv,"demand from several source languages, so this destination earns a page in each of them"
tokyo,6,en;it;nl;pt;sv;tr,"demand from several source languages, so this destination earns a page in each of them"
alicante,5,de;es;it;nl;sv,"demand from several source languages, so this destination earns a page in each of them"
bremen,5,de;es;nl;sv;tr,"demand from several source languages, so this destination earns a page in each of them"
budapest,5,de;en;es;it;sv,"demand from several source languages, so this destination earns a page in each of them"
cordoba,5,de;es;it;nl;tr,"demand from several source languages, so this destination earns a page in each of them"
doha,5,de;es;it;pt;tr,"demand from several source languages, so this destination earns a page in each of them"
edinburgh,5,de;en;nl;sv;tr,"demand from several source languages, so this destination earns a page in each of them"
fuerteventura,5,de;es;it;nl;sv,"demand from several source languages, so this destination earns a page in each of them"
gran canaria,5,de;es;it;nl;sv,"demand from several source languages, so this destination earns a page in each of them"
helsinki,5,de;es;it;nl;tr,"demand from several source languages, so this destination earns a page in each of them"
ibiza,5,de;en;es;it;nl,"demand from several source languages, so this destination earns a page in each of them"
kuala lumpur,5,de;en;es;it;nl,"demand from several source languages, so this destination earns a page in each of them"
lanzarote,5,de;es;it;nl;sv,"demand from several source languages, so this destination earns a page in each of them"
manchester,5,de;en;es;it;tr,"demand from several source languages, so this destination earns a page in each of them"
montenegro,5,de;en;es;it;sv,"demand from several source languages, so this destination earns a page in each of them"
osaka,5,de;es;it;pt;tr,"demand from several source languages, so this destination earns a page in each of them"
palermo,5,de;en;es;it;nl,"demand from several source languages, so this destination earns a page in each of them"
paris,5,de;en;es;pt;sv,"demand from several source languages, so this destination earns a page in each of them"
san francisco,5,de;en;es;it;pt,"demand from several source languages, so this destination earns a page in each of them"
sevilla,5,de;es;nl;sv;tr,"demand from several source languages, so this destination earns a page in each of them"
toronto,5,en;es;it;pt;sv,"demand from several source languages, so this destination earns a page in each of them"
verona,5,de;en;es;nl;pt,"demand from several source languages, so this destination earns a page in each of them"
belfast,4,de;en;es;it,"demand from several source languages, so this destination earns a page in each of them"
bergamo,4,de;es;it;sv,"demand from several source languages, so this destination earns a page in each of them"
berlin,4,en;es;sv;tr,"demand from several source languages, so this destination earns a page in each of them"
bologna,4,de;nl;sv;tr,"demand from several source languages, so this destination earns a page in each of them"
buenos aires,4,de;es;it;pt,"demand from several source languages, so this destination earns a page in each of them"
cannes,4,de;es;it;sv,"demand from several source languages, so this destination earns a page in each of them"
chiang mai,4,de;es;it;nl,"demand from several source languages, so this destination earns a page in each of them"
coimbra,4,de;es;it;pt,"demand from several source languages, so this destination earns a page in each of them"
colmar,4,de;es;it;tr,"demand from several source languages, so this destination earns a page in each of them"
dubrovnik,4,de;it;nl;sv,"demand from several source languages, so this destination earns a page in each of them"
glasgow,4,de;es;it;sv,"demand from several source languages, so this destination earns a page in each of them"
hamburg,4,de;en;nl;sv,"demand from several source languages, so this destination earns a page in each of them"
hong kong,4,de;it;pt;tr,"demand from several source languages, so this destination earns a page in each of them"
innsbruck,4,de;it;nl;sv,"demand from several source languages, so this destination earns a page in each of them"
japan,4,de;en;nl;sv,"demand from several source languages, so this destination earns a page in each of them"
kos,4,de;it;nl;tr,"demand from several source languages, so this destination earns a page in each of them"
liverpool,4,de;es;it;sv,"demand from several source languages, so this destination earns a page in each of them"
london,4,de;en;nl;sv,"demand from several source languages, so this destination earns a page in each of them"
lyon,4,en;es;pt;tr,"demand from several source languages, so this destination earns a page in each of them"
madeira,4,de;es;it;nl,"demand from several source languages, so this destination earns a page in each of them"
marbella,4,de;es;it;sv,"demand from several source languages, so this destination earns a page in each of them"
marrakech,4,es;it;nl;sv,"demand from several source languages, so this destination earns a page in each of them"
milano,4,de;it;sv;tr,"demand from several source languages, so this destination earns a page in each of them"
montreal,4,en;es;it;pt,"demand from several source languages, so this destination earns a page in each of them"
orlando,4,en;es;pt;sv,"demand from several source languages, so this destination earns a page in each of them"
oxford,4,de;en;es;it,"demand from several source languages, so this destination earns a page in each of them"
peru,4,de;en;es;tr,"demand from several source languages, so this destination earns a page in each of them"
pisa,4,de;es;it;sv,"demand from several source languages, so this destination earns a page in each of them"
roma,4,es;it;pt;tr,"demand from several source languages, so this destination earns a page in each of them"
rotterdam,4,de;en;nl;tr,"demand from several source languages, so this destination earns a page in each of them"
salzburg,4,de;nl;sv;tr,"demand from several source languages, so this destination earns a page in each of them"
san diego,4,de;en;it;sv,"demand from several source languages, so this destination earns a page in each of them"
santorini,4,en;es;it;nl,"demand from several source languages, so this destination earns a page in each of them"
singapore,4,en;it;nl;sv,"demand from several source languages, so this destination earns a page in each of them"
skopje,4,de;es;it;sv,"demand from several source languages, so this destination earns a page in each of them"
split,4,de;en;nl;sv,"demand from several source languages, so this destination earns a page in each of them"
stockholm,4,de;nl;sv;tr,"demand from several source languages, so this destination earns a page in each of them"
tallinn,4,de;it;sv;tr,"demand from several source languages, so this destination earns a page in each of them"
tenerife,4,en;es;it;nl,"demand from several source languages, so this destination earns a page in each of them"
toledo,4,de;es;it;tr,"demand from several source languages, so this destination earns a page in each of them"
utrecht,4,de;es;it;nl,"demand from several source languages, so this destination earns a page in each of them"
vancouver,4,de;en;it;pt,"demand from several source languages, so this destination earns a page in each of them"
vietnam,4,de;en;es;tr,"demand from several source languages, so this destination earns a page in each of them"
zagreb,4,de;es;nl;tr,"demand from several source languages, so this destination earns a page in each of them"
zanzibar,4,es;it;nl;tr,"demand from several source languages, so this destination earns a page in each of them"
alanya,3,de;sv;tr,"demand from several source languages, so this destination earns a page in each of them"
albufeira,3,de;es;nl,"demand from several source languages, so this destination earns a page in each of them"
algarve,3,de;es;nl,"demand from several source languages, so this destination earns a page in each of them"
andorra,3,de;es;pt,"demand from several source languages, so this destination earns a page in each of them"
antalya,3,de;nl;tr,"demand from several source languages, so this destination earns a page in each of them"
aruba,3,de;en;pt,"demand from several source languages, so this destination earns a page in each of them"
atlanta,3,de;en;pt,"demand from several source languages, so this destination earns a page in each of them"
bari,3,de;es;it,"demand from several source languages, so this destination earns a page in each of them"
belgrad,3,de;sv;tr,"demand from several source languages, so this destination earns a page in each of them"
bergen,3,de;es;it,"demand from several source languages, so this destination earns a page in each of them"
birmingham,3,de;es;it,"demand from several source languages, so this destination earns a page in each of them"
bristol,3,de;es;it,"demand from several source languages, so this destination earns a page in each of them"
cagliari,3,de;es;it,"demand from several source languages, so this destination earns a page in each of them"
cancun,3,en;it;pt,"demand from several source languages, so this destination earns a page in each of them"
cape town,3,en;pt;tr,"demand from several source languages, so this destination earns a page in each of them"
cardiff,3,de;es;it,"demand from several source languages, so this destination earns a page in each of them"
cartagena,3,en;es;pt,"demand from several source languages, so this destination earns a page in each of them"
casablanca,3,en;es;it,"demand from several source languages, so this destination earns a page in each of them"
catania,3,de;es;it,"demand from several source languages, so this destination earns a page in each of them"
chile,3,de;en;es,"demand from several source languages, so this destination earns a page in each of them"
china,3,de;es;nl,"demand from several source languages, so this destination earns a page in each of them"
chongqing,3,de;en;es,"demand from several source languages, so this destination earns a page in each of them"
cork,3,de;es;it,"demand from several source languages, so this destination earns a page in each of them"
costa rica,3,de;en;es,"demand from several source languages, so this destination earns a page in each of them"
cuba,3,es;it;pt,"demand from several source languages, so this destination earns a page in each of them"
curacao,3,en;nl;pt,"demand from several source languages, so this destination earns a page in each of them"
dusseldorf,3,es;it;nl,"demand from several source languages, so this destination earns a page in each of them"
eindhoven,3,es;it;nl,"demand from several source languages, so this destination earns a page in each of them"
faro,3,de;es;it,"demand from several source languages, so this destination earns a page in each of them"
formentera,3,de;es;it,"demand from several source languages, so this destination earns a page in each of them"
girona,3,es;it;nl,"demand from several source languages, so this destination earns a page in each of them"
hanoi,3,de;es;nl,"demand from several source languages, so this destination earns a page in each of them"
hawaii,3,de;en;sv,"demand from several source languages, so this destination earns a page in each of them"
ho chi minh city,3,de;en;sv,"demand from several source languages, so this destination earns a page in each of them"
hurghada,3,it;nl;tr,"demand from several source languages, so this destination earns a page in each of them"
inverness,3,en;es;it,"demand from several source languages, so this destination earns a page in each of them"
kreta,3,de;nl;sv,"demand from several source languages, so this destination earns a page in each of them"
köln,3,de;sv;tr,"demand from several source languages, so this destination earns a page in each of them"
lissabon,3,de;nl;sv,"demand from several source languages, so this destination earns a page in each of them"
ljubljana,3,de;nl;tr,"demand from several source languages, so this destination earns a page in each of them"
lucca,3,de;es;it,"demand from several source languages, so this destination earns a page in each of them"
lucerna,3,es;it;pt,"demand from several source languages, so this destination earns a page in each of them"
mallorca,3,de;es;nl,"demand from several source languages, so this destination earns a page in each of them"
monaco,3,de;es;it,"demand from several source languages, so this destination earns a page in each of them"
montpellier,3,de;es;it,"demand from several source languages, so this destination earns a page in each of them"
mykonos,3,en;es;it,"demand from several source languages, so this destination earns a page in each of them"
nantes,3,de;es;it,"demand from several source languages, so this destination earns a page in each of them"
nice,3,nl;sv;tr,"demand from several source languages, so this destination earns a page in each of them"
philadelphia,3,de;en;it,"demand from several source languages, so this destination earns a page in each of them"
podgorica,3,de;it;tr,"demand from several source languages, so this destination earns a page in each of them"
portugal,3,de;es;nl,"demand from several source languages, so this destination earns a page in each of them"
positano,3,en;es;it,"demand from several source languages, so this destination earns a page in each of them"
prag,3,de;sv;tr,"demand from several source languages, so this destination earns a page in each of them"
praga,3,es;it;pt,"demand from several source languages, so this destination earns a page in each of them"
rennes,3,de;es;it,"demand from several source languages, so this destination earns a page in each of them"
reykjavik,3,de;it;sv,"demand from several source languages, so this destination earns a page in each of them"
ronda,3,de;es;it,"demand from several source languages, so this destination earns a page in each of them"
rouen,3,de;it;nl,"demand from several source languages, so this destination earns a page in each of them"
samos,3,de;nl;sv,"demand from several source languages, so this destination earns a page in each of them"
san sebastian,3,es;it;nl,"demand from several source languages, so this destination earns a page in each of them"
santiago de compostela,3,de;es;it,"demand from several source languages, so this destination earns a page in each of them"
sao paulo,3,de;en;pt,"demand from several source languages, so this destination earns a page in each of them"
sarajevo,3,de;es;it,"demand from several source languages, so this destination earns a page in each of them"
seattle,3,de;en;pt,"demand from several source languages, so this destination earns a page in each of them"
seoul,3,de;en;it,"demand from several source languages, so this destination earns a page in each of them"
shanghai,3,de;es;it,"demand from several source languages, so this destination earns a page in each of them"
side,3,de;nl;tr,"demand from several source languages, so this destination earns a page in each of them"
siena,3,de;es;it,"demand from several source languages, so this destination earns a page in each of them"
singapur,3,de;es;tr,"demand from several source languages, so this destination earns a page in each of them"
sintra,3,es;it;pt,"demand from several source languages, so this destination earns a page in each of them"
sofia,3,de;es;it,"demand from several source languages, so this destination earns a page in each of them"
sorrento,3,en;es;it,"demand from several source languages, so this destination earns a page in each of them"
sri lanka,3,de;es;tr,"demand from several source languages, so this destination earns a page in each of them"
tarragona,3,de;es;it,"demand from several source languages, so this destination earns a page in each of them"
thailand,3,de;en;nl,"demand from several source languages, so this destination earns a page in each of them"
tirana,3,es;it;nl,"demand from several source languages, so this destination earns a page in each of them"
tromso,3,de;es;it,"demand from several source languages, so this destination earns a page in each of them"
vilnius,3,de;it;sv,"demand from several source languages, so this destination earns a page in each of them"
zadar,3,de;es;sv,"demand from several source languages, so this destination earns a page in each of them"
agadir,2,es;nl,two source languages
alaska,2,de;en,two source languages
albania,2,en;es,two source languages
alkmaar,2,de;nl,two source languages
amerika,2,de;tr,two source languages
antwerpen,2,de;nl,two source languages
arcen,2,de;nl,two source languages
argentina,2,en;es,two source languages
atenas,2,es;pt,two source languages
auckland,2,de;en,two source languages
australien,2,de;sv,two source languages
baden baden,2,de;es,two source languages
baku,2,de;it,two source languages
basel,2,de;tr,two source languages
basilea,2,es;it,two source languages
bath,2,es;it,two source languages
belek,2,de;tr,two source languages
belgrado,2,es;it,two source languages
berna,2,es;it,two source languages
bogota,2,es;pt,two source languages
bonaire,2,en;nl,two source languages
bordeaux,2,en;it,two source languages
braga,2,de;es,two source languages
brasov,2,de;it,two source languages
brescia,2,de;it,two source languages
brooklyn,2,en;it,two source languages
bruges,2,en;it,two source languages
brugge,2,nl;tr,two source languages
bucarest,2,es;it,two source languages
bukarest,2,de;sv,two source languages
cabo verde,2,es;pt,two source languages
capri,2,es;it,two source languages
chengdu,2,en;es,two source languages
civitavecchia,2,de;it,two source languages
cochem,2,de;nl,two source languages
colombia,2,es;nl,two source languages
colonia,2,es;it,two source languages
copenhagen,2,en;it,two source languages
copenhague,2,es;pt,two source languages
corfu,2,es;nl,two source languages
cozumel,2,de;en,two source languages
cracovia,2,es;it,two source languages
creta,2,es;it,two source languages
cusco,2,en;pt,two source languages
córdoba,2,de;es,two source languages
dallas,2,en;it,two source languages
den haag,2,de;nl,two source languages
denver,2,de;en,two source languages
deventer,2,de;nl,two source languages
dortmund,2,nl;tr,two source languages
dresden,2,nl;tr,two source languages
ecuador,2,de;es,two source languages
edimburgo,2,es;it,two source languages
fethiye,2,de;tr,two source languages
fez,2,es;it,two source languages
florence,2,en;nl,two source languages
florida,2,de;en,two source languages
fort lauderdale,2,en;pt,two source languages
friburgo,2,it;pt,two source languages
funchal,2,de;es,two source languages
gdansk,2,es;sv,two source languages
genova,2,es;it,two source languages
gent,2,de;nl,two source languages
gibraltar,2,de;es,two source languages
gotland,2,de;sv,two source languages
groningen,2,de;nl,two source languages
harz,2,de;nl,two source languages
hiroshima,2,es;it,two source languages
houston,2,de;en,two source languages
indonesia,2,en;es,two source languages
irland,2,de;sv,two source languages
irlanda,2,es;tr,two source languages
island,2,de;sv,two source languages
istambul,2,it;pt,two source languages
jerez de la frontera,2,de;es,two source languages
jesolo,2,de;it,two source languages
kanada,2,de;tr,two source languages
kanazawa,2,de;it,two source languages
kap verde,2,de;sv,two source languages
kefalonia,2,de;nl,two source languages
kemer,2,de;tr,two source languages
key west,2,de;en,two source languages
koblenz,2,de;nl,two source languages
kopenhagen,2,de;nl,two source languages
kotor,2,de;tr,two source languages
krabi,2,de;sv,two source languages
krakau,2,de;nl,two source languages
krakow,2,sv;tr,two source languages
kroatien,2,de;sv,two source languages
la gomera,2,de;es,two source languages
la palma,2,es;nl,two source languages
la rochelle,2,de;es,two source languages
laos,2,en;es,two source languages
lecce,2,es;it,two source languages
leipzig,2,de;nl,two source languages
leuven,2,de;nl,two source languages
lima,2,es;pt,two source languages
limburg,2,de;nl,two source languages
livorno,2,es;it,two source languages
londra,2,it;tr,two source languages
londres,2,es;pt,two source languages
luxemburg,2,de;nl,two source languages
luxemburgo,2,es;pt,two source languages
luzern,2,de;tr,two source languages
maastricht,2,de;nl,two source languages
malmo,2,es;it,two source languages
malmö,2,de;sv,two source languages
manavgat,2,de;tr,two source languages
marsa alam,2,de;it,two source languages
marseille,2,de;en,two source languages
matera,2,de;it,two source languages
mauritius,2,en;it,two source languages
medellin,2,es;pt,two source languages
melbourne,2,it;sv,two source languages
merida,2,en;es,two source languages
mexiko,2,de;sv,two source languages
middelburg,2,de;nl,two source languages
milan,2,en;es,two source languages
monschau,2,de;nl,two source languages
montmartre,2,es;it,two source languages
mumbai,2,de;en,two source languages
munchen,2,nl;sv,two source languages
munich,2,en;es,two source languages
murano,2,es;it,two source languages
münchen,2,de;sv,two source languages
napoles,2,es;pt,two source languages
napoli,2,it;tr,two source languages
nara,2,en;es,two source languages
naxos,2,de;it,two source languages
neapel,2,de;sv,two source languages
nepal,2,de;tr,two source languages
nerja,2,de;es,two source languages
new york city,2,de;en,two source languages
nijmegen,2,de;nl,two source languages
nizza,2,de;it,two source languages
normandie,2,de;sv,two source languages
nuremberg,2,en;es,two source languages
nürnberg,2,de;tr,two source languages
olbia,2,de;it,two source languages
oman,2,es;nl,two source languages
oporto,2,es;it,two source languages
ottawa,2,de;en,two source languages
padua,2,de;es,two source languages
palma,2,es;sv,two source languages
palma de mallorca,2,es;sv,two source languages
pamplona,2,es;it,two source languages
panama,2,es;it,two source languages
perth,2,de;en,two source languages
pescara,2,de;it,two source languages
puerto rico,2,en;es,two source languages
puglia,2,es;nl,two source languages
punta cana,2,en;es,two source languages
quebec,2,de;en,two source languages
rabat,2,de;es,two source languages
rhodos,2,nl;sv,two source languages
riga,2,it;sv,two source languages
riva del garda,2,de;it,two source languages
rom,2,de;sv,two source languages
rome,2,en;nl,two source languages
rostock,2,de;sv,two source languages
rügen,2,de;sv,two source languages
salamanca,2,es;it,two source languages
salerno,2,es;it,two source languages
salt lake city,2,de;en,two source languages
santa cruz de tenerife,2,es;it,two source languages
santander,2,es;it,two source languages
santiago,2,es;pt,two source languages
sardinien,2,de;sv,two source languages
scheveningen,2,de;nl,two source languages
seul,2,es;it,two source languages
sharm el sheikh,2,it;tr,two source languages
sirmione,2,de;it,two source languages
skagen,2,de;sv,two source languages
soller,2,de;es,two source languages
stuttgart,2,en;tr,two source languages
sydney,2,it;sv,two source languages
tampa,2,en;pt,two source languages
tanger,2,de;es,two source languages
taormina,2,de;it,two source languages
tavira,2,de;es,two source languages
tokio,2,de;es,two source languages
tolosa,2,es;it,two source languages
torremolinos,2,es;nl,two source languages
torrevieja,2,es;sv,two source languages
trastevere,2,es;it,two source languages
trier,2,de;nl,two source languages
trieste,2,es;it,two source languages
tulum,2,en;pt,two source languages
turin,2,de;es,two source languages
udine,2,de;it,two source languages
usa,2,de;sv,two source languages
vaduz,2,de;it,two source languages
valkenburg,2,de;nl,two source languages
valldemossa,2,de;es,two source languages
venedig,2,de;sv,two source languages
venlo,2,de;nl,two source languages
viena,2,es;pt,two source languages
vienna,2,en;it,two source languages
visby,2,de;sv,two source languages
vitoria,2,es;pt,two source languages
volterra,2,de;it,two source languages
warschau,2,de;nl,two source languages
washington,2,es;it,two source languages
washington dc,2,en;pt,two source languages
winterberg,2,de;nl,two source languages
york,2,en;it,two source languages
zaandam,2,de;nl,two source languages
zakynthos,2,de;nl,two source languages
zandvoort,2,de;nl,two source languages
zurich,2,en;es,two source languages
zwolle,2,de;nl,two source languages
a coruña,1,es,one source language only
aalborg,1,de,one source language only
abana,1,tr,one source language only
aberdeen,1,de,one source language only
abilene,1,en,one source language only
abu dabi,1,tr,one source language only
abu dhabi,1,de,one source language only
acıpayam,1,tr,one source language only
adalar,1,tr,one source language only
adalarda,1,tr,one source language only
adana,1,tr,one source language only
adanada,1,tr,one source language only
adapazarı,1,tr,one source language only
adatepe köyü,1,tr,one source language only
adilcevaz,1,tr,one source language only
adrasan,1,tr,one source language only
afyon,1,tr,one source language only
afyon merkez,1,tr,one source language only
afyon merkezde,1,tr,one source language only
afyonkarahisar,1,tr,one source language only
afşin,1,tr,one source language only
agaete,1,es,one source language only
agrigento,1,it,one source language only
aguas da prata,1,pt,one source language only
aguas de lindoia,1,pt,one source language only
aguas de sao pedro,1,pt,one source language only
aguilas,1,es,one source language only
ahlat,1,tr,one source language only
ahlbeck,1,de,one source language only
ahrenshoop,1,de,one source language only
ainsa,1,es,one source language only
akbük,1,tr,one source language only
akdağmadeni,1,tr,one source language only
aken,1,nl,one source language only
akhisar,1,tr,one source language only
akyaka,1,tr,one source language only
akyazı,1,tr,one source language only
akçakoca,1,tr,one source language only
akşehir,1,tr,one source language only
alabama,1,en,one source language only
alagoas,1,pt,one source language only
alaçatı,1,tr,one source language only
alaşehir,1,tr,one source language only
alba,1,it,one source language only
albacete,1,es,one source language only
albacete ciudad,1,es,one source language only
albacete y alrededores,1,es,one source language only
albania en una semana,1,es,one source language only
albanie,1,nl,one source language only
albanien,1,de,one source language only
albanië,1,nl,one source language only
albany,1,en,one source language only
albarracin,1,es,one source language only
alberobello,1,it,one source language only
alcala de henares,1,es,one source language only
alcala del jucar,1,es,one source language only
alcazar de san juan,1,es,one source language only
alcañiz,1,es,one source language only
alcudia,1,es,one source language only
alemania,1,es,one source language only
alexandria,1,de,one source language only
algeciras,1,es,one source language only
alhama de aragón,1,es,one source language only
alicante ciudad,1,es,one source language only
alicante provincia,1,es,one source language only
alkmaar dit weekend,1,nl,one source language only
allariz,1,es,one source language only
allgäu,1,de,one source language only
almagro,1,es,one source language only
almansa,1,es,one source language only
almanya,1,tr,one source language only
almatı,1,tr,one source language only
almelo,1,nl,one source language only
almendralejo,1,es,one source language only
almere,1,nl,one source language only
almeria,1,es,one source language only
almeria capital,1,es,one source language only
almería,1,es,one source language only
almería capital,1,es,one source language only
almuñecar,1,es,one source language only
almuñécar,1,es,one source language only
alora,1,es,one source language only
alquezar,1,es,one source language only
alsacia,1,es,one source language only
alsancak,1,tr,one source language only
altafulla,1,es,one source language only
altea,1,es,one source language only
alter do chão,1,pt,one source language only
altes land,1,de,one source language only
altoona pa,1,en,one source language only
am bodensee,1,de,one source language only
amalfi coast,1,en,one source language only
amalfiküste,1,de,one source language only
amasra,1,tr,one source language only
amberes,1,es,one source language only
amberes en un dia,1,es,one source language only
amberg,1,de,one source language only
amersfoort,1,nl,one source language only
amersfoort dit weekend,1,nl,one source language only
amiens,1,de,one source language only
ammersee,1,de,one source language only
amparo,1,pt,one source language only
amrum,1,de,one source language only
amsterdam netherlands,1,en,one source language only
an der mosel,1,de,one source language only
anadolu yakası,1,tr,one source language only
anadolu yakası'nda,1,tr,one source language only
anadolu yakasında,1,tr,one source language only
anaheim california,1,en,one source language only
anamur,1,tr,one source language only
ancona,1,it,one source language only
andalucia,1,es,one source language only
andalusien,1,de,one source language only
andorra en verano,1,es,one source language only
andorra la vella,1,es,one source language only
andradas,1,pt,one source language only
andırın,1,tr,one source language only
angra dos reis,1,pt,one source language only
angra dos reis a noite,1,pt,one source language only
ankara,1,de,one source language only
ankara beypazarı,1,tr,one source language only
ankara kalesi,1,tr,one source language only
ankara yakın,1,tr,one source language only
ankaraya yakin,1,tr,one source language only
ankaraya yakın,1,tr,one source language only
ann arbor michigan,1,en,one source language only
annecy,1,de,one source language only
ansbach,1,de,one source language only
antakya,1,tr,one source language only
antalya belek,1,tr,one source language only
antalya kalkan,1,tr,one source language only
antalya kaş,1,tr,one source language only
antalya kepez,1,tr,one source language only
antalya konyaaltı,1,tr,one source language only
antalya lara,1,tr,one source language only
antalya manavgat,1,tr,one source language only
antalya merkez,1,tr,one source language only
antalya merkezde,1,tr,one source language only
antalya serik,1,tr,one source language only
antalya side,1,tr,one source language only
antalyada,1,tr,one source language only
antep,1,tr,one source language only
antequera,1,es,one source language only
antibes,1,de,one source language only
aosta,1,it,one source language only
aparecida,1,pt,one source language only
aparecida do norte a noite,1,pt,one source language only
apeldoorn,1,nl,one source language only
apeldoorn centrum,1,nl,one source language only
apeldoorn dit weekend,1,nl,one source language only
apeldoorn vandaag,1,nl,one source language only
apolda,1,de,one source language only
appelscha,1,nl,one source language only
apulien,1,de,one source language only
aquiraz,1,pt,one source language only
aracaju,1,pt,one source language only
aracena,1,es,one source language only
aranda de duero,1,es,one source language only
aranjuez,1,es,one source language only
araraquara,1,pt,one source language only
araxa,1,pt,one source language only
arcos de la frontera,1,es,one source language only
ardahan,1,tr,one source language only
ardeşen,1,tr,one source language only
arenas de san pedro,1,es,one source language only
arendsee,1,de,one source language only
arezzo,1,it,one source language only
argentinien,1,de,one source language only
arhavi,1,tr,one source language only
arizona,1,en,one source language only
arjantin,1,tr,one source language only
arkansas,1,en,one source language only
armenia,1,es,one source language only
armenien,1,de,one source language only
armutlu,1,tr,one source language only
arnavutköy,1,tr,one source language only
arnavutluk tiran,1,tr,one source language only
arnhem,1,nl,one source language only
arnhem dit weekend,1,nl,one source language only
arnhem vandaag,1,nl,one source language only
arraial d'ajuda,1,pt,one source language only
arraial do cabo a noite,1,pt,one source language only
arriondas,1,es,one source language only
arsuz,1,tr,one source language only
artvin hopa,1,tr,one source language only
arzua,1,es,one source language only
asbury park,1,en,one source language only
aschaffenburg,1,de,one source language only
ascoli piceno,1,it,one source language only
asheville nc,1,en,one source language only
asosta,1,tr,one source language only
assen,1,nl,one source language only
assen dit weekend,1,nl,one source language only
assisi,1,it,one source language only
assos,1,tr,one source language only
assunção paraguai,1,pt,one source language only
asti,1,it,one source language only
astorga,1,es,one source language only
astoria,1,en,one source language only
asturias,1,es,one source language only
atakum,1,tr,one source language only
aten,1,sv,one source language only
atene,1,it,one source language only
athen,1,de,one source language only
athene,1,nl,one source language only
athens,1,en,one source language only
athens greece,1,en,one source language only
atibaia,1,pt,one source language only
atina,1,tr,one source language only
atins,1,pt,one source language only
atlanta for young adults,1,en,one source language only
auckland new zealand,1,en,one source language only
aurich,1,de,one source language only
austin,1,en,one source language only
austin texas,1,en,one source language only
austria,1,es,one source language only
autonome region madeira,1,de,one source language only
avanos,1,tr,one source language only
avaré,1,pt,one source language only
avcılar,1,tr,one source language only
aveiro,1,es,one source language only
aveiro en un dia,1,es,one source language only
avignon,1,es,one source language only
avila,1,es,one source language only
avila en un dia,1,es,one source language only
aviles,1,es,one source language only
avilés,1,es,one source language only
avrupa yakası,1,tr,one source language only
avrupa yakasında,1,tr,one source language only
ayamonte,1,es,one source language only
aydın,1,tr,one source language only
aydın efeler,1,tr,one source language only
aydın merkez,1,tr,one source language only
aydın merkezde,1,tr,one source language only
aydıncık,1,tr,one source language only
ayia napa,1,sv,one source language only
ayna,1,es,one source language only
azerbaycan,1,tr,one source language only
azerbaycan bakü,1,tr,one source language only
azoren,1,de,one source language only
azores,1,es,one source language only
aşk vadisi kapadokya,1,tr,one source language only
bacharach,1,de,one source language only
bad brückenau,1,de,one source language only
bad camberg,1,de,one source language only
bad doberan,1,de,one source language only
bad elster,1,de,one source language only
bad flinsberg,1,de,one source language only
bad füssing,1,de,one source language only
bad harzburg,1,de,one source language only
bad hersfeld,1,de,one source language only
bad homburg,1,de,one source language only
bad kissingen,1,de,one source language only
bad mergentheim,1,de,one source language only
bad muskau,1,de,one source language only
bad oeynhausen,1,de,one source language only
bad orb,1,de,one source language only
bad pyrmont,1,de,one source language only
bad rothenfelde,1,de,one source language only
bad sachsa,1,de,one source language only
bad salzuflen,1,de,one source language only
bad schandau,1,de,one source language only
bad staffelstein,1,de,one source language only
bad sulza,1,de,one source language only
bad tabarz,1,de,one source language only
bad tölz,1,de,one source language only
bad wildungen,1,de,one source language only
bad wimpfen,1,de,one source language only
badajoz,1,es,one source language only
baden-baden,1,de,one source language only
baeza,1,es,one source language only
bafra,1,tr,one source language only
bagheria,1,it,one source language only
bahrain,1,en,one source language only
bahçelievler,1,tr,one source language only
bainbridge island,1,en,one source language only
baiona,1,es,one source language only
baiona galicia,1,es,one source language only
bakü,1,tr,one source language only
bakü azerbaycan,1,tr,one source language only
bakırcılar çarşısı gaziantep,1,tr,one source language only
bakırköy,1,tr,one source language only
balat,1,tr,one source language only
balatta,1,tr,one source language only
balkanlar,1,tr,one source language only
balkanlarda,1,tr,one source language only
balneário camboriú a noite,1,pt,one source language only
baltimore maryland,1,en,one source language only
balıkesir,1,tr,one source language only
balıkesir akçay,1,tr,one source language only
balıkesir edremit,1,tr,one source language only
balıkesir erdek,1,tr,one source language only
balıkesir merkez,1,tr,one source language only
balıkesir merkezde,1,tr,one source language only
bamberg,1,de,one source language only
bandırma,1,tr,one source language only
bangor maine,1,en,one source language only
bar harbor maine,1,en,one source language only
barbacena,1,pt,one source language only
barbate,1,es,one source language only
barcellona,1,it,one source language only
barcelona con niños,1,es,one source language only
barcelona en dos dias,1,es,one source language only
barcelona en un dia,1,es,one source language only
barcelona med barn,1,sv,one source language only
bardolino,1,it,one source language only
bardstown ky,1,en,one source language only
bari e dintorni,1,it,one source language only
bari vecchia,1,it,one source language only
bariloche,1,pt,one source language only
bariloche no inverno,1,pt,one source language only
barletta,1,it,one source language only
barolo,1,it,one source language only
barra do garças,1,pt,one source language only
barra grande piaui,1,pt,one source language only
barranquilla,1,en,one source language only
barreirinhas,1,pt,one source language only
barretos,1,pt,one source language only
bartın,1,tr,one source language only
bartın amasra,1,tr,one source language only
bartında,1,tr,one source language only
bassano del grappa,1,it,one source language only
baton rouge,1,en,one source language only
batum,1,tr,one source language only
batı karadeniz,1,tr,one source language only
bautzen,1,de,one source language only
bayern,1,de,one source language only
bayona,1,es,one source language only
bayramda,1,tr,one source language only
baza,1,es,one source language only
başiskele,1,tr,one source language only
beacon ny,1,en,one source language only
bebek,1,tr,one source language only
bebekte,1,tr,one source language only
beceite,1,es,one source language only
begur,1,es,one source language only
beilstein,1,de,one source language only
bejar,1,es,one source language only
belekte,1,tr,one source language only
belem,1,pt,one source language only
belgica,1,es,one source language only
belgien,1,de,one source language only
belize,1,en,one source language only
bellagio,1,it,one source language only
bellinzona,1,it,one source language only
belluno,1,it,one source language only
belmonte,1,es,one source language only
belçika,1,tr,one source language only
belém,1,pt,one source language only
belém do pará,1,pt,one source language only
benalmadena,1,es,one source language only
benalmádena,1,es,one source language only
benavente,1,es,one source language only
benevento,1,it,one source language only
benicarlo,1,es,one source language only
benicasim,1,es,one source language only
benidorm,1,it,one source language only
benidorm y alrededores,1,es,one source language only
bensheim,1,de,one source language only
bento goncalves,1,pt,one source language only
berchtesgaden,1,de,one source language only
berga,1,es,one source language only
bergama,1,tr,one source language only
bergamo alta,1,it,one source language only
bergen noorwegen,1,nl,one source language only
bergen norwegen,1,de,one source language only
bergen op zoom,1,nl,one source language only
berkeley springs wv,1,en,one source language only
berlijn,1,nl,one source language only
berlim,1,pt,one source language only
berlin med barn,1,sv,one source language only
berlinde,1,tr,one source language only
berlino,1,it,one source language only
bermeo,1,es,one source language only
bernburg,1,de,one source language only
bernkastel kues,1,de,one source language only
besalu,1,es,one source language only
besancon,1,de,one source language only
betanzos,1,es,one source language only
bevagna,1,it,one source language only
beverly hills,1,en,one source language only
beyazsu mardin midyat,1,tr,one source language only
beykoz,1,tr,one source language only
beykozda,1,tr,one source language only
beylikdüzü,1,tr,one source language only
beypazarı,1,tr,one source language only
beypazarı'nda,1,tr,one source language only
beypazarında,1,tr,one source language only
beyrut,1,tr,one source language only
beyşehir,1,tr,one source language only
beziers,1,es,one source language only
beşiktaş,1,tr,one source language only
beşiktaşta,1,tr,one source language only
biarritz,1,de,one source language only
bibione,1,de,one source language only
bielefeld,1,de,one source language only
biella,1,it,one source language only
bielsa,1,es,one source language only
biescas,1,es,one source language only
big bear,1,en,one source language only
biga,1,tr,one source language only
bilbao e dintorni,1,it,one source language only
bilbao en un día,1,es,one source language only
bilbao y alrededores,1,es,one source language only
bilecik söğüt,1,tr,one source language only
billings montana,1,en,one source language only
biloxi,1,en,one source language only
bingöl,1,tr,one source language only
bingölde,1,tr,one source language only
binz,1,de,one source language only
birecik,1,tr,one source language only
birgi,1,tr,one source language only
birmingham al,1,en,one source language only
birmingham alabama,1,en,one source language only
bisbee az,1,en,one source language only
bispingen,1,de,one source language only
black mountain nc,1,en,one source language only
blanes,1,es,one source language only
blekinge,1,sv,one source language only
blue ridge,1,en,one source language only
blue ridge ga,1,en,one source language only
bluffton sc,1,en,one source language only
blumenau,1,pt,one source language only
blumenau com crianças,1,pt,one source language only
blumenau sc,1,pt,one source language only
bobbio,1,it,one source language only
bocairent,1,es,one source language only
bodenmais,1,de,one source language only
bodensee,1,de,one source language only
bodrum,1,tr,one source language only
bodrum gümbet,1,tr,one source language only
bodrum gümüşlük,1,tr,one source language only
bodrum merkez,1,tr,one source language only
bodrumda,1,tr,one source language only
boedapest,1,nl,one source language only
boekarest,1,nl,one source language only
bogota colombia,1,en,one source language only
bogotá,1,pt,one source language only
bohuslän,1,sv,one source language only
boipeba,1,pt,one source language only
boise,1,en,one source language only
bolivia,1,es,one source language only
bolivien,1,de,one source language only
bologna centro,1,it,one source language only
bologna in due giorni,1,it,one source language only
bolonha,1,pt,one source language only
bolonia,1,es,one source language only
bolonia en un dia,1,es,one source language only
bolsena,1,it,one source language only
boltaña,1,es,one source language only
bolu,1,tr,one source language only
bolu merkez,1,tr,one source language only
bolu merkezde,1,tr,one source language only
boluda,1,tr,one source language only
bolzano,1,it,one source language only
bolzano e dintorni,1,it,one source language only
bombinhas,1,pt,one source language only
bonita springs,1,en,one source language only
bonito ms,1,pt,one source language only
bonito pe,1,pt,one source language only
boone,1,en,one source language only
boppard,1,de,one source language only
borghetto sul mincio,1,it,one source language only
borlänge,1,sv,one source language only
borlänge med barn,1,sv,one source language only
bormio,1,it,one source language only
bornholm,1,sv,one source language only
bornholm karta,1,sv,one source language only
borås,1,sv,one source language only
borås med barn,1,sv,one source language only
bosa,1,it,one source language only
bosna hersek,1,tr,one source language only
bosnia,1,es,one source language only
bosnien,1,de,one source language only
bostancı,1,tr,one source language only
boston tonight,1,en,one source language only
bottrop,1,de,one source language only
botucatu,1,pt,one source language only
boyabat,1,tr,one source language only
bozcaada,1,tr,one source language only
bozcaada çanakkale,1,tr,one source language only
bozeman,1,en,one source language only
bozeman mt,1,en,one source language only
bozen,1,de,one source language only
bozyazı,1,tr,one source language only
bozüyük,1,tr,one source language only
bra,1,it,one source language only
bracciano,1,it,one source language only
braga portugal,1,es,one source language only
braganza,1,es,one source language only
bragança paulista,1,pt,one source language only
brandenburg,1,de,one source language only
branson mo,1,en,one source language only
brasil,1,es,one source language only
brasilia,1,pt,one source language only
brasilia hoje,1,pt,one source language only
brasília hoje,1,pt,one source language only
brattleboro vt,1,en,one source language only
braunlage,1,de,one source language only
braunschweig,1,de,one source language only
breckenridge,1,en,one source language only
breda,1,nl,one source language only
breda centrum,1,nl,one source language only
bremerhaven,1,de,one source language only
breskens,1,nl,one source language only
breslau,1,de,one source language only
breslavia,1,it,one source language only
bressanone,1,it,one source language only
brezilya,1,tr,one source language only
brilon,1,de,one source language only
brindisi,1,it,one source language only
briones,1,es,one source language only
brisbane,1,en,one source language only
brisighella,1,it,one source language only
broken bow,1,en,one source language only
broken bow oklahoma,1,en,one source language only
brombachsee,1,de,one source language only
brooklyn ny,1,en,one source language only
brotas,1,pt,one source language only
brotas sp,1,pt,one source language only
broto,1,es,one source language only
brujas,1,es,one source language only
brujas en un dia,1,es,one source language only
brumadinho,1,pt,one source language only
brunico,1,it,one source language only
bruselas,1,es,one source language only
bruselas en un dia,1,es,one source language only
brusque,1,pt,one source language only
brussel,1,nl,one source language only
bruxelas,1,pt,one source language only
bruxelles,1,it,one source language only
bryson city,1,en,one source language only
bryson city nc,1,en,one source language only
bryssel,1,sv,one source language only
brügge,1,de,one source language only
brüssel,1,de,one source language only
bucharest,1,en,one source language only
budapeste,1,pt,one source language only
budapeşte,1,tr,one source language only
budva,1,tr,one source language only
budweis,1,de,one source language only
bueno brandão,1,pt,one source language only
bueu,1,es,one source language only
buffalo new york,1,en,one source language only
buffalo ny,1,en,one source language only
buldan,1,tr,one source language only
bulgaria,1,es,one source language only
bulgarien,1,de,one source language only
bulgaristan,1,tr,one source language only
bulgaristan sofya,1,tr,one source language only
burano,1,it,one source language only
burdeos y alrededores,1,es,one source language only
burela,1,es,one source language only
burg auf fehmarn,1,de,one source language only
burghausen,1,de,one source language only
burgo de osma,1,es,one source language only
burgos capital,1,es,one source language only
burgos en un dia,1,es,one source language only
burgos y alrededores,1,es,one source language only
burhaniye,1,tr,one source language only
bursa gemlik,1,tr,one source language only
bursa inegöl,1,tr,one source language only
bursa karacabey,1,tr,one source language only
bursa merkez,1,tr,one source language only
bursa merkezde,1,tr,one source language only
bursa nilüfer,1,tr,one source language only
bursa osmangazi,1,tr,one source language only
bursa'da günübirlik,1,tr,one source language only
butjadingen,1,de,one source language only
buzluk mağarası afyon,1,tr,one source language only
båstad,1,sv,one source language only
bükreş,1,tr,one source language only
büsum,1,de,one source language only
büyükada,1,tr,one source language only
büyükadada,1,tr,one source language only
büyükçekmece,1,tr,one source language only
cabezon de la sal,1,es,one source language only
cabo,1,en,one source language only
cabo de gata,1,es,one source language only
cabo de palos,1,es,one source language only
cabo frio a noite,1,pt,one source language only
cabo frio com chuva,1,pt,one source language only
cabo san lucas,1,en,one source language only
cabreuva,1,pt,one source language only
caceres,1,es,one source language only
caceres capital,1,es,one source language only
caconde,1,pt,one source language only
cadaques,1,es,one source language only
cadice,1,it,one source language only
cadiz,1,es,one source language only
cadiz capital,1,es,one source language only
cadiz en un dia,1,es,one source language only
cadiz provincia,1,es,one source language only
cadiz y alrededores,1,es,one source language only
caen,1,de,one source language only
cala ratjada,1,de,one source language only
calahorra,1,es,one source language only
calais,1,de,one source language only
calasparra,1,es,one source language only
calatayud,1,es,one source language only
caldas de reis,1,es,one source language only
caldas novas,1,pt,one source language only
calella,1,es,one source language only
calella de palafrugell,1,es,one source language only
calgary,1,de,one source language only
california,1,en,one source language only
callantsoog,1,nl,one source language only
calpe,1,es,one source language only
calpe y alrededores,1,es,one source language only
caltagirone,1,it,one source language only
caltanissetta,1,it,one source language only
calw,1,de,one source language only
camariñas,1,es,one source language only
cambados,1,es,one source language only
cambará do sul,1,pt,one source language only
cambodia,1,en,one source language only
camboriú,1,pt,one source language only
camboya,1,es,one source language only
cambridge,1,it,one source language only
cambrils,1,es,one source language only
camden town,1,it,one source language only
campinas hoje,1,pt,one source language only
campo de criptana,1,es,one source language only
campobasso,1,it,one source language only
campos do jordao,1,pt,one source language only
campos do jordão,1,pt,one source language only
campos do jordão a noite,1,pt,one source language only
campos do jordão com chuva,1,pt,one source language only
can picafort,1,de,one source language only
canada,1,es,one source language only
cananéia,1,pt,one source language only
canarias,1,es,one source language only
canasvieiras,1,pt,one source language only
canazei,1,it,one source language only
canberra,1,de,one source language only
cancun mexico,1,en,one source language only
candelario,1,es,one source language only
candeleda,1,es,one source language only
canela,1,pt,one source language only
canela rs,1,pt,one source language only
canfranc,1,es,one source language only
cangas,1,es,one source language only
cangas de morrazo,1,es,one source language only
cangas de narcea,1,es,one source language only
cangas de onis,1,es,one source language only
cannon beach,1,en,one source language only
canoa quebrada,1,pt,one source language only
canon city,1,en,one source language only
cantabria,1,es,one source language only
cantabria con niños,1,es,one source language only
caorle,1,de,one source language only
capadocia,1,es,one source language only
capalbio,1,it,one source language only
cape cod,1,en,one source language only
cape coral florida,1,en,one source language only
cape may nj,1,en,one source language only
capitolio,1,pt,one source language only
capitólio,1,pt,one source language only
capitólio a noite,1,pt,one source language only
capo d'orlando,1,it,one source language only
capo vaticano,1,it,one source language only
capo verde,1,it,one source language only
capodistria,1,it,one source language only
caraguatatuba,1,pt,one source language only
caraiva,1,pt,one source language only
caravaca de la cruz,1,es,one source language only
carboneras,1,es,one source language only
carcasona,1,es,one source language only
carcassonne,1,it,one source language only
cariño,1,es,one source language only
carloforte,1,it,one source language only
carlsbad nm,1,en,one source language only
carmel indiana,1,en,one source language only
carneiros,1,pt,one source language only
carrancas,1,pt,one source language only
carrara,1,it,one source language only
carson city,1,en,one source language only
cartagena colombia,1,pt,one source language only
cartagena murcia,1,es,one source language only
cartagena spanien,1,de,one source language only
cartes,1,es,one source language only
casa,1,pt,one source language only
casale monferrato,1,it,one source language only
cascais,1,it,one source language only
cascia,1,it,one source language only
caserta,1,it,one source language only
caserta oltre la reggia,1,it,one source language only
caso de convulsão,1,pt,one source language only
caso de desmaio,1,pt,one source language only
caso de infarto,1,pt,one source language only
caso de queimadura,1,pt,one source language only
casper wyoming,1,en,one source language only
castagneto carducci,1,it,one source language only
castel di sangro,1,it,one source language only
castel gandolfo,1,it,one source language only
castelfranco veneto,1,it,one source language only
castellabate,1,it,one source language only
castellammare del golfo,1,it,one source language only
castellammare di stabia,1,it,one source language only
castellon,1,es,one source language only
castellon de la plana,1,es,one source language only
castellón,1,es,one source language only
castelsardo,1,it,one source language only
castiglione del lago,1,it,one source language only
castilla la mancha,1,es,one source language only
castilla y leon,1,es,one source language only
castril,1,es,one source language only
castro,1,it,one source language only
castro urdiales,1,es,one source language only
castropol,1,es,one source language only
cataluña,1,es,one source language only
catania e dintorni,1,it,one source language only
catania in poche ore,1,it,one source language only
catanzaro,1,it,one source language only
catas altas,1,pt,one source language only
catas altas mg,1,pt,one source language only
cattolica,1,it,one source language only
cavalese,1,it,one source language only
caxambu,1,pt,one source language only
caxias do sul,1,pt,one source language only
cazorla,1,es,one source language only
cazorla pueblo,1,es,one source language only
caños de meca,1,es,one source language only
cebu,1,en,one source language only
cecina,1,it,one source language only
cedar rapids,1,en,one source language only
cedar rapids iowa,1,en,one source language only
cedeira,1,es,one source language only
cefalonia,1,it,one source language only
cefalu,1,it,one source language only
cefalù,1,it,one source language only
cenevre,1,tr,one source language only
central florida,1,en,one source language only
central park,1,en,one source language only
cerdeña,1,es,one source language only
certaldo,1,it,one source language only
cervia,1,it,one source language only
cesena,1,it,one source language only
cesenatico,1,it,one source language only
cetara,1,it,one source language only
ceuta,1,es,one source language only
cezayir,1,tr,one source language only
chalkidiki,1,nl,one source language only
chapecó,1,pt,one source language only
charleston,1,en,one source language only
charleston sc,1,en,one source language only
charleston south carolina,1,en,one source language only
charlotte nc,1,en,one source language only
charlottesville,1,en,one source language only
chattanooga,1,en,one source language only
chaves,1,es,one source language only
chelva,1,es,one source language only
cherbourg,1,de,one source language only
chiavenna,1,it,one source language only
chicago tomorrow,1,en,one source language only
chicago tonight,1,en,one source language only
chiclana,1,es,one source language only
chiclana de la frontera,1,es,one source language only
chiemsee,1,de,one source language only
chieti,1,it,one source language only
chinchon,1,es,one source language only
chinchón,1,es,one source language only
chincoteague,1,en,one source language only
chioggia,1,it,one source language only
chipiona,1,es,one source language only
chipre,1,es,one source language only
chisinau,1,it,one source language only
cide,1,tr,one source language only
cipro,1,it,one source language only
cisternino,1,it,one source language only
città del messico,1,it,one source language only
città di castello,1,it,one source language only
ciudad del este,1,pt,one source language only
ciudad real,1,es,one source language only
ciudad rodrigo,1,es,one source language only
ciutadella,1,es,one source language only
cividale del friuli,1,it,one source language only
civita di bagnoregio,1,it,one source language only
civitanova marche,1,it,one source language only
cizre,1,tr,one source language only
clarksville tn,1,en,one source language only
clearwater beach,1,en,one source language only
cleveland ohio,1,en,one source language only
coburg,1,de,one source language only
cocoa beach,1,en,one source language only
cody wy,1,en,one source language only
cold spring ny,1,en,one source language only
colle val d'elsa,1,it,one source language only
collodi,1,it,one source language only
cologne germany,1,en,one source language only
colombo,1,de,one source language only
colombres,1,es,one source language only
colonia del sacramento,1,pt,one source language only
colorado springs,1,en,one source language only
colorado springs this weekend,1,en,one source language only
columbia,1,en,one source language only
columbia sc,1,en,one source language only
columbus ohio,1,en,one source language only
comacchio,1,it,one source language only
combarro,1,es,one source language only
comer see,1,de,one source language only
comillas,1,es,one source language only
como,1,it,one source language only
como a piedi,1,it,one source language only
concord nh,1,en,one source language only
conegliano,1,it,one source language only
congonhas mg,1,pt,one source language only
conil,1,es,one source language only
connecticut,1,en,one source language only
copacabana,1,pt,one source language only
copenaghen,1,it,one source language only
copenhagen denmark,1,en,one source language only
cordoba argentina,1,pt,one source language only
cordoba en dos dias,1,es,one source language only
cordoba en tres dias,1,es,one source language only
cordoba en un dia,1,es,one source language only
cordova,1,it,one source language only
corea del sur,1,es,one source language only
corfù,1,it,one source language only
coria,1,es,one source language only
corinaldo,1,it,one source language only
cork ireland,1,en,one source language only
corleone,1,it,one source language only
coronado,1,en,one source language only
corpus christi,1,en,one source language only
corralejo,1,es,one source language only
corsica,1,nl,one source language only
cortina,1,it,one source language only
cortona,1,it,one source language only
corumbau,1,pt,one source language only
coruña,1,es,one source language only
cosenza,1,it,one source language only
cotia,1,pt,one source language only
covadonga,1,es,one source language only
crailsheim,1,de,one source language only
crema,1,it,one source language only
cremona,1,it,one source language only
crete,1,en,one source language only
criciuma,1,pt,one source language only
cripple creek,1,en,one source language only
crise de ansiedade,1,pt,one source language only
croacia,1,es,one source language only
crotone,1,it,one source language only
cudillero,1,es,one source language only
cuenca,1,es,one source language only
cuenca en un dia,1,es,one source language only
cuiabá,1,pt,one source language only
culla,1,es,one source language only
cullera,1,es,one source language only
cumalıkızık,1,tr,one source language only
cumalıkızık köyü,1,tr,one source language only
cumbuco,1,pt,one source language only
cumuruxatiba,1,pt,one source language only
cunda,1,tr,one source language only
cuneo,1,it,one source language only
cunha,1,pt,one source language only
cunha sp,1,pt,one source language only
curaçao,1,pt,one source language only
curitiba,1,pt,one source language only
curitiba a noite,1,pt,one source language only
curitiba com chuva,1,pt,one source language only
curitiba com crianças,1,pt,one source language only
curitiba hoje,1,pt,one source language only
curitiba?,1,pt,one source language only
cuxhaven,1,de,one source language only
cypern,1,sv,one source language only
cyprus,1,nl,one source language only
cáceres,1,es,one source language only
cáceres en un día,1,es,one source language only
cádiz,1,es,one source language only
córdoba en un día,1,es,one source language only
daimiel,1,es,one source language only
dalarna,1,sv,one source language only
dalarna med barn,1,sv,one source language only
dallas texas,1,en,one source language only
dalsland,1,sv,one source language only
dalyan,1,tr,one source language only
damp,1,de,one source language only
dana point,1,en,one source language only
danimarka,1,tr,one source language only
danmark,1,sv,one source language only
danzica,1,it,one source language only
danzig,1,de,one source language only
daroca,1,es,one source language only
darß,1,de,one source language only
datça,1,tr,one source language only
datça muğla,1,tr,one source language only
daytona,1,en,one source language only
dc,1,en,one source language only
de achterhoek,1,nl,one source language only
de buurt,1,nl,one source language only
de haan,1,de,one source language only
de herfstvakantie,1,nl,one source language only
death valley,1,en,one source language only
dedeağaç,1,tr,one source language only
deep creek md,1,en,one source language only
deggendorf,1,de,one source language only
delft,1,nl,one source language only
demre,1,tr,one source language only
den bosch,1,nl,one source language only
denemarken,1,nl,one source language only
denia,1,es,one source language only
denia y alrededores,1,es,one source language only
denizli,1,tr,one source language only
denizli merkez,1,tr,one source language only
denizlide,1,tr,one source language only
denver co,1,en,one source language only
denver colorado,1,en,one source language only
der nähe,1,de,one source language only
der nähe von meinem standort,1,de,one source language only
der türkei,1,de,one source language only
desenzano,1,it,one source language only
desenzano del garda,1,it,one source language only
destin florida,1,en,one source language only
detmold,1,de,one source language only
deutschland,1,de,one source language only
develi,1,tr,one source language only
develide,1,tr,one source language only
deventer vandaag,1,nl,one source language only
devrek,1,tr,one source language only
dfw this weekend,1,en,one source language only
diamantina mg,1,pt,one source language only
diano marina,1,it,one source language only
digione,1,it,one source language only
dijon,1,de,one source language only
dikili,1,tr,one source language only
dikilide,1,tr,one source language only
dinamarca,1,es,one source language only
dinant,1,nl,one source language only
dinkelsbühl,1,de,one source language only
disney springs,1,en,one source language only
diyarbakır,1,tr,one source language only
dobbiaco,1,it,one source language only
doetinchem,1,nl,one source language only
dolomitas,1,es,one source language only
dolomiten,1,de,one source language only
domingos martins,1,pt,one source language only
dominikanische republik,1,de,one source language only
domodossola,1,it,one source language only
donosti,1,es,one source language only
dordrecht,1,nl,one source language only
downtown chicago,1,en,one source language only
downtown denver,1,en,one source language only
downtown la,1,en,one source language only
downtown nashville,1,en,one source language only
doğanbey köyü,1,tr,one source language only
doğuda,1,tr,one source language only
drenthe,1,nl,one source language only
drenthe braderie,1,nl,one source language only
drenthe morgen,1,nl,one source language only
drenthe vandaag,1,nl,one source language only
drenthe vandaag markten,1,nl,one source language only
dresda,1,it,one source language only
dublin ireland,1,en,one source language only
dublino,1,it,one source language only
dubuque iowa,1,en,one source language only
duderstadt,1,de,one source language only
duisburg,1,de,one source language only
duluth mn,1,en,one source language only
dunedin fl,1,en,one source language only
durango,1,en,one source language only
durango colorado,1,en,one source language only
durazzo,1,it,one source language only
durham,1,en,one source language only
dänemark,1,de,one source language only
dänemark karte,1,de,one source language only
dörtyol,1,tr,one source language only
dünyada,1,tr,one source language only
düsseldorf,1,tr,one source language only
düzce,1,tr,one source language only
eceabat,1,tr,one source language only
eckernförde,1,de,one source language only
edersee,1,de,one source language only
edirne,1,tr,one source language only
edirnede,1,tr,one source language only
edremit,1,tr,one source language only
ege,1,tr,one source language only
ege bölgesi,1,tr,one source language only
egipto,1,es,one source language only
eguisheim,1,de,one source language only
egypte,1,nl,one source language only
eidfjord,1,de,one source language only
eifel,1,de,one source language only
eifel duitsland,1,nl,one source language only
eindhoven dit weekend,1,nl,one source language only
eindhoven vandaag,1,nl,one source language only
eisenach,1,de,one source language only
eisenhüttenstadt,1,de,one source language only
el albir,1,es,one source language only
el algarve,1,es,one source language only
el bierzo,1,es,one source language only
el cairo,1,es,one source language only
el calafate,1,pt,one source language only
el delta del ebro,1,es,one source language only
el hierro,1,es,one source language only
el norte de españa,1,es,one source language only
el norte de portugal,1,es,one source language only
el pais vasco,1,es,one source language only
el parque del retiro,1,es,one source language only
el paso,1,en,one source language only
el puerto de santa maria,1,es,one source language only
el salvador,1,es,one source language only
el sur de francia,1,es,one source language only
el sur de portugal,1,es,one source language only
el sur de tenerife,1,es,one source language only
elazığ,1,tr,one source language only
elba,1,de,one source language only
elburg,1,nl,one source language only
elche,1,es,one source language only
elizondo,1,es,one source language only
elsass,1,de,one source language only
elvas,1,es,one source language only
embu das artes,1,pt,one source language only
emmen,1,nl,one source language only
emmen dit weekend,1,nl,one source language only
emmen vandaag,1,nl,one source language only
empoli,1,it,one source language only
empuriabrava,1,es,one source language only
endonezya,1,tr,one source language only
england,1,de,one source language only
enköping,1,sv,one source language only
enna,1,it,one source language only
enschede,1,nl,one source language only
enschede dit weekend,1,nl,one source language only
enschede vandaag,1,nl,one source language only
erbaa,1,tr,one source language only
erciş,1,tr,one source language only
erdek,1,tr,one source language only
erdekte,1,tr,one source language only
erdemli,1,tr,one source language only
erding,1,de,one source language only
ereğli,1,tr,one source language only
erfurt,1,de,one source language only
erice,1,it,one source language only
erikli,1,tr,one source language only
ermelo,1,nl,one source language only
ermenek,1,tr,one source language only
erzgebirge,1,de,one source language only
erzin,1,tr,one source language only
erzincan,1,tr,one source language only
erzurum,1,tr,one source language only
erzurum merkez,1,tr,one source language only
erzurum merkezde,1,tr,one source language only
escocia,1,es,one source language only
esens,1,de,one source language only
eski datça,1,tr,one source language only
eski mardin,1,tr,one source language only
eskilstuna,1,sv,one source language only
eskilstuna med barn,1,sv,one source language only
eskisehir,1,tr,one source language only
eskişehir,1,tr,one source language only
eskişehir merkezde,1,tr,one source language only
eskişehir'e yakın,1,tr,one source language only
eskişehirde,1,tr,one source language only
eslovaquia,1,es,one source language only
eslovenia,1,es,one source language only
españa,1,es,one source language only
estambul,1,es,one source language only
este,1,it,one source language only
estella,1,es,one source language only
estepona,1,es,one source language only
estes park,1,en,one source language only
estland,1,de,one source language only
estocolmo,1,es,one source language only
estonia,1,es,one source language only
estoril,1,es,one source language only
estrasburgo,1,es,one source language only
etimesgut,1,tr,one source language only
etretat,1,de,one source language only
eureka ca,1,en,one source language only
europa,1,sv,one source language only
europe,1,en,one source language only
evora,1,es,one source language only
extrema,1,pt,one source language only
extrema mg,1,pt,one source language only
extremadura,1,es,one source language only
eyüp sultan,1,tr,one source language only
ezcaray,1,es,one source language only
eğil,1,tr,one source language only
eğirdir,1,tr,one source language only
fabriano,1,it,one source language only
faenza,1,it,one source language only
fairbanks,1,en,one source language only
fairhope al,1,en,one source language only
falkenberg,1,sv,one source language only
falköping,1,sv,one source language only
falun,1,sv,one source language only
falun med barn,1,sv,one source language only
fano,1,it,one source language only
fargo,1,en,one source language only
faro portugal,1,es,one source language only
farroupilha,1,pt,one source language only
fas,1,tr,one source language only
fasano,1,it,one source language only
fatih,1,tr,one source language only
fatihte,1,tr,one source language only
favignana,1,it,one source language only
feltre,1,it,one source language only
fernandina beach,1,en,one source language only
fernando de noronha,1,pt,one source language only
ferrara,1,it,one source language only
ferrol,1,es,one source language only
fes,1,it,one source language only
fethiye merkez,1,tr,one source language only
fethiye merkezde,1,tr,one source language only
fethiye ölüdeniz,1,tr,one source language only
fethiyede,1,tr,one source language only
fichtelgebirge,1,de,one source language only
fidenza,1,it,one source language only
figueres,1,es,one source language only
filipinas,1,es,one source language only
filipinler,1,tr,one source language only
finale ligure,1,it,one source language only
finike,1,tr,one source language only
finikede,1,tr,one source language only
finisterre,1,es,one source language only
finnland,1,de,one source language only
firenze,1,it,one source language only
firenze con i bambini,1,it,one source language only
firenze in due giorni,1,it,one source language only
firgas,1,es,one source language only
fiuggi,1,it,one source language only
fiume,1,it,one source language only
flagstaff,1,en,one source language only
flagstaff arizona,1,en,one source language only
flecheiras,1,pt,one source language only
flensburg,1,de,one source language only
floransa,1,tr,one source language only
florence oregon,1,en,one source language only
florencia,1,es,one source language only
florencia en dos dias,1,es,one source language only
florencia en tres dias,1,es,one source language only
florencia en un dia,1,es,one source language only
florens,1,sv,one source language only
florenz,1,de,one source language only
florença,1,pt,one source language only
florianópolis,1,pt,one source language only
florianópolis com chuva,1,pt,one source language only
florianópolis hoje,1,pt,one source language only
florida keys,1,en,one source language only
foggia,1,it,one source language only
foligno,1,it,one source language only
forli,1,it,one source language only
forlì,1,it,one source language only
formia,1,it,one source language only
fornells,1,es,one source language only
fort lauderdale florida,1,en,one source language only
fort myers beach,1,en,one source language only
fort wayne,1,en,one source language only
fort worth,1,en,one source language only
forte dei marmi,1,it,one source language only
foz,1,es,one source language only
foz do iguaçu a noite,1,pt,one source language only
foz do iguaçu com crianças,1,pt,one source language only
foça,1,tr,one source language only
francia,1,es,one source language only
francoforte,1,it,one source language only
frankfort ky,1,en,one source language only
frankreich,1,de,one source language only
frankrijk,1,nl,one source language only
frankrike,1,sv,one source language only
fransa,1,tr,one source language only
franzensbad,1,de,one source language only
frascati,1,it,one source language only
fredericksburg tx,1,en,one source language only
fredericksburg va,1,en,one source language only
freeport maine,1,en,one source language only
freiburg,1,de,one source language only
freiburg im breisgau,1,de,one source language only
french lick indiana,1,en,one source language only
freudenstadt,1,de,one source language only
freyburg,1,de,one source language only
frias,1,es,one source language only
friedrichroda,1,de,one source language only
friedrichshafen,1,de,one source language only
friedrichskoog,1,de,one source language only
friesland morgen,1,nl,one source language only
frigiliana,1,es,one source language only
frosinone,1,it,one source language only
fränkische schweiz,1,de,one source language only
fuengirola,1,es,one source language only
fukuoka,1,de,one source language only
fulda,1,de,one source language only
föhr,1,de,one source language only
fürth,1,de,one source language only
füssen,1,de,one source language only
gaeta,1,it,one source language only
galatina,1,it,one source language only
galdar,1,es,one source language only
galicia,1,es,one source language only
gallipoli,1,it,one source language only
galveston,1,en,one source language only
galway,1,es,one source language only
galway ireland,1,en,one source language only
gand,1,it,one source language only
gandia,1,es,one source language only
gante,1,es,one source language only
gante en un dia,1,es,one source language only
garachico,1,es,one source language only
garanhuns,1,pt,one source language only
gardasee,1,de,one source language only
gardone riviera,1,it,one source language only
garibaldi,1,pt,one source language only
garipçe köyü,1,tr,one source language only
garmisch,1,de,one source language only
garmisch-partenkirchen,1,de,one source language only
garopaba,1,pt,one source language only
garrucha,1,es,one source language only
gatlinburg,1,en,one source language only
gatlinburg and pigeon forge,1,en,one source language only
gaziantep,1,tr,one source language only
gazimağusa,1,tr,one source language only
gazlıgöl,1,tr,one source language only
gdansk med barn,1,sv,one source language only
gebze,1,tr,one source language only
gela,1,it,one source language only
gelderland,1,nl,one source language only
gelderland vandaag,1,nl,one source language only
gelibolu,1,tr,one source language only
gemlik,1,tr,one source language only
genebra,1,pt,one source language only
genua,1,de,one source language only
georgetown,1,en,one source language only
georgia,1,es,one source language only
georgien,1,de,one source language only
gera,1,de,one source language only
gerede,1,tr,one source language only
gernika,1,es,one source language only
gerolstein,1,de,one source language only
gerona,1,es,one source language only
gerze,1,tr,one source language only
getaria,1,es,one source language only
gettysburg,1,en,one source language only
getxo,1,es,one source language only
geyikli,1,tr,one source language only
geyiklide,1,tr,one source language only
geyve,1,tr,one source language only
ghana,1,en,one source language only
giacarta,1,it,one source language only
giardini naxos,1,it,one source language only
gibellina,1,it,one source language only
giethoorn,1,nl,one source language only
gießen,1,de,one source language only
gijon,1,es,one source language only
gijon en un dia,1,es,one source language only
gijon y alrededores,1,es,one source language only
gijón,1,es,one source language only
gijón en un día,1,es,one source language only
ginebra,1,es,one source language only
ginevra,1,it,one source language only
giresun,1,tr,one source language only
girne,1,tr,one source language only
girona en un dia,1,es,one source language only
giverny,1,it,one source language only
glasgow scotland,1,en,one source language only
goes,1,nl,one source language only
goiania,1,pt,one source language only
goias,1,pt,one source language only
goias velho,1,pt,one source language only
goiânia,1,pt,one source language only
goiânia hoje,1,pt,one source language only
gonçalves,1,pt,one source language only
gonçalves mg,1,pt,one source language only
gorinchem,1,nl,one source language only
gorizia,1,it,one source language only
goslar,1,de,one source language only
goteborg,1,it,one source language only
gotha,1,de,one source language only
gouda,1,nl,one source language only
gozo,1,it,one source language only
graal müritz,1,de,one source language only
gradara,1,it,one source language only
grado,1,it,one source language only
gramado,1,pt,one source language only
gramado com chuva,1,pt,one source language only
gramado com crianças,1,pt,one source language only
gramado e canela,1,pt,one source language only
gran canaria med bil,1,sv,one source language only
gran canarias,1,es,one source language only
granada en dos dias,1,es,one source language only
granada en un dia,1,es,one source language only
granada en un día,1,es,one source language only
grand junction colorado,1,en,one source language only
grand marais,1,en,one source language only
grand rapids,1,en,one source language only
grand rapids michigan,1,en,one source language only
grand teton national park,1,en,one source language only
gravina di puglia,1,it,one source language only
graz,1,it,one source language only
grazalema,1,es,one source language only
grebbestad,1,sv,one source language only
grecia,1,es,one source language only
greece,1,en,one source language only
greenville sc,1,en,one source language only
greetsiel,1,de,one source language only
grekland,1,sv,one source language only
grenada,1,de,one source language only
griechenland,1,de,one source language only
grimma,1,de,one source language only
groningen dit weekend,1,nl,one source language only
groningen vandaag,1,nl,one source language only
grosseto,1,it,one source language only
grottaglie,1,it,one source language only
grottammare,1,it,one source language only
großbritannien,1,de,one source language only
gränna,1,sv,one source language only
grömitz,1,de,one source language only
grönland,1,de,one source language only
guadalajara,1,es,one source language only
guadalajara españa,1,es,one source language only
guadalupe,1,es,one source language only
guadeloupe,1,de,one source language only
guadix,1,es,one source language only
guaramiranga,1,pt,one source language only
guarapari,1,pt,one source language only
guararema,1,pt,one source language only
guaratuba,1,pt,one source language only
guaruja,1,pt,one source language only
guatemala,1,es,one source language only
gubbio,1,it,one source language only
guernica,1,es,one source language only
guimaraes,1,es,one source language only
gulf shores,1,en,one source language only
gävle,1,sv,one source language only
göcek,1,tr,one source language only
gökçeada,1,tr,one source language only
gölbaşı,1,tr,one source language only
gölcük,1,tr,one source language only
gölyazı,1,tr,one source language only
gölyazı bursa,1,tr,one source language only
gönen,1,tr,one source language only
göreme,1,tr,one source language only
görlitz,1,de,one source language only
göteborg,1,sv,one source language only
göteborg i helgen,1,sv,one source language only
göteborg med barn,1,sv,one source language only
göteborg när det regnar,1,sv,one source language only
göteborg ungdom,1,sv,one source language only
göteborg vuxna,1,sv,one source language only
göttingen,1,de,one source language only
güdül,1,tr,one source language only
gümbet bodrum,1,tr,one source language only
gümülcine,1,tr,one source language only
gümüşlük,1,tr,one source language only
güney kore,1,tr,one source language only
günzburg,1,de,one source language only
günübirlik,1,tr,one source language only
günübirlik gezilecek bursa,1,tr,one source language only
günübirlik gezilecek istanbul,1,tr,one source language only
gürcistan batum,1,tr,one source language only
gürcistan tiflis,1,tr,one source language only
güre,1,tr,one source language only
gürün,1,tr,one source language only
güzelbahçe,1,tr,one source language only
haarlem,1,nl,one source language only
haarlem dit weekend,1,nl,one source language only
hagerstown md,1,en,one source language only
hakkari,1,tr,one source language only
hakone,1,en,one source language only
half moon bay,1,en,one source language only
halfeti,1,tr,one source language only
halifax,1,en,one source language only
halifax nova scotia,1,en,one source language only
halkidiki,1,tr,one source language only
halland,1,sv,one source language only
halmstad,1,sv,one source language only
hamburg top 20,1,de,one source language only
hamburger,1,de,one source language only
hamburgo,1,es,one source language only
hamm,1,de,one source language only
hannover,1,de,one source language only
hardenberg,1,nl,one source language only
hardenberg vandaag,1,nl,one source language only
harderwijk,1,nl,one source language only
harderwijk dit weekend,1,nl,one source language only
haro,1,es,one source language only
harran,1,tr,one source language only
hasankeyf,1,tr,one source language only
hasselt,1,nl,one source language only
hatay,1,tr,one source language only
hatay antakya,1,tr,one source language only
havza,1,tr,one source language only
hawaii honolulu,1,en,one source language only
haymana,1,tr,one source language only
hbo max,1,es,one source language only
heerenveen,1,nl,one source language only
heidelberg,1,tr,one source language only
heilbronn,1,de,one source language only
helen georgia,1,en,one source language only
helgoland,1,de,one source language only
helsingborg,1,sv,one source language only
helsingfors,1,sv,one source language only
helsingör,1,sv,one source language only
helsingör med barn,1,sv,one source language only
hendek,1,tr,one source language only
heppenheim,1,de,one source language only
hermann mo,1,en,one source language only
hervas,1,es,one source language only
hevsel bahçeleri diyarbakır,1,tr,one source language only
heybeliada,1,tr,one source language only
hildesheim,1,de,one source language only
hilton head,1,en,one source language only
hilversum,1,nl,one source language only
hindistan,1,tr,one source language only
hjo,1,sv,one source language only
ho chi minh,1,it,one source language only
hocking hills,1,en,one source language only
hoi an,1,en,one source language only
holambra,1,pt,one source language only
holambra sp,1,pt,one source language only
holland,1,de,one source language only
holland mi,1,en,one source language only
hollanda,1,tr,one source language only
hollywood,1,de,one source language only
hollywood florida,1,en,one source language only
holzminden,1,de,one source language only
hondarribia,1,es,one source language only
honolulu,1,en,one source language only
hood river,1,en,one source language only
hoorn,1,nl,one source language only
hoorn dit weekend,1,nl,one source language only
hoorn vandaag,1,nl,one source language only
hopa,1,tr,one source language only
hot springs ar,1,en,one source language only
hudiksvall,1,sv,one source language only
hudson ny,1,en,one source language only
huelva,1,es,one source language only
huelva capital,1,es,one source language only
huelva capital en un día,1,es,one source language only
huelva provincia,1,es,one source language only
huesca capital,1,es,one source language only
huesca capital en un día,1,es,one source language only
hungria,1,es,one source language only
huntsville,1,en,one source language only
hälsingland,1,sv,one source language only
härnösand,1,sv,one source language only
höga kusten,1,sv,one source language only
höxter,1,de,one source language only
hırvatistan,1,tr,one source language only
i barcelona,1,sv,one source language only
i dalarna,1,sv,one source language only
i danmark,1,sv,one source language only
i göteborg,1,sv,one source language only
i köpenhamn,1,sv,one source language only
i london,1,sv,one source language only
i new york,1,sv,one source language only
i norge,1,sv,one source language only
i oslo,1,sv,one source language only
i prag,1,sv,one source language only
i rom,1,sv,one source language only
i skåne,1,sv,one source language only
i stockholm,1,sv,one source language only
i sverige,1,sv,one source language only
i wien,1,sv,one source language only
ibitipoca,1,pt,one source language only
iceland,1,en,one source language only
icod de los vinos,1,es,one source language only
idar oberstein,1,de,one source language only
idar-oberstein,1,de,one source language only
idyllwild,1,en,one source language only
ijsland,1,nl,one source language only
il cairo,1,it,one source language only
ilha bela,1,pt,one source language only
ilha comprida,1,pt,one source language only
ilha grande,1,pt,one source language only
ilhabela,1,pt,one source language only
ilheus,1,pt,one source language only
ilhéus,1,pt,one source language only
ilmenau,1,de,one source language only
ilsenburg,1,de,one source language only
immenstadt,1,de,one source language only
imola,1,it,one source language only
imperia,1,it,one source language only
indaiatuba,1,pt,one source language only
indianapolis,1,en,one source language only
indianapolis indiana,1,en,one source language only
indien,1,de,one source language only
indonesien,1,de,one source language only
indy,1,en,one source language only
ingiltere,1,tr,one source language only
insel krk,1,de,one source language only
insel reichenau,1,de,one source language only
insel rügen,1,de,one source language only
interlaken,1,en,one source language only
inverness scotland,1,en,one source language only
inzell,1,de,one source language only
iran,1,tr,one source language only
irun,1,es,one source language only
ischia,1,it,one source language only
ischia a piedi,1,it,one source language only
iseo,1,it,one source language only
iserlohn,1,de,one source language only
isernia,1,it,one source language only
iskenderiye,1,tr,one source language only
iskenderun,1,tr,one source language only
iskeçe,1,tr,one source language only
iskoçya,1,tr,one source language only
isla cantabria,1,es,one source language only
isla cristina,1,es,one source language only
isla mujeres,1,en,one source language only
islandia,1,es,one source language only
isle of skye,1,de,one source language only
isny,1,de,one source language only
ispanya,1,tr,one source language only
ispanyada,1,tr,one source language only
isparta,1,tr,one source language only
ispica,1,it,one source language only
israil,1,tr,one source language only
istanbul anadolu,1,tr,one source language only
istanbul anadolu yakası,1,tr,one source language only
istanbul avrupa,1,tr,one source language only
istanbul avrupa yakası,1,tr,one source language only
istanbul avrupa yakasında,1,tr,one source language only
istanbul da günübirlik,1,tr,one source language only
istanbul da kışın,1,tr,one source language only
istanbul fatih,1,tr,one source language only
istanbul çevresi,1,tr,one source language only
istanbul çocukla,1,tr,one source language only
istanbul çocuklarla,1,tr,one source language only
istanbul'a yakın günübirlik,1,tr,one source language only
istanbul'da akşam,1,tr,one source language only
istanbul'da gece,1,tr,one source language only
istanbul'da günübirlik,1,tr,one source language only
istanbul'da kışın,1,tr,one source language only
istanbul'da çocukla,1,tr,one source language only
istanbul'da çocuklarla,1,tr,one source language only
istanbula yakin,1,tr,one source language only
istanbula yakın,1,tr,one source language only
istrien,1,de,one source language only
isveç,1,tr,one source language only
isviçre,1,tr,one source language only
itacare,1,pt,one source language only
itacaré,1,pt,one source language only
itaipava,1,pt,one source language only
itaipava rj,1,pt,one source language only
itajai,1,pt,one source language only
italia,1,es,one source language only
italie,1,nl,one source language only
italien,1,de,one source language only
italy,1,en,one source language only
italya,1,tr,one source language only
itatiaia,1,pt,one source language only
itatiba,1,pt,one source language only
ithaca ny,1,en,one source language only
ivrea,1,it,one source language only
izlanda,1,tr,one source language only
izmir,1,tr,one source language only
izmir alaçatı,1,tr,one source language only
izmir buca,1,tr,one source language only
izmir dikili,1,tr,one source language only
izmir menderes,1,tr,one source language only
izmir merkez,1,tr,one source language only
izmir merkezde,1,tr,one source language only
izmir seferihisar,1,tr,one source language only
izmir selçuk,1,tr,one source language only
izmir tire,1,tr,one source language only
izmir urla,1,tr,one source language only
izmir çevresi,1,tr,one source language only
izmirde,1,tr,one source language only
iznik,1,tr,one source language only
iznik gölü,1,tr,one source language only
iznikte,1,tr,one source language only
iç anadolu,1,tr,one source language only
iğneada,1,tr,one source language only
jaca,1,es,one source language only
jaca y alrededores,1,es,one source language only
jackson hole wyoming,1,en,one source language only
jackson ms,1,en,one source language only
jaen,1,es,one source language only
jaen ciudad,1,es,one source language only
jamaica,1,en,one source language only
jamaika,1,de,one source language only
japon,1,es,one source language only
japonya,1,tr,one source language only
jaragua do sul,1,pt,one source language only
javea,1,es,one source language only
jena,1,de,one source language only
jerez,1,es,one source language only
jerez de los caballeros,1,es,one source language only
jericoacoara,1,pt,one source language only
jerome az,1,en,one source language only
jerusalem,1,en,one source language only
joanesburgo,1,pt,one source language only
joanópolis,1,pt,one source language only
joao pessoa,1,pt,one source language only
johannesburg,1,en,one source language only
joinville hoje,1,pt,one source language only
jokkmokk,1,sv,one source language only
jordan,1,en,one source language only
jordania,1,es,one source language only
jordanien,1,de,one source language only
jorquera,1,es,one source language only
joão pessoa,1,pt,one source language only
joão pessoa a noite,1,pt,one source language only
juiz de fora,1,pt,one source language only
jundiai,1,pt,one source language only
jundiaí,1,pt,one source language only
juneau,1,en,one source language only
juquehy,1,pt,one source language only
jylland,1,sv,one source language only
järvsö,1,sv,one source language only
jönköping,1,sv,one source language only
jönköping med barn,1,sv,one source language only
kaapstad,1,nl,one source language only
kaapverdië,1,nl,one source language only
kadirli,1,tr,one source language only
kadıköy,1,tr,one source language only
kahire,1,tr,one source language only
kahramanmaraş,1,tr,one source language only
kairo,1,de,one source language only
kalabrien,1,de,one source language only
kalifornien,1,de,one source language only
kaliningrad,1,de,one source language only
kalispell mt,1,en,one source language only
kalkan,1,tr,one source language only
kalmar,1,sv,one source language only
kamboçya,1,tr,one source language only
kampen,1,nl,one source language only
kanab utah,1,en,one source language only
kandıra,1,tr,one source language only
kanlıca,1,tr,one source language only
kansas city,1,en,one source language only
kapadokya,1,tr,one source language only
kappeln,1,de,one source language only
kapstadt,1,de,one source language only
kapverden,1,de,one source language only
karaburun,1,tr,one source language only
karabük,1,tr,one source language only
karabükte,1,tr,one source language only
karacabey,1,tr,one source language only
karadeniz,1,tr,one source language only
karadeniz turu,1,tr,one source language only
karadeniz turunda,1,tr,one source language only
karaköyde,1,tr,one source language only
karaman,1,tr,one source language only
karasu,1,tr,one source language only
karasuda,1,tr,one source language only
karlovy vary,1,de,one source language only
karlsbad,1,de,one source language only
karlstad,1,sv,one source language only
karpathos,1,nl,one source language only
kartal,1,tr,one source language only
kartalda,1,tr,one source language only
kartepe,1,tr,one source language only
kartepede,1,tr,one source language only
karşıda,1,tr,one source language only
kasachstan,1,de,one source language only
kastamonu,1,tr,one source language only
kastamonu cide,1,tr,one source language only
katar,1,tr,one source language only
katowice,1,it,one source language only
katy,1,en,one source language only
kauai,1,en,one source language only
kavala,1,tr,one source language only
kaz dağları,1,tr,one source language only
kazakistan,1,tr,one source language only
kaş,1,tr,one source language only
kaş kalkan,1,tr,one source language only
kaş merkez,1,tr,one source language only
kdz ereğli,1,tr,one source language only
kelheim,1,de,one source language only
kemaliye,1,tr,one source language only
kemalpaşa,1,tr,one source language only
kemer merkez,1,tr,one source language only
kenia,1,de,one source language only
kennebunkport,1,en,one source language only
kentucky,1,en,one source language only
kenya,1,en,one source language only
kerrville tx,1,en,one source language only
keulen,1,nl,one source language only
key largo,1,en,one source language only
key west florida,1,en,one source language only
keçiören,1,tr,one source language only
keşan,1,tr,one source language only
kiel,1,de,one source language only
kiel altstadt,1,de,one source language only
kiliste,1,tr,one source language only
kingston ny,1,en,one source language only
kioto,1,es,one source language only
kiruna,1,sv,one source language only
kiruna sommar,1,sv,one source language only
kitzbühel,1,de,one source language only
kivik,1,sv,one source language only
kişinev,1,tr,one source language only
kktc,1,tr,one source language only
klagenfurt,1,de,one source language only
knoxville tennessee,1,en,one source language only
knoxville tn,1,en,one source language only
kocaali,1,tr,one source language only
kocaeli,1,tr,one source language only
koh samui,1,de,one source language only
kolberg polen,1,de,one source language only
konakta,1,tr,one source language only
konya,1,tr,one source language only
konya ereğli,1,tr,one source language only
konya merkez,1,tr,one source language only
konya merkezde,1,tr,one source language only
konya sille,1,tr,one source language only
konyaaltı,1,tr,one source language only
konyada,1,tr,one source language only
kopenhag,1,tr,one source language only
kore,1,tr,one source language only
koserow,1,de,one source language only
kosova,1,tr,one source language only
kristiansand,1,de,one source language only
krk,1,de,one source language only
kroatie,1,nl,one source language only
kronach,1,de,one source language only
krumau,1,de,one source language only
ksamil,1,tr,one source language only
kuba,1,de,one source language only
kula,1,tr,one source language only
kulada,1,tr,one source language only
kulmbach,1,de,one source language only
kumluca,1,tr,one source language only
kusadasi,1,de,one source language only
kuveyt,1,tr,one source language only
kuzey kıbrıs,1,tr,one source language only
kuzey makedonya,1,tr,one source language only
kuzguncuk,1,tr,one source language only
kuşadası,1,tr,one source language only
kuşadası merkezde,1,tr,one source language only
kyoto japan,1,en,one source language only
köln geheimtipp,1,de,one source language only
königssee,1,de,one source language only
köpenhamn,1,sv,one source language only
köpenhamn med barn,1,sv,one source language only
köyceğiz,1,tr,one source language only
köyceğiz muğla,1,tr,one source language only
kühlungsborn,1,de,one source language only
kütahya,1,tr,one source language only
küçükkuyu,1,tr,one source language only
kıbrıs,1,tr,one source language only
kırgızistan,1,tr,one source language only
kırklareli,1,tr,one source language only
kırıkkale,1,tr,one source language only
kırıkkalede,1,tr,one source language only
kırşehir,1,tr,one source language only
kıyıköy,1,tr,one source language only
kızılay,1,tr,one source language only
kızılcahamam,1,tr,one source language only
kızıltepe,1,tr,one source language only
kışın,1,tr,one source language only
l'aquila e dintorni,1,it,one source language only
la,1,en,one source language only
la alberca,1,es,one source language only
la bañeza,1,es,one source language only
la bretaña francesa,1,es,one source language only
la coruña,1,es,one source language only
la coruña y alrededores,1,es,one source language only
la costa brava,1,es,one source language only
la fortuna costa rica,1,en,one source language only
la graciosa,1,es,one source language only
la granja de san ildefonso,1,es,one source language only
la habana,1,es,one source language only
la haya,1,es,one source language only
la india,1,es,one source language only
la laguna,1,es,one source language only
la laguna tenerife,1,es,one source language only
la orotava,1,es,one source language only
la paz,1,pt,one source language only
la provincia de burgos,1,es,one source language only
la ribeira sacra,1,es,one source language only
la rioja,1,es,one source language only
la selva negra,1,es,one source language only
la spezia,1,it,one source language only
la toscana,1,es,one source language only
la valeta,1,es,one source language only
la valletta,1,it,one source language only
laboe,1,de,one source language only
ladik,1,tr,one source language only
lafayette la,1,en,one source language only
lago maggiore,1,de,one source language only
lagoa santa,1,pt,one source language only
lagos,1,es,one source language only
lagos portugal,1,es,one source language only
laguardia,1,es,one source language only
lake charles,1,en,one source language only
lake como,1,en,one source language only
lake tahoe,1,en,one source language only
lakeland,1,en,one source language only
lakeland fl,1,en,one source language only
lalin,1,es,one source language only
lampedusa,1,it,one source language only
lancaster pa,1,en,one source language only
landau,1,de,one source language only
landshut,1,de,one source language only
landskrona,1,sv,one source language only
lanjaron,1,es,one source language only
lapinha da serra,1,pt,one source language only
lapseki,1,tr,one source language only
lara,1,tr,one source language only
laredo,1,es,one source language only
las azores,1,es,one source language only
las landas,1,es,one source language only
las palmas,1,es,one source language only
las vegas for couples,1,en,one source language only
lastres,1,es,one source language only
latina,1,it,one source language only
laughlin,1,en,one source language only
laughlin nevada,1,en,one source language only
lavras mg,1,pt,one source language only
lavras novas,1,pt,one source language only
laxe,1,es,one source language only
lazise,1,it,one source language only
le havre,1,de,one source language only
leadville co,1,en,one source language only
leavenworth,1,en,one source language only
leavenworth wa,1,en,one source language only
lecce di sera,1,it,one source language only
lecce in due giorni,1,it,one source language only
lecco,1,it,one source language only
leeuwarden,1,nl,one source language only
leeuwarden dit weekend,1,nl,one source language only
lefkada,1,de,one source language only
lefkas,1,nl,one source language only
lefkoşa kıbrıs,1,tr,one source language only
leiden,1,nl,one source language only
leiden dit weekend,1,nl,one source language only
lekeitio,1,es,one source language only
leksand,1,sv,one source language only
lemgo,1,de,one source language only
leon,1,es,one source language only
leon en un dia,1,es,one source language only
leon y alrededores,1,es,one source language only
lepe,1,es,one source language only
lerici,1,it,one source language only
lerida,1,es,one source language only
lerma,1,es,one source language only
letonia,1,es,one source language only
lettland,1,de,one source language only
letur,1,es,one source language only
leutkirch,1,de,one source language only
lexington,1,en,one source language only
lexington ky,1,en,one source language only
lidköping,1,sv,one source language only
liechtenstein,1,de,one source language only
lierganes,1,es,one source language only
lignano sabbiadoro,1,it,one source language only
lille,1,nl,one source language only
lima peru,1,pt,one source language only
limburg an der lahn,1,de,one source language only
limeira,1,pt,one source language only
limone sul garda,1,it,one source language only
linares,1,es,one source language only
lincoln ne,1,en,one source language only
lincoln nh,1,en,one source language only
lindau,1,de,one source language only
lindoia,1,pt,one source language only
linköping,1,sv,one source language only
linz,1,it,one source language only
lione,1,it,one source language only
lipari,1,it,one source language only
lipsia,1,it,one source language only
lisboa,1,es,one source language only
lisboa en un dia,1,es,one source language only
lisboa y alrededores,1,es,one source language only
lisbon,1,en,one source language only
lisbona,1,it,one source language only
lititz pa,1,en,one source language only
lituania,1,es,one source language only
litvanya,1,tr,one source language only
livigno,1,it,one source language only
lizbon,1,tr,one source language only
llanes,1,es,one source language only
llanes y alrededores,1,es,one source language only
lleida,1,es,one source language only
lleida ciudad,1,es,one source language only
llerena,1,es,one source language only
lloret de mar,1,es,one source language only
locarno,1,it,one source language only
locorotondo,1,it,one source language only
lodi,1,it,one source language only
lofoten,1,de,one source language only
lofoten karta,1,sv,one source language only
logan utah,1,en,one source language only
logrono,1,es,one source language only
logroño,1,es,one source language only
logroño en un dia,1,es,one source language only
logroño y alrededores,1,es,one source language only
lombok,1,de,one source language only
londen,1,nl,one source language only
london karte,1,de,one source language only
london med barn,1,sv,one source language only
londrina,1,pt,one source language only
long beach,1,en,one source language only
long beach ca,1,en,one source language only
lorca,1,es,one source language only
loreto,1,it,one source language only
los angeles california,1,en,one source language only
los cabos,1,en,one source language only
losanna,1,it,one source language only
louisville,1,en,one source language only
louisville ky,1,en,one source language only
louisville ky this weekend,1,en,one source language only
lourdes,1,es,one source language only
lovaina,1,es,one source language only
lovere,1,it,one source language only
luanco,1,es,one source language only
luanda,1,pt,one source language only
luarca,1,es,one source language only
lubbock texas,1,en,one source language only
lubbock tx,1,en,one source language only
lubiana,1,it,one source language only
lucca e dintorni,1,it,one source language only
lucena,1,es,one source language only
ludwigsburg,1,de,one source language only
lugano,1,it,one source language only
lugo,1,es,one source language only
lugo y alrededores,1,es,one source language only
luik,1,nl,one source language only
luleå,1,sv,one source language only
lund,1,sv,one source language only
lussemburgo,1,it,one source language only
lutherstadt wittenberg,1,de,one source language only
luxembourg,1,en,one source language only
luxemburg stad,1,nl,one source language only
luxemburg stadt,1,de,one source language only
luxor,1,it,one source language only
lysekil,1,sv,one source language only
lörrach,1,de,one source language only
lübnan,1,tr,one source language only
lüksemburg,1,tr,one source language only
lüneburg,1,de,one source language only
lüneburger heide,1,de,one source language only
lüttich,1,de,one source language only
maasholm,1,de,one source language only
maastricht dit weekend,1,nl,one source language only
maastricht vandaag,1,nl,one source language only
macacos,1,pt,one source language only
macaristan,1,tr,one source language only
macaé,1,pt,one source language only
macedonia,1,es,one source language only
macedonia del norte,1,es,one source language only
maceio,1,pt,one source language only
maceió,1,pt,one source language only
maceió a noite,1,pt,one source language only
macerata,1,it,one source language only
machu picchu,1,pt,one source language only
mackinaw city,1,en,one source language only
macon ga,1,en,one source language only
madagascar,1,es,one source language only
madagaskar,1,de,one source language only
madeira karte,1,de,one source language only
madison,1,en,one source language only
madonna di campiglio,1,it,one source language only
madri,1,pt,one source language only
madrid centro,1,es,one source language only
madrid con niños,1,es,one source language only
madrid en dos dias,1,es,one source language only
madrid en un dia,1,es,one source language only
magdeburg,1,de,one source language only
maggie valley,1,en,one source language only
mahon,1,es,one source language only
mailand,1,de,one source language only
maine,1,en,one source language only
mainz,1,de,one source language only
maiorca,1,it,one source language only
maiori,1,it,one source language only
mairiporã,1,pt,one source language only
makarska,1,sv,one source language only
makedonya,1,tr,one source language only
malaga en un dia,1,es,one source language only
malaga provincia,1,es,one source language only
malasia,1,es,one source language only
malatya,1,tr,one source language only
malatya darende,1,tr,one source language only
maldives,1,en,one source language only
maldivler,1,tr,one source language only
malediven,1,de,one source language only
malezya,1,tr,one source language only
mallorca karte,1,de,one source language only
malmö i helgen,1,sv,one source language only
malpica,1,es,one source language only
mammoth lakes,1,en,one source language only
manacor,1,es,one source language only
manarola,1,it,one source language only
manaus hoje,1,pt,one source language only
manavgatta,1,tr,one source language only
manchester nh,1,en,one source language only
manfredonia,1,it,one source language only
mangaratiba,1,pt,one source language only
manhattan,1,en,one source language only
manhattan new york,1,en,one source language only
manila,1,de,one source language only
manisa,1,tr,one source language only
manisa merkez,1,tr,one source language only
manisada,1,tr,one source language only
mannheim,1,de,one source language only
mantova,1,it,one source language only
mantua,1,de,one source language only
manzanares,1,es,one source language only
maragogi a noite,1,pt,one source language only
marakeş,1,tr,one source language only
maranello,1,it,one source language only
maratea,1,it,one source language only
marburg,1,de,one source language only
mardin,1,tr,one source language only
mardin merkez,1,tr,one source language only
mardin merkezde,1,tr,one source language only
mardin midyat,1,tr,one source language only
mardinde,1,tr,one source language only
maresias,1,pt,one source language only
mariana,1,pt,one source language only
mariana mg,1,pt,one source language only
maribor,1,de,one source language only
mariefred,1,sv,one source language only
marienbad,1,de,one source language only
mariestad,1,sv,one source language only
marina di camerota,1,it,one source language only
maringa,1,pt,one source language only
maringá,1,pt,one source language only
marktoberdorf,1,de,one source language only
marmara adası,1,tr,one source language only
marmara bölgesi,1,tr,one source language only
marmara ereğlisi,1,tr,one source language only
marmaris,1,tr,one source language only
marmaris içmeler,1,tr,one source language only
marmaris merkezde,1,tr,one source language only
marokko,1,de,one source language only
marostica,1,it,one source language only
marrakech en tres dias,1,es,one source language only
marrakesch,1,de,one source language only
marrakesh,1,it,one source language only
marrocos,1,pt,one source language only
marruecos,1,es,one source language only
marsala,1,it,one source language only
marsala e dintorni,1,it,one source language only
marsella en un dia,1,es,one source language only
marsiglia,1,it,one source language only
marsiglia in crociera,1,it,one source language only
marsilya,1,tr,one source language only
martina franca,1,it,one source language only
maryland,1,en,one source language only
marzamemi,1,it,one source language only
masal şatosu eskişehir,1,tr,one source language only
masca,1,es,one source language only
maspalomas,1,es,one source language only
massa,1,it,one source language only
massa marittima,1,it,one source language only
masuren,1,de,one source language only
matalascañas,1,es,one source language only
mattinata,1,it,one source language only
maui,1,en,one source language only
maui hawaii,1,en,one source language only
mazara del vallo,1,it,one source language only
mazarron,1,es,one source language only
mazatlan,1,en,one source language only
maçka,1,tr,one source language only
maşukiye,1,tr,one source language only
maşukiye sapanca,1,tr,one source language only
mccall idaho,1,en,one source language only
mechelen,1,nl,one source language only
mecklenburgische seenplatte,1,de,one source language only
medina del campo,1,es,one source language only
medina sidonia,1,es,one source language only
medine,1,tr,one source language only
meersburg,1,de,one source language only
meis adası,1,tr,one source language only
meißen,1,de,one source language only
mekke,1,tr,one source language only
meksika,1,tr,one source language only
melide,1,es,one source language only
melilla,1,es,one source language only
memphis,1,en,one source language only
menderes,1,tr,one source language only
mendoza,1,pt,one source language only
mendoza argentina,1,pt,one source language only
menemen,1,tr,one source language only
mengen,1,tr,one source language only
menorca,1,es,one source language only
menorca en una semana,1,es,one source language only
menton,1,de,one source language only
mentone,1,it,one source language only
meran,1,de,one source language only
merano,1,it,one source language only
merida españa,1,es,one source language only
mersin erdemli,1,tr,one source language only
mersin silifke,1,tr,one source language only
mersin tarsus,1,tr,one source language only
merzifon,1,tr,one source language only
merzifonda,1,tr,one source language only
messina,1,it,one source language only
mestre,1,it,one source language only
metz,1,de,one source language only
mexico,1,es,one source language only
mexico city,1,en,one source language only
michelstadt,1,de,one source language only
michigan,1,en,one source language only
middelburg dit weekend,1,nl,one source language only
midilli,1,tr,one source language only
midilli adası,1,tr,one source language only
midland tx,1,en,one source language only
midyat,1,tr,one source language only
midyat mardin,1,tr,one source language only
midyatta,1,tr,one source language only
mieres,1,es,one source language only
miguel pereira,1,pt,one source language only
mijas pueblo,1,es,one source language only
milaan,1,nl,one source language only
milan en un dia,1,es,one source language only
milano in due giorni,1,it,one source language only
milano marittima,1,it,one source language only
milano oggi,1,it,one source language only
milao,1,pt,one source language only
milazzo,1,it,one source language only
miltenberg,1,de,one source language only
milwaukee,1,en,one source language only
milwaukee wisconsin,1,en,one source language only
milán,1,es,one source language only
milão,1,pt,one source language only
minas gerais,1,pt,one source language only
minecraft,1,en,one source language only
minneapolis,1,en,one source language only
minorca,1,it,one source language only
minori,1,it,one source language only
miravet,1,es,one source language only
misdroy,1,de,one source language only
missoula,1,en,one source language only
mittenwald,1,de,one source language only
mn,1,en,one source language only
moab,1,en,one source language only
mobile,1,en,one source language only
modena,1,it,one source language only
modena e dintorni,1,it,one source language only
modica,1,it,one source language only
moena,1,it,one source language only
mogan,1,es,one source language only
mogi das cruzes,1,pt,one source language only
mojacar,1,es,one source language only
mojacar pueblo,1,es,one source language only
moldova,1,tr,one source language only
molina de aragon,1,es,one source language only
molveno,1,it,one source language only
monaco di baviera,1,it,one source language only
mondoñedo,1,es,one source language only
monforte de lemos,1,es,one source language only
monopoli,1,it,one source language only
monreale,1,it,one source language only
monselice,1,it,one source language only
montalcino,1,it,one source language only
montana,1,en,one source language only
montanejos,1,es,one source language only
montblanc,1,es,one source language only
monte sião,1,pt,one source language only
monte verde,1,pt,one source language only
monte verde mg,1,pt,one source language only
montecarlo,1,it,one source language only
montecatini terme,1,it,one source language only
montefalco,1,it,one source language only
montepulciano,1,it,one source language only
monterey,1,en,one source language only
monteriggioni,1,it,one source language only
monterosso,1,it,one source language only
monterrey mexico,1,en,one source language only
montes claros,1,pt,one source language only
montevideo,1,pt,one source language only
montevideu,1,pt,one source language only
montevidéu,1,pt,one source language only
monza,1,it,one source language only
mora med barn,1,sv,one source language only
moratalla,1,es,one source language only
mordoğan,1,tr,one source language only
morocco,1,en,one source language only
morretes,1,pt,one source language only
morro de sao paulo,1,pt,one source language only
mosca,1,it,one source language only
moscow,1,en,one source language only
mosel,1,de,one source language only
moskau,1,de,one source language only
moskova,1,tr,one source language only
mostar,1,tr,one source language only
motril,1,es,one source language only
moğolistan,1,tr,one source language only
mudurnu,1,tr,one source language only
muggia,1,it,one source language only
muglada,1,tr,one source language only
mulhouse,1,de,one source language only
mundaka,1,es,one source language only
munique,1,pt,one source language only
munster,1,nl,one source language only
mura,1,es,one source language only
murcia,1,es,one source language only
murcia capital,1,es,one source language only
murcia provincia,1,es,one source language only
murcia y alrededores,1,es,one source language only
murcia y alrededores en tres días,1,es,one source language only
muros,1,es,one source language only
murphy nc,1,en,one source language only
muscat,1,de,one source language only
mut,1,tr,one source language only
muxia,1,es,one source language only
muğla köyceğiz,1,tr,one source language only
muğla marmaris,1,tr,one source language only
muğla merkez,1,tr,one source language only
muğla merkezde,1,tr,one source language only
muğla ören,1,tr,one source language only
myrtle beach,1,en,one source language only
myrtle beach sc,1,en,one source language only
mystic ct,1,en,one source language only
málaga,1,es,one source language only
málaga y alrededores,1,es,one source language only
mönchengladbach,1,de,one source language only
münchen innenstadt,1,de,one source language only
münster,1,de,one source language only
mısır,1,tr,one source language only
mısırda,1,tr,one source language only
nacka,1,sv,one source language only
nags head,1,en,one source language only
nahçıvan,1,tr,one source language only
nallıhan,1,tr,one source language only
namibia,1,en,one source language only
namur,1,de,one source language only
nancy,1,de,one source language only
napa valley,1,en,one source language only
napels,1,nl,one source language only
naples,1,en,one source language only
napoli centro,1,it,one source language only
napoli in due giorni,1,it,one source language only
napoli in tre giorni,1,it,one source language only
narbona,1,es,one source language only
nardò,1,it,one source language only
narni,1,it,one source language only
narvik,1,de,one source language only
nashville,1,en,one source language only
nashville tn,1,en,one source language only
nassau bahamas,1,en,one source language only
natal,1,pt,one source language only
natal a noite,1,pt,one source language only
natal rio grande do norte,1,pt,one source language only
natal rn,1,pt,one source language only
natchez ms,1,en,one source language only
national harbor,1,en,one source language only
navarra,1,es,one source language only
navarre beach,1,en,one source language only
navegantes,1,pt,one source language only
nazare,1,es,one source language only
nazare portugal,1,es,one source language only
nazilli,1,tr,one source language only
nederland,1,nl,one source language only
neive,1,it,one source language only
nemi,1,it,one source language only
nesselwang,1,de,one source language only
netherlands,1,en,one source language only
neumünster,1,de,one source language only
neuruppin,1,de,one source language only
neuseeland,1,de,one source language only
neustadt in holstein,1,de,one source language only
nevşehir,1,tr,one source language only
nevşehir kapadokya,1,tr,one source language only
nevşehir merkez,1,tr,one source language only
new buffalo michigan,1,en,one source language only
new england,1,en,one source language only
new hampshire,1,en,one source language only
new haven ct,1,en,one source language only
new hope pa,1,en,one source language only
new mexico,1,en,one source language only
new orleans,1,en,one source language only
new orleans this weekend,1,en,one source language only
new smyrna beach,1,en,one source language only
new york this weekend,1,en,one source language only
newburyport ma,1,en,one source language only
newcastle,1,de,one source language only
newport,1,en,one source language only
newport oregon,1,en,one source language only
newport ri,1,en,one source language only
niagara falls canada,1,en,one source language only
nicaragua,1,en,one source language only
niedersachsen,1,de,one source language only
nijar,1,es,one source language only
nijmegen dit weekend,1,nl,one source language only
nijmegen vandaag,1,nl,one source language only
niksar,1,tr,one source language only
nimes,1,es,one source language only
ninh binh,1,de,one source language only
niterói hoje,1,pt,one source language only
niza,1,es,one source language only
nizip,1,tr,one source language only
niğde,1,tr,one source language only
niğde bor,1,tr,one source language only
niğdede,1,tr,one source language only
nişantaşı,1,tr,one source language only
noia,1,es,one source language only
noja,1,es,one source language only
nola,1,en,one source language only
noordwijk,1,nl,one source language only
noorwegen,1,nl,one source language only
norcia,1,it,one source language only
norddeich,1,de,one source language only
norden,1,de,one source language only
norderney,1,de,one source language only
nordfjordeid,1,de,one source language only
nordhausen,1,de,one source language only
nordirland,1,de,one source language only
nordkap,1,de,one source language only
nordmazedonien,1,de,one source language only
nordrhein-westfalen,1,de,one source language only
nordstrand,1,de,one source language only
norge,1,sv,one source language only
norimberga,1,it,one source language only
normandia,1,es,one source language only
norra tyskland,1,sv,one source language only
norrköping,1,sv,one source language only
norrköping barn,1,sv,one source language only
norrköping med barn,1,sv,one source language only
norrtälje,1,sv,one source language only
north conway nh,1,en,one source language only
north myrtle beach,1,en,one source language only
noruega,1,es,one source language only
norveç,1,tr,one source language only
norwegen,1,de,one source language only
noto,1,it,one source language only
notting hill,1,it,one source language only
"notting hill, london",1,de,one source language only
nova friburgo,1,pt,one source language only
nova petropolis,1,pt,one source language only
nova petrópolis,1,pt,one source language only
nova trento,1,pt,one source language only
nova york,1,pt,one source language only
novara,1,it,one source language only
novi sad,1,tr,one source language only
novo hamburgo,1,pt,one source language only
nueva york,1,es,one source language only
nueva zelanda,1,es,one source language only
nunspeet,1,nl,one source language only
nuoro,1,it,one source language only
nuova delhi,1,it,one source language only
nusaybin,1,tr,one source language only
ny,1,pt,one source language only
nyc,1,en,one source language only
nynäshamn,1,sv,one source language only
nápoles,1,es,one source language only
o grove,1,es,one source language only
oahu,1,en,one source language only
oahu hawaii,1,en,one source language only
oberhausen,1,de,one source language only
oberhof,1,de,one source language only
oberstdorf,1,de,one source language only
oberwiesenthal,1,de,one source language only
oc,1,en,one source language only
ocala fl,1,en,one source language only
ocean city,1,en,one source language only
oceanside,1,en,one source language only
odenwald,1,de,one source language only
odessa tx,1,en,one source language only
odunpazarı,1,tr,one source language only
odunpazarı evleri eskişehir,1,tr,one source language only
ohrid,1,tr,one source language only
oisterwijk,1,nl,one source language only
okc,1,en,one source language only
okinawa,1,de,one source language only
oklahoma,1,en,one source language only
oklahoma city,1,en,one source language only
oldenburg,1,de,one source language only
olimpia,1,pt,one source language only
olimpia sp,1,pt,one source language only
olimpos,1,tr,one source language only
olite,1,es,one source language only
olivenza,1,es,one source language only
olmedo,1,es,one source language only
olympia,1,en,one source language only
olímpia,1,pt,one source language only
omaha,1,en,one source language only
ommen,1,nl,one source language only
ontario,1,en,one source language only
ontario canada,1,en,one source language only
oostenrijk,1,nl,one source language only
oosterhout dit weekend,1,nl,one source language only
oporto en un dia,1,es,one source language only
oporto y alrededores,1,es,one source language only
orange beach alabama,1,en,one source language only
orbaneja del castillo,1,es,one source language only
ordu,1,tr,one source language only
ordu merkez,1,tr,one source language only
ordu ünye,1,tr,one source language only
orduña,1,es,one source language only
oregon,1,en,one source language only
orense,1,es,one source language only
orhangazi,1,tr,one source language only
orio,1,es,one source language only
oristano,1,it,one source language only
orlando além dos parques,1,pt,one source language only
orlando besides disney,1,en,one source language only
orlando fl,1,en,one source language only
orlando florida,1,en,one source language only
orleans,1,de,one source language only
orosei,1,it,one source language only
orsa,1,sv,one source language only
ortaca,1,tr,one source language only
ortaköy,1,tr,one source language only
ortigia,1,it,one source language only
ortigueira,1,es,one source language only
ortona,1,it,one source language only
orvieto,1,it,one source language only
oskarshamn,1,sv,one source language only
oslo med barn,1,sv,one source language only
oslo norway,1,en,one source language only
osmaniye,1,tr,one source language only
osnabrück,1,de,one source language only
oss vandaag,1,nl,one source language only
ostende,1,de,one source language only
ostuni,1,it,one source language only
osuna,1,es,one source language only
otranto,1,it,one source language only
ouddorp,1,nl,one source language only
ourense,1,es,one source language only
ourense ciudad,1,es,one source language only
ouro preto mg,1,pt,one source language only
overijssel dit weekend,1,nl,one source language only
overland park,1,en,one source language only
oviedo en un dia,1,es,one source language only
owensboro ky,1,en,one source language only
oña,1,es,one source language only
paderborn,1,de,one source language only
padova,1,it,one source language only
padova in due giorni,1,it,one source language only
padron,1,es,one source language only
paestum,1,it,one source language only
pagosa springs,1,en,one source language only
paguera,1,de,one source language only
pais vasco,1,es,one source language only
palamos,1,es,one source language only
palas de rei,1,es,one source language only
palau,1,it,one source language only
palazzolo acreide,1,it,one source language only
palencia,1,es,one source language only
palermo e dintorni,1,it,one source language only
palermo in due giorni,1,it,one source language only
palermo in tre giorni,1,it,one source language only
palermo mappa,1,it,one source language only
palinuro,1,it,one source language only
palm beach,1,en,one source language only
palm desert,1,en,one source language only
palm springs,1,en,one source language only
palm springs ca,1,en,one source language only
palma de mallorca en un dia,1,es,one source language only
palma di maiorca,1,it,one source language only
palmanova,1,it,one source language only
palmas,1,pt,one source language only
palmas tocantins,1,pt,one source language only
palo alto,1,en,one source language only
palos de la frontera,1,es,one source language only
pals,1,es,one source language only
pampaneira,1,es,one source language only
pamplona y alrededores,1,es,one source language only
pamukkale,1,tr,one source language only
panama city,1,en,one source language only
panama city panama,1,en,one source language only
pantelleria,1,it,one source language only
panticosa,1,es,one source language only
paphos,1,de,one source language only
paquetá,1,pt,one source language only
paraguay,1,en,one source language only
paranapiacaba,1,pt,one source language only
paraty a noite,1,pt,one source language only
paraty com chuva,1,pt,one source language only
parga,1,sv,one source language only
parigi,1,it,one source language only
parijs,1,nl,one source language only
paripueira,1,pt,one source language only
paris karte,1,de,one source language only
parma,1,it,one source language only
parma e dintorni,1,it,one source language only
passa quatro,1,pt,one source language only
passau,1,de,one source language only
passignano sul trasimeno,1,it,one source language only
pastrana,1,es,one source language only
patmos,1,tr,one source language only
patones de arriba,1,es,one source language only
pattaya,1,de,one source language only
pau,1,es,one source language only
pavia,1,it,one source language only
pcb,1,en,one source language only
pechino,1,it,one source language only
pedra azul,1,pt,one source language only
pedraza,1,es,one source language only
pekin,1,es,one source language only
peking,1,de,one source language only
peloponnes,1,de,one source language only
penang,1,de,one source language only
pendik,1,tr,one source language only
pendikte,1,tr,one source language only
penedo,1,pt,one source language only
penedo rj,1,pt,one source language only
penha,1,pt,one source language only
penha sc,1,pt,one source language only
peniche,1,es,one source language only
pensacola,1,en,one source language only
pensacola beach,1,en,one source language only
pensacola fl,1,en,one source language only
peoria il,1,en,one source language only
pequim,1,pt,one source language only
perdido key,1,en,one source language only
perpignan,1,es,one source language only
perugia,1,it,one source language only
perugia e dintorni,1,it,one source language only
pesaro,1,it,one source language only
pescara e dintorni,1,it,one source language only
peschiera del garda,1,it,one source language only
petaluma,1,en,one source language only
petrolina,1,pt,one source language only
peñafiel,1,es,one source language only
peñiscola,1,es,one source language only
peñiscola y alrededores,1,es,one source language only
pfalz,1,de,one source language only
philippines,1,en,one source language only
phoenix,1,en,one source language only
phoenix arizona,1,en,one source language only
phu quoc,1,de,one source language only
phuket thailand,1,en,one source language only
piacenza,1,it,one source language only
piazza armerina,1,it,one source language only
pienza,1,it,one source language only
pietrasanta,1,it,one source language only
pigeon forge,1,en,one source language only
pilsen,1,de,one source language only
pipa,1,pt,one source language only
pirenópolis,1,pt,one source language only
pirna,1,de,one source language only
pisa e dintorni,1,it,one source language only
pisa en un dia,1,es,one source language only
pismo beach,1,en,one source language only
pistoia,1,it,one source language only
pitigliano,1,it,one source language only
pittsburgh,1,en,one source language only
pizzo calabro,1,it,one source language only
plasencia,1,es,one source language only
plasencia en un dia,1,es,one source language only
playa de muro stadt,1,de,one source language only
plovdiv,1,tr,one source language only
plymouth ma,1,en,one source language only
pocos de caldas,1,pt,one source language only
poggibonsi,1,it,one source language only
pola,1,it,one source language only
polatlı,1,tr,one source language only
polen,1,de,one source language only
polignano,1,it,one source language only
polignano a mare,1,it,one source language only
pollensa,1,es,one source language only
polonezköy,1,tr,one source language only
polonezköy istanbulda,1,tr,one source language only
polonia,1,es,one source language only
polonya,1,tr,one source language only
pomerode,1,pt,one source language only
pompano beach,1,en,one source language only
pompei,1,it,one source language only
pompeya,1,es,one source language only
ponferrada,1,es,one source language only
ponta grossa,1,pt,one source language only
pontedeume,1,es,one source language only
pontevedra,1,es,one source language only
pontevedra ciudad,1,es,one source language only
pontremoli,1,it,one source language only
ponza,1,it,one source language only
pordenone,1,it,one source language only
porsuk çayı odunpazarı evleri eskişehir,1,tr,one source language only
port st joe,1,en,one source language only
port townsend,1,en,one source language only
portekiz,1,tr,one source language only
portland,1,en,one source language only
portland maine,1,en,one source language only
portland oregon,1,en,one source language only
porto alegre hoje,1,pt,one source language only
porto cervo,1,it,one source language only
porto cesareo,1,it,one source language only
porto cristo,1,es,one source language only
porto de galinhas a noite,1,pt,one source language only
porto ercole,1,it,one source language only
porto portugal,1,pt,one source language only
porto recanati,1,it,one source language only
porto seguro,1,pt,one source language only
porto seguro a noite,1,pt,one source language only
porto seguro com chuva,1,pt,one source language only
porto torres,1,it,one source language only
portoferraio,1,it,one source language only
portofino,1,it,one source language only
portovenere,1,it,one source language only
portugalete,1,es,one source language only
posen,1,de,one source language only
posillipo,1,it,one source language only
potenza,1,it,one source language only
potes,1,es,one source language only
poulsbo,1,en,one source language only
pouso alegre,1,pt,one source language only
pozzuoli,1,it,one source language only
poços de caldas,1,pt,one source language only
poços de caldas a noite,1,pt,one source language only
praag,1,nl,one source language only
prades,1,es,one source language only
prado bahia,1,pt,one source language only
prague,1,en,one source language only
praia a mare,1,it,one source language only
praia grande,1,pt,one source language only
praia grande sc,1,pt,one source language only
prato,1,it,one source language only
princeton nj,1,en,one source language only
prizren,1,tr,one source language only
priştine,1,tr,one source language only
procida,1,it,one source language only
providence rhode island,1,en,one source language only
puebla de sanabria,1,es,one source language only
puente viesgo,1,es,one source language only
puerto del rosario,1,es,one source language only
puerto iguazu,1,pt,one source language only
puerto vallarta,1,en,one source language only
puerto varas,1,pt,one source language only
puigcerda,1,es,one source language only
pula,1,de,one source language only
punta del este,1,pt,one source language only
putignano,1,it,one source language only
på gotland,1,sv,one source language only
quebec city,1,en,one source language only
quedlinburg,1,de,one source language only
queenstown,1,en,one source language only
quito,1,en,one source language only
ragusa,1,it,one source language only
ragusa ibla,1,it,one source language only
raleigh nc,1,en,one source language only
ramsau am dachstein,1,de,one source language only
rapallo,1,it,one source language only
rasiglia,1,it,one source language only
ratzeburg,1,de,one source language only
ravello,1,it,one source language only
ravenna,1,it,one source language only
ravenna e dintorni,1,it,one source language only
ravensburg,1,de,one source language only
recanati,1,it,one source language only
recife a noite,1,pt,one source language only
redding ca,1,en,one source language only
regensburg,1,de,one source language only
regensburg altstadt,1,de,one source language only
reggio calabria,1,it,one source language only
reggio emilia,1,it,one source language only
rehoboth beach,1,en,one source language only
reikiavik,1,es,one source language only
reims,1,nl,one source language only
reinosa,1,es,one source language only
renesse,1,nl,one source language only
reno,1,en,one source language only
republica dominicana,1,es,one source language only
requena,1,es,one source language only
rerik,1,de,one source language only
reus,1,es,one source language only
rhode island,1,en,one source language only
rhodos stad,1,sv,one source language only
rhodos stadt,1,de,one source language only
rhön,1,de,one source language only
riaza,1,es,one source language only
riaño,1,es,one source language only
ribadavia,1,es,one source language only
ribadeo,1,es,one source language only
ribadesella,1,es,one source language only
ribe,1,de,one source language only
ribeirao preto,1,pt,one source language only
riccione,1,it,one source language only
rieti,1,it,one source language only
rifaina,1,pt,one source language only
rijeka,1,de,one source language only
rimini,1,it,one source language only
rimini centro,1,it,one source language only
rimini e dintorni,1,it,one source language only
rinteln,1,de,one source language only
rio das ostras,1,pt,one source language only
rio de janeiro,1,it,one source language only
rio quente,1,pt,one source language only
riomaggiore,1,it,one source language only
riopar,1,es,one source language only
riquewihr,1,de,one source language only
riva,1,tr,one source language only
riverside,1,en,one source language only
riviera maya,1,es,one source language only
riyad,1,tr,one source language only
rize merkez,1,tr,one source language only
rize merkezde,1,tr,one source language only
rockport ma,1,en,one source language only
rodi,1,it,one source language only
rodi grecia,1,it,one source language only
rodos,1,tr,one source language only
rodos adası,1,tr,one source language only
roermond,1,nl,one source language only
rogers arkansas,1,en,one source language only
rom karte,1,de,one source language only
roma con i bambini,1,it,one source language only
roma di insolito,1,it,one source language only
roma in due giorni,1,it,one source language only
roma in tre giorni,1,it,one source language only
roma oggi,1,it,one source language only
romania,1,en,one source language only
romanya,1,tr,one source language only
ronda y alrededores,1,es,one source language only
roquetas de mar y alrededores,1,es,one source language only
roses,1,es,one source language only
roseto degli abruzzi,1,it,one source language only
rota,1,es,one source language only
rothenburg,1,de,one source language only
rothenburg ob der tauber,1,de,one source language only
rotterdam dit weekend,1,nl,one source language only
rottweil,1,de,one source language only
round rock,1,en,one source language only
route 66,1,de,one source language only
rovaniemi,1,it,one source language only
rovereto,1,it,one source language only
rovigno,1,it,one source language only
rovigo,1,it,one source language only
ruhpolding,1,de,one source language only
rumania,1,es,one source language only
rumänien,1,de,one source language only
runt vänern,1,sv,one source language only
runt vättern,1,sv,one source language only
russia,1,en,one source language only
russland,1,de,one source language only
rusya,1,tr,one source language only
rute,1,es,one source language only
rättvik,1,sv,one source language only
röbel,1,de,one source language only
rüdesheim,1,de,one source language only
saalfeld,1,de,one source language only
saarland,1,de,one source language only
sabiñanigo,1,es,one source language only
sachsen,1,de,one source language only
safranbolu,1,tr,one source language only
safranbolu amasra,1,tr,one source language only
sagres,1,es,one source language only
sagunto,1,es,one source language only
saint louis,1,en,one source language only
saint moritz,1,it,one source language only
saint tropez,1,it,one source language only
sakarya,1,tr,one source language only
sakarya akyazı,1,tr,one source language only
sakarya karasu,1,tr,one source language only
sakarya sapanca,1,tr,one source language only
sakız adası,1,tr,one source language only
sala,1,sv,one source language only
salamanca en dos dias,1,es,one source language only
salamanca en un dia,1,es,one source language only
salamanca y alrededores,1,es,one source language only
salem ma,1,en,one source language only
salem massachusetts,1,en,one source language only
salesópolis,1,pt,one source language only
salihli,1,tr,one source language only
salina,1,it,one source language only
salisburgo,1,it,one source language only
sallent de gallego,1,es,one source language only
salonicco,1,it,one source language only
salou,1,es,one source language only
salt lake city utah,1,en,one source language only
salta argentina,1,pt,one source language only
salvador,1,pt,one source language only
salvador hoje,1,pt,one source language only
salzburgo,1,es,one source language only
salzwedel,1,de,one source language only
salò,1,it,one source language only
samandağ,1,tr,one source language only
samsun,1,tr,one source language only
samsun atakum,1,tr,one source language only
samsun ayvacık,1,tr,one source language only
samsun merkezde,1,tr,one source language only
samsun çarşamba,1,tr,one source language only
samsunda,1,tr,one source language only
san andres,1,pt,one source language only
san antonio,1,en,one source language only
san antonio for couples,1,en,one source language only
san benedetto del tronto,1,it,one source language only
san daniele del friuli,1,it,one source language only
san fernando cadiz,1,es,one source language only
san gimignano,1,it,one source language only
san jose,1,en,one source language only
san jose almeria,1,es,one source language only
san juan capistrano,1,en,one source language only
san juan de luz,1,es,one source language only
san marino,1,it,one source language only
san miniato,1,it,one source language only
san sebastián,1,de,one source language only
san sebastián en un día,1,es,one source language only
san teodoro,1,it,one source language only
san vicente de la barquera,1,es,one source language only
san vito lo capo,1,it,one source language only
sancaktepe,1,tr,one source language only
sandusky ohio,1,en,one source language only
sankt peter-ording,1,de,one source language only
sanlucar de barrameda,1,es,one source language only
sanlúcar de barrameda,1,es,one source language only
sanremo,1,it,one source language only
sansepolcro,1,it,one source language only
sansibar,1,de,one source language only
sant feliu de guixols,1,es,one source language only
sant'antioco,1,it,one source language only
santa barbara,1,en,one source language only
santa catarina,1,pt,one source language only
santa cruz,1,en,one source language only
santa cruz de la palma,1,es,one source language only
santa cruz de la sierra,1,pt,one source language only
santa fe,1,en,one source language only
santa margherita ligure,1,it,one source language only
santa pola,1,es,one source language only
santa rosa,1,en,one source language only
santa rosa beach fl,1,en,one source language only
santa teresa,1,pt,one source language only
santa teresa di gallura,1,it,one source language only
santa teresa es,1,pt,one source language only
santa teresa rj,1,pt,one source language only
santander en un dia,1,es,one source language only
santander y alrededores,1,es,one source language only
santarcangelo di romagna,1,it,one source language only
santarem,1,pt,one source language only
santiago chile,1,pt,one source language only
santiago de chile,1,de,one source language only
santiago de compostela en un dia,1,es,one source language only
santiago do chile,1,pt,one source language only
santiago no chile,1,pt,one source language only
santillana del mar,1,es,one source language only
santo antonio do pinhal,1,pt,one source language only
santo antônio do pinhal,1,pt,one source language only
santo domingo,1,it,one source language only
santo domingo de la calzada,1,es,one source language only
santos,1,pt,one source language only
santos sp,1,pt,one source language only
santoña,1,es,one source language only
sanxenxo,1,es,one source language only
sao bento do sapucai,1,pt,one source language only
sao francisco xavier,1,pt,one source language only
sao jose dos campos,1,pt,one source language only
sao lourenço mg,1,pt,one source language only
sao luis,1,pt,one source language only
sao miguel do gostoso,1,pt,one source language only
sao miguel dos milagres,1,pt,one source language only
sao paulo com crianças,1,pt,one source language only
sao paulo hoje,1,pt,one source language only
sao paulo no domingo,1,pt,one source language only
sao pedro,1,pt,one source language only
sao thomé das letras,1,pt,one source language only
sapanca,1,tr,one source language only
sapanca gölü,1,tr,one source language only
sapancada,1,tr,one source language only
sapri,1,it,one source language only
saquarema,1,pt,one source language only
sarasota,1,en,one source language only
sardinia,1,en,one source language only
sardinie,1,nl,one source language only
sardinien karte,1,de,one source language only
sardinië,1,nl,one source language only
sarria,1,es,one source language only
sarıgerme,1,tr,one source language only
sarıkamış,1,tr,one source language only
sarımsaklı,1,tr,one source language only
sarıyer,1,tr,one source language only
sassari,1,it,one source language only
sassnitz,1,de,one source language only
saudi arabia,1,en,one source language only
sauerland,1,de,one source language only
saugatuck,1,en,one source language only
savannah,1,en,one source language only
savannah ga,1,en,one source language only
savona,1,it,one source language only
scalea,1,it,one source language only
schagen,1,nl,one source language only
scharbeutz,1,de,one source language only
scheveningen dit weekend,1,nl,one source language only
schladming,1,de,one source language only
schleswig holstein,1,de,one source language only
schliersee,1,de,one source language only
schmalkalden,1,de,one source language only
schmallenberg,1,de,one source language only
schotland,1,nl,one source language only
schottland,1,de,one source language only
schwarzwald,1,de,one source language only
schweden,1,de,one source language only
schwetzingen,1,de,one source language only
schwäbisch hall,1,de,one source language only
schwäbische alb,1,de,one source language only
sciacca,1,it,one source language only
sciacca e dintorni,1,it,one source language only
scicli,1,it,one source language only
scilla,1,it,one source language only
scotland,1,en,one source language only
seaside florida,1,en,one source language only
seaside oregon,1,en,one source language only
sedona,1,en,one source language only
sedona az,1,en,one source language only
seferihisar,1,tr,one source language only
segorbe,1,es,one source language only
segovia,1,es,one source language only
segovia en un dia,1,es,one source language only
segovia en un día,1,es,one source language only
segovia y alrededores,1,es,one source language only
seiffen,1,de,one source language only
selanik,1,tr,one source language only
seligenstadt,1,de,one source language only
selimiye,1,tr,one source language only
selinunte,1,it,one source language only
selçuk,1,tr,one source language only
semerkand,1,tr,one source language only
senegal,1,es,one source language only
senigallia,1,it,one source language only
seoul south korea,1,en,one source language only
sepulveda,1,es,one source language only
sequoia national park,1,en,one source language only
serbien,1,de,one source language only
serik,1,tr,one source language only
serra negra,1,pt,one source language only
serra negra sp,1,pt,one source language only
sestri levante,1,it,one source language only
sete lagoas,1,pt,one source language only
setenil de las bodegas,1,es,one source language only
setubal,1,es,one source language only
sevilha,1,pt,one source language only
sevilla con niños,1,es,one source language only
sevilla en dos dias,1,es,one source language only
sevilla en un dia,1,es,one source language only
seward alaska,1,en,one source language only
seychellen,1,de,one source language only
seydikemer,1,tr,one source language only
seydişehir,1,tr,one source language only
sharm,1,it,one source language only
sharm el sheik,1,it,one source language only
sibiu,1,de,one source language only
sicilia,1,es,one source language only
sicilie,1,nl,one source language only
siegen,1,de,one source language only
sigmaringen,1,de,one source language only
sigtuna,1,sv,one source language only
siguenza,1,es,one source language only
sigüenza,1,es,one source language only
siirt,1,tr,one source language only
silifke,1,tr,one source language only
silifkede,1,tr,one source language only
silivri,1,tr,one source language only
silivride,1,tr,one source language only
silopi,1,tr,one source language only
simav,1,tr,one source language only
simrishamn,1,sv,one source language only
sincan,1,tr,one source language only
singapura,1,pt,one source language only
sinop gerze,1,tr,one source language only
sinop merkez,1,tr,one source language only
sinsheim,1,de,one source language only
sioux falls south dakota,1,en,one source language only
siracusa,1,it,one source language only
siracusa e dintorni,1,it,one source language only
sirkeci,1,tr,one source language only
sirolo,1,it,one source language only
sitges,1,es,one source language only
sitka alaska,1,en,one source language only
sivas merkez,1,tr,one source language only
sivas merkezde,1,tr,one source language only
sivas suşehri,1,tr,one source language only
siverek,1,tr,one source language only
siviglia,1,it,one source language only
sivota,1,sv,one source language only
sivrihisar,1,tr,one source language only
sivrihisarda,1,tr,one source language only
sizilien,1,de,one source language only
själland,1,sv,one source language only
skagway,1,en,one source language only
skara,1,sv,one source language only
skaraborg,1,sv,one source language only
skellefteå,1,sv,one source language only
skiathos,1,it,one source language only
skottland,1,sv,one source language only
skåne,1,sv,one source language only
skåne med barn,1,sv,one source language only
skövde,1,sv,one source language only
slovakya,1,tr,one source language only
slovenie,1,nl,one source language only
slovenya,1,tr,one source language only
slowenien,1,de,one source language only
smoky mountains,1,en,one source language only
småland,1,sv,one source language only
småland karta,1,sv,one source language only
smögen,1,sv,one source language only
sneek,1,nl,one source language only
soave,1,it,one source language only
socorro,1,pt,one source language only
socorro sp,1,pt,one source language only
soest,1,de,one source language only
sofia bulgaria,1,es,one source language only
sofya,1,tr,one source language only
soho,1,en,one source language only
solares,1,es,one source language only
solingen,1,de,one source language only
soltau,1,de,one source language only
sommar,1,sv,one source language only
somo,1,es,one source language only
sonbaharda,1,tr,one source language only
sondrio,1,it,one source language only
sonoma,1,en,one source language only
soportujar,1,es,one source language only
soria,1,es,one source language only
soria capital,1,es,one source language only
sorocaba,1,pt,one source language only
sorocaba hoje,1,pt,one source language only
sorrento a piedi,1,it,one source language only
sorrento italy,1,en,one source language only
south beach miami,1,en,one source language only
south carolina,1,en,one source language only
south dakota,1,en,one source language only
southampton,1,de,one source language only
soverato,1,it,one source language only
sp com crianças,1,pt,one source language only
sp hoje a noite,1,pt,one source language only
spain,1,en,one source language only
spalato,1,it,one source language only
spanien,1,de,one source language only
spanje,1,nl,one source language only
spearfish sd,1,en,one source language only
spello,1,it,one source language only
spello a piedi,1,it,one source language only
sperlonga,1,it,one source language only
spessart,1,de,one source language only
speyer,1,de,one source language only
spoleto,1,it,one source language only
spreewald,1,de,one source language only
springfield mo,1,en,one source language only
st augustine,1,en,one source language only
st augustine fl,1,en,one source language only
st louis,1,en,one source language only
st louis mo,1,en,one source language only
st maarten,1,en,one source language only
st peter ording,1,de,one source language only
st petersburg,1,tr,one source language only
st thomas,1,en,one source language only
st. augustine,1,en,one source language only
st. louis,1,en,one source language only
stade,1,de,one source language only
steenwijk vandaag,1,nl,one source language only
stendal,1,de,one source language only
sterzing,1,de,one source language only
stettin,1,de,one source language only
stillwater mn,1,en,one source language only
stintino,1,it,one source language only
stl,1,en,one source language only
stoccarda,1,it,one source language only
stoccolma,1,it,one source language only
stockholm i helgen,1,sv,one source language only
stockholm imorgon,1,sv,one source language only
stockholm med barn,1,sv,one source language only
stowe vt,1,en,one source language only
straatsburg,1,nl,one source language only
stralsund,1,de,one source language only
strasbourg,1,en,one source language only
strasburgo,1,it,one source language only
straubing,1,de,one source language only
straßburg,1,de,one source language only
stresa,1,it,one source language only
strömstad,1,sv,one source language only
sturgeon bay,1,en,one source language only
suances,1,es,one source language only
sudafrica,1,es,one source language only
suecia,1,es,one source language only
suhl,1,de,one source language only
suiza,1,es,one source language only
sultanbeyli,1,tr,one source language only
summer,1,en,one source language only
sundsvall,1,sv,one source language only
sundsvall med barn,1,sv,one source language only
sunne,1,sv,one source language only
surf city nc,1,en,one source language only
susurluk,1,tr,one source language only
suudi arabistan,1,tr,one source language only
suşehri,1,tr,one source language only
sverige,1,sv,one source language only
sverige karta,1,sv,one source language only
swinemünde,1,de,one source language only
switzerland,1,en,one source language only
sylt,1,de,one source language only
szczecin,1,sv,one source language only
são bento do sapucaí,1,pt,one source language only
são carlos,1,pt,one source language only
são francisco xavier,1,pt,one source language only
são josé do rio preto,1,pt,one source language only
são joão del rei,1,pt,one source language only
são lourenço,1,pt,one source language only
são luis do maranhão,1,pt,one source language only
são miguel do gostoso,1,pt,one source language only
são miguel dos milagres,1,pt,one source language only
são miguel dos milagres a noite,1,pt,one source language only
são paulo,1,pt,one source language only
são pedro,1,pt,one source language only
são roque,1,pt,one source language only
são roque sp,1,pt,one source language only
são sebastião,1,pt,one source language only
são thomé das letras,1,pt,one source language only
sächsische schweiz,1,de,one source language only
sälen,1,sv,one source language only
sälen om man inte åker skidor,1,sv,one source language only
sälen på sommaren,1,sv,one source language only
södra sverige,1,sv,one source language only
söke,1,tr,one source language only
sörmland,1,sv,one source language only
söğüt,1,tr,one source language only
südafrika,1,de,one source language only
südamerika,1,de,one source language only
südengland,1,de,one source language only
südnorwegen,1,de,one source language only
südschweden,1,de,one source language only
südtirol,1,de,one source language only
sürmene,1,tr,one source language only
sırbistan belgrad,1,tr,one source language only
sığacık,1,tr,one source language only
tabarca,1,es,one source language only
tafalla,1,es,one source language only
tahiti,1,en,one source language only
tailandia,1,es,one source language only
taipei,1,de,one source language only
takayama,1,es,one source language only
taksim,1,tr,one source language only
taksimde,1,tr,one source language only
talavera de la reina,1,es,one source language only
tallahassee,1,en,one source language only
tallahassee florida,1,en,one source language only
tallin,1,it,one source language only
tamarindo costa rica,1,en,one source language only
tangeri,1,it,one source language only
tansania,1,de,one source language only
tanzania,1,es,one source language only
taos new mexico,1,en,one source language only
taraklı,1,tr,one source language only
taramundi,1,es,one source language only
tarancon,1,es,one source language only
taranto,1,it,one source language only
tarazona,1,es,one source language only
tarifa,1,es,one source language only
tarifa en un día,1,es,one source language only
tarihi yarımada,1,tr,one source language only
tarragona en un dia,1,es,one source language only
tarragona y alrededores,1,es,one source language only
tarsus,1,tr,one source language only
tarsusta,1,tr,one source language only
tarvisio,1,it,one source language only
taubaté,1,pt,one source language only
tayland,1,tr,one source language only
tazones,1,es,one source language only
taşkent,1,tr,one source language only
tecklenburg,1,de,one source language only
tegernsee,1,de,one source language only
teguise,1,es,one source language only
telde,1,es,one source language only
tempe,1,en,one source language only
tenerife con niños,1,es,one source language only
tenerife norte,1,es,one source language only
tenerife sud,1,it,one source language only
tenerife sur,1,es,one source language only
teneriffa,1,de,one source language only
teramo,1,it,one source language only
termoli,1,it,one source language only
terneuzen,1,nl,one source language only
terni,1,it,one source language only
teror,1,es,one source language only
terrasini,1,it,one source language only
teruel,1,es,one source language only
teruel y alrededores,1,es,one source language only
tetuan,1,es,one source language only
teutoburger wald,1,de,one source language only
texas,1,de,one source language only
texel,1,nl,one source language only
thale,1,de,one source language only
thassos,1,tr,one source language only
the bay area,1,en,one source language only
the keys,1,en,one source language only
the woodlands,1,en,one source language only
thessaloniki,1,de,one source language only
thüringen,1,de,one source language only
tiel vandaag,1,nl,one source language only
tiflis,1,tr,one source language only
tijuana,1,en,one source language only
tilburg,1,nl,one source language only
tilburg dit weekend,1,nl,one source language only
tilburg vandaag,1,nl,one source language only
timisoara,1,de,one source language only
timmendorfer strand,1,de,one source language only
tindari,1,it,one source language only
tiradentes,1,pt,one source language only
tiradentes mg,1,pt,one source language only
tiran,1,tr,one source language only
tirana in due giorni,1,it,one source language only
tire,1,tr,one source language only
tirebolu,1,tr,one source language only
tirilye,1,tr,one source language only
titisee,1,de,one source language only
titisee schwarzwald,1,de,one source language only
tivoli,1,it,one source language only
tocantins,1,pt,one source language only
todi,1,it,one source language only
toledo con niños,1,es,one source language only
toledo en un dia,1,es,one source language only
toledo en un día,1,es,one source language only
toledo y alrededores,1,es,one source language only
tomelloso,1,es,one source language only
tondern,1,de,one source language only
topeka ks,1,en,one source language only
topsail nc,1,en,one source language only
torbalı,1,tr,one source language only
tordesillas,1,es,one source language only
torino,1,it,one source language only
torino centro,1,it,one source language only
torino con i bambini,1,it,one source language only
torino e dintorni,1,it,one source language only
torino in due giorni,1,it,one source language only
toro,1,es,one source language only
torrejon de ardoz,1,es,one source language only
torres,1,pt,one source language only
torrox,1,es,one source language only
tortosa,1,es,one source language only
toscana,1,sv,one source language only
toskana,1,de,one source language only
tossa de mar,1,es,one source language only
tosya,1,tr,one source language only
toulouse,1,es,one source language only
townsend tn,1,en,one source language only
trabzonda,1,tr,one source language only
trakyada,1,tr,one source language only
trancoso,1,pt,one source language only
trani,1,it,one source language only
trapani,1,it,one source language only
trapani centro,1,it,one source language only
trapani e dintorni,1,it,one source language only
travemünde,1,de,one source language only
traverse city,1,en,one source language only
trento,1,it,one source language only
trento e dintorni,1,it,one source language only
trevelez,1,es,one source language only
trevi,1,it,one source language only
treviso,1,it,one source language only
treviso e dintorni,1,it,one source language only
treze tilias,1,pt,one source language only
triana,1,es,one source language only
triana sevilla,1,es,one source language only
triana siviglia,1,it,one source language only
triberg,1,de,one source language only
triest,1,de,one source language only
trieste e dintorni,1,it,one source language only
trieste in due giorni,1,it,one source language only
trillo,1,es,one source language only
trilye,1,tr,one source language only
trindade,1,pt,one source language only
trollhättan,1,sv,one source language only
trondheim,1,de,one source language only
tropea,1,it,one source language only
trosa,1,sv,one source language only
trujillo,1,es,one source language only
träslöjden,1,sv,one source language only
tschechien,1,de,one source language only
tucson,1,en,one source language only
tudela,1,es,one source language only
tui,1,es,one source language only
tulsa,1,en,one source language only
tulum mexico,1,en,one source language only
tunceli,1,tr,one source language only
tunez,1,es,one source language only
tunis,1,de,one source language only
tunisia,1,en,one source language only
tunus,1,tr,one source language only
tupelo ms,1,en,one source language only
turgutlu,1,tr,one source language only
turgutreis,1,tr,one source language only
turijn,1,nl,one source language only
turks and caicos,1,en,one source language only
turquia,1,es,one source language only
tuscaloosa,1,en,one source language only
tuscania,1,it,one source language only
tuscany,1,en,one source language only
tuzla,1,tr,one source language only
tuzlada,1,tr,one source language only
tv,1,es,one source language only
tv ahora,1,es,one source language only
twente,1,nl,one source language only
twente dit weekend,1,nl,one source language only
twente morgen,1,nl,one source language only
twente vandaag,1,nl,one source language only
tyskland,1,sv,one source language only
türkei,1,de,one source language only
türkiye,1,tr,one source language only
türkiyede,1,tr,one source language only
türkmenistan,1,tr,one source language only
ubatuba,1,pt,one source language only
ubatuba com chuva,1,pt,one source language only
ubeda,1,es,one source language only
ubeda y baeza,1,es,one source language only
uberlândia,1,pt,one source language only
ubrique,1,es,one source language only
uddevalla,1,sv,one source language only
ueckermünde,1,de,one source language only
ukraine,1,de,one source language only
ukrayna,1,tr,one source language only
ulm,1,de,one source language only
ulus,1,tr,one source language only
uma crise de ansiedade,1,pt,one source language only
umag,1,de,one source language only
umeå,1,sv,one source language only
umeå med barn,1,sv,one source language only
umman,1,tr,one source language only
universal epic universe,1,en,one source language only
uppland,1,sv,one source language only
uppsala,1,sv,one source language only
uppsala med barn,1,sv,one source language only
urbino,1,it,one source language only
urfada,1,tr,one source language only
urla,1,tr,one source language only
urlada,1,tr,one source language only
urubici,1,pt,one source language only
urubici sc,1,pt,one source language only
uruguay,1,de,one source language only
usbekistan,1,de,one source language only
usedom,1,de,one source language only
usedom stadt,1,de,one source language only
ushuaia,1,pt,one source language only
utah,1,en,one source language only
utrecht dit weekend,1,nl,one source language only
utrecht vandaag,1,nl,one source language only
uzbekistan,1,es,one source language only
uzungöl trabzon,1,tr,one source language only
uçhisar,1,tr,one source language only
uşak,1,tr,one source language only
uşakta,1,tr,one source language only
vadstena,1,sv,one source language only
vail colorado,1,en,one source language only
valdepeñas,1,es,one source language only
valderrobres,1,es,one source language only
valeggio sul mincio,1,it,one source language only
valencia con niños,1,es,one source language only
valencia en dos dias,1,es,one source language only
valencia en un dia,1,es,one source language only
valencia spain,1,en,one source language only
valinhos,1,pt,one source language only
valkenburg dit weekend,1,nl,one source language only
valladolid,1,es,one source language only
valladolid en un dia,1,es,one source language only
van,1,tr,one source language only
van edremit,1,tr,one source language only
van merkez,1,tr,one source language only
van merkezde,1,tr,one source language only
vancouver island,1,de,one source language only
varazze,1,it,one source language only
varberg,1,sv,one source language only
varberg med barn,1,sv,one source language only
varenna,1,it,one source language only
varese,1,it,one source language only
varese e dintorni,1,it,one source language only
varna,1,de,one source language only
varsavia,1,it,one source language only
varsovia,1,es,one source language only
varşova,1,tr,one source language only
vassouras,1,pt,one source language only
vasto,1,it,one source language only
vaxholm,1,sv,one source language only
veere,1,nl,one source language only
vegas,1,en,one source language only
vegas during the day,1,en,one source language only
vegas tonight,1,en,one source language only
vejer,1,es,one source language only
vejer de la frontera,1,es,one source language only
vemdalen,1,sv,one source language only
venda nova do imigrante,1,pt,one source language only
venecia,1,es,one source language only
venecia en dos dias,1,es,one source language only
venecia en un dia,1,es,one source language only
venedik,1,tr,one source language only
veneza,1,pt,one source language only
venezia,1,it,one source language only
venezia di insolito,1,it,one source language only
venezia in due giorni,1,it,one source language only
venice,1,en,one source language only
venlo dit weekend,1,nl,one source language only
vera,1,es,one source language only
verbania,1,it,one source language only
vercelli,1,it,one source language only
verona en un dia,1,es,one source language only
verona in due giorni,1,it,one source language only
viana do castelo,1,es,one source language only
viareggio,1,it,one source language only
vic,1,es,one source language only
vicenza,1,it,one source language only
vicksburg ms,1,en,one source language only
vico equense,1,it,one source language only
victoria bc,1,en,one source language only
vielha,1,es,one source language only
vienna austria,1,en,one source language only
vienna in due giorni,1,it,one source language only
vieste,1,it,one source language only
vietri sul mare,1,it,one source language only
vigevano,1,it,one source language only
vigo en un día,1,es,one source language only
vigo y alrededores,1,es,one source language only
vila velha,1,pt,one source language only
vildmarksvägen,1,sv,one source language only
villa borghese,1,it,one source language only
villach,1,de,one source language only
villafranca del bierzo,1,es,one source language only
villajoyosa,1,es,one source language only
villanueva de los infantes,1,es,one source language only
villasimius,1,it,one source language only
villaviciosa,1,es,one source language only
vilna,1,es,one source language only
vimmerby,1,sv,one source language only
vinhedo,1,pt,one source language only
vipiteno,1,it,one source language only
viranşehir,1,tr,one source language only
virginia,1,en,one source language only
virginia city,1,en,one source language only
visconde de maua,1,pt,one source language only
visconde de mauá,1,pt,one source language only
viterbo,1,it,one source language only
viterbo e dintorni,1,it,one source language only
vitoria da conquista,1,pt,one source language only
vitoria en un dia,1,es,one source language only
vitoria es,1,pt,one source language only
vitoria gasteiz,1,es,one source language only
vitória,1,pt,one source language only
vitória espírito santo,1,pt,one source language only
viveiro,1,es,one source language only
viyana,1,tr,one source language only
vizcaya,1,es,one source language only
vizesiz,1,tr,one source language only
vlissingen,1,nl,one source language only
vogtland,1,de,one source language only
volendam,1,nl,one source language only
volkach,1,de,one source language only
volta redonda,1,pt,one source language only
voorthuizen,1,nl,one source language only
vulcano,1,it,one source language only
vulkaneifel,1,de,one source language only
värmland,1,sv,one source language only
västergötland,1,sv,one source language only
västervik,1,sv,one source language only
västerås,1,sv,one source language only
västkusten,1,sv,one source language only
västra götaland,1,sv,one source language only
växjö,1,sv,one source language only
växjö med barn,1,sv,one source language only
waco,1,en,one source language only
waco texas,1,en,one source language only
walchensee,1,de,one source language only
wales,1,de,one source language only
walla walla,1,en,one source language only
warburg,1,de,one source language only
waren,1,de,one source language only
waren (müritz),1,de,one source language only
waren müritz,1,de,one source language only
warnemünde,1,de,one source language only
warsaw,1,en,one source language only
warszawa,1,sv,one source language only
washington state,1,en,one source language only
wasserfall kempten allgäu,1,de,one source language only
wasserfall titisee,1,de,one source language only
waynesville nc,1,en,one source language only
weimar,1,de,one source language only
wenen,1,nl,one source language only
wernigerode,1,de,one source language only
wertheim,1,de,one source language only
wetzlar,1,de,one source language only
wichita ks,1,en,one source language only
wien,1,sv,one source language only
wiesbaden,1,de,one source language only
wildwood nj,1,en,one source language only
wilhelmshaven,1,de,one source language only
williamsburg,1,en,one source language only
williamsburg va,1,en,one source language only
willingen,1,de,one source language only
wilmington,1,en,one source language only
wilmington de,1,en,one source language only
wilmington nc,1,en,one source language only
wimberley,1,en,one source language only
windsor canada,1,en,one source language only
winter park fl,1,en,one source language only
winterswijk,1,nl,one source language only
wismar,1,de,one source language only
wissembourg,1,de,one source language only
wolfenbüttel,1,de,one source language only
wolfgangsee,1,de,one source language only
wolgast,1,de,one source language only
worms,1,de,one source language only
wroclaw,1,es,one source language only
wuppertal,1,de,one source language only
wustrow,1,de,one source language only
würzburg,1,de,one source language only
xanten,1,de,one source language only
xian,1,es,one source language only
yakakent,1,tr,one source language only
yakarta,1,es,one source language only
yakima,1,en,one source language only
yalova,1,tr,one source language only
yalova çınarcık,1,tr,one source language only
yalıkavak,1,tr,one source language only
yellowstone national park,1,en,one source language only
yeni zelanda,1,tr,one source language only
york maine,1,en,one source language only
youngstown ohio,1,en,one source language only
yozgat,1,tr,one source language only
ystad,1,sv,one source language only
ystad med barn,1,sv,one source language only
yunanistan,1,tr,one source language only
yuvarlakçay köyceğiz,1,tr,one source language only
yüksekova,1,tr,one source language only
zafra,1,es,one source language only
zagabria,1,it,one source language only
zahara de la sierra,1,es,one source language only
zahara de los atunes,1,es,one source language only
zamora,1,es,one source language only
zamora capital,1,es,one source language only
zamora y alrededores,1,es,one source language only
zante,1,it,one source language only
zara,1,it,one source language only
zaragoza,1,es,one source language only
zaragoza en dos dias,1,es,one source language only
zaragoza en un día,1,es,one source language only
zarautz,1,es,one source language only
zeeland,1,nl,one source language only
zeeland vandaag,1,nl,one source language only
zeist,1,nl,one source language only
zeytinburnu,1,tr,one source language only
zierikzee,1,nl,one source language only
zingst,1,de,one source language only
zinnowitz,1,de,one source language only
zonguldak,1,tr,one source language only
zonguldak ereğli,1,tr,one source language only
zuheros,1,es,one source language only
zuid limburg,1,nl,one source language only
zumaia,1,es,one source language only
zurich switzerland,1,en,one source language only
zurigo,1,it,one source language only
zurique,1,pt,one source language only
zutphen,1,nl,one source language only
zutphen centrum,1,nl,one source language only
zwarte woud,1,nl,one source language only
zweden,1,nl,one source language only
zwickau,1,de,one source language only
zwolle vandaag,1,nl,one source language only
zürich,1,de,one source language only
zürih,1,tr,one source language only
águas de lindóia,1,pt,one source language only
águas de são pedro,1,pt,one source language only
ávila en un día,1,es,one source language only
ägypten,1,de,one source language only
åhus,1,sv,one source language only
åland,1,sv,one source language only
åre,1,sv,one source language only
åre på sommaren,1,sv,one source language only
çamlıdere,1,tr,one source language only
çamlıhemşin,1,tr,one source language only
çanakkale,1,tr,one source language only
çanakkale assos,1,tr,one source language only
çanakkale biga,1,tr,one source language only
çanakkale merkez,1,tr,one source language only
çarşamba,1,tr,one source language only
çatalca,1,tr,one source language only
çatalcada,1,tr,one source language only
çaycuma,1,tr,one source language only
çayeli,1,tr,one source language only
çekmeköy,1,tr,one source language only
çekya,1,tr,one source language only
çengelköy,1,tr,one source language only
çerkezköy,1,tr,one source language only
çeşme,1,tr,one source language only
çin,1,tr,one source language only
çorlu,1,tr,one source language only
çorum,1,tr,one source language only
çorum merkez,1,tr,one source language only
çorumda,1,tr,one source language only
çınarcık,1,tr,one source language only
ödemiş,1,tr,one source language only
ödemiş birgi,1,tr,one source language only
öland,1,sv,one source language only
ölüdeniz,1,tr,one source language only
örebro,1,sv,one source language only
örebro i helgen,1,sv,one source language only
örebro med barn,1,sv,one source language only
östergötland i helgen,1,sv,one source language only
österlen,1,sv,one source language only
österreich,1,de,one source language only
östersund,1,sv,one source language only
özbekistan,1,tr,one source language only
überlingen,1,de,one source language only
ückeritz,1,de,one source language only
ünye,1,tr,one source language only
ürdün,1,tr,one source language only
ürgüp,1,tr,one source language only
ürgüpte,1,tr,one source language only
üsküdar,1,tr,one source language only
üsküdar istanbul,1,tr,one source language only
üsküdarda,1,tr,one source language only
üsküp,1,tr,one source language only
üsküpte,1,tr,one source language only
ısparta,1,tr,one source language only
ısparta merkez,1,tr,one source language only
ıspartada,1,tr,one source language only
ığdır,1,tr,one source language only
şanlıurfa,1,tr,one source language only
şarköy,1,tr,one source language only
şarm el şeyh,1,tr,one source language only
şavşat,1,tr,one source language only
şebinkarahisar,1,tr,one source language only
şile,1,tr,one source language only
şilede,1,tr,one source language only
şili,1,tr,one source language only
şirince,1,tr,one source language only
şirince izmir,1,tr,one source language only
şişli,1,tr,one source language only
