family,language,country,segment,keyword,volume,keyword_difficulty,cpc_usd,parent_topic,dr_top10_filter,volume_floor,source_file
activities.city-things-to-do,en,us,,things to do in chicago,88000,7,,,35,2000
activities.city-things-to-do,en,us,,things to do in san diego,55000,20,,,35,2000
activities.city-things-to-do,en,us,,things to do in nashville,52000,8,,,35,2000
activities.city-things-to-do,en,us,,best things to do in chicago,48000,0,,,35,2000
activities.city-things-to-do,en,us,,things to do in las vegas,44000,40,,,35,2000
activities.city-things-to-do,en,us,,things to do in orlando,42000,0,,,35,2000
activities.city-things-to-do,en,us,,things to do in atlanta,40000,27,,,35,2000
activities.city-things-to-do,en,us,,things to do in boston,40000,24,,,35,2000
activities.city-things-to-do,en,us,,things to do in denver,40000,15,,,35,2000
activities.city-things-to-do,en,us,,things to do in dallas,39000,9,,,35,2000
activities.city-things-to-do,en,us,,things to do in miami,39000,23,,,35,2000
activities.city-things-to-do,en,us,,things to do in la,37000,12,,,35,2000
activities.city-things-to-do,en,us,,things to do in seattle,35000,11,,,35,2000
activities.city-things-to-do,en,us,,things to do in vegas,34000,26,,,35,2000
activities.city-things-to-do,de,de,,hamburg sehenswürdigkeiten,34000,6,,,35,2000
activities.city-things-to-do,en,us,,things to do in new orleans,33000,4,,,35,2000
activities.city-things-to-do,en,us,,things to do in san antonio,33000,0,,,35,2000
activities.city-things-to-do,en,us,,things to do in houston,32000,17,,,35,2000
activities.city-things-to-do,en,us,,things to do in new york,31000,13,,,35,2000
activities.city-things-to-do,en,us,,things to do in nyc,30000,14,,,35,2000
activities.city-things-to-do,en,us,,things to do in san francisco,29000,4,,,35,2000
activities.city-things-to-do,en,us,,things to do in austin,28000,24,,,35,2000
activities.city-things-to-do,en,us,,things to do in charleston sc,28000,1,,,35,2000
activities.city-things-to-do,en,us,,things to do in tampa,26000,40,,,35,2000
activities.city-things-to-do,en,us,,things to do in pigeon forge,26000,14,,,35,2000
activities.city-things-to-do,en,us,,things to do in myrtle beach,25000,5,,,35,2000
activities.city-things-to-do,en,us,,things to do in savannah ga,25000,1,,,35,2000
activities.city-things-to-do,en,us,,things to do in london,24000,1,,,35,2000
activities.city-things-to-do,en,us,,things to do in colorado springs,22000,13,,,35,2000
activities.city-things-to-do,en,us,,things to do in charlotte nc,22000,24,,,35,2000
activities.city-things-to-do,en,us,,things to do in gatlinburg,22000,12,,,35,2000
activities.city-things-to-do,en,us,,things to do in paris,21000,9,,,35,2000
activities.city-things-to-do,en,us,,things to do in los angeles,21000,4,,,35,2000
activities.city-things-to-do,en,us,,things to do in orlando florida,20000,43,,,35,2000
activities.city-things-to-do,en,us,,things to do in philadelphia,20000,15,,,35,2000
activities.city-things-to-do,en,us,,things to do in portland,20000,14,,,35,2000
activities.city-things-to-do,en,us,,things to do in phoenix,20000,0,,,35,2000
activities.city-things-to-do,de,de,,münchen sehenswürdigkeiten,20000,3,,,35,2000
activities.city-things-to-do,en,us,,things to do in puerto rico,19000,1,,,35,2000
activities.city-things-to-do,en,us,,things to do in key west,19000,1,,,35,2000
activities.city-things-to-do,en,us,,things to do in kansas city,18000,10,,,35,2000
activities.city-things-to-do,en,us,,things to do in fort lauderdale,18000,11,,,35,2000
activities.city-things-to-do,en,us,,things to do in washington dc,18000,3,,,35,2000
activities.city-things-to-do,en,us,,things to do in dc,17000,37,,,35,2000
activities.city-things-to-do,en,us,,things to do in maui,17000,0,,,35,2000
activities.city-things-to-do,en,us,,things to do in branson mo,17000,44,,,35,2000
activities.city-things-to-do,en,us,,things to do in indianapolis,17000,19,,,35,2000
activities.city-things-to-do,de,de,,leipzig sehenswürdigkeiten,17000,2,,,35,2000
activities.city-things-to-do,de,de,,sehenswürdigkeiten in der nähe,17000,0,,,35,2000
activities.city-things-to-do,de,de,,amsterdam sehenswürdigkeiten,17000,0,,,35,2000
activities.city-things-to-do,en,us,,things to do in st louis,16000,4,,,35,2000
activities.city-things-to-do,en,us,,things to do in denver colorado,16000,20,,,35,2000
activities.city-things-to-do,en,us,,things to do in salt lake city,16000,24,,,35,2000
activities.city-things-to-do,en,us,,things to do in sedona,16000,2,,,35,2000
activities.city-things-to-do,en,us,,things to do in pittsburgh,16000,6,,,35,2000
activities.city-things-to-do,en,us,,things to do in florida,16000,13,,,35,2000
activities.city-things-to-do,en,us,,things to do in toronto,16000,4,,,35,2000
activities.city-things-to-do,es,es,,que ver en madrid,16000,6,,,35,
activities.city-things-to-do,en,us,,things to do in palm springs,15000,5,,,35,2000
activities.city-things-to-do,en,us,,things to do in honolulu,15000,5,,,35,2000
activities.city-things-to-do,en,us,,things to do in portland maine,15000,3,,,35,2000
activities.city-things-to-do,en,us,,things to do in minneapolis,15000,10,,,35,2000
activities.city-things-to-do,de,de,,prag sehenswürdigkeiten,15000,0,,,35,2000
activities.city-things-to-do,en,us,,things to do in chattanooga,14000,0,,,35,2000
activities.city-things-to-do,en,us,,things to do in st augustine,14000,12,,,35,2000
activities.city-things-to-do,en,us,,things to do in japan,14000,17,,,35,2000
activities.city-things-to-do,en,us,,things to do in arizona,14000,12,,,35,2000
activities.city-things-to-do,en,us,,things to do in rome,14000,14,,,35,2000
activities.city-things-to-do,en,us,,things to do in amsterdam,14000,4,,,35,2000
activities.city-things-to-do,en,us,,things to do in santa barbara,14000,0,,,35,2000
activities.city-things-to-do,de,de,,köln sehenswürdigkeiten,14000,3,,,35,2000
activities.city-things-to-do,de,de,,london sehenswürdigkeiten,14000,3,,,35,2000
activities.city-things-to-do,de,de,,nürnberg sehenswürdigkeiten,14000,2,,,35,2000
activities.city-things-to-do,es,es,,que ver en granada,14000,1,,,35,
activities.city-things-to-do,en,us,,things to do in hawaii,13000,0,,,35,2000
activities.city-things-to-do,en,us,,things to do in portland oregon,13000,8,,,35,2000
activities.city-things-to-do,en,us,,things to do in columbus ohio,13000,23,,,35,2000
activities.city-things-to-do,en,us,,things to do in destin florida,13000,5,,,35,2000
activities.city-things-to-do,en,us,,things to do in austin texas,13000,15,,,35,2000
activities.city-things-to-do,de,de,,sehenswürdigkeiten münchen,13000,3,,,35,2000
activities.city-things-to-do,de,de,,erfurt sehenswürdigkeiten,13000,0,,,35,2000
activities.city-things-to-do,de,de,,kopenhagen sehenswürdigkeiten,13000,1,,,35,2000
activities.city-things-to-do,es,es,,que ver en sevilla,13000,1,,,35,
activities.city-things-to-do,en,us,,things to do in asheville nc,12000,3,,,35,2000
activities.city-things-to-do,en,us,,things to do in mexico city,12000,1,,,35,2000
activities.city-things-to-do,en,us,,things to do in barcelona,12000,6,,,35,2000
activities.city-things-to-do,en,us,,things to do in costa rica,12000,9,,,35,2000
activities.city-things-to-do,en,us,,things to do in montreal,12000,3,,,35,2000
activities.city-things-to-do,en,us,,things to do in dubai,12000,14,,,35,2000
activities.city-things-to-do,de,de,,sehenswürdigkeiten hamburg,12000,6,,,35,2000
activities.city-things-to-do,de,de,,paris sehenswürdigkeiten,12000,0,,,35,2000
activities.city-things-to-do,en,us,,things to do in phoenix arizona,11000,5,,,35,2000
activities.city-things-to-do,en,us,,things to do in maine,11000,10,,,35,2000
activities.city-things-to-do,en,us,,things to do in louisville ky,11000,12,,,35,2000
activities.city-things-to-do,en,us,,things to do in galveston,11000,7,,,35,2000
activities.city-things-to-do,de,de,,rom sehenswürdigkeiten,11000,2,,,35,2000
activities.city-things-to-do,de,de,,trier sehenswürdigkeiten,11000,0,,,35,2000
activities.city-things-to-do,de,de,,bamberg sehenswürdigkeiten,11000,1,,,35,2000
activities.city-things-to-do,es,es,,que ver en tenerife,11000,0,,,35,
activities.city-things-to-do,es,es,,que ver en bilbao,11000,1,,,35,
activities.city-things-to-do,es,es,,que ver en toledo,11000,0,,,35,
activities.city-things-to-do,en,us,,things to do in salem ma,10000,3,,,35,2000
activities.city-things-to-do,en,us,,things to do in milwaukee,10000,5,,,35,2000
activities.city-things-to-do,en,us,,things to do in michigan,10000,11,,,35,2000
activities.city-things-to-do,en,us,,things to do in oahu,10000,3,,,35,2000
activities.city-things-to-do,en,us,,things to do in vancouver,10000,11,,,35,2000
activities.city-things-to-do,de,de,,frankfurt sehenswürdigkeiten,10000,0,,,35,2000
activities.city-things-to-do,de,de,,barcelona sehenswürdigkeiten,10000,9,,,35,2000
activities.city-things-to-do,es,es,,que ver en roma,10000,0,,,35,
activities.city-things-to-do,en,us,,things to do in santa fe,9900,0,,,35,2000
activities.city-things-to-do,en,us,,things to do in lisbon,9800,1,,,35,2000
activities.city-things-to-do,en,us,,things to do in cancun,9700,1,,,35,2000
activities.city-things-to-do,en,us,,things to do in kauai,9700,2,,,35,2000
activities.city-things-to-do,de,de,,lissabon sehenswürdigkeiten,9700,0,,,35,2000
activities.city-things-to-do,es,es,,que ver en valencia,9600,2,,,35,
activities.city-things-to-do,es,es,,que ver en oporto,9600,0,,,35,
activities.city-things-to-do,en,us,,things to do in sarasota,9500,11,,,35,2000
activities.city-things-to-do,de,de,,koblenz sehenswürdigkeiten,9500,1,,,35,2000
activities.city-things-to-do,es,es,,que ver en malaga,9500,0,,,35,
activities.city-things-to-do,en,us,,things to do in flagstaff,9400,0,,,35,2000
activities.city-things-to-do,en,us,,things to do in madrid,9400,2,,,35,2000
activities.city-things-to-do,en,us,,things to do in new york city,9400,0,,,35,2000
activities.city-things-to-do,de,de,,dublin sehenswürdigkeiten,9400,0,,,35,2000
activities.city-things-to-do,en,us,,things to do in nashville tn,9300,8,,,35,2000
activities.city-things-to-do,en,us,,things to do in san jose,9300,9,,,35,2000
activities.city-things-to-do,de,de,,sehenswürdigkeiten leipzig,9300,0,,,35,2000
activities.city-things-to-do,fr,fr,,que faire a lyon,9300,10,,,35,
activities.city-things-to-do,en,us,,things to do in reno,9000,0,,,35,2000
activities.city-things-to-do,en,us,,things to do in tucson,8800,3,,,35,2000
activities.city-things-to-do,de,de,,budapest sehenswürdigkeiten,8800,0,,,35,2000
activities.city-things-to-do,en,us,,things to do in corpus christi,8700,5,,,35,2000
activities.city-things-to-do,es,es,,que ver en milan,8700,1,,,35,
activities.city-things-to-do,es,es,,que ver en zaragoza,8700,1,,,35,
activities.city-things-to-do,en,us,,things to do in dallas texas,8600,0,,,35,2000
activities.city-things-to-do,en,us,,things to do in lancaster pa,8600,2,,,35,2000
activities.city-things-to-do,es,es,,que ver en cadiz,8600,0,,,35,
activities.city-things-to-do,en,us,,things to do in wilmington nc,8500,0,,,35,2000
activities.city-things-to-do,es,es,,que ver en londres,8400,3,,,35,
activities.city-things-to-do,en,us,,things to do in kentucky,8300,9,,,35,2000
activities.city-things-to-do,es,es,,que ver en lanzarote,8300,0,,,35,
activities.city-things-to-do,en,us,,things to do in iceland,8200,1,,,35,2000
activities.city-things-to-do,es,es,,que ver en salamanca,8200,0,,,35,
activities.city-things-to-do,es,es,,que ver en cordoba,8200,0,,,35,
activities.city-things-to-do,en,us,,things to do in cleveland ohio,8100,12,,,35,2000
activities.city-things-to-do,es,es,,que ver en cantabria,8100,1,,,35,
activities.city-things-to-do,en,us,,things to do in new mexico,8000,6,,,35,2000
activities.city-things-to-do,de,de,,luxemburg sehenswürdigkeiten,8000,0,,,35,2000
activities.city-things-to-do,de,de,,bremen sehenswürdigkeiten,8000,2,,,35,2000
activities.city-things-to-do,es,es,,que ver en asturias,8000,1,,,35,
activities.city-things-to-do,en,us,,things to do in knoxville tn,7900,6,,,35,2000
activities.city-things-to-do,es,es,,que ver en gran canaria,7900,0,,,35,
activities.city-things-to-do,en,us,,things to do in south carolina,7800,12,,,35,2000
activities.city-things-to-do,es,es,,que ver en lisboa,7800,0,,,35,
activities.city-things-to-do,es,es,,que ver en viena,7800,0,,,35,
activities.city-things-to-do,es,es,,que ver en alicante,7800,0,,,35,
activities.city-things-to-do,en,us,,things to do in puerto vallarta,7700,0,,,35,2000
activities.city-things-to-do,en,us,,things to do in punta cana,7700,5,,,35,2000
activities.city-things-to-do,en,us,,things to do in singapore,7700,24,,,35,2000
activities.city-things-to-do,de,de,,brüssel sehenswürdigkeiten,7700,2,,,35,2000
activities.city-things-to-do,en,us,,things to do in kyoto,7600,0,,,35,2000
activities.city-things-to-do,es,es,,que ver en mallorca,7600,0,,,35,
activities.city-things-to-do,es,es,,que ver en segovia,7600,1,,,35,
activities.city-things-to-do,en,us,,things to do in lexington ky,7500,0,,,35,2000
activities.city-things-to-do,en,us,,things to do in montana,7500,9,,,35,2000
activities.city-things-to-do,de,de,,mailand sehenswürdigkeiten,7500,1,,,35,2000
activities.city-things-to-do,en,us,,things to do in virginia,7400,12,,,35,2000
activities.city-things-to-do,en,us,,things to do in monterey,7400,1,,,35,2000
activities.city-things-to-do,en,us,,things to do in hilton head,7400,3,,,35,2000
activities.city-things-to-do,en,us,,things to do in fredericksburg tx,7400,1,,,35,2000
activities.city-things-to-do,de,de,,regensburg sehenswürdigkeiten,7400,0,,,35,2000
activities.city-things-to-do,de,de,,teneriffa sehenswürdigkeiten,7400,0,,,35,2000
activities.city-things-to-do,de,de,,kreta sehenswürdigkeiten,7400,0,,,35,2000
activities.city-things-to-do,en,us,,things to do in tulum,7300,0,,,35,2000
activities.city-things-to-do,en,us,,things to do in pensacola,7300,11,,,35,2000
activities.city-things-to-do,en,us,,things to do in savannah,7300,1,,,35,2000
activities.city-things-to-do,en,us,,things to do in fort worth,7300,7,,,35,2000
activities.city-things-to-do,es,es,,que ver en valladolid,7300,0,,,35,
activities.city-things-to-do,en,us,,things to do in lake tahoe,7200,1,,,35,2000
activities.city-things-to-do,de,de,,florenz sehenswürdigkeiten,7200,1,,,35,2000
activities.city-things-to-do,es,es,,que ver en praga,7200,0,,,35,
activities.city-things-to-do,en,us,,things to do in tulsa,7100,4,,,35,2000
activities.city-things-to-do,de,de,,madeira sehenswürdigkeiten,7100,0,,,35,2000
activities.city-things-to-do,de,de,,new york sehenswürdigkeiten,7100,0,,,35,2000
activities.city-things-to-do,es,es,,que ver en menorca,7100,0,,,35,
activities.city-things-to-do,fr,fr,,que faire a lyon ce weekend,7100,1,,,35,
activities.city-things-to-do,en,us,,things to do in quebec city,7000,1,,,35,2000
activities.city-things-to-do,en,us,,things to do in brooklyn,7000,3,,,35,2000
activities.city-things-to-do,en,us,,things to do in greenville sc,7000,2,,,35,2000
activities.city-things-to-do,en,us,,things to do in utah,7000,19,,,35,2000
activities.city-things-to-do,de,de,,fuerteventura sehenswürdigkeiten,7000,0,,,35,2000
activities.city-things-to-do,es,es,,que ver en san sebastian,7000,0,,,35,
activities.city-things-to-do,en,us,,things to do in italy,6900,1,,,35,2000
activities.city-things-to-do,en,us,,things to do in panama city,6900,0,,,35,2000
activities.city-things-to-do,en,us,,things to do in oregon,6900,2,,,35,2000
activities.city-things-to-do,de,de,,wernigerode sehenswürdigkeiten,6900,1,,,35,2000
activities.city-things-to-do,de,de,,sehenswürdigkeiten deutschland,6900,0,,,35,2000
activities.city-things-to-do,en,us,,things to do in oklahoma city,6800,1,,,35,2000
activities.city-things-to-do,en,us,,things to do in alaska,6700,0,,,35,2000
activities.city-things-to-do,en,us,,things to do in dublin,6700,2,,,35,2000
activities.city-things-to-do,en,us,,things to do in waco,6600,3,,,35,2000
activities.city-things-to-do,en,us,,things to do in el paso,6600,3,,,35,2000
activities.city-things-to-do,de,de,,sehenswürdigkeiten köln,6600,3,,,35,2000
activities.city-things-to-do,de,de,,antwerpen sehenswürdigkeiten,6600,0,,,35,2000
activities.city-things-to-do,es,es,,que ver en cuenca,6600,0,,,35,
activities.city-things-to-do,fr,fr,,que faire a bordeaux,6600,9,,,35,
activities.city-things-to-do,en,us,,things to do in long beach,6500,4,,,35,2000
activities.city-things-to-do,en,us,,things to do in st thomas,6500,3,,,35,2000
activities.city-things-to-do,en,us,,things to do in milan,6400,5,,,35,2000
activities.city-things-to-do,en,us,,things to do in charleston,6400,2,,,35,2000
activities.city-things-to-do,en,us,,things to do in greece,6400,2,,,35,2000
activities.city-things-to-do,en,us,,things to do in traverse city,6300,0,,,35,2000
activities.city-things-to-do,en,us,,things to do in seoul,6300,2,,,35,2000
activities.city-things-to-do,en,us,,things to do in williamsburg va,6300,5,,,35,2000
activities.city-things-to-do,es,es,,que ver en santander,6300,0,,,35,
activities.city-things-to-do,en,us,,things to do in prague,6200,4,,,35,2000
activities.city-things-to-do,de,de,,lanzarote sehenswürdigkeiten,6200,0,,,35,2000
activities.city-things-to-do,de,de,,venedig sehenswürdigkeiten,6200,2,,,35,2000
activities.city-things-to-do,es,es,,que ver en budapest,6200,1,,,35,
activities.city-things-to-do,es,es,,que ver en bruselas,6200,0,,,35,
activities.city-things-to-do,en,us,,things to do in buffalo ny,6100,6,,,35,2000
activities.city-things-to-do,en,us,,things to do in omaha,6100,4,,,35,2000
activities.city-things-to-do,en,us,,things to do in nassau bahamas,6100,3,,,35,2000
activities.city-things-to-do,en,us,,things to do in jamaica,6100,2,,,35,2000
activities.city-things-to-do,de,de,,malta sehenswürdigkeiten,6100,0,,,35,2000
activities.city-things-to-do,es,es,,que ver en florencia,6100,0,,,35,
activities.city-things-to-do,es,es,,que ver en paris,6100,0,,,35,
activities.city-things-to-do,en,us,,things to do in cabo,6000,2,,,35,2000
activities.city-things-to-do,en,us,,things to do in munich,6000,5,,,35,2000
activities.city-things-to-do,en,us,,things to do in gulf shores,6000,5,,,35,2000
activities.city-things-to-do,en,us,,things to do in key largo,6000,3,,,35,2000
activities.city-things-to-do,en,us,,things to do in santa cruz,6000,0,,,35,2000
activities.city-things-to-do,de,de,,münster sehenswürdigkeiten,6000,4,,,35,2000
activities.city-things-to-do,es,es,,que ver en gijon,6000,0,,,35,
activities.city-things-to-do,en,us,,things to do in venice,5900,0,,,35,2000
activities.city-things-to-do,de,de,,oslo sehenswürdigkeiten,5900,0,,,35,2000
activities.city-things-to-do,de,de,,freiburg sehenswürdigkeiten,5900,2,,,35,2000
activities.city-things-to-do,es,es,,que ver en santiago de compostela,5900,0,,,35,
activities.city-things-to-do,fr,fr,,que faire a marseille,5900,4,,,35,
activities.city-things-to-do,en,us,,things to do in blue ridge ga,5800,4,,,35,2000
activities.city-things-to-do,de,de,,quedlinburg sehenswürdigkeiten,5800,0,,,35,2000
activities.city-things-to-do,es,es,,que ver en merida,5800,0,,,35,
activities.city-things-to-do,en,us,,things to do in breckenridge,5700,3,,,35,2000
activities.city-things-to-do,en,us,,things to do in maryland,5700,2,,,35,2000
activities.city-things-to-do,de,de,,sehenswürdigkeiten nürnberg,5700,2,,,35,2000
activities.city-things-to-do,es,es,,que ver en pamplona,5700,0,,,35,
activities.city-things-to-do,es,es,,que ver en ibiza,5700,0,,,35,
activities.city-things-to-do,en,us,,things to do in spain,5600,5,,,35,2000
activities.city-things-to-do,en,us,,things to do in zurich,5600,1,,,35,2000
activities.city-things-to-do,en,us,,things to do in big bear,5600,0,,,35,2000
activities.city-things-to-do,en,us,,things to do in columbia sc,5600,2,,,35,2000
activities.city-things-to-do,en,us,,things to do in edinburgh,5500,12,,,35,2000
activities.city-things-to-do,de,de,,colmar sehenswürdigkeiten,5500,0,,,35,2000
activities.city-things-to-do,es,es,,que ver en marrakech,5500,0,,,35,
activities.city-things-to-do,fr,fr,,que faire a marrakech,5500,1,,,35,
activities.city-things-to-do,en,us,,things to do in bali,5400,5,,,35,2000
activities.city-things-to-do,en,us,,things to do in scotland,5400,3,,,35,2000
activities.city-things-to-do,es,es,,que ver en avila,5400,0,,,35,
activities.city-things-to-do,en,us,,things to do in cabo san lucas,5300,2,,,35,2000
activities.city-things-to-do,en,us,,things to do in belize,5300,0,,,35,2000
activities.city-things-to-do,en,us,,things to do in connecticut,5300,12,,,35,2000
activities.city-things-to-do,de,de,,sehenswürdigkeiten barcelona,5300,12,,,35,2000
activities.city-things-to-do,es,es,,que ver en fuerteventura,5300,0,,,35,
activities.city-things-to-do,en,us,,things to do in manhattan,5200,12,,,35,2000
activities.city-things-to-do,en,us,,things to do in estes park,5200,11,,,35,2000
activities.city-things-to-do,en,us,,things to do in boise,5200,4,,,35,2000
activities.city-things-to-do,de,de,,cochem sehenswürdigkeiten,5200,0,,,35,2000
activities.city-things-to-do,de,de,,sehenswürdigkeiten amsterdam,5200,3,,,35,2000
activities.city-things-to-do,es,es,,que ver en tarragona,5200,1,,,35,
activities.city-things-to-do,en,us,,things to do in switzerland,5100,3,,,35,2000
activities.city-things-to-do,en,us,,things to do in bozeman mt,5100,2,,,35,2000
activities.city-things-to-do,de,de,,passau sehenswürdigkeiten,5100,0,,,35,2000
activities.city-things-to-do,de,de,,stockholm sehenswürdigkeiten,5100,0,,,35,2000
activities.city-things-to-do,de,de,,maastricht sehenswürdigkeiten,5100,0,,,35,2000
activities.city-things-to-do,de,de,,dubai sehenswürdigkeiten,5100,0,,,35,2000
activities.city-things-to-do,es,es,,que ver en jerez de la frontera,5100,0,,,35,
activities.city-things-to-do,es,es,,que ver en malta,5100,0,,,35,
activities.city-things-to-do,fr,fr,,que faire a amsterdam,5100,12,,,35,
activities.city-things-to-do,en,us,,things to do in newport ri,5000,0,,,35,2000
activities.city-things-to-do,en,us,,things to do in florence,5000,0,,,35,2000
activities.city-things-to-do,en,us,,things to do in cocoa beach,5000,5,,,35,2000
activities.city-things-to-do,de,de,,istanbul sehenswürdigkeiten,5000,0,,,35,2000
activities.city-things-to-do,de,de,,porto sehenswürdigkeiten,5000,0,,,35,2000
activities.city-things-to-do,es,es,,que ver en pontevedra,5000,1,,,35,
activities.city-things-to-do,es,es,,que ver en napoles,5000,0,,,35,
activities.city-things-to-do,es,es,,que ver en amsterdam,5000,0,,,35,
activities.city-things-to-do,es,es,,que ver en murcia,5000,2,,,35,
activities.city-things-to-do,es,es,,que ver en altea,5000,0,,,35,
activities.city-things-to-do,fr,fr,,que faire a porto,5000,1,,,35,
activities.city-things-to-do,en,us,,things to do in leavenworth,4900,0,,,35,2000
activities.city-things-to-do,en,us,,things to do in louisville,4900,2,,,35,2000
activities.city-things-to-do,de,de,,bremerhaven sehenswürdigkeiten,4900,2,,,35,2000
activities.city-things-to-do,de,de,,monschau sehenswürdigkeiten,4900,1,,,35,2000
activities.city-things-to-do,es,es,,que ver en almeria,4900,0,,,35,
activities.city-things-to-do,es,es,,que ver en soria,4900,2,,,35,
activities.city-things-to-do,en,us,,things to do in tallahassee,4800,9,,,35,2000
activities.city-things-to-do,en,us,,things to do in rhode island,4800,11,,,35,2000
activities.city-things-to-do,en,us,,things to do in birmingham al,4800,0,,,35,2000
activities.city-things-to-do,en,us,,things to do in athens,4800,5,,,35,2000
activities.city-things-to-do,de,de,,sehenswürdigkeiten rom,4800,0,,,35,2000
activities.city-things-to-do,de,de,,athen sehenswürdigkeiten,4800,0,,,35,2000
activities.city-things-to-do,es,es,,que ver en zamora,4800,0,,,35,
activities.city-things-to-do,en,us,,things to do in istanbul,4700,1,,,35,2000
activities.city-things-to-do,en,us,,things to do in chile,4700,0,,,35,2000
activities.city-things-to-do,en,us,,things to do in moab,4700,0,,,35,2000
activities.city-things-to-do,en,us,,things to do in cape cod,4700,0,,,35,2000
activities.city-things-to-do,en,us,,things to do in copenhagen,4700,3,,,35,2000
activities.city-things-to-do,en,us,,things to do in bangkok,4700,7,,,35,2000
activities.city-things-to-do,en,us,,things to do in vienna,4700,5,,,35,2000
activities.city-things-to-do,de,de,,lüneburg sehenswürdigkeiten,4700,0,,,35,2000
activities.city-things-to-do,es,es,,que ver en teruel,4700,0,,,35,
activities.city-things-to-do,es,es,,que ver en nerja,4700,0,,,35,
activities.city-things-to-do,es,es,,que ver en andorra,4700,0,,,35,
activities.city-things-to-do,fr,fr,,que faire a lille,4700,0,,,35,
activities.city-things-to-do,en,us,,things to do in new hampshire,4600,4,,,35,2000
activities.city-things-to-do,en,us,,things to do in turks and caicos,4600,2,,,35,2000
activities.city-things-to-do,en,us,,things to do in budapest,4600,4,,,35,2000
activities.city-things-to-do,de,de,,füssen sehenswürdigkeiten,4600,0,,,35,2000
activities.city-things-to-do,de,de,,sehenswürdigkeiten frankfurt,4600,0,,,35,2000
activities.city-things-to-do,de,de,,zürich sehenswürdigkeiten,4600,2,,,35,2000
activities.city-things-to-do,es,es,,que ver en caceres,4600,0,,,35,
activities.city-things-to-do,es,es,,que ver en vitoria,4600,0,,,35,
activities.city-things-to-do,en,us,,things to do in porto,4500,0,,,35,2000
activities.city-things-to-do,en,us,,things to do in naples,4500,0,,,35,2000
activities.city-things-to-do,de,de,,fulda sehenswürdigkeiten,4500,0,,,35,2000
activities.city-things-to-do,de,de,,den haag sehenswürdigkeiten,4500,0,,,35,2000
activities.city-things-to-do,de,de,,sehenswürdigkeiten regensburg,4500,0,,,35,2000
activities.city-things-to-do,en,us,,things to do in thailand,4400,1,,,35,2000
activities.city-things-to-do,de,de,,rostock sehenswürdigkeiten,4400,0,,,35,2000
activities.city-things-to-do,de,de,,sevilla sehenswürdigkeiten,4400,1,,,35,2000
activities.city-things-to-do,es,es,,que ver en llanes,4400,0,,,35,
activities.city-things-to-do,en,us,,things to do in vietnam,4300,17,,,35,2000
activities.city-things-to-do,en,us,,things to do in morocco,4300,0,,,35,2000
activities.city-things-to-do,en,us,,things to do in maui hawaii,4300,1,,,35,2000
activities.city-things-to-do,de,de,,neapel sehenswürdigkeiten,4300,0,,,35,2000
activities.city-things-to-do,de,de,,rügen sehenswürdigkeiten,4300,1,,,35,2000
activities.city-things-to-do,es,es,,que ver en logrono,4300,0,,,35,
activities.city-things-to-do,es,es,,que ver en venecia,4300,1,,,35,
activities.city-things-to-do,en,us,,things to do in cozumel,4200,0,,,35,2000
activities.city-things-to-do,en,us,,things to do in washington state,4200,1,,,35,2000
activities.city-things-to-do,en,us,,things to do in peru,4200,1,,,35,2000
activities.city-things-to-do,en,us,,things to do in curacao,4200,0,,,35,2000
activities.city-things-to-do,en,us,,things to do in victoria bc,4200,0,,,35,2000
activities.city-things-to-do,en,us,,things to do in dublin ireland,4200,5,,,35,2000
activities.city-things-to-do,de,de,,mallorca sehenswürdigkeiten,4200,0,,,35,2000
activities.city-things-to-do,es,es,,que ver en lugo,4200,0,,,35,
activities.city-things-to-do,en,us,,things to do in athens greece,4100,4,,,35,2000
activities.city-things-to-do,en,us,,things to do in santorini,4100,1,,,35,2000
activities.city-things-to-do,en,us,,things to do in berlin,4100,4,,,35,2000
activities.city-things-to-do,de,de,,sehenswürdigkeiten kopenhagen,4100,2,,,35,2000
activities.city-things-to-do,de,de,,gran canaria sehenswürdigkeiten,4100,0,,,35,2000
activities.city-things-to-do,fr,fr,,que faire a lyon ce week end,4100,2,,,35,
activities.city-things-to-do,en,us,,things to do in south dakota,4000,3,,,35,2000
activities.city-things-to-do,en,us,,things to do in grand rapids,4000,0,,,35,2000
activities.city-things-to-do,en,us,,things to do in bar harbor maine,4000,0,,,35,2000
activities.city-things-to-do,en,us,,things to do in argentina,4000,1,,,35,2000
activities.city-things-to-do,de,de,,harz sehenswürdigkeiten,4000,2,,,35,2000
activities.city-things-to-do,de,de,,utrecht sehenswürdigkeiten,4000,0,,,35,2000
activities.city-things-to-do,es,es,,que ver en leon,4000,0,,,35,
activities.city-things-to-do,fr,fr,,que faire a barcelone,4000,5,,,35,
activities.city-things-to-do,de,de,,wismar sehenswürdigkeiten,3900,0,,,35,2000
activities.city-things-to-do,de,de,,stralsund sehenswürdigkeiten,3900,0,,,35,2000
activities.city-things-to-do,fr,fr,,que faire a madrid,3900,0,,,35,
activities.city-things-to-do,de,de,,edinburgh sehenswürdigkeiten,3800,0,,,35,2000
activities.city-things-to-do,de,de,,sehenswürdigkeiten kreta,3800,0,,,35,2000
activities.city-things-to-do,fr,fr,,que faire a annecy,3800,0,,,35,
activities.city-things-to-do,de,de,,danzig sehenswürdigkeiten,3700,0,,,35,2000
activities.city-things-to-do,de,de,,sehenswürdigkeiten new york,3700,0,,,35,2000
activities.city-things-to-do,de,de,,cuxhaven sehenswürdigkeiten,3700,1,,,35,2000
activities.city-things-to-do,de,de,,bratislava sehenswürdigkeiten,3600,1,,,35,2000
activities.city-things-to-do,fr,fr,,que faire a milan,3600,2,,,35,
activities.city-things-to-do,fr,fr,,que faire a copenhague,3600,0,,,35,
activities.city-things-to-do,de,de,,flensburg sehenswürdigkeiten,3500,1,,,35,2000
activities.city-things-to-do,de,de,,basel sehenswürdigkeiten,3500,0,,,35,2000
activities.city-things-to-do,de,de,,karlsbad sehenswürdigkeiten,3500,0,,,35,2000
activities.city-things-to-do,de,de,,aschaffenburg sehenswürdigkeiten,3500,0,,,35,2000
activities.city-things-to-do,de,de,,rothenburg ob der tauber sehenswürdigkeiten,3500,0,,,35,2000
activities.city-things-to-do,de,de,,irland sehenswürdigkeiten,3500,0,,,35,2000
activities.city-things-to-do,fr,fr,,que faire a nantes,3500,8,,,35,
activities.city-things-to-do,fr,fr,,que faire a la rochelle,3500,2,,,35,
activities.city-things-to-do,de,de,,tokio sehenswürdigkeiten,3400,2,,,35,2000
activities.city-things-to-do,de,de,,island sehenswürdigkeiten,3400,0,,,35,2000
activities.city-things-to-do,de,de,,sehenswürdigkeiten salzburg,3400,0,,,35,2000
activities.city-things-to-do,de,de,,norwegen sehenswürdigkeiten,3300,0,,,35,2000
activities.city-things-to-do,de,de,,sehenswürdigkeiten trier,3300,0,,,35,2000
activities.city-things-to-do,de,de,,stettin sehenswürdigkeiten,3300,1,,,35,2000
activities.city-things-to-do,de,de,,warschau sehenswürdigkeiten,3300,0,,,35,2000
activities.city-things-to-do,de,de,,los angeles sehenswürdigkeiten,3300,0,,,35,2000
activities.city-things-to-do,de,de,,duisburg sehenswürdigkeiten,3300,0,,,35,2000
activities.city-things-to-do,de,de,,sehenswürdigkeiten bayern,3200,1,,,35,2000
activities.city-things-to-do,de,de,,nizza sehenswürdigkeiten,3200,0,,,35,2000
activities.city-things-to-do,fr,fr,,que faire a malte,3200,0,,,35,
activities.city-things-to-do,de,de,,sehenswürdigkeiten bamberg,3100,2,,,35,2000
activities.city-things-to-do,de,de,,bologna sehenswürdigkeiten,3100,1,,,35,2000
activities.city-things-to-do,de,de,,malmö sehenswürdigkeiten,3100,0,,,35,2000
activities.city-things-to-do,de,de,,deutschland sehenswürdigkeiten,3100,1,,,35,2000
activities.city-things-to-do,de,de,,sehenswürdigkeiten mallorca,3100,0,,,35,2000
activities.city-things-to-do,de,de,,lüttich sehenswürdigkeiten,3100,0,,,35,2000
activities.city-things-to-do,de,de,,wilhelmshaven sehenswürdigkeiten,3100,0,,,35,2000
activities.city-things-to-do,de,de,,usedom sehenswürdigkeiten,3100,0,,,35,2000
activities.city-things-to-do,de,de,,japan sehenswürdigkeiten,3100,0,,,35,2000
activities.city-things-to-do,de,de,,travemünde sehenswürdigkeiten,3000,0,,,35,2000
activities.city-things-to-do,de,de,,schottland sehenswürdigkeiten,3000,1,,,35,2000
activities.city-things-to-do,de,de,,sardinien sehenswürdigkeiten,3000,0,,,35,2000
activities.city-things-to-do,de,de,,helsinki sehenswürdigkeiten,3000,0,,,35,2000
activities.city-things-to-do,de,de,,speyer sehenswürdigkeiten,3000,0,,,35,2000
activities.city-things-to-do,fr,fr,,que faire a lisbonne,3000,1,,,35,
activities.city-things-to-do,fr,fr,,que faire a lyon,3000,8,,,35,
activities.city-things-to-do,de,de,,bangkok sehenswürdigkeiten,2900,1,,,35,2000
activities.city-things-to-do,de,de,,friedrichshafen sehenswürdigkeiten,2900,1,,,35,2000
activities.city-things-to-do,de,de,,sizilien sehenswürdigkeiten,2900,0,,,35,2000
activities.city-things-to-do,de,de,,sehenswürdigkeiten lissabon,2800,0,,,35,2000
activities.city-things-to-do,de,de,,singapur sehenswürdigkeiten,2800,1,,,35,2000
activities.city-things-to-do,de,de,,breslau sehenswürdigkeiten,2800,0,,,35,2000
activities.city-things-to-do,de,de,,magdeburg sehenswürdigkeiten,2800,0,,,35,2000
activities.city-things-to-do,de,de,,verona sehenswürdigkeiten,2800,0,,,35,2000
activities.city-things-to-do,de,de,,sehenswürdigkeiten thüringen,2800,0,,,35,2000
activities.city-things-to-do,de,de,,eifel sehenswürdigkeiten,2800,3,,,35,2000
activities.city-things-to-do,de,de,,australien sehenswürdigkeiten,2700,1,,,35,2000
activities.city-things-to-do,de,de,,krakau sehenswürdigkeiten,2700,0,,,35,2000
activities.city-things-to-do,de,de,,spanien sehenswürdigkeiten,2700,0,,,35,2000
activities.city-things-to-do,de,de,,italien sehenswürdigkeiten,2700,0,,,35,2000
activities.city-things-to-do,de,de,,sehenswürdigkeiten koblenz,2700,0,,,35,2000
activities.city-things-to-do,de,de,,sehenswürdigkeiten hannover,2700,1,,,35,2000
activities.city-things-to-do,de,de,,lindau sehenswürdigkeiten,2700,0,,,35,2000
activities.city-things-to-do,de,de,,dänemark sehenswürdigkeiten,2600,1,,,35,2000
activities.city-things-to-do,de,de,,mainz sehenswürdigkeiten,2600,0,,,35,2000
activities.city-things-to-do,de,de,,ljubljana sehenswürdigkeiten,2600,0,,,35,2000
activities.city-things-to-do,de,de,,bozen sehenswürdigkeiten,2600,0,,,35,2000
activities.city-things-to-do,de,de,,triest sehenswürdigkeiten,2600,0,,,35,2000
activities.city-things-to-do,de,de,,belgien sehenswürdigkeiten,2600,1,,,35,2000
activities.city-things-to-do,de,de,,sehenswürdigkeiten mailand,2600,2,,,35,2000
activities.city-things-to-do,de,de,,heilbronn sehenswürdigkeiten,2500,0,,,35,2000
activities.city-things-to-do,de,de,,abu dhabi sehenswürdigkeiten,2500,0,,,35,2000
activities.city-things-to-do,de,de,,bukarest sehenswürdigkeiten,2500,0,,,35,2000
activities.city-things-to-do,de,de,,portugal sehenswürdigkeiten,2500,0,,,35,2000
activities.city-things-to-do,de,de,,sehenswürdigkeiten stockholm,2500,0,,,35,2000
activities.city-things-to-do,de,de,,sehenswürdigkeiten rotterdam,2500,0,,,35,2000
activities.city-things-to-do,de,de,,bilbao sehenswürdigkeiten,2400,0,,,35,2000
activities.city-things-to-do,de,de,,marseille sehenswürdigkeiten,2400,1,,,35,2000
activities.city-things-to-do,de,de,,palermo sehenswürdigkeiten,2400,1,,,35,2000
activities.city-things-to-do,de,de,,meran sehenswürdigkeiten,2400,0,,,35,2000
activities.city-things-to-do,de,de,,marrakesch sehenswürdigkeiten,2400,0,,,35,2000
activities.city-things-to-do,de,de,,bodensee sehenswürdigkeiten,2400,2,,,35,2000
activities.city-things-to-do,de,de,,normandie sehenswürdigkeiten,2400,0,,,35,2000
activities.city-things-to-do,de,de,,alicante sehenswürdigkeiten,2400,1,,,35,2000
activities.city-things-to-do,de,de,,sehenswürdigkeiten brüssel,2400,2,,,35,2000
activities.city-things-to-do,de,de,,groningen sehenswürdigkeiten,2400,0,,,35,2000
activities.city-things-to-do,de,de,,kuala lumpur sehenswürdigkeiten,2400,0,,,35,2000
activities.city-things-to-do,de,de,,sehenswürdigkeiten fuerteventura,2300,0,,,35,2000
activities.city-things-to-do,de,de,,bautzen sehenswürdigkeiten,2300,0,,,35,2000
activities.city-things-to-do,de,de,,gardasee sehenswürdigkeiten,2300,1,,,35,2000
activities.city-things-to-do,de,de,,sehenswürdigkeiten italien,2300,0,,,35,2000
activities.city-things-to-do,de,de,,sehenswürdigkeiten würzburg,2300,0,,,35,2000
activities.city-things-to-do,de,de,,san francisco sehenswürdigkeiten,2300,0,,,35,2000
activities.city-things-to-do,de,de,,marburg sehenswürdigkeiten,2200,1,,,35,2000
activities.city-things-to-do,de,de,,griechenland sehenswürdigkeiten,2200,0,,,35,2000
activities.city-things-to-do,de,de,,sri lanka sehenswürdigkeiten,2200,0,,,35,2000
activities.city-things-to-do,de,de,,gent sehenswürdigkeiten,2200,0,,,35,2000
activities.city-things-to-do,de,de,,swinemünde sehenswürdigkeiten,2200,1,,,35,2000
activities.city-things-to-do,de,de,,andalusien sehenswürdigkeiten,2200,0,,,35,2000
activities.city-things-to-do,de,de,,vietnam sehenswürdigkeiten,2200,0,,,35,2000
activities.city-things-to-do,de,de,,landshut sehenswürdigkeiten,2200,0,,,35,2000
activities.city-things-to-do,de,de,,turin sehenswürdigkeiten,2200,0,,,35,2000
activities.city-things-to-do,de,de,,sehenswürdigkeiten budapest,2200,1,,,35,2000
activities.city-things-to-do,de,de,,wuppertal sehenswürdigkeiten,2100,1,,,35,2000
activities.city-things-to-do,de,de,,mexiko sehenswürdigkeiten,2100,0,,,35,2000
activities.city-things-to-do,de,de,,sehenswürdigkeiten dänemark,2100,1,,,35,2000
activities.city-things-to-do,de,de,,sehenswürdigkeiten luxemburg,2100,1,,,35,2000
activities.city-things-to-do,de,de,,büsum sehenswürdigkeiten,2100,1,,,35,2000
activities.city-things-to-do,de,de,,venlo sehenswürdigkeiten,2100,0,,,35,2000
activities.city-things-to-do,de,de,,braunschweig sehenswürdigkeiten,2100,0,,,35,2000
activities.city-things-to-do,de,de,,allgäu sehenswürdigkeiten,2100,0,,,35,2000
activities.city-things-to-do,de,de,,sehenswürdigkeiten straßburg,2100,0,,,35,2000
activities.city-things-to-do,de,de,,tallinn sehenswürdigkeiten,2000,0,,,35,2000
activities.city-things-to-do,de,de,,kristiansand sehenswürdigkeiten,2000,0,,,35,2000
activities.city-things-to-do,de,de,,sehenswürdigkeiten spanien,2000,0,,,35,2000
activities.city-things-to-do,de,de,,zagreb sehenswürdigkeiten,2000,0,,,35,2000
activities.city-things-to-do,de,de,,phuket sehenswürdigkeiten,2000,7,,,35,2000
activities.city-things-to-do,de,de,,sehenswürdigkeiten teneriffa,2000,0,,,35,2000
activities.city-things-to-do,de,de,,sehenswürdigkeiten brandenburg,2000,0,,,35,2000
activities.city-things-to-do,de,de,,le havre sehenswürdigkeiten,2000,0,,,35,2000
activities.city-things-to-do,de,de,,metz sehenswürdigkeiten,2000,0,,,35,2000
activities.city-things-to-do,de,de,,warnemünde sehenswürdigkeiten,2000,0,,,35,2000
activities.city-things-to-do,de,de,,albanien sehenswürdigkeiten,2000,0,,,35,2000
commercial.esim,en,us,,holafly esim,35000,41,1.40,,40,200
commercial.esim,en,us,,airalo esim,21000,0,0.90,,40,200
commercial.esim,en,us,,saily esim,21000,27,0.60,,40,200
commercial.esim,en,us,,free esim trial,16000,32,3.50,,40,200
commercial.esim,en,us,,esim usa,15000,8,6.00,,40,200
commercial.esim,en,us,,esim free trial,11000,32,3.50,,40,200
commercial.esim,en,us,,free esim,7600,0,3.00,,40,200
commercial.esim,en,us,,best esim for europe,5900,56,1.90,,40,200
commercial.esim,en,us,,best esim for japan,5300,7,2.00,,40,200
commercial.esim,en,us,,free trial esim,5000,32,2.00,,40,200
commercial.esim,en,us,,free esim trial unlimited data,4900,32,1.70,,40,200
commercial.esim,en,us,,travel esim,4100,3,2.50,,40,200
commercial.esim,en,us,,best esim,3800,0,3.00,,40,200
commercial.esim,en,us,,esim for international travel,3600,51,1.70,,40,200
commercial.esim,en,us,,esim vs physical sim,3500,0,0.03,,40,200
commercial.esim,en,us,,ubigi esim japan,3500,9,0.70,,40,200
commercial.esim,en,us,,esim for europe,2900,43,1.80,,40,200
commercial.esim,en,us,,saily esim review,2900,4,0.45,,40,200
commercial.esim,en,us,,boost mobile esim,2700,12,3.50,,40,200
commercial.esim,en,us,,free esim trial no credit card,2600,22,1.50,,40,200
commercial.esim,en,us,,google fi esim,2500,0,1.50,,40,200
commercial.esim,en,us,,global esim,2400,47,2.00,,40,200
commercial.esim,en,us,,best free esim trial,2400,8,2.50,,40,200
commercial.esim,en,us,,esim europe,2300,43,2.50,,40,200
commercial.esim,en,us,,how to add esim to iphone,2300,5,0.30,,40,200
commercial.esim,en,us,,best esim for international travel,2300,0,1.30,,40,200
commercial.esim,en,us,,what is a esim,2200,13,0.10,,40,200
commercial.esim,en,us,,gigsky esim,2100,3,0.09,,40,200
commercial.esim,en,us,,how to activate esim,2100,36,1.50,,40,200
commercial.esim,en,us,,esim italy,2000,0,3.00,,40,200
commercial.esim,en,us,,best esim for usa,2000,47,6.00,,40,200
commercial.esim,en,us,,esim mexico,1900,15,2.50,,40,200
commercial.esim,en,us,,esim canada,1900,0,2.50,,40,200
commercial.esim,en,us,,metro esim,1900,0,2.50,,40,200
commercial.esim,en,us,,international esim,1900,0,2.00,,40,200
commercial.esim,en,us,,roamless esim,1800,0,1.30,,40,200
commercial.esim,en,us,,esim for travel,1700,61,2.00,,40,200
commercial.esim,en,us,,usa esim,1700,0,6.00,,40,200
commercial.esim,en,us,,esim travel,1700,0,2.50,,40,200
commercial.esim,en,us,,verizon free trial esim,1700,28,1.60,,40,200
commercial.esim,en,us,,esim france,1700,0,3.00,,40,200
commercial.esim,en,us,,esim airalo,1700,2,1.10,,40,200
commercial.esim,en,us,,esim us,1700,36,7.00,,40,200
commercial.esim,en,us,,how to set up esim on iphone,1700,0,1.10,,40,200
commercial.esim,en,us,,free esim trial with new number,1600,36,2.50,,40,200
commercial.esim,en,us,,whats an esim,1600,0,0.90,,40,200
commercial.esim,en,us,,buy esim,1500,24,9.00,,40,200
commercial.esim,en,us,,best esim for china,1500,37,1.40,,40,200
commercial.esim,en,us,,is my phone esim compatible,1500,0,0.30,,40,200
commercial.esim,en,us,,metro esim qr code,1400,0,2.50,,40,200
commercial.esim,en,us,,iphone 11 esim,1400,0,6.00,,40,200
commercial.esim,en,us,,how does an esim work,1400,0,0.30,,40,200
commercial.esim,en,us,,esim turkey,1400,7,2.50,,40,200
commercial.esim,en,us,,does iphone 13 have esim,1400,0,14.00,,40,200
commercial.esim,en,us,,esim thailand,1400,0,1.40,,40,200
commercial.esim,en,us,,best esim for italy,1300,0,1.60,,40,200
commercial.esim,en,us,,nomad esim review,1300,0,0.45,,40,200
commercial.esim,en,us,,esim telcel,1300,0,1.30,,40,200
commercial.esim,en,us,,esim vietnam,1300,6,1.80,,40,200
commercial.esim,en,us,,prepaid esim usa,1300,0,7.00,,40,200
commercial.esim,en,us,,delete esim iphone,1300,0,0.02,,40,200
commercial.esim,en,us,,esim plus,1300,0,1.40,,40,200
commercial.esim,en,us,,best esim for thailand,1200,0,1.60,,40,200
commercial.esim,en,us,,best esim for spain,1200,0,2.50,,40,200
commercial.esim,en,us,,esim free,1200,0,3.00,,40,200
commercial.esim,en,us,,airalo esim review,1200,2,0.45,,40,200
commercial.esim,en,us,,esim international,1200,82,2.00,,40,200
commercial.esim,en,us,,esim asia,1200,22,1.90,,40,200
commercial.esim,en,us,,buy esim online,1100,0,9.00,,40,200
commercial.esim,en,us,,esim for usa,1100,38,6.00,,40,200
commercial.esim,en,us,,best esim for travel,1100,38,1.70,,40,200
commercial.esim,en,us,,mexico esim,1100,12,2.00,,40,200
commercial.esim,en,us,,airalo esim japan,1100,8,1.60,,40,200
commercial.esim,en,us,,cheapest esim,1100,43,7.00,,40,200
commercial.esim,en,us,,airalo japan esim,1100,13,1.10,,40,200
commercial.esim,en,us,,canada esim,1100,9,2.50,,40,200
commercial.esim,en,us,,esim trial,1100,0,4.50,,40,200
commercial.esim,en,us,,iphone 12 esim,1100,0,6.00,,40,200
commercial.esim,en,us,,korea esim,1100,4,2.00,,40,200
commercial.esim,en,us,,esim plans,1100,28,8.00,,40,200
commercial.esim,en,us,,esim usa travel,1100,32,5.00,,40,200
commercial.esim,en,us,,what phones are esim compatible,1100,21,0.04,,40,200
commercial.esim,en,us,,thailand esim,1000,28,1.80,,40,200
commercial.esim,en,us,,airlo esim,1000,8,0.15,,40,200
commercial.esim,en,us,,holafly esim review,1000,2,0.70,,40,200
commercial.esim,en,us,,italy esim,1000,13,2.50,,40,200
commercial.esim,en,us,,how to set up esim,1000,0,2.50,,40,200
commercial.esim,en,us,,esim korea,1000,0,1.90,,40,200
commercial.esim,en,us,,vietnam esim,1000,0,2.00,,40,200
commercial.esim,en,us,,cheap esim,1000,44,6.00,,40,200
commercial.esim,en,us,,esim taiwan,1000,0,1.40,,40,200
commercial.esim,en,us,,esim costa rica,1000,3,1.90,,40,200
commercial.esim,en,us,,us esim,1000,43,7.00,,40,200
commercial.esim,en,us,,us mobile esim,1000,0,6.00,,40,200
commercial.esim,en,us,,esim free trial usa,1000,27,1.90,,40,200
commercial.esim,en,us,,roamless pay-as-you-go esim,900,3,6.00,,40,200
commercial.esim,en,us,,esim india,900,0,1.80,,40,200
commercial.esim,en,us,,best esim for uk travel,900,2,2.00,,40,200
commercial.esim,en,us,,free esim unlimited data,900,11,1.50,,40,200
commercial.esim,en,us,,free esim service for iphone,900,0,2.50,,40,200
commercial.esim,en,us,,esim usa unlimited data,900,12,7.00,,40,200
commercial.esim,en,us,,best esim for australia,900,10,2.00,,40,200
commercial.esim,en,us,,airtel esim,900,0,1.70,,40,200
commercial.esim,en,us,,esim phones,900,0,1.90,,40,200
commercial.esim,en,us,,how to remove esim from iphone,900,0,0.01,,40,200
commercial.esim,en,us,,add esim to iphone,900,0,3.00,,40,200
commercial.esim,en,us,,transfer esim,900,0,1.00,,40,200
commercial.esim,en,us,,trip.com esim,900,0,1.80,,40,200
commercial.esim,en,us,,free 30-day trial esim,900,36,3.50,,40,200
commercial.esim,en,us,,airalo esim europe,800,9,0.10,,40,200
commercial.esim,en,us,,esim colombia,800,0,2.00,,40,200
commercial.esim,en,us,,esim phone plans,800,0,8.00,,40,200
commercial.esim,en,us,,esim data,800,64,4.50,,40,200
commercial.esim,en,us,,best esim for france,800,0,2.00,,40,200
commercial.esim,en,us,,esim card for international travel,800,66,1.70,,40,200
commercial.esim,en,us,,iphone 17 esim only,800,0,1.10,,40,200
commercial.esim,en,us,,best esim for mexico,800,8,1.70,,40,200
commercial.esim,en,us,,at&t prepaid esim,800,10,6.00,,40,200
commercial.esim,en,us,,esim brazil,800,0,3.00,,40,200
commercial.esim,en,us,,free esim phone service,800,0,4.00,,40,200
commercial.esim,en,us,,best esim for vietnam,800,1,1.30,,40,200
commercial.esim,en,us,,metropcs esim,800,0,2.50,,40,200
commercial.esim,en,us,,esim united states,800,39,7.00,,40,200
commercial.esim,en,us,,esim unlimited data,800,22,6.00,,40,200
commercial.esim,en,us,,best travel esim,800,36,1.70,,40,200
commercial.esim,en,us,,india esim,800,3,1.70,,40,200
commercial.esim,en,us,,esim international roaming,800,70,2.00,,40,200
commercial.esim,en,us,,esim morocco,800,0,2.50,,40,200
commercial.esim,en,us,,claro esim,800,0,1.80,,40,200
commercial.esim,en,us,,is iphone 11 esim compatible,700,2,5.00,,40,200
commercial.esim,en,us,,verizon esim prepaid,700,0,5.00,,40,200
commercial.esim,en,us,,orange esim europe,700,0,0.09,,40,200
commercial.esim,en,us,,metropcs esim activation,700,0,4.50,,40,200
commercial.esim,en,us,,esim online,700,0,8.00,,40,200
commercial.esim,en,us,,esim singapore,700,33,2.50,,40,200
commercial.esim,en,us,,metro by t mobile esim,700,9,4.00,,40,200
commercial.esim,en,us,,esim for mexico,700,6,2.00,,40,200
commercial.esim,en,us,,esim netherlands,700,2,2.50,,40,200
commercial.esim,en,us,,what happens if i delete esim,700,0,0.02,,40,200
commercial.esim,en,us,,keep esim and erase data,700,0,0.20,,40,200
commercial.esim,en,us,,esim for thailand,700,26,1.70,,40,200
commercial.esim,en,us,,best esim for asia,700,0,1.30,,40,200
commercial.esim,en,us,,metro by tmobile esim,700,0,3.00,,40,200
commercial.esim,en,us,,japan wireless esim,700,13,0.25,,40,200
commercial.esim,en,us,,lyca esim,700,0,7.00,,40,200
commercial.esim,en,us,,esim north america,700,7,6.00,,40,200
commercial.esim,en,us,,best esim japan,700,8,2.00,,40,200
commercial.esim,en,us,,esim new york,700,2,5.00,,40,200
commercial.esim,en,us,,best esim usa,700,44,6.00,,40,200
commercial.esim,en,us,,numero esim,700,4,1.10,,40,200
commercial.esim,en,us,,how to activate esim on iphone 14,700,0,1.20,,40,200
commercial.esim,en,us,,esim for ipad,700,0,4.50,,40,200
commercial.esim,en,us,,does iphone xr have esim,700,0,3.50,,40,200
commercial.esim,en,us,,iphone 11 esim compatible,700,0,6.00,,40,200
commercial.esim,en,us,,best esim for bali,700,7,1.90,,40,200
commercial.esim,en,us,,free esim trials,700,27,3.50,,40,200
commercial.esim,en,us,,esim egypt,700,15,2.50,,40,200
commercial.esim,en,us,,turkey esim,700,0,2.50,,40,200
commercial.esim,en,us,,esim for spain,700,0,2.00,,40,200
commercial.esim,en,us,,esim for uk,600,47,2.50,,40,200
commercial.esim,en,us,,best esim for turkey,600,0,1.80,,40,200
commercial.esim,en,us,,hong kong esim,600,0,1.80,,40,200
commercial.esim,en,us,,sim vs esim,600,0,0.07,,40,200
commercial.esim,en,us,,esim dominican republic,600,0,2.50,,40,200
commercial.esim,en,us,,best esim for canada,600,0,1.70,,40,200
commercial.esim,en,us,,esim not working,600,1,0.04,,40,200
commercial.esim,en,us,,verizon esim free trial,600,24,1.90,,40,200
commercial.esim,en,us,,esim israel,600,0,2.50,,40,200
commercial.esim,en,us,,boost esim,600,13,5.00,,40,200
commercial.esim,en,us,,esim for canada,600,1,2.00,,40,200
commercial.esim,en,us,,at&t esim prepaid,600,0,6.00,,40,200
commercial.esim,en,us,,best esim for morocco,600,6,1.70,,40,200
commercial.esim,en,us,,germany esim,600,17,2.00,,40,200
commercial.esim,en,us,,best esim for indonesia,600,36,1.80,,40,200
commercial.esim,en,us,,how to delete esim,600,0,0.02,,40,200
commercial.esim,en,us,,esim albania,600,0,2.50,,40,200
commercial.esim,en,us,,iphone xr esim,600,0,6.00,,40,200
commercial.esim,en,us,,sally esim,600,33,0.60,,40,200
commercial.esim,en,us,,esim for india,600,7,1.60,,40,200
commercial.esim,en,us,,esim saudi arabia,600,0,1.70,,40,200
commercial.esim,en,us,,esim with phone number,600,0,5.00,,40,200
commercial.esim,en,us,,does iphone 11 support esim,600,0,30.00,,40,200
commercial.esim,en,us,,international esim plans,600,71,1.40,,40,200
commercial.esim,en,us,,best esim for uk,600,23,2.00,,40,200
commercial.esim,en,us,,data only esim,600,18,6.00,,40,200
commercial.esim,en,us,,philippines esim,600,0,1.60,,40,200
commercial.esim,en,us,,cheap esim plans,600,39,8.00,,40,200
commercial.esim,en,us,,what is an esim?,600,0,0.00,,40,200
commercial.esim,en,us,,free esim trial android,600,32,1.30,,40,200
commercial.esim,en,us,,france esim,600,16,3.00,,40,200
commercial.esim,en,us,,esim for europe travel,600,36,2.50,,40,200
commercial.esim,en,us,,esim hong kong,600,0,1.30,,40,200
commercial.esim,en,us,,free data esim,500,12,2.50,,40,200
commercial.esim,en,us,,best esim for portugal,500,0,2.00,,40,200
commercial.esim,en,us,,how to install esim on iphone,500,5,0.10,,40,200
commercial.esim,en,us,,best uk esim,500,3,2.50,,40,200
commercial.esim,en,us,,free trial esim phone service,500,27,3.50,,40,200
commercial.esim,en,us,,esim companies,500,70,3.00,,40,200
commercial.esim,en,us,,esim free trials,500,27,3.50,,40,200
commercial.esim,en,us,,roamless esim review,500,0,0.50,,40,200
commercial.esim,en,us,,free trial phone service esim,500,27,4.00,,40,200
commercial.esim,en,us,,esim data plan,500,54,6.00,,40,200
commercial.esim,en,us,,esim boost mobile,500,3,3.00,,40,200
commercial.esim,en,us,,brazil esim,500,0,2.50,,40,200
commercial.esim,en,us,,asia esim,500,22,1.90,,40,200
commercial.esim,en,us,,best esim for greece,500,0,2.00,,40,200
commercial.esim,en,us,,ubigi japan esim,500,20,0.70,,40,200
commercial.esim,en,us,,esim for korea,500,7,1.90,,40,200
commercial.esim,en,us,,esim card europe,500,43,2.50,,40,200
commercial.esim,en,us,,morocco esim,500,7,1.70,,40,200
commercial.esim,en,us,,esim international travel,500,66,1.80,,40,200
commercial.esim,en,us,,esim for turkey,500,0,2.00,,40,200
commercial.esim,en,us,,esim french polynesia,500,0,2.00,,40,200
commercial.esim,en,us,,at&t esim online,500,0,5.00,,40,200
commercial.esim,en,us,,esim global,500,40,2.50,,40,200
commercial.esim,en,us,,travel esim usa,500,31,4.50,,40,200
commercial.esim,en,us,,esim panama,500,0,2.50,,40,200
commercial.esim,en,us,,esim south korea,500,17,2.00,,40,200
commercial.esim,en,us,,south korea esim,500,9,1.70,,40,200
commercial.esim,en,us,,esim carriers,500,16,7.00,,40,200
commercial.esim,en,us,,esim for japan travel,500,23,1.80,,40,200
commercial.esim,en,us,,esim holafly,500,41,2.50,,40,200
commercial.esim,en,us,,best esim for europe unlimited data,500,0,2.00,,40,200
commercial.esim,en,us,,best japan esim,500,0,3.00,,40,200
commercial.esim,en,us,,how to download esim on iphone,450,2,1.10,,40,200
commercial.esim,en,us,,airalo esim usa,450,9,1.20,,40,200
commercial.esim,en,us,,esim bali,450,20,2.50,,40,200
commercial.esim,en,us,,esim tunisia,450,1,2.00,,40,200
commercial.esim,en,us,,does iphone se have esim,450,0,7.00,,40,200
commercial.esim,en,us,,esim for france,450,22,2.00,,40,200
commercial.esim,en,us,,esim for philippines,450,0,1.60,,40,200
commercial.esim,en,us,,world esim,450,46,2.00,,40,200
commercial.esim,en,us,,new zealand esim,450,4,1.90,,40,200
commercial.esim,en,us,,saily esim discount code,450,22,0.90,,40,200
commercial.esim,en,us,,iphone 12 esim compatible,450,0,4.00,,40,200
commercial.esim,en,us,,iphone 13 esim compatible,450,0,4.50,,40,200
commercial.esim,en,us,,egypt esim,450,10,2.00,,40,200
commercial.esim,en,us,,esim cards,450,41,3.00,,40,200
commercial.esim,en,us,,free esim trial iphone,450,19,2.00,,40,200
commercial.esim,en,us,,unlimited data esim,450,13,5.00,,40,200
commercial.esim,en,us,,esim chile,450,6,2.50,,40,200
commercial.esim,en,us,,esim hungary,450,0,1.80,,40,200
commercial.esim,en,us,,european esim,450,46,2.50,,40,200
commercial.esim,en,us,,esim for ireland,450,0,2.50,,40,200
commercial.esim,en,us,,at&t esim free trial,450,12,4.00,,40,200
commercial.esim,en,us,,klook esim japan,450,0,1.10,,40,200
commercial.esim,en,us,,how esim works,450,0,0.25,,40,200
commercial.esim,en,us,,best esim for korea,450,1,1.70,,40,200
commercial.esim,en,us,,esim denmark,450,0,2.00,,40,200
commercial.esim,en,us,,jio esim,450,0,1.40,,40,200
commercial.esim,en,us,,esim for vietnam,450,11,1.80,,40,200
commercial.esim,en,us,,best esim for south korea,450,0,1.70,,40,200
commercial.esim,en,us,,singapore esim,450,20,2.00,,40,200
commercial.esim,en,us,,free esim trial with hotspot,450,33,2.50,,40,200
commercial.esim,en,us,,esim providers,450,0,4.00,,40,200
commercial.esim,en,us,,best esim for germany,450,22,2.00,,40,200
commercial.esim,en,us,,mobal esim,450,1,1.90,,40,200
commercial.esim,en,us,,ee esim,400,1,3.00,,40,200
commercial.esim,en,us,,esim japan unlimited data,400,53,2.00,,40,200
commercial.esim,en,us,,esim in japan,400,36,1.30,,40,200
commercial.esim,en,us,,esim estados unidos,400,40,5.00,,40,200
commercial.esim,en,us,,esim in china,400,41,1.40,,40,200
commercial.esim,en,us,,physical sim to esim,400,0,3.50,,40,200
commercial.esim,en,us,,physical sim vs esim,400,3,0.04,,40,200
commercial.esim,en,us,,esim in india,400,11,1.50,,40,200
commercial.esim,en,us,,esim phone,400,3,2.50,,40,200
commercial.esim,en,us,,israel esim,400,8,2.50,,40,200
commercial.esim,en,us,,esim europe travel,400,24,2.50,,40,200
commercial.esim,en,us,,visible transfer esim to new phone,400,0,2.00,,40,200
commercial.esim,en,us,,how to add esim,400,0,2.50,,40,200
commercial.esim,en,us,,free phone trial esim,400,27,3.00,,40,200
commercial.esim,en,us,,does iphone xr support esim,400,0,10.00,,40,200
commercial.esim,en,us,,airalo esim reviews,400,1,0.70,,40,200
commercial.esim,en,us,,how to transfer an esim to another phone,400,0,0.02,,40,200
commercial.esim,en,us,,phones with esim,400,8,1.80,,40,200
commercial.esim,en,us,,how to add esim in iphone xr,400,0,0.00,,40,200
commercial.esim,en,us,,esim metropcs,400,0,2.50,,40,200
commercial.esim,en,us,,how to get qr code for esim,400,0,0.90,,40,200
commercial.esim,en,us,,japan esim unlimited data,400,27,2.00,,40,200
commercial.esim,en,us,,esim card for europe,400,34,1.60,,40,200
commercial.esim,en,us,,best esim for japan travel,400,12,1.80,,40,200
commercial.esim,en,us,,why is my esim not working,400,1,0.10,,40,200
commercial.esim,en,us,,global esim providers,400,62,1.70,,40,200
commercial.esim,en,us,,what happens if i delete my esim,400,0,0.04,,40,200
commercial.esim,en,us,,movistar esim,400,7,2.50,,40,200
commercial.esim,en,us,,esim card japan,400,31,1.70,,40,200
commercial.esim,en,us,,esim georgia,400,0,3.00,,40,200
commercial.esim,en,us,,esim el salvador,400,1,1.80,,40,200
commercial.esim,en,us,,esim comparison,400,47,1.50,,40,200
commercial.esim,en,us,,best international esim,400,26,1.70,,40,200
commercial.esim,en,us,,cheapest esim plan,400,28,0.30,,40,200
commercial.esim,en,us,,globe esim,400,11,1.30,,40,200
commercial.esim,en,us,,esim ecuador,350,0,2.50,,40,200
commercial.esim,en,us,,keep or delete esim,350,0,0.09,,40,200
commercial.esim,en,us,,best esim for argentina,350,0,1.70,,40,200
commercial.esim,en,us,,esim for australia,350,0,2.00,,40,200
commercial.esim,en,us,,how to transfer esim to another iphone,350,0,0.03,,40,200
commercial.esim,en,us,,convert physical sim to esim,350,0,4.00,,40,200
commercial.esim,en,us,,esim card for japan,350,46,1.60,,40,200
commercial.esim,en,us,,japanese esim,350,31,2.00,,40,200
commercial.esim,en,us,,esim nigeria,350,1,1.50,,40,200
commercial.esim,en,us,,esim poland,350,0,2.50,,40,200
commercial.esim,en,us,,chinese esim,350,27,1.80,,40,200
commercial.esim,en,us,,esim hotspot,350,0,3.00,,40,200
commercial.esim,en,us,,iphone 8 esim,350,0,5.00,,40,200
commercial.esim,en,us,,how to convert sim to esim,350,0,0.30,,40,200
commercial.esim,en,us,,esim guyana,350,0,2.50,,40,200
commercial.esim,en,us,,free hotspot trial esim,350,33,1.60,,40,200
commercial.esim,en,us,,is iphone 13 esim compatible,350,0,3.00,,40,200
commercial.esim,en,us,,kt esim,350,1,1.40,,40,200
commercial.esim,en,us,,esim samsung,350,5,3.00,,40,200
commercial.esim,en,us,,holafly europe esim,350,0,2.50,,40,200
commercial.esim,en,us,,how to activate esim on android,350,0,0.10,,40,200
commercial.esim,en,us,,usa esim prepaid,350,23,6.00,,40,200
commercial.esim,en,us,,dominican republic esim,350,4,2.50,,40,200
commercial.esim,en,us,,what is esim on iphone,350,0,0.05,,40,200
commercial.esim,en,us,,is iphone 12 esim compatible,350,0,1.50,,40,200
commercial.esim,en,us,,what does delete esim mean,350,0,0.01,,40,200
commercial.esim,en,us,,can i use an esim on a locked phone,350,0,0.30,,40,200
commercial.esim,en,us,,esim usa 7 days,350,36,5.00,,40,200
commercial.esim,en,us,,how to activate esim in iphone,350,0,0.25,,40,200
commercial.esim,en,us,,iphone xr esim compatible,350,0,4.50,,40,200
commercial.esim,en,us,,what does deleting esim do,350,0,0.05,,40,200
commercial.esim,en,us,,esim japan travel,350,24,1.80,,40,200
commercial.esim,en,us,,esim for asia,350,10,2.00,,40,200
commercial.esim,en,us,,esim belgium,350,1,1.90,,40,200
commercial.esim,en,us,,esim plan,350,23,9.00,,40,200
commercial.esim,en,us,,set up esim iphone,350,0,1.90,,40,200
commercial.esim,en,us,,iphone x esim,350,0,3.50,,40,200
commercial.esim,en,us,,best esim for brazil,350,0,2.00,,40,200
commercial.esim,en,us,,best esim for europe travel,350,0,1.70,,40,200
commercial.esim,en,us,,iphone xs esim,350,0,5.00,,40,200
commercial.esim,en,us,,esim vodafone,350,1,3.00,,40,200
commercial.esim,en,us,,esim for brazil,350,0,2.50,,40,200
commercial.esim,en,us,,esim latvia,350,0,2.50,,40,200
commercial.esim,en,us,,esim romania,350,0,2.00,,40,200
commercial.esim,en,us,,colombia esim,350,2,2.50,,40,200
commercial.esim,en,us,,samsung esim,350,0,3.00,,40,200
commercial.esim,en,us,,does iphone 8 have esim,350,0,1.30,,40,200
commercial.esim,en,us,,best esim for iceland,350,0,2.00,,40,200
commercial.esim,en,us,,guatemala esim,350,0,2.00,,40,200
commercial.esim,en,us,,esim alo,350,31,2.00,,40,200
commercial.esim,en,us,,how long does it take to activate esim,350,0,5.00,,40,200
commercial.esim,en,us,,esim for portugal,350,6,2.50,,40,200
commercial.esim,en,us,,esim card usa,350,34,6.00,,40,200
commercial.esim,en,us,,sk telecom esim,350,0,1.70,,40,200
commercial.esim,en,us,,airalo esim china,350,29,0.15,,40,200
commercial.esim,en,us,,saily esim europe,350,18,0.40,,40,200
commercial.esim,en,us,,esim montenegro,300,1,0.60,,40,200
commercial.esim,en,us,,esim algeria,300,0,1.30,,40,200
commercial.esim,en,us,,best global esim,300,24,1.80,,40,200
commercial.esim,en,us,,esim south america,300,0,2.00,,40,200
commercial.esim,en,us,,esim trial free,300,0,6.00,,40,200
commercial.esim,en,us,,esim apps,300,49,1.90,,40,200
commercial.esim,en,us,,trip esim,300,0,2.50,,40,200
commercial.esim,en,us,,best esim in japan,300,12,1.70,,40,200
commercial.esim,en,us,,boost mobile esim plans,300,31,3.50,,40,200
commercial.esim,en,us,,esim america,300,0,7.00,,40,200
commercial.esim,en,us,,esim jordan,300,0,2.50,,40,200
commercial.esim,en,us,,lebara esim,300,2,2.50,,40,200
commercial.esim,en,us,,ubigi esim review,300,0,0.70,,40,200
commercial.esim,en,us,,best esim for switzerland,300,3,1.70,,40,200
commercial.esim,en,us,,ais esim,300,0,1.00,,40,200
commercial.esim,en,us,,metro by t mobile esim qr code,300,0,3.00,,40,200
commercial.esim,en,us,,tigo esim,300,1,1.80,,40,200
commercial.esim,en,us,,esim cuba,300,0,1.10,,40,200
commercial.esim,en,us,,best esim plans,300,45,2.00,,40,200
commercial.esim,en,us,,esim vs pocket wifi japan,300,0,0.15,,40,200
commercial.esim,en,us,,best esim for asia travel,300,4,1.20,,40,200
commercial.esim,en,us,,esim not supported iphone,300,0,0.04,,40,200
commercial.esim,en,us,,esim senegal,300,1,1.80,,40,200
commercial.esim,en,us,,delete esim and erase data,300,0,0.15,,40,200
commercial.esim,en,us,,does iphone x have esim,300,0,1.90,,40,200
commercial.esim,en,us,,airalo global esim,300,10,0.60,,40,200
commercial.esim,en,us,,esim for israel,300,7,2.50,,40,200
commercial.esim,en,us,,esim hawaii,300,0,6.00,,40,200
commercial.esim,en,us,,metro esim activation,300,1,3.00,,40,200
commercial.esim,en,us,,esim sweden,300,1,2.50,,40,200
commercial.esim,en,us,,nomad esim reviews,300,0,0.50,,40,200
commercial.esim,en,us,,can iphone 11 use esim,300,3,6.00,,40,200
commercial.esim,en,us,,best esim europe,300,35,2.00,,40,200
commercial.esim,en,us,,how to download esim,300,31,2.00,,40,200
commercial.esim,en,us,,georgia esim,300,1,1.90,,40,200
commercial.esim,en,us,,esim serbia,300,1,3.00,,40,200
commercial.esim,en,us,,korean esim,300,6,2.00,,40,200
commercial.esim,en,us,,esim usa tourist,300,34,4.00,,40,200
commercial.esim,en,us,,qatar esim,300,7,1.90,,40,200
commercial.esim,en,us,,esim internacional,300,0,3.00,,40,200
commercial.esim,en,us,,jetpac esim review,300,0,0.20,,40,200
commercial.esim,en,us,,best esim for colombia,300,0,1.80,,40,200
commercial.esim,en,us,,uae esim,300,4,2.50,,40,200
commercial.esim,en,us,,esim movistar,300,17,1.80,,40,200
commercial.esim,en,us,,nomad esim china,300,23,1.00,,40,200
commercial.esim,en,us,,travel esim europe,300,0,1.80,,40,200
commercial.esim,en,us,,free trail esim,300,18,2.00,,40,200
commercial.esim,en,us,,what happens if you delete esim,300,0,0.03,,40,200
commercial.esim,en,us,,esim russia,300,0,1.00,,40,200
commercial.esim,en,us,,ecuador esim,300,0,2.00,,40,200
commercial.esim,en,us,,esim metro,300,5,3.50,,40,200
commercial.esim,en,us,,best esim providers,300,30,2.50,,40,200
commercial.esim,en,us,,esim setup,300,34,2.50,,40,200
commercial.esim,en,us,,esim number,300,0,7.00,,40,200
commercial.esim,en,us,,esim iraq,250,0,2.00,,40,200
commercial.esim,en,us,,esim tokyo,250,39,2.50,,40,200
commercial.esim,en,us,,esim brasil,250,10,2.50,,40,200
commercial.esim,en,us,,iphone se esim compatible,250,0,4.00,,40,200
commercial.esim,en,us,,airalo esim canada,250,0,1.30,,40,200
commercial.esim,en,us,,esim estonia,250,0,2.50,,40,200
commercial.esim,en,us,,argentina esim,250,0,2.00,,40,200
commercial.esim,en,us,,esim ipad,250,0,5.00,,40,200
commercial.esim,en,us,,esim vs international plan,250,0,0.35,,40,200
commercial.esim,en,us,,iphone 12 mini esim,250,0,2.00,,40,200
commercial.esim,en,us,,esim stuck on activating,250,0,0.20,,40,200
commercial.esim,en,us,,att esim card,250,14,4.00,,40,200
commercial.esim,en,us,,transfer esim iphone,250,1,0.04,,40,200
commercial.esim,en,us,,esim belize,250,0,2.50,,40,200
commercial.esim,en,us,,japan esim card,250,43,1.90,,40,200
commercial.esim,en,us,,best prepaid esim usa,250,37,7.00,,40,200
commercial.esim,en,us,,japan esim with phone number,250,2,1.60,,40,200
commercial.esim,en,us,,can you use an esim on a locked phone,250,0,0.08,,40,200
commercial.esim,en,us,,how do esim cards work,250,0,0.35,,40,200
commercial.esim,en,us,,maldives esim,250,0,1.70,,40,200
commercial.esim,en,us,,esim malta,250,4,2.00,,40,200
commercial.esim,en,us,,data only esim usa,250,37,1.90,,40,200
commercial.esim,en,us,,how long does esim take to activate,250,0,6.00,,40,200
commercial.esim,en,us,,unable to activate esim,250,0,0.04,,40,200
commercial.esim,en,us,,esim for colombia,250,0,1.90,,40,200
commercial.esim,en,us,,us cellular esim,250,4,5.00,,40,200
commercial.esim,en,us,,best esim for israel,250,0,1.70,,40,200
commercial.esim,en,us,,airalo china esim,250,26,1.20,,40,200
commercial.esim,en,us,,cheap esim usa,250,19,7.00,,40,200
commercial.esim,en,us,,jordan esim,250,0,1.60,,40,200
commercial.esim,en,us,,esim ghana,250,0,1.70,,40,200
commercial.esim,en,us,,how to use airalo esim,250,7,0.02,,40,200
commercial.esim,en,us,,how do i know if my phone is esim compatible,250,0,0.10,,40,200
commercial.esim,en,us,,best esim apps,250,35,1.60,,40,200
commercial.esim,en,us,,esim lithuania,250,0,3.00,,40,200
commercial.esim,en,us,,esim cost,250,57,1.30,,40,200
commercial.esim,en,us,,austria esim,250,2,2.50,,40,200
commercial.esim,en,us,,esim europa,250,57,0.80,,40,200
commercial.esim,en,us,,esim sri lanka,250,0,3.00,,40,200
commercial.esim,en,us,,esim bulgaria,250,0,2.50,,40,200
commercial.esim,en,us,,esim compatibility check,250,3,3.50,,40,200
commercial.esim,en,us,,esim uzbekistan,250,0,2.50,,40,200
commercial.esim,en,us,,bahamas esim,250,16,2.50,,40,200
commercial.esim,en,us,,airalo europe esim,250,3,1.50,,40,200
commercial.esim,en,us,,at&t free trial esim code,250,23,4.00,,40,200
commercial.esim,en,us,,esim for dominican republic,250,0,1.80,,40,200
commercial.esim,en,us,,esim phone number,250,7,6.00,,40,200
commercial.esim,en,us,,usa esim with phone number,250,0,6.00,,40,200
commercial.esim,en,us,,esim in usa,250,36,7.00,,40,200
commercial.esim,en,us,,www.metrobyt/mobile.com/esim,250,5,1.80,,40,200
commercial.esim,en,us,,data esim,250,54,7.00,,40,200
commercial.esim,en,us,,iphone 13 pro max esim,250,1,4.50,,40,200
commercial.esim,en,us,,us mobile free trial esim,250,17,1.60,,40,200
commercial.esim,en,us,,japan travel esim,250,27,1.80,,40,200
commercial.esim,en,us,,best europe esim,250,0,1.90,,40,200
commercial.esim,en,us,,is esim better than physical sim,250,0,0.08,,40,200
commercial.esim,en,us,,unlimited data esim usa,250,22,6.00,,40,200
commercial.esim,en,us,,free esim qr code,250,0,2.00,,40,200
commercial.esim,en,us,,best esim for egypt,250,13,1.70,,40,200
commercial.esim,en,us,,pocket wifi vs esim japan,250,0,0.15,,40,200
commercial.esim,en,us,,how to activate esim on iphone 13,250,0,0.35,,40,200
commercial.esim,en,us,,visible esim qr code,250,0,3.50,,40,200
commercial.esim,en,us,,is iphone xr esim compatible,250,0,5.00,,40,200
commercial.esim,en,us,,cambodia esim,250,0,1.70,,40,200
commercial.esim,en,us,,unable to transfer phone number esim,250,0,1.60,,40,200
commercial.esim,en,us,,canadian esim,250,0,3.00,,40,200
commercial.esim,en,us,,truconnect esim,250,0,0.00,,40,200
commercial.esim,en,us,,esim for egypt,250,6,2.00,,40,200
commercial.esim,en,us,,saudi arabia esim,250,1,2.00,,40,200
commercial.esim,en,us,,esim slovakia,250,0,3.00,,40,200
commercial.esim,en,us,,esim iphone 11,250,14,4.00,,40,200
commercial.esim,en,us,,esim for south korea,250,6,1.70,,40,200
commercial.esim,en,us,,best esim spain,250,15,1.70,,40,200
commercial.esim,en,us,,airtel esim india,250,0,1.20,,40,200
commercial.esim,en,us,,buy esim online usa,250,28,9.00,,40,200
commercial.esim,en,us,,china esim with phone number,250,0,1.00,,40,200
commercial.esim,en,us,,what does keep esim and erase data mean,250,0,0.45,,40,200
commercial.esim,en,us,,united states esim,250,0,6.00,,40,200
commercial.esim,en,us,,bahrain esim,250,1,3.00,,40,200
commercial.esim,en,us,,sweden esim,250,0,2.50,,40,200
commercial.esim,en,us,,qr code for esim,250,31,1.70,,40,200
commercial.esim,en,us,,esim definition,250,0,0.05,,40,200
commercial.esim,en,us,,esim prepaid usa,250,15,9.00,,40,200
commercial.esim,en,us,,esim for guatemala,250,1,1.90,,40,200
commercial.esim,en,us,,turkcell esim,250,0,1.10,,40,200
commercial.esim,en,us,,how to remove esim,250,0,0.02,,40,200
commercial.esim,en,us,,esim for morocco,250,5,1.70,,40,200
commercial.esim,en,us,,chile esim,250,2,1.90,,40,200
commercial.esim,en,us,,att free trial esim,250,24,1.60,,40,200
commercial.esim,en,us,,esim finland,250,1,2.50,,40,200
commercial.esim,en,us,,esim armenia,250,0,1.80,,40,200
commercial.esim,en,us,,skt esim,250,7,1.10,,40,200
commercial.esim,en,us,,esim for usa travel,250,0,4.00,,40,200
commercial.esim,en,us,,how to setup esim on iphone,250,1,0.35,,40,200
commercial.esim,en,us,,samsung esim phone list,250,6,0.45,,40,200
commercial.esim,en,us,,japan esim tourist,250,0,2.00,,40,200
commercial.esim,en,us,,esim plans usa,250,36,9.00,,40,200
commercial.esim,en,us,,esim paris,250,0,3.00,,40,200
poi.place-x-attractions,en,us,,best museums in new york,36000,4,0.05,museums nyc,30,100
poi.place-x-attractions,en,us,,museums in dc,12000,22,0.04,washington dc museums,30,100
poi.place-x-attractions,en,us,,museums in nyc,8600,0,0.04,new york musems,30,100
poi.place-x-attractions,en,us,,best museums in tokyo,6400,3,0.05,best museums in tokyo,30,100
poi.place-x-attractions,en,us,,best museums in nyc,5500,2,0.04,museums nyc,30,100
poi.place-x-attractions,en,us,,best tourist attractions in new york,5200,57,0.09,tourist dj,30,100
poi.place-x-attractions,en,us,,museums in washington dc,4800,22,0.06,museums in dc,30,100
poi.place-x-attractions,en,us,,top tourist attractions in italy,4500,6,0.03,best places to visit in italy,30,100
poi.place-x-attractions,en,us,,best museums in berlin,4500,3,0.06,museums in berlin,30,100
poi.place-x-attractions,en,us,,museums in las vegas,4000,72,0.35,arte museum vegas,30,100
poi.place-x-attractions,en,us,,best museums in dc,3700,9,0.02,best museums in dc,30,100
poi.place-x-attractions,en,us,,museums in boston,3600,44,0.35,west end museum,30,100
poi.place-x-attractions,en,us,,top museums in london,3400,0,0.05,best free museums in london,30,100
poi.place-x-attractions,en,us,,museums in dallas,3300,65,0.35,dallas museum of art,30,100
poi.place-x-attractions,en,us,,free museums in nyc,3300,11,0.03,free nyc museums,30,100
poi.place-x-attractions,en,us,,museums in la,3300,52,0.1,la museums,30,100
poi.place-x-attractions,en,us,,museums in new york,3100,76,0.06,museums in nyc,30,100
poi.place-x-attractions,en,us,,things to see in rome,3000,12,0.09,things to do in rome,30,100
poi.place-x-attractions,en,us,,free museums in dc,2800,1,0.03,free museums washington,30,100
poi.place-x-attractions,en,us,,things to see in chicago,2500,3,0.05,things to do in chicago,30,100
poi.place-x-attractions,en,us,,museums in los angeles,2400,0,0.1,musuems in los angeles,30,100
poi.place-x-attractions,en,us,,museums in austin,2400,65,0.07,blanton museum,30,100
poi.place-x-attractions,en,us,,things to see in london,2300,6,0.07,top things to do in london,30,100
poi.place-x-attractions,en,us,,things to see in nashville,2300,7,0.04,things to do in nashville,30,100
poi.place-x-attractions,en,us,,things to see in paris,2300,12,0.04,top tourist attractions in paris,30,100
poi.place-x-attractions,en,us,,best museums in boston,2200,8,0.05,best museum in boston,30,100
poi.place-x-attractions,en,us,,best museums in chicago,2000,15,0.05,best museums in chicago,30,100
poi.place-x-attractions,en,us,,free museums in houston,1900,2,0.08,free museums in houston,30,100
poi.place-x-attractions,en,us,,landmarks in italy,1800,0,0.05,italy landmarks,30,100
poi.place-x-attractions,en,us,,museums in new york city,1800,85,0.04,museums in nyc,30,100
poi.place-x-attractions,en,us,,things to see in bodrum,1800,0,0.3,things to see in bodrum,30,100
poi.place-x-attractions,en,us,,landmarks in france,1700,0,0.03,french landmarks,30,100
poi.place-x-attractions,en,us,,things to see in nyc,1700,0,0.07,creative things to do in nyc,30,100
poi.place-x-attractions,en,us,,famous landmarks in japan,1600,0,0.03,landmarks in japan,30,100
poi.place-x-attractions,en,us,,things to see in washington dc,1600,4,0.03,things to do in washington dc,30,100
poi.place-x-attractions,en,us,,museums in manhattan,1600,78,0.06,museums in nyc,30,100
poi.place-x-attractions,en,us,,things to see in seattle,1600,20,0.04,best things to do in seattle,30,100
poi.place-x-attractions,en,us,,museums in amsterdam,1600,43,0.06,museum amsterdam,30,100
poi.place-x-attractions,en,us,,museums in phoenix,1500,0,0.25,phoenix art museum,30,100
poi.place-x-attractions,en,us,,best museums in la,1500,0,0.2,best museums in la,30,100
poi.place-x-attractions,en,us,,museums in rome,1500,0,0.1,best museums in rome,30,100
poi.place-x-attractions,en,us,,museums in seattle,1500,71,0.45,museums in seattle,30,100
poi.place-x-attractions,en,us,,museums in michigan,1500,15,0.15,best museums in michigan,30,100
poi.place-x-attractions,en,us,,attractions in new york,1500,31,0.15,things to do in nyc,30,100
poi.place-x-attractions,en,us,,museums in new orleans,1500,79,0.2,new orleans museums,30,100
poi.place-x-attractions,en,us,,tourist attractions in italy,1500,0,0.03,top tourist attractions in italy,30,100
poi.place-x-attractions,en,us,,tourist attractions in argentina,1400,0,0.1,argentina main cities,30,100
poi.place-x-attractions,en,us,,attractions in chicago,1400,20,0.05,things to do in chicago,30,100
poi.place-x-attractions,en,us,,tourist attractions in spain,1400,5,0.15,tourist attractions in spain,30,100
poi.place-x-attractions,en,us,,things to see in philadelphia,1400,14,0.03,philly,30,100
poi.place-x-attractions,en,us,,things to see in dallas,1400,13,0.04,what to do in dallas,30,100
poi.place-x-attractions,en,us,,things to see in las vegas,1400,23,0.07,las vegas things to do,30,100
poi.place-x-attractions,en,us,,best museums in washington dc,1400,2,0.03,best museums in dc,30,100
poi.place-x-attractions,en,us,,museums in madrid,1400,4,0.15,best museums in madrid,30,100
poi.place-x-attractions,en,us,,things to see in barcelona,1400,8,0.1,what to do in barcelona,30,100
poi.place-x-attractions,en,us,,famous landmarks in italy,1400,1,0.07,italy landmarks,30,100
poi.place-x-attractions,en,us,,things to see in san francisco,1300,6,0.03,places to visit in san francisco,30,100
poi.place-x-attractions,en,us,,tourist attractions in mexico,1300,6,0.02,places to visit in mexico,30,100
poi.place-x-attractions,en,us,,things to see in arizona,1300,8,0.03,what to do in arizona,30,100
poi.place-x-attractions,en,us,,fun museums in nyc,1300,3,1.0,museums nyc,30,100
poi.place-x-attractions,en,us,,things to see in charleston sc,1200,8,0.1,top things to do in charleston sc,30,100
poi.place-x-attractions,en,us,,things to see in colorado,1200,24,0.03,things to do in colorado,30,100
poi.place-x-attractions,en,us,,landmarks in brazil,1200,0,0.02,brazil landmarks,30,100
poi.place-x-attractions,en,us,,museums in mexico city,1200,1,0.08,best museums in mexico city,30,100
poi.place-x-attractions,en,us,,museums in columbus ohio,1200,0,0.35,columbus museums,30,100
poi.place-x-attractions,en,us,,things to see in new orleans,1200,7,0.04,what to do in new orleans,30,100
poi.place-x-attractions,en,us,,things to see in japan,1200,12,0.05,things to do in japan,30,100
poi.place-x-attractions,en,us,,things to see in madrid,1200,0,0.09,top things to do madrid,30,100
poi.place-x-attractions,en,us,,museums in portland,1100,0,0.04,portland art museum,30,100
poi.place-x-attractions,en,us,,landmarks in paris,1100,9,0.02,paris landmarks,30,100
poi.place-x-attractions,en,us,,things to see in south dakota,1100,3,0.2,things to do in south dakota,30,100
poi.place-x-attractions,en,us,,famous landmarks in spain,1100,1,0.4,spain landmark,30,100
poi.place-x-attractions,en,us,,tourist attractions in japan,1100,11,0.04,japan tourist attractions,30,100
poi.place-x-attractions,en,us,,museums in barcelona,1100,2,0.15,barcelona museums,30,100
poi.place-x-attractions,en,us,,things to see in salt lake city,1100,27,0.04,things to do in salt lake city,30,100
poi.place-x-attractions,en,us,,attractions in las vegas,1100,62,0.15,things to do in las vegas,30,100
poi.place-x-attractions,en,us,,top attractions in las vegas,1100,46,0.1,what to see in las vegas,30,100
poi.place-x-attractions,en,us,,things to see in charlotte nc,1000,28,0.05,things to do in charlotte nc,30,100
poi.place-x-attractions,en,us,,things to see in greece,1000,6,0.08,places to visit in greece,30,100
poi.place-x-attractions,en,us,,landmarks in california,1000,11,0.1,famous landmarks in california,30,100
poi.place-x-attractions,en,us,,tourist attractions in colombia,1000,1,0.08,famous landmarks in colombia,30,100
poi.place-x-attractions,en,us,,things to see in utah,1000,1,0.25,things to do in utah,30,100
poi.place-x-attractions,en,us,,museums in charlotte nc,1000,71,0.2,museums in charlotte nc,30,100
poi.place-x-attractions,en,us,,top attractions in new york,1000,20,0.06,things to do in nyc,30,100
poi.place-x-attractions,en,us,,things to see in atlanta,1000,28,0.15,things to do in atlanta,30,100
poi.place-x-attractions,en,us,,landmarks in china,1000,1,0.03,china landmarks,30,100
poi.place-x-attractions,en,us,,famous landmarks in brazil,900,0,0.05,landmarks in brazil,30,100
poi.place-x-attractions,en,us,,tourist attractions in peru,900,1,0.5,things to do in peru,30,100
poi.place-x-attractions,en,us,,things to see in athens,900,6,0.06,things to do in athens greece,30,100
poi.place-x-attractions,en,us,,things to see in la,900,12,0.04,things to do in los angeles,30,100
poi.place-x-attractions,en,us,,attractions in dubai,900,23,0.1,dubai things to do,30,100
poi.place-x-attractions,en,us,,attractions in miami,900,29,0.2,miami attractions,30,100
poi.place-x-attractions,en,us,,things to see in savannah ga,900,1,0.05,savannah attractions,30,100
poi.place-x-attractions,en,us,,museums in tokyo,900,0,0.05,tokyo museums,30,100
poi.place-x-attractions,en,us,,best museums in the world,900,17,0.04,top museums in the world,30,100
poi.place-x-attractions,en,us,,attractions in california,900,9,0.08,things to do in california,30,100
poi.place-x-attractions,en,us,,landmarks in greece,900,0,0.03,epirus,30,100
poi.place-x-attractions,en,us,,famous landmarks in australia,900,0,0.02,australian landmarks,30,100
poi.place-x-attractions,en,us,,landmarks in colombia,900,0,0.25,colombia attractions,30,100
poi.place-x-attractions,en,us,,top museums in the world,900,5,0.03,best art museums in the world,30,100
poi.place-x-attractions,en,us,,attractions in myrtle beach,800,6,0.04,myrtle beach activities,30,100
poi.place-x-attractions,en,us,,museums in boston ma,800,82,0.15,boston museums,30,100
poi.place-x-attractions,en,us,,things to see in san antonio,800,4,0.04,things to do san antonio,30,100
poi.place-x-attractions,en,us,,things to see in orlando,800,11,0.3,things to do in orlando for adults,30,100
poi.place-x-attractions,en,us,,things to see in florence italy,800,5,0.08,things to do in florence italy,30,100
poi.place-x-attractions,en,us,,museums in el paso,800,0,0.15,el paso museum of art,30,100
poi.place-x-attractions,en,us,,attractions in nyc,800,28,0.15,things to do in nyc,30,100
poi.place-x-attractions,en,us,,attractions in atlanta,800,43,0.1,things to do in atlanta,30,100
poi.place-x-attractions,en,us,,museums in houston texas,800,47,0.15,museum of fine arts houston,30,100
poi.place-x-attractions,en,us,,tourist attractions in costa rica,800,0,0.2,places to visit in costa rica,30,100
poi.place-x-attractions,en,us,,famous landmarks in china,800,1,0.04,china landmarks,30,100
poi.place-x-attractions,en,us,,famous landmarks in europe,800,11,0.06,europe landmarks,30,100
poi.place-x-attractions,en,us,,landmarks in africa,800,0,0.07,landmarks in africa,30,100
poi.place-x-attractions,en,us,,things to see in dc,800,4,0.03,what to do in dc,30,100
poi.place-x-attractions,en,us,,museums in california,800,9,0.2,best museums in california,30,100
poi.place-x-attractions,en,us,,landmarks in rome,800,0,0.08,landmarks in rome,30,100
poi.place-x-attractions,en,us,,things to see in maine,800,0,0.06,things to do in maine,30,100
poi.place-x-attractions,en,us,,things to see in tennessee,800,0,0.03,in gatlinburg,30,100
poi.place-x-attractions,en,us,,museums in savannah,800,0,0.1,telfair,30,100
poi.place-x-attractions,en,us,,landmarks in south america,800,0,0.05,south american landmarks,30,100
poi.place-x-attractions,en,us,,famous landmarks in california,800,32,0.15,famous landmarks in california,30,100
poi.place-x-attractions,en,us,,things to see in sedona,800,2,0.03,things to do in sedona,30,100
poi.place-x-attractions,en,us,,museums in fort worth,800,81,0.25,museum of science and history,30,100
poi.place-x-attractions,en,us,,attractions in san antonio,800,5,0.09,san antonio things to do,30,100
poi.place-x-attractions,en,us,,things to see in pittsburgh,800,8,0.2,what to do in pittsburgh,30,100
poi.place-x-attractions,en,us,,famous landmarks in egypt,700,1,0.2,famous landmarks in egypt,30,100
poi.place-x-attractions,en,us,,famous landmarks in the world,700,0,0.06,landmarks,30,100
poi.place-x-attractions,en,us,,attractions in washington dc,700,4,0.03,washington dc museums,30,100
poi.place-x-attractions,en,us,,tourist attractions in germany,700,9,0.06,places to visit in germany,30,100
poi.place-x-attractions,en,us,,museums in florence,700,3,0.1,piazzale michelangelo,30,100
poi.place-x-attractions,en,us,,best museums in pittsburgh,700,9,0.3,best museums in pittsburgh,30,100
poi.place-x-attractions,en,us,,art museums in dc,700,83,0.1,national gallery of art,30,100
poi.place-x-attractions,en,us,,tourist attractions in chicago,700,43,0.04,things to do in chicago,30,100
poi.place-x-attractions,en,us,,things to see in iceland,700,0,0.25,things to do in iceland,30,100
poi.place-x-attractions,en,us,,things to see in lisbon,700,0,0.15,things to do in lisbon portugal,30,100
poi.place-x-attractions,en,us,,tourist attractions in chile,700,3,0.35,chile tourist attractions,30,100
poi.place-x-attractions,en,us,,things to see in new york city,700,13,0.07,things to do in nyc,30,100
poi.place-x-attractions,en,us,,attractions in tokyo,700,17,0.09,what to do in tokyo,30,100
poi.place-x-attractions,en,us,,tourist attractions in bolivia,700,1,0.04,famous places in bolivia,30,100
poi.place-x-attractions,en,us,,free museums in london,700,2,0.03,free museums london,30,100
poi.place-x-attractions,en,us,,things to see in portland,700,4,0.04,what to do in portland,30,100
poi.place-x-attractions,en,us,,things to see in florence,700,4,0.2,what to do in florence,30,100
poi.place-x-attractions,en,us,,best museums in rome,700,1,0.15,museums in rome italy,30,100
poi.place-x-attractions,en,us,,things to see in vegas,700,28,0.06,things to do in vegas adults,30,100
poi.place-x-attractions,en,us,,attractions in new orleans,700,0,0.2,best new orleans attractions,30,100
poi.place-x-attractions,en,us,,things to see in yellowstone,700,2,0.06,things to do in yellowstone,30,100
poi.place-x-attractions,en,us,,landmarks in the southwest region,700,4,0.08,landmarks in the southwest region,30,100
poi.place-x-attractions,en,us,,museums in france,700,0,0.06,museums in france,30,100
poi.place-x-attractions,en,us,,attractions in vegas,700,50,0.2,things to do in vegas,30,100
poi.place-x-attractions,en,us,,things to see in tokyo,700,8,0.05,things to do in tokyo,30,100
poi.place-x-attractions,en,us,,tourist attractions in guatemala,700,0,0.07,places to visit in guatemala,30,100
poi.place-x-attractions,en,us,,landmarks in russia,700,0,0.03,russia landmarks,30,100
poi.place-x-attractions,en,us,,famous landmarks in peru,700,0,0.25,famous landmarks in peru,30,100
poi.place-x-attractions,en,us,,best attractions in morocco,700,0,0.15,best attractions in morocco,30,100
poi.place-x-attractions,en,us,,attractions in japan,700,0,0.04,things to do in japan,30,100
poi.place-x-attractions,en,us,,tourist attractions in ecuador,700,0,0.2,ecuador famous landmarks,30,100
poi.place-x-attractions,en,us,,things to see in iowa,700,29,0.45,things to see in iowa,30,100
poi.place-x-attractions,en,us,,attractions in los angeles,700,14,0.05,things to do in los angeles,30,100
poi.place-x-attractions,en,us,,famous landmarks in new york,700,0,0.03,new york famous landmarks,30,100
poi.place-x-attractions,en,us,,attractions in virginia,700,14,0.25,virginia attractions,30,100
poi.place-x-attractions,en,us,,museums in memphis,700,66,0.03,pink palace memphis,30,100
poi.place-x-attractions,en,us,,attractions in spain,700,12,0.08,tourist attractions in spain,30,100
poi.place-x-attractions,en,us,,put in bay attractions,700,7,0.06,things to do in put in bay,30,100
poi.place-x-attractions,en,us,,things to see in athens greece,700,4,0.1,things to do in athens greece,30,100
poi.place-x-attractions,en,us,,attractions in branson mo,700,53,0.3,branson attractions,30,100
poi.place-x-attractions,en,us,,things to see in oregon,700,2,0.04,things to do in oregon,30,100
poi.place-x-attractions,en,us,,museums in salt lake city,700,0,0.3,museums in salt lake city,30,100
poi.place-x-attractions,en,us,,museums in utah,700,13,0.35,museum of utah,30,100
poi.place-x-attractions,en,us,,landmarks in egypt,700,0,0.15,famous landmarks in egypt,30,100
poi.place-x-attractions,en,us,,attractions in boston,700,17,0.08,things to do in boston this weekend,30,100
poi.place-x-attractions,en,us,,landmarks in new york,700,16,0.03,new york famous landmarks,30,100
poi.place-x-attractions,en,us,,museums in italy,600,6,0.45,italy museums,30,100
poi.place-x-attractions,en,us,,tourist attractions in dominican republic,600,3,0.09,dominican republic things to do,30,100
poi.place-x-attractions,en,us,,attractions in kentucky,600,0,0.08,what to do in kentucky,30,100
poi.place-x-attractions,en,us,,things to see in michigan,600,5,0.3,best places to visit in michigan,30,100
poi.place-x-attractions,en,us,,things to see in st louis,600,8,0.05,things to do st louis,30,100
poi.place-x-attractions,en,us,,things to see in key west,600,2,0.04,things to do in key west,30,100
poi.place-x-attractions,en,us,,things to see in indianapolis,600,0,0.02,things to do in indianapolis,30,100
poi.place-x-attractions,en,us,,best museums in dallas,600,67,0.2,best museums in dallas,30,100
poi.place-x-attractions,en,us,,museums in milwaukee,600,0,0.25,milwaukee public museum,30,100
poi.place-x-attractions,en,us,,things to see in portland oregon,600,4,0.04,what to do in portland,30,100
poi.place-x-attractions,en,us,,famous landmarks in africa,600,3,0.1,landmarks in africa,30,100
poi.place-x-attractions,en,us,,things to see in montreal,600,3,0.04,what to do in montreal,30,100
poi.place-x-attractions,en,us,,attractions in nashville,600,5,0.1,nashville attractions,30,100
poi.place-x-attractions,en,us,,attractions in san francisco,600,17,0.06,places to visit in san francisco,30,100
poi.place-x-attractions,en,us,,things to see in switzerland,600,4,0.1,what to do in switzerland,30,100
poi.place-x-attractions,en,us,,things to see in mexico city,600,0,0.1,things to do in mexico city,30,100
poi.place-x-attractions,en,us,,things to see in singapore,600,3,0.05,things to do in singapore,30,100
poi.place-x-attractions,en,us,,attractions in ohio,600,0,0.25,things to do in ohio,30,100
poi.place-x-attractions,en,us,,landmarks in cuba,600,0,0.06,famous landmarks in cuba,30,100
poi.place-x-attractions,en,us,,landmarks in costa rica,600,0,0.15,costa rica famous landmarks,30,100
poi.place-x-attractions,en,us,,things to see in kansas city,600,12,0.02,things to do in kansas city missouri,30,100
poi.place-x-attractions,en,us,,things to see in spain,600,0,0.04,best things to do in spain,30,100
poi.place-x-attractions,en,us,,things to see in salem ma,600,6,0.2,things to do in salem ma,30,100
poi.place-x-attractions,en,us,,famous landmarks in costa rica,600,8,0.05,costa rica famous landmarks,30,100
poi.place-x-attractions,en,us,,things to see in phoenix,600,14,0.03,top things to do in phoenix,30,100
poi.place-x-attractions,en,us,,attractions to visit in italy,600,9,0.09,best places to visit in italy,30,100
poi.place-x-attractions,en,us,,attractions in italy,600,12,0.1,best places to visit in italy,30,100
poi.place-x-attractions,en,us,,landmarks in venezuela,600,0,0.04,famous landmarks in venezuela,30,100
poi.place-x-attractions,en,us,,tourist attractions in puerto rico,600,7,0.08,things to do in puerto rico,30,100
poi.place-x-attractions,en,us,,tourist attractions in venezuela,600,1,0.05,things to do in venezuela,30,100
poi.place-x-attractions,en,us,,tourist attractions in el salvador,600,1,0.03,famous places in el salvador,30,100
poi.place-x-attractions,en,us,,things to see in munich,600,8,0.09,best things to do in munich,30,100
poi.place-x-attractions,en,us,,things to see in wisconsin,600,9,0.4,things to do in wisconsin,30,100
poi.place-x-attractions,en,us,,best museums in mexico city,600,0,0.07,mexico city museums,30,100
poi.place-x-attractions,en,us,,landmarks in guatemala,600,0,0.02,guatemala famous landmarks,30,100
poi.place-x-attractions,en,us,,museums in florence italy,600,5,0.1,museums in florence italy,30,100
poi.place-x-attractions,en,us,,things to see in egypt,600,0,0.8,things to do in egypt,30,100
poi.place-x-attractions,en,us,,attractions in mexico,600,6,0.05,activities in mexico,30,100
poi.place-x-attractions,en,us,,landmarks in switzerland,500,0,0.07,switzerland landmarks,30,100
poi.place-x-attractions,en,us,,famous landmarks in switzerland,500,51,0.04,famous landmarks in switzerland,30,100
poi.place-x-attractions,en,us,,things to see in venice,500,1,0.08,what to do in venice,30,100
poi.place-x-attractions,en,us,,things to see in berlin,500,7,0.05,things to do in berlin,30,100
poi.place-x-attractions,en,us,,things to see in colorado springs,500,7,0.03,things to do in colorado springs,30,100
poi.place-x-attractions,en,us,,tourist attractions in california,500,7,0.04,places to go in california,30,100
poi.place-x-attractions,en,us,,things to see in florida,500,11,0.03,things to do in florida,30,100
poi.place-x-attractions,en,us,,museums in wisconsin,500,32,0.45,museums in wisconsin,30,100
poi.place-x-attractions,en,us,,landmarks in dominican republic,500,0,0.1,dominican republic landmarks,30,100
poi.place-x-attractions,en,us,,things to see in nebraska,500,2,0.08,things to do in nebraska,30,100
poi.place-x-attractions,en,us,,landmarks in the northeast region,500,0,0.2,northeast landmarks,30,100
poi.place-x-attractions,en,us,,attractions in houston,500,0,0.06,things to do in houston,30,100
poi.place-x-attractions,en,us,,landmarks in hawaii,500,0,0.02,hawaii landmarks,30,100
poi.place-x-attractions,en,us,,museums open in dc,500,71,0.1,museums in dc,30,100
poi.place-x-attractions,en,us,,famous landmarks in texas,500,7,0.01,texas landmarks,30,100
poi.place-x-attractions,en,us,,things to see in kyoto,500,5,0.04,things to do in kyoto,30,100
poi.place-x-attractions,en,us,,famous landmarks in cuba,500,0,0.04,famous landmarks in cuba,30,100
poi.place-x-attractions,en,us,,famous landmarks in russia,500,0,0.03,russia landmarks,30,100
poi.place-x-attractions,en,us,,things to see in dublin,500,1,0.15,things to do in dublin ireland,30,100
poi.place-x-attractions,en,us,,attractions in panama city beach,500,0,0.25,attractions panama city beach,30,100
poi.place-x-attractions,en,us,,attractions in argentina,500,2,0.04,things to do in argentina,30,100
poi.place-x-attractions,en,us,,things to see in missouri,500,9,0.15,places to visit in missouri,30,100
poi.place-x-attractions,en,us,,landmarks in the midwest,500,0,0.1,landmarks in the midwest,30,100
poi.place-x-attractions,en,us,,tourist attractions in florida,500,23,0.05,theme parks in florida,30,100
poi.place-x-attractions,en,us,,attractions in michigan,500,10,0.1,michigan attractions,30,100
poi.place-x-attractions,en,us,,things to see in chattanooga,500,7,0.03,things to do in chattanooga,30,100
poi.place-x-attractions,en,us,,tourist attractions in greece,500,7,0.04,what to see in greece,30,100
poi.place-x-attractions,en,us,,things to see in edinburgh,500,10,0.03,things to do in edinburgh,30,100
poi.place-x-attractions,en,us,,things to see in oklahoma,500,26,0.04,things to do in oklahoma,30,100
poi.place-x-attractions,en,us,,tourist attractions in china,500,8,0.1,top things to do in china,30,100
poi.place-x-attractions,en,us,,things to see in vienna,500,1,0.1,things to do in vienna,30,100
poi.place-x-attractions,en,us,,things to see in portland maine,500,4,0.08,things to do in portland maine,30,100
poi.place-x-attractions,en,us,,attractions in philadelphia,500,9,0.05,philly,30,100
poi.place-x-attractions,en,us,,attractions in puerto rico,500,2,0.15,things to do in puerto rico,30,100
poi.place-x-attractions,en,us,,landmarks in poland,500,0,0.02,poland historical sites,30,100
poi.place-x-attractions,en,us,,tourist attractions in tokyo,500,31,0.06,what to do in tokyo,30,100
poi.place-x-attractions,en,us,,things to see in georgia,500,26,0.1,places to visit in georgia,30,100
poi.place-x-attractions,en,us,,things to see in maui,500,2,0.15,things to do in maui,30,100
poi.place-x-attractions,en,us,,things to see in france,500,7,0.04,things to do in france,30,100
poi.place-x-attractions,en,us,,attractions in nashville tn,500,10,0.04,nashville attractions,30,100
poi.place-x-attractions,en,us,,tourist attractions in uruguay,500,0,0.02,places to visit in uruguay,30,100
poi.place-x-attractions,en,us,,museums in tennessee,500,0,0.15,museums in tennessee,30,100
poi.place-x-attractions,en,us,,museums in salem ma,500,0,0.45,salem witch museum,30,100
poi.place-x-attractions,en,us,,best art museums in nyc,500,1,0.04,best art museums in nyc,30,100
poi.place-x-attractions,en,us,,landmarks in arizona,500,0,0.02,arizona famous landmarks,30,100
poi.place-x-attractions,en,us,,things to see in peru,500,1,0.25,things to do in peru,30,100
poi.place-x-attractions,en,us,,things to see in germany,500,5,0.05,germany best places to visit,30,100
poi.place-x-attractions,en,us,,best museums in san diego,500,55,0.25,best museums in san diego,30,100
poi.place-x-attractions,en,us,,attractions in denver colorado,500,9,0.06,what to see in denver,30,100
poi.place-x-attractions,en,us,,free museums in san antonio,500,0,0.2,free museums in san antonio,30,100
poi.place-x-attractions,en,us,,attractions in rome,500,23,0.15,things to do in rome,30,100
poi.place-x-attractions,en,us,,things to see in columbus ohio,500,9,0.03,things to do in columbus ohio,30,100
poi.place-x-attractions,en,us,,landmarks in south korea,500,0,0.07,landmarks in south korea,30,100
poi.place-x-attractions,en,us,,things to see in puerto rico,500,1,0.05,things to do in puerto rico,30,100
poi.place-x-attractions,en,us,,attractions in new york city,450,31,0.1,things to do in nyc,30,100
poi.place-x-attractions,en,us,,best things to see in rome,450,12,0.35,things to do in rome,30,100
poi.place-x-attractions,en,us,,attractions in utah,450,5,0.3,utah attractions,30,100
poi.place-x-attractions,en,us,,things to see in costa rica,450,9,0.07,things to do in costa rica,30,100
poi.place-x-attractions,en,us,,attractions in colorado springs,450,13,0.06,what to do in colorado springs,30,100
poi.place-x-attractions,en,us,,things to see in tampa,450,12,0.04,things to do in tampa,30,100
poi.place-x-attractions,en,us,,landmarks in tennessee,450,1,0.02,landmarks in tennessee,30,100
poi.place-x-attractions,en,us,,tourist attractions in canada,450,28,0.09,best places to visit in canada,30,100
poi.place-x-attractions,en,us,,attractions in st louis,450,8,0.1,things to do in st louis,30,100
poi.place-x-attractions,en,us,,museums in oregon,450,22,0.15,oregon museums,30,100
poi.place-x-attractions,en,us,,famous landmarks in guatemala,450,61,0.05,landmarks in guatemala,30,100
poi.place-x-attractions,en,us,,museums in lisbon,450,0,0.15,best museums in lisbon,30,100
poi.place-x-attractions,en,us,,things to see in istanbul,450,0,0.05,istanbul things to do,30,100
poi.place-x-attractions,en,us,,top things to see in rome,450,11,0.15,best things to do in rome,30,100
poi.place-x-attractions,en,us,,tourist attractions in las vegas,450,0,0.2,viator tours las vegas,30,100
poi.place-x-attractions,en,us,,museums in spain,450,0,0.06,museums in spain,30,100
poi.place-x-attractions,en,us,,things to see in oklahoma city,450,5,0.06,what to do in oklahoma city,30,100
poi.place-x-attractions,en,us,,attractions in wisconsin dells,450,0,0.4,things to do in wisconsin dells for adults,30,100
poi.place-x-attractions,en,us,,famous landmarks in rome,450,6,0.06,famous landmarks in rome,30,100
poi.place-x-attractions,en,us,,things to see in minnesota,450,14,0.03,things to do in minnesota,30,100
poi.place-x-attractions,en,us,,museums in austin texas,450,64,0.07,blanton museum,30,100
poi.place-x-attractions,en,us,,tourist attractions in paraguay,450,1,0.02,paraguay places to visit,30,100
poi.place-x-attractions,en,us,,attractions in atlanta georgia,450,36,0.1,things to do in atlanta,30,100
poi.place-x-attractions,en,us,,top 10 things to see in rome,450,10,0.25,things to do in rome,30,100
poi.place-x-attractions,en,us,,attractions in costa rica,450,14,0.15,places to visit in costa rica,30,100
poi.place-x-attractions,en,us,,famous landmarks in portugal,450,0,0.09,landmarks in portugal,30,100
poi.place-x-attractions,en,us,,museums in fort lauderdale,450,1,0.35,old dillard museum,30,100
poi.place-x-attractions,en,us,,tourist attractions in egypt,450,1,1.2,things to do in egypt,30,100
poi.place-x-attractions,en,us,,things to see in california,450,83,0.04,what to do in california,30,100
poi.place-x-attractions,en,us,,things to see in toronto,450,5,0.04,things to see in toronto,30,100
poi.place-x-attractions,en,us,,things to see in rome italy,450,11,0.09,rome travel guide,30,100
poi.place-x-attractions,en,us,,best museums in los angeles,450,0,0.15,best museums in la,30,100
poi.place-x-attractions,en,us,,museums in santa fe,450,0,0.25,museums in santa fe new mexico,30,100
poi.place-x-attractions,en,us,,attractions in oregon,450,0,0.04,things to do in oregon,30,100
poi.place-x-attractions,en,us,,things to see in new zealand,450,0,0.15,where is new zealand located,30,100
poi.place-x-attractions,en,us,,tourist attractions in georgia,450,26,0.06,places to visit in georgia,30,100
poi.place-x-attractions,en,us,,art museums in philadelphia,450,76,0.1,barnes foundation,30,100
poi.place-x-attractions,en,us,,landmarks in bolivia,450,0,0.03,landmarks in bolivia,30,100
poi.place-x-attractions,en,us,,things to see in australia,450,1,0.25,what to do in australia,30,100
poi.place-x-attractions,en,us,,things to see in washington state,450,10,0.02,best places to visit in washington state,30,100
poi.place-x-attractions,en,us,,things to see in milwaukee,450,6,0.02,what to do in milwaukee,30,100
poi.place-x-attractions,en,us,,top museums in nyc,450,2,0.05,best museums in new york,30,100
poi.place-x-attractions,en,us,,museums in dallas tx,450,55,0.5,perot museum,30,100
poi.place-x-attractions,en,us,,landmarks in portugal,450,0,0.02,landmarks in portugal,30,100
poi.place-x-attractions,en,us,,things to see in hawaii,400,5,0.06,best things to do in hawaii,30,100
poi.place-x-attractions,en,us,,attractions in charleston sc,400,13,0.1,best things to do in charleston,30,100
poi.place-x-attractions,en,us,,museums in galveston,400,46,0.2,bryan museum,30,100
poi.place-x-attractions,en,us,,top attractions in rome,400,0,0.15,best sights in rome,30,100
poi.place-x-attractions,en,us,,things to see in honolulu,400,11,0.2,things to do in honolulu,30,100
poi.place-x-attractions,en,us,,best museums in houston,400,33,0.06,museums in houston,30,100
poi.place-x-attractions,en,us,,museums in orlando florida,400,0,0.1,orlando science center,30,100
poi.place-x-attractions,en,us,,things to see in zurich,400,1,0.08,zurich things to do,30,100
poi.place-x-attractions,en,us,,attractions in raliegh nc,400,28,1.6,things to do in raleigh nc,30,100
poi.place-x-attractions,en,us,,things to see in santa barbara,400,8,0.07,things to do in santa barbara california,30,100
poi.place-x-attractions,en,us,,cool museums in nyc,400,2,0.5,museums in nyc,30,100
poi.place-x-attractions,en,us,,museums in london england,400,67,0.05,top museums in london,30,100
poi.place-x-attractions,en,us,,best museums in new orleans,400,0,0.15,museums in new orleans,30,100
poi.place-x-attractions,en,us,,things to see in new hampshire,400,6,0.02,things to see in new hampshire,30,100
poi.place-x-attractions,en,us,,museums in charleston sc,400,62,0.1,the charleston museum,30,100
poi.place-x-attractions,en,us,,landmarks in nevada,400,1,0.01,landmarks in nevada,30,100
poi.place-x-attractions,en,us,,tourist attractions in australia,400,1,0.08,things to do in australia,30,100
poi.place-x-attractions,en,us,,museums in raleigh,400,38,0.2,museums raleigh,30,100
poi.place-x-attractions,en,us,,museums in alabama,400,45,0.25,museums in alabama,30,100
poi.place-x-attractions,en,us,,things to see in vancouver,400,18,0.03,things to do vancouver canada,30,100
poi.place-x-attractions,en,us,,famous landmarks in bolivia,400,0,0.05,landmarks in bolivia,30,100
poi.place-x-attractions,en,us,,attractions in denver,400,9,0.05,what to see in denver,30,100
poi.place-x-attractions,en,us,,things to see in minneapolis,400,39,0.03,things to do in minneapolis,30,100
poi.place-x-attractions,en,us,,attractions in new mexico,400,8,0.02,what to do in new mexico,30,100
poi.place-x-attractions,en,us,,things to see in dublin ireland,400,0,0.09,things to do ireland dublin,30,100
poi.place-x-attractions,en,us,,things to see in st augustine,400,17,0.04,things to do in st augustine,30,100
poi.place-x-attractions,en,us,,tourist attractions in rome,400,21,0.1,things to do in rome,30,100
poi.place-x-attractions,en,us,,landmarks in chicago,400,0,0.03,illinois landmarks,30,100
poi.place-x-attractions,en,us,,tourist attractions in nicaragua,400,0,0.06,places to visit in nicaragua,30,100
poi.place-x-attractions,en,us,,museums in dallas texas,400,77,0.4,perot museum,30,100
poi.place-x-attractions,en,us,,things to see in south carolina,400,10,0.4,places to visit in south carolina,30,100
poi.place-x-attractions,en,us,,attractions in missouri,400,4,0.05,things to see in missouri,30,100
poi.place-x-attractions,en,us,,attractions in peru,400,1,0.7,peru tourist attractions,30,100
poi.place-x-attractions,en,us,,tourist attractions in kentucky,400,7,0.04,things to do in kentucky,30,100
poi.place-x-attractions,en,us,,museums in dc free,400,8,0.02,museums in dc free,30,100
poi.place-x-attractions,en,us,,museums in germany,400,0,0.1,museums in germany,30,100
poi.place-x-attractions,en,us,,attractions in raleigh nc,400,12,0.1,things to do in raleigh nc,30,100
poi.place-x-attractions,en,us,,museums in asheville nc,400,49,0.09,asheville art museum,30,100
poi.place-x-attractions,en,us,,things to see in austin texas,400,30,0.04,things to do in austin,30,100
poi.place-x-attractions,en,us,,things to see in santa fe,400,1,0.03,things to do in santa fe,30,100
poi.place-x-attractions,en,us,,tourist attractions in switzerland,400,3,0.04,places to visit in switzerland,30,100
poi.place-x-attractions,en,us,,attractions in savannah ga,400,2,0.15,best things to do in savannah,30,100
poi.place-x-attractions,en,us,,famous landmarks in dominican republic,400,0,0.05,dominican republic landmarks,30,100
poi.place-x-attractions,en,us,,famous landmarks in venezuela,400,1,0.05,famous landmarks in venezuela,30,100
poi.place-x-attractions,en,us,,attractions in barcelona,400,21,0.15,things to do in barcelona,30,100
poi.place-x-attractions,en,us,,art museums in london,400,87,0.04,art museums in london,30,100
poi.place-x-attractions,en,us,,tourist attractions in michigan,400,0,0.05,best places to visit in michigan,30,100
poi.place-x-attractions,en,us,,attractions in tampa florida,400,36,0.04,tampa attractions,30,100
poi.place-x-attractions,en,us,,things to see in hong kong,350,2,0.05,what to do in hong kong,30,100
poi.place-x-attractions,en,us,,best museums in new york city,350,2,0.04,museums in nyc,30,100
poi.place-x-attractions,en,us,,attractions in germany,350,19,0.05,best places to visit in germany,30,100
poi.place-x-attractions,en,us,,fun museums in chicago,350,5,0.4,chicago museums,30,100
poi.place-x-attractions,en,us,,things to see in bangkok,350,2,0.06,things to do in bangkok,30,100
poi.place-x-attractions,en,us,,attractions in iowa,350,10,0.08,iowa attractions,30,100
poi.place-x-attractions,en,us,,landmarks in nyc,350,5,0.03,landmarks in nyc,30,100
poi.place-x-attractions,en,us,,tourist attractions in maine,350,9,0.03,things to do in maine,30,100
poi.place-x-attractions,en,us,,landmarks in vietnam,350,0,0.3,vietnam landmarks,30,100
poi.place-x-attractions,en,us,,things to see in nashville tennessee,350,6,0.04,what to do in nashville,30,100
poi.place-x-attractions,en,us,,fun museums in dc,350,0,0.3,museum of illusions dc,30,100
poi.place-x-attractions,en,us,,things to see in copenhagen,350,37,0.04,copenhagen,30,100
poi.place-x-attractions,en,us,,top attractions in hanoi,350,2,0.15,top attractions in hanoi,30,100
poi.place-x-attractions,en,us,,best museums in copenhagen,350,1,0.07,best museums in copenhagen,30,100
poi.place-x-attractions,en,us,,attractions in dc,350,13,0.03,attractions in dc,30,100
poi.place-x-attractions,en,us,,tourist attractions in boston,350,29,0.08,boston itinerary,30,100
poi.place-x-attractions,en,us,,attractions in cincinnati ohio,350,6,0.03,things to do in cincinnati,30,100
poi.place-x-attractions,en,us,,art museums in la,350,0,0.3,light museums,30,100
poi.place-x-attractions,en,us,,things to see in brooklyn,350,3,0.03,things to do in brooklyn,30,100
poi.place-x-attractions,en,us,,tourist attractions in virginia,350,12,0.5,virginia attractions,30,100
poi.place-x-attractions,en,us,,things to see in cleveland,350,10,0.02,things to do in cleveland,30,100
poi.place-x-attractions,en,us,,things to see in denver colorado,350,0,0.04,best places in denver,30,100
poi.place-x-attractions,en,us,,things to see in dallas texas,350,13,0.03,things to do in dallas,30,100
poi.place-x-attractions,en,us,,things to see in venice italy,350,7,0.1,things to do in venice italy,30,100
poi.place-x-attractions,en,us,,things to see in canada,350,18,0.15,best places to visit in canada,30,100
poi.place-x-attractions,en,us,,museums in columbus,350,71,0.6,museums in columbus ohio,30,100
poi.place-x-attractions,en,us,,tourist attractions in jamaica,350,2,0.09,things to do in jamaica,30,100
poi.place-x-attractions,en,us,,best museums for kids in dc,350,4,,national children's museum,30,100
poi.place-x-attractions,en,us,,free museums in austin,350,5,0.03,free museums in austin,30,100
poi.place-x-attractions,en,us,,best things to see in yellowstone,350,0,0.05,dirt in my shoes yellowstone,30,100
poi.place-x-attractions,en,us,,attractions in nashville tennessee,350,7,0.04,nashville attractions,30,100
poi.place-x-attractions,en,us,,top things to see in paris,350,8,0.09,things to do in paris,30,100
poi.place-x-attractions,en,us,,attractions in branson missouri,350,20,0.2,branson attractions,30,100
poi.place-x-attractions,en,us,,attractions in wisconsin,350,8,0.4,travel wisconsin,30,100
poi.place-x-attractions,en,us,,free attractions in las vegas,350,2,0.02,cheap things to do in vegas,30,100
poi.place-x-attractions,en,us,,attractions in destin florida,350,10,0.25,things to do in destin fl,30,100
poi.place-x-attractions,en,us,,tourist attractions in ireland,350,8,0.15,best places to visit in ireland,30,100
poi.place-x-attractions,en,us,,things to see in death valley,350,1,0.02,things to do in death valley,30,100
poi.place-x-attractions,en,us,,museums in toronto,350,57,0.09,royal ontario museum,30,100
poi.place-x-attractions,en,us,,top attractions in san diego,350,20,0.04,things to do in san diego,30,100
poi.place-x-attractions,en,us,,things to see in connecticut,350,7,0.02,beautiful connecticut,30,100
poi.place-x-attractions,en,us,,museums in milan,350,0,0.07,milan museums,30,100
poi.place-x-attractions,en,us,,attractions in chile,350,4,0.5,things to do in chile,30,100
poi.place-x-attractions,en,us,,tourist attractions in los angeles,350,15,0.04,things to do in los angeles,30,100
poi.place-x-attractions,en,us,,landmarks in oregon,350,7,0.15,oregon famous landmarks,30,100
poi.place-x-attractions,en,us,,attractions in houston texas,350,0,0.04,houston texas things to do this weekend,30,100
poi.place-x-attractions,en,us,,things to see in paris france,350,0,0.04,things in paris,30,100
poi.place-x-attractions,en,us,,tourist attractions in miami,350,23,0.2,miami attractions,30,100
poi.place-x-attractions,en,us,,museums in chicago free,350,26,0.02,free museums in chicago,30,100
poi.place-x-attractions,en,us,,best things to see in ireland,350,3,0.08,best places to visit in ireland,30,100
poi.place-x-attractions,en,us,,things to see in vietnam,350,38,0.05,things to do in vietnam,30,100
poi.place-x-attractions,en,us,,landmarks in thailand,350,0,0.03,famous landmarks in thailand,30,100
poi.place-x-attractions,en,us,,attractions in atlanta ga,350,10,0.15,fun things to do in atlanta,30,100
poi.place-x-attractions,en,us,,top attractions in chicago,350,14,0.03,best things to do in chicago,30,100
poi.place-x-attractions,en,us,,museums in kansas,350,41,0.2,museums in kansas,30,100
poi.place-x-attractions,en,us,,museums in myrtle beach,350,44,0.15,museums myrtle beach,30,100
poi.place-x-attractions,en,us,,attractions in pigeon forge tn,350,0,0.15,pigeon forge attractions,30,100
poi.place-x-attractions,en,us,,things to see in vancouver canada,350,6,0.08,things to do vancouver canada,30,100
poi.place-x-attractions,en,us,,museums in harlem,350,54,1.6,the studio museum in harlem,30,100
poi.place-x-attractions,en,us,,attractions in salt lake city,350,12,0.07,salt lake city attractions,30,100
poi.place-x-attractions,en,us,,tourist attractions in arizona,350,0,0.02,things to do in arizona,30,100
poi.place-x-attractions,en,us,,things to see in jordan,350,0,0.3,what to do in jordan,30,100
poi.place-x-attractions,en,us,,museums in rome italy,350,2,0.09,museums in rome italy,30,100
poi.place-x-attractions,en,us,,attractions in greece,350,7,0.02,what to do in greece,30,100
poi.place-x-attractions,en,us,,how many smithsonian museums are there in dc,350,69,0.01,smithsonian museums,30,100
poi.place-x-attractions,en,us,,landmarks in the west region,350,1,0.04,west region landmarks,30,100
poi.place-x-attractions,en,us,,attractions in mexico city,350,4,0.15,things to do mexico city,30,100
poi.place-x-attractions,en,us,,things to see in asheville nc,350,10,0.03,things to do in asheville,30,100
poi.place-x-attractions,en,us,,things to see in baltimore,350,15,0.4,baltimore things to do,30,100
poi.place-x-attractions,en,us,,things to see in naples,350,9,0.04,things to do in naples italy,30,100
poi.place-x-attractions,en,us,,tourist attractions in south korea,300,6,0.05,best places to visit in korea,30,100
poi.place-x-attractions,en,us,,tourist attractions in madagascar,300,1,0.45,things to do in madagascar,30,100
poi.place-x-attractions,en,us,,landmarks in barcelona,300,3,0.05,barcelona landmarks,30,100
poi.place-x-attractions,en,us,,museums in venice,300,3,0.15,venice museums,30,100
poi.place-x-attractions,en,us,,tourist attractions in barcelona,300,22,0.15,places to visit in barcelona,30,100
poi.place-x-attractions,en,us,,things to see in fort lauderdale,300,10,0.04,what to do in fort lauderdale,30,100
poi.place-x-attractions,en,us,,attractions in pittsburgh,300,0,0.25,things to do in pittsburgh,30,100
poi.place-x-attractions,en,us,,museums in gatlinburg,300,48,0.15,things to do in gatlinburg,30,100
poi.place-x-attractions,en,us,,things to see in new jersey,300,0,0.02,places to go in nj,30,100
poi.place-x-attractions,en,us,,attractions in connecticut,300,5,0.02,things to do in connecticut,30,100
poi.place-x-attractions,en,us,,things to see in rhode island,300,13,0.04,things to do in rhode island,30,100
poi.place-x-attractions,en,us,,best museums in michigan,300,2,0.09,best museums in michigan,30,100
poi.place-x-attractions,en,us,,cool museums in chicago,300,15,0.15,best museums in chicago,30,100
poi.place-x-attractions,en,us,,attractions in indianapolis,300,8,0.03,things to do in indianapolis,30,100
poi.place-x-attractions,en,us,,free museums in paris,300,0,0.03,free museums in paris,30,100
poi.place-x-attractions,en,us,,free museums in los angeles,300,4,0.25,free museums los angeles,30,100
poi.place-x-attractions,en,us,,museums in branson mo,300,50,0.2,branson attractions,30,100
poi.place-x-attractions,en,us,,things to see in tucson,300,7,0.03,tucson attractions,30,100
poi.place-x-attractions,en,us,,list of museums in dc,300,12,0.03,museums in dc,30,100
poi.place-x-attractions,en,us,,attractions in south dakota,300,18,0.1,what to do in south dakota,30,100
poi.place-x-attractions,en,us,,famous museums in new york,300,6,0.03,best museums in new york,30,100
poi.place-x-attractions,en,us,,things to see in oahu,300,0,0.08,things to do in oahu,30,100
poi.place-x-attractions,en,us,,attractions in phoenix,300,6,0.03,phoenix attractions,30,100
poi.place-x-attractions,en,us,,top attractions in new zealand,300,5,0.08,new zealand scenery,30,100
poi.place-x-attractions,en,us,,best attractions in chicago,300,13,0.07,things to do in chicago,30,100
poi.place-x-attractions,en,us,,things to see in illinois,300,2,0.04,places to go,30,100
poi.place-x-attractions,en,us,,things to see in cincinnati,300,6,0.03,cincinnati things to do,30,100
poi.place-x-attractions,en,us,,museums in washington,300,10,0.06,list of museums in dc,30,100
poi.place-x-attractions,en,us,,museums in lancaster pa,300,71,0.2,lancaster museums,30,100
poi.place-x-attractions,en,us,,attractions in la,300,3,0.04,places to visit in los angeles,30,100
poi.place-x-attractions,en,us,,things to see in aruba,300,1,0.2,things to do in aruba,30,100
poi.place-x-attractions,en,us,,attractions in maryland,300,6,0.3,things to do in maryland,30,100
poi.place-x-attractions,en,us,,cool museums in dc,300,0,0.03,dc best museums,30,100
poi.place-x-attractions,en,us,,landmarks in the southeast region,300,0,0.1,southeast landmarks,30,100
poi.place-x-attractions,en,us,,tourist attractions in oregon,300,2,0.03,places to visit in oregon,30,100
poi.place-x-attractions,en,us,,tourist attractions in san francisco,300,17,0.05,san francisco attractions,30,100
poi.place-x-attractions,en,us,,things to see in porto,300,0,0.1,porto portugal,30,100
poi.place-x-attractions,en,us,,top 10 tourist attractions in usa,300,0,0.06,top places to visit in the us,30,100
poi.place-x-attractions,en,us,,top attractions in dallas,300,16,0.03,things to do in dallas,30,100
poi.place-x-attractions,en,us,,museums in washington state,300,6,0.4,museums in washington state,30,100
poi.place-x-attractions,en,us,,things to see in norway,300,1,0.35,planning a trip to norway,30,100
poi.place-x-attractions,en,us,,attractions in key west,300,41,0.15,key west florida,30,100
poi.place-x-attractions,en,us,,art museums in new york city,300,98,0.15,metropolitan museum of art,30,100
poi.place-x-attractions,en,us,,car museums in michigan,300,0,0.1,michigan car museums,30,100
poi.place-x-attractions,en,us,,best children's museums in the us,300,1,,best children's museums in the us,30,100
poi.place-x-attractions,en,us,,things to see in savannah,300,1,0.04,savannah attractions,30,100
poi.place-x-attractions,en,us,,things to see in brazil,300,11,0.08,things to do in brazil,30,100
poi.place-x-attractions,en,us,,things to see in argentina,300,2,0.2,things to do in argentina,30,100
poi.place-x-attractions,en,us,,museums in branson,300,44,0.2,branson mo attractions,30,100
poi.place-x-attractions,en,us,,best museums in barcelona,300,0,0.2,barcelona museum,30,100
poi.place-x-attractions,en,us,,tourist attractions in mexico city,300,4,0.06,things to do in mexico city,30,100
poi.place-x-attractions,en,us,,landmarks in iowa,300,1,0.01,iowa landmarks,30,100
poi.place-x-attractions,en,us,,museums in lexington ky,300,70,0.25,museums lexington ky,30,100
poi.place-x-attractions,en,us,,free museums in new york,300,3,0.04,free museums in nyc,30,100
poi.place-x-attractions,en,us,,things to see in mexico,300,50,0.15,things to do in mexico,30,100
poi.place-x-attractions,en,us,,attractions in brazil,300,0,0.07,theme parks in brazil,30,100
poi.place-x-attractions,en,us,,top museums in dc,300,8,0.02,best museums in dc,30,100
poi.place-x-attractions,en,us,,things to see in barcelona spain,300,0,0.1,top things to do in barcelona,30,100
poi.place-x-attractions,en,us,,attractions in australia,300,7,0.25,australia landmarks,30,100
poi.place-x-attractions,en,us,,cool museums in la,300,17,0.06,best museums in la,30,100
poi.place-x-attractions,en,us,,famous landmarks in the philippines,300,0,0.1,famous landmarks in the philippines,30,100
poi.place-x-attractions,en,us,,things to see in ny,300,20,0.06,things to do in nyc,30,100
poi.place-x-attractions,en,us,,things to see in palm springs,300,0,0.07,things to do in palm springs,30,100
poi.place-x-attractions,en,us,,best museums in japan,300,0,0.04,best museums in japan,30,100
poi.place-x-attractions,en,us,,tourist attractions in dallas,300,20,0.05,what to do in dallas texas,30,100
poi.place-x-attractions,en,us,,attractions in kansas,300,12,0.25,places to visit in kansas,30,100
poi.place-x-attractions,en,us,,attractions in canada,300,24,0.05,best places to visit in canada,30,100
poi.place-x-attractions,en,us,,things to see in cambodia,300,5,0.02,things to do in cambodia,30,100
poi.place-x-attractions,en,us,,tourist attractions in san diego,300,26,0.1,things to do in san diego,30,100
poi.place-x-attractions,en,us,,attractions in oklahoma,300,9,0.05,oklahoma attractions,30,100
poi.place-x-attractions,en,us,,things to see in edinburgh scotland,300,10,0.04,things to do in edinburgh,30,100
poi.place-x-attractions,en,us,,things to see in lexington ky,300,0,0.04,things to do in lexington ky,30,100
poi.place-x-attractions,en,us,,attractions in south carolina,300,6,0.08,things to do in south carolina,30,100
poi.place-x-attractions,en,us,,attractions in austin,300,0,0.05,things to do in austin,30,100
poi.place-x-attractions,en,us,,things to see in buffalo ny,300,0,0.07,things to do in buffalo new york,30,100
poi.place-x-category,es,es,,playas cerca de mi,4100,0,0.08,playas bonitas cerca de mi,30,100
poi.place-x-category,es,es,,playas de cadiz,3700,0,0.2,cual es la mejor playa de cadiz,30,100
poi.place-x-category,es,es,,hotel playas de guardamar,3100,0,0.07,hotel playas de guardamar,30,100
poi.place-x-category,es,es,,playas de malaga,2600,0,0.3,las playas de malaga,30,100
poi.place-x-category,es,es,,se puede fumar en las terrazas de los bares,2500,0,,nueva ley antitabaco,30,100
poi.place-x-category,es,es,,restaurantes en segovia,2400,0,0.15,taberna lopez segovia,30,100
poi.place-x-category,es,es,,restaurantes en madrid,2300,32,0.15,restaurante,30,100
poi.place-x-category,es,es,,playas de alicante,2200,0,0.15,playas de arena alicante,30,100
poi.place-x-category,es,es,,restaurantes en toledo,2100,6,0.2,restaurantes en toledo,30,100
poi.place-x-category,es,es,,playas de barcelona,2000,0,0.03,playas de barcelona,30,100
poi.place-x-category,es,es,,restaurantes en valencia,1900,0,0.15,donde comer valencia,30,100
poi.place-x-category,es,es,,playas de mallorca,1900,0,0.04,mejores playas mallorca,30,100
poi.place-x-category,es,es,,museos de madrid,1900,1,0.04,museos,30,100
poi.place-x-category,es,es,,playas de asturias,1700,0,0.04,calas asturias,30,100
poi.place-x-category,es,es,,mejores playas de españa,1700,1,0.05,playas mas bonitas de españa,30,100
poi.place-x-category,es,es,,restaurantes en salamanca,1600,0,0.15,restaurantes salamanca,30,100
poi.place-x-category,es,es,,playas de murcia,1600,0,0.15,las mejores playas de murcia,30,100
poi.place-x-category,es,es,,restaurantes en bilbao,1500,2,0.1,restaurantes bilbao,30,100
poi.place-x-category,es,es,,playas de almeria,1400,0,0.15,playas almeria,30,100
poi.place-x-category,es,es,,restaurantes en el palmar,1400,0,0.15,restaurantes en el palmar,30,100
poi.place-x-category,es,es,,playas de vera,1400,0,0.3,playa vera,30,100
poi.place-x-category,es,es,,restaurantes en burgos,1300,24,0.15,restaurantes burgos,30,100
poi.place-x-category,es,es,,bares con musica en directo madrid hoy,1300,2,0.25,bares con musica en directo madrid hoy,30,100
poi.place-x-category,es,es,,restaurantes en murcia,1300,0,0.1,restaurantes murcia,30,100
poi.place-x-category,es,es,,restaurantes en valladolid,1300,5,0.09,restaurantes valladolid,30,100
poi.place-x-category,es,es,,restaurantes en pamplona,1200,1,0.25,restaurantes pamplona,30,100
poi.place-x-category,es,es,,restaurantes en granada,1200,29,0.15,restaurantes granada,30,100
poi.place-x-category,es,es,,mejores playas de cadiz,1200,0,0.02,las mejores playas de cadiz,30,100
poi.place-x-category,es,es,,restaurantes en santiago de compostela,1200,0,0.15,restaurantes santiago de compostela,30,100
poi.place-x-category,es,es,,playas cerca de madrid,1200,0,0.5,playa cerca de madrid,30,100
poi.place-x-category,es,es,,restaurantes en zaragoza,1200,5,0.1,restaurante zaragoza,30,100
poi.place-x-category,es,es,,restaurantes en santander,1200,0,0.1,donde comer en santander,30,100
poi.place-x-category,es,es,,restaurantes en zamora,1100,2,0.15,restaurante en zamora,30,100
poi.place-x-category,es,es,,restaurantes en leon,1100,1,0.09,donde comer en leon,30,100
poi.place-x-category,es,es,,restaurantes en haro,1100,22,0.1,restaurantes haro,30,100
poi.place-x-category,es,es,,restaurantes en gijon,1100,2,0.1,restaurantes gijon,30,100
poi.place-x-category,es,es,,playas de llanes,1100,0,0.09,playas en llanes,30,100
poi.place-x-category,es,es,,hotel playas de torrevieja,1100,0,0.1,hotel playas de torrevieja,30,100
poi.place-x-category,es,es,,restaurantes en talavera de la reina,1000,2,0.09,restaurantes talavera,30,100
poi.place-x-category,es,es,,playas de nerja,1000,0,0.03,playas de nerja,30,100
poi.place-x-category,es,es,,playas de galicia,1000,0,0.15,playas de galicia,30,100
poi.place-x-category,es,es,,restaurantes en aranjuez,1000,36,0.15,donde comer en aranjuez,30,100
poi.place-x-category,es,es,,playas de lanzarote,1000,0,0.05,mejores calas lanzarote,30,100
poi.place-x-category,es,es,,restaurantes en oviedo,1000,34,0.1,comer en oviedo,30,100
poi.place-x-category,es,es,,restaurantes en jaca,1000,35,0.5,restaurantes jaca,30,100
poi.place-x-category,es,es,,restaurantes en vigo,1000,3,0.1,restaurantes vigo,30,100
poi.place-x-category,es,es,,playas de menorca,1000,0,0.06,playas en menorca,30,100
poi.place-x-category,es,es,,mejores playas de mallorca,1000,0,0.05,mejores playas y calas de mallorca,30,100
poi.place-x-category,es,es,,restaurantes en vitoria,1000,0,0.08,restaurantes de vitoria-gasteiz,30,100
poi.place-x-category,es,es,,restaurantes en benidorm,900,1,0.15,restaurantes benidorm,30,100
poi.place-x-category,es,es,,playas de albania,900,0,0.01,albania playas,30,100
poi.place-x-category,es,es,,restaurantes en la granja de san ildefonso,900,57,0.15,restaurantes la granja de san ildefonso,30,100
poi.place-x-category,es,es,,restaurantes en sitges,900,0,0.2,restaurantes sitges,30,100
poi.place-x-category,es,es,,restaurantes en tudela,900,58,1.1,restaurantes tudela,30,100
poi.place-x-category,es,es,,restaurantes en llanes,900,0,0.15,restaurante llanes,30,100
poi.place-x-category,es,es,,mejores playas de alicante,900,0,0.03,mejores playas alicante,30,100
poi.place-x-category,es,es,,playas de cantabria,900,0,0.2,playas cantabria,30,100
poi.place-x-category,es,es,,restaurantes en logroño,900,0,0.09,restaurantes logroño,30,100
poi.place-x-category,es,es,,restaurantes en trujillo,900,66,0.08,restaurantes trujillo,30,100
poi.place-x-category,es,es,,restaurantes en alicante,900,0,0.15,restaurantes alicante,30,100
poi.place-x-category,es,es,,playas de cádiz,900,0,0.15,playas de cadiz,30,100
poi.place-x-category,es,es,,bares con musica en vivo madrid,900,1,0.01,bares con musica en directo madrid hoy,30,100
poi.place-x-category,es,es,,restaurantes en altea,900,1,0.15,restaurantes altea,30,100
poi.place-x-category,es,es,,restaurantes en denia,900,3,0.15,restaurantes denia,30,100
poi.place-x-category,es,es,,restaurantes en guadalajara,900,7,0.08,restaurantes guadalajara,30,100
poi.place-x-category,de,de,,museen in hamburg,900,0,0.08,museum hamburg,30,100
poi.place-x-category,es,es,,restaurantes con encanto en córdoba,800,2,0.1,restaurantes con encanto en córdoba,30,100
poi.place-x-category,es,es,,restaurantes en chinchon,800,0,0.15,restaurantes chinchon,30,100
poi.place-x-category,es,es,,restaurantes en ronda,800,2,0.1,restaurantes ronda,30,100
poi.place-x-category,es,es,,restaurantes en peñiscola,800,3,0.15,restaurantes peñiscola,30,100
poi.place-x-category,es,es,,restaurantes en cudillero,800,0,0.06,restaurantes cudillero,30,100
poi.place-x-category,es,es,,restaurantes en malaga,800,0,0.15,restaurantes en malaga,30,100
poi.place-x-category,es,es,,restaurantes en ponferrada,800,7,0.05,comer en ponferrada,30,100
poi.place-x-category,es,es,,mejores playas de gran canaria,800,0,0.03,playa segura gran canaria,30,100
poi.place-x-category,es,es,,mejores playas de malaga,800,0,0.04,playas de malaga,30,100
poi.place-x-category,es,es,,restaurantes en sanxenxo,800,18,0.15,restaurantes sanxenxo,30,100
poi.place-x-category,es,es,,mejores playas de portugal,800,0,0.04,las mejores playas de portugal,30,100
poi.place-x-category,es,es,,restaurantes en ribadesella,800,1,0.07,comer en ribadesella,30,100
poi.place-x-category,es,es,,restaurantes en reus,800,1,0.09,restaurantes reus,30,100
poi.place-x-category,es,es,,restaurantes en soria,800,1,0.2,donde comer en soria,30,100
poi.place-x-category,es,es,,restaurantes en ourense,800,2,0.1,restaurantes ourense,30,100
poi.place-x-category,es,es,,restaurantes en cambrils,800,26,0.1,restaurantes cambrils,30,100
poi.place-x-category,es,es,,playas de benidorm,800,0,0.15,playa benidorm,30,100
poi.place-x-category,es,es,,playas de cartagena,800,1,0.15,playas cartagena,30,100
poi.place-x-category,es,es,,cabo de gata playas,800,45,0.01,playas cabo de gata,30,100
poi.place-x-category,de,de,,bars in berlin,800,0,0.35,bester techno club berlin,30,100
poi.place-x-category,es,es,,restaurantes en marbella,700,4,0.15,restaurantes marbella,30,100
poi.place-x-category,es,es,,restaurantes en getaria,700,29,0.09,restaurantes getaria,30,100
poi.place-x-category,es,es,,restaurantes en albarracin,700,10,0.09,restaurantes en albarracin,30,100
poi.place-x-category,es,es,,restaurantes en albacete,700,0,0.1,mejores restaurantes albacete,30,100
poi.place-x-category,es,es,,playas de españa,700,2,0.07,webcam pineda de mar,30,100
poi.place-x-category,es,es,,restaurantes en guadarrama,700,1,0.15,restaurantes guadarrama,30,100
poi.place-x-category,es,es,,mejores playas de asturias,700,0,0.03,las 10 mejores playas de asturias,30,100
poi.place-x-category,es,es,,ternera en salsa como en los bares,700,0,,carne en salsa,30,100
poi.place-x-category,es,es,,restaurantes en zarautz,700,66,0.09,comer en zarautz,30,100
poi.place-x-category,es,es,,playas de barbate,700,0,0.15,barbate playa,30,100
poi.place-x-category,es,es,,restaurantes peruanos en madrid,700,2,0.1,restaurante peruano madrid,30,100
poi.place-x-category,es,es,,restaurantes en merida,700,0,0.15,donde comer en merida,30,100
poi.place-x-category,es,es,,restaurantes en teruel,700,1,0.15,restaurantes teruel,30,100
poi.place-x-category,es,es,,restaurantes en comillas,700,0,0.15,restaurantes en comillas,30,100
poi.place-x-category,es,es,,playas de venezuela,700,0,0.02,playas venezuela,30,100
poi.place-x-category,es,es,,restaurantes en benavente,700,0,0.1,restaurantes en benavente,30,100
poi.place-x-category,es,es,,restaurantes en huesca,700,0,0.2,restaurantes en huesca,30,100
poi.place-x-category,es,es,,restaurantes en astorga,700,1,0.09,restaurantes astorga,30,100
poi.place-x-category,es,es,,restaurantes en santoña,700,1,0.1,restaurantes en santoña,30,100
poi.place-x-category,es,es,,restaurantes en el escorial,700,34,0.2,restaurantes en el escorial,30,100
poi.place-x-category,es,es,,restaurantes en hondarribia,700,28,0.1,restaurant hondarribia,30,100
poi.place-x-category,es,es,,restaurantes en pontevedra,700,0,0.07,comer en pontevedra,30,100
poi.place-x-category,es,es,,playas de bilbao,700,0,0.02,playas bilbao,30,100
poi.place-x-category,es,es,,mejores playas de almeria,700,0,0.04,mejores playas de almeria,30,100
poi.place-x-category,es,es,,restaurantes en la alberca,700,1,0.08,restaurantes en la alberca,30,100
poi.place-x-category,es,es,,playas cabo de gata,700,0,0.1,playas cabo de gata,30,100
poi.place-x-category,es,es,,restaurantes en cuenca,700,0,0.1,restaurantes cuenca centro histórico,30,100
poi.place-x-category,es,es,,playas de vigo,700,0,0.03,mejores playas de vigo,30,100
poi.place-x-category,es,es,,restaurantes en vic,700,0,0.15,restaurants vic,30,100
poi.place-x-category,es,es,,camper park playas de luz,700,0,0.04,camper park playas de luz fotos,30,100
poi.place-x-category,es,es,,higaditos de pollo como en los bares,700,0,,receta de higaditos de pollo,30,100
poi.place-x-category,es,es,,playas cerca de barcelona,700,0,0.05,playas cerca de barcelona,30,100
poi.place-x-category,es,es,,restaurantes en alcala de henares,700,35,0.2,donde comer en alcala de henares,30,100
poi.place-x-category,es,es,,restaurantes en cangas de onis,700,54,0.1,restaurantes cangas de onis,30,100
poi.place-x-category,es,es,,restaurantes en cadiz,700,2,0.1,comer en cadiz,30,100
poi.place-x-category,de,de,CITY_NAME_IS_ALSO_THE_WORD_FOR_FOOD,restaurants in essen,700,0,0.07,restaurant essen,30,100
poi.place-x-category,es,es,,museos de londres,600,0,0.04,museo londres,30,100
poi.place-x-category,es,es,,restaurantes en caceres,600,3,0.1,restaurantes caceres,30,100
poi.place-x-category,es,es,,restaurantes en suances,600,44,0.15,comer en suances,30,100
poi.place-x-category,es,es,,playas de colombia,600,0,0.05,playas de colombia,30,100
poi.place-x-category,es,es,,playas de conil,600,0,0.3,playas conil,30,100
poi.place-x-category,es,es,,conservadores de museos,600,0,0.15,conservadores de museos,30,100
poi.place-x-category,es,es,,restaurantes en castelldefels,600,2,0.15,restaurantes castelldefels,30,100
poi.place-x-category,es,es,,restaurantes en palencia,600,46,0.1,restaurante palencia,30,100
poi.place-x-category,es,es,,restaurantes en tabarca,600,0,0.1,restaurantes tabarca precios,30,100
poi.place-x-category,es,es,,restaurantes en navacerrada,600,55,0.25,restaurantes navacerrada,30,100
poi.place-x-category,es,es,,restaurantes en cullera,600,25,0.1,restaurantes cullera,30,100
poi.place-x-category,es,es,,restaurantes en santa pola,600,43,0.1,restaurantes santa pola,30,100
poi.place-x-category,es,es,,playas de ibiza,600,0,0.05,mejores playas ibiza,30,100
poi.place-x-category,es,es,,museos de barcelona,600,1,0.1,museos de barcelona,30,100
poi.place-x-category,es,es,,restaurantes en ribadeo,600,59,0.09,restaurantes ribadeo,30,100
poi.place-x-category,es,es,,restaurantes en elche,600,1,0.1,restaurantes elche,30,100
poi.place-x-category,es,es,,playas de formentera,600,0,0.02,playas formentera,30,100
poi.place-x-category,es,es,,mejores playas de galicia,600,0,0.03,mejores playas galicia,30,100
poi.place-x-category,es,es,,restaurantes en navalcarnero,600,45,0.15,comer en navalcarnero,30,100
poi.place-x-category,es,es,,restaurantes en lugo,600,48,0.09,comer en lugo,30,100
poi.place-x-category,es,es,,restaurantes en combarro,600,0,0.15,restaurantes en combarro,30,100
poi.place-x-category,es,es,,playas de gandia,600,0,0.25,playa gandia,30,100
poi.place-x-category,es,es,,restaurantes en o grove,600,29,0.25,donde cenar o grove,30,100
poi.place-x-category,es,es,,restaurantes en brihuega,600,0,0.02,restaurantes en brihuega,30,100
poi.place-x-category,es,es,,restaurantes en badajoz,600,1,0.06,restaurantes en badajoz,30,100
poi.place-x-category,es,es,,restaurantes en aranda de duero,600,14,0.25,restaurantes aranda de duero,30,100
poi.place-x-category,es,es,,mejores playas de lanzarote,600,0,0.05,playas lanzarote,30,100
poi.place-x-category,es,es,,se puede vapear en los bares,600,0,,se puede vapear en los bares,30,100
poi.place-x-category,es,es,,restaurantes en noja,600,0,0.09,restaurantes noja,30,100
poi.place-x-category,es,es,,restaurantes en blanes,600,45,0.1,restaurantes blanes,30,100
poi.place-x-category,es,es,,restaurantes en pedraza,600,18,0.15,restaurantes pedraza,30,100
poi.place-x-category,es,es,,restaurantes originales en zaragoza,600,0,0.08,restaurantes originales en zaragoza,30,100
poi.place-x-category,es,es,,playas de santander,600,0,0.45,playas santander,30,100
poi.place-x-category,es,es,,restaurantes en fuengirola,600,1,0.09,donde comer en fuengirola,30,100
poi.place-x-category,es,es,,restaurantes en morella,600,31,0.2,comer en morella,30,100
poi.place-x-category,es,es,,playas de almería,600,0,0.04,playas de almeria,30,100
poi.place-x-category,es,es,,mejores playas de murcia,600,1,0.01,mejores playas de murcia,30,100
poi.place-x-category,es,es,,playas de oporto,600,0,0.05,portugal playa,30,100
poi.place-x-category,es,es,,restaurantes en laguardia,600,31,0.15,restaurantes laguardia,30,100
poi.place-x-category,es,es,,como hacer patatas bravas como en los bares,600,0,0.05,cómo se hacen las patatas bravas,30,100
poi.place-x-category,es,es,,playas de rota,600,0,0.15,playas de rota,30,100
poi.place-x-category,es,es,,restaurantes en santillana del mar,600,23,0.1,restaurantes santillana del mar,30,100
poi.place-x-category,es,es,,restaurantes en laredo,600,26,0.3,comer en laredo,30,100
poi.place-x-category,es,es,,playas de tarragona,600,0,0.04,mejores playas tarragona,30,100
poi.place-x-category,de,de,,bars in stuttgart,600,0,0.2,bars stuttgart,30,100
poi.place-x-category,es,es,,restaurantes en lorca,500,55,0.1,restaurantes en lorca,30,100
poi.place-x-category,es,es,,playas de malta,500,0,0.05,playas de malta,30,100
poi.place-x-category,es,es,,bares con música en directo madrid,500,2,0.01,bares con musica en directo madrid hoy,30,100
poi.place-x-category,es,es,,bares con música en directo madrid hoy,500,0,0.15,locales musica en directo madrid,30,100
poi.place-x-category,es,es,,restaurantes en coruña,500,35,0.08,restaurantes coruña,30,100
poi.place-x-category,es,es,,restaurantes en ubeda,500,30,0.15,comer en ubeda,30,100
poi.place-x-category,es,es,,restaurantes asturianos en madrid,500,45,0.2,restaurante asturiano madrid,30,100
poi.place-x-category,es,es,,restaurantes en oporto,500,1,0.1,restaurantes oporto,30,100
poi.place-x-category,es,es,,restaurantes en granollers,500,35,0.09,restaurantes granollers,30,100
poi.place-x-category,es,es,,las mejores playas de españa,500,0,0.06,mejores playas de españa,30,100
poi.place-x-category,es,es,,restaurantes en orio,500,35,0.09,comer en orio,30,100
poi.place-x-category,es,es,,restaurantes en huelva,500,54,0.1,donde comer en huelva,30,100
poi.place-x-category,es,es,,mejores playas de huelva,500,0,0.03,mejores playas de huelva,30,100
poi.place-x-category,es,es,,restaurantes en ezcaray,500,5,0.2,restaurantes en ezcaray,30,100
poi.place-x-category,es,es,,playas de papagayo,500,0,0.2,playa papagayo lanzarote,30,100
poi.place-x-category,es,es,,restaurantes en valdepeñas,500,0,0.1,restaurantes valdepeñas,30,100
poi.place-x-category,es,es,,playas de sanlúcar de barrameda,500,0,0.3,playas de sanlúcar de barrameda,30,100
poi.place-x-category,es,es,,restaurantes en aviles,500,0,0.1,restaurantes aviles,30,100
poi.place-x-category,es,es,,restaurantes en valderrobres,500,58,0.15,restaurantes en valderrobres,30,100
poi.place-x-category,es,es,,bares con musica en directo madrid,500,1,0.01,locales musica en directo madrid,30,100
poi.place-x-category,es,es,,restaurantes en murcia con encanto,500,71,0.1,restaurantes en murcia con encanto,30,100
poi.place-x-category,es,es,,restaurantes en cambados,500,4,0.06,restaurantes en cambados,30,100
poi.place-x-category,es,es,,restaurantes en allariz,500,1,0.15,restaurantes en allariz,30,100
poi.place-x-category,es,es,,restaurantes en lleida,500,0,0.1,restaurant lleida,30,100
poi.place-x-category,es,es,,restaurantes en vilanova i la geltru,500,0,0.15,restaurantes vilanova i la geltru,30,100
poi.place-x-category,es,es,,playas de lisboa,500,0,0.04,lisboa playa,30,100
poi.place-x-category,es,es,,playas de grecia,500,0,0.15,playas en grecia,30,100
poi.place-x-category,es,es,,restaurantes en tarifa,500,1,0.15,donde comer en tarifa,30,100
poi.place-x-category,es,es,,mejores playas de cerdeña,500,0,0.05,mejores playas de cerdeña,30,100
poi.place-x-category,es,es,,museos de malaga,500,0,0.1,museos malaga,30,100
poi.place-x-category,es,es,,restaurantes en terrassa,500,0,0.1,restaurantes terrassa,30,100
poi.place-x-category,es,es,,restaurantes en potes,500,0,0.4,restaurantes en potes,30,100
poi.place-x-category,es,es,,playas de bali,500,0,0.05,playas bali,30,100
poi.place-x-category,es,es,,restaurantes en torrevieja,500,0,0.09,restaurantes torrevieja,30,100
poi.place-x-category,es,es,,playas de mazarron,500,0,0.1,playas de mazarron,30,100
poi.place-x-category,es,es,,restaurantes en castro urdiales,500,58,0.06,restaurantes castro urdiales,30,100
poi.place-x-category,es,es,,restaurantes en san sebastian,500,1,0.15,donde comer en san sebastian,30,100
poi.place-x-category,es,es,,restaurantes en girona,500,8,0.1,restaurantes girona,30,100
poi.place-x-category,es,es,,restaurantes en león,500,0,0.15,restaurantes leon,30,100
poi.place-x-category,es,es,,playas de costa calma,500,0,0.3,playa costa calma,30,100
poi.place-x-category,es,es,,restaurantes en siguenza,500,2,0.15,comer en siguenza,30,100
poi.place-x-category,es,es,,playas de marruecos,500,0,0.01,playas de marruecos,30,100
poi.place-x-category,es,es,,restaurantes en triana,500,34,0.15,restaurantes en triana,30,100
poi.place-x-category,es,es,,restaurantes en telde,500,0,0.08,restaurantes telde,30,100
poi.place-x-category,es,es,,isla de los museos berlin,500,1,0.25,isla de los museos berlin,30,100
poi.place-x-category,es,es,,restaurantes en barbastro,500,32,0.15,restaurantes en barbastro,30,100
poi.place-x-category,es,es,,playas de tarifa,500,0,0.25,playas tarifa,30,100
poi.place-x-category,es,es,,mejores playas de andalucia,500,1,0.2,mejores playas de andalucia,30,100
poi.place-x-category,es,es,,restaurantes en estepona,500,1,0.15,restaurantes en estepona,30,100
poi.place-x-category,es,es,,playas de torremolinos,500,0,0.15,mejor playa de torremolinos,30,100
poi.place-x-category,es,es,,restaurantes en olite,500,58,0.01,comer en olite,30,100
poi.place-x-category,es,es,,restaurantes en lerma,500,7,0.2,restaurantes lerma,30,100
poi.place-x-category,es,es,,restaurantes en sevilla con encanto,500,2,0.15,restaurantes sevilla centro,30,100
poi.place-x-category,de,de,,restaurants in bielefeld,500,0,0.06,ausgefallene restaurants,30,100
poi.place-x-category,de,de,,bars in muenchen,500,0,0.25,bars muenchen,30,100
poi.place-x-category,es,es,,playas del puerto de santa maria,450,0,0.4,calas en el puerto de santa maria,30,100
poi.place-x-category,es,es,,restaurantes en segovia con menú del día,450,50,0.1,restaurantes segovia menú fin de semana,30,100
poi.place-x-category,es,es,,mejores playas de cantabria,450,0,0.04,mejores playas cantabria,30,100
poi.place-x-category,es,es,,restaurantes en roquetas de mar,450,2,0.05,restaurantes en roquetas de mar,30,100
poi.place-x-category,es,es,,restaurantes en barcelona con encanto,450,1,0.15,restaurantes barcelona con encanto,30,100
poi.place-x-category,es,es,,restaurantes en tolosa,450,0,0.07,restaurantes en tolosa,30,100
poi.place-x-category,es,es,,restaurantes en hervas,450,43,0.03,restaurantes hervas,30,100
poi.place-x-category,es,es,,restaurantes en foz,450,50,,restaurantes en foz,30,100
poi.place-x-category,es,es,,restaurantes en baiona,450,39,0.06,comer en baiona,30,100
poi.place-x-category,es,es,,restaurantes en illescas,450,17,0.1,restaurantes illescas,30,100
poi.place-x-category,es,es,,restaurantes en palma,450,54,0.2,restaurantes palma,30,100
poi.place-x-category,es,es,,restaurantes en santa cruz de tenerife,450,1,0.1,restaurantes santa cruz de tenerife,30,100
poi.place-x-category,es,es,,restaurantes en sabadell,450,0,0.09,restaurantes sabadell,30,100
poi.place-x-category,es,es,,restaurantes en peñafiel,450,52,0.15,restaurantes en peñafiel,30,100
poi.place-x-category,es,es,,restaurantes en bermeo,450,6,0.1,restaurantes en bermeo,30,100
poi.place-x-category,es,es,,restaurantes en zafra,450,1,0.25,restaurantes zafra,30,100
poi.place-x-category,es,es,,restaurantes japonés en valencia,450,0,,japones valencia,30,100
poi.place-x-category,es,es,,conil de la frontera playas,450,0,0.25,mejores playas de conil,30,100
poi.place-x-category,es,es,,playas de chipiona,450,0,0.6,playas chipiona,30,100
poi.place-x-category,es,es,,restaurantes en ferrol,450,1,0.15,restaurantes en ferrol,30,100
poi.place-x-category,es,es,,playas de málaga,450,0,0.08,playas en malaga,30,100
poi.place-x-category,es,es,,restaurantes en somo,450,0,0.15,donde comer en somo,30,100
poi.place-x-category,es,es,,restaurantes en badalona,450,0,0.1,donde comer en badalona,30,100
poi.place-x-category,es,es,,restaurantes en aguilar de campoo,450,0,0.3,comer en aguilar de campoo,30,100
poi.place-x-category,es,es,,restaurantes en luanco,450,0,0.06,comer en luanco,30,100
poi.place-x-category,es,es,,restaurantes en león con encanto,450,1,0.09,donde comer en leon,30,100
poi.place-x-category,es,es,,restaurantes en ainsa,450,1,0.3,donde comer en ainsa,30,100
poi.place-x-category,es,es,,restaurantes en carboneras,450,0,0.03,donde comer en carboneras,30,100
poi.place-x-category,es,es,,restaurantes en montblanc,450,1,0.06,restaurants montblanc,30,100
poi.place-x-category,es,es,,restaurantes en barbate,450,1,0.08,donde comer en barbate,30,100
poi.place-x-category,es,es,,restaurantes en pinedo,450,31,0.15,restaurantes en pinedo,30,100
poi.place-x-category,es,es,,restaurantes peruanos en barcelona,450,0,0.15,restaurante peruano barcelona,30,100
poi.place-x-category,es,es,,bares en sevilla,450,0,0.1,tapear en sevilla,30,100
poi.place-x-category,es,es,,mejores playas de menorca,450,0,0.02,playas menorca,30,100
poi.place-x-category,es,es,,restaurantes en gandia,450,30,0.15,restaurantes gandia,30,100
poi.place-x-category,es,es,,playas cerca de oporto,450,0,0.2,playas cerca de oporto,30,100
poi.place-x-category,es,es,,restaurantes en ibiza,450,1,0.2,restaurantes ibiza,30,100
poi.place-x-category,es,es,,playas de cadiz capital,450,0,0.15,cual es la mejor playa de cadiz,30,100
poi.place-x-category,es,es,,restaurantes en alcorcon,450,49,0.1,restaurantes alcorcon,30,100
poi.place-x-category,es,es,,restaurantes en tazones,450,62,0.09,tazones restaurantes,30,100
poi.place-x-category,es,es,,restaurantes en baeza,450,1,0.1,restaurantes en baeza,30,100
poi.place-x-category,es,es,,restaurantes marisquería en barcelona,450,10,,marisqueria barcelona,30,100
poi.place-x-category,es,es,,restaurantes en getafe,450,53,0.1,restaurantes getafe,30,100
poi.place-x-category,es,es,,restaurantes en oropesa del mar,450,0,0.3,donde comer en oropesa del mar,30,100
poi.place-x-category,es,es,,restaurantes en miranda de ebro,450,0,0.08,restaurantes miranda de ebro,30,100
poi.place-x-category,es,es,,restaurantes en almansa,450,0,0.15,restaurantes almansa,30,100
poi.place-x-category,es,es,,playas de calpe,450,0,0.35,playas de calpe,30,100
poi.place-x-category,es,es,,playas de tailandia,450,0,0.15,playas de tailandia,30,100
poi.place-x-category,es,es,,restaurantes en bueu,450,0,0.07,restaurantes bueu,30,100
poi.place-x-category,es,es,,restaurantes en salou,450,2,0.08,restaurantes salou,30,100
poi.place-x-category,es,es,,playas de cuba,450,0,0.09,mejores playas de cuba,30,100
poi.place-x-category,es,es,,playas de aguilas,450,0,0.1,playas de aguilas,30,100
poi.place-x-category,de,de,SMALL_COASTAL_TOWN,restaurants in buesum,450,4,0.05,restaurant buesum,30,100
poi.place-x-category,de,de,,restaurants in leipzig,450,11,0.1,beste restaurants leipzig,30,100
poi.place-x-category,de,de,,restaurants in koeln,450,3,0.1,restaurant koeln,30,100
poi.place-x-category,de,de,,bars in koeln,450,0,0.01,bar koeln,30,100
poi.place-x-category,es,es,,bares en cordoba,400,0,0.05,bares cordoba,30,100
poi.place-x-category,es,es,,playas de chiclana,400,0,0.25,playas de chiclana,30,100
poi.place-x-category,es,es,,playas de javea,400,0,0.03,playas de javea,30,100
poi.place-x-category,es,es,,restaurantes en mataro,400,54,0.08,restaurantes mataro,30,100
poi.place-x-category,es,es,,restaurantes en buitrago de lozoya,400,4,0.2,comer en buitrago de lozoya,30,100
poi.place-x-category,es,es,,playas mas bonitas de españa,400,1,0.09,playas mas bonitas de españa,30,100
poi.place-x-category,es,es,,restaurantes en benasque,400,19,0.4,comer en benasque,30,100
poi.place-x-category,es,es,,restaurantes en tui,400,28,0.15,restaurantes tui,30,100
poi.place-x-category,es,es,,restaurantes en paris,400,42,0.15,restaurantes en paris,30,100
poi.place-x-category,es,es,,restaurantes en calatayud,400,0,0.09,restaurantes calatayud,30,100
poi.place-x-category,es,es,,playas de salou,400,0,0.07,cala vinya salou,30,100
poi.place-x-category,es,es,,restaurantes en la manga,400,24,0.1,restaurantes la manga,30,100
poi.place-x-category,es,es,,restaurantes en andorra,400,0,0.1,donde comer en andorra,30,100
poi.place-x-category,es,es,,playas cerca de bilbao,400,0,0.02,playas para perros bizkaia,30,100
poi.place-x-category,es,es,,restaurantes en calahorra,400,30,0.15,restaurantes calahorra,30,100
poi.place-x-category,es,es,,restaurantes en zahara de los atunes,400,1,0.2,donde comer en zahara de los atunes,30,100
poi.place-x-category,es,es,,restaurantes en córdoba,400,2,0.1,restaurantes cordoba,30,100
poi.place-x-category,es,es,,restaurantes en lanzarote,400,0,0.07,los mejores restaurantes en lanzarote,30,100
poi.place-x-category,es,es,,restaurantes en tordesillas,400,24,0.6,restaurantes en tordesillas,30,100
poi.place-x-category,es,es,,restaurantes en requena,400,25,0.04,restaurantes en requena,30,100
poi.place-x-category,es,es,,playas de perros,400,31,0.05,playa perros,30,100
poi.place-x-category,es,es,,restaurantes buenos en madrid,400,0,0.15,restaurants near me,30,100
poi.place-x-category,es,es,,restaurantes en aracena,400,0,0.2,donde comer en aracena,30,100
poi.place-x-category,es,es,,restaurantes en ávila,400,6,0.15,restaurantes avila,30,100
poi.place-x-category,es,es,,restaurantes en cercedilla,400,0,0.2,restaurantes cercedilla,30,100
poi.place-x-category,es,es,,restaurantes en antequera,400,0,0.1,restaurantes en antequera,30,100
poi.place-x-category,es,es,,playas de madrid,400,0,0.03,playa de madrid,30,100
poi.place-x-category,es,es,,restaurantes en boadilla del monte,400,37,0.35,restaurantes boadilla,30,100
poi.place-x-category,es,es,,mejores playas de albania,400,0,0.15,albania playas,30,100
poi.place-x-category,es,es,,bares en triana,400,0,0.1,bares en triana,30,100
poi.place-x-category,es,es,,restaurantes en inca,400,49,0.1,restaurantes inca,30,100
poi.place-x-category,es,es,,restaurantes en estella,400,4,0.05,donde comer en estella,30,100
poi.place-x-category,es,es,,restaurantes en alquezar,400,27,0.6,donde comer en alquezar,30,100
poi.place-x-category,es,es,,restaurantes en consuegra,400,2,0.06,comer en consuegra,30,100
poi.place-x-category,es,es,,restaurantes en rota,400,0,0.1,stazione centrale costa ballena,30,100
poi.place-x-category,es,es,,restaurantes en patones de arriba,400,52,0.15,restaurantes patones de arriba,30,100
poi.place-x-category,es,es,,playas de san sebastian,400,0,0.06,san sebastián playa,30,100
poi.place-x-category,es,es,,restaurantes en biescas,400,0,0.35,comer en biescas,30,100
poi.place-x-category,es,es,,restaurantes en riaño,400,0,0.15,comer en riaño,30,100
poi.place-x-category,es,es,,las mejores playas de mallorca,400,0,0.03,mejores playas mallorca,30,100
poi.place-x-category,es,es,,restaurantes en valdemoro,400,0,0.1,restaurantes valdemoro,30,100
poi.place-x-category,es,es,,restaurantes en majadahonda,400,5,0.35,restaurantes en majadahonda,30,100
poi.place-x-category,es,es,,playas de gijon,400,0,0.5,playas de gijon,30,100
poi.place-x-category,es,es,,restaurantes en viveiro,400,0,0.15,restaurantes viveiro,30,100
poi.place-x-category,es,es,,isla de los museos,400,52,0.2,isla de los museos berlin,30,100
poi.place-x-category,es,es,,restaurantes en las rozas,400,27,0.2,restaurantes las rozas,30,100
poi.place-x-category,es,es,,restaurantes en benicasim,400,35,0.09,restaurantes benicasim,30,100
poi.place-x-category,es,es,,carne de cerdo en salsa como en los bares,400,0,,carne en salsa,30,100
poi.place-x-category,es,es,,restaurantes en formentera,400,55,0.08,restaurantes formentera,30,100
poi.place-x-category,es,es,,restaurantes en rinlo,400,0,0.07,comer en rinlo,30,100
poi.place-x-category,es,es,,restaurantes en torremolinos,400,51,0.09,donde comer en torremolinos,30,100
poi.place-x-category,es,es,,restaurantes en torrejon de ardoz,400,30,0.15,restaurantes torrejon de ardoz,30,100
poi.place-x-category,es,es,,restaurantes en oliva,400,3,0.15,restaurantes oliva,30,100
poi.place-x-category,es,es,,restaurantes en isla,400,1,0.07,restaurantes en isla,30,100
poi.place-x-category,es,es,,restaurantes en toledo con encanto,400,0,0.15,restaurantes con encanto en toledo,30,100
poi.place-x-category,es,es,,restaurantes en altea casco antiguo,400,0,0.15,restaurantes en altea casco antiguo,30,100
poi.place-x-category,es,es,,restaurantes en arcade,400,24,0.1,restaurantes en arcade,30,100
poi.place-x-category,es,es,,restaurantes en el rocio,400,0,0.3,donde comer en el rocio,30,100
poi.place-x-category,es,es,,restaurantes en castellon,400,1,0.09,restaurantes castellon,30,100
poi.place-x-category,es,es,,playas roquetas de mar,400,0,0.15,playas roquetas de mar,30,100
poi.place-x-category,es,es,,playas de altea,400,0,0.1,playas de altea,30,100
poi.place-x-category,es,es,,restaurantes en monforte de lemos,400,1,0.15,restaurantes en monforte de lemos,30,100
poi.place-x-category,es,es,,playas de las catedrales,400,20,0.02,playa de las catedrales,30,100
poi.place-x-category,es,es,,playas cerca de mi ubicación,400,0,0.1,playas bonitas cerca de mi,30,100
poi.place-x-category,es,es,,restaurantes en toro,400,43,0.2,restaurantes en toro,30,100
poi.place-x-category,es,es,,restaurantes en luarca,400,0,0.15,comer luarca,30,100
poi.place-x-category,de,de,,restaurants in muenster,400,52,0.1,restaurant muenster,30,100
poi.place-x-category,de,de,,restaurants in dresden,400,38,0.09,restaurant dresden,30,100
poi.place-x-category,de,de,,restaurants in luebeck,400,13,0.1,luebeck restaurant,30,100
poi.place-x-category,de,de,SMALL_COASTAL_TOWN,restaurants in kuehlungsborn,400,0,0.1,0,30,100
poi.place-x-category,de,de,,restaurants in muenchen,400,8,0.25,restaurant muenchen,30,100
poi.place-x-category,de,de,,cafes in koeln,400,1,0.04,cafe koeln,30,100
poi.place-x-category,de,de,,bars in berlin,400,1,0.2,bars near me,30,100
poi.place-x-category,es,es,,restaurantes en el prat de llobregat,350,23,0.07,restaurantes en el prat de llobregat,30,100
poi.place-x-category,es,es,,restaurantes en pozuelo,350,26,0.25,restaurantes pozuelo,30,100
poi.place-x-category,es,es,,playas de orihuela,350,0,0.25,playas de orihuela,30,100
poi.place-x-category,es,es,,restaurantes en hoznayo,350,0,0.02,restaurantes en hoznayo,30,100
poi.place-x-category,es,es,,restaurantes en betanzos,350,1,0.15,restaurantes betanzos,30,100
poi.place-x-category,es,es,,restaurantes en caldes de montbui,350,4,0.07,restaurantes en caldes de montbui,30,100
poi.place-x-category,es,es,,restaurantes en fuenlabrada,350,2,0.1,restaurantes fuenlabrada,30,100
poi.place-x-category,es,es,,playas de madeira,350,0,0.2,playas madeira,30,100
poi.place-x-category,es,es,,hotel playas de guardamar opiniones,350,1,0.1,hotel playas de guardamar,30,100
poi.place-x-category,es,es,,restaurantes en l'ametlla de mar,350,27,0.09,restaurantes l'ametlla de mar,30,100
poi.place-x-category,es,es,,restaurantes en manresa,350,0,0.1,restaurants manresa,30,100
poi.place-x-category,es,es,,restaurantes mexicano en madrid,350,0,,mexicano madrid,30,100
poi.place-x-category,es,es,,restaurantes en ciudad rodrigo,350,3,0.25,restaurantes ciudad rodrigo,30,100
poi.place-x-category,es,es,,restaurantes en nerja,350,1,0.08,restaurantes nerja,30,100
poi.place-x-category,es,es,,restaurantes en florencia,350,1,0.2,restaurantes florencia,30,100
poi.place-x-category,es,es,,restaurantes en pinto,350,0,0.15,restaurantes pinto,30,100
poi.place-x-category,es,es,,restaurantes argentino en madrid,350,36,,el viejo almacen de buenos aires,30,100
poi.place-x-category,es,es,,restaurantes originales en madrid,350,2,0.15,restaurantes originales madrid,30,100
poi.place-x-category,es,es,,restaurantes portugués en madrid,350,0,,restaurante el portugués,30,100
poi.place-x-category,es,es,,restaurantes en dos hermanas,350,0,0.15,restaurantes dos hermanas,30,100
poi.place-x-category,es,es,,bares en granada,350,0,0.15,tapas granada,30,100
poi.place-x-category,es,es,,restaurantes en san pedro del pinatar,350,7,0.07,restaurantes en san pedro del pinatar,30,100
poi.place-x-category,es,es,,playas de cerdeña,350,0,0.05,playas cerdeña,30,100
poi.place-x-category,es,es,,playas de brasil,350,0,0.08,mejores playas de brasil,30,100
poi.place-x-category,es,es,,restaurantes en calafell,350,17,0.1,restaurantes calafell,30,100
poi.place-x-category,es,es,,restaurantes en alzira,350,1,0.09,restaurantes alzira,30,100
poi.place-x-category,es,es,,restaurantes en el rompido,350,1,0.15,restaurantes en el rompido,30,100
poi.place-x-category,es,es,,restaurantes en madrid centro,350,1,0.15,restaurantes madrid centro,30,100
poi.place-x-category,es,es,,playas de cabo verde,350,0,0.1,playas de cabo verde,30,100
poi.place-x-category,es,es,,restaurantes en chinchón,350,2,0.15,restaurantes chinchon,30,100
poi.place-x-category,es,es,,mejores playas de italia,350,0,0.04,playas italia,30,100
poi.place-x-category,es,es,,restaurantes en donostia,350,1,0.1,restaurantes san sebastian,30,100
poi.place-x-category,es,es,,las mejores playas de cadiz,350,0,0.02,mejores playas de cadiz,30,100
poi.place-x-category,es,es,,playas de sitges,350,0,0.25,playas de sitges,30,100
poi.place-x-category,es,es,,playas de marbella,350,0,0.02,playas en marbella,30,100
poi.place-x-category,es,es,,restaurantes en garrucha,350,44,0.15,donde comer en garrucha,30,100
poi.place-x-category,es,es,,playas de denia,350,0,0.01,playas denia,30,100
poi.place-x-category,es,es,,playas de vietnam,350,0,0.06,playas de vietnam,30,100
poi.place-x-category,es,es,,restaurantes en puebla de sanabria,350,1,0.8,donde comer en puebla de sanabria,30,100
poi.place-x-category,es,es,,playas de sicilia,350,0,0.05,playas de sicilia,30,100
poi.place-x-category,es,es,,playas de liencres,350,1,0.35,playa de liencres,30,100
poi.place-x-category,es,es,,restaurantes en albarracín,350,4,0.03,restaurantes en albarracin,30,100
poi.place-x-category,es,es,,playas cerca de zaragoza,350,0,0.08,playas cercanas a zaragoza,30,100
poi.place-x-category,es,es,,restaurantes italianos en san sebastián donostia,350,1,,restaurante italiano donostia,30,100
poi.place-x-category,es,es,,playas del sur de tenerife,350,0,0.05,mejores playas tenerife sur,30,100
poi.place-x-category,es,es,,se puede fumar vaper en los bares,350,0,,vapear en bares,30,100
poi.place-x-category,es,es,,restaurantes en javea,350,38,0.1,restaurantes javea,30,100
poi.place-x-category,es,es,,bares en barcelona,350,0,0.2,bar a barcelone,30,100
poi.place-x-category,es,es,,restaurantes italianos en bilbao,350,1,0.1,restaurantes italianos en bilbao,30,100
poi.place-x-category,es,es,,playas de la palma,350,0,0.35,playas de la palma,30,100
poi.place-x-category,es,es,,restaurantes en guadalupe,350,1,0.15,restaurantes guadalupe,30,100
poi.place-x-category,es,es,,restaurantes en lastres,350,1,0.2,restaurantes en lastres,30,100
poi.place-x-category,es,es,,restaurantes en medinaceli,350,28,0.6,restaurantes en medinaceli,30,100
poi.place-x-category,es,es,,restaurantes en chipiona,350,0,0.15,restaurantes chipiona,30,100
poi.place-x-category,es,es,,restaurantes en palamos,350,1,0.08,restaurantes palamos,30,100
poi.place-x-category,es,es,,bares en san sebastián donostia,350,45,,bares en san sebastián donostia,30,100
poi.place-x-category,es,es,,restaurantes en redondela,350,20,0.03,comer en redondela,30,100
poi.place-x-category,es,es,,restaurantes en alcoy,350,2,0.15,restaurantes alcoy,30,100
poi.place-x-category,es,es,,restaurantes en zumaia,350,0,0.05,restaurantes en zumaia,30,100
poi.place-x-category,es,es,,tapas que triunfan en los bares,350,0,0.25,tapas que triunfan en los bares,30,100
poi.place-x-category,es,es,,restaurantes en salobreña,350,0,0.1,restaurantes salobreña,30,100
poi.place-x-category,es,es,,restaurantes en tenerife,350,3,0.09,donde comer en tenerife,30,100
poi.place-x-category,es,es,,restaurantes con estrella michelin en madrid,350,4,0.15,estrellas michelin,30,100
poi.place-x-category,es,es,,playas de noja,350,0,0.1,playa noja algas,30,100
poi.place-x-category,es,es,,restaurantes en cuenca capital,350,1,,mejores restaurantes cuenca,30,100
poi.place-x-category,es,es,,restaurantes en arevalo,350,24,0.08,comer en arevalo,30,100
poi.place-x-category,es,es,,playas de calblanque,350,0,0.9,calblanque,30,100
poi.place-x-category,es,es,,restaurantes en conil,350,1,0.1,restaurantes en conil,30,100
poi.place-x-category,es,es,,restaurantes de carne en madrid,350,1,0.2,carne,30,100
poi.place-x-category,es,es,,playas cerca de sevilla,350,0,0.3,playa sevilla,30,100
poi.place-x-category,es,es,,restaurantes en vejer de la frontera,350,22,0.15,restaurantes vejer,30,100
poi.place-x-category,de,de,,restaurants in bremen,350,0,0.15,restaurants bremen,30,100
poi.place-x-category,de,de,SMALL_TOWN,restaurants in wernigerode,350,0,0.07,wernigerode essen gehen,30,100
poi.place-x-category,de,de,SMALL_COASTAL_TOWN,restaurants in groemitz,350,0,0.05,groemitz essen,30,100
poi.place-x-category,de,de,FOREIGN,museen in amsterdam,350,1,0.03,museen amsterdam,30,100
poi.place-x-category,de,de,FOREIGN,museen in london,350,2,0.07,museum london,30,100
poi.place-x-category,es,es,,restaurantes en guadalest,300,45,0.15,comer en guadalest,30,100
poi.place-x-category,es,es,,restaurantes en oiartzun,300,39,0.05,restaurantes en oiartzun,30,100
poi.place-x-category,es,es,,restaurantes en a coruña,300,1,0.09,restaurantes coruña,30,100
poi.place-x-category,es,es,,restaurantes en igualada,300,1,0.07,restaurants igualada,30,100
poi.place-x-category,es,es,,playas de salobreña,300,0,0.15,playa salobreña,30,100
poi.place-x-category,es,es,,restaurantes en las canteras,300,0,0.1,restaurantes las canteras,30,100
poi.place-x-category,es,es,,restaurantes en villajoyosa,300,3,0.1,restaurantes villajoyosa,30,100
poi.place-x-category,es,es,,restaurantes en tres cantos,300,47,0.15,restaurantes tres cantos,30,100
poi.place-x-category,es,es,,restaurantes en rivas,300,0,0.2,restaurantes rivas,30,100
poi.place-x-category,es,es,,restaurantes en moraira,300,61,0.1,restaurantes moraira,30,100
poi.place-x-category,es,es,,playas de motril,300,0,0.25,playa granada motril,30,100
poi.place-x-category,es,es,,restaurantes en castrillo de los polvazares,300,55,0.25,restaurantes en castrillo de los polvazares,30,100
poi.place-x-category,es,es,,restaurantes en la barceloneta,300,0,0.2,tripadvisor restaurant barcelone,30,100
poi.place-x-category,es,es,,restaurantes con estrella michelin en barcelona,300,6,0.2,restaurante estrella michelin barcelona,30,100
poi.place-x-category,es,es,,auxiliares de museos,300,0,0.15,oposiciones auxiliar de biblioteca,30,100
poi.place-x-category,es,es,,restaurantes en santiago de compostela con encanto,300,2,0.09,donde comer en santiago de compostela,30,100
poi.place-x-category,es,es,,restaurantes en la moraleja,300,2,0.2,restaurantes la moraleja,30,100
poi.place-x-category,es,es,,restaurantes en zaragoza centro,300,1,0.15,restaurantes centro zaragoza,30,100
poi.place-x-category,es,es,,playas de estepona,300,0,0.07,playas estepona,30,100
poi.place-x-category,es,es,,restaurantes en isla cantabria,300,0,0.08,restaurantes en isla,30,100
poi.place-x-category,es,es,,restaurantes en medina de pomar,300,0,0.08,restaurantes en medina de pomar,30,100
poi.place-x-category,es,es,,restaurantes con espectaculos en madrid,300,35,0.45,restaurantes con espectaculos en madrid,30,100
poi.place-x-category,es,es,,restaurantes chulos en madrid,300,0,0.15,restaurantes chulos madrid,30,100
poi.place-x-category,es,es,,restaurantes en carmona,300,28,0.2,donde comer en carmona,30,100
poi.place-x-category,es,es,,restaurantes en la bañeza,300,80,0.07,restaurantes en la bañeza,30,100
poi.place-x-category,es,es,,restaurantes en durango,300,0,0.04,restaurantes en durango,30,100
poi.place-x-category,es,es,,restaurantes en mora de rubielos,300,7,0.15,restaurantes en mora de rubielos,30,100
poi.place-x-category,es,es,,restaurantes en aranda de duero baratos,300,0,,restaurantes en aranda de duero baratos,30,100
poi.place-x-category,es,es,,restaurantes chinos en córdoba,300,6,,gran muralla cordoba,30,100
poi.place-x-category,es,es,,restaurantes en mérida,300,0,0.06,restaurantes merida,30,100
poi.place-x-category,es,es,,playas de guardamar,300,0,0.08,hotel playas de guardamar,30,100
poi.place-x-category,es,es,,restaurantes en berga,300,19,0.15,restaurantes en berga,30,100
poi.place-x-category,es,es,,restaurantes con encanto en gijón,300,1,0.09,restaurantes gijon,30,100
poi.place-x-category,es,es,,playas bonitas cerca de barcelona,300,0,0.01,playas cerca de barcelona,30,100
poi.place-x-category,es,es,,playas de santorini,300,0,0.02,playas santorini,30,100
poi.place-x-category,es,es,,restaurantes en el palmar valencia,300,51,0.15,restaurantes el palmar,30,100
poi.place-x-category,es,es,,restaurantes en xativa,300,1,0.09,comer en xativa,30,100
poi.place-x-category,es,es,,playas de pontevedra,300,0,0.2,playas pontevedra,30,100
poi.place-x-category,es,es,,restaurantes con encanto en vigo y alrededores,300,1,0.1,comer en vigo,30,100
poi.place-x-category,es,es,,restaurantes en cáceres,300,3,0.15,restaurantes caceres,30,100
poi.place-x-category,es,es,,restaurantes en molina de segura,300,6,0.15,restaurante molina de segura,30,100
poi.place-x-category,es,es,,restaurantes en burgo de osma,300,38,0.35,donde comer en burgo de osma,30,100
poi.place-x-category,es,es,,restaurantes en begur,300,0,0.09,begur restaurants,30,100
poi.place-x-category,es,es,,playas cerca de oviedo,300,0,0.05,playas cerca de oviedo,30,100
poi.place-x-category,es,es,,restaurantes en barakaldo,300,2,0.08,restaurantes barakaldo,30,100
poi.place-x-category,es,es,,restaurantes en santiago,300,3,0.1,donde comer en santiago de compostela,30,100
poi.place-x-category,es,es,,mejores playas de formentera,300,0,0.1,mejores playas de formentera,30,100
poi.place-x-category,es,es,,restaurantes en palma con encanto,300,0,0.15,restaurantes palma,30,100
poi.place-x-category,es,es,,playas de muro,300,0,0.3,playa de muro mallorca,30,100
poi.place-x-category,es,es,,restaurantes en rupit,300,1,0.06,restaurantes rupit,30,100
poi.place-x-category,es,es,,restaurantes en alcañiz,300,0,0.07,restaurantes en alcañiz,30,100
poi.place-x-category,es,es,,restaurantes en mojacar,300,64,0.1,restaurantes mojacar,30,100
poi.place-x-category,es,es,,restaurantes en reinosa,300,0,0.04,donde comer en reinosa,30,100
poi.place-x-category,es,es,,restaurantes en ribeira,300,39,0.15,restaurantes ribeira,30,100
poi.place-x-category,es,es,,restaurantes en asturias,300,0,0.08,donde comer en asturias,30,100
poi.place-x-category,es,es,,restaurantes en mura,300,0,0.2,restaurantes en mura,30,100
poi.place-x-category,es,es,,restaurantes en andorra la vella,300,29,0.1,restaurantes en andorra la vella,30,100
poi.place-x-category,es,es,,restaurantes en isla cristina,300,0,0.2,restaurantes isla cristina,30,100
poi.place-x-category,es,es,,mirar batalla de restaurantes en línea,300,0,0.01,batalla de restaurantes,30,100
poi.place-x-category,es,es,,restaurantes en elizondo,300,6,0.07,comer en elizondo,30,100
poi.place-x-category,es,es,,playas de andalucia,300,2,0.35,playas andaluzas,30,100
poi.place-x-category,es,es,,restaurantes en zamora capital,300,2,,restaurante en zamora,30,100
poi.place-x-category,es,es,,restaurantes en candeleda,300,37,0.02,comer en candeleda,30,100
poi.place-x-category,es,es,,restaurantes en alcobendas,300,40,0.15,restaurantes alcobendas,30,100
poi.place-x-category,es,es,,restaurantes en los alcazares,300,39,0.08,restaurante los alcazares,30,100
poi.place-x-category,es,es,,restaurantes en altafulla,300,0,0.1,restaurantes altafulla,30,100
poi.place-x-category,es,es,,playas de cádiz mapa,300,0,0.06,costa de cádiz mapa,30,100
poi.place-x-category,es,es,,restaurantes chulos en alicante,300,1,0.15,restaurantes alicante,30,100
poi.place-x-category,es,es,,playas de suances,300,0,0.15,playas de suances,30,100
poi.place-x-category,es,es,,restaurantes en murcia centro,300,3,0.15,restaurantes murcia,30,100
poi.place-x-category,es,es,,restaurantes en medina del campo,300,1,0.1,comer en medina del campo,30,100
poi.place-x-category,es,es,,restaurantes en noia,300,0,0.1,donde comer en noia,30,100
poi.place-x-category,es,es,,restaurantes en lalin,300,0,0.06,comer en lalin,30,100
poi.place-x-category,es,es,,restaurantes en alcala del jucar,300,45,0.09,donde comer en alcala del jucar,30,100
poi.place-x-category,es,es,,playas de cullera,300,0,0.35,playas de cullera,30,100
poi.place-x-category,es,es,,restaurantes en punta umbria,300,0,0.04,restaurantes punta umbria,30,100
poi.place-x-category,es,es,,las mejores playas de alicante,300,0,0.03,mejores playas alicante,30,100
poi.place-x-category,es,es,,restaurantes en sepulveda,300,28,0.25,comer en sepulveda,30,100
poi.place-x-category,es,es,,restaurantes marisquería en madrid,300,30,,marisqueria,30,100
poi.place-x-category,es,es,,restaurantes en las tablas,300,57,0.15,restaurantes las tablas,30,100
poi.place-x-category,es,es,,playas de lugo,300,0,0.45,playas de lugo,30,100
poi.place-x-category,es,es,,restaurantes en torrelodones,300,38,0.2,restaurante torrelodones,30,100
poi.place-x-category,es,es,,dunas de corralejo playas,300,0,0.15,dunas de corralejo,30,100
poi.place-x-category,es,es,,restaurantes en villena,300,0,0.09,restaurantes villena,30,100
poi.place-x-category,es,es,,restaurantes en vejer,300,21,0.1,donde comer en vejer de la frontera,30,100
poi.place-x-category,es,es,,restaurantes en beceite,300,0,0.02,restaurantes en beceite,30,100
poi.place-x-category,es,es,,restaurantes en pals,300,28,0.1,restaurantes pals,30,100
poi.place-x-category,es,es,,playas de turquia,300,0,0.02,playas turquia,30,100
poi.place-x-category,es,es,,restaurantes en cedeira,300,58,0.25,comer en cedeira,30,100
poi.place-x-category,es,es,,playas illa de arousa,300,0,,illa de arousa playas,30,100
poi.place-x-category,es,es,,restaurantes en sant cugat,300,2,0.15,restaurantes sant cugat,30,100
poi.place-x-category,es,es,,restaurantes en boiro,300,0,0.2,restaurantes boiro,30,100
poi.place-x-category,es,es,,restaurantes colombianos en barcelona,300,0,0.06,restaurantes colombianos en barcelona,30,100
poi.place-x-category,es,es,,playas de huelva mapa,300,0,0.03,playas de huelva mapa,30,100
poi.place-x-category,es,es,,palma de mallorca playas,300,0,0.05,playas de palma de mallorca,30,100
poi.place-x-category,de,de,,restaurants in kiel,300,5,0.2,restaurant kiel,30,100
poi.place-x-category,de,de,,restaurants in magdeburg,300,32,0.1,restaurant magdeburg,30,100
poi.place-x-category,de,de,,restaurants in trier,300,53,0.2,restaurants trier innenstadt,30,100
poi.place-x-category,de,de,,restaurants in wuerzburg,300,5,0.15,restaurant wuerzburg,30,100
poi.place-x-category,de,de,,restaurants in heidelberg,300,2,0.1,restaurant heidelberg,30,100
poi.place-x-category,de,de,,cafes in hamburg,300,0,0.15,cafe hamburg,30,100
poi.place-x-category,de,de,AT,museen in wien,300,0,0.03,museen wien,30,100
poi.place-x-category,de,de,,restaurants in nuernberg,250,10,0.15,restaurant nuernberg,30,100
poi.place-x-category,de,de,,restaurants in karlsruhe,250,9,0.25,restaurant karlsruhe,30,100
poi.place-x-category,de,de,,restaurants in marburg,250,47,0.6,restaurant marburg,30,100
poi.place-x-category,de,de,,restaurants in kassel,250,20,0.25,restaurant kassel,30,100
poi.place-x-category,de,de,,restaurants in stuttgart,250,2,0.15,stuttgart restaurant,30,100
poi.place-x-category,de,de,,restaurants in bonn,250,2,0.15,restaurant bonn,30,100
poi.place-x-category,de,de,,restaurants in bielefeld,250,0,0.15,restaurant bielefeld,30,100
poi.place-x-category,de,de,,restaurants in potsdam,250,30,0.15,restaurant potsdam,30,100
poi.place-x-category,de,de,SMALL_COASTAL_TOWN,restaurants in wismar,250,23,0.05,restaurant wismar,30,100
poi.place-x-category,de,de,,restaurants in koblenz,250,56,0.08,restaurants koblenz,30,100
poi.place-x-category,de,de,,restaurants in hannover,250,8,0.15,restaurant hannover,30,100
poi.place-x-category,de,de,,restaurants in freiburg,250,16,0.15,restaurant freiburg,30,100
poi.place-x-category,de,de,,restaurants in mainz,250,1,0.15,restaurant mainz,30,100
poi.place-x-category,de,de,,restaurants in aachen,250,7,0.1,restaurant aachen,30,100
poi.place-x-category,de,de,,cafes in dortmund,250,0,0.05,cafe dortmund,30,100
poi.place-x-category,de,de,,cafes in berlin,250,0,0.15,bester kaffee berlin,30,100
poi.place-x-category,de,de,,bars in duesseldorf,250,4,0.01,bars duesseldorf,30,100
poi.place-x-category,de,de,,bars in nuernberg,250,1,0.01,bars nuernberg,30,100
poi.place-x-category,de,de,BERLIN_DISTRICT,bars in friedrichshain,250,64,0.09,0,30,100
poi.place-x-category,de,de,,restaurants in fulda,200,41,0.09,restaurant fulda,30,100
poi.place-x-category,de,de,,restaurants in bremerhaven,200,44,0.15,restaurant bremerhaven,30,100
poi.place-x-category,de,de,,restaurants in ulm,200,2,0.09,restaurants ulm,30,100
poi.place-x-category,de,de,,restaurants in bochum,200,16,0.09,restaurants bochum,30,100
poi.place-x-category,de,de,,restaurants in regensburg,200,0,0.1,restaurant regensburg,30,100
poi.place-x-category,de,de,PLACE_NAME_CONTAINS_THE_PREPOSITION,restaurants in neustadt in holstein,200,26,0.2,restaurant neustadt in holstein,30,100
poi.place-x-category,de,de,,restaurants in osnabrueck,200,1,0.09,restaurant osnabrueck,30,100
poi.place-x-category,de,de,,restaurants in goettingen,200,0,0.2,restaurant goettingen,30,100
poi.place-x-category,de,de,,restaurants in oldenburg,200,44,0.1,restaurant oldenburg,30,100
poi.place-x-category,de,de,,restaurants in saarbruecken,200,27,0.1,restaurant saarbruecken,30,100
poi.place-x-category,de,de,HAMBURG_DISTRICT,restaurants in bergedorf,200,26,0.25,restaurant bergedorf,30,100
poi.place-x-category,de,de,SMALL_COASTAL_TOWN,restaurants in warnemuende,200,25,0.3,warnemuende restaurant,30,100
poi.place-x-category,de,de,,restaurants in erfurt,200,22,0.2,beste restaurants nahe,30,100
poi.place-x-category,de,de,,restaurants in kaiserslautern,200,1,0.3,restaurants kaiserslautern,30,100
poi.place-x-category,de,de,SMALL_COASTAL_TOWN,restaurants in greetsiel,200,0,0.06,0,30,100
poi.place-x-category,de,de,SUB_PLACE_HARBOUR,restaurants in wismar am hafen,200,67,0.07,restaurants in wismar am hafen,30,100
poi.place-x-category,de,de,,restaurants in braunschweig,200,11,0.3,essen braunschweig,30,100
poi.place-x-category,de,de,,restaurants in bayreuth,200,0,0.7,restaurant in der naehe,30,100
poi.place-x-category,de,de,,restaurants in schwerin,200,34,0.15,restaurants schwerin,30,100
poi.place-x-category,de,de,,restaurants in weimar,200,35,0.05,restaurants weimar,30,100
poi.place-x-category,de,de,,restaurants in fulda,200,24,0.07,restaurant fulda,30,100
poi.place-x-category,de,de,,restaurants in wiesbaden,200,30,0.09,restaurant wiesbaden,30,100
poi.place-x-category,de,de,,restaurants in dortmund,200,2,0.15,restaurant dortmund,30,100
poi.place-x-category,de,de,,restaurants in rostock,200,45,0.2,restaurants rostock,30,100
poi.place-x-category,de,de,,cafes in muenchen,200,1,0.05,cafes muenchen,30,100
poi.place-x-category,de,de,,cafes in frankfurt,200,0,0.08,cafe frankfurt,30,100
poi.place-x-category,de,de,,cafes in essen,200,0,0.03,cafe essen,30,100
poi.place-x-category,de,de,,cafes in duesseldorf,200,0,0.08,cafe duesseldorf,30,100
poi.place-x-category,de,de,,cafes in leipzig,200,0,0.07,cafe leipzig,30,100
poi.place-x-category,de,de,,bars in mannheim,200,58,0.01,bar mannheim,30,100
poi.place-x-category,de,de,,bars in karlsruhe,200,30,0.07,bar karlsruhe,30,100
poi.place-x-category,de,de,,bars in ulm,200,0,0.15,bar ulm,30,100
poi.place-x-category,de,de,,bars in hannover,200,49,0.06,bar hannover,30,100
poi.place-x-category,de,de,,bars in muenchen,200,0,0.09,best bars in munich,30,100
poi.place-x-category,de,de,FOREIGN,museen in new york,200,0,0.15,museum new york,30,100
poi.place-x-category,de,de,SMALL_TOWN,restaurants in burg spreewald,150,0,0.2,restaurant burg spreewald,30,100
poi.place-x-category,de,de,,restaurants in schleswig,150,22,0.05,restaurant schleswig,30,100
poi.place-x-category,de,de,,restaurants in bamberg,150,0,0.1,restaurant bamberg,30,100
poi.place-x-category,de,de,,restaurants in celle,150,62,0.2,restaurant celle,30,100
poi.place-x-category,de,de,SMALL_COASTAL_TOWN,restaurants in kuehlungsborn,150,0,0.07,0,30,100
poi.place-x-category,de,de,BERLIN_DISTRICT,restaurants in friedrichshain,150,0,0.2,restaurant friedrichshain,30,100
poi.place-x-category,de,de,,restaurants in dueren,150,41,0.0,restaurant dueren,30,100
poi.place-x-category,de,de,,restaurants in goslar,150,3,0.01,restaurants goslar,30,100
poi.place-x-category,de,de,,restaurants in darmstadt,150,8,0.25,restaurant darmstadt,30,100
poi.place-x-category,de,de,,restaurants in erlangen,150,1,0.15,erlangen restaurant,30,100
poi.place-x-category,de,de,SMALL_COASTAL_TOWN,restaurants in stralsund,150,45,0.06,restaurant stralsund,30,100
poi.place-x-category,de,de,,restaurants in wuppertal,150,13,0.15,restaurant wuppertal,30,100
poi.place-x-category,de,de,,restaurants in heilbronn,150,10,0.2,restaurant heilbronn,30,100
poi.place-x-category,de,de,,restaurants in augsburg,150,1,0.15,restaurant augsburg innenstadt,30,100
poi.place-x-category,de,de,SMALL_COASTAL_TOWN,restaurants in ahlbeck,150,31,0.08,seebruecke ahlbeck,30,100
poi.place-x-category,de,de,BERLIN_DISTRICT,restaurants in schoeneberg,150,43,0.2,restaurant schoeneberg,30,100
poi.place-x-category,de,de,SMALL_LAKE_TOWN,restaurants in ueberlingen,150,0,0.3,0,30,100
poi.place-x-category,de,de,SMALL_COASTAL_TOWN,restaurants in eckernfoerde,150,37,0.07,restaurants eckernfoerde,30,100
poi.place-x-category,de,de,,restaurants in duisburg,150,10,0.07,restaurant duisburg,30,100
poi.place-x-category,de,de,SMALL_LAKE_TOWN,restaurants in meersburg,150,10,0.6,meersburg restaurant,30,100
poi.place-x-category,de,de,SMALL_COASTAL_TOWN,restaurants in binz,150,0,0.15,restaurant klein und fein binz,30,100
poi.place-x-category,de,de,,restaurants in hamm,150,25,0.09,restaurant hamm,30,100
poi.place-x-category,de,de,SUB_PLACE_OLD_TOWN,restaurants in goslar altstadt,150,31,0.0,restaurants in goslar altstadt,30,100
poi.place-x-category,de,de,SMALL_COASTAL_TOWN,restaurants in heiligenhafen,150,9,0.0,restaurant heiligenhafen,30,100
poi.place-x-category,de,de,,restaurants in halle,150,28,0.15,restaurant halle,30,100
poi.place-x-category,de,de,,restaurants in magdeburg,150,0,0.09,restaurant magdeburg,30,100
poi.place-x-category,de,de,,restaurants in speyer,150,37,0.15,restaurant speyer,30,100
poi.place-x-category,de,de,SMALL_COASTAL_TOWN,restaurants in binz,150,28,0.09,binz restaurant,30,100
poi.place-x-category,de,de,,cafes in ulm,150,41,0.1,cafe ulm,30,100
poi.place-x-category,de,de,,cafes in braunschweig,150,2,0.03,cafe braunschweig,30,100
poi.place-x-category,de,de,,cafes in mannheim,150,0,0.01,cafe mannheim,30,100
poi.place-x-category,de,de,,cafes in wuerzburg,150,21,0.15,cafe wuerzburg,30,100
poi.place-x-category,de,de,,cafes in freiburg,150,30,0.08,cafe freiburg,30,100
poi.place-x-category,de,de,,cafes in karlsruhe,150,1,0.07,cafes karlsruhe,30,100
poi.place-x-category,de,de,,cafes in heidelberg,150,4,0.01,cafe ly heidelberg,30,100
poi.place-x-category,de,de,AT,cafes in wien,150,2,0.01,cafe wien,30,100
poi.place-x-category,de,de,,bars in bremen,150,64,0.2,bars bremen,30,100
poi.place-x-category,de,de,,bars in mainz,150,23,0.03,mainz bar,30,100
poi.place-x-category,de,de,,bars in dresden,150,13,0.05,bar dresden,30,100
poi.place-x-category,de,de,,bars in muenchen,150,0,0.25,bars in munich,30,100
poi.place-x-category,de,de,,bars in wuerzburg,150,37,0.3,bar wuerzburg,30,100
poi.place-x-category,de,de,FOREIGN,museen in prag,150,0,0.05,museum prag,30,100
poi.place-x-category,de,de,FOREIGN,museen in barcelona,150,0,0.06,museen barcelona,30,100
poi.place-x-category,de,de,FOREIGN,museen in florenz,150,0,0.07,florenz museum,30,100
poi.place-x-category,de,de,SMALL_ALPINE_TOWN,restaurants in fuessen,100,0,0.15,restaurants fuessen,30,100
poi.place-x-category,de,de,,restaurants in norderstedt,100,29,0.2,restaurant norderstedt,30,100
poi.place-x-category,de,de,SMALL_COASTAL_TOWN,restaurants in koserow,100,32,0.3,restaurant koserow,30,100
poi.place-x-category,de,de,SPA_TOWN,restaurants in bad salzuflen,100,14,0.06,restaurant bad salzuflen,30,100
poi.place-x-category,de,de,SMALL_COASTAL_TOWN_SYLT,restaurants in westerland,100,33,0.25,restaurant westerland,30,100
poi.place-x-category,de,de,,restaurants in oberhausen,100,10,0.1,restaurant oberhausen,30,100
poi.place-x-category,de,de,,restaurants in paderborn,100,18,0.15,restaurants paderborn,30,100
poi.place-x-category,de,de,,restaurants in hildesheim,100,40,0.06,restaurant hildesheim,30,100
poi.place-x-category,de,de,,restaurants in chemnitz,100,44,0.25,restaurants chemnitz,30,100
poi.place-x-category,de,de,SMALL_MOSELLE_TOWN,restaurants in cochem,100,2,0.07,cochem restaurant,30,100
poi.place-x-category,de,de,SMALL_ALPINE_TOWN,restaurants in oberammergau,100,50,0.04,restaurant oberammergau,30,100
poi.place-x-category,de,de,SMALL_COASTAL_TOWN,restaurants in warnemuende,100,24,0.15,restaurant warnemuende,30,100
poi.place-x-category,de,de,SUB_PLACE_HARBOUR,restaurants in stralsund am hafen,100,45,0.0,restaurants in stralsund am hafen,30,100
poi.place-x-category,de,de,,restaurants in lippstadt,100,39,0.2,restaurant lippstadt,30,100
poi.place-x-category,de,de,,restaurants in stade,100,25,0.05,restaurant stade,30,100
poi.place-x-category,de,de,,restaurants in hameln,100,10,0.03,restaurant hameln,30,100
poi.place-x-category,de,de,,restaurants in jena,100,10,0.07,restaurant jena,30,100
poi.place-x-category,de,de,SMALL_COASTAL_TOWN,restaurants in heringsdorf,100,4,0.1,restaurant heringsdorf,30,100
poi.place-x-category,de,de,BERLIN_DISTRICT,restaurants in wannsee,100,31,0.25,wannsee restaurant am wasser,30,100
poi.place-x-category,de,de,SMALL_COASTAL_TOWN,restaurants in bansin,100,10,0.2,restaurant bansin,30,100
poi.place-x-category,de,de,,restaurants in pirna,100,44,0.8,restaurant pirna,30,100
poi.place-x-category,de,de,SPA_TOWN,restaurants in bad homburg,100,42,0.15,restaurant bad homburg,30,100
poi.place-x-category,de,de,,restaurants in moenchengladbach,100,11,0.1,restaurant moenchengladbach,30,100
poi.place-x-category,de,de,SMALL_COASTAL_TOWN,restaurants in cuxhaven,100,54,0.06,cuxhaven restaurant,30,100
poi.place-x-category,de,de,,restaurants in minden,100,51,0.03,restaurant minden,30,100
poi.place-x-category,de,de,HAMBURG_DISTRICT,restaurants in harburg,100,37,0.0,restaurant harburg,30,100
poi.place-x-category,de,de,,restaurants in muenchen,100,8,0.1,restaurant muenchen,30,100
poi.place-x-category,de,de,CITY_NAME_IS_ALSO_THE_WORD_FOR_FOOD,restaurants in essen,100,0,0.08,restaurant essen,30,100
poi.place-x-category,de,de,,restaurants in potsdam,100,0,0.7,restaurant potsdam,30,100
poi.place-x-category,de,de,,restaurants in leipzig,100,8,0.04,beste restaurants leipzig,30,100
poi.place-x-category,de,de,,restaurants in frankfurt,100,0,0.1,restaurant frankfurt,30,100
poi.place-x-category,de,de,,restaurants in berlin,100,0,0.08,geheimtipp restaurant berlin guenstig,30,100
poi.place-x-category,de,de,,cafes in stuttgart,100,0,0.01,cafe stuttgart,30,100
poi.place-x-category,de,de,,cafes in hannover,100,0,0.05,cafe hannover,30,100
poi.place-x-category,de,de,,cafes in kiel,100,0,0.01,cafe kiel,30,100
poi.place-x-category,de,de,,cafes in bonn,100,0,0.07,cafe bonn,30,100
poi.place-x-category,de,de,,cafes in dresden,100,31,0.05,dresden cafe,30,100
poi.place-x-category,de,de,,cafes in muenster,100,1,0.01,cafe muenster,30,100
poi.place-x-category,de,de,,cafes in berlin,100,0,0.4,cafe berlin,30,100
poi.place-x-category,de,de,FOREIGN,cafes in paris,100,0,0.08,cafes in paris,30,100
poi.place-x-category,de,de,,bars in muenster,100,0,0.2,bar muenster,30,100
poi.place-x-category,de,de,,bars in essen,100,40,0.08,bar essen,30,100
poi.place-x-category,de,de,BERLIN_DISTRICT,bars in kreuzberg,100,0,0.1,bars kreuzberg,30,100
poi.place-x-category,de,de,,bars in heidelberg,100,25,0.3,heidelberg clubs,30,100
poi.place-x-category,de,de,,bars in frankfurt,100,0,0.04,best bars in frankfurt,30,100
poi.place-x-category,de,de,FOREIGN,bars in prag,100,0,0.01,bars prag,30,100
poi.place-x-category,de,de,AT,bars in wien,100,11,0.01,bars wien,30,100
poi.place-x-category,de,de,FOREIGN,museen in kopenhagen,100,49,0.01,kopenhagen museum,30,100
poi.place-x-category,de,de,FOREIGN,museen in madrid,100,0,0.03,madrid museum,30,100
poi.place-x-category,de,de,REGION,museen in nrw,100,0,0.01,kinder museum nrw,30,100
poi.place-x-fitness-and-workspace,en,us,,best gyms in san diego,700,47,1.4,gyms in san diego,30,150
poi.place-x-fitness-and-workspace,en,us,,coworking space in miami,700,5,6.0,coworking space in miami,30,150
poi.place-x-fitness-and-workspace,en,us,,coworking space in san francisco,700,1,7.0,coworking spaces san francisco,30,150
poi.place-x-fitness-and-workspace,en,us,,gyms in chicago,600,35,1.4,midtown athletic club,30,150
poi.place-x-fitness-and-workspace,en,us,,best gyms in chicago,600,52,1.9,best gyms in chicago,30,150
poi.place-x-fitness-and-workspace,en,us,,best gyms in dallas,600,52,1.5,recess fitness club,30,150
poi.place-x-fitness-and-workspace,en,us,,gyms in dallas,600,39,1.9,john reed fitness dallas,30,150
poi.place-x-fitness-and-workspace,en,us,,gyms in houston,600,37,1.3,lifetime fitness houston,30,150
poi.place-x-fitness-and-workspace,en,us,,gyms in las vegas,600,49,1.3,workout facility near me,30,150
poi.place-x-fitness-and-workspace,en,us,,gyms in colorado springs,600,28,1.7,gyms colorado springs,30,150
poi.place-x-fitness-and-workspace,en,us,,gyms in lubbock,600,36,1.6,gyms in lubbock,30,150
poi.place-x-fitness-and-workspace,en,us,,gyms in san antonio,600,22,1.4,gyms in san antonio,30,150
poi.place-x-fitness-and-workspace,en,us,,gyms in atlanta,500,15,1.8,nicest gyms in atlanta,30,150
poi.place-x-fitness-and-workspace,en,us,,gyms in miami,500,30,2.0,powerhouse gym miami,30,150
poi.place-x-fitness-and-workspace,en,us,,gyms in charlotte nc,500,0,1.7,anytime fitness charlotte,30,150
poi.place-x-fitness-and-workspace,en,us,,gyms in gainesville fl,500,12,1.5,gainesville health and fitness,30,150
poi.place-x-fitness-and-workspace,en,us,,gyms in san diego,450,30,1.4,24 hour fitness san diego,30,150
poi.place-x-fitness-and-workspace,en,us,,gyms in austin,450,45,1.7,gyms in austin tx,30,150
poi.place-x-fitness-and-workspace,en,us,,gyms in nyc,450,45,1.7,nyc gyms,30,150
poi.place-x-fitness-and-workspace,en,us,,gyms in el paso,450,57,1.1,gyms el paso,30,150
poi.place-x-fitness-and-workspace,en,us,,gyms in the area,450,61,1.5,planet fitness teen summer pass 2026,30,150
poi.place-x-fitness-and-workspace,en,us,,coworking space in seattle,450,35,5.0,coworking space in seattle,30,150
poi.place-x-fitness-and-workspace,en,us,,coworking space in portland,450,35,3.0,coworking space in portland,30,150
poi.place-x-fitness-and-workspace,en,us,,best gyms in houston,400,54,1.4,best gyms in houston,30,150
poi.place-x-fitness-and-workspace,en,us,,gyms in boston,400,45,2.0,republic fitness,30,150
poi.place-x-fitness-and-workspace,en,us,,gyms in albuquerque,400,36,1.8,lux fitness,30,150
poi.place-x-fitness-and-workspace,en,us,,gyms in tampa,400,50,1.7,gyms in tampa,30,150
poi.place-x-fitness-and-workspace,en,us,,gyms in nashville,400,30,1.5,luxury gym nashville,30,150
poi.place-x-fitness-and-workspace,en,us,,gyms in los angeles,400,40,1.3,gyms los angeles,30,150
poi.place-x-fitness-and-workspace,en,us,,gyms in austin tx,350,47,2.0,austin gyms,30,150
poi.place-x-fitness-and-workspace,en,us,,best gyms in austin,350,33,2.0,best gyms in austin,30,150
poi.place-x-fitness-and-workspace,en,us,,gyms in seattle,350,57,1.7,best gyms seattle,30,150
poi.place-x-fitness-and-workspace,en,us,,gyms in college station,350,0,0.0,planet fitness college station,30,150
poi.place-x-fitness-and-workspace,en,us,,gyms in tucson,350,12,1.7,gyms in tucson,30,150
poi.place-x-fitness-and-workspace,en,us,,gyms in bakersfield,350,46,1.3,gyms bakersfield,30,150
poi.place-x-fitness-and-workspace,en,us,,gyms in columbia sc,350,46,2.0,gyms in columbia sc,30,150
poi.place-x-fitness-and-workspace,en,us,,gyms in raleigh nc,350,19,1.6,gyms in raleigh nc,30,150
poi.place-x-fitness-and-workspace,en,us,,gyms in fresno,350,51,1.2,gyms in fresno,30,150
poi.place-x-fitness-and-workspace,en,us,,gyms in orlando,350,6,1.2,gym orlando,30,150
poi.place-x-fitness-and-workspace,en,us,,gyms in denver,350,0,1.8,gympass company,30,150
poi.place-x-fitness-and-workspace,en,us,,best gyms in miami,300,48,2.0,best gyms in miami,30,150
poi.place-x-fitness-and-workspace,en,us,,gyms in new york,300,35,2.0,nyc gyms,30,150
poi.place-x-fitness-and-workspace,en,us,,best gyms in boston,300,67,2.5,best gyms in boston,30,150
poi.place-x-fitness-and-workspace,en,us,,gyms in london,300,0,0.7,gyms in london,30,150
poi.place-x-fitness-and-workspace,en,us,,gyms in columbus ohio,300,0,1.5,gym columbus ohio,30,150
poi.place-x-fitness-and-workspace,en,us,,gyms in san jose,300,13,1.6,gyms san jose,30,150
poi.place-x-fitness-and-workspace,en,us,,gyms in wichita ks,300,2,1.3,planet fitness near me,30,150
poi.place-x-fitness-and-workspace,en,us,,gyms in la,300,21,1.4,la fitness,30,150
poi.place-x-fitness-and-workspace,en,us,,gyms in tulsa,300,4,1.7,gyms in tulsa,30,150
poi.place-x-fitness-and-workspace,en,us,,gyms in sacramento,300,6,1.7,gyms in sacramento,30,150
poi.place-x-fitness-and-workspace,en,us,,gyms in corpus christi,300,15,1.4,gyms corpus christi,30,150
poi.place-x-fitness-and-workspace,en,us,,gyms in philadelphia,300,48,1.7,fusion gyms,30,150
poi.place-x-fitness-and-workspace,en,us,,gyms in new orleans,300,14,2.0,new orleans athletic club,30,150
poi.place-x-fitness-and-workspace,en,us,,best gyms in colorado springs,250,15,1.8,best gyms in colorado springs,30,150
poi.place-x-fitness-and-workspace,en,us,,best gyms in atlanta,250,39,1.6,best gym in atlanta,30,150
poi.place-x-fitness-and-workspace,en,us,,best gyms in tampa,250,6,1.5,anytime fitness tampa,30,150
poi.place-x-fitness-and-workspace,en,us,,best gyms in nashville,250,29,1.3,gyms in nashville,30,150
poi.place-x-fitness-and-workspace,en,us,,best gyms in los angeles,250,36,1.4,gyms los angeles,30,150
poi.place-x-fitness-and-workspace,en,us,,best gyms in denver,250,57,2.0,best gyms in denver,30,150
poi.place-x-fitness-and-workspace,en,us,,gyms in columbus ga,250,9,3.0,gyms columbus ga,30,150
poi.place-x-fitness-and-workspace,en,us,,gyms in springfield mo,250,5,1.2,gyms in springfield mo,30,150
poi.place-x-fitness-and-workspace,en,us,,gyms in brooklyn,250,26,2.5,gyms in brooklyn ny,30,150
poi.place-x-fitness-and-workspace,en,us,,gyms in jacksonville fl,250,47,1.3,gyms jacksonville fl,30,150
poi.place-x-fitness-and-workspace,en,us,,gyms in phoenix,250,53,1.4,gym phoenix,30,150
poi.place-x-fitness-and-workspace,en,us,,gyms in sioux falls,250,33,0.8,sioux falls gyms,30,150
poi.place-x-fitness-and-workspace,en,us,,gyms in greensboro nc,250,11,1.7,o2 fitness greensboro,30,150
poi.place-x-fitness-and-workspace,en,us,,gyms in wilmington nc,250,31,1.7,gyms wilmington nc,30,150
poi.place-x-fitness-and-workspace,en,us,,gyms in reno,250,27,2.0,south reno athletic club,30,150
poi.place-x-fitness-and-workspace,en,us,,gyms in greenville sc,250,33,1.9,planet fitness greenville sc,30,150
poi.place-x-fitness-and-workspace,en,us,,gyms in boise,250,10,1.2,gyms boise,30,150
poi.place-x-fitness-and-workspace,en,us,,gyms in chico,250,39,0.0,gyms in chico,30,150
poi.place-x-fitness-and-workspace,en,us,,gyms in omaha,250,18,1.6,gyms in omaha,30,150
poi.place-x-fitness-and-workspace,en,us,,gyms in boca raton,250,9,1.7,gym boca raton,30,150
poi.place-x-fitness-and-workspace,en,us,,gyms in amarillo,250,44,1.4,amarillo town club,30,150
poi.place-x-fitness-and-workspace,en,us,,gyms in fort worth,250,2,1.2,fort worth gyms,30,150
poi.place-x-fitness-and-workspace,en,us,,gyms in dc,250,5,1.8,vida fitness,30,150
poi.place-x-fitness-and-workspace,en,us,,gyms in baton rouge,250,11,1.2,baton rouge gyms,30,150
poi.place-x-fitness-and-workspace,en,us,,gyms in minneapolis,250,3,0.6,gyms in minneapolis,30,150
poi.place-x-fitness-and-workspace,en,us,,gyms in lexington ky,250,55,1.8,gyms in lexington,30,150
poi.place-x-fitness-and-workspace,en,us,,gyms in santa monica,250,15,1.6,john reed fitness santa monica,30,150
poi.place-x-fitness-and-workspace,en,us,,gyms in jersey city,250,12,2.0,gyms in jersey city,30,150
poi.place-x-fitness-and-workspace,en,us,,gyms in abilene tx,250,48,1.6,crunch fitness abilene,30,150
poi.place-x-fitness-and-workspace,en,us,,gyms in tallahassee,250,10,1.7,gyms in tallahassee,30,150
poi.place-x-fitness-and-workspace,en,us,,gyms in medford oregon,250,47,1.3,village fitness,30,150
poi.place-x-fitness-and-workspace,en,us,,gyms in fort collins,250,42,1.3,revolution gym,30,150
poi.place-x-fitness-and-workspace,en,us,,gyms in long beach,250,29,1.3,hollywood gym,30,150
poi.place-x-fitness-and-workspace,en,us,,gyms in charleston sc,250,40,1.7,charleston sc gyms,30,150
poi.place-x-fitness-and-workspace,en,us,,coworking space in chennai,250,1,1.0,coworking space in chennai,30,150
poi.place-x-fitness-and-workspace,en,us,,best gyms in las vegas,200,2,1.2,gyms in las vegas,30,150
poi.place-x-fitness-and-workspace,en,us,,gyms in lubbock tx,200,36,1.6,gyms in lubbock,30,150
poi.place-x-fitness-and-workspace,en,us,,best gyms in san antonio,200,22,1.5,best gyms in san antonio,30,150
poi.place-x-fitness-and-workspace,en,us,,gym in atlanta,200,16,1.8,gyms in atlanta,30,150
poi.place-x-fitness-and-workspace,en,us,,best gym in miami,200,47,1.8,best gyms in miami,30,150
poi.place-x-fitness-and-workspace,en,us,,gym in austin,200,7,2.5,hyde park gym,30,150
poi.place-x-fitness-and-workspace,en,us,,gyms in manhattan,200,55,2.0,nyc gyms,30,150
poi.place-x-fitness-and-workspace,en,us,,gym in nyc,200,31,2.0,gym nyc,30,150
poi.place-x-fitness-and-workspace,en,us,,gyms in tampa fl,200,46,1.6,gold's gym tampa,30,150
poi.place-x-fitness-and-workspace,en,us,,best gyms in seattle,200,59,2.0,best gyms in seattle,30,150
poi.place-x-fitness-and-workspace,en,us,,gyms in bakersfield ca,200,45,1.2,gyms bakersfield,30,150
poi.place-x-fitness-and-workspace,en,us,,gyms in springfield il,200,31,0.9,fitclub,30,150
poi.place-x-fitness-and-workspace,en,us,,gyms in brooklyn ny,200,11,1.9,gyms in brooklyn ny,30,150
poi.place-x-fitness-and-workspace,en,us,,gyms in jacksonville,200,31,1.4,jacksonville gyms,30,150
poi.place-x-fitness-and-workspace,en,us,,gyms in jacksonville nc,200,43,1.0,crunch fitness jacksonville nc,30,150
poi.place-x-fitness-and-workspace,en,us,,gyms in phoenix az,200,15,1.5,gym phoenix,30,150
poi.place-x-fitness-and-workspace,en,us,,gym in phoenix,200,19,1.4,mountainside fitness,30,150
poi.place-x-fitness-and-workspace,en,us,,gyms in amarillo tx,200,48,1.3,gyms amarillo,30,150
poi.place-x-fitness-and-workspace,en,us,,gyms in odessa tx,200,12,1.5,gyms in odessa,30,150
poi.place-x-fitness-and-workspace,en,us,,gyms in odessa,200,23,2.5,gyms odessa tx,30,150
poi.place-x-fitness-and-workspace,en,us,,gyms in venice fl,200,6,1.3,gyms in venice,30,150
poi.place-x-fitness-and-workspace,en,us,,gyms in lincoln ne,200,11,1.5,crunch fitness lincoln,30,150
poi.place-x-fitness-and-workspace,en,us,,gyms in hickory nc,200,3,2.5,anytime fitness hickory nc,30,150
poi.place-x-fitness-and-workspace,en,us,,gyms in west hollywood,200,5,1.7,john reed fitness,30,150
poi.place-x-fitness-and-workspace,en,us,,gyms in arlington tx,200,8,1.0,gym in arlington,30,150
poi.place-x-fitness-and-workspace,en,us,,gyms in fairfield ca,200,16,1.2,gyms in fairfield ca,30,150
poi.place-x-fitness-and-workspace,en,us,,gyms in durham nc,200,0,1.4,o2 fitness durham,30,150
poi.place-x-fitness-and-workspace,en,us,,gyms in lancaster ca,200,33,0.8,gyms in lancaster ca,30,150
poi.place-x-fitness-and-workspace,en,us,,gyms in lancaster pa,200,31,1.5,universal athletic club,30,150
poi.place-x-fitness-and-workspace,en,us,,gyms in bel air md,200,10,2.0,anytime fitness bel air md,30,150
poi.place-x-fitness-and-workspace,en,us,,gyms in bellevue,200,31,1.6,sporting club at the bellevue,30,150
poi.place-x-fitness-and-workspace,en,us,,gyms in tyler tx,200,40,1.6,gyms tyler tx,30,150
poi.place-x-fitness-and-workspace,en,us,,gyms in norman ok,200,28,1.3,gym norman ok,30,150
poi.place-x-fitness-and-workspace,en,us,,gyms in salt lake city,200,0,1.4,eos salt lake city,30,150
poi.place-x-fitness-and-workspace,en,us,,best gyms in salt lake city,200,10,1.8,best gyms in salt lake city,30,150
poi.place-x-fitness-and-workspace,en,us,,gyms in kannapolis nc,200,29,1.4,gyms in kannapolis nc,30,150
poi.place-x-fitness-and-workspace,en,us,,gyms in rock hill sc,200,6,1.3,gyms in rock hill sc,30,150
poi.place-x-fitness-and-workspace,en,us,,gyms in bradenton fl,200,4,0.9,crunch fitness bradenton,30,150
poi.place-x-fitness-and-workspace,en,us,,gyms in aurora co,200,15,1.6,gyms in aurora co,30,150
poi.place-x-fitness-and-workspace,en,us,,gyms in santa clarita,200,5,0.9,gyms in santa clarita,30,150
poi.place-x-fitness-and-workspace,en,us,,gyms in naples fl,200,7,1.0,gyms naples fl,30,150
poi.place-x-fitness-and-workspace,en,us,,gyms in elkridge md,200,7,1.7,gyms in elkridge md,30,150
poi.place-x-fitness-and-workspace,en,us,,gyms in alexandria va,200,2,1.8,onelife fitness alexandria,30,150
poi.place-x-fitness-and-workspace,en,us,,gyms in cranston ri,200,15,1.3,gyms in rhode island,30,150
poi.place-x-fitness-and-workspace,en,us,,gyms in vacaville,200,54,1.4,maximum fitness vacaville,30,150
poi.place-x-fitness-and-workspace,en,us,,gyms in joliet,200,5,1.5,gyms in joliet,30,150
poi.place-x-fitness-and-workspace,en,us,,gyms in fargo,200,53,1.1,gym fargo,30,150
poi.place-x-fitness-and-workspace,en,us,,gyms in cincinnati,200,38,1.3,cincinnati sports club,30,150
poi.place-x-fitness-and-workspace,en,us,,gyms in kansas city,200,33,2.0,gym in kansas city,30,150
poi.place-x-fitness-and-workspace,en,us,,gyms in rancho cucamonga,200,13,0.8,chuze fitness rancho cucamonga,30,150
poi.place-x-fitness-and-workspace,en,us,,gyms in indianapolis,200,33,1.6,american muscle factory,30,150
poi.place-x-fitness-and-workspace,en,us,,gyms in st george utah,200,21,1.7,summit athletic club,30,150
poi.place-x-fitness-and-workspace,en,us,,gyms in boone nc,200,0,1.0,gyms in boone nc,30,150
poi.place-x-fitness-and-workspace,en,us,,gyms in flagstaff,200,0,1.4,gyms in flagstaff,30,150
poi.place-x-fitness-and-workspace,en,us,,gyms in brentwood,200,11,1.4,in shape brentwood,30,150
poi.place-x-fitness-and-workspace,en,us,,gyms in stockton,200,6,1.5,chuze fitness stockton,30,150
poi.place-x-fitness-and-workspace,en,us,,gyms in lawrence ks,200,0,1.7,gyms in lawrence ks,30,150
poi.place-x-fitness-and-workspace,en,us,,gyms in midland tx,200,8,3.0,gyms midland tx,30,150
poi.place-x-fitness-and-workspace,en,us,,gyms in ankeny,200,48,0.9,legacy fitness,30,150
poi.place-x-fitness-and-workspace,en,us,,gyms in spokane,200,43,1.1,spokane fitness center,30,150
poi.place-x-fitness-and-workspace,en,us,,gyms in portland,200,58,1.6,gyms in portland oregon,30,150
poi.place-x-fitness-and-workspace,en,us,,gyms in clayton nc,200,11,0.0,gyms in clayton nc,30,150
poi.place-x-fitness-and-workspace,en,us,,gyms in virginia beach,200,11,1.8,gym virginia beach,30,150
poi.place-x-fitness-and-workspace,en,us,,gyms in cedar city utah,200,31,0.6,vasa cedar city,30,150
poi.place-x-fitness-and-workspace,en,us,,gyms in hoboken,200,6,2.0,fitness factory hoboken,30,150
poi.place-x-fitness-and-workspace,en,us,,gyms in new jersey,200,24,1.5,gyms in new jersey,30,150
poi.place-x-fitness-and-workspace,en,us,,gyms in louisville,200,31,1.4,mpower6,30,150
poi.place-x-fitness-and-workspace,en,us,,gyms in louisville ky,200,6,1.4,mpower6,30,150
poi.place-x-fitness-and-workspace,en,us,,gyms in fort mill sc,200,0,1.4,1135 stonecrest blvd,30,150
poi.place-x-fitness-and-workspace,en,us,,gyms in columbia mo,200,43,1.4,columbia mo gyms,30,150
poi.place-x-fitness-and-workspace,en,us,,gyms in irving tx,200,1,1.1,gyms in irving tx,30,150
poi.place-x-fitness-and-workspace,en,us,,gyms in newport beach,200,33,1.7,gyms in newport beach,30,150
poi.place-x-fitness-and-workspace,en,us,,gym in huntersville nc,200,12,1.7,hffa,30,150
poi.place-x-fitness-and-workspace,en,us,,gyms in killeen tx,200,12,1.6,warrior gym,30,150
poi.place-x-fitness-and-workspace,en,us,,gyms in milwaukee,200,42,1.1,gyms in milwaukee wi,30,150
poi.place-x-fitness-and-workspace,en,us,,gyms in stamford ct,200,43,1.9,underground fitness,30,150
poi.place-x-fitness-and-workspace,en,us,,gyms in oklahoma city,200,11,1.8,vasa fitness oklahoma city,30,150
poi.place-x-fitness-and-workspace,en,us,,gyms in santa rosa,200,11,1.3,gyms in santa rosa,30,150
poi.place-x-fitness-and-workspace,en,us,,gyms in waco,200,9,1.8,planet fitness waco,30,150
poi.place-x-fitness-and-workspace,en,us,,gyms in athens ga,200,20,1.7,gyms in athens ga,30,150
poi.place-x-fitness-and-workspace,en,us,,gyms in madison al,200,8,1.4,phaze 3 fitness,30,150
poi.place-x-fitness-and-workspace,en,us,,gyms in bismarck nd,200,32,1.2,gyms bismarck nd,30,150
poi.place-x-fitness-and-workspace,en,us,,gyms in longmont,200,11,1.2,vasa longmont,30,150
poi.place-x-fitness-and-workspace,en,us,,gyms in fredericksburg va,200,7,1.6,gyms in fredericksburg va,30,150
poi.place-x-fitness-and-workspace,en,us,,gyms in des moines,200,49,1.3,flex factory,30,150
poi.place-x-fitness-and-workspace,en,us,,gyms in savannah ga,200,31,2.0,gyms in savannah ga,30,150
poi.place-x-fitness-and-workspace,en,us,,gyms in princeton nj,200,13,1.4,princeton fitness and wellness,30,150
poi.place-x-fitness-and-workspace,en,us,,gyms in irvine,200,8,1.4,club studio irvine,30,150
poi.place-x-fitness-and-workspace,en,us,,gyms in lake charles,200,6,0.9,gyms lake charles,30,150
poi.place-x-fitness-and-workspace,en,us,,gyms in burbank,200,28,1.3,gyms in burbank,30,150
poi.place-x-fitness-and-workspace,en,us,,gyms in franklin tn,200,29,1.6,gyms in franklin tn,30,150
poi.place-x-fitness-and-workspace,en,us,,gyms in idaho falls,200,45,1.2,gold's gym idaho falls,30,150
poi.place-x-fitness-and-workspace,en,us,,gyms in westfield indiana,200,8,1.4,gyms in westfield indiana,30,150
poi.place-x-fitness-and-workspace,en,us,,gyms in mount pleasant sc,200,48,1.8,gyms in mount pleasant sc,30,150
poi.place-x-fitness-and-workspace,en,us,,gyms in clarksville tn,200,3,1.4,gym clarksville tn,30,150
poi.place-x-fitness-and-workspace,en,us,,gyms in pittsburgh,200,33,1.4,gyms in pittsburgh,30,150
poi.place-x-fitness-and-workspace,en,us,,gyms in richmond va,200,32,1.7,gyms in richmond,30,150
poi.place-x-fitness-and-workspace,en,us,,gyms in bend oregon,200,27,1.7,gyms in bend oregon,30,150
poi.place-x-fitness-and-workspace,en,us,,gyms in memphis tn,200,8,1.3,atc fitness,30,150
poi.place-x-fitness-and-workspace,en,us,,gym in chicago,200,47,1.4,ffc,30,150
poi.place-x-fitness-and-workspace,en,us,,gyms in california,200,5,1.4,in shape,30,150
poi.place-x-fitness-and-workspace,en,us,,gyms in myrtle beach,200,2,1.1,myrtle beach gyms,30,150
poi.place-x-fitness-and-workspace,en,us,,gyms in delray beach,200,5,0.9,gyms in delray beach,30,150
poi.place-x-fitness-and-workspace,en,us,,gyms in green bay,200,49,1.6,crunch fitness green bay,30,150
poi.place-x-fitness-and-workspace,en,us,,gyms in peoria il,200,12,1.6,golds gym peoria,30,150
poi.place-x-fitness-and-workspace,en,us,,gym in dallas,200,51,1.6,john reed fitness dallas,30,150
poi.place-x-fitness-and-workspace,en,us,,gyms in norfolk va,200,2,1.2,onelife norfolk,30,150
poi.place-x-fitness-and-workspace,en,us,,gyms in orange county,200,30,1.6,gyms orange county,30,150
poi.place-x-fitness-and-workspace,en,us,,gyms in destin fl,200,8,2.5,gyms destin fl,30,150
poi.place-x-fitness-and-workspace,en,us,,gyms in anchorage alaska,200,43,1.4,best gyms in anchorage,30,150
poi.place-x-fitness-and-workspace,en,us,,gyms in lakeland fl,200,45,0.9,gyms lakeland,30,150
poi.place-x-fitness-and-workspace,en,us,,gyms in,200,34,2.5,gym near me,30,150
poi.place-x-fitness-and-workspace,en,us,,gym in,200,64,1.7,anytime fitness,30,150
poi.place-x-fitness-and-workspace,en,us,,coworking spaces in san francisco,200,3,9.0,coworking spaces san francisco,30,150
poi.place-x-fitness-and-workspace,en,us,,coworking spaces in nashville,200,2,6.0,coworking nashville,30,150
poi.place-x-fitness-and-workspace,en,us,,coworking space in new jersey,200,24,5.0,coworking space in new jersey,30,150
poi.place-x-fitness-and-workspace,en,us,,boxing gym in ri,200,2,0.0,boxing gym in ri,30,150
poi.place-x-fitness-and-workspace,en,us,,boxing gyms in chicagoland,200,10,4.0,boxing gyms chicago,30,150
poi.place-x-fitness-and-workspace,en,us,,all in pickleball gym,200,1,0.2,all in pickleball,30,150
poi.place-x-fitness-and-workspace,en,us,,gyms in houston texas,150,49,1.6,houston gyms,30,150
poi.place-x-fitness-and-workspace,en,us,,gym in lubbock,150,31,1.7,gyms in lubbock,30,150
poi.place-x-fitness-and-workspace,en,us,,best gym in san antonio,150,14,1.2,best gym in san antonio,30,150
poi.place-x-fitness-and-workspace,en,us,,gyms in austin texas,150,45,1.7,gyms in austin tx,30,150
poi.place-x-fitness-and-workspace,en,us,,gym in jacksonville fl,150,0,1.7,jacksonville fl gyms,30,150
poi.place-x-fitness-and-workspace,en,us,,gym in boca raton,150,0,1.6,lifetime boca raton,30,150
poi.place-x-fitness-and-workspace,en,us,,gyms in medford ma,150,1,1.1,planet fitness medford,30,150
poi.place-x-fitness-and-workspace,en,us,,gym in aurora,150,24,1.6,gym in aurora,30,150
poi.place-x-fitness-and-workspace,en,us,,gyms in nj,150,0,2.5,iron culture,30,150
poi.place-x-fitness-and-workspace,en,us,,best gyms in nj,150,23,1.7,nj gyms,30,150
poi.place-x-fitness-and-workspace,en,us,,gyms in jackson ms,150,6,1.1,gyms in jackson ms,30,150
poi.place-x-fitness-and-workspace,en,us,,gyms in daytona beach,150,7,0.0,gyms daytona beach,30,150
poi.place-x-fitness-and-workspace,en,us,,gyms in overland park,150,17,1.7,overland park gyms,30,150
poi.place-x-fitness-and-workspace,en,us,,gyms in walnut creek,150,14,1.7,forma gym walnut creek,30,150
poi.place-x-fitness-and-workspace,en,us,,gyms in glendale ca,150,12,1.0,anytime fitness glendale,30,150
poi.place-x-fitness-and-workspace,en,us,,gyms in cary nc,150,6,1.2,gyms in cary nc,30,150
poi.place-x-fitness-and-workspace,en,us,,gyms in riverside ca,150,4,0.7,gyms riverside,30,150
poi.place-x-fitness-and-workspace,en,us,,gym in glen burnie,150,12,1.7,gold's gym marley station,30,150
poi.place-x-fitness-and-workspace,en,us,,gyms in alpharetta ga,150,12,1.4,lifetime fitness alpharetta,30,150
poi.place-x-fitness-and-workspace,en,us,,gyms in auburn,150,3,1.9,gyms in auburn,30,150
poi.place-x-fitness-and-workspace,en,us,,gyms in beaverton or,150,12,1.1,lifetime beaverton,30,150
poi.place-x-fitness-and-workspace,en,us,,gyms in granbury tx,150,12,2.5,gyms in granbury tx,30,150
poi.place-x-fitness-and-workspace,en,us,,gym in sarasota,150,6,1.1,eos fitness sarasota,30,150
poi.place-x-fitness-and-workspace,en,us,,gyms in salinas,150,38,1.1,gyms in salinas,30,150
poi.place-x-fitness-and-workspace,en,us,,gyms in costa mesa,150,23,1.4,curl fitness,30,150
poi.place-x-fitness-and-workspace,en,us,,gyms in olathe ks,150,11,1.7,the foundation gym,30,150
poi.place-x-fitness-and-workspace,en,us,,gyms in aruba,150,0,0.0,aruba gyms,30,150
poi.place-x-fitness-and-workspace,en,us,,gyms in warwick ri,150,0,1.2,laid back fitness,30,150
poi.place-x-fitness-and-workspace,en,us,,gyms in temple tx,150,0,1.0,crunch fitness temple,30,150
poi.place-x-fitness-and-workspace,en,us,,gyms in pasadena ca,150,15,2.0,gyms in pasadena,30,150
poi.place-x-fitness-and-workspace,en,us,,gyms in laredo tx,150,9,1.5,gym laredo tx,30,150
poi.place-x-fitness-and-workspace,en,us,,gym in york,150,7,0.6,pa fitness,30,150
poi.place-x-fitness-and-workspace,en,us,,gyms in york,150,2,1.6,pa fitness,30,150
poi.place-x-fitness-and-workspace,en,us,,gyms in evansville indiana,150,26,1.3,crunch fitness evansville,30,150
poi.place-x-fitness-and-workspace,en,us,,gyms in pearland,150,7,1.2,24 hour fitness pearland,30,150
poi.place-x-fitness-and-workspace,en,us,,gyms in broken arrow,150,7,1.5,10 gym broken arrow,30,150
poi.place-x-fitness-and-workspace,en,us,,gyms in fort lauderdale,150,5,1.2,powerhouse gym,30,150
poi.place-x-fitness-and-workspace,en,us,,gyms in carlsbad ca,150,7,1.3,carlsbad gyms,30,150
poi.place-x-fitness-and-workspace,en,us,,gyms in chelsea nyc,150,28,2.0,chelsea piers fitness nyc,30,150
poi.place-x-fitness-and-workspace,en,us,,gyms in belmont nc,150,9,1.7,gyms in belmont nc,30,150
poi.place-x-fitness-and-workspace,en,us,,gyms in chandler az,150,38,1.5,mountainside fitness chandler,30,150
poi.place-x-fitness-and-workspace,en,us,,gyms in ventura ca,150,8,1.4,ventura gyms,30,150
poi.place-x-fitness-and-workspace,en,us,,gyms in san angelo,150,43,2.5,san angelo gyms,30,150
poi.place-x-fitness-and-workspace,en,us,,gyms in middletown de,150,34,1.4,gyms in middletown de,30,150
poi.place-x-fitness-and-workspace,en,us,,gyms in lebanon tn,150,9,1.3,gyms in lebanon tn,30,150
poi.place-x-fitness-and-workspace,en,us,,gyms in little rock,150,3,0.0,gyms little rock,30,150
poi.place-x-fitness-and-workspace,en,us,,boxing gyms in north jersey,150,1,4.5,boxing gyms in north jersey,30,150
poi.place-x-food,en,us,,best restaurants in las vegas,13000,7,0.6,las vegas restaurants,30,200
poi.place-x-food,en,us,,best cafes in san francisco,12000,1,0.1,best cafes in san francisco,30,200
poi.place-x-food,en,us,,best restaurants in nashville,8700,1,0.03,nashville restaurants,30,200
poi.place-x-food,en,us,,best restaurants in dc,8100,2,0.04,best restaurants in dc,30,200
poi.place-x-food,en,us,,top rated coffee shops in portland oregon,7600,2,,coffee shops portland,30,200
poi.place-x-food,en,us,,best restaurants in chicago,7400,4,0.2,best restaurants chicago,30,200
poi.place-x-food,en,us,,best restaurants in san diego,7300,0,0.1,san diego restaurants,30,200
poi.place-x-food,en,us,,best restaurants in austin,7100,1,0.1,best restaurants in austin,30,200
poi.place-x-food,en,us,,best restaurants in nyc,5900,1,0.05,restaurants in nyc,30,200
poi.place-x-food,en,us,,restaurants in dc,5700,0,0.6,best restaurants in dc,30,200
poi.place-x-food,en,us,,best restaurants in orlando,5300,0,0.4,best food in orlando,30,200
poi.place-x-food,en,us,,restaurants in atlanta,5100,0,0.4,restaurants atlanta georgia,30,200
poi.place-x-food,en,us,,dine-in restaurants near me,4600,8,0.45,food near me,30,200
poi.place-x-food,en,us,,best restaurants in charlotte,4500,22,0.45,best restaurants in charlotte,30,200
poi.place-x-food,en,us,,best restaurants in denver,4500,1,0.2,best restaurants denver,30,200
poi.place-x-food,en,us,,dine in restaurants near me open now,4300,45,0.45,restaurants near me,30,200
poi.place-x-food,en,us,,restaurants in miami,4200,36,0.9,miami restaurant,30,200
poi.place-x-food,en,us,,restaurants in pigeon forge,4100,55,0.25,best restaurants in pigeon forge,30,200
poi.place-x-food,en,us,,restaurants in sheridan wy,4000,46,0.01,restaurants in sheridan wy,30,200
poi.place-x-food,en,us,,best restaurants in pittsburgh,3900,0,0.25,best restaurants in pittsburgh,30,200
poi.place-x-food,en,us,,restaurants in nashville,3700,25,0.04,nashville restaurants,30,200
poi.place-x-food,en,us,,restaurants in chicago,3700,6,0.5,best restaurants chicago,30,200
poi.place-x-food,en,us,,restaurants in charleston sc,3400,39,0.04,charleston sc restaurants,30,200
poi.place-x-food,en,us,,restaurants in new orleans,3400,28,0.09,restaurants in new orleans,30,200
poi.place-x-food,en,us,,best restaurants in san antonio,3300,0,0.15,best restaurants in san antonio,30,200
poi.place-x-food,en,us,,restaurants in tysons corner,3300,21,0.5,tysons corner restaurants,30,200
poi.place-x-food,en,us,,best restaurants in rome,3200,2,0.2,rome restaurants,30,200
poi.place-x-food,en,us,,restaurants in myrtle beach,3100,44,0.1,myrtle beach restaurants,30,200
poi.place-x-food,en,us,,restaurants in the area,3100,14,0.35,restaurants near me,30,200
poi.place-x-food,en,us,,restaurants in gatlinburg,3100,37,0.02,gatlinburg restaurants,30,200
poi.place-x-food,en,us,,best restaurants in scottsdale,3000,0,0.6,scottsdale quarter restaurants,30,200
poi.place-x-food,en,us,,best restaurants in new york,3000,7,0.05,best nyc restaurants,30,200
poi.place-x-food,en,us,,restaurants in orland park,2900,10,0.45,restaurants in orland park,30,200
poi.place-x-food,en,us,,restaurants in galveston,2900,46,0.15,restaurants galveston tx,30,200
poi.place-x-food,en,us,,best restaurants in sedona,2800,0,0.08,best reataurants in sedona,30,200
poi.place-x-food,en,us,,restaurants in savannah ga,2800,25,0.1,savannah restaurants,30,200
poi.place-x-food,en,us,,best restaurants in key west,2700,0,0.04,best restaurants in key west,30,200
poi.place-x-food,en,us,,best restaurants in kansas city,2700,5,0.1,best restaurants in kansas city,30,200
poi.place-x-food,en,us,,best restaurants in palm springs,2700,2,0.15,best restaurants palm springs,30,200
poi.place-x-food,en,us,,restaurants in sedona,2700,45,0.1,restaurants in sedona,30,200
poi.place-x-food,en,us,,restaurants in atlantic city,2600,0,0.25,"restaurants near atlantic city, nj",30,200
poi.place-x-food,en,us,,best restaurants in tampa,2600,1,0.45,best restaurants in tampa,30,200
poi.place-x-food,en,us,,restaurants in st augustine,2600,14,0.02,restaurantes en st augustine,30,200
poi.place-x-food,en,us,,best restaurants in colorado springs,2600,0,0.15,american food colorado springs,30,200
poi.place-x-food,en,us,,restaurants in branson mo,2600,49,0.03,places to eat in branson mo,30,200
poi.place-x-food,en,us,,best restaurants in louisville,2500,0,0.4,best restaurants louisville ky,30,200
poi.place-x-food,en,us,,restaurants in vegas,2500,27,0.5,las vegas restaurants,30,200
poi.place-x-food,en,us,,restaurants in charlotte nc,2500,8,0.4,best restaurants in charlotte,30,200
poi.place-x-food,en,us,,restaurants in lancaster pa,2500,44,0.3,restaurants in lancaster pa,30,200
poi.place-x-food,en,us,,restaurants in houston,2400,24,0.4,restaurants in houston,30,200
poi.place-x-food,en,us,,restaurants in dallas,2400,19,0.8,best restaurants dallas,30,200
poi.place-x-food,en,us,,restaurants in colorado springs,2400,16,0.2,colorado springs best restaurants,30,200
poi.place-x-food,en,us,,best restaurants in savannah ga,2300,1,0.06,savannah restaurants,30,200
poi.place-x-food,en,us,,restaurants in nyc,2300,30,0.6,best restaurants nyc,30,200
poi.place-x-food,en,us,,restaurants in detroit,2300,44,0.5,top restaurants in detroit,30,200
poi.place-x-food,en,us,,restaurants in key west,2300,2,0.04,key west restaurants,30,200
poi.place-x-food,en,us,,restaurants in palm springs,2200,0,0.2,restaurants in palm springs,30,200
poi.place-x-food,en,us,,best restaurants in portland,2200,25,0.1,eater pdx,30,200
poi.place-x-food,en,us,,restaurants in panama city beach,2200,62,0.15,panama city beach restaurants,30,200
poi.place-x-food,en,us,,restaurants in san diego,2200,4,0.4,san diego restaurants,30,200
poi.place-x-food,en,us,,restaurants in nashville tn,2100,30,0.06,restaurants nashville,30,200
poi.place-x-food,en,us,,best restaurants in charleston,2100,1,0.04,charleston sc restaurants,30,200
poi.place-x-food,en,us,,restaurants in scottsdale,2100,3,0.6,scottsdale restaurants,30,200
poi.place-x-food,en,us,,best restaurants in cincinnati,2100,2,0.45,best restaurants in cincinnati,30,200
poi.place-x-food,en,us,,restaurants in denver,2100,24,0.3,best restaurants in denver,30,200
poi.place-x-food,en,us,,restaurants in tampa,2100,24,0.5,best restaurants tampa,30,200
poi.place-x-food,en,us,,restaurants in raleigh,2100,39,0.35,raleigh restaurants,30,200
poi.place-x-food,en,us,,best restaurants in maui,2100,0,0.2,best resturants maui,30,200
poi.place-x-food,en,us,,restaurants in aruba,2100,3,0.2,aruba restaurants,30,200
poi.place-x-food,en,us,,best restaurants in gainesville,2000,2,0.2,best restaurants in gainesville,30,200
poi.place-x-food,en,us,,best restaurants in albuquerque,2000,11,0.02,best restaurants in albuquerque,30,200
poi.place-x-food,en,us,,restaurants in flagstaff,2000,48,0.03,flagstaff restaurants,30,200
poi.place-x-food,en,us,,best italian restaurants in boston,2000,39,0.4,best italian restaurants in boston,30,200
poi.place-x-food,en,us,,restaurants in royal oak,2000,24,0.2,restaurants in royal oak,30,200
poi.place-x-food,en,us,,restaurants in my area,2000,15,0.25,food places near me,30,200
poi.place-x-food,en,us,,best restaurants in columbus,2000,0,0.4,best restaurants columbus ohio,30,200
poi.place-x-food,en,us,,best restaurants in washington dc,2000,2,0.04,best restaurants dc,30,200
poi.place-x-food,en,us,,best restaurants in manhattan,2000,15,0.04,best restaurants nyc,30,200
poi.place-x-food,en,us,,best restaurants in detroit,1900,1,0.35,best restaurants detroit,30,200
poi.place-x-food,en,us,,restaurants in paris,1900,12,0.25,best restaurants in paris,30,200
poi.place-x-food,en,us,,best restaurants in brooklyn,1900,0,0.15,best brooklyn restaurants,30,200
poi.place-x-food,en,us,,restaurants in santa monica,1900,11,0.15,best restaurants santa monica,30,200
poi.place-x-food,en,us,,restaurants in seattle,1900,0,0.15,restaurants seattle,30,200
poi.place-x-food,en,us,,restaurants in pasadena,1900,18,0.15,pasadena restaurants,30,200
poi.place-x-food,en,us,,restaurants in schaumburg,1900,23,0.45,schaumburg restaurants,30,200
poi.place-x-food,en,us,,best restaurants in omaha,1800,33,0.35,omaha restaurants,30,200
poi.place-x-food,en,us,,restaurants in naperville,1800,26,0.6,naperville restaurants,30,200
poi.place-x-food,en,us,,best italian restaurants in las vegas,1800,62,0.6,italian restaurants las vegas,30,200
poi.place-x-food,en,us,,restaurants in fredericksburg tx,1800,48,0.02,fredericksburg restaurants,30,200
poi.place-x-food,en,us,,restaurants in san antonio,1800,5,0.3,best restaurants in san antonio,30,200
poi.place-x-food,en,us,,restaurants in burlington ma,1700,17,0.5,restaurants in burlington ma,30,200
poi.place-x-food,en,us,,restaurants in salem ma,1700,56,0.1,salem ma restaurants,30,200
poi.place-x-food,en,us,,restaurants in austin,1700,5,0.15,best restaurants in austin,30,200
poi.place-x-food,en,us,,restaurants in los angeles,1700,0,0.5,best restaurants los angeles,30,200
poi.place-x-food,en,us,,restaurants in blue ridge ga,1700,42,0.03,blue ridge ga restaurants,30,200
poi.place-x-food,en,us,,best restaurants in santa monica,1700,7,0.15,santa monica restaurants,30,200
poi.place-x-food,en,us,,restaurants in charlotte,1700,7,0.5,restaurants charlotte nc,30,200
poi.place-x-food,en,us,,best restaurants in lisbon,1700,0,0.1,lisbon restaurants,30,200
poi.place-x-food,en,us,,best restaurants in the world,1600,31,0.3,worlds best,30,200
poi.place-x-food,en,us,,best restaurants in santa barbara,1600,3,0.15,santa barbara restaurants,30,200
poi.place-x-food,en,us,,restaurants in lexington ky,1600,0,0.25,restaurants lexington ky,30,200
poi.place-x-food,en,us,,restaurants in portsmouth nh,1600,51,0.45,restaurants portsmouth nh,30,200
poi.place-x-food,en,us,,restaurants in frankenmuth,1600,24,0.1,frankenmuth restaurant,30,200
poi.place-x-food,en,us,,restaurants in greenville sc,1600,49,0.25,greenville sc restaurants,30,200
poi.place-x-food,en,us,,best seafood restaurants in boston,1600,64,0.09,best seafood in boston,30,200
poi.place-x-food,en,us,,restaurants in lake geneva,1600,34,0.25,lake geneva restaurants,30,200
poi.place-x-food,en,us,,best restaurants in tokyo,1600,1,0.03,tokyo food,30,200
poi.place-x-food,en,us,,restaurants in franklin tn,1600,22,0.25,franklin tn restaurants,30,200
poi.place-x-food,en,us,,best restaurants in salt lake city,1600,8,0.4,best restaurants salt lake city,30,200
poi.place-x-food,en,us,,best restaurants in tucson,1600,2,0.15,best restaurants tucson,30,200
poi.place-x-food,en,us,,restaurants in baton rouge,1600,10,0.4,baton rouge restaurants,30,200
poi.place-x-food,en,us,,best restaurants in disney springs,1600,0,0.1,places to eat at disney springs,30,200
poi.place-x-food,en,us,,restaurants in winter park,1600,26,0.45,restaurants in winter park,30,200
poi.place-x-food,en,us,,restaurants in disneyland,1600,10,0.04,disneyland food,30,200
poi.place-x-food,en,us,,restaurants in gainesville,1600,3,0.2,best restaurants in gainesville,30,200
poi.place-x-food,en,us,,restaurants in hyde park,1500,37,0.06,hyde park steakhouse,30,200
poi.place-x-food,en,us,,restaurants in pittsburgh,1500,23,0.3,best restaurants in pittsburgh,30,200
poi.place-x-food,en,us,,best restaurants in madrid,1500,0,0.45,best restaurants in madrid,30,200
poi.place-x-food,en,us,,restaurants in troy,1500,12,0.6,troy restaurants,30,200
poi.place-x-food,en,us,,mr. pocu 15 chinese restaurants in accra and their contact,1500,0,,mr. pocu 15 chinese restaurants in accra and their contact,30,200
poi.place-x-food,en,us,,restaurants in gatlinburg tn,1500,15,0.06,gatlinburg restaurants,30,200
poi.place-x-food,en,us,,restaurants in manhattan,1500,28,0.15,best nyc restaurants,30,200
poi.place-x-food,en,us,,dine in restaurants,1500,15,0.25,food places near me,30,200
poi.place-x-food,en,us,,restaurants in sarasota,1500,2,0.35,restaurants sarasota,30,200
poi.place-x-food,en,us,,restaurants in georgetown,1500,4,0.1,georgetown restaurants,30,200
poi.place-x-food,en,us,,restaurants in la jolla,1500,38,0.25,duke's la jolla,30,200
poi.place-x-food,en,us,,restaurants in traverse city,1500,34,0.25,restaurants traverse city,30,200
poi.place-x-food,en,us,,restaurants in roseville,1500,5,0.4,roseville restaurants,30,200
poi.place-x-food,en,us,,restaurants in frederick md,1500,34,0.15,restaurants in frederick md,30,200
poi.place-x-food,en,us,,restaurants in mexico city,1500,1,0.2,best restaurants mexico city,30,200
poi.place-x-food,en,us,,best restaurants in santa fe,1500,3,0.06,santa fe restaurants,30,200
poi.place-x-food,en,us,,restaurants in asheville nc,1500,40,0.03,best restaurants asheville,30,200
poi.place-x-food,en,us,,best restaurants in sarasota,1500,2,0.3,best restaurants sarasota,30,200
poi.place-x-food,en,us,,best restaurants in buffalo,1500,10,0.15,best restaurants in buffalo,30,200
poi.place-x-food,en,us,,restaurants in boone nc,1500,52,0.02,restaurants boone nc,30,200
poi.place-x-food,en,us,,best restaurants in puerto rico,1500,0,0.3,best restaurants in san juan,30,200
poi.place-x-food,en,us,,restaurants in savannah,1500,24,0.08,best savannah restaurants,30,200
poi.place-x-food,en,us,,restaurants in portland,1500,38,0.3,best restaurants portland,30,200
poi.place-x-food,en,us,,restaurants in montclair nj,1500,31,0.03,montclair restaurants,30,200
poi.place-x-food,en,us,,restaurants in laguna beach,1500,50,0.25,laguna beach restaurants,30,200
poi.place-x-food,en,us,,restaurants in plymouth ma,1500,47,0.05,99 plymouth,30,200
poi.place-x-food,en,us,,best coffee shops in seattle,1500,4,0.15,best coffee in seattle,30,200
poi.place-x-food,en,us,,restaurants in jersey city,1400,9,0.2,jersey city restaurants,30,200
poi.place-x-food,en,us,,restaurants in washington dc,1400,12,0.15,famous restaurant in washington dc,30,200
poi.place-x-food,en,us,,restaurants in atlanta airport,1400,4,0.06,atlanta airport food,30,200
poi.place-x-food,en,us,,best restaurants in philly,1400,4,0.1,best philadelphia restaurants,30,200
poi.place-x-food,en,us,,best restaurants in baltimore,1400,4,0.35,best restaurants in baltimore,30,200
poi.place-x-food,en,us,,restaurants in cape may,1400,4,0.02,ocean 7 cape may,30,200
poi.place-x-food,en,us,,restaurants in annapolis,1400,26,0.4,annapolis restaurants,30,200
poi.place-x-food,en,us,,restaurants in gulf shores,1400,48,0.3,gulf shores alabama restaurants,30,200
poi.place-x-food,en,us,,restaurants in mackinaw city,1400,18,0.02,restaurants mackinaw city,30,200
poi.place-x-food,en,us,,best restaurants in napa,1400,45,0.35,napa restaurants,30,200
poi.place-x-food,en,us,,best restaurants in amsterdam,1400,1,0.06,best restaurants in amsterdam,30,200
poi.place-x-food,en,us,,restaurants in raleigh nc,1400,58,0.15,raleigh restaurants,30,200
poi.place-x-food,en,us,,best restaurants in disney world,1400,1,0.01,best disney world restaurants,30,200
poi.place-x-food,en,us,,restaurants in this area,1400,28,0.35,best restaurants orlando,30,200
poi.place-x-food,en,us,,restaurants in boardman ohio,1400,47,0.2,restaurants in boardman ohio,30,200
poi.place-x-food,en,us,,restaurants in chattanooga,1400,0,0.1,"best restaurants near chattanooga, tn",30,200
poi.place-x-food,en,us,,best restaurants in birmingham,1400,6,0.25,birmingham restaurants,30,200
poi.place-x-food,en,us,,restaurants in new braunfels,1400,32,0.09,new braunfels restaurants,30,200
poi.place-x-food,en,us,,best restaurants in miami beach,1400,9,0.8,best restaurants in miami beach,30,200
poi.place-x-food,en,us,,restaurants in ann arbor,1300,0,0.06,restaurants in ann arbor,30,200
poi.place-x-food,en,us,,restaurants in waco,1300,0,0.2,waco restaurants,30,200
poi.place-x-food,en,us,,restaurants in hoboken,1300,0,0.35,hoboken restaurants,30,200
poi.place-x-food,en,us,,restaurants in hilton head,1300,15,0.2,best restaurants hilton head,30,200
poi.place-x-food,en,us,,restaurants in grapevine,1300,39,0.6,grapevine restaurants,30,200
poi.place-x-food,en,us,,restaurants in park city,1300,5,0.25,restaurants in park city,30,200
poi.place-x-food,en,us,,best restaurants in richmond va,1300,0,0.3,richmond restaurants,30,200
poi.place-x-food,en,us,,restaurants in sacramento,1300,12,0.4,restaurants sacramento,30,200
poi.place-x-food,en,us,,best restaurants in rochester ny,1300,30,0.15,rochester restaurants,30,200
poi.place-x-food,en,us,,restaurants in lititz pa,1300,40,0.02,restaurants in lititz pa,30,200
poi.place-x-food,en,us,,best restaurants in charlotte nc,1300,0,0.4,restaurants charlotte nc,30,200
poi.place-x-food,en,us,,restaurants in st louis,1300,6,0.35,st louis restaurants,30,200
poi.place-x-food,en,us,,restaurants in frisco,1300,12,0.3,frisco restaurants,30,200
poi.place-x-food,en,us,,restaurants in newport beach,1300,0,0.2,newport beach restaurants,30,200
poi.place-x-food,en,us,,restaurants in buckhead,1300,0,0.35,restraunts in buckhead,30,200
poi.place-x-food,en,us,,restaurants in ocala,1300,35,0.1,best restaurants ocala,30,200
poi.place-x-food,en,us,,restaurants in charlottesville va,1300,22,0.45,charlottesville restaurants,30,200
poi.place-x-food,en,us,,best restaurants in sacramento,1300,20,0.35,best sacramento restaurants,30,200
poi.place-x-food,en,us,,best italian restaurants in houston,1300,61,0.5,best italian restaurants in houston,30,200
poi.place-x-food,en,us,,best restaurants in breckenridge,1300,44,0.08,restaurants breckenridge,30,200
poi.place-x-food,en,us,,best restaurants in galveston,1300,16,0.15,best restaurants in galveston,30,200
poi.place-x-food,en,us,,restaurants in columbia sc,1300,11,0.15,restaurants columbia sc,30,200
poi.place-x-food,en,us,,best restaurants in tulsa,1300,4,0.25,tulsa restaurants,30,200
poi.place-x-food,en,us,,best restaurants in grand rapids,1200,0,0.2,fun restaurants grand rapids,30,200
poi.place-x-food,en,us,,restaurants in spokane,1200,59,0.15,clinkerdagger,30,200
poi.place-x-food,en,us,,restaurants in biloxi,1200,18,0.1,places to eat in biloxi,30,200
poi.place-x-food,en,us,,best restaurants in williamsburg,1200,0,0.1,where to eat in williamsburg,30,200
poi.place-x-food,en,us,,hole in the wall restaurants near me,1200,4,0.25,hole in the wall restaurants near me,30,200
poi.place-x-food,en,us,,best restaurants in venice,1200,4,0.1,best restaurants venice italy,30,200
poi.place-x-food,en,us,,restaurants in santa barbara,1200,12,0.15,santa barbara restaurants,30,200
poi.place-x-food,en,us,,restaurants in minneapolis,1200,26,0.5,st paul restaurants,30,200
poi.place-x-food,en,us,,restaurants in virginia beach,1200,0,0.25,restaurants virginia beach,30,200
poi.place-x-food,en,us,,restaurants in springfield mo,1200,31,0.08,restaurants springfield mo,30,200
poi.place-x-food,en,us,,best restaurants in asheville,1200,0,0.04,asheville restaurants,30,200
poi.place-x-food,en,us,,best restaurants in florence,1200,0,0.15,florence restaurants,30,200
poi.place-x-food,en,us,,restaurants in lubbock,1200,2,0.2,places to eat lubbock,30,200
poi.place-x-food,en,us,,restaurants in burbank,1200,1,0.3,restaurants in burbank,30,200
poi.place-x-food,en,us,,best cafes in london,1200,0,0.25,best cafes in london,30,200
poi.place-x-food,en,us,,restaurants in riverside,1200,2,0.25,best restaurants riverside,30,200
poi.place-x-food,en,us,,fancy restaurants in atlanta,1200,61,0.5,prime on peachtree,30,200
poi.place-x-food,en,us,,best restaurants in dublin,1200,0,0.08,restaurant in dublin,30,200
poi.place-x-food,en,us,,restaurants in dublin,1200,4,0.2,dublin restaurants,30,200
poi.place-x-food,en,us,,restaurants in williamsburg,1200,12,0.1,williamsburg restaurants,30,200
poi.place-x-food,en,us,,restaurants in sevierville tn,1200,51,0.03,restaurants in sevierville,30,200
poi.place-x-food,en,us,,restaurants in providence,1200,12,0.35,providence restaurants,30,200
poi.place-x-food,en,us,,restaurants in napa,1200,48,0.35,napa restaurants,30,200
poi.place-x-food,en,us,,restaurants in seaport boston,1200,21,0.35,seaport restaurants,30,200
poi.place-x-food,en,us,,best restaurants in hilton head,1200,0,0.15,hilton head restaurants,30,200
poi.place-x-food,en,us,,best restaurants in pasadena,1200,1,0.15,pasadena restaurants,30,200
poi.place-x-food,en,us,,restaurants in greensboro nc,1200,34,0.4,restaurants greensboro nc,30,200
poi.place-x-food,en,us,,restaurants in novi,1200,7,0.5,novi restaurants,30,200
poi.place-x-food,en,us,,best restaurants in madison wi,1200,2,0.3,restaurants madison,30,200
poi.place-x-food,en,us,,restaurants in wisconsin dells,1200,47,0.4,wisconsin dells restaurants,30,200
poi.place-x-food,en,us,,restaurants in phoenix,1200,2,0.6,best restaurants phoenix,30,200
poi.place-x-food,en,us,,restaurants in magic kingdom,1200,22,0.1,magic kingdom restaurants,30,200
poi.place-x-food,en,us,,restaurants in greenville nc,1200,0,0.35,dinner in greenville nc,30,200
poi.place-x-food,en,us,,restaurants in little rock,1200,0,,places in little rock,30,200
poi.place-x-food,en,us,,restaurants in lafayette,1100,12,0.2,lafayette restaurants,30,200
poi.place-x-food,en,us,,restaurants in carmel,1100,34,0.4,treehouse cafe carmel,30,200
poi.place-x-food,en,us,,restaurants in carmel indiana,1100,39,0.25,carmel restaurants,30,200
poi.place-x-food,en,us,,restaurants in athens ga,1100,0,0.06,athens ga restaurants,30,200
poi.place-x-food,en,us,,restaurants in irvine,1100,1,0.5,irvine restaurants,30,200
poi.place-x-food,en,us,,restaurants in little italy san diego,1100,52,,little italy restaurants san diego,30,200
poi.place-x-food,en,us,,restaurants in sioux falls,1100,41,0.2,restaurants sioux falls,30,200
poi.place-x-food,en,us,,restaurants in hendersonville nc,1100,46,0.03,restaurants in hendersonville nc,30,200
poi.place-x-food,en,us,,restaurants in asbury park,1100,2,0.02,asbury park restaurants,30,200
poi.place-x-food,en,us,,restaurants in decatur,1100,3,0.45,downtown decatur restaurants,30,200
poi.place-x-food,en,us,,best restaurants in disneyland,1100,0,0.03,disneyland restaurants,30,200
poi.place-x-food,en,us,,restaurants in pensacola,1100,11,0.2,restaurants in pensacola florida,30,200
poi.place-x-food,en,us,,restaurants in salt lake city,1100,16,0.4,best restaurants salt lake city,30,200
poi.place-x-food,en,us,,best restaurants in jackson hole,1100,0,0.02,jackson hole restaurants,30,200
poi.place-x-food,en,us,,best restaurants in carmel,1100,0,0.35,carmel restaurants,30,200
poi.place-x-food,en,us,,restaurants in fresno,1100,4,0.25,best restaurants in fresno,30,200
poi.place-x-food,en,us,,restaurants in louisville,1100,9,0.4,louisville restaurants,30,200
poi.place-x-food,en,us,,restaurants in breckenridge,1100,45,0.1,restaurants breckenridge,30,200
poi.place-x-food,en,us,,restaurants in panama city,1100,14,0.15,restaurants in panama city,30,200
poi.place-x-food,en,us,,restaurants in erie pa,1100,48,0.1,the boardroom erie pa,30,200
poi.place-x-food,en,us,,how many 3 star michelin restaurants in the world,1100,0,,3 michelin star restaurants,30,200
poi.place-x-food,en,us,,restaurants in walnut creek,1100,22,0.03,walnut creek restaurants,30,200
poi.place-x-food,en,us,,restaurants in charlottesville,1100,0,0.25,charlottesville restaurants,30,200
poi.place-x-food,en,us,,restaurants in punta gorda,1100,50,0.15,punta gorda restaurants,30,200
poi.place-x-food,en,us,,restaurants in cincinnati,1100,17,0.5,restaurants in cincinnati,30,200
poi.place-x-food,en,us,,restaurants in tucson,1100,7,0.2,tucson restaurants,30,200
poi.place-x-food,en,us,,restaurants in jupiter,1100,61,0.25,restaurants in jupiter,30,200
poi.place-x-food,en,us,,best restaurants in durham,1100,2,0.3,best restaurants durham nc,30,200
poi.place-x-food,en,us,,restaurants in ellijay ga,1100,0,0.02,butcher and bottle ellijay,30,200
poi.place-x-food,en,us,,restaurants in old town scottsdale,1100,12,0.3,restaurants old town scottsdale,30,200
poi.place-x-food,en,us,,restaurants in cheyenne wyoming,1100,52,0.02,restaurants cheyenne,30,200
poi.place-x-food,en,us,,best restaurants in prague,1100,2,0.1,best prague restaurants,30,200
poi.place-x-food,en,us,,restaurants in the domain,1100,10,0.7,restaurants in the domain,30,200
poi.place-x-food,en,us,,best restaurants in soho,1100,2,0.5,soho restaurants,30,200
poi.place-x-food,en,us,,restaurants in brooklyn,1100,10,0.5,best restaurants brooklyn,30,200
poi.place-x-food,en,us,,restaurants in beverly hills,1100,6,0.1,beverly hills restaurants,30,200
poi.place-x-food,en,us,,restaurants where they cook in front of you,1100,0,0.9,fogo de chao irvine,30,200
poi.place-x-food,en,us,,restaurants in tulsa,1100,34,0.25,restaurants tulsa,30,200
poi.place-x-food,en,us,,restaurants in huntsville al,1100,33,0.15,huntsville restaurants,30,200
poi.place-x-food,en,us,,restaurants in boulder,1100,33,0.45,restaurants in boulder,30,200
poi.place-x-food,en,us,,restaurants in louisville ky,1100,49,0.35,louisville restaurants,30,200
poi.place-x-food,en,us,,best restaurants in waikiki,1100,0,0.09,restaurants in waikiki,30,200
poi.place-x-food,en,us,,restaurants in reno,1100,10,0.25,reno restaurants,30,200
poi.place-x-food,en,us,,restaurants in gatlinburg tennessee,1100,16,0.06,gatlinburg restaurants,30,200
poi.place-x-food,en,us,,restaurants in tallahassee,1100,6,0.03,best restaurants in tallahassee,30,200
poi.place-x-food,en,us,,restaurants in galena il,1100,7,0.3,galena restaurants,30,200
poi.place-x-food,en,us,,restaurants in arlington,1100,1,0.45,arlington restaurants,30,200
poi.place-x-food,en,us,,restaurants in folsom,1000,1,0.25,folsom restaurants,30,200
poi.place-x-food,en,us,,restaurants in rome,1000,0,0.2,food in rome,30,200
poi.place-x-food,en,us,,restaurants in baltimore,1000,27,0.4,best restaurants in baltimore,30,200
poi.place-x-food,en,us,,best restaurants in panama city beach,1000,0,0.15,panama city beach best restaurants,30,200
poi.place-x-food,en,us,,restaurants in fort myers,1000,14,0.1,fort myers restaurants,30,200
poi.place-x-food,en,us,,best restaurants in destin,1000,5,0.09,destin restaurants,30,200
poi.place-x-food,en,us,,restaurants in temecula,1000,1,0.2,old town temecula restaurants,30,200
poi.place-x-food,en,us,,restaurants in florence sc,1000,42,0.02,best restaurants in florence sc,30,200
poi.place-x-food,en,us,,restaurants in kansas city,1000,52,0.15,best restaurants in kansas city,30,200
poi.place-x-food,en,us,,restaurants in fredericksburg texas,1000,39,0.02,restaurants in fredericksburg tx,30,200
poi.place-x-food,en,us,,best restaurants in charlottesville,1000,37,0.3,charlottesville lunch spots,30,200
poi.place-x-food,en,us,,restaurants in bend oregon,1000,5,0.09,bend restaurants,30,200
poi.place-x-food,en,us,,restaurants in epcot,1000,51,0.05,epcot dining,30,200
poi.place-x-food,en,us,,restaurants in soho,1000,2,0.9,soho restaurants,30,200
poi.place-x-food,en,us,,restaurants in eureka springs,1000,27,0.03,places to eat in eureka springs,30,200
poi.place-x-food,en,us,,restaurants in bethesda,1000,26,0.45,bethesda restaurants,30,200
poi.place-x-food,en,us,,restaurants that cook in front of you,1000,11,0.7,restaurants that cook in front of you,30,200
poi.place-x-food,en,us,,best restaurants in knoxville,1000,55,0.25,best restaurants in knoxville,30,200
poi.place-x-food,en,us,,restaurants in castle rock,1000,46,0.05,food in castle rock,30,200
poi.place-x-food,en,us,,restaurants in sandy springs,1000,28,0.45,food in sandy springs,30,200
poi.place-x-food,en,us,,sit in restaurants near me,1000,0,0.35,restaurants in delano wichita ks,30,200
poi.place-x-food,en,us,,best restaurants in el paso,1000,2,0.25,restaurants el paso,30,200
poi.place-x-food,en,us,,restaurants in new hope pa,1000,0,0.35,new hope restaurants,30,200
poi.place-x-food,en,us,,nice restaurants in nashville,1000,0,0.7,best places to eat in nashville,30,200
poi.place-x-food,en,us,,restaurants in bowling green ky,1000,44,0.2,bowling green restaurants,30,200
poi.place-x-food,en,us,,restaurants in pooler ga,1000,31,0.1,food in pooler,30,200
poi.place-x-food,en,us,,best restaurants in okc,1000,0,0.25,best restaurants in okc,30,200
poi.place-x-food,en,us,,restaurants in paso robles,1000,2,0.2,paso robles restaurants,30,200
poi.place-x-food,en,us,,restaurants in american dream mall,1000,48,0.4,american dream mall restaurants,30,200
poi.place-x-food,en,us,,restaurants in puerto rico,1000,0,0.3,best restaurants in puerto rico,30,200
poi.place-x-food,en,us,,best restaurants in lubbock,1000,0,0.15,popular restaurants in lubbock,30,200
poi.place-x-food,en,us,,restaurants in jackson tn,1000,23,0.02,jackson tn restaurants,30,200
poi.place-x-food,en,us,,best restaurants in reno,1000,2,0.25,reno restaurants,30,200
poi.place-x-food,en,us,,restaurants in fredericksburg,1000,5,0.02,fredericksburg restaurants,30,200
poi.place-x-food,en,us,,best restaurants in la jolla,1000,6,0.3,best restaurants in la jolla,30,200
poi.place-x-outdoor-leisure,en,us,,best beaches in portugal,53000,0,0.07,best beaches in portugal,30,100
poi.place-x-outdoor-leisure,en,us,,best beaches in greece,51000,0,0.06,best islands to visit in greece,30,100
poi.place-x-outdoor-leisure,en,us,,best beaches in florida gulf coast,48000,0,0.25,florida beach,30,100
poi.place-x-outdoor-leisure,en,us,,best beaches in florida,37000,3,0.05,best florida beaches,30,100
poi.place-x-outdoor-leisure,en,us,,best beaches in thailand,33000,0,0.04,best beaches in thailand,30,100
poi.place-x-outdoor-leisure,en,us,,best beaches in australia,21000,0,0.15,best beaches in australia,30,100
poi.place-x-outdoor-leisure,en,us,,national parks in california,21000,8,0.02,california national parks,30,100
poi.place-x-outdoor-leisure,en,us,,best beaches in the us,15000,5,0.03,best beaches in usa,30,100
poi.place-x-outdoor-leisure,en,us,,best national parks in usa,15000,2,0.03,most popular national parks,30,100
poi.place-x-outdoor-leisure,en,us,,beaches in florida,13000,3,0.45,quiet beach towns in florida,30,100
poi.place-x-outdoor-leisure,en,us,,best beaches in the caribbean,10000,0,0.15,top beaches in the caribbean,30,100
poi.place-x-outdoor-leisure,en,us,,best beaches in the world,9900,8,0.04,best beach vacation destinations 2025,30,100
poi.place-x-outdoor-leisure,en,us,,national parks in texas,9600,0,0.03,best nature reserves near me,30,100
poi.place-x-outdoor-leisure,en,us,,national parks in colorado,7500,36,0.05,colorado national parks,30,100
poi.place-x-outdoor-leisure,en,us,,best beaches in puerto rico,7400,0,0.1,best beach in puerto rico,30,100
poi.place-x-outdoor-leisure,en,us,,national parks in florida,6500,47,0.08,how many national parks are in florida,30,100
poi.place-x-outdoor-leisure,en,us,,beaches in north carolina,6200,0,0.6,best beaches in nc,30,100
poi.place-x-outdoor-leisure,en,us,,national parks in arizona,6000,11,0.02,arizona national parks,30,100
poi.place-x-outdoor-leisure,en,us,,best beaches in north carolina,5900,0,0.5,north carolina beaches,30,100
poi.place-x-outdoor-leisure,en,us,,best national parks to visit in march,5900,0,0.03,best national parks in march,30,100
poi.place-x-outdoor-leisure,en,us,,national parks in usa,5300,58,0.03,most popular national parks,30,100
poi.place-x-outdoor-leisure,en,us,,best beaches in usa,5300,10,0.04,best beaches in america,30,100
poi.place-x-outdoor-leisure,en,us,,beaches in georgia,5300,1,0.45,does georgia have beaches,30,100
poi.place-x-outdoor-leisure,en,us,,best beaches in mexico,5000,0,0.15,beaches in mexico,30,100
poi.place-x-outdoor-leisure,en,us,,best christmas markets in europe,4800,2,0.06,best european christmas markets,30,100
poi.place-x-outdoor-leisure,en,us,,best amusement parks in the us,4300,7,0.4,best amusement parks in usa,30,100
poi.place-x-outdoor-leisure,en,us,,beaches in nc,4200,11,0.7,north carolina beach,30,100
poi.place-x-outdoor-leisure,en,us,,best beaches in costa rica,4000,0,0.3,costa rica beaches,30,100
poi.place-x-outdoor-leisure,en,us,,national parks in kansas,3600,0,0.2,kansas national parks,30,100
poi.place-x-outdoor-leisure,en,us,,beaches in mexico,3500,0,0.35,popular beaches in mexico,30,100
poi.place-x-outdoor-leisure,en,us,,best theme parks in the us,3400,0,0.4,best theme parks in the united states,30,100
poi.place-x-outdoor-leisure,en,us,,best beaches in san diego,3300,4,0.07,best beaches san diego,30,100
poi.place-x-outdoor-leisure,en,us,,best beaches in italy,3200,0,0.05,does italy have beaches,30,100
poi.place-x-outdoor-leisure,en,us,,national parks in washington,3200,39,0.05,washington national parks,30,100
poi.place-x-outdoor-leisure,en,us,,things to do in orlando besides theme parks,3100,5,0.15,things to do in orlando florida,30,100
poi.place-x-outdoor-leisure,en,us,,beaches in virginia,3100,9,0.4,sandbridge beach va,30,100
poi.place-x-outdoor-leisure,en,us,,best beaches in south carolina,3100,2,0.6,best south carolina beaches,30,100
poi.place-x-outdoor-leisure,en,us,,most beautiful beaches in the world,3100,8,0.04,best beach vacation destinations 2025,30,100
poi.place-x-outdoor-leisure,en,us,,beaches in michigan,3000,1,0.4,beaches in michigan,30,100
poi.place-x-outdoor-leisure,en,us,,christmas markets in germany,2900,0,0.35,best christmas markets germany,30,100
poi.place-x-outdoor-leisure,en,us,,best beaches in europe,2900,12,0.06,best beach in europe,30,100
poi.place-x-outdoor-leisure,en,us,,beaches in italy,2900,0,0.06,does italy have beaches,30,100
poi.place-x-outdoor-leisure,en,us,,national parks in new mexico,2800,0,0.25,fun places to visit in new mexico,30,100
poi.place-x-outdoor-leisure,en,us,,beaches in maine,2800,3,0.45,best beach in maine,30,100
poi.place-x-outdoor-leisure,en,us,,best beaches in hawaii,2600,0,0.1,hawaii beach,30,100
poi.place-x-outdoor-leisure,en,us,,beaches in spain,2500,6,0.25,beaches in spain,30,100
poi.place-x-outdoor-leisure,en,us,,national parks in alaska,2400,10,0.04,alaska,30,100
poi.place-x-outdoor-leisure,en,us,,best beaches in oahu,2300,0,0.07,best beaches in oahu,30,100
poi.place-x-outdoor-leisure,en,us,,best beaches in maui,2300,1,0.15,maui beaches,30,100
poi.place-x-outdoor-leisure,en,us,,best beaches in us,2200,0,0.03,florida beaches,30,100
poi.place-x-outdoor-leisure,en,us,,nude beaches in florida,2200,4,0.4,nude beach florida,30,100
poi.place-x-outdoor-leisure,en,us,,national parks in canada,2200,43,0.06,canadian national parks,30,100
poi.place-x-outdoor-leisure,en,us,,water parks in texas,2100,48,0.5,schlitterbahn,30,100
poi.place-x-outdoor-leisure,en,us,,beaches in tampa,2000,8,0.45,does tampa have a beach,30,100
poi.place-x-outdoor-leisure,en,us,,beaches in delaware,1900,22,0.5,beaches,30,100
poi.place-x-outdoor-leisure,en,us,,beaches in connecticut,1900,6,0.35,connecticut beaches,30,100
poi.place-x-outdoor-leisure,en,us,,beaches in puerto rico,1900,0,0.15,best beaches in puerto rico,30,100
poi.place-x-outdoor-leisure,en,us,,best beaches in florida for families,1900,0,0.7,best beaches for families in florida,30,100
poi.place-x-outdoor-leisure,en,us,,best beaches in kauai,1700,0,0.08,best beaches in kauai,30,100
poi.place-x-outdoor-leisure,en,us,,best beaches in africa,1700,1,0.35,beaches in africa,30,100
poi.place-x-outdoor-leisure,en,us,,how many national parks in california,1700,15,0.03,california national parks,30,100
poi.place-x-outdoor-leisure,en,us,,national parks in nevada,1700,43,0.3,nevada national parks,30,100
poi.place-x-outdoor-leisure,en,us,,best national parks to visit in april,1700,0,0.05,best national parks to visit in april,30,100
poi.place-x-outdoor-leisure,en,us,,most beautiful national parks in the us,1700,0,0.04,how many national parks are in the us,30,100
poi.place-x-outdoor-leisure,en,us,,best beaches in maine,1700,0,0.5,maine beaches,30,100
poi.place-x-outdoor-leisure,en,us,,beaches in hawaii,1700,2,0.1,best beaches in hawaii,30,100
poi.place-x-outdoor-leisure,en,us,,top national parks in us,1600,9,0.04,best national parks in usa,30,100
poi.place-x-outdoor-leisure,en,us,,beaches in orlando florida,1600,0,0.06,beaches near orlando,30,100
poi.place-x-outdoor-leisure,en,us,,best beaches in new jersey,1600,4,0.02,best beaches in nj,30,100
poi.place-x-outdoor-leisure,en,us,,best water parks in usa,1600,0,0.45,best water parks in usa,30,100
poi.place-x-outdoor-leisure,en,us,,beaches in oregon,1600,8,0.45,oregon beaches,30,100
poi.place-x-outdoor-leisure,en,us,,beaches in rhode island,1600,12,0.5,best beaches in rhode island,30,100
poi.place-x-outdoor-leisure,en,us,,beaches in la,1600,0,0.06,la beaches,30,100
poi.place-x-outdoor-leisure,en,us,,music in the parks,1500,12,0.8,park music,30,100
poi.place-x-outdoor-leisure,en,us,,indoor water parks in ohio,1500,5,0.3,kalahari waterpark,30,100
poi.place-x-outdoor-leisure,en,us,,beaches in costa rica,1500,0,0.7,best beaches in costa rica,30,100
poi.place-x-outdoor-leisure,en,us,,prettiest beaches in florida,1500,3,0.05,best beaches in florida,30,100
poi.place-x-outdoor-leisure,en,us,,nice beaches in florida,1500,4,0.06,best florida beaches,30,100
poi.place-x-outdoor-leisure,en,us,,beaches in ct,1500,0,0.3,connecticut beaches,30,100
poi.place-x-outdoor-leisure,en,us,,national parks in tennessee,1500,53,0.35,national parks in tennessee,30,100
poi.place-x-outdoor-leisure,en,us,,beaches in louisiana,1500,0,0.45,louisiana beaches,30,100
poi.place-x-outdoor-leisure,en,us,,amusement parks in california,1400,65,0.25,theme parks in california,30,100
poi.place-x-outdoor-leisure,en,us,,national parks in new york,1400,3,0.7,national parks in new york,30,100
poi.place-x-outdoor-leisure,en,us,,best beaches in oregon,1400,0,0.06,beaches in oregon,30,100
poi.place-x-outdoor-leisure,en,us,,top beaches in the caribbean,1400,1,0.6,best beaches in the caribbean,30,100
poi.place-x-outdoor-leisure,en,us,,beaches in greece,1400,7,0.2,best beaches in greece,30,100
poi.place-x-outdoor-leisure,en,us,,best beaches in aruba,1400,0,0.35,best beach in aruba,30,100
poi.place-x-outdoor-leisure,en,us,,all national parks in the us,1400,66,0.02,best national parks in usa,30,100
poi.place-x-outdoor-leisure,en,us,,amusement parks in ohio,1300,0,0.35,cedar point,30,100
poi.place-x-outdoor-leisure,en,us,,top 10 national parks in usa,1300,11,0.03,best national parks in usa,30,100
poi.place-x-outdoor-leisure,en,us,,national parks in the united states,1300,58,0.05,best national parks to visit,30,100
poi.place-x-outdoor-leisure,en,us,,best beaches in massachusetts,1300,3,1.0,massachusetts beaches,30,100
poi.place-x-outdoor-leisure,en,us,,top beaches in the world,1300,0,0.04,beatiful places,30,100
poi.place-x-outdoor-leisure,en,us,,beaches in portugal,1300,1,0.15,best beaches in portugal,30,100
poi.place-x-outdoor-leisure,en,us,,national parks in illinois,1300,24,0.3,national parks in illinois,30,100
poi.place-x-outdoor-leisure,en,us,,best beaches in rhode island,1300,8,0.45,best beach in ri,30,100
poi.place-x-outdoor-leisure,en,us,,beaches in brazil,1300,1,0.35,brazil beaches,30,100
poi.place-x-outdoor-leisure,en,us,,beaches in the us,1300,6,0.03,best beach vacations in the us,30,100
poi.place-x-outdoor-leisure,en,us,,beaches in washington,1200,0,0.4,best beaches in washington,30,100
poi.place-x-outdoor-leisure,en,us,,national parks in alabama,1200,28,0.5,alabama national parks,30,100
poi.place-x-outdoor-leisure,en,us,,best state parks in texas,1200,0,0.02,best texas state parks,30,100
poi.place-x-outdoor-leisure,en,us,,christmas markets in europe,1200,0,0.2,best european christmas markets,30,100
poi.place-x-outdoor-leisure,en,us,,best beaches in key west,1200,0,0.1,best beaches in key west,30,100
poi.place-x-outdoor-leisure,en,us,,national parks in virginia,1200,0,0.5,national parks in virginia,30,100
poi.place-x-outdoor-leisure,en,us,,best national parks to visit in may,1200,0,0.06,best national park to visit in may,30,100
poi.place-x-outdoor-leisure,en,us,,best beaches in alabama,1200,2,0.6,does alabama have a beach,30,100
poi.place-x-outdoor-leisure,en,us,,best beaches in colombia,1200,0,0.1,best beaches in colombia,30,100
poi.place-x-outdoor-leisure,en,us,,amusement parks in texas,1200,52,0.7,six flags over texas,30,100
poi.place-x-outdoor-leisure,en,us,,top 10 beaches in the world,1200,12,0.04,best beaches in the world,30,100
poi.place-x-outdoor-leisure,en,us,,best christmas markets in germany,1200,2,0.1,best christmas markets in germany,30,100
poi.place-x-outdoor-leisure,en,us,,best beaches in cape cod,1100,1,0.03,cape cod beaches,30,100
poi.place-x-outdoor-leisure,en,us,,best theme parks in the world,1100,21,0.1,what is the best theme park in the world,30,100
poi.place-x-outdoor-leisure,en,us,,beaches in barcelona,1100,0,0.25,barcelona beach,30,100
poi.place-x-outdoor-leisure,en,us,,best beaches in caribbean,1100,0,0.4,top beaches in the caribbean,30,100
poi.place-x-outdoor-leisure,en,us,,national parks in oklahoma,1100,1,0.3,oklahoma national parks,30,100
poi.place-x-outdoor-leisure,en,us,,list of national parks in the us,1100,75,0.02,list of us national parks,30,100
poi.place-x-outdoor-leisure,en,us,,beaches in ga,1100,2,0.45,does georgia have beaches,30,100
poi.place-x-outdoor-leisure,en,us,,beaches in el salvador,1100,0,0.45,el salvador beaches,30,100
poi.place-x-outdoor-leisure,en,us,,beaches in orlando,1100,0,0.08,beaches near orlando,30,100
poi.place-x-outdoor-leisure,en,us,,water parks in georgia,1100,48,0.8,white waters,30,100
poi.place-x-outdoor-leisure,en,us,,beaches in san francisco,1100,0,0.3,beaches in san francisco,30,100
poi.place-x-outdoor-leisure,en,us,,best beaches in nc,1000,1,0.5,outer banks north carolina beaches,30,100
poi.place-x-outdoor-leisure,en,us,,beaches in thailand,1000,0,0.3,best beaches in thailand,30,100
poi.place-x-outdoor-leisure,en,us,,national parks in louisiana,1000,0,0.5,national parks in louisiana,30,100
poi.place-x-outdoor-leisure,en,us,,rv parks under $500 a month in florida,1000,1,0.4,rv parks under $500 a month,30,100
poi.place-x-outdoor-leisure,en,us,,water parks in ohio,1000,49,0.3,kalahari waterpark,30,100
poi.place-x-outdoor-leisure,en,us,,beaches in colombia,1000,0,0.45,colombia beaches,30,100
poi.place-x-outdoor-leisure,en,us,,best beaches in brazil,1000,1,0.1,best beach in brazil,30,100
poi.place-x-outdoor-leisure,en,us,,best beaches in new england,1000,0,0.06,best beaches in new england,30,100
poi.place-x-outdoor-leisure,en,us,,amusement parks in orlando,1000,0,0.45,atracciones de universal orlando,30,100
poi.place-x-outdoor-leisure,en,us,,beaches in key west,1000,1,0.3,key west beaches,30,100
poi.place-x-outdoor-leisure,en,us,,rv parks for sale in texas,1000,0,0.1,rv park for sale texas,30,100
poi.place-x-outdoor-leisure,en,us,,white sand beaches in florida,1000,0,0.5,best white sand beaches in florida,30,100
poi.place-x-outdoor-leisure,en,us,,best beaches in america,1000,10,0.04,best beaches in america,30,100
poi.place-x-outdoor-leisure,en,us,,best beaches in sardinia,1000,1,0.15,sardinia italy beaches,30,100
poi.place-x-outdoor-leisure,en,us,,best beaches in sicily,1000,0,0.25,best beaches in sicily,30,100
poi.place-x-outdoor-leisure,en,us,,best beaches in croatia,1000,0,0.1,best beaches in croatia,30,100
poi.place-x-outdoor-leisure,en,us,,amusement parks in pennsylvania,1000,72,0.4,knoebels amusement resort,30,100
poi.place-x-outdoor-leisure,en,us,,best beaches in ct,1000,0,0.6,best beach in connecticut,30,100
poi.place-x-outdoor-leisure,en,us,,beaches in ohio,1000,2,0.35,headlands beach state park ohio,30,100
poi.place-x-outdoor-leisure,en,us,,top 10 beaches in the us,1000,3,0.3,top ten beaches in the us,30,100
poi.place-x-outdoor-leisure,en,us,,most visited national parks in the us,1000,0,0.1,most visited national parks,30,100
poi.place-x-outdoor-leisure,en,us,,best beaches in vietnam,1000,0,0.06,best beaches in vietnam,30,100
poi.place-x-outdoor-leisure,en,us,,beaches in houston,900,0,0.5,lake newr me,30,100
poi.place-x-outdoor-leisure,en,us,,water parks in california,900,62,0.45,raging waters,30,100
poi.place-x-outdoor-leisure,en,us,,when do christmas markets start in germany,900,5,0.5,when do christmas markets start in germany,30,100
poi.place-x-outdoor-leisure,en,us,,amusement parks in michigan,900,26,0.09,michigan adventure,30,100
poi.place-x-outdoor-leisure,en,us,,5 national parks in utah,900,30,0.25,utah national parks,30,100
poi.place-x-outdoor-leisure,en,us,,best beaches in los angeles,900,0,0.02,best beaches in la,30,100
poi.place-x-outdoor-leisure,en,us,,best beaches in georgia,900,0,0.45,does georgia have beaches,30,100
poi.place-x-outdoor-leisure,en,us,,best water parks in the united states,900,1,0.6,best waterpark in usa,30,100
poi.place-x-outdoor-leisure,en,us,,beaches in los angeles,900,0,0.03,los angeles beaches,30,100
poi.place-x-outdoor-leisure,en,us,,best beaches in chicago,900,0,0.08,best beaches in chicago,30,100
poi.place-x-outdoor-leisure,en,us,,beautiful beaches in florida,900,8,0.25,best beaches in florida,30,100
poi.place-x-outdoor-leisure,en,us,,beaches in france,900,5,0.05,french beaches,30,100
poi.place-x-outdoor-leisure,en,us,,how many national parks are in utah,900,10,0.2,how many national parks are in utah,30,100
poi.place-x-outdoor-leisure,en,us,,7 most beautiful beaches in the world,900,46,0.04,beautiful beach,30,100
poi.place-x-outdoor-leisure,en,us,,theme parks in texas,900,0,0.4,six flags over texas,30,100
poi.place-x-outdoor-leisure,en,us,,best beaches in france,900,0,0.05,french beaches,30,100
poi.place-x-outdoor-leisure,en,us,,map of national parks in usa,900,0,0.25,map california national parks,30,100
poi.place-x-outdoor-leisure,en,us,,parks in seattle,900,0,0.15,best parks,30,100
poi.place-x-outdoor-leisure,en,us,,best beaches in virginia,900,6,0.5,sandbridge beach va,30,100
poi.place-x-outdoor-leisure,en,us,,beaches in usa,900,13,0.04,best beach vacations in the us,30,100
poi.place-x-outdoor-leisure,en,us,,parks in utah,900,31,0.25,utah state parks,30,100
poi.place-x-outdoor-leisure,en,us,,best shelling beaches in florida,900,0,0.4,best shelling beaches in florida,30,100
poi.place-x-outdoor-leisure,en,us,,best beaches in crete,900,0,0.1,best beaches in crete,30,100
poi.place-x-outdoor-leisure,en,us,,parks in chicago,900,0,0.06,chicago park district,30,100
poi.place-x-outdoor-leisure,en,us,,beaches in aruba,900,0,0.5,best beaches in aruba,30,100
poi.place-x-outdoor-leisure,en,us,,popular beaches in florida,900,12,0.06,florida beaches,30,100
poi.place-x-outdoor-leisure,en,us,,beaches in guatemala,900,0,0.5,guatemala coastline,30,100
poi.place-x-outdoor-leisure,en,us,,water parks in houston,900,0,0.4,splashtown,30,100
poi.place-x-outdoor-leisure,en,us,,markets in london,900,18,0.05,london markets,30,100
poi.place-x-outdoor-leisure,en,us,,loans for mobile homes in parks,800,28,2.5,manufactured home loans,30,100
poi.place-x-outdoor-leisure,en,us,,parks in orlando florida,800,0,0.6,parks orlando fl,30,100
poi.place-x-outdoor-leisure,en,us,,best water parks in the world,800,5,0.4,best water park in the world,30,100
poi.place-x-outdoor-leisure,en,us,,water parks in arizona,800,54,0.45,water park phoenix,30,100
poi.place-x-outdoor-leisure,en,us,,beaches in vietnam,800,0,0.2,best beaches in vietnam,30,100
poi.place-x-outdoor-leisure,en,us,,most beautiful beaches in florida,800,1,0.05,best beaches in florida,30,100
poi.place-x-outdoor-leisure,en,us,,best national parks to visit in december,800,0,0.02,best national parks to visit in december,30,100
poi.place-x-outdoor-leisure,en,us,,theme parks in japan,800,1,0.02,theme parks in japan,30,100
poi.place-x-outdoor-leisure,en,us,,best theme parks in europe,800,0,0.05,best theme parks in europe,30,100
poi.place-x-outdoor-leisure,en,us,,best beaches in dominican republic,800,0,0.2,beaches in dominican republic,30,100
poi.place-x-outdoor-leisure,en,us,,best beaches in delaware,800,0,0.6,delaware beaches,30,100
poi.place-x-outdoor-leisure,en,us,,national parks in utah map,800,0,0.25,utah national parks,30,100
poi.place-x-outdoor-leisure,en,us,,water parks in pennsylvania,800,60,0.35,kalahari waterpark,30,100
poi.place-x-outdoor-leisure,en,us,,best indoor water parks in usa,800,0,0.6,best indoor waterparks in the us,30,100
poi.place-x-outdoor-leisure,en,us,,top beaches in florida,800,2,0.04,best beaches in florida,30,100
poi.place-x-outdoor-leisure,en,us,,national parks in united states,800,0,0.05,best national parks,30,100
poi.place-x-outdoor-leisure,en,us,,best beaches in philippines,800,3,0.04,best beaches in philippines,30,100
poi.place-x-outdoor-leisure,en,us,,best beaches in charleston sc,800,0,0.25,best beaches near charleston sc,30,100
poi.place-x-outdoor-leisure,en,us,,best beaches in jamaica,800,0,1.0,jamaican beaches,30,100
poi.place-x-outdoor-leisure,en,us,,beaches in oahu,800,0,0.06,best beaches in oahu,30,100
poi.place-x-outdoor-leisure,en,us,,best beaches in south america,800,0,0.15,best beaches in south america,30,100
poi.place-x-outdoor-leisure,en,us,,prettiest beaches in the world,800,4,0.04,best beaches in the world,30,100
poi.place-x-outdoor-leisure,en,us,,national parks in iowa,800,0,0.7,iowa national parks,30,100
poi.place-x-outdoor-leisure,en,us,,what to do in orlando besides theme parks,800,5,0.07,things to do in orlando,30,100
poi.place-x-outdoor-leisure,en,us,,best beaches in southern california,700,0,0.25,beaches in california,30,100
poi.place-x-outdoor-leisure,en,us,,parks in london,700,0,0.08,best parks in london,30,100
poi.place-x-outdoor-leisure,en,us,,best beaches in st thomas,700,0,0.03,st thomas beaches,30,100
poi.place-x-outdoor-leisure,en,us,,beaches in southern california,700,4,0.35,beaches in california,30,100
poi.place-x-outdoor-leisure,en,us,,national parks in new england,700,6,0.25,national parks in new england,30,100
poi.place-x-outdoor-leisure,en,us,,best beaches in curacao,700,0,0.04,beaches in curacao,30,100
poi.place-x-outdoor-leisure,en,us,,prettiest beaches in the us,700,10,0.05,best beach vacations in the us,30,100
poi.place-x-outdoor-leisure,en,us,,best beaches in la,700,0,0.04,la beaches,30,100
poi.place-x-outdoor-leisure,en,us,,state parks in tennessee,700,4,0.09,tennessee state parks,30,100
poi.place-x-outdoor-leisure,en,us,,best beaches in barbados,700,0,0.2,barbados beach,30,100
poi.place-x-outdoor-leisure,en,us,,best roller coaster parks in the us,700,0,0.8,roller coaster,30,100
poi.place-x-outdoor-leisure,en,us,,best beaches in montenegro,700,0,0.2,montenegro beaches,30,100
poi.place-x-outdoor-leisure,en,us,,top 10 beaches in florida,700,12,0.05,best beaches in florida,30,100
poi.place-x-outdoor-leisure,en,us,,beaches in africa,700,2,0.3,best beach in africa,30,100
poi.place-x-outdoor-leisure,en,us,,best beaches in bali,700,0,0.1,best beaches in bali,30,100
poi.place-x-outdoor-leisure,en,us,,beaches in maui,700,1,0.2,best maui beaches,30,100
poi.place-x-outdoor-leisure,en,us,,state parks in wisconsin,700,20,0.5,wisconsin state parks,30,100
poi.place-x-outdoor-leisure,en,us,,nude beaches in california,700,1,0.1,nude beach,30,100
poi.place-x-outdoor-leisure,en,us,,beaches in galveston,700,0,0.35,galveston beach,30,100
poi.place-x-outdoor-leisure,en,us,,best national parks to visit in november,700,0,0.02,best national parks to visit in november,30,100
poi.place-x-outdoor-leisure,en,us,,parks in nashville,700,13,0.06,nashville parks,30,100
poi.place-x-outdoor-leisure,en,us,,best beaches in tampa,700,15,0.1,best beaches near tampa,30,100
poi.place-x-outdoor-leisure,en,us,,best beaches in honolulu,700,0,0.1,best beaches in oahu,30,100
poi.place-x-outdoor-leisure,en,us,,beaches in jamaica,700,6,0.7,beaches jamaica,30,100
poi.place-x-outdoor-leisure,en,us,,how many national parks in alaska,700,8,0.07,alaska national parks,30,100
poi.place-x-outdoor-leisure,en,us,,most beautiful beaches in the us,700,0,0.05,beautiful beaches in usa,30,100
poi.place-x-outdoor-leisure,en,us,,beaches in dominican republic,700,0,0.6,what is the best place to visit in dominican republic,30,100
poi.place-x-outdoor-leisure,en,us,,parks in paris,700,1,0.02,parks in paris,30,100
poi.place-x-outdoor-leisure,en,us,,best amusement parks in usa,700,9,0.4,best amusement parks in usa,30,100
poi.place-x-outdoor-leisure,en,us,,beaches in the philippines,700,8,0.03,best beaches in philippines,30,100
poi.place-x-outdoor-leisure,en,us,,parks in charlotte nc,700,13,0.09,parks in charlotte nc,30,100
poi.place-x-outdoor-leisure,en,us,,water parks in alabama,700,58,0.06,wild waters,30,100
poi.place-x-outdoor-leisure,en,us,,best beaches in malta,700,0,0.25,best beaches in malta,30,100
poi.place-x-outdoor-leisure,en,us,,beaches in boston,700,0,0.5,boston massachusetts beach,30,100
poi.place-x-outdoor-leisure,en,us,,best national parks in the world,700,7,0.25,most beautiful parks in the world,30,100
poi.place-x-outdoor-leisure,en,us,,best beaches in north carolina for families,700,0,0.7,kid friendly beaches in north carolina,30,100
poi.place-x-outdoor-leisure,en,us,,best beaches in the keys,700,0,0.03,best beach in the keys,30,100
poi.place-x-outdoor-leisure,en,us,,best parks in chicago,600,0,0.03,best parks in chicago,30,100
poi.place-x-outdoor-leisure,en,us,,beaches in new orleans,600,0,0.5,new orleans beach,30,100
poi.place-x-outdoor-leisure,en,us,,beaches in cuba,600,0,0.07,best beaches in cuba,30,100
poi.place-x-outdoor-leisure,en,us,,amusement parks in san diego,600,0,0.5,belmont park,30,100
poi.place-x-outdoor-leisure,en,us,,beaches in colorado,600,0,0.05,beaches in colorado,30,100
poi.place-x-outdoor-leisure,en,us,,pretty beaches in florida,600,3,0.1,best beaches in florida,30,100
poi.place-x-outdoor-leisure,en,us,,national parks in az,600,16,0.03,arizona national parks,30,100
poi.place-x-outdoor-leisure,en,us,,best national parks to visit in october,600,0,0.02,best national parks to visit in october,30,100
poi.place-x-outdoor-leisure,en,us,,beaches in turkey,600,1,1.0,turkey beaches,30,100
poi.place-x-outdoor-leisure,en,us,,parks in dallas,600,0,0.25,parks in dallas tx,30,100
poi.place-x-outdoor-leisure,en,us,,parks in san diego,600,0,0.25,san diego parks,30,100
poi.place-x-outdoor-leisure,en,us,,best beaches in fl,600,0,0.06,best beaches in florida,30,100
poi.place-x-outdoor-leisure,en,us,,best water parks in the us,600,1,0.6,best waterpark in usa,30,100
poi.place-x-outdoor-leisure,en,us,,amusement parks in oregon,600,0,0.4,oaks park,30,100
poi.place-x-outdoor-leisure,en,us,,water parks in utah,600,50,0.2,splash summit,30,100
poi.place-x-outdoor-leisure,en,us,,beaches in atlanta,600,0,0.5,do atlanta have a beach,30,100
poi.place-x-outdoor-leisure,en,us,,best beaches in the philippines,600,0,0.03,philippines beaches,30,100
poi.place-x-outdoor-leisure,en,us,,how many national parks are in california,600,16,0.02,how many national parks are there in california,30,100
poi.place-x-outdoor-leisure,en,us,,best beaches in mallorca,600,0,0.05,mallorca beaches,30,100
poi.place-x-outdoor-leisure,en,us,,best beaches in st lucia,600,0,0.07,st lucia beaches,30,100
poi.place-x-outdoor-leisure,en,us,,best beaches in turkey,600,0,0.6,turkey beaches,30,100
poi.place-x-outdoor-leisure,en,us,,water parks in san antonio,600,42,0.45,schlitterbahn,30,100
poi.place-x-outdoor-leisure,en,us,,beaches in flordia,600,4,0.4,beaches in florida,30,100
poi.place-x-outdoor-leisure,en,us,,water parks in nc,600,65,0.5,wet n wild,30,100
poi.place-x-outdoor-leisure,en,us,,best beaches in el salvador,600,0,0.6,el salvador beaches,30,100
poi.place-x-outdoor-leisure,en,us,,water parks in new jersey,600,50,0.35,mountain creek resort,30,100
poi.place-x-outdoor-leisure,en,us,,parks in denver,600,0,0.15,city park denver,30,100
poi.place-x-outdoor-leisure,en,us,,beaches in poland,600,0,0.04,poland beaches,30,100
poi.place-x-outdoor-leisure,en,us,,water parks in pigeon forge,600,35,0.25,soaky mountain waterpark,30,100
poi.place-x-outdoor-leisure,en,us,,best beaches in asia,600,0,0.04,best beaches in asia,30,100
poi.place-x-outdoor-leisure,en,us,,water parks in myrtle beach,600,0,0.35,myrtle wave water park,30,100
poi.place-x-outdoor-leisure,en,us,,best beaches in washington,600,0,0.3,wa beaches,30,100
poi.place-x-outdoor-leisure,en,us,,state parks in ohio,600,0,0.35,ohio state parks,30,100
poi.place-x-outdoor-leisure,en,us,,amusement parks in pa,600,69,0.4,knoebels,30,100
poi.place-x-outdoor-leisure,en,us,,best beaches in antigua,600,0,0.06,antigua beaches,30,100
poi.place-x-outdoor-leisure,en,us,,when do christmas markets start in europe,600,0,0.2,best european christmas markets,30,100
poi.place-x-outdoor-leisure,en,us,,best national parks to visit in february,600,0,0.02,national parks to visit in february,30,100
poi.place-x-outdoor-leisure,en,us,,best beaches in florida for couples,600,0,0.7,top beaches in fl,30,100
poi.place-x-outdoor-leisure,en,us,,private beaches in florida,600,0,0.5,best beach in florida in april,30,100
poi.place-x-outdoor-leisure,en,us,,national parks in maryland,600,3,0.45,national parks in maryland,30,100
poi.place-x-outdoor-leisure,en,us,,best beaches in florida keys,600,0,0.35,best beaches in florida keys,30,100
poi.place-x-outdoor-leisure,en,us,,parks in boston,500,12,0.7,boston parks and recreation,30,100
poi.place-x-outdoor-leisure,en,us,,national parks in mexico,500,0,0.05,mexico national parks,30,100
poi.place-x-outdoor-leisure,en,us,,amusement parks in the us,500,0,0.05,big amusement parks,30,100
poi.place-x-outdoor-leisure,en,us,,beaches in kauai,500,0,0.08,best beaches in kauai,30,100
poi.place-x-outdoor-leisure,en,us,,best beaches in albania,500,0,0.2,albania beaches,30,100
poi.place-x-outdoor-leisure,en,us,,best christmas markets in us,500,3,0.03,best christmas markets in the us,30,100
poi.place-x-outdoor-leisure,en,us,,best beaches in lake tahoe,500,0,0.04,best beaches in lake tahoe,30,100
poi.place-x-outdoor-leisure,en,us,,how many national parks are in alaska,500,0,0.09,alaska national parks,30,100
poi.place-x-outdoor-leisure,en,us,,beaches in santa cruz,500,0,0.2,best beaches in santa cruz,30,100
poi.place-x-outdoor-leisure,en,us,,best beaches in cyprus,500,0,0.25,best beaches in cyprus,30,100
poi.place-x-outdoor-leisure,en,us,,best national parks to visit in july,500,0,0.04,national parks to visit in july,30,100
poi.place-x-outdoor-leisure,en,us,,nude beaches in usa,500,0,0.02,topless beaches,30,100
poi.place-x-outdoor-leisure,en,us,,nude beaches in spain,500,0,0.06,spain nude beach,30,100
poi.place-x-outdoor-leisure,en,us,,beautiful beaches in usa,500,0,0.03,best beach vacations in the us,30,100
poi.place-x-outdoor-leisure,en,us,,best beaches in santorini,500,1,0.2,santorini beaches,30,100
poi.place-x-outdoor-leisure,en,us,,best beaches to visit in florida,500,0,0.3,best beaches in florida,30,100
poi.place-x-outdoor-leisure,en,us,,best state parks in the us,500,0,0.03,top state parks,30,100
poi.place-x-outdoor-leisure,en,us,,beaches in nyc,500,4,0.06,cuando cierran las playas en new york,30,100
poi.place-x-outdoor-leisure,en,us,,good beaches in florida,500,3,0.06,best florida beaches,30,100
poi.place-x-outdoor-leisure,en,us,,beaches in alabama with clear water,500,0,0.7,prettiest beaches in alabama,30,100
poi.place-x-outdoor-leisure,en,us,,beaches in peru,500,0,0.6,best beaches in peru,30,100
poi.place-x-outdoor-leisure,en,us,,beaches in egypt,500,0,0.9,best beaches in egypt,30,100
poi.place-x-outdoor-leisure,en,us,,best beaches in barcelona,500,0,0.2,best beaches near barcelona,30,100
poi.place-x-outdoor-leisure,en,us,,best national parks to visit in september,500,0,0.02,best national parks to visit in september,30,100
poi.place-x-outdoor-leisure,en,us,,amusement parks in indiana,500,42,0.4,holiday world,30,100
poi.place-x-outdoor-leisure,en,us,,amusement parks in tennessee,500,42,0.3,dollywood hours,30,100
poi.place-x-outdoor-leisure,en,us,,parks in san francisco,500,15,0.09,public parks,30,100
poi.place-x-outdoor-leisure,en,us,,top beaches in the us,500,9,0.03,best beaches in usa,30,100
poi.place-x-outdoor-leisure,en,us,,best beaches in bermuda,500,0,0.08,best beaches in bermuda,30,100
poi.place-x-outdoor-leisure,en,us,,beaches in honolulu,500,0,0.2,best beaches in oahu,30,100
poi.place-x-outdoor-leisure,en,us,,best parks in houston,500,5,0.02,best parks in houston,30,100
poi.place-x-outdoor-leisure,en,us,,best parks in austin,500,2,0.03,best parks in austin,30,100
poi.place-x-outdoor-leisure,en,us,,christmas markets in paris,500,0,0.08,christmas markets in paris,30,100
poi.place-x-outdoor-leisure,en,us,,best national parks in japan,500,13,0.03,japan national parks,30,100
poi.place-x-outdoor-leisure,en,us,,water parks in las vegas,500,47,0.45,cowabunga,30,100
poi.place-x-outdoor-leisure,en,us,,theme parks in tennessee,500,62,0.3,dollywood,30,100
poi.place-x-outdoor-leisure,en,us,,how many national parks in utah,500,0,0.2,utah national parks,30,100
poi.place-x-outdoor-leisure,en,us,,beaches in naples,500,7,0.6,naples beaches,30,100
poi.place-x-outdoor-leisure,en,us,,best beaches in cancun,500,1,0.2,best beaches in cancun,30,100
poi.place-x-outdoor-leisure,en,us,,amusement parks in nj,500,71,0.35,water parks new jersey,30,100
poi.place-x-outdoor-leisure,en,us,,parks in tampa,500,2,0.45,busch gardens tampa,30,100
poi.place-x-outdoor-leisure,en,us,,best beaches in south africa,500,0,0.35,best beaches in south africa,30,100
poi.place-x-outdoor-leisure,en,us,,amusement parks in new york,500,5,0.5,amusement parks upstate ny,30,100
poi.place-x-outdoor-leisure,en,us,,best parks in las vegas,500,0,0.25,best parks in las vegas,30,100
poi.place-x-outdoor-leisure,en,us,,beaches in australia,500,0,0.5,austrailian beaches,30,100
poi.place-x-outdoor-leisure,en,us,,theme parks in colorado,500,0,0.2,elitch gardens,30,100
poi.place-x-outdoor-leisure,en,us,,beaches in ri,500,11,0.5,rhode island beach,30,100
poi.place-x-outdoor-leisure,en,us,,parks in penn,500,22,1.6,pa state parks,30,100
poi.place-x-outdoor-leisure,en,us,,best christmas markets in the world,500,2,0.04,best european christmas markets,30,100
poi.place-x-outdoor-leisure,en,us,,beaches in england,500,0,0.05,best sandy beaches in uk,30,100
poi.place-x-outdoor-leisure,en,us,,how many state parks in texas,500,33,1.1,texas state parks,30,100
poi.place-x-outdoor-leisure,en,us,,beaches in indiana,500,6,0.45,indiana dunes beaches,30,100
poi.place-x-outdoor-leisure,en,us,,theme parks in pennsylvania,450,80,0.15,knoebels,30,100
poi.place-x-outdoor-leisure,en,us,,best beaches in destin florida,450,1,0.7,best beaches in destin florida,30,100
poi.place-x-outdoor-leisure,en,us,,nude beaches in america,450,1,0.02,nude beaches in usa,30,100
poi.place-x-outdoor-leisure,en,us,,national parks to visit in march,450,0,0.05,best national parks in march,30,100
poi.place-x-outdoor-leisure,en,us,,best beaches in santa barbara,450,0,0.1,santa barbara beach,30,100
poi.place-x-outdoor-leisure,en,us,,beaches in germany,450,0,0.02,german beaches,30,100
poi.place-x-outdoor-leisure,en,us,,beaches in charleston,450,2,0.45,charleston sc beaches,30,100
poi.place-x-outdoor-leisure,en,us,,beaches in croatia,450,0,0.6,beautiful croatia beaches,30,100
poi.place-x-outdoor-leisure,en,us,,best beaches in san juan,450,0,0.2,best beaches in san juan,30,100
poi.place-x-outdoor-leisure,en,us,,water parks in houston texas,450,44,0.6,typhoon texas,30,100
poi.place-x-outdoor-leisure,en,us,,beaches in san juan,450,0,0.25,puerto rico beach,30,100
poi.place-x-outdoor-leisure,en,us,,best beaches in louisiana,450,0,0.25,louisiana beaches,30,100
poi.place-x-outdoor-leisure,en,us,,beaches in philippines,450,0,0.03,best beaches in philippines,30,100
poi.place-x-outdoor-leisure,en,us,,beautiful beaches in california,450,0,0.05,beaches california coast,30,100
poi.place-x-outdoor-leisure,en,us,,state parks in maine,450,71,0.3,maine state parks,30,100
poi.place-x-outdoor-leisure,en,us,,swimmable beaches in cabo,450,1,1.2,swimmable beaches in cabo,30,100
poi.place-x-outdoor-leisure,en,us,,theme parks in denver colorado,450,0,0.35,amusement parks in denver colorado,30,100
poi.place-x-outdoor-leisure,en,us,,best beaches in phuket,450,0,0.1,best beaches in phuket,30,100
poi.place-x-outdoor-leisure,en,us,,water parks in virginia,450,68,0.45,water country usa,30,100
poi.place-x-outdoor-leisure,en,us,,beaches in curacao,450,0,0.4,beaches in curacao,30,100
poi.place-x-outdoor-leisure,en,us,,best beaches in south florida,450,0,0.06,best beaches in south florida,30,100
poi.place-x-outdoor-leisure,en,us,,best national parks to visit in june,450,0,0.06,best national parks to visit in june,30,100
poi.place-x-outdoor-leisure,en,us,,water parks in az,450,60,0.4,water park phoenix,30,100
poi.place-x-outdoor-leisure,en,us,,how many national parks in colorado,450,11,0.02,national parks in colorado,30,100
poi.place-x-outdoor-leisure,en,us,,beaches in honduras,450,0,0.6,honduras playas,30,100
poi.place-x-outdoor-leisure,en,us,,water parks in oklahoma,450,50,0.45,okana resort & indoor waterpark,30,100
poi.place-x-outdoor-leisure,en,us,,water parks in pa,450,67,0.15,kalahari water park,30,100
poi.place-x-outdoor-leisure,en,us,,water parks hotels in mn,450,19,2.5,waterpark hotels near me,30,100
poi.place-x-outdoor-leisure,en,us,,famous beaches in florida,450,12,0.04,florida beaches,30,100
poi.place-x-outdoor-leisure,en,us,,beaches in long island,450,0,0.6,long island beaches,30,100
poi.place-x-outdoor-leisure,en,us,,rv parks in texas,450,34,0.6,rv parks in texas,30,100
poi.place-x-outdoor-leisure,en,us,,parks in colorado,450,0,0.02,what colorado,30,100
poi.place-x-outdoor-leisure,en,us,,beaches in va,450,6,0.45,sandbridge beach,30,100
poi.place-x-outdoor-leisure,en,us,,beaches in naples florida,450,4,0.6,naples beach,30,100
poi.place-x-outdoor-leisure,en,us,,amusement parks in miami,450,40,0.4,parrot jungle,30,100
poi.place-x-outdoor-leisure,en,us,,beaches in destin florida,450,1,0.6,destin beach,30,100
poi.place-x-outdoor-leisure,en,us,,gulf beaches in florida,450,0,0.6,best beaches in florida gulf coast,30,100
poi.place-x-outdoor-leisure,en,us,,beaches in rome,450,0,0.25,beach in rome,30,100
poi.place-x-outdoor-leisure,en,us,,are there beaches in orlando,450,0,0.02,is there a beach in orlando,30,100
poi.place-x-outdoor-leisure,en,us,,best national parks in utah,450,0,0.2,best national parks in utah,30,100
poi.place-x-outdoor-leisure,en,us,,best beaches in kona,450,0,0.04,big island beaches,30,100
poi.place-x-outdoor-leisure,en,us,,top 10 clear water beaches in florida,450,5,0.08,top 10 clear water beaches in florida,30,100
poi.place-x-outdoor-leisure,en,us,,nude beaches in the us,450,2,0.02,nude beach near me,30,100
poi.place-x-outdoor-leisure,en,us,,best amusement parks in america,450,0,0.1,best amusement parks in usa,30,100
poi.place-x-outdoor-leisure,en,us,,beaches in lisbon,450,1,0.4,lisbon portugal beaches,30,100
poi.place-x-outdoor-leisure,en,us,,amusement parks in illinois,450,51,0.15,six flags great america,30,100
poi.place-x-outdoor-leisure,en,us,,best beaches in puerto vallarta,450,0,0.25,best beaches in puerto vallarta,30,100
poi.place-x-outdoor-leisure,en,us,,national parks in india,450,3,0.02,national parks in india,30,100
poi.place-x-outdoor-leisure,en,us,,water parks in minnesota,450,35,0.5,great wolf lodge mn,30,100
poi.place-x-outdoor-leisure,en,us,,how many theme parks are in orlando,450,19,0.6,orlando theme parks,30,100
poi.place-x-outdoor-leisure,en,us,,parks in jacksonville fl,450,36,0.35,parks jacksonville fl,30,100
poi.place-x-outdoor-leisure,en,us,,beaches in corpus christi,450,2,0.3,corpus christi beach,30,100
poi.place-x-outdoor-leisure,en,us,,beautiful beaches in the world,450,7,0.04,best beaches in the world,30,100
poi.place-x-outdoor-leisure,en,us,,amusement parks in houston,450,44,0.5,boardwalk,30,100
poi.place-x-outdoor-leisure,en,us,,best beaches in egypt,450,0,0.9,best beaches in egypt,30,100
poi.place-x-outdoor-leisure,en,us,,best urban parks in the world,450,,,,30,100
poi.place-x-outdoor-leisure,en,us,,water parks in nj,450,53,0.5,dreamworks water park,30,100
poi.place-x-outdoor-leisure,en,us,,theme parks in the us,400,7,0.5,#1 amusement park in the us,30,100
poi.place-x-outdoor-leisure,en,us,,beaches in md,400,3,0.5,beaches in md,30,100
poi.place-x-outdoor-leisure,en,us,,beaches in albania,400,1,0.15,albania beaches,30,100
poi.place-x-outdoor-leisure,en,us,,beaches in us,400,14,0.06,best beach vacations in the us,30,100
poi.place-x-outdoor-leisure,en,us,,beaches in athens greece,400,0,0.6,athens greece beach,30,100
poi.place-x-outdoor-leisure,en,us,,parks in mexico city,400,1,0.45,chapultepec park,30,100
poi.place-x-outdoor-leisure,en,us,,nude beaches in us,400,0,0.02,nude beach near me,30,100
poi.place-x-outdoor-leisure,en,us,,parks in texas,400,72,0.15,texas state parks,30,100
poi.place-x-outdoor-leisure,en,us,,nightlife in miami,400,10,0.35,best clubs miami,30,100
poi.place-x-outdoor-leisure,en,us,,best beaches in guatemala,400,0,0.06,beaches in guatemala,30,100
poi.place-x-outdoor-leisure,en,us,,best beaches in new zealand,400,0,0.2,new zealand beaches,30,100
poi.place-x-outdoor-leisure,en,us,,water parks in san diego,400,44,0.5,sesame place san diego,30,100
poi.place-x-outdoor-leisure,en,us,,best beaches in southeast asia,400,0,0.1,best beaches in asia,30,100
poi.place-x-outdoor-leisure,en,us,,map of national parks in utah,400,22,0.25,utah national parks,30,100
poi.place-x-outdoor-leisure,en,us,,beaches in long beach,400,0,0.3,long beach beach,30,100
poi.place-x-outdoor-leisure,en,us,,beaches in st augustine,400,0,0.6,st augustine beaches,30,100
poi.place-x-outdoor-leisure,en,us,,beaches in san juan puerto rico,400,0,0.25,beaches in san juan puerto rico,30,100
poi.place-x-outdoor-leisure,en,us,,amusement parks in alabama,400,52,0.06,owa water park,30,100
poi.place-x-outdoor-leisure,en,us,,beaches in key largo,400,0,0.6,key largo beaches,30,100
poi.place-x-outdoor-leisure,en,us,,nude beaches in miami,400,7,0.05,miami beach nudity,30,100
poi.place-x-outdoor-leisure,en,us,,best beaches in mykonos,400,0,0.9,mykonos beaches,30,100
poi.place-x-outdoor-leisure,en,us,,christmas markets in vienna,400,10,0.4,vienna christmas markets,30,100
poi.place-x-outdoor-leisure,en,us,,water parks in illinois,400,52,0.7,raging waves waterpark,30,100
poi.place-x-outdoor-leisure,en,us,,theme parks in usa,400,7,0.3,#1 amusement park in the us,30,100
poi.place-x-outdoor-leisure,en,us,,water parks in chicago,400,22,0.45,raging waves,30,100
poi.place-x-outdoor-leisure,en,us,,best beaches in central america,400,0,0.6,best beaches in central america,30,100
poi.place-x-outdoor-leisure,en,us,,best gulf beaches in florida,400,0,0.45,florida beach,30,100
poi.place-x-outdoor-leisure,en,us,,best beaches in peru,400,0,0.07,best beaches in peru,30,100
poi.place-x-outdoor-leisure,en,us,,best parks in san jose,400,3,0.06,best parks in san jose,30,100
poi.place-x-outdoor-leisure,en,us,,top theme parks in the us,400,22,0.25,best amusement parks in the us,30,100
poi.place-x-outdoor-leisure,en,us,,beaches in tampa florida,400,7,0.25,tampa beach,30,100
poi.place-x-outdoor-leisure,en,us,,flea markets in florida,400,34,0.15,orlando flea market,30,100
poi.place-x-outdoor-leisure,en,us,,beaches in bermuda,400,0,0.08,best beaches in bermuda,30,100
poi.place-x-outdoor-leisure,en,us,,water parks in pooler,400,0,0.0,water parks in pooler,30,100
poi.place-x-outdoor-leisure,en,us,,beaches in ireland,400,0,0.45,ireland beaches,30,100
poi.place-x-outdoor-leisure,en,us,,christmas markets in london,400,3,0.02,london christmas market,30,100
poi.place-x-outdoor-leisure,en,us,,best national parks to visit in january,400,0,0.03,best national parks to visit in december,30,100
poi.place-x-outdoor-leisure,en,us,,most popular national parks in usa,400,8,0.04,best national parks,30,100
poi.place-x-outdoor-leisure,en,us,,best beaches in turks and caicos,400,3,0.7,best beaches in turks and caicos,30,100
poi.place-x-outdoor-leisure,en,us,,beaches in dubai,400,2,0.7,dubai beaches,30,100
poi.place-x-outdoor-leisure,en,us,,national parks in japan,400,0,0.03,best national parks japan,30,100
poi.place-x-outdoor-leisure,en,us,,rv parks for sale in florida,400,0,0.06,campgrounds for sale,30,100
poi.place-x-outdoor-leisure,en,us,,best beaches in fort lauderdale,400,0,0.4,best beaches fort lauderdale,30,100
poi.place-x-outdoor-leisure,en,us,,fenced in parks near me,400,0,0.9,fenced in parks,30,100
poi.place-x-outdoor-leisure,en,us,,best beaches in orange county,400,0,0.3,best beaches in orange county,30,100
poi.place-x-outdoor-leisure,en,us,,amusement parks in japan,400,0,0.02,theme parks in japan,30,100
poi.place-x-outdoor-leisure,en,us,,beaches in united states,400,66,0.04,best beach vacations in the us,30,100
poi.place-x-outdoor-leisure,en,us,,best parks in london,350,17,0.06,best parks in london,30,100
poi.place-x-outdoor-leisure,en,us,,how many national parks in washington,350,2,0.15,washington national parks,30,100
poi.place-x-outdoor-leisure,en,us,,best rv parks in texas,350,1,0.6,top 10 rv parks in texas,30,100
poi.place-x-outdoor-leisure,en,us,,best beaches in paros,350,0,0.6,paros greece beaches,30,100
poi.place-x-outdoor-leisure,en,us,,best beaches in st maarten,350,0,0.06,french side st maarten beaches,30,100
poi.place-x-outdoor-leisure,en,us,,beaches in paris,350,6,0.15,beaches in paris,30,100
poi.place-x-outdoor-leisure,en,us,,nude beaches in europe,350,7,0.04,nude beaches in europe,30,100
poi.place-x-outdoor-leisure,en,us,,best beaches in istanbul,350,0,0.35,istanbul beaches,30,100
poi.place-x-outdoor-leisure,en,us,,nightlife in los angeles,350,33,0.15,best clubs in la,30,100
poi.place-x-outdoor-leisure,en,us,,markets in mexico city,350,4,0.25,markets in mexico city,30,100
poi.place-x-outdoor-leisure,en,us,,beaches in st thomas,350,0,0.03,pictures of st thomas beaches,30,100
poi.place-x-outdoor-leisure,en,us,,beaches in kona,350,0,0.15,big island beaches,30,100
poi.place-x-outdoor-leisure,en,us,,best beaches in argentina,350,0,0.04,argentina beaches,30,100
poi.place-x-outdoor-leisure,en,us,,parks in madrid,350,0,0.05,parks in madrid spain,30,100
poi.place-x-outdoor-leisure,en,us,,beaches in cape cod,350,5,0.6,best beaches in cape cod,30,100
poi.place-x-outdoor-leisure,en,us,,beaches in america,350,13,0.06,most beautiful beaches in the us,30,100
poi.place-x-outdoor-leisure,en,us,,beaches to visit in florida,350,0,0.45,best beaches in florida,30,100
poi.place-x-outdoor-leisure,en,us,,beaches in venezuela,350,0,0.45,playa de venezuela,30,100
poi.place-x-outdoor-leisure,en,us,,best parks in paris,350,1,0.06,paris parks,30,100
poi.place-x-outdoor-leisure,en,us,,beaches in washington state,350,1,0.35,washington state beaches,30,100
poi.place-x-outdoor-leisure,en,us,,beaches in new zealand,350,0,0.7,best beaches in new zealand,30,100
poi.place-x-outdoor-leisure,en,us,,beaches in athens,350,0,0.4,athens beach,30,100
poi.place-x-outdoor-leisure,en,us,,rv parks in arizona,350,38,0.4,arizona rv parks,30,100
poi.place-x-outdoor-leisure,en,us,,nude beaches in greece,350,0,0.1,nude beaches in greece,30,100
poi.place-x-outdoor-leisure,en,us,,what theme parks are in orlando,350,0,0.5,orlando theme parks,30,100
poi.place-x-outdoor-leisure,en,us,,top 10 beaches in usa,350,7,0.04,best beaches in the us,30,100
poi.place-x-outdoor-leisure,en,us,,clear water beaches in texas,350,0,0.05,clear water beaches in texas,30,100
poi.place-x-outdoor-leisure,en,us,,best parks in texas,350,0,0.03,best state parks in texas,30,100
poi.place-x-outdoor-leisure,en,us,,best beaches in orlando,350,0,0.03,best beach near orlando,30,100
poi.place-x-outdoor-leisure,en,us,,parks in wichita ks,350,2,0.06,parks near me,30,100
poi.place-x-outdoor-leisure,en,us,,the best beaches in florida,350,2,0.05,florida beach,30,100
poi.place-x-outdoor-leisure,en,us,,indoor water parks in texas,350,48,0.45,epic waters,30,100
poi.place-x-outdoor-leisure,en,us,,beaches in wilmington nc,350,52,0.7,wilmington nc,30,100
poi.place-x-outdoor-leisure,en,us,,best national parks in the usa,350,2,0.04,best national parks,30,100
poi.place-x-outdoor-leisure,en,us,,how many beaches are in the world,350,0,,how many beaches are in the world,30,100
poi.place-x-outdoor-leisure,en,us,,best beaches in corfu,350,0,0.25,corfu beaches,30,100
poi.place-x-outdoor-leisure,en,us,,best beaches in anguilla,350,1,0.2,best beaches in anguilla,30,100
poi.place-x-outdoor-leisure,en,us,,best national parks to visit in august,350,0,0.04,national parks to visit in august,30,100
poi.place-x-outdoor-leisure,en,us,,best beaches in california for families,350,3,0.3,southern california beaches,30,100
poi.place-x-outdoor-leisure,en,us,,when do the christmas markets open in germany,350,46,0.5,german christmas markets,30,100
poi.place-x-outdoor-leisure,en,us,,beaches in sicily,350,0,0.08,best beaches in sicily,30,100
poi.place-x-outdoor-leisure,en,us,,best beaches in puglia,350,0,0.15,puglia beaches,30,100
poi.place-x-outdoor-leisure,en,us,,water parks in missouri,350,21,0.25,white water,30,100
poi.place-x-outdoor-leisure,en,us,,parks in irvine,350,27,0.25,irvine parks,30,100
poi.place-x-outdoor-leisure,en,us,,disney parks in california,350,47,0.35,disneyland map,30,100
poi.place-x-outdoor-leisure,en,us,,theme parks in southern california,350,2,0.8,california theme parks,30,100
poi.place-x-outdoor-leisure,en,us,,secluded beaches in florida,350,0,0.45,secluded beaches in florida,30,100
poi.place-x-outdoor-leisure,en,us,,national parks in ny,350,3,0.7,national parks in new york,30,100
poi.place-x-outdoor-leisure,en,us,,nude beaches in texas,350,0,0.2,topless beach texas,30,100
poi.place-x-outdoor-leisure,en,us,,state parks in mississippi,350,31,0.02,mississippi state parks,30,100
poi.place-x-outdoor-leisure,en,us,,top 10 amusement parks in the us,350,14,0.4,best amusement parks in the us,30,100
poi.place-x-outdoor-leisure,en,us,,national parks to visit in december,350,0,0.03,best national parks to visit in december,30,100
poi.place-x-outdoor-leisure,en,us,,best national parks to visit in winter,350,0,0.02,best national parks to visit in december,30,100
poi.place-x-outdoor-leisure,en,us,,best parks in san diego,350,1,0.03,best parks in san diego,30,100
poi.place-x-outdoor-leisure,en,us,,water parks in mississippi,350,39,0.15,geyser falls,30,100
poi.place-x-outdoor-leisure,en,us,,beaches in orange county,350,2,0.35,orange county beaches,30,100
poi.place-x-outdoor-leisure,en,us,,beaches in clearwater florida,350,49,0.45,clearwater beach,30,100
poi.place-x-outdoor-leisure,en,us,,best state parks in wisconsin,350,0,0.07,best state parks in wisconsin,30,100
poi.place-x-outdoor-leisure,en,us,,beaches in the keys,350,0,0.25,best beaches in florida keys,30,100
poi.place-x-outdoor-leisure,en,us,,best beaches in punta cana,350,0,0.4,punta cana beaches,30,100
poi.place-x-outdoor-leisure,en,us,,parks in portland,350,37,0.2,southwest community center,30,100
poi.place-x-outdoor-leisure,en,us,,water parks in phoenix,350,55,0.5,hurricane harbor phoenix,30,100
poi.place-x-outdoor-leisure,en,us,,nude beaches in hawaii,350,2,0.01,nude beach hawaii,30,100
poi.place-x-outdoor-leisure,en,us,,parks in la,350,26,0.3,l. a. park,30,100
poi.place-x-outdoor-leisure,en,us,,beaches in galveston texas,300,0,0.35,galveston beach,30,100
poi.place-x-outdoor-leisure,en,us,,best beaches in the carolinas,300,0,0.7,best beaches in nc,30,100
poi.place-x-outdoor-leisure,en,us,,beaches in savannah,300,0,0.4,tybee island,30,100
poi.place-x-outdoor-leisure,en,us,,beaches in ghana,300,0,0.5,beaches in ghana,30,100
poi.place-x-outdoor-leisure,en,us,,top amusement parks in the us,300,24,0.1,best amusement parks in the us,30,100
poi.place-x-outdoor-leisure,en,us,,nude beaches in italy,300,3,0.2,nude beaches in italy,30,100
policy.visa,en,us,B,visa bulletin,224000,40,1.60,,35,1500
policy.visa,en,us,C,visa gift card,135000,22,0.90,,35,1500
policy.visa,en,us,B,h-1b visa,103000,68,0.04,,35,1500
policy.visa,en,us,B,h1b visa,90000,0,0.03,,35,1500
policy.visa,en,us,C,chase visa,25000,31,1.00,,35,1500
policy.visa,en,us,B,o1 visa,19000,0,4.00,,35,1500
policy.visa,en,us,A,uk visa,16000,0,3.50,,35,1500
policy.visa,en,us,B,k1 visa,14000,53,1.80,,35,1500
policy.visa,en,us,C,check visa gift card balance,14000,71,1.30,,35,1500
policy.visa,en,us,C,vanilla visa gift card,13000,59,0.25,,35,1500
policy.visa,en,us,A,75 countries visa pause,10000,12,2.00,,35,1500
policy.visa,en,us,B,eb3 visa,9500,48,0.45,,35,1500
policy.visa,en,us,B,e2 visa,8600,53,1.90,,35,1500
policy.visa,en,us,B,eb1 visa,8500,3,1.40,,35,1500
policy.visa,en,us,C,capital one visa,8300,28,3.50,,35,1500
policy.visa,en,us,B,einstein visa,7900,6,1.20,,35,1500
policy.visa,en,us,A,us travel visa,7000,0,0.35,,35,1500
policy.visa,en,us,A,spain golden visa,6100,15,0.60,,35,1500
policy.visa,en,us,B,eb2 visa,6000,1,2.50,,35,1500
policy.visa,en,us,A,golden visa,4700,48,1.30,,35,1500
policy.visa,en,us,A,new zealand visa,4000,46,3.50,,35,1500
policy.visa,en,us,A,uk visa for us citizens,3600,58,2.50,,35,1500
policy.visa,en,us,A,75 countries visa pause list,3500,0,1.10,,35,1500
policy.visa,en,us,A,vietnam visa for us citizens,3400,0,2.50,,35,1500
policy.visa,en,us,C,disney chase visa,3400,38,5.00,,35,1500
policy.visa,en,us,A,tourist visa usa,3300,37,1.30,,35,1500
policy.visa,en,us,A,do i need a visa to go to japan,3000,0,0.05,,35,1500
policy.visa,en,us,A,spain digital nomad visa,2900,22,1.40,,35,1500
policy.visa,en,us,A,indian e visa,2600,3,2.50,,35,1500
policy.visa,en,us,A,china k visa,2600,0,0.15,,35,1500
policy.visa,en,us,A,digital nomad visa spain,2600,17,1.00,,35,1500
policy.visa,en,us,A,golden visa portugal,2600,59,1.60,,35,1500
policy.visa,en,us,A,greece golden visa,2500,59,1.60,,35,1500
policy.visa,en,us,A,visa waiver program countries 2025,2400,0,,,35,1500
policy.visa,en,us,A,indian visa for us citizens,2300,55,2.50,,35,1500
policy.visa,en,us,A,visa appointment wait times,2200,11,2.50,,35,1500
policy.visa,en,us,A,do us citizens need a visa for japan,2100,40,0.07,,35,1500
policy.visa,en,us,A,portugal d7 visa,2000,8,0.25,,35,1500
policy.visa,en,us,A,canadian visa,2000,0,0.90,,35,1500
policy.visa,en,us,C,visa credit card login,2000,68,8.00,,35,1500
policy.visa,en,us,A,india visa for us citizens,1900,8,2.50,,35,1500
policy.visa,en,us,A,turkey visa,1900,59,1.30,,35,1500
policy.visa,en,us,A,japan digital nomad visa,1900,0,0.60,,35,1500
policy.visa,en,us,A,visa freeze 75 countries,1900,0,,,35,1500
policy.visa,en,us,A,pakistan visa online,1800,0,2.50,,35,1500
policy.visa,en,us,B,visa attorney,1800,0,7.00,,35,1500
policy.visa,en,us,A,visa requirements for canada travel,1700,0,,,35,1500
policy.visa,en,us,A,canada work visa,1700,24,0.80,,35,1500
policy.visa,en,us,A,umrah visa,1700,0,1.10,,35,1500
policy.visa,en,us,A,emirates visit visa online,1700,0,0.50,,35,1500
policy.visa,en,us,A,visitor visa usa,1700,0,1.10,,35,1500
policy.visa,en,us,A,d7 visa portugal,1700,5,0.30,,35,1500
policy.visa,en,us,A,do americans need a visa for japan,1600,0,0.03,,35,1500
policy.visa,en,us,A,us passport visa free countries,1600,0,0.09,,35,1500
policy.visa,en,us,A,egypt visa for us citizens,1600,29,2.00,,35,1500
policy.visa,en,us,A,australian visa,1600,0,1.10,,35,1500
policy.visa,en,us,A,do you need a visa to go to mexico,1600,0,0.07,,35,1500
policy.visa,en,us,A,global talent visa,1600,0,0.90,,35,1500
policy.visa,en,us,A,visa pause,1600,8,1.30,,35,1500
policy.visa,en,us,B,eb5 visa attorney,1600,1,11.00,,35,1500
policy.visa,en,us,B,o1 visa lawyer,1600,0,11.00,,35,1500
policy.visa,en,us,B,h1b visa attorney,1600,0,7.00,,35,1500
policy.visa,en,us,A,non lucrative visa spain,1500,1,0.60,,35,1500
policy.visa,en,us,A,singapore visa,1500,14,1.80,,35,1500
policy.visa,en,us,A,bali visa,1500,0,2.50,,35,1500
policy.visa,en,us,A,cambodia visa,1500,57,2.00,,35,1500
policy.visa,en,us,A,visa reciprocity,1500,0,0.04,,35,1500
policy.visa,en,us,B,h-1b visa stamping delays india,1500,0,16.00,,35,1500
policy.visa,en,us,B,h1b visa lawyer,1500,0,10.00,,35,1500
temporal.best-time-to-visit,en,us,,best time to visit thailand,8700,0,0.02,,35,400
temporal.best-time-to-visit,en,us,,best time to visit alaska,7900,0,0.03,,35,400
temporal.best-time-to-visit,en,us,,best time to visit yellowstone,6500,2,0.04,,35,400
temporal.best-time-to-visit,en,us,,best time to visit puerto rico,5800,1,0.02,,35,400
temporal.best-time-to-visit,en,us,,best time to visit scotland,4900,0,0.05,,35,400
temporal.best-time-to-visit,en,us,,best time to visit spain,4800,2,0.10,,35,400
temporal.best-time-to-visit,en,us,,best time to visit seattle,3800,4,0.04,,35,400
temporal.best-time-to-visit,en,us,,best time to visit new orleans,3700,4,0.03,,35,400
temporal.best-time-to-visit,en,us,,best time to visit brazil,3700,1,0.08,,35,400
temporal.best-time-to-visit,en,us,,best time to visit maldives,3600,0,0.02,,35,400
temporal.best-time-to-visit,en,us,,best time to visit zion national park,3600,1,0.04,,35,400
temporal.best-time-to-visit,en,us,,best time to visit yosemite,3600,0,0.05,,35,400
temporal.best-time-to-visit,en,us,,best time to visit peru,3400,1,0.30,,35,400
temporal.best-time-to-visit,en,us,,best time to visit colorado,3300,0,0.05,,35,400
temporal.best-time-to-visit,en,us,,best time to visit aruba,3200,2,0.04,,35,400
temporal.best-time-to-visit,en,us,,best time to visit mexico city,3200,1,0.02,,35,400
temporal.best-time-to-visit,en,us,,best time to visit norway,3100,3,0.15,,35,400
temporal.best-time-to-visit,en,us,,best time to visit morocco,3000,3,0.30,,35,400
temporal.best-time-to-visit,en,us,,best time to visit canada,2900,2,0.04,,35,400
temporal.best-time-to-visit,en,us,,best time to visit philippines,2800,3,0.02,,35,400
temporal.best-time-to-visit,en,us,,best time to visit guatemala,2800,0,0.04,,35,400
temporal.best-time-to-visit,en,us,,best time to visit machu picchu,2600,0,0.45,,35,400
temporal.best-time-to-visit,en,us,,best time to visit maine,2500,0,0.03,,35,400
temporal.best-time-to-visit,en,us,,best time to visit niagara falls,2500,0,0.09,,35,400
temporal.best-time-to-visit,en,us,,best time to visit sedona,2400,1,0.02,,35,400
temporal.best-time-to-visit,en,us,,best time to visit jamaica,2300,0,0.25,,35,400
temporal.best-time-to-visit,en,us,,best time to visit disney world,2300,12,0.03,,35,400
temporal.best-time-to-visit,en,us,,best time to visit bora bora,2200,0,0.03,,35,400
temporal.best-time-to-visit,en,us,,best time to visit acadia national park,2200,3,0.04,,35,400
temporal.best-time-to-visit,en,us,,best time to visit san diego,2100,3,0.10,,35,400
temporal.best-time-to-visit,en,us,,best time to visit china,2100,0,0.08,,35,400
temporal.best-time-to-visit,en,us,,best time to visit arizona,2000,1,0.02,,35,400
temporal.best-time-to-visit,en,us,,best time to visit colombia,2000,0,0.03,,35,400
temporal.best-time-to-visit,en,us,,best time to visit key west,2000,0,0.02,,35,400
temporal.best-time-to-visit,en,us,,best time to visit st lucia,1900,0,0.06,,35,400
temporal.best-time-to-visit,en,us,,best time to visit nashville,1900,0,0.02,,35,400
temporal.best-time-to-visit,en,us,,best time to visit lake tahoe,1800,0,0.02,,35,400
temporal.best-time-to-visit,en,us,,best time to visit charleston sc,1800,0,0.02,,35,400
temporal.best-time-to-visit,en,us,,best time to visit argentina,1800,0,0.07,,35,400
temporal.best-time-to-visit,en,us,,best time to visit oregon,1800,0,0.03,,35,400
temporal.best-time-to-visit,en,us,,best time to visit taiwan,1800,2,0.03,,35,400
temporal.best-time-to-visit,en,us,,best time to visit san francisco,1700,0,0.03,,35,400
temporal.best-time-to-visit,en,us,,best time to visit sri lanka,1600,0,0.02,,35,400
temporal.best-time-to-visit,en,us,,best time to visit punta cana,1600,0,0.03,,35,400
temporal.best-time-to-visit,en,us,,best time to visit kenya,1600,2,0.25,,35,400
temporal.best-time-to-visit,en,us,,best time to visit chile,1600,0,0.08,,35,400
temporal.best-time-to-visit,en,us,,costa rica best time to visit,1600,0,0.07,,35,400
temporal.best-time-to-visit,en,us,,best time to visit maui,1500,0,0.02,,35,400
temporal.best-time-to-visit,en,us,,best time to visit montreal,1500,0,0.03,,35,400
temporal.best-time-to-visit,en,us,,best time to visit barcelona,1500,0,0.04,,35,400
temporal.best-time-to-visit,en,us,,best time to visit hong kong,1500,0,0.03,,35,400
temporal.best-time-to-visit,en,us,,best time to visit tanzania,1500,2,0.80,,35,400
temporal.best-time-to-visit,en,us,,best time to visit bangkok,1400,5,0.02,,35,400
temporal.best-time-to-visit,en,us,,when is the best time to visit alaska,1300,0,0.10,,35,400
temporal.best-time-to-visit,en,us,,best time to visit myrtle beach,1300,1,0.02,,35,400
temporal.best-time-to-visit,en,us,,best time to visit zanzibar,1300,0,0.20,,35,400
temporal.best-time-to-visit,en,us,,best time to visit ecuador,1300,0,0.20,,35,400
temporal.best-time-to-visit,en,us,,best time to visit uzbekistan,1300,0,0.06,,35,400
temporal.best-time-to-visit,en,us,,best time to visit puerto vallarta,1300,0,0.03,,35,400
temporal.best-time-to-visit,en,us,,best time to visit azores,1300,0,0.35,,35,400
temporal.best-time-to-visit,en,us,,best time to visit vancouver,1300,0,0.04,,35,400
temporal.best-time-to-visit,en,us,,hawaii best time to visit,1300,0,0.10,,35,400
temporal.best-time-to-visit,en,us,,iceland best time to visit,1300,0,0.05,,35,400
temporal.best-time-to-visit,en,us,,best time to visit prague,1200,0,0.06,,35,400
temporal.best-time-to-visit,en,us,,best time to visit curacao,1200,0,0.04,,35,400
temporal.best-time-to-visit,en,us,,best time to visit seychelles,1200,2,0.05,,35,400
temporal.best-time-to-visit,en,us,,best time to visit mackinac island,1200,0,0.05,,35,400
temporal.best-time-to-visit,en,us,,best time to visit antarctica,1200,3,1.30,,35,400
temporal.best-time-to-visit,en,us,,best time to visit olympic national park,1200,4,0.03,,35,400
temporal.best-time-to-visit,en,us,,best time to visit slovenia,1200,0,0.06,,35,400
temporal.best-time-to-visit,en,us,,best time to visit orlando,1200,0,0.20,,35,400
temporal.best-time-to-visit,en,us,,best time to visit cabo,1100,0,0.02,,35,400
temporal.best-time-to-visit,en,us,,best time to visit jordan,1100,0,0.09,,35,400
temporal.best-time-to-visit,en,us,,best time to visit lisbon,1100,4,0.05,,35,400
temporal.best-time-to-visit,en,us,,best time to visit savannah ga,1100,3,0.02,,35,400
temporal.best-time-to-visit,en,us,,best time to visit bhutan,1100,0,0.45,,35,400
temporal.best-time-to-visit,en,us,,best time to visit new mexico,1100,0,0.02,,35,400
temporal.best-time-to-visit,en,us,,best time to visit beijing,1000,0,0.10,,35,400
temporal.best-time-to-visit,en,us,,best time to visit smoky mountains,1000,3,0.04,,35,400
temporal.best-time-to-visit,en,us,,best time to visit nova scotia,1000,0,0.15,,35,400
temporal.best-time-to-visit,en,us,,best time to visit rio de janeiro,1000,0,0.09,,35,400
temporal.best-time-to-visit,en,us,,best time to visit cambodia,1000,1,0.06,,35,400
temporal.best-time-to-visit,en,us,,best time to visit el salvador,1000,0,0.35,,35,400
temporal.best-time-to-visit,en,us,,best time to visit big bend national park,1000,2,0.03,,35,400
temporal.best-time-to-visit,en,us,,best time to visit tunisia,1000,1,0.15,,35,400
temporal.best-time-to-visit,en,us,,best time to visit grand teton national park,1000,0,0.04,,35,400
temporal.best-time-to-visit,en,us,,new zealand best time to visit,1000,1,1.00,,35,400
temporal.best-time-to-visit,en,us,,best time to visit cape town,900,0,0.15,,35,400
temporal.best-time-to-visit,en,us,,best time to visit uruguay,900,0,1.70,,35,400
temporal.best-time-to-visit,en,us,,best time to visit los angeles,900,1,0.02,,35,400
temporal.best-time-to-visit,en,us,,best time to visit bolivia,900,0,0.02,,35,400
temporal.best-time-to-visit,en,us,,best time to visit cyprus,900,0,0.07,,35,400
temporal.best-time-to-visit,en,us,,best time to visit joshua tree,900,2,0.03,,35,400
temporal.best-time-to-visit,en,us,,best time to visit amalfi coast,900,3,0.10,,35,400
temporal.best-time-to-visit,en,us,,best time to visit denver,900,1,0.06,,35,400
temporal.best-time-to-visit,en,us,,best time to visit death valley,900,0,0.02,,35,400
temporal.best-time-to-visit,en,us,,best time to visit santa fe,900,0,0.02,,35,400
temporal.best-time-to-visit,en,us,,best time to visit oaxaca,800,0,0.04,,35,400
temporal.best-time-to-visit,en,us,,best time to visit stockholm,800,0,0.03,,35,400
temporal.best-time-to-visit,en,us,,best time to visit buenos aires,800,1,0.04,,35,400
temporal.best-time-to-visit,en,us,,best time to visit angkor wat,800,0,0.15,,35,400
temporal.best-time-to-visit,en,us,,best time to visit st thomas,800,0,0.03,,35,400
temporal.best-time-to-visit,en,us,,best time to visit gatlinburg,800,0,0.04,,35,400
temporal.best-time-to-visit,en,us,,best time to visit quebec city,800,0,0.04,,35,400
temporal.best-time-to-visit,en,us,,best time to visit kyoto,800,0,0.07,,35,400
temporal.best-time-to-visit,en,us,,best time to visit anguilla,800,0,0.25,,35,400
temporal.best-time-to-visit,en,us,,best time to visit cabo san lucas,800,0,0.02,,35,400
temporal.best-time-to-visit,en,us,,best time to visit oregon coast,800,0,0.03,,35,400
temporal.best-time-to-visit,en,us,,best time to visit edinburgh,800,0,0.06,,35,400
temporal.best-time-to-visit,en,us,,best time to visit utah national parks,800,0,0.05,,35,400
temporal.best-time-to-visit,en,us,,turks and caicos best time to visit,800,0,0.06,,35,400
temporal.best-time-to-visit,en,us,,best time to visit hanoi,800,1,0.04,,35,400
temporal.best-time-to-visit,en,us,,best time to visit san antonio,800,1,0.10,,35,400
temporal.best-time-to-visit,en,us,,best time to visit budapest,800,0,0.05,,35,400
temporal.best-time-to-visit,en,us,,best time to visit portland oregon,700,0,0.02,,35,400
temporal.best-time-to-visit,en,us,,best time to visit antelope canyon,700,0,0.20,,35,400
temporal.best-time-to-visit,en,us,,best time to visit zion,700,0,0.05,,35,400
temporal.best-time-to-visit,en,us,,best time to visit destin florida,700,0,0.04,,35,400
temporal.best-time-to-visit,en,us,,best time to visit redwood national park,700,0,0.02,,35,400
temporal.best-time-to-visit,en,us,,best time to visit phuket,700,0,0.04,,35,400
temporal.best-time-to-visit,en,us,,best time to visit martha's vineyard,700,0,0.10,,35,400
temporal.best-time-to-visit,en,us,,best time to visit tuscany,700,0,0.40,,35,400
temporal.best-time-to-visit,en,us,,best time to visit vermont,700,0,0.20,,35,400
temporal.best-time-to-visit,en,us,,best time to visit madeira,700,2,0.06,,35,400
temporal.best-time-to-visit,en,us,,best time to visit belgium,700,0,0.08,,35,400
temporal.best-time-to-visit,en,us,,best time to visit palm springs,700,0,0.20,,35,400
temporal.best-time-to-visit,en,us,,best time to visit us virgin islands,700,0,0.02,,35,400
temporal.best-time-to-visit,en,us,,best time to visit australia and new zealand,700,0,1.10,,35,400
temporal.best-time-to-visit,en,us,,best time to visit caribbean,700,1,0.30,,35,400
temporal.best-time-to-visit,en,us,,best time to visit the maldives,600,0,0.03,,35,400
temporal.best-time-to-visit,en,us,,best time to visit shenandoah national park,600,0,0.06,,35,400
temporal.best-time-to-visit,en,us,,best time to visit marrakech,600,1,0.10,,35,400
temporal.best-time-to-visit,en,us,,best time to visit madrid,600,0,0.07,,35,400
temporal.best-time-to-visit,en,us,,best time to visit botswana,600,1,0.60,,35,400
temporal.best-time-to-visit,en,us,,best time to visit north carolina,600,1,0.20,,35,400
temporal.best-time-to-visit,en,us,,best time to visit tulum,600,0,0.02,,35,400
temporal.best-time-to-visit,en,us,,best time to visit phoenix,600,1,0.01,,35,400
temporal.best-time-to-visit,en,us,,best time to visit grand cayman,600,0,0.04,,35,400
temporal.best-time-to-visit,en,us,,best time to visit laos,600,1,0.07,,35,400
temporal.best-time-to-visit,en,us,,best time to visit boracay,600,0,0.04,,35,400
temporal.best-time-to-visit,en,us,,best time to visit oahu,600,0,0.08,,35,400
temporal.best-time-to-visit,en,us,,best time to visit mallorca,600,0,0.02,,35,400
temporal.best-time-to-visit,en,us,,best time to visit lake como,600,0,0.25,,35,400
temporal.best-time-to-visit,en,us,,best time to visit catalina island,600,0,0.40,,35,400
temporal.best-time-to-visit,en,us,,best time to visit jackson hole,600,0,0.04,,35,400
temporal.best-time-to-visit,en,us,,best time to visit mongolia,600,0,1.10,,35,400
temporal.best-time-to-visit,en,us,,best time to visit greenland,600,0,0.35,,35,400
temporal.best-time-to-visit,en,us,,best time to visit israel,600,0,0.05,,35,400
temporal.best-time-to-visit,en,us,,best time to visit salem ma,600,0,0.50,,35,400
temporal.best-time-to-visit,en,us,,best time to visit nicaragua,500,0,0.02,,35,400
temporal.best-time-to-visit,en,us,,best time to visit asia,500,0,0.03,,35,400
temporal.best-time-to-visit,en,us,,best time to visit louisiana,500,0,0.03,,35,400
temporal.best-time-to-visit,en,us,,best time to visit dolomites,500,0,0.50,,35,400
temporal.best-time-to-visit,en,us,,best time to visit moab,500,0,0.03,,35,400
temporal.best-time-to-visit,en,us,,best time to visit athens,500,0,0.04,,35,400
temporal.best-time-to-visit,en,us,,best time to visit big sur,500,1,0.15,,35,400
temporal.best-time-to-visit,en,us,,best time to visit virgin islands,500,0,0.02,,35,400
temporal.best-time-to-visit,en,us,,best time to visit cape cod,500,0,0.03,,35,400
temporal.best-time-to-visit,en,us,,best time to visit cape verde,500,0,,,35,400
temporal.best-time-to-visit,en,us,,best time to visit colorado springs,450,0,0.04,,35,400
temporal.best-time-to-visit,en,us,,best time to visit mt rainier,450,0,0.04,,35,400
temporal.best-time-to-visit,en,us,,best time to visit salt lake city,450,1,0.06,,35,400
temporal.best-time-to-visit,en,us,,best time to visit michigan,450,0,0.35,,35,400
temporal.best-time-to-visit,en,us,,best time to visit cayman islands,450,0,0.02,,35,400
temporal.best-time-to-visit,en,us,,best time to visit victoria falls,450,1,0.50,,35,400
temporal.best-time-to-visit,en,us,,best time to visit scottsdale,450,0,0.02,,35,400
temporal.best-time-to-visit,en,us,,best time to visit riviera maya,450,0,0.03,,35,400
temporal.best-time-to-visit,en,us,,best time to visit san juan islands,450,0,0.10,,35,400
temporal.best-time-to-visit,en,us,,best time to visit great barrier reef,450,0,0.70,,35,400
temporal.best-time-to-visit,en,us,,best time to visit mykonos,450,0,0.15,,35,400
temporal.best-time-to-visit,en,us,,best time to visit houston,450,1,0.70,,35,400
temporal.best-time-to-visit,en,us,,best time to visit ethiopia,450,0,0.04,,35,400
temporal.best-time-to-visit,en,us,,best time to visit russia,400,0,,,35,400
temporal.best-time-to-visit,en,us,,best time to visit charleston,400,0,0.03,,35,400
temporal.best-time-to-visit,en,us,,best time to visit zurich,400,0,0.10,,35,400
temporal.best-time-to-visit,en,us,,best time to visit positano,400,0,0.07,,35,400
temporal.best-time-to-visit,en,us,,best time to visit saint augustine,400,2,3.50,,35,400
temporal.best-time-to-visit,en,us,,best time to visit mount rainier,400,0,0.03,,35,400
temporal.best-time-to-visit,en,us,,best time to visit albuquerque,400,0,0.08,,35,400
temporal.best-time-to-visit,en,us,,best time to visit the uk,400,0,0.03,,35,400
temporal.best-time-to-visit,en,us,,best time to visit sardinia,400,0,0.03,,35,400
temporal.best-time-to-visit,en,us,,best time to visit outer banks,400,1,0.03,,35,400
temporal.best-time-to-visit,en,us,,best time to visit west virginia,400,3,0.35,,35,400
temporal.best-time-to-visit,en,us,,best time to visit sedona arizona,400,1,0.02,,35,400
temporal.best-time-to-visit,en,us,,best time to visit medellin,400,0,0.02,,35,400
