path,family,market,surface,entity,http_code,attempts,num_redirects,url_effective,time_total_s,time_to_first_byte_s,body_bytes,http_version,robots_txt_allowed,robots_meta,has_noindex,canonical,canonical_is_self,in_any_sitemap,sitemap_lastmod,title,title_len,h1_count,h1,h1_matches_title_subject,meta_description_len,og_title_present,hreflang_count,hreflang_has_self,hreflang_has_x_default,hreflang_targets_200,hreflang_not_reciprocal,title_unique_in_cohort,h1_unique_in_cohort,meta_unique_in_cohort,title_unique_in_market,h1_unique_in_market,meta_unique_in_market,jsonld_blocks,jsonld_valid,jsonld_types,internal_links_out,internal_links_in,is_orphan,broken_internal_links,links_to_redirects,word_count,number_count,h2_count,h3_count,tables,lists,server_rendered_h1,next_data_bytes,max_similarity_in_family,mean_similarity_in_family,soft_404_risk,script_of_the_count
/de/beste-reisezeit/costa-rica/,weather.country-best-time,de,climate,CR,200,,0,https://livdar.com/de/beste-reisezeit/costa-rica/,0.273,0.273,60941,2,True,"index, follow",False,https://livdar.com/de/beste-reisezeit/costa-rica/,True,True,2026-09-21T00:00:00.000Z,"Beste Reisezeit für Costa Rica: die Monate, Stadt für Stadt gemessen",68,1,Beste Reisezeit für Costa Rica,True,188,True,4,True,True,4,0,True,True,True,True,True,True,1,1,,18,9,False,0,0,630,48,4,0,1,5,True,0,0.398,0.109,False,latin
/de/beste-reisezeit/japan/,weather.country-best-time,de,climate,JP,200,,0,https://livdar.com/de/beste-reisezeit/japan/,0.489,0.488,61029,2,True,"index, follow",False,https://livdar.com/de/beste-reisezeit/japan/,True,True,2026-09-21T00:00:00.000Z,"Beste Reisezeit für Japan: die Monate, Stadt für Stadt gemessen",63,1,Beste Reisezeit für Japan,True,174,True,4,True,True,4,0,True,True,True,True,True,True,1,1,,19,10,False,0,0,650,50,4,0,1,5,True,0,0.383,0.106,False,latin
/de/beste-reisezeit/mexiko/,weather.country-best-time,de,climate,MX,200,,0,https://livdar.com/de/beste-reisezeit/mexiko/,0.525,0.525,60383,2,True,"index, follow",False,https://livdar.com/de/beste-reisezeit/mexiko/,True,True,2026-09-21T00:00:00.000Z,"Beste Reisezeit für Mexiko: die Monate, Stadt für Stadt gemessen",64,1,Beste Reisezeit für Mexiko,True,179,True,2,True,False,2,0,True,True,True,True,True,True,1,1,,19,9,False,0,0,644,49,4,0,1,5,True,0,0.396,0.111,False,latin
/de/beste-reisezeit/thailand/,weather.country-best-time,de,climate,TH,200,,0,https://livdar.com/de/beste-reisezeit/thailand/,0.529,0.528,61354,2,True,"index, follow",False,https://livdar.com/de/beste-reisezeit/thailand/,True,True,2026-09-21T00:00:00.000Z,"Beste Reisezeit für Thailand: die Monate, Stadt für Stadt gemessen",66,1,Beste Reisezeit für Thailand,True,186,True,4,True,True,4,0,True,True,True,True,True,True,1,1,,19,5,False,0,0,644,48,4,0,1,5,True,0,0.415,0.111,False,latin
/de/beste-reisezeit/vietnam/,weather.country-best-time,de,climate,VN,200,,0,https://livdar.com/de/beste-reisezeit/vietnam/,0.532,0.532,61476,2,True,"index, follow",False,https://livdar.com/de/beste-reisezeit/vietnam/,True,True,2026-09-21T00:00:00.000Z,"Beste Reisezeit für Vietnam: die Monate, Stadt für Stadt gemessen",65,1,Beste Reisezeit für Vietnam,True,181,True,5,True,True,5,0,True,True,True,True,True,True,1,1,,19,4,False,0,0,648,49,4,0,1,5,True,0,0.415,0.11,False,latin
/de/feiertage/baden-wuerttemberg/,events.subdivision-holidays,de,pulse,DE-BW,200,,0,https://livdar.com/de/feiertage/baden-wuerttemberg/,0.488,0.488,59418,2,True,"index, follow",False,https://livdar.com/de/feiertage/baden-wuerttemberg/,True,True,2026-09-21T00:00:00.000Z,Baden-Württemberg: Feiertage 2026,33,1,Baden-Württemberg: Feiertage 2026,True,125,True,1,True,False,1,0,True,True,True,True,True,True,1,1,,18,12,False,0,0,638,77,4,0,1,5,True,0,0.569,0.21,False,latin
/de/feiertage/bayern/,events.subdivision-holidays,de,pulse,DE-BY,200,,0,https://livdar.com/de/feiertage/bayern/,0.282,0.282,60102,2,True,"index, follow",False,https://livdar.com/de/feiertage/bayern/,True,True,2026-09-21T00:00:00.000Z,"Bayern: Feiertage 2026, und wie viele mehr als im Rest des Landes",65,1,Bayern: Feiertage 2026,True,114,True,1,True,False,1,0,True,True,True,True,True,True,1,1,,18,12,False,0,0,662,81,4,0,1,5,True,0,0.555,0.195,False,latin
/de/feiertage/berlin/,events.subdivision-holidays,de,pulse,DE-BE,200,,0,https://livdar.com/de/feiertage/berlin/,0.241,0.241,58018,2,True,"index, follow",False,https://livdar.com/de/feiertage/berlin/,True,True,2026-09-21T00:00:00.000Z,"Berlin: Feiertage 2026, und wie viele mehr als im Rest des Landes",65,1,Berlin: Feiertage 2026,True,114,True,1,True,False,1,0,True,True,True,True,True,True,1,1,,18,11,False,0,0,614,71,4,0,1,5,True,0,0.6,0.216,False,latin
/de/feiertage/brandenburg/,events.subdivision-holidays,de,pulse,DE-BB,200,,0,https://livdar.com/de/feiertage/brandenburg/,0.559,0.559,59343,2,True,"index, follow",False,https://livdar.com/de/feiertage/brandenburg/,True,True,2026-09-21T00:00:00.000Z,"Brandenburg: Feiertage 2026, und wie viele mehr als im Rest des Landes",70,1,Brandenburg: Feiertage 2026,True,119,True,1,True,False,1,0,True,True,True,True,True,True,1,1,,18,7,False,0,0,627,76,4,0,1,5,True,0,0.563,0.206,False,latin
/de/feiertage/deutschland/,events.country-holidays,de,pulse,DE,200,,0,https://livdar.com/de/feiertage/deutschland/,0.348,0.348,65783,2,True,"index, follow",False,https://livdar.com/de/feiertage/deutschland/,True,True,2026-09-21T00:00:00.000Z,"Deutschland: Feiertage 2026, und wo sie jeweils gelten",54,1,Deutschland: Feiertage 2026,True,115,True,6,True,True,6,0,True,True,True,True,True,True,1,1,,18,19,False,0,0,717,92,4,0,1,5,True,0,0.39,0.082,False,latin
/de/feiertage/frankreich/,events.country-holidays,de,pulse,FR,200,1,0,https://livdar.com/de/feiertage/frankreich/,0.297,0.296,64775,2,True,"index, follow",False,https://livdar.com/de/feiertage/frankreich/,True,True,2026-09-21T00:00:00.000Z,"Frankreich: Feiertage 2026, und wo sie jeweils gelten",53,1,Frankreich: Feiertage 2026,True,115,True,5,True,False,5,0,True,True,True,True,True,True,1,1,,18,5,False,0,0,713,94,4,0,1,5,True,0,0.358,0.079,False,latin
/de/feiertage/hessen/,events.subdivision-holidays,de,pulse,DE-HE,200,,0,https://livdar.com/de/feiertage/hessen/,0.547,0.547,57914,2,True,"index, follow",False,https://livdar.com/de/feiertage/hessen/,True,True,2026-09-21T00:00:00.000Z,"Hessen: Feiertage 2026, und wie viele mehr als im Rest des Landes",65,1,Hessen: Feiertage 2026,True,114,True,1,True,False,1,0,True,True,True,True,True,True,1,1,,18,8,False,0,0,611,71,4,0,1,5,True,0,0.6,0.216,False,latin
/de/feiertage/italien/,events.country-holidays,de,pulse,IT,200,,0,https://livdar.com/de/feiertage/italien/,0.245,0.244,65849,2,True,"index, follow",False,https://livdar.com/de/feiertage/italien/,True,True,2026-09-21T00:00:00.000Z,"Italien: Feiertage 2026, und wo sie jeweils gelten",50,1,Italien: Feiertage 2026,True,112,True,2,True,False,2,0,True,True,True,True,True,True,1,1,,19,6,False,0,0,751,100,4,0,1,5,True,0,0.365,0.078,False,latin
/de/feiertage/niederlande/,events.country-holidays,de,pulse,NL,200,,0,https://livdar.com/de/feiertage/niederlande/,0.286,0.285,58462,2,True,"index, follow",False,https://livdar.com/de/feiertage/niederlande/,True,True,2026-09-21T00:00:00.000Z,"Niederlande: Feiertage 2026, und wo sie jeweils gelten",54,1,Niederlande: Feiertage 2026,True,116,True,2,True,False,2,0,True,True,True,True,True,True,1,1,,19,6,False,0,0,571,62,4,0,1,5,True,0,0.461,0.086,False,latin
/de/feiertage/niedersachsen/,events.subdivision-holidays,de,pulse,DE-NI,200,,0,https://livdar.com/de/feiertage/niedersachsen/,0.349,0.349,58545,2,True,"index, follow",False,https://livdar.com/de/feiertage/niedersachsen/,True,True,2026-09-21T00:00:00.000Z,"Niedersachsen: Feiertage 2026, und wie viele mehr als im Rest des Landes",72,1,Niedersachsen: Feiertage 2026,True,121,True,1,True,False,1,0,True,True,True,True,True,True,1,1,,18,10,False,0,0,617,71,4,0,1,5,True,0,0.601,0.216,False,latin
/de/feiertage/nordrhein-westfalen/,events.subdivision-holidays,de,pulse,DE-NW,200,,0,https://livdar.com/de/feiertage/nordrhein-westfalen/,0.247,0.247,58829,2,True,"index, follow",False,https://livdar.com/de/feiertage/nordrhein-westfalen/,True,True,2026-09-21T00:00:00.000Z,Nordrhein-Westfalen: Feiertage 2026,35,1,Nordrhein-Westfalen: Feiertage 2026,True,127,True,1,True,False,1,0,True,True,True,True,True,True,1,1,,18,9,False,0,0,625,74,4,0,1,5,True,0,0.569,0.21,False,latin
/de/feiertage/oesterreich/,events.country-holidays,de,pulse,AT,200,,0,https://livdar.com/de/feiertage/oesterreich/,0.235,0.235,59072,2,True,"index, follow",False,https://livdar.com/de/feiertage/oesterreich/,True,True,2026-09-21T00:00:00.000Z,"Österreich: Feiertage 2026, und wo sie jeweils gelten",53,1,Österreich: Feiertage 2026,True,115,True,1,True,False,1,0,True,True,True,True,True,True,1,1,,19,6,False,0,0,585,65,4,0,1,5,True,0,0.461,0.086,False,latin
/de/feiertage/saarland/,events.subdivision-holidays,de,pulse,DE-SL,200,,0,https://livdar.com/de/feiertage/saarland/,0.208,0.208,59101,2,True,"index, follow",False,https://livdar.com/de/feiertage/saarland/,True,True,2026-09-21T00:00:00.000Z,"Saarland: Feiertage 2026, und wie viele mehr als im Rest des Landes",67,1,Saarland: Feiertage 2026,True,116,True,1,True,False,1,0,True,True,True,True,True,True,1,1,,18,8,False,0,0,630,77,4,0,1,5,True,0,0.555,0.208,False,latin
/de/feiertage/sachsen-anhalt/,events.subdivision-holidays,de,pulse,DE-ST,200,1,0,https://livdar.com/de/feiertage/sachsen-anhalt/,0.434,0.433,59034,2,True,"index, follow",False,https://livdar.com/de/feiertage/sachsen-anhalt/,True,True,2026-09-21T00:00:00.000Z,"Sachsen-Anhalt: Feiertage 2026, und wie viele mehr als im Rest des Landes",73,1,Sachsen-Anhalt: Feiertage 2026,True,122,True,1,True,False,1,0,True,True,True,True,True,True,1,1,,18,8,False,0,0,632,74,4,0,1,5,True,0,0.659,0.219,False,latin
/de/feiertage/sachsen/,events.subdivision-holidays,de,pulse,DE-SN,200,,0,https://livdar.com/de/feiertage/sachsen/,0.273,0.272,58459,2,True,"index, follow",False,https://livdar.com/de/feiertage/sachsen/,True,True,2026-09-21T00:00:00.000Z,"Sachsen: Feiertage 2026, und wie viele mehr als im Rest des Landes",66,1,Sachsen: Feiertage 2026,True,115,True,1,True,False,1,0,True,True,True,True,True,True,1,1,,18,7,False,0,0,622,74,4,0,1,5,True,0,0.659,0.222,False,latin
/de/feiertage/schweiz/,events.country-holidays,de,pulse,CH,200,,0,https://livdar.com/de/feiertage/schweiz/,0.242,0.242,76741,2,True,"index, follow",False,https://livdar.com/de/feiertage/schweiz/,True,True,2026-09-21T00:00:00.000Z,"Schweiz: Feiertage 2026, und wo sie jeweils gelten",50,1,Schweiz: Feiertage 2026,True,111,True,2,True,False,2,0,True,True,True,True,True,True,1,1,,19,6,False,0,0,1359,136,4,0,1,5,True,0,0.208,0.059,False,latin
/de/feiertage/thueringen/,events.subdivision-holidays,de,pulse,DE-TH,200,,0,https://livdar.com/de/feiertage/thueringen/,0.237,0.237,58827,2,True,"index, follow",False,https://livdar.com/de/feiertage/thueringen/,True,True,2026-09-21T00:00:00.000Z,"Thüringen: Feiertage 2026, und wie viele mehr als im Rest des Landes",68,1,Thüringen: Feiertage 2026,True,117,True,1,True,False,1,0,True,True,True,True,True,True,1,1,,18,8,False,0,0,622,74,4,0,1,5,True,0,0.594,0.21,False,latin
/de/gehaelter/daenemark/,work.country-salaries,de,work,DK,200,1,0,https://livdar.com/de/gehaelter/daenemark/,0.233,0.233,54841,2,True,"index, follow",False,https://livdar.com/de/gehaelter/daenemark/,True,True,2026-09-21T00:00:00.000Z,"Durchschnittsgehalt Dänemark: brutto, netto und Mindestlohn",59,1,Durchschnittsgehalt Dänemark,True,165,True,6,True,True,6,0,True,True,True,True,True,True,1,1,,19,6,False,0,0,481,26,4,0,1,5,True,0,0.401,0.065,False,latin
/de/gehaelter/deutschland/,work.country-salaries,de,work,DE,200,,0,https://livdar.com/de/gehaelter/deutschland/,0.266,0.265,55614,2,True,"index, follow",False,https://livdar.com/de/gehaelter/deutschland/,True,True,2026-09-21T00:00:00.000Z,"Durchschnittsgehalt Deutschland: brutto, netto und Mindestlohn",62,1,Durchschnittsgehalt Deutschland,True,168,True,7,True,True,7,0,True,True,True,True,True,True,1,1,,19,7,False,0,0,487,32,4,0,1,5,True,0,0.389,0.064,False,latin
/de/gehaelter/polen/,work.country-salaries,de,work,PL,200,,0,https://livdar.com/de/gehaelter/polen/,0.186,0.186,55206,2,True,"index, follow",False,https://livdar.com/de/gehaelter/polen/,True,True,2026-09-21T00:00:00.000Z,"Durchschnittsgehalt Polen: brutto, netto und Mindestlohn",56,1,Durchschnittsgehalt Polen,True,162,True,7,True,True,7,0,True,True,True,True,True,True,1,1,,19,5,False,0,0,488,31,4,0,1,5,True,0,0.419,0.066,False,latin
/de/gehaelter/spanien/,work.country-salaries,de,work,ES,200,,0,https://livdar.com/de/gehaelter/spanien/,0.243,0.243,55306,2,True,"index, follow",False,https://livdar.com/de/gehaelter/spanien/,True,True,2026-09-21T00:00:00.000Z,"Durchschnittsgehalt Spanien: brutto, netto und Mindestlohn",58,1,Durchschnittsgehalt Spanien,True,164,True,7,True,True,7,0,True,True,True,True,True,True,1,1,,19,5,False,0,0,487,31,4,0,1,5,True,0,0.412,0.066,False,latin
/de/gehaelter/tschechien/,work.country-salaries,de,work,CZ,200,,0,https://livdar.com/de/gehaelter/tschechien/,0.196,0.196,54711,2,True,"index, follow",False,https://livdar.com/de/gehaelter/tschechien/,True,True,2026-09-21T00:00:00.000Z,"Durchschnittsgehalt Tschechien: brutto, netto und Mindestlohn",61,1,Durchschnittsgehalt Tschechien,True,167,True,4,True,True,4,0,True,True,True,True,True,True,1,1,,19,5,False,0,0,485,31,4,0,1,5,True,0,0.419,0.066,False,latin
/de/lebenshaltungskosten/australien/,cost-of-living.country,de,move,AU,200,,0,https://livdar.com/de/lebenshaltungskosten/australien/,0.21,0.21,56222,2,True,"index, follow",False,https://livdar.com/de/lebenshaltungskosten/australien/,True,True,2026-09-21T00:00:00.000Z,Lebenshaltungskosten Australien: was das Preisniveau wirklich aussagt,69,1,Lebenshaltungskosten Australien,True,154,True,8,True,True,8,0,True,True,True,True,True,True,1,1,,19,9,False,0,0,489,24,4,0,1,5,True,0,0.509,0.056,False,latin
/de/lebenshaltungskosten/bulgarien/,cost-of-living.country,de,move,BG,200,,0,https://livdar.com/de/lebenshaltungskosten/bulgarien/,0.209,0.209,60099,2,True,"index, follow",False,https://livdar.com/de/lebenshaltungskosten/bulgarien/,True,True,2026-09-21T00:00:00.000Z,Lebenshaltungskosten Bulgarien: was das Preisniveau wirklich aussagt,68,1,Lebenshaltungskosten Bulgarien,True,154,True,6,True,False,6,0,True,True,True,True,True,True,1,1,,18,13,False,0,0,562,48,4,0,1,5,True,0,0.437,0.073,False,latin
/de/lebenshaltungskosten/daenemark/,cost-of-living.country,de,move,DK,200,,0,https://livdar.com/de/lebenshaltungskosten/daenemark/,0.268,0.268,61174,2,True,"index, follow",False,https://livdar.com/de/lebenshaltungskosten/daenemark/,True,True,2026-09-21T00:00:00.000Z,Lebenshaltungskosten Dänemark: was das Preisniveau wirklich aussagt,67,1,Lebenshaltungskosten Dänemark,True,154,True,10,True,True,10,0,True,True,True,True,True,True,1,1,,19,9,False,0,0,561,48,4,0,1,5,True,0,0.423,0.072,False,latin
/de/lebenshaltungskosten/deutschland/,cost-of-living.country,de,move,DE,200,,0,https://livdar.com/de/lebenshaltungskosten/deutschland/,0.249,0.248,60359,2,True,"index, follow",False,https://livdar.com/de/lebenshaltungskosten/deutschland/,True,True,2026-09-21T00:00:00.000Z,Lebenshaltungskosten Deutschland: was das Preisniveau wirklich aussagt,70,1,Lebenshaltungskosten Deutschland,True,157,True,9,True,True,9,0,True,True,True,True,True,True,1,1,,19,10,False,0,0,559,50,4,0,1,5,True,0,0.415,0.071,False,latin
/de/lebenshaltungskosten/griechenland/,cost-of-living.country,de,move,GR,200,,0,https://livdar.com/de/lebenshaltungskosten/griechenland/,0.234,0.233,60864,2,True,"index, follow",False,https://livdar.com/de/lebenshaltungskosten/griechenland/,True,True,2026-09-21T00:00:00.000Z,Lebenshaltungskosten Griechenland: was das Preisniveau wirklich aussagt,71,1,Lebenshaltungskosten Griechenland,True,155,True,9,True,True,9,0,True,True,True,True,True,True,1,1,,18,5,False,0,0,555,48,4,0,1,5,True,0,0.451,0.074,False,latin
/de/lebenshaltungskosten/irland/,cost-of-living.country,de,move,IE,200,,0,https://livdar.com/de/lebenshaltungskosten/irland/,0.257,0.257,60374,2,True,"index, follow",False,https://livdar.com/de/lebenshaltungskosten/irland/,True,True,2026-09-21T00:00:00.000Z,Lebenshaltungskosten Irland: was das Preisniveau wirklich aussagt,65,1,Lebenshaltungskosten Irland,True,152,True,8,True,True,8,0,True,True,True,True,True,True,1,1,,18,4,False,0,0,563,48,4,0,1,5,True,0,0.44,0.073,False,latin
/de/lebenshaltungskosten/italien/,cost-of-living.country,de,move,IT,200,,0,https://livdar.com/de/lebenshaltungskosten/italien/,0.218,0.218,60621,2,True,"index, follow",False,https://livdar.com/de/lebenshaltungskosten/italien/,True,True,2026-09-21T00:00:00.000Z,Lebenshaltungskosten Italien: was das Preisniveau wirklich aussagt,66,1,Lebenshaltungskosten Italien,True,152,True,9,True,True,9,0,True,True,True,True,True,True,1,1,,19,5,False,0,0,565,50,4,0,1,5,True,0,0.431,0.072,False,latin
/de/lebenshaltungskosten/japan/,cost-of-living.country,de,move,JP,200,,0,https://livdar.com/de/lebenshaltungskosten/japan/,0.243,0.243,56690,2,True,"index, follow",False,https://livdar.com/de/lebenshaltungskosten/japan/,True,True,2026-09-21T00:00:00.000Z,Lebenshaltungskosten Japan: was das Preisniveau wirklich aussagt,64,1,Lebenshaltungskosten Japan,True,148,True,8,True,True,8,0,True,True,True,True,True,True,1,1,,19,4,False,0,0,503,26,4,0,1,5,True,0,0.466,0.07,False,latin
/de/lebenshaltungskosten/kroatien/,cost-of-living.country,de,move,HR,200,,0,https://livdar.com/de/lebenshaltungskosten/kroatien/,0.309,0.308,60230,2,True,"index, follow",False,https://livdar.com/de/lebenshaltungskosten/kroatien/,True,True,2026-09-21T00:00:00.000Z,Lebenshaltungskosten Kroatien: was das Preisniveau wirklich aussagt,67,1,Lebenshaltungskosten Kroatien,True,153,True,7,True,True,7,0,True,True,True,True,True,True,1,1,,18,4,False,0,0,559,48,4,0,1,5,True,0,0.468,0.073,False,latin
/de/lebenshaltungskosten/malta/,cost-of-living.country,de,move,MT,200,,0,https://livdar.com/de/lebenshaltungskosten/malta/,0.212,0.211,60898,2,True,"index, follow",False,https://livdar.com/de/lebenshaltungskosten/malta/,True,True,2026-09-21T00:00:00.000Z,Lebenshaltungskosten Malta: was das Preisniveau wirklich aussagt,64,1,Lebenshaltungskosten Malta,True,150,True,10,True,True,10,0,True,True,True,True,True,True,1,1,,18,4,False,0,0,561,48,4,0,1,5,True,0,0.444,0.073,False,latin
/de/lebenshaltungskosten/niederlande/,cost-of-living.country,de,move,NL,200,1,0,https://livdar.com/de/lebenshaltungskosten/niederlande/,0.214,0.214,60455,2,True,"index, follow",False,https://livdar.com/de/lebenshaltungskosten/niederlande/,True,True,2026-09-21T00:00:00.000Z,Lebenshaltungskosten Niederlande: was das Preisniveau wirklich aussagt,70,1,Lebenshaltungskosten Niederlande,True,155,True,7,True,True,7,0,True,True,True,True,True,True,1,1,,19,5,False,0,0,562,50,4,0,1,5,True,0,0.442,0.073,False,latin
/de/lebenshaltungskosten/norwegen/,cost-of-living.country,de,move,NO,200,,0,https://livdar.com/de/lebenshaltungskosten/norwegen/,0.274,0.274,60930,2,True,"index, follow",False,https://livdar.com/de/lebenshaltungskosten/norwegen/,True,True,2026-09-21T00:00:00.000Z,Lebenshaltungskosten Norwegen: was das Preisniveau wirklich aussagt,67,1,Lebenshaltungskosten Norwegen,True,154,True,9,True,True,9,0,True,True,True,True,True,True,1,1,,18,4,False,0,0,564,48,4,0,1,5,True,0,0.44,0.073,False,latin
/de/lebenshaltungskosten/oesterreich/,cost-of-living.country,de,move,AT,200,2,0,https://livdar.com/de/lebenshaltungskosten/oesterreich/,0.264,0.263,58834,2,True,"index, follow",False,https://livdar.com/de/lebenshaltungskosten/oesterreich/,True,True,2026-09-21T00:00:00.000Z,Lebenshaltungskosten Österreich: was das Preisniveau wirklich aussagt,69,1,Lebenshaltungskosten Österreich,True,156,True,2,True,False,2,0,True,True,True,True,True,True,1,1,,19,5,False,0,0,563,50,4,0,1,5,True,0,0.442,0.073,False,latin
/de/lebenshaltungskosten/polen/,cost-of-living.country,de,move,PL,200,2,0,https://livdar.com/de/lebenshaltungskosten/polen/,0.229,0.229,60244,2,True,"index, follow",False,https://livdar.com/de/lebenshaltungskosten/polen/,True,True,2026-09-21T00:00:00.000Z,Lebenshaltungskosten Polen: was das Preisniveau wirklich aussagt,64,1,Lebenshaltungskosten Polen,True,150,True,8,True,True,8,0,True,True,True,True,True,True,1,1,,19,6,False,0,0,561,48,4,0,1,5,True,0,0.44,0.072,False,latin
/de/lebenshaltungskosten/portugal/,cost-of-living.country,de,move,PT,200,,0,https://livdar.com/de/lebenshaltungskosten/portugal/,0.24,0.24,61084,2,True,"index, follow",False,https://livdar.com/de/lebenshaltungskosten/portugal/,True,True,2026-09-21T00:00:00.000Z,Lebenshaltungskosten Portugal: was das Preisniveau wirklich aussagt,67,1,Lebenshaltungskosten Portugal,True,151,True,10,True,True,10,0,True,True,True,True,True,True,1,1,,18,4,False,0,0,554,48,4,0,1,5,True,0,0.451,0.074,False,latin
/de/lebenshaltungskosten/schweden/,cost-of-living.country,de,move,SE,200,,0,https://livdar.com/de/lebenshaltungskosten/schweden/,0.219,0.218,60510,2,True,"index, follow",False,https://livdar.com/de/lebenshaltungskosten/schweden/,True,True,2026-09-21T00:00:00.000Z,Lebenshaltungskosten Schweden: was das Preisniveau wirklich aussagt,67,1,Lebenshaltungskosten Schweden,True,152,True,8,True,True,8,0,True,True,True,True,True,True,1,1,,18,4,False,0,0,556,48,4,0,1,5,True,0,0.438,0.073,False,latin
/de/lebenshaltungskosten/schweiz/,cost-of-living.country,de,move,CH,200,,0,https://livdar.com/de/lebenshaltungskosten/schweiz/,0.276,0.275,60608,2,True,"index, follow",False,https://livdar.com/de/lebenshaltungskosten/schweiz/,True,True,2026-09-21T00:00:00.000Z,Lebenshaltungskosten Schweiz: was das Preisniveau wirklich aussagt,66,1,Lebenshaltungskosten Schweiz,True,153,True,9,True,True,9,0,True,True,True,True,True,True,1,1,,19,6,False,0,0,559,48,4,0,1,5,True,0,0.425,0.071,False,latin
/de/lebenshaltungskosten/spanien/,cost-of-living.country,de,move,ES,200,,0,https://livdar.com/de/lebenshaltungskosten/spanien/,0.268,0.268,60911,2,True,"index, follow",False,https://livdar.com/de/lebenshaltungskosten/spanien/,True,True,2026-09-21T00:00:00.000Z,Lebenshaltungskosten Spanien: was das Preisniveau wirklich aussagt,66,1,Lebenshaltungskosten Spanien,True,152,True,10,True,True,10,0,True,True,True,True,True,True,1,1,,19,5,False,0,0,560,48,4,0,1,5,True,0,0.435,0.072,False,latin
/de/lebenshaltungskosten/thailand/,cost-of-living.country,de,move,TH,200,,0,https://livdar.com/de/lebenshaltungskosten/thailand/,0.214,0.213,55201,2,True,"index, follow",False,https://livdar.com/de/lebenshaltungskosten/thailand/,True,True,2026-09-21T00:00:00.000Z,Lebenshaltungskosten Thailand: was das Preisniveau wirklich aussagt,67,1,Lebenshaltungskosten Thailand,True,153,True,5,True,True,5,0,True,True,True,True,True,True,1,1,,18,4,False,0,0,497,24,4,0,1,5,True,0,0.509,0.055,False,latin
/de/lebenshaltungskosten/tschechien/,cost-of-living.country,de,move,CZ,200,,0,https://livdar.com/de/lebenshaltungskosten/tschechien/,0.33,0.329,59006,2,True,"index, follow",False,https://livdar.com/de/lebenshaltungskosten/tschechien/,True,True,2026-09-21T00:00:00.000Z,Lebenshaltungskosten Tschechien: was das Preisniveau wirklich aussagt,69,1,Lebenshaltungskosten Tschechien,True,155,True,3,True,False,3,0,True,True,True,True,True,True,1,1,,19,5,False,0,0,557,48,4,0,1,5,True,0,0.44,0.073,False,latin
/de/lebenshaltungskosten/tuerkei/,cost-of-living.country,de,move,TR,200,,0,https://livdar.com/de/lebenshaltungskosten/tuerkei/,0.329,0.328,60372,2,True,"index, follow",False,https://livdar.com/de/lebenshaltungskosten/tuerkei/,True,True,2026-09-21T00:00:00.000Z,Lebenshaltungskosten Türkei: was das Preisniveau wirklich aussagt,65,1,Lebenshaltungskosten Türkei,True,151,True,8,True,True,8,0,True,True,True,True,True,True,1,1,,19,5,False,0,0,563,46,4,0,1,5,True,0,0.408,0.071,False,latin
/de/lebenshaltungskosten/ungarn/,cost-of-living.country,de,move,HU,200,1,0,https://livdar.com/de/lebenshaltungskosten/ungarn/,0.215,0.214,59149,2,True,"index, follow",False,https://livdar.com/de/lebenshaltungskosten/ungarn/,True,True,2026-09-21T00:00:00.000Z,Lebenshaltungskosten Ungarn: was das Preisniveau wirklich aussagt,65,1,Lebenshaltungskosten Ungarn,True,151,True,4,True,False,4,0,True,True,True,True,True,True,1,1,,19,5,False,0,0,560,48,4,0,1,5,True,0,0.468,0.073,False,latin
/de/lebenshaltungskosten/vereinigte-staaten/,cost-of-living.country,de,move,US,200,,0,https://livdar.com/de/lebenshaltungskosten/vereinigte-staaten/,0.261,0.261,55572,2,True,"index, follow",False,https://livdar.com/de/lebenshaltungskosten/vereinigte-staaten/,True,True,2026-09-21T00:00:00.000Z,Lebenshaltungskosten usa: was das Preisniveau wirklich aussagt,62,1,Lebenshaltungskosten usa,True,164,True,2,True,False,2,0,True,True,True,True,True,True,1,1,,19,4,False,0,0,519,27,4,0,1,5,True,0,0.466,0.067,False,latin
/de/lebenshaltungskosten/zypern/,cost-of-living.country,de,move,CY,200,,0,https://livdar.com/de/lebenshaltungskosten/zypern/,0.278,0.277,59480,2,True,"index, follow",False,https://livdar.com/de/lebenshaltungskosten/zypern/,True,True,2026-09-21T00:00:00.000Z,Lebenshaltungskosten Zypern: was das Preisniveau wirklich aussagt,65,1,Lebenshaltungskosten Zypern,True,151,True,5,True,True,5,0,True,True,True,True,True,True,1,1,,19,4,False,0,0,559,48,4,0,1,5,True,0,0.444,0.073,False,latin
/de/mietpreisentwicklung/deutschland/,rents.country-inflation,de,stay,DE,200,,0,https://livdar.com/de/mietpreisentwicklung/deutschland/,0.229,0.229,60438,2,True,"index, follow",False,https://livdar.com/de/mietpreisentwicklung/deutschland/,True,True,2026-09-21T00:00:00.000Z,Mietpreisentwicklung in Deutschland 2025: der Index und sein Platz,66,1,Mietpreisentwicklung in Deutschland 2025,True,161,True,1,True,False,1,0,True,True,True,True,True,True,1,1,,17,4,False,0,0,596,79,4,0,1,5,True,0,0.041,0.036,False,latin
/de/rangliste/guenstigste-laender-in-europa/,rankings.index,de,tools,cheapest-countries-europe,200,,0,https://livdar.com/de/rangliste/guenstigste-laender-in-europa/,0.286,0.286,69685,2,True,"index, follow",False,https://livdar.com/de/rangliste/guenstigste-laender-in-europa/,True,True,2026-09-21T00:00:00.000Z,Die günstigsten Länder Europas: die gemessene Liste,51,1,Die günstigsten Länder Europas,True,155,True,9,True,True,9,0,True,True,True,True,True,True,1,1,,18,30,False,0,0,613,124,4,0,1,5,True,0,0.173,0.035,False,latin
/de/rangliste/guenstigste-laender-zum-leben/,rankings.index,de,tools,cheapest-countries,200,,0,https://livdar.com/de/rangliste/guenstigste-laender-zum-leben/,0.257,0.256,74639,2,True,"index, follow",False,https://livdar.com/de/rangliste/guenstigste-laender-zum-leben/,True,True,2026-09-21T00:00:00.000Z,Die günstigsten Länder zum Leben: die gemessene Liste,53,1,Die günstigsten Länder zum Leben,True,158,True,10,True,True,10,0,True,True,True,True,True,True,1,1,,17,30,False,0,0,663,164,4,0,1,5,True,0,0.231,0.051,False,latin
/de/rangliste/teuerste-laender-der-welt/,rankings.index,de,tools,most-expensive-countries,200,,0,https://livdar.com/de/rangliste/teuerste-laender-der-welt/,0.248,0.248,74499,2,True,"index, follow",False,https://livdar.com/de/rangliste/teuerste-laender-der-welt/,True,True,2026-09-21T00:00:00.000Z,Die teuersten Länder zum Leben: die gemessene Liste,51,1,Die teuersten Länder zum Leben,True,156,True,9,True,True,9,0,True,True,True,True,True,True,1,1,,17,2,False,0,0,674,164,4,0,1,5,True,0,0.231,0.046,False,latin
/de/rechner/auswandern-kosten/,tools.calculator,de,tools,relocation-budget,200,1,0,https://livdar.com/de/rechner/auswandern-kosten/,0.206,0.206,56196,2,True,"index, follow",False,https://livdar.com/de/rechner/auswandern-kosten/,True,True,2026-09-21T00:00:00.000Z,Auswandern kosten: auf gemessenen Daten,39,1,Auswandern kosten,True,140,True,5,True,True,5,0,True,True,True,True,True,True,1,1,,17,35,False,0,0,475,30,4,0,1,5,True,0,0.359,0.05,False,latin
/de/rechner/gehaltsrechner/,tools.calculator,de,tools,salary-calculator,200,,0,https://livdar.com/de/rechner/gehaltsrechner/,0.264,0.264,62998,2,True,"index, follow",False,https://livdar.com/de/rechner/gehaltsrechner/,True,True,2026-09-21T00:00:00.000Z,Gehaltsrechner: auf gemessenen Daten,36,1,Gehaltsrechner,True,113,True,10,True,True,10,0,True,True,True,True,True,True,1,1,,18,32,False,0,0,501,34,4,0,1,5,True,0,0.225,0.046,False,latin
/de/rechner/laendervergleich/,tools.cost-comparison,de,tools,country-comparison,200,,0,https://livdar.com/de/rechner/laendervergleich/,0.425,0.424,64173,2,True,"index, follow",False,https://livdar.com/de/rechner/laendervergleich/,True,True,2026-09-21T00:00:00.000Z,Ländervergleich: auf gemessenen Daten,37,1,Ländervergleich,True,138,True,1,True,False,1,0,True,True,True,True,True,True,1,1,,18,41,False,0,0,626,38,4,1,1,5,True,0,0.292,0.081,False,latin
/de/rechner/lebenshaltungskosten-rechner/,tools.cost-calculator,de,tools,cost-of-living-calculator,200,,0,https://livdar.com/de/rechner/lebenshaltungskosten-rechner/,0.301,0.292,65507,2,True,"index, follow",False,https://livdar.com/de/rechner/lebenshaltungskosten-rechner/,True,True,2026-09-21T00:00:00.000Z,Lebenshaltungskosten rechner: auf gemessenen Daten,50,1,Lebenshaltungskosten rechner,True,140,True,6,True,True,6,0,True,True,True,True,True,True,1,1,,17,31,False,0,0,579,36,4,1,1,5,True,0,0.03,0.021,False,latin
/de/rechner/lebenshaltungskosten-vergleich/,tools.cost-comparison,de,tools,cost-of-living-comparison,200,,0,https://livdar.com/de/rechner/lebenshaltungskosten-vergleich/,0.269,0.269,65417,2,True,"index, follow",False,https://livdar.com/de/rechner/lebenshaltungskosten-vergleich/,True,True,2026-09-21T00:00:00.000Z,Lebenshaltungskosten vergleich: auf gemessenen Daten,52,1,Lebenshaltungskosten vergleich,True,142,True,5,True,True,5,0,True,True,True,True,True,True,1,1,,17,6,False,0,0,598,36,4,1,1,5,True,0,0.356,0.095,False,latin
/de/rechner/reisekosten-rechner/,tools.calculator,de,tools,travel-budget,200,,0,https://livdar.com/de/rechner/reisekosten-rechner/,0.281,0.28,64967,2,True,"index, follow",False,https://livdar.com/de/rechner/reisekosten-rechner/,True,True,2026-09-21T00:00:00.000Z,Reisekosten rechner: auf gemessenen Daten,41,1,Reisekosten rechner,True,131,True,7,True,True,7,0,True,True,True,True,True,True,1,1,,17,12,False,0,0,592,36,4,1,1,5,True,0,0.359,0.048,False,latin
/de/rechner/staedte-vergleich/,tools.cost-comparison,de,tools,city-comparison,200,1,0,https://livdar.com/de/rechner/staedte-vergleich/,0.266,0.266,56732,2,True,"index, follow",False,https://livdar.com/de/rechner/staedte-vergleich/,True,True,2026-09-21T00:00:00.000Z,Städte vergleich: auf gemessenen Daten,38,1,Städte vergleich,True,139,True,6,True,True,6,0,True,True,True,True,True,True,1,1,,17,5,False,0,0,485,30,4,0,1,5,True,0,0.356,0.09,False,latin
/de/rechner/umzugskosten-rechner/,tools.calculator,de,tools,moving-cost,200,,0,https://livdar.com/de/rechner/umzugskosten-rechner/,0.252,0.252,59706,2,True,"index, follow",False,https://livdar.com/de/rechner/umzugskosten-rechner/,True,True,2026-09-21T00:00:00.000Z,Umzugskosten rechner: auf gemessenen Daten,42,1,Umzugskosten rechner,True,117,True,9,True,True,9,0,True,True,True,True,True,True,1,1,,18,6,False,0,0,523,40,4,0,1,5,True,0,0.198,0.053,False,latin
/de/rechner/wie-viel-miete-kann-ich-mir-leisten/,tools.calculator,de,tools,rent-affordability,200,,0,https://livdar.com/de/rechner/wie-viel-miete-kann-ich-mir-leisten/,0.266,0.263,58321,2,True,"index, follow",False,https://livdar.com/de/rechner/wie-viel-miete-kann-ich-mir-leisten/,True,True,2026-09-21T00:00:00.000Z,Wie viel miete kann ich mir leisten: auf gemessenen Daten,57,1,Wie viel miete kann ich mir leisten,True,134,True,6,True,True,6,0,True,True,True,True,True,True,1,1,,18,14,False,0,0,534,26,4,1,1,5,True,0,0.198,0.043,False,latin
/de/rechner/wo-soll-ich-leben/,tools.matcher,de,tools,where-should-i-live,200,,0,https://livdar.com/de/rechner/wo-soll-ich-leben/,0.223,0.222,64742,2,True,"index, follow",False,https://livdar.com/de/rechner/wo-soll-ich-leben/,True,True,2026-09-21T00:00:00.000Z,Wo soll ich leben: auf gemessenen Daten,39,1,Wo soll ich leben,True,140,True,9,True,True,9,0,True,True,True,True,True,True,1,1,,18,6,False,0,0,563,50,4,0,1,6,True,0,0.436,0.047,False,latin
/de/rechner/wo-uebernachten/,tools.matcher,de,tools,where-should-i-stay,200,,0,https://livdar.com/de/rechner/wo-uebernachten/,0.239,0.238,99640,2,True,"index, follow",False,https://livdar.com/de/rechner/wo-uebernachten/,True,True,2026-09-21T00:00:00.000Z,Wo übernachten: auf gemessenen Daten,36,1,Wo übernachten,True,113,True,9,True,True,9,0,True,True,True,True,True,True,1,1,,17,14,False,0,0,624,25,4,0,1,6,True,0,0.136,0.034,False,latin
/de/rechner/wohin-auswandern/,tools.matcher,de,tools,destination-matcher,200,,0,https://livdar.com/de/rechner/wohin-auswandern/,0.277,0.277,65402,2,True,"index, follow",False,https://livdar.com/de/rechner/wohin-auswandern/,True,True,2026-09-21T00:00:00.000Z,Wohin auswandern: auf gemessenen Daten,38,1,Wohin auswandern,True,141,True,9,True,True,9,0,True,True,True,True,True,True,1,1,,18,6,False,0,0,596,50,4,0,1,6,True,0,0.436,0.047,False,latin
/de/stadtteile/berlin/,neighbourhoods.city-where-to-stay,de,areas,2950159,200,,0,https://livdar.com/de/stadtteile/berlin/,0.295,0.294,74924,2,True,"index, follow",False,https://livdar.com/de/stadtteile/berlin/,True,True,2026-09-21T00:00:00.000Z,Stadtteile in Berlin: Lage und Entfernung zur Mitte,51,1,Stadtteile in Berlin,True,124,True,1,True,False,1,0,True,True,True,True,True,True,1,1,,18,9,False,0,0,837,119,4,0,1,5,True,0,0.259,0.042,False,latin
/de/stadtteile/hamburg/,neighbourhoods.city-where-to-stay,de,areas,2911298,200,,0,https://livdar.com/de/stadtteile/hamburg/,0.406,0.405,72649,2,True,"index, follow",False,https://livdar.com/de/stadtteile/hamburg/,True,True,2026-09-21T00:00:00.000Z,Stadtteile in Hamburg: Lage und Entfernung zur Mitte,52,1,Stadtteile in Hamburg,True,125,True,1,True,False,1,0,True,True,True,True,True,True,1,1,,18,8,False,0,0,803,109,4,0,1,5,True,0,0.254,0.043,False,latin
/de/stadtteile/koeln/,neighbourhoods.city-where-to-stay,de,areas,2886242,200,,0,https://livdar.com/de/stadtteile/koeln/,0.282,0.281,58382,2,True,"index, follow",False,https://livdar.com/de/stadtteile/koeln/,True,True,2026-09-21T00:00:00.000Z,Stadtteile in Köln: Lage und Entfernung zur Mitte,49,1,Stadtteile in Köln,True,122,True,1,True,False,1,0,True,True,True,True,True,True,1,1,,18,8,False,0,0,586,47,4,0,1,5,True,0,0.271,0.05,False,latin
/de/stadtteile/london/,neighbourhoods.city-where-to-stay,de,areas,2643743,200,,0,https://livdar.com/de/stadtteile/london/,0.235,0.235,73569,2,True,"index, follow",False,https://livdar.com/de/stadtteile/london/,True,True,2026-09-21T00:00:00.000Z,Stadtteile in London: Lage und Entfernung zur Mitte,51,1,Stadtteile in London,True,124,True,8,True,True,8,0,True,True,True,True,True,True,1,1,,18,8,False,0,0,802,105,4,0,1,5,True,0,0.271,0.044,False,latin
/de/stadtteile/new-york/,neighbourhoods.city-where-to-stay,de,areas,5128581,200,,0,https://livdar.com/de/stadtteile/new-york/,0.288,0.288,77386,2,True,"index, follow",False,https://livdar.com/de/stadtteile/new-york/,True,True,2026-09-21T00:00:00.000Z,Stadtteile in New York: Lage und Entfernung zur Mitte,53,1,Stadtteile in New York,True,126,True,8,True,True,8,0,True,True,True,True,True,True,1,1,,18,8,False,0,0,880,119,4,0,1,5,True,0,0.234,0.042,False,latin
/en/best-time-to-visit/costa-rica/,weather.country-best-time,en,climate,CR,200,,0,https://livdar.com/en/best-time-to-visit/costa-rica/,0.516,0.516,59862,2,True,"index, follow",False,https://livdar.com/en/best-time-to-visit/costa-rica/,True,True,2026-09-21T00:00:00.000Z,"Best time to visit Costa Rica: the months, measured city by city",64,1,Best time to visit Costa Rica,True,181,True,4,True,True,4,0,True,True,True,True,True,True,1,1,,18,13,False,0,0,715,45,4,0,1,5,True,0,0.439,0.234,False,latin
/en/best-time-to-visit/croatia/,weather.country-best-time,en,climate,HR,200,,0,https://livdar.com/en/best-time-to-visit/croatia/,0.256,0.255,59133,2,True,"index, follow",False,https://livdar.com/en/best-time-to-visit/croatia/,True,True,2026-09-21T00:00:00.000Z,"Best time to visit Croatia: the months, measured city by city",61,1,Best time to visit Croatia,True,166,True,2,True,True,2,0,True,True,True,True,True,True,1,1,,19,5,False,0,0,722,46,4,0,1,5,True,0,0.476,0.249,False,latin
/en/best-time-to-visit/greece/,weather.country-best-time,en,climate,GR,200,,0,https://livdar.com/en/best-time-to-visit/greece/,0.307,0.307,58754,2,True,"index, follow",False,https://livdar.com/en/best-time-to-visit/greece/,True,True,2026-09-21T00:00:00.000Z,"Best time to visit Greece: the months, measured city by city",60,1,Best time to visit Greece,True,170,True,2,True,True,2,0,True,True,True,True,True,True,1,1,,19,5,False,0,0,703,45,4,0,1,5,True,0,0.485,0.249,False,latin
/en/best-time-to-visit/iceland/,weather.country-best-time,en,climate,IS,200,,0,https://livdar.com/en/best-time-to-visit/iceland/,0.216,0.215,57073,2,True,"index, follow",False,https://livdar.com/en/best-time-to-visit/iceland/,True,True,2026-09-21T00:00:00.000Z,"Best time to visit Iceland: the months, measured city by city",61,1,Best time to visit Iceland,True,169,True,2,True,True,2,0,True,True,True,True,True,True,1,1,,19,6,False,0,0,618,41,4,0,1,5,True,0,0.42,0.229,False,latin
/en/best-time-to-visit/italy/,weather.country-best-time,en,climate,IT,200,,0,https://livdar.com/en/best-time-to-visit/italy/,0.245,0.244,58993,2,True,"index, follow",False,https://livdar.com/en/best-time-to-visit/italy/,True,True,2026-09-21T00:00:00.000Z,"Best time to visit Italy: the months, measured city by city",59,1,Best time to visit Italy,True,164,True,2,True,True,2,0,True,True,True,True,True,True,1,1,,19,5,False,0,0,723,46,4,0,1,5,True,0,0.476,0.251,False,latin
/en/best-time-to-visit/japan/,weather.country-best-time,en,climate,JP,200,,0,https://livdar.com/en/best-time-to-visit/japan/,0.427,0.426,59707,2,True,"index, follow",False,https://livdar.com/en/best-time-to-visit/japan/,True,True,2026-09-21T00:00:00.000Z,"Best time to visit Japan: the months, measured city by city",59,1,Best time to visit Japan,True,165,True,4,True,True,4,0,True,True,True,True,True,True,1,1,,19,6,False,0,0,726,47,4,0,1,5,True,0,0.426,0.233,False,latin
/en/best-time-to-visit/peru/,weather.country-best-time,en,climate,PE,200,,0,https://livdar.com/en/best-time-to-visit/peru/,0.224,0.223,59252,2,True,"index, follow",False,https://livdar.com/en/best-time-to-visit/peru/,True,True,2026-09-21T00:00:00.000Z,"Best time to visit Peru: the months, measured city by city",58,1,Best time to visit Peru,True,171,True,2,True,True,2,0,True,True,True,True,True,True,1,1,,18,6,False,0,0,721,46,4,0,1,5,True,0,0.423,0.234,False,latin
/en/best-time-to-visit/portugal/,weather.country-best-time,en,climate,PT,200,,0,https://livdar.com/en/best-time-to-visit/portugal/,0.331,0.33,59280,2,True,"index, follow",False,https://livdar.com/en/best-time-to-visit/portugal/,True,True,2026-09-21T00:00:00.000Z,"Best time to visit Portugal: the months, measured city by city",62,1,Best time to visit Portugal,True,170,True,2,True,True,2,0,True,True,True,True,True,True,1,1,,19,6,False,0,0,724,46,4,0,1,5,True,0,0.461,0.248,False,latin
/en/best-time-to-visit/spain/,weather.country-best-time,en,climate,ES,200,,0,https://livdar.com/en/best-time-to-visit/spain/,0.237,0.236,59460,2,True,"index, follow",False,https://livdar.com/en/best-time-to-visit/spain/,True,True,2026-09-21T00:00:00.000Z,"Best time to visit Spain: the months, measured city by city",59,1,Best time to visit Spain,True,169,True,2,True,True,2,0,True,True,True,True,True,True,1,1,,19,8,False,0,0,735,47,4,0,1,5,True,0,0.461,0.248,False,latin
/en/best-time-to-visit/switzerland/,weather.country-best-time,en,climate,CH,200,,0,https://livdar.com/en/best-time-to-visit/switzerland/,0.301,0.301,59181,2,True,"index, follow",False,https://livdar.com/en/best-time-to-visit/switzerland/,True,True,2026-09-21T00:00:00.000Z,"Best time to visit Switzerland: the months, measured city by city",65,1,Best time to visit Switzerland,True,176,True,2,True,True,2,0,True,True,True,True,True,True,1,1,,19,8,False,0,0,703,45,4,0,1,5,True,0,0.505,0.252,False,latin
/en/best-time-to-visit/thailand/,weather.country-best-time,en,climate,TH,200,,0,https://livdar.com/en/best-time-to-visit/thailand/,0.228,0.227,60185,2,True,"index, follow",False,https://livdar.com/en/best-time-to-visit/thailand/,True,True,2026-09-21T00:00:00.000Z,"Best time to visit Thailand: the months, measured city by city",62,1,Best time to visit Thailand,True,179,True,4,True,True,4,0,True,True,True,True,True,True,1,1,,19,8,False,0,0,727,46,4,0,1,5,True,0,0.462,0.241,False,latin
/en/best-time-to-visit/tuerkiye/,weather.country-best-time,en,climate,TR,200,1,0,https://livdar.com/en/best-time-to-visit/tuerkiye/,0.247,0.246,58850,2,True,"index, follow",False,https://livdar.com/en/best-time-to-visit/tuerkiye/,True,True,2026-09-21T00:00:00.000Z,"Best time to visit Türkiye: the months, measured city by city",61,1,Best time to visit Türkiye,True,171,True,2,True,True,2,0,True,True,True,True,True,True,1,1,,19,8,False,0,0,702,45,4,0,1,5,True,0,0.505,0.251,False,latin
/en/best-time-to-visit/vietnam/,weather.country-best-time,en,climate,VN,200,,0,https://livdar.com/en/best-time-to-visit/vietnam/,0.272,0.271,60352,2,True,"index, follow",False,https://livdar.com/en/best-time-to-visit/vietnam/,True,True,2026-09-21T00:00:00.000Z,"Best time to visit Vietnam: the months, measured city by city",61,1,Best time to visit Vietnam,True,175,True,5,True,True,5,0,True,True,True,True,True,True,1,1,,19,8,False,0,0,730,46,4,0,1,5,True,0,0.462,0.239,False,latin
/en/cost-of-living/albania/,cost-of-living.country,en,move,AL,200,2,0,https://livdar.com/en/cost-of-living/albania/,0.24,0.239,57820,2,True,"index, follow",False,https://livdar.com/en/cost-of-living/albania/,True,True,2026-09-21T00:00:00.000Z,Cost of living in Albania: what the price level actually says,61,1,Cost of living in Albania,True,159,True,5,True,True,5,0,True,True,True,True,True,True,1,1,,18,9,False,0,0,635,48,4,0,1,5,True,0,0.433,0.086,False,latin
/en/cost-of-living/australia/,cost-of-living.country,en,move,AU,200,,0,https://livdar.com/en/cost-of-living/australia/,0.312,0.301,54755,2,True,"index, follow",False,https://livdar.com/en/cost-of-living/australia/,True,True,2026-09-21T00:00:00.000Z,Cost of living in Australia: what the price level actually says,63,1,Cost of living in Australia,True,160,True,8,True,True,8,0,True,True,True,True,True,True,1,1,,18,11,False,0,0,573,23,4,0,1,5,True,0,0.585,0.081,False,latin
/en/cost-of-living/canada/,cost-of-living.country,en,move,CA,200,,0,https://livdar.com/en/cost-of-living/canada/,0.285,0.285,53099,2,True,"index, follow",False,https://livdar.com/en/cost-of-living/canada/,True,True,2026-09-21T00:00:00.000Z,Cost of living in Canada: what the price level actually says,60,1,Cost of living in Canada,True,158,True,4,True,True,4,0,True,True,True,True,True,True,1,1,,19,7,False,0,0,576,23,4,0,1,5,True,0,0.556,0.08,False,latin
/en/cost-of-living/china/,cost-of-living.country,en,move,CN,200,,0,https://livdar.com/en/cost-of-living/china/,0.311,0.311,52958,2,True,"index, follow",False,https://livdar.com/en/cost-of-living/china/,True,True,2026-09-21T00:00:00.000Z,Cost of living in China: what the price level actually says,59,1,Cost of living in China,True,157,True,3,True,True,3,0,True,True,True,True,True,True,1,1,,18,4,False,0,0,573,23,4,0,1,5,True,0,0.585,0.081,False,latin
/en/cost-of-living/colombia/,cost-of-living.country,en,move,CO,200,,0,https://livdar.com/en/cost-of-living/colombia/,0.328,0.327,52913,2,True,"index, follow",False,https://livdar.com/en/cost-of-living/colombia/,True,True,2026-09-21T00:00:00.000Z,Cost of living in Colombia: what the price level actually says,62,1,Cost of living in Colombia,True,160,True,2,True,True,2,0,True,True,True,True,True,True,1,1,,18,4,False,0,0,576,23,4,0,1,5,True,0,0.57,0.081,False,latin
/en/cost-of-living/costa-rica/,cost-of-living.country,en,move,CR,200,2,0,https://livdar.com/en/cost-of-living/costa-rica/,0.319,0.319,53129,2,True,"index, follow",False,https://livdar.com/en/cost-of-living/costa-rica/,True,True,2026-09-21T00:00:00.000Z,Cost of living in Costa Rica: what the price level actually says,64,1,Cost of living in Costa Rica,True,162,True,2,True,True,2,0,True,True,True,True,True,True,1,1,,18,5,False,0,0,587,23,4,0,1,5,True,0,0.543,0.08,False,latin
/en/cost-of-living/croatia/,cost-of-living.country,en,move,HR,200,,0,https://livdar.com/en/cost-of-living/croatia/,0.227,0.227,58740,2,True,"index, follow",False,https://livdar.com/en/cost-of-living/croatia/,True,True,2026-09-21T00:00:00.000Z,Cost of living in Croatia: what the price level actually says,61,1,Cost of living in Croatia,True,159,True,7,True,True,7,0,True,True,True,True,True,True,1,1,,18,9,False,0,0,634,48,4,0,1,5,True,0,0.473,0.088,False,latin
/en/cost-of-living/cyprus/,cost-of-living.country,en,move,CY,200,,0,https://livdar.com/en/cost-of-living/cyprus/,0.211,0.21,57859,2,True,"index, follow",False,https://livdar.com/en/cost-of-living/cyprus/,True,True,2026-09-21T00:00:00.000Z,Cost of living in Cyprus: what the price level actually says,60,1,Cost of living in Cyprus,True,158,True,5,True,True,5,0,True,True,True,True,True,True,1,1,,18,6,False,0,0,627,48,4,0,1,5,True,0,0.459,0.088,False,latin
/en/cost-of-living/denmark/,cost-of-living.country,en,move,DK,200,,0,https://livdar.com/en/cost-of-living/denmark/,0.249,0.249,59697,2,True,"index, follow",False,https://livdar.com/en/cost-of-living/denmark/,True,True,2026-09-21T00:00:00.000Z,Cost of living in Denmark: what the price level actually says,61,1,Cost of living in Denmark,True,160,True,10,True,True,10,0,True,True,True,True,True,True,1,1,,18,5,False,0,0,638,48,4,0,1,5,True,0,0.465,0.088,False,latin
/en/cost-of-living/france/,cost-of-living.country,en,move,FR,200,,0,https://livdar.com/en/cost-of-living/france/,0.251,0.251,58438,2,True,"index, follow",False,https://livdar.com/en/cost-of-living/france/,True,True,2026-09-21T00:00:00.000Z,Cost of living in France: what the price level actually says,60,1,Cost of living in France,True,159,True,7,True,True,7,0,True,True,True,True,True,True,1,1,,18,5,False,0,0,629,48,4,0,1,5,True,0,0.459,0.088,False,latin
/en/cost-of-living/germany/,cost-of-living.country,en,move,DE,200,1,0,https://livdar.com/en/cost-of-living/germany/,0.438,0.437,59275,2,True,"index, follow",False,https://livdar.com/en/cost-of-living/germany/,True,True,2026-09-21T00:00:00.000Z,Cost of living in Germany: what the price level actually says,61,1,Cost of living in Germany,True,160,True,9,True,True,9,0,True,True,True,True,True,True,1,1,,18,6,False,0,0,633,48,4,0,1,5,True,0,0.476,0.089,False,latin
/en/cost-of-living/greece/,cost-of-living.country,en,move,GR,200,,0,https://livdar.com/en/cost-of-living/greece/,0.243,0.243,59109,2,True,"index, follow",False,https://livdar.com/en/cost-of-living/greece/,True,True,2026-09-21T00:00:00.000Z,Cost of living in Greece: what the price level actually says,60,1,Cost of living in Greece,True,156,True,9,True,True,9,0,True,True,True,True,True,True,1,1,,18,5,False,0,0,630,48,4,0,1,5,True,0,0.476,0.089,False,latin
/en/cost-of-living/iceland/,cost-of-living.country,en,move,IS,200,,0,https://livdar.com/en/cost-of-living/iceland/,0.282,0.264,58207,2,True,"index, follow",False,https://livdar.com/en/cost-of-living/iceland/,True,True,2026-09-21T00:00:00.000Z,Cost of living in Iceland: what the price level actually says,61,1,Cost of living in Iceland,True,160,True,5,True,True,5,0,True,True,True,True,True,True,1,1,,18,6,False,0,0,638,48,4,0,1,5,True,0,0.435,0.087,False,latin
/en/cost-of-living/ireland/,cost-of-living.country,en,move,IE,200,,0,https://livdar.com/en/cost-of-living/ireland/,0.213,0.213,59094,2,True,"index, follow",False,https://livdar.com/en/cost-of-living/ireland/,True,True,2026-09-21T00:00:00.000Z,Cost of living in Ireland: what the price level actually says,61,1,Cost of living in Ireland,True,160,True,8,True,True,8,0,True,True,True,True,True,True,1,1,,18,5,False,0,0,639,48,4,0,1,5,True,0,0.469,0.088,False,latin
/en/cost-of-living/italy/,cost-of-living.country,en,move,IT,200,,0,https://livdar.com/en/cost-of-living/italy/,0.255,0.254,59115,2,True,"index, follow",False,https://livdar.com/en/cost-of-living/italy/,True,True,2026-09-21T00:00:00.000Z,Cost of living in Italy: what the price level actually says,59,1,Cost of living in Italy,True,157,True,9,True,True,9,0,True,True,True,True,True,True,1,1,,18,5,False,0,0,637,48,4,0,1,5,True,0,0.47,0.088,False,latin
/en/cost-of-living/japan/,cost-of-living.country,en,move,JP,200,,0,https://livdar.com/en/cost-of-living/japan/,0.293,0.293,55250,2,True,"index, follow",False,https://livdar.com/en/cost-of-living/japan/,True,True,2026-09-21T00:00:00.000Z,Cost of living in Japan: what the price level actually says,59,1,Cost of living in Japan,True,155,True,8,True,True,8,0,True,True,True,True,True,True,1,1,,18,4,False,0,0,574,26,4,0,1,5,True,0,0.402,0.087,False,latin
/en/cost-of-living/malta/,cost-of-living.country,en,move,MT,200,,0,https://livdar.com/en/cost-of-living/malta/,0.22,0.22,59479,2,True,"index, follow",False,https://livdar.com/en/cost-of-living/malta/,True,True,2026-09-21T00:00:00.000Z,Cost of living in Malta: what the price level actually says,59,1,Cost of living in Malta,True,157,True,10,True,True,10,0,True,True,True,True,True,True,1,1,,18,5,False,0,0,637,48,4,0,1,5,True,0,0.484,0.089,False,latin
/en/cost-of-living/netherlands/,cost-of-living.country,en,move,NL,200,1,0,https://livdar.com/en/cost-of-living/netherlands/,0.315,0.315,59205,2,True,"index, follow",False,https://livdar.com/en/cost-of-living/netherlands/,True,True,2026-09-21T00:00:00.000Z,Cost of living in the Netherlands: what the price level actually says,69,1,Cost of living in the Netherlands,True,162,True,7,True,True,7,0,True,True,True,True,True,True,1,1,,18,5,False,0,0,638,48,4,0,1,5,True,0,0.484,0.089,False,latin
/en/cost-of-living/new-zealand/,cost-of-living.country,en,move,NZ,200,,0,https://livdar.com/en/cost-of-living/new-zealand/,0.408,0.408,53091,2,True,"index, follow",False,https://livdar.com/en/cost-of-living/new-zealand/,True,True,2026-09-21T00:00:00.000Z,Cost of living in New Zealand: what the price level actually says,65,1,Cost of living in New Zealand,True,163,True,2,True,True,2,0,True,True,True,True,True,True,1,1,,19,5,False,0,0,578,25,4,0,1,5,True,0,0.616,0.081,False,latin
/en/cost-of-living/norway/,cost-of-living.country,en,move,NO,200,,0,https://livdar.com/en/cost-of-living/norway/,0.316,0.295,59371,2,True,"index, follow",False,https://livdar.com/en/cost-of-living/norway/,True,True,2026-09-21T00:00:00.000Z,Cost of living in Norway: what the price level actually says,60,1,Cost of living in Norway,True,159,True,9,True,True,9,0,True,True,True,True,True,True,1,1,,18,5,False,0,0,637,48,4,0,1,5,True,0,0.435,0.087,False,latin
/en/cost-of-living/panama/,cost-of-living.country,en,move,PA,200,,0,https://livdar.com/en/cost-of-living/panama/,0.206,0.206,52793,2,True,"index, follow",False,https://livdar.com/en/cost-of-living/panama/,True,True,2026-09-21T00:00:00.000Z,Cost of living in Panama: what the price level actually says,60,1,Cost of living in Panama,True,158,True,2,True,True,2,0,True,True,True,True,True,True,1,1,,19,7,False,0,0,572,25,4,0,1,5,True,0,0.616,0.082,False,latin
/en/cost-of-living/poland/,cost-of-living.country,en,move,PL,200,,0,https://livdar.com/en/cost-of-living/poland/,0.232,0.232,58982,2,True,"index, follow",False,https://livdar.com/en/cost-of-living/poland/,True,True,2026-09-21T00:00:00.000Z,Cost of living in Poland: what the price level actually says,60,1,Cost of living in Poland,True,158,True,8,True,True,8,0,True,True,True,True,True,True,1,1,,18,6,False,0,0,638,48,4,0,1,5,True,0,0.476,0.088,False,latin
/en/cost-of-living/portugal/,cost-of-living.country,en,move,PT,200,,0,https://livdar.com/en/cost-of-living/portugal/,0.188,0.188,59677,2,True,"index, follow",False,https://livdar.com/en/cost-of-living/portugal/,True,True,2026-09-21T00:00:00.000Z,Cost of living in Portugal: what the price level actually says,62,1,Cost of living in Portugal,True,158,True,10,True,True,10,0,True,True,True,True,True,True,1,1,,18,6,False,0,0,629,48,4,0,1,5,True,0,0.476,0.089,False,latin
/en/cost-of-living/puerto-rico/,cost-of-living.country,en,move,PR,200,,0,https://livdar.com/en/cost-of-living/puerto-rico/,0.23,0.229,53113,2,True,"index, follow",False,https://livdar.com/en/cost-of-living/puerto-rico/,True,True,2026-09-21T00:00:00.000Z,Cost of living in Puerto Rico: what the price level actually says,65,1,Cost of living in Puerto Rico,True,163,True,2,True,True,2,0,True,True,True,True,True,True,1,1,,19,6,False,0,0,578,25,4,0,1,5,True,0,0.616,0.081,False,latin
/en/cost-of-living/spain/,cost-of-living.country,en,move,ES,200,,0,https://livdar.com/en/cost-of-living/spain/,0.263,0.263,59454,2,True,"index, follow",False,https://livdar.com/en/cost-of-living/spain/,True,True,2026-09-21T00:00:00.000Z,Cost of living in Spain: what the price level actually says,59,1,Cost of living in Spain,True,157,True,10,True,True,10,0,True,True,True,True,True,True,1,1,,18,6,False,0,0,637,48,4,0,1,5,True,0,0.476,0.088,False,latin
/en/cost-of-living/sweden/,cost-of-living.country,en,move,SE,200,,0,https://livdar.com/en/cost-of-living/sweden/,0.208,0.207,58963,2,True,"index, follow",False,https://livdar.com/en/cost-of-living/sweden/,True,True,2026-09-21T00:00:00.000Z,Cost of living in Sweden: what the price level actually says,60,1,Cost of living in Sweden,True,157,True,8,True,True,8,0,True,True,True,True,True,True,1,1,,18,5,False,0,0,631,48,4,0,1,5,True,0,0.466,0.089,False,latin
/en/cost-of-living/switzerland/,cost-of-living.country,en,move,CH,200,,0,https://livdar.com/en/cost-of-living/switzerland/,0.216,0.214,59442,2,True,"index, follow",False,https://livdar.com/en/cost-of-living/switzerland/,True,True,2026-09-21T00:00:00.000Z,Cost of living in Switzerland: what the price level actually says,65,1,Cost of living in Switzerland,True,164,True,9,True,True,9,0,True,True,True,True,True,True,1,1,,18,5,False,0,0,621,46,4,0,1,5,True,0,0.453,0.085,False,latin
/en/cost-of-living/thailand/,cost-of-living.country,en,move,TH,200,,0,https://livdar.com/en/cost-of-living/thailand/,0.224,0.224,53761,2,True,"index, follow",False,https://livdar.com/en/cost-of-living/thailand/,True,True,2026-09-21T00:00:00.000Z,Cost of living in Thailand: what the price level actually says,62,1,Cost of living in Thailand,True,160,True,5,True,True,5,0,True,True,True,True,True,True,1,1,,18,7,False,0,0,574,24,4,0,1,5,True,0,0.612,0.08,False,latin
/en/cost-of-living/tuerkiye/,cost-of-living.country,en,move,TR,200,1,0,https://livdar.com/en/cost-of-living/tuerkiye/,0.25,0.249,59037,2,True,"index, follow",False,https://livdar.com/en/cost-of-living/tuerkiye/,True,True,2026-09-21T00:00:00.000Z,Cost of living in Turkey: what the price level actually says,60,1,Cost of living in Turkey,True,159,True,8,True,True,8,0,True,True,True,True,True,True,1,1,,18,5,False,0,0,631,46,4,0,1,5,True,0,0.453,0.085,False,latin
/en/cost-of-living/vietnam/,cost-of-living.country,en,move,VN,200,,0,https://livdar.com/en/cost-of-living/vietnam/,0.293,0.292,52842,2,True,"index, follow",False,https://livdar.com/en/cost-of-living/vietnam/,True,True,2026-09-21T00:00:00.000Z,Cost of living in Vietnam: what the price level actually says,61,1,Cost of living in Vietnam,True,159,True,2,True,True,2,0,True,True,True,True,True,True,1,1,,18,7,False,0,0,574,24,4,0,1,5,True,0,0.612,0.08,False,latin
/en/public-holidays/germany/,events.country-holidays,en,pulse,DE,200,,0,https://livdar.com/en/public-holidays/germany/,0.237,0.236,65075,2,True,"index, follow",False,https://livdar.com/en/public-holidays/germany/,True,True,2026-09-21T00:00:00.000Z,"Germany: public holidays in 2026, and which ones fall where",59,1,Germany: public holidays in 2026,True,158,True,6,True,True,6,0,True,True,True,True,True,True,1,1,,19,7,False,0,0,824,88,4,0,1,5,True,0,0.366,0.051,False,latin
/en/public-holidays/south-africa/,events.country-holidays,en,pulse,ZA,200,,0,https://livdar.com/en/public-holidays/south-africa/,0.493,0.493,59281,2,True,"index, follow",False,https://livdar.com/en/public-holidays/south-africa/,True,True,2026-09-21T00:00:00.000Z,"South Africa: public holidays in 2026, and which ones fall where",64,1,South Africa: public holidays in 2026,True,164,True,2,True,True,2,0,True,True,True,True,True,True,1,1,,18,5,False,0,0,698,62,4,0,1,5,True,0,0.366,0.052,False,latin
/en/public-holidays/spain/,events.country-holidays,en,pulse,ES,200,,0,https://livdar.com/en/public-holidays/spain/,0.224,0.223,81279,2,True,"index, follow",False,https://livdar.com/en/public-holidays/spain/,True,True,2026-09-21T00:00:00.000Z,"Spain: public holidays in 2026, and which ones fall where",57,1,Spain: public holidays in 2026,True,157,True,3,True,True,3,0,True,True,True,True,True,True,1,1,,18,3,False,0,0,1167,187,4,0,1,5,True,0,0.261,0.041,False,latin
/en/rankings/cheapest-countries-in-europe/,rankings.index,en,tools,cheapest-countries-europe,200,,0,https://livdar.com/en/rankings/cheapest-countries-in-europe/,0.484,0.484,68083,2,True,"index, follow",False,https://livdar.com/en/rankings/cheapest-countries-in-europe/,True,True,2026-09-21T00:00:00.000Z,Cheapest countries in Europe: the measured list,47,1,Cheapest countries in Europe,True,176,True,9,True,True,9,0,True,True,True,True,True,True,1,1,,18,53,False,0,0,653,124,4,0,1,5,True,0,0.165,0.043,False,latin
/en/rankings/cheapest-countries-to-live-in/,rankings.index,en,tools,cheapest-countries,200,,0,https://livdar.com/en/rankings/cheapest-countries-to-live-in/,0.225,0.207,73246,2,True,"index, follow",False,https://livdar.com/en/rankings/cheapest-countries-to-live-in/,True,True,2026-09-21T00:00:00.000Z,Cheapest countries to live in: the measured list,48,1,Cheapest countries to live in,True,179,True,10,True,True,10,0,True,True,True,True,True,True,1,1,,17,30,False,0,0,714,164,4,0,1,5,True,0,0.223,0.063,False,latin
/en/rankings/most-expensive-countries-to-live-in/,rankings.index,en,tools,most-expensive-countries,200,,0,https://livdar.com/en/rankings/most-expensive-countries-to-live-in/,0.213,0.213,73593,2,True,"index, follow",False,https://livdar.com/en/rankings/most-expensive-countries-to-live-in/,True,True,2026-09-21T00:00:00.000Z,Most expensive countries to live in: the measured list,54,1,Most expensive countries to live in,True,185,True,9,True,True,9,0,True,True,True,True,True,True,1,1,,17,2,False,0,0,734,164,4,0,1,5,True,0,0.223,0.053,False,latin
/en/salaries/austria/,work.country-salaries,en,work,AT,200,,0,https://livdar.com/en/salaries/austria/,0.245,0.245,52327,2,True,"index, follow",False,https://livdar.com/en/salaries/austria/,True,True,2026-09-21T00:00:00.000Z,"Average salary in Austria: gross, net and the minimum wage",58,1,Average salary in Austria,True,159,True,3,True,True,3,0,True,True,True,True,True,True,1,1,,18,6,False,0,0,552,26,4,0,1,5,True,0,0.47,0.191,False,latin
/en/salaries/belgium/,work.country-salaries,en,work,BE,200,,0,https://livdar.com/en/salaries/belgium/,0.236,0.236,52521,2,True,"index, follow",False,https://livdar.com/en/salaries/belgium/,True,True,2026-09-21T00:00:00.000Z,"Average salary in Belgium: gross, net and the minimum wage",58,1,Average salary in Belgium,True,159,True,2,True,True,2,0,True,True,True,True,True,True,1,1,,18,6,False,0,0,553,31,4,0,1,5,True,0,0.44,0.191,False,latin
/en/salaries/bulgaria/,work.country-salaries,en,work,BG,200,,0,https://livdar.com/en/salaries/bulgaria/,0.256,0.256,52573,2,True,"index, follow",False,https://livdar.com/en/salaries/bulgaria/,True,True,2026-09-21T00:00:00.000Z,"Average salary in Bulgaria: gross, net and the minimum wage",59,1,Average salary in Bulgaria,True,160,True,2,True,True,2,0,True,True,True,True,True,True,1,1,,18,6,False,0,0,550,31,4,0,1,5,True,0,0.444,0.191,False,latin
/en/salaries/croatia/,work.country-salaries,en,work,HR,200,1,0,https://livdar.com/en/salaries/croatia/,0.206,0.206,52579,2,True,"index, follow",False,https://livdar.com/en/salaries/croatia/,True,True,2026-09-21T00:00:00.000Z,"Average salary in Croatia: gross, net and the minimum wage",58,1,Average salary in Croatia,True,159,True,2,True,True,2,0,True,True,True,True,True,True,1,1,,18,6,False,0,0,560,31,4,0,1,5,True,0,0.459,0.196,False,latin
/en/salaries/cyprus/,work.country-salaries,en,work,CY,200,,0,https://livdar.com/en/salaries/cyprus/,0.258,0.257,52477,2,True,"index, follow",False,https://livdar.com/en/salaries/cyprus/,True,True,2026-09-21T00:00:00.000Z,"Average salary in Cyprus: gross, net and the minimum wage",57,1,Average salary in Cyprus,True,158,True,2,True,True,2,0,True,True,True,True,True,True,1,1,,18,5,False,0,0,560,31,4,0,1,5,True,0,0.459,0.197,False,latin
/en/salaries/czechia/,work.country-salaries,en,work,CZ,200,,0,https://livdar.com/en/salaries/czechia/,0.244,0.243,52947,2,True,"index, follow",False,https://livdar.com/en/salaries/czechia/,True,True,2026-09-21T00:00:00.000Z,"Average salary in Czechia: gross, net and the minimum wage",58,1,Average salary in Czechia,True,159,True,4,True,True,4,0,True,True,True,True,True,True,1,1,,18,5,False,0,0,550,31,4,0,1,5,True,0,0.446,0.191,False,latin
/en/salaries/denmark/,work.country-salaries,en,work,DK,200,,0,https://livdar.com/en/salaries/denmark/,0.234,0.234,53015,2,True,"index, follow",False,https://livdar.com/en/salaries/denmark/,True,True,2026-09-21T00:00:00.000Z,"Average salary in Denmark: gross, net and the minimum wage",58,1,Average salary in Denmark,True,159,True,6,True,True,6,0,True,True,True,True,True,True,1,1,,18,6,False,0,0,559,26,4,0,1,5,True,0,0.483,0.196,False,latin
/en/salaries/estonia/,work.country-salaries,en,work,EE,200,,0,https://livdar.com/en/salaries/estonia/,0.256,0.256,52487,2,True,"index, follow",False,https://livdar.com/en/salaries/estonia/,True,True,2026-09-21T00:00:00.000Z,"Average salary in Estonia: gross, net and the minimum wage",58,1,Average salary in Estonia,True,159,True,2,True,True,2,0,True,True,True,True,True,True,1,1,,18,5,False,0,0,550,31,4,0,1,5,True,0,0.446,0.191,False,latin
/en/salaries/finland/,work.country-salaries,en,work,FI,200,,0,https://livdar.com/en/salaries/finland/,0.234,0.233,52084,2,True,"index, follow",False,https://livdar.com/en/salaries/finland/,True,True,2026-09-21T00:00:00.000Z,"Average salary in Finland: gross, net and the minimum wage",58,1,Average salary in Finland,True,159,True,2,True,True,2,0,True,True,True,True,True,True,1,1,,18,4,False,0,0,552,26,4,0,1,5,True,0,0.47,0.191,False,latin
/en/salaries/france/,work.country-salaries,en,work,FR,200,,0,https://livdar.com/en/salaries/france/,0.213,0.211,53088,2,True,"index, follow",False,https://livdar.com/en/salaries/france/,True,True,2026-09-21T00:00:00.000Z,"Average salary in France: gross, net and the minimum wage",57,1,Average salary in France,True,158,True,5,True,True,5,0,True,True,True,True,True,True,1,1,,18,5,False,0,0,559,31,4,0,1,5,True,0,0.459,0.196,False,latin
/en/salaries/germany/,work.country-salaries,en,work,DE,200,,0,https://livdar.com/en/salaries/germany/,0.225,0.224,53617,2,True,"index, follow",False,https://livdar.com/en/salaries/germany/,True,True,2026-09-21T00:00:00.000Z,"Average salary in Germany: gross, net and the minimum wage",58,1,Average salary in Germany,True,159,True,7,True,True,7,0,True,True,True,True,True,True,1,1,,18,6,False,0,0,558,31,4,0,1,5,True,0,0.459,0.197,False,latin
/en/salaries/greece/,work.country-salaries,en,work,GR,200,,0,https://livdar.com/en/salaries/greece/,0.212,0.212,52491,2,True,"index, follow",False,https://livdar.com/en/salaries/greece/,True,True,2026-09-21T00:00:00.000Z,"Average salary in Greece: gross, net and the minimum wage",57,1,Average salary in Greece,True,158,True,2,True,True,2,0,True,True,True,True,True,True,1,1,,18,5,False,0,0,559,31,4,0,1,5,True,0,0.501,0.197,False,latin
/en/salaries/hungary/,work.country-salaries,en,work,HU,200,1,0,https://livdar.com/en/salaries/hungary/,0.218,0.217,52533,2,True,"index, follow",False,https://livdar.com/en/salaries/hungary/,True,True,2026-09-21T00:00:00.000Z,"Average salary in Hungary: gross, net and the minimum wage",58,1,Average salary in Hungary,True,159,True,2,True,True,2,0,True,True,True,True,True,True,1,1,,18,6,False,0,0,551,31,4,0,1,5,True,0,0.444,0.191,False,latin
/en/salaries/ireland/,work.country-salaries,en,work,IE,200,,0,https://livdar.com/en/salaries/ireland/,0.329,0.329,52623,2,True,"index, follow",False,https://livdar.com/en/salaries/ireland/,True,True,2026-09-21T00:00:00.000Z,"Average salary in Ireland: gross, net and the minimum wage",58,1,Average salary in Ireland,True,159,True,2,True,True,2,0,True,True,True,True,True,True,1,1,,18,6,False,0,0,561,31,4,0,1,5,True,0,0.454,0.196,False,latin
/en/salaries/italy/,work.country-salaries,en,work,IT,200,,0,https://livdar.com/en/salaries/italy/,0.342,0.342,52601,2,True,"index, follow",False,https://livdar.com/en/salaries/italy/,True,True,2026-09-21T00:00:00.000Z,"Average salary in Italy: gross, net and the minimum wage",56,1,Average salary in Italy,True,157,True,5,True,True,5,0,True,True,True,True,True,True,1,1,,18,5,False,0,0,559,26,4,0,1,5,True,0,0.477,0.196,False,latin
/en/salaries/luxembourg/,work.country-salaries,en,work,LU,200,1,0,https://livdar.com/en/salaries/luxembourg/,0.209,0.208,52782,2,True,"index, follow",False,https://livdar.com/en/salaries/luxembourg/,True,True,2026-09-21T00:00:00.000Z,"Average salary in Luxembourg: gross, net and the minimum wage",61,1,Average salary in Luxembourg,True,162,True,3,True,True,3,0,True,True,True,True,True,True,1,1,,18,4,False,0,0,542,30,4,0,1,5,True,0,0.416,0.183,False,latin
/en/salaries/malta/,work.country-salaries,en,work,MT,200,,0,https://livdar.com/en/salaries/malta/,0.338,0.338,52397,2,True,"index, follow",False,https://livdar.com/en/salaries/malta/,True,True,2026-09-21T00:00:00.000Z,"Average salary in Malta: gross, net and the minimum wage",56,1,Average salary in Malta,True,157,True,2,True,True,2,0,True,True,True,True,True,True,1,1,,18,5,False,0,0,557,31,4,0,1,5,True,0,0.457,0.197,False,latin
/en/salaries/netherlands/,work.country-salaries,en,work,NL,200,,0,https://livdar.com/en/salaries/netherlands/,0.505,0.505,53334,2,True,"index, follow",False,https://livdar.com/en/salaries/netherlands/,True,True,2026-09-21T00:00:00.000Z,"Average salary in the Netherlands: gross, net and the minimum wage",66,1,Average salary in the Netherlands,True,163,True,3,True,True,3,0,True,True,True,True,True,True,1,1,,18,6,False,0,0,570,31,4,0,1,5,True,0,0.457,0.194,False,latin
/en/salaries/poland/,work.country-salaries,en,work,PL,200,,0,https://livdar.com/en/salaries/poland/,0.215,0.215,53523,2,True,"index, follow",False,https://livdar.com/en/salaries/poland/,True,True,2026-09-21T00:00:00.000Z,"Average salary in Poland: gross, net and the minimum wage",57,1,Average salary in Poland,True,158,True,7,True,True,7,0,True,True,True,True,True,True,1,1,,18,5,False,0,0,560,31,4,0,1,5,True,0,0.47,0.196,False,latin
/en/salaries/portugal/,work.country-salaries,en,work,PT,200,,0,https://livdar.com/en/salaries/portugal/,0.212,0.211,53057,2,True,"index, follow",False,https://livdar.com/en/salaries/portugal/,True,True,2026-09-21T00:00:00.000Z,"Average salary in Portugal: gross, net and the minimum wage",59,1,Average salary in Portugal,True,160,True,4,True,True,4,0,True,True,True,True,True,True,1,1,,18,5,False,0,0,559,31,4,0,1,5,True,0,0.501,0.197,False,latin
/en/salaries/romania/,work.country-salaries,en,work,RO,200,,0,https://livdar.com/en/salaries/romania/,0.242,0.242,52738,2,True,"index, follow",False,https://livdar.com/en/salaries/romania/,True,True,2026-09-21T00:00:00.000Z,"Average salary in Romania: gross, net and the minimum wage",58,1,Average salary in Romania,True,159,True,4,True,True,4,0,True,True,True,True,True,True,1,1,,18,6,False,0,0,538,30,4,0,1,5,True,0,0.416,0.183,False,latin
/en/salaries/spain/,work.country-salaries,en,work,ES,200,,0,https://livdar.com/en/salaries/spain/,0.209,0.208,53407,2,True,"index, follow",False,https://livdar.com/en/salaries/spain/,True,True,2026-09-21T00:00:00.000Z,"Average salary in Spain: gross, net and the minimum wage",56,1,Average salary in Spain,True,157,True,7,True,True,7,0,True,True,True,True,True,True,1,1,,18,5,False,0,0,559,31,4,0,1,5,True,0,0.456,0.197,False,latin
/en/salaries/sweden/,work.country-salaries,en,work,SE,200,,0,https://livdar.com/en/salaries/sweden/,0.233,0.233,52287,2,True,"index, follow",False,https://livdar.com/en/salaries/sweden/,True,True,2026-09-21T00:00:00.000Z,"Average salary in Sweden: gross, net and the minimum wage",57,1,Average salary in Sweden,True,158,True,3,True,True,3,0,True,True,True,True,True,True,1,1,,18,5,False,0,0,556,26,4,0,1,5,True,0,0.483,0.197,False,latin
/en/sport/cycling-in-new-york/,sport.city-season,en,sport,5128581:cycling,200,,0,https://livdar.com/en/sport/cycling-in-new-york/,0.228,0.228,59215,2,True,"index, follow",False,https://livdar.com/en/sport/cycling-in-new-york/,True,True,2026-09-21T00:00:00.000Z,Cycling in New York: the months the weather allows it,53,1,Cycling in New York,True,164,True,2,True,True,2,0,True,True,True,True,True,True,1,1,,18,9,False,0,0,686,59,4,0,1,5,True,0,0.397,0.108,False,latin
/en/sport/hiking-near-new-york/,sport.city-season,en,sport,5128581:hiking,200,,0,https://livdar.com/en/sport/hiking-near-new-york/,0.23,0.229,57324,2,True,"index, follow",False,https://livdar.com/en/sport/hiking-near-new-york/,True,True,2026-09-21T00:00:00.000Z,Hiking in New York: the months the weather allows it,52,1,Hiking in New York,True,163,True,2,True,True,2,0,True,True,True,True,True,True,1,1,,18,9,False,0,0,625,45,4,0,1,5,True,0,0.575,0.124,False,latin
/en/sport/hiking-near-san-francisco/,sport.city-season,en,sport,5391959:hiking,200,,0,https://livdar.com/en/sport/hiking-near-san-francisco/,0.241,0.24,58669,2,True,"index, follow",False,https://livdar.com/en/sport/hiking-near-san-francisco/,True,True,2026-09-21T00:00:00.000Z,Hiking in San Francisco: the months the weather allows it,57,1,Hiking in San Francisco,True,169,True,2,True,True,2,0,True,True,True,True,True,True,1,1,,18,9,False,0,0,652,45,4,0,1,5,True,0,0.635,0.124,False,latin
/en/sport/running-in-miami/,sport.city-season,en,sport,4164138:running,200,,0,https://livdar.com/en/sport/running-in-miami/,0.221,0.221,56739,2,True,"index, follow",False,https://livdar.com/en/sport/running-in-miami/,True,True,2026-09-21T00:00:00.000Z,Running in Miami: the months the weather allows it,50,1,Running in Miami,True,161,True,2,True,True,2,0,True,True,True,True,True,True,1,1,,18,9,False,0,0,599,43,4,0,1,5,True,0,0.365,0.112,False,latin
/en/sport/running-in-new-york/,sport.city-season,en,sport,5128581:running,200,,0,https://livdar.com/en/sport/running-in-new-york/,0.336,0.336,57240,2,True,"index, follow",False,https://livdar.com/en/sport/running-in-new-york/,True,True,2026-09-21T00:00:00.000Z,Running in New York: the months the weather allows it,53,1,Running in New York,True,164,True,2,True,True,2,0,True,True,True,True,True,True,1,1,,18,9,False,0,0,623,45,4,0,1,5,True,0,0.575,0.126,False,latin
/en/sport/running-in-san-francisco/,sport.city-season,en,sport,5391959:running,200,,0,https://livdar.com/en/sport/running-in-san-francisco/,0.209,0.208,58587,2,True,"index, follow",False,https://livdar.com/en/sport/running-in-san-francisco/,True,True,2026-09-21T00:00:00.000Z,Running in San Francisco: the months the weather allows it,58,1,Running in San Francisco,True,170,True,2,True,True,2,0,True,True,True,True,True,True,1,1,,18,6,False,0,0,650,45,4,0,1,5,True,0,0.635,0.127,False,latin
/en/sport/swimming-in-miami/,sport.city-season,en,sport,4164138:swimming,200,,0,https://livdar.com/en/sport/swimming-in-miami/,0.229,0.229,56852,2,True,"index, follow",False,https://livdar.com/en/sport/swimming-in-miami/,True,True,2026-09-21T00:00:00.000Z,Swimming in Miami: the months the weather allows it,51,1,Swimming in Miami,True,164,True,2,True,True,2,0,True,True,True,True,True,True,1,1,,18,6,False,0,0,600,31,4,0,1,5,True,0,0.39,0.117,False,latin
/en/tools/compare-cities/,tools.cost-comparison,en,tools,city-comparison,200,,0,https://livdar.com/en/tools/compare-cities/,0.241,0.24,55674,2,True,"index, follow",False,https://livdar.com/en/tools/compare-cities/,True,True,2026-09-21T00:00:00.000Z,Compare cities: built on measured data,38,1,Compare cities,True,153,True,6,True,True,6,0,True,True,True,True,True,True,1,1,,17,54,False,0,0,515,30,4,0,1,5,True,0,0.343,0.077,False,latin
/en/tools/cost-of-living-calculator/,tools.cost-calculator,en,tools,cost-of-living-calculator,200,1,0,https://livdar.com/en/tools/cost-of-living-calculator/,0.274,0.274,64395,2,True,"index, follow",False,https://livdar.com/en/tools/cost-of-living-calculator/,True,True,2026-09-21T00:00:00.000Z,Cost of living calculator: built on measured data,49,1,Cost of living calculator,True,153,True,6,True,True,6,0,True,True,True,True,True,True,1,1,,17,59,False,0,0,632,36,4,1,1,5,True,0,0.047,0.028,False,latin
/en/tools/cost-of-living-comparison/,tools.cost-comparison,en,tools,cost-of-living-comparison,200,,0,https://livdar.com/en/tools/cost-of-living-comparison/,0.204,0.204,64107,2,True,"index, follow",False,https://livdar.com/en/tools/cost-of-living-comparison/,True,True,2026-09-21T00:00:00.000Z,Cost of living comparison: built on measured data,49,1,Cost of living comparison,True,153,True,5,True,True,5,0,True,True,True,True,True,True,1,1,,17,4,False,0,0,646,36,4,1,1,5,True,0,0.343,0.073,False,latin
/en/tools/cost-of-moving-abroad/,tools.calculator,en,tools,relocation-budget,200,2,0,https://livdar.com/en/tools/cost-of-moving-abroad/,0.22,0.22,55372,2,True,"index, follow",False,https://livdar.com/en/tools/cost-of-moving-abroad/,True,True,2026-09-21T00:00:00.000Z,Cost of moving abroad: built on measured data,45,1,Cost of moving abroad,True,160,True,5,True,True,5,0,True,True,True,True,True,True,1,1,,18,6,False,0,0,525,30,4,0,1,5,True,0,0.341,0.056,False,latin
/en/tools/how-much-rent-can-i-afford/,tools.calculator,en,tools,rent-affordability,200,,0,https://livdar.com/en/tools/how-much-rent-can-i-afford/,0.248,0.248,57212,2,True,"index, follow",False,https://livdar.com/en/tools/how-much-rent-can-i-afford/,True,True,2026-09-21T00:00:00.000Z,How much rent can I afford: built on measured data,50,1,How much rent can I afford,True,141,True,6,True,True,6,0,True,True,True,True,True,True,1,1,,18,46,False,0,0,590,26,4,1,1,5,True,0,0.19,0.049,False,latin
/en/tools/moving-cost-calculator/,tools.calculator,en,tools,moving-cost,200,,0,https://livdar.com/en/tools/moving-cost-calculator/,0.276,0.275,58909,2,True,"index, follow",False,https://livdar.com/en/tools/moving-cost-calculator/,True,True,2026-09-21T00:00:00.000Z,Moving cost calculator: built on measured data,46,1,Moving cost calculator,True,135,True,9,True,True,9,0,True,True,True,True,True,True,1,1,,17,7,False,0,0,577,40,4,0,1,5,True,0,0.19,0.059,False,latin
/en/tools/salary-calculator/,tools.calculator,en,tools,salary-calculator,200,,0,https://livdar.com/en/tools/salary-calculator/,0.226,0.226,61918,2,True,"index, follow",False,https://livdar.com/en/tools/salary-calculator/,True,True,2026-09-21T00:00:00.000Z,Salary calculator: built on measured data,41,1,Salary calculator,True,132,True,10,True,True,10,0,True,True,True,True,True,True,1,1,,17,29,False,0,0,552,34,4,0,1,5,True,0,0.224,0.052,False,latin
/en/tools/travel-budget-calculator/,tools.calculator,en,tools,travel-budget,200,,0,https://livdar.com/en/tools/travel-budget-calculator/,0.222,0.222,64291,2,True,"index, follow",False,https://livdar.com/en/tools/travel-budget-calculator/,True,True,2026-09-21T00:00:00.000Z,Travel budget calculator: built on measured data,48,1,Travel budget calculator,True,152,True,7,True,True,7,0,True,True,True,True,True,True,1,1,,17,19,False,0,0,637,36,4,1,1,5,True,0,0.341,0.054,False,latin
/en/tools/where-should-i-live/,tools.matcher,en,tools,where-should-i-live,200,,0,https://livdar.com/en/tools/where-should-i-live/,0.25,0.25,63840,2,True,"index, follow",False,https://livdar.com/en/tools/where-should-i-live/,True,True,2026-09-21T00:00:00.000Z,Where should I live: built on measured data,43,1,Where should I live,True,158,True,9,True,True,9,0,True,True,True,True,True,True,1,1,,18,6,False,0,0,619,50,4,0,1,6,True,0,0.415,0.056,False,latin
/en/tools/where-should-i-stay/,tools.matcher,en,tools,where-should-i-stay,200,,0,https://livdar.com/en/tools/where-should-i-stay/,0.223,0.222,99237,2,True,"index, follow",False,https://livdar.com/en/tools/where-should-i-stay/,True,True,2026-09-21T00:00:00.000Z,Where should I stay: built on measured data,43,1,Where should I stay,True,134,True,9,True,True,9,0,True,True,True,True,True,True,1,1,,17,30,False,0,0,695,25,4,0,1,6,True,0,0.146,0.04,False,latin
/en/tools/which-country-should-i-move-to/,tools.matcher,en,tools,destination-matcher,200,1,0,https://livdar.com/en/tools/which-country-should-i-move-to/,0.594,0.594,65105,2,True,"index, follow",False,https://livdar.com/en/tools/which-country-should-i-move-to/,True,True,2026-09-21T00:00:00.000Z,Which country should I move to: built on measured data,54,1,Which country should I move to,True,171,True,9,True,True,9,0,True,True,True,True,True,True,1,1,,18,6,False,0,0,658,50,4,0,1,6,True,0,0.415,0.055,False,latin
/en/where-to-stay/amsterdam/,neighbourhoods.city-where-to-stay,en,areas,2759794,200,,0,https://livdar.com/en/where-to-stay/amsterdam/,0.254,0.254,56093,2,True,"index, follow",False,https://livdar.com/en/where-to-stay/amsterdam/,True,True,2026-09-21T00:00:00.000Z,"Where to stay in Amsterdam: the districts, measured from the centre",67,1,Where to stay in Amsterdam,True,156,True,3,True,True,3,0,True,True,True,True,True,True,1,1,,18,9,False,0,0,605,35,4,0,1,5,True,0,0.305,0.084,False,latin
/en/where-to-stay/bangkok/,neighbourhoods.city-where-to-stay,en,areas,1609350,200,,0,https://livdar.com/en/where-to-stay/bangkok/,0.451,0.451,67432,2,True,"index, follow",False,https://livdar.com/en/where-to-stay/bangkok/,True,True,2026-09-21T00:00:00.000Z,"Where to stay in Bangkok: the districts, measured from the centre",65,1,Where to stay in Bangkok,True,155,True,2,True,True,2,0,True,True,True,True,True,True,1,1,,18,9,False,0,0,853,85,4,0,1,5,True,0,0.253,0.074,False,latin
/en/where-to-stay/barcelona/,neighbourhoods.city-where-to-stay,en,areas,3128760,200,,0,https://livdar.com/en/where-to-stay/barcelona/,0.392,0.392,75611,2,True,"index, follow",False,https://livdar.com/en/where-to-stay/barcelona/,True,True,2026-09-21T00:00:00.000Z,"Where to stay in Barcelona: the districts, measured from the centre",67,1,Where to stay in Barcelona,True,158,True,5,True,True,5,0,True,True,True,True,True,True,1,1,,18,9,False,0,0,987,117,4,0,1,5,True,0,0.226,0.068,False,latin
/en/where-to-stay/chicago/,neighbourhoods.city-where-to-stay,en,areas,4887398,200,,0,https://livdar.com/en/where-to-stay/chicago/,0.216,0.216,72735,2,True,"index, follow",False,https://livdar.com/en/where-to-stay/chicago/,True,True,2026-09-21T00:00:00.000Z,"Where to stay in Chicago: the districts, measured from the centre",65,1,Where to stay in Chicago,True,155,True,2,True,True,2,0,True,True,True,True,True,True,1,1,,18,9,False,0,0,931,109,4,0,1,5,True,0,0.244,0.072,False,latin
/en/where-to-stay/london/,neighbourhoods.city-where-to-stay,en,areas,2643743,200,,0,https://livdar.com/en/where-to-stay/london/,0.269,0.269,72919,2,True,"index, follow",False,https://livdar.com/en/where-to-stay/london/,True,True,2026-09-21T00:00:00.000Z,"Where to stay in London: the districts, measured from the centre",64,1,Where to stay in London,True,155,True,8,True,True,8,0,True,True,True,True,True,True,1,1,,18,9,False,0,0,877,105,4,0,1,5,True,0,0.26,0.074,False,latin
/en/where-to-stay/madrid/,neighbourhoods.city-where-to-stay,en,areas,3117735,200,,0,https://livdar.com/en/where-to-stay/madrid/,0.192,0.192,74996,2,True,"index, follow",False,https://livdar.com/en/where-to-stay/madrid/,True,True,2026-09-21T00:00:00.000Z,"Where to stay in Madrid: the districts, measured from the centre",64,1,Where to stay in Madrid,True,156,True,3,True,True,3,0,True,True,True,True,True,True,1,1,,18,9,False,0,0,939,119,4,0,1,5,True,0,0.252,0.071,False,latin
/en/where-to-stay/montreal/,neighbourhoods.city-where-to-stay,en,areas,6077243,200,,0,https://livdar.com/en/where-to-stay/montreal/,0.226,0.225,60268,2,True,"index, follow",False,https://livdar.com/en/where-to-stay/montreal/,True,True,2026-09-21T00:00:00.000Z,"Where to stay in Montreal: the districts, measured from the centre",66,1,Where to stay in Montreal,True,156,True,2,True,True,2,0,True,True,True,True,True,True,1,1,,18,6,False,0,0,697,55,4,0,1,5,True,0,0.292,0.084,False,latin
/en/where-to-stay/new-york/,neighbourhoods.city-where-to-stay,en,areas,5128581,200,,0,https://livdar.com/en/where-to-stay/new-york/,0.539,0.538,76794,2,True,"index, follow",False,https://livdar.com/en/where-to-stay/new-york/,True,True,2026-09-21T00:00:00.000Z,"Where to stay in New York: the districts, measured from the centre",66,1,Where to stay in New York,True,157,True,8,True,True,8,0,True,True,True,True,True,True,1,1,,19,10,False,0,0,963,119,4,0,1,5,True,0,0.239,0.07,False,latin
/en/where-to-stay/paris/,neighbourhoods.city-where-to-stay,en,areas,2988507,200,,0,https://livdar.com/en/where-to-stay/paris/,0.234,0.234,61999,2,True,"index, follow",False,https://livdar.com/en/where-to-stay/paris/,True,True,2026-09-21T00:00:00.000Z,"Where to stay in Paris: the districts, measured from the centre",63,1,Where to stay in Paris,True,154,True,8,True,True,8,0,True,True,True,True,True,True,1,1,,18,7,False,0,0,726,59,4,0,1,5,True,0,0.305,0.085,False,latin
/en/where-to-stay/tokyo/,neighbourhoods.city-where-to-stay,en,areas,1850147,200,,0,https://livdar.com/en/where-to-stay/tokyo/,0.332,0.332,74138,2,True,"index, follow",False,https://livdar.com/en/where-to-stay/tokyo/,True,True,2026-09-21T00:00:00.000Z,"Where to stay in Tokyo: the districts, measured from the centre",63,1,Where to stay in Tokyo,True,154,True,2,True,True,2,0,True,True,True,True,True,True,1,1,,18,7,False,0,0,918,119,4,0,1,5,True,0,0.246,0.072,False,latin
/es/clasificaciones/paises-mas-baratos-de-europa/,rankings.index,es,tools,cheapest-countries-europe,200,,0,https://livdar.com/es/clasificaciones/paises-mas-baratos-de-europa/,0.236,0.236,68670,2,True,"index, follow",False,https://livdar.com/es/clasificaciones/paises-mas-baratos-de-europa/,True,True,2026-09-21T00:00:00.000Z,Los países más baratos de Europa: la lista medida,49,1,Los países más baratos de Europa,True,181,True,9,True,True,9,0,True,True,True,True,True,True,1,1,,15,28,False,0,0,683,124,4,0,1,4,True,0,0.177,0.047,False,latin
/es/clasificaciones/paises-mas-baratos-para-vivir/,rankings.index,es,tools,cheapest-countries,200,,0,https://livdar.com/es/clasificaciones/paises-mas-baratos-para-vivir/,0.242,0.242,73724,2,True,"index, follow",False,https://livdar.com/es/clasificaciones/paises-mas-baratos-para-vivir/,True,True,2026-09-21T00:00:00.000Z,Los países más baratos para vivir: la lista medida,50,1,Los países más baratos para vivir,True,185,True,10,True,True,10,0,True,True,True,True,True,True,1,1,,15,25,False,0,0,727,164,4,0,1,4,True,0,0.239,0.059,False,latin
/es/clasificaciones/paises-mas-caros-del-mundo/,rankings.index,es,tools,most-expensive-countries,200,,0,https://livdar.com/es/clasificaciones/paises-mas-caros-del-mundo/,0.246,0.245,73687,2,True,"index, follow",False,https://livdar.com/es/clasificaciones/paises-mas-caros-del-mundo/,True,True,2026-09-21T00:00:00.000Z,Los países más caros para vivir: la lista medida,48,1,Los países más caros para vivir,True,183,True,9,True,True,9,0,True,True,True,True,True,True,1,1,,15,6,False,0,0,751,164,4,0,1,4,True,0,0.239,0.056,False,latin
/es/coste-de-vida/alemania/,cost-of-living.country,es,move,DE,200,,0,https://livdar.com/es/coste-de-vida/alemania/,0.218,0.218,59279,2,True,"index, follow",False,https://livdar.com/es/coste-de-vida/alemania/,True,True,2026-09-21T00:00:00.000Z,Coste de vida en Alemania: qué dicen de verdad los precios,58,1,Coste de vida en Alemania,True,158,True,9,True,True,9,0,True,True,True,True,True,True,1,1,,16,12,False,0,0,662,48,4,0,1,4,True,0,0.475,0.084,False,latin
/es/coste-de-vida/australia/,cost-of-living.country,es,move,AU,200,,0,https://livdar.com/es/coste-de-vida/australia/,0.247,0.247,54462,2,True,"index, follow",False,https://livdar.com/es/coste-de-vida/australia/,True,True,2026-09-21T00:00:00.000Z,Coste de vida en Australia: qué dicen de verdad los precios,59,1,Coste de vida en Australia,True,157,True,8,True,True,8,0,True,True,True,True,True,True,1,1,,17,7,False,0,0,567,23,4,0,1,4,True,0,0.346,0.064,False,latin
/es/coste-de-vida/bulgaria/,cost-of-living.country,es,move,BG,200,,0,https://livdar.com/es/coste-de-vida/bulgaria/,0.228,0.228,58527,2,True,"index, follow",False,https://livdar.com/es/coste-de-vida/bulgaria/,True,True,2026-09-21T00:00:00.000Z,Coste de vida en Bulgaria: qué dicen de verdad los precios,58,1,Coste de vida en Bulgaria,True,157,True,6,True,False,6,0,True,True,True,True,True,True,1,1,,15,12,False,0,0,671,48,4,0,1,4,True,0,0.49,0.084,False,latin
/es/coste-de-vida/chipre/,cost-of-living.country,es,move,CY,200,,0,https://livdar.com/es/coste-de-vida/chipre/,0.255,0.254,58017,2,True,"index, follow",False,https://livdar.com/es/coste-de-vida/chipre/,True,True,2026-09-21T00:00:00.000Z,Coste de vida en Chipre: qué dicen de verdad los precios,56,1,Coste de vida en Chipre,True,155,True,5,True,True,5,0,True,True,True,True,True,True,1,1,,15,5,False,0,0,667,48,4,0,1,4,True,0,0.486,0.085,False,latin
/es/coste-de-vida/croacia/,cost-of-living.country,es,move,HR,200,,0,https://livdar.com/es/coste-de-vida/croacia/,0.222,0.222,58714,2,True,"index, follow",False,https://livdar.com/es/coste-de-vida/croacia/,True,True,2026-09-21T00:00:00.000Z,Coste de vida en Croacia: qué dicen de verdad los precios,57,1,Coste de vida en Croacia,True,156,True,7,True,True,7,0,True,True,True,True,True,True,1,1,,15,5,False,0,0,665,48,4,0,1,4,True,0,0.492,0.085,False,latin
/es/coste-de-vida/dinamarca/,cost-of-living.country,es,move,DK,200,,0,https://livdar.com/es/coste-de-vida/dinamarca/,0.244,0.237,59760,2,True,"index, follow",False,https://livdar.com/es/coste-de-vida/dinamarca/,True,True,2026-09-21T00:00:00.000Z,Coste de vida en Dinamarca: qué dicen de verdad los precios,59,1,Coste de vida en Dinamarca,True,159,True,10,True,True,10,0,True,True,True,True,True,True,1,1,,16,4,False,0,0,669,48,4,0,1,4,True,0,0.482,0.085,False,latin
/es/coste-de-vida/espana/,cost-of-living.country,es,move,ES,200,1,0,https://livdar.com/es/coste-de-vida/espana/,0.258,0.257,58620,2,True,"index, follow",False,https://livdar.com/es/coste-de-vida/espana/,True,True,2026-09-21T00:00:00.000Z,Coste de vida en España: qué dicen de verdad los precios,56,1,Coste de vida en España,True,155,True,10,True,True,10,0,True,True,True,True,True,True,1,1,,16,11,False,0,0,656,48,4,0,1,4,True,0,0.441,0.08,False,latin
/es/coste-de-vida/estados-unidos/,cost-of-living.country,es,move,US,200,,0,https://livdar.com/es/coste-de-vida/estados-unidos/,0.226,0.225,53903,2,True,"index, follow",False,https://livdar.com/es/coste-de-vida/estados-unidos/,True,True,2026-09-21T00:00:00.000Z,Coste de vida Estados Unidos: qué dicen de verdad los precios,61,1,Coste de vida Estados Unidos,True,164,True,2,True,False,2,0,True,True,True,True,True,True,1,1,,17,7,False,0,0,602,26,4,0,1,4,True,0,0.511,0.078,False,latin
/es/coste-de-vida/francia/,cost-of-living.country,es,move,FR,200,,0,https://livdar.com/es/coste-de-vida/francia/,0.275,0.274,58606,2,True,"index, follow",False,https://livdar.com/es/coste-de-vida/francia/,True,True,2026-09-21T00:00:00.000Z,Coste de vida en Francia: qué dicen de verdad los precios,57,1,Coste de vida en Francia,True,157,True,7,True,True,7,0,True,True,True,True,True,True,1,1,,16,7,False,0,0,666,48,4,0,1,4,True,0,0.475,0.083,False,latin
/es/coste-de-vida/grecia/,cost-of-living.country,es,move,GR,200,1,0,https://livdar.com/es/coste-de-vida/grecia/,0.236,0.235,59081,2,True,"index, follow",False,https://livdar.com/es/coste-de-vida/grecia/,True,True,2026-09-21T00:00:00.000Z,Coste de vida en Grecia: qué dicen de verdad los precios,56,1,Coste de vida en Grecia,True,153,True,9,True,True,9,0,True,True,True,True,True,True,1,1,,15,4,False,0,0,661,48,4,0,1,4,True,0,0.492,0.085,False,latin
/es/coste-de-vida/irlanda/,cost-of-living.country,es,move,IE,200,,0,https://livdar.com/es/coste-de-vida/irlanda/,0.251,0.251,58980,2,True,"index, follow",False,https://livdar.com/es/coste-de-vida/irlanda/,True,True,2026-09-21T00:00:00.000Z,Coste de vida en Irlanda: qué dicen de verdad los precios,57,1,Coste de vida en Irlanda,True,157,True,8,True,True,8,0,True,True,True,True,True,True,1,1,,15,4,False,0,0,669,48,4,0,1,4,True,0,0.493,0.085,False,latin
/es/coste-de-vida/islandia/,cost-of-living.country,es,move,IS,200,,0,https://livdar.com/es/coste-de-vida/islandia/,0.269,0.268,58136,2,True,"index, follow",False,https://livdar.com/es/coste-de-vida/islandia/,True,True,2026-09-21T00:00:00.000Z,Coste de vida en Islandia: qué dicen de verdad los precios,58,1,Coste de vida en Islandia,True,158,True,5,True,True,5,0,True,True,True,True,True,True,1,1,,15,5,False,0,0,668,48,4,0,1,4,True,0,0.493,0.085,False,latin
/es/coste-de-vida/italia/,cost-of-living.country,es,move,IT,200,,0,https://livdar.com/es/coste-de-vida/italia/,0.227,0.226,59094,2,True,"index, follow",False,https://livdar.com/es/coste-de-vida/italia/,True,True,2026-09-21T00:00:00.000Z,Coste de vida en Italia: qué dicen de verdad los precios,56,1,Coste de vida en Italia,True,155,True,9,True,True,9,0,True,True,True,True,True,True,1,1,,16,5,False,0,0,665,48,4,0,1,4,True,0,0.475,0.083,False,latin
/es/coste-de-vida/japon/,cost-of-living.country,es,move,JP,200,,0,https://livdar.com/es/coste-de-vida/japon/,0.226,0.225,55210,2,True,"index, follow",False,https://livdar.com/es/coste-de-vida/japon/,True,True,2026-09-21T00:00:00.000Z,Coste de vida en Japon: qué dicen de verdad los precios,55,1,Coste de vida en Japon,True,152,True,8,True,True,8,0,True,True,True,True,True,True,1,1,,15,4,False,0,0,600,26,4,0,1,4,True,0,0.511,0.081,False,latin
/es/coste-de-vida/malta/,cost-of-living.country,es,move,MT,200,,0,https://livdar.com/es/coste-de-vida/malta/,0.266,0.265,59426,2,True,"index, follow",False,https://livdar.com/es/coste-de-vida/malta/,True,True,2026-09-21T00:00:00.000Z,Coste de vida en Malta: qué dicen de verdad los precios,55,1,Coste de vida en Malta,True,154,True,10,True,True,10,0,True,True,True,True,True,True,1,1,,15,4,False,0,0,667,48,4,0,1,4,True,0,0.497,0.085,False,latin
/es/coste-de-vida/noruega/,cost-of-living.country,es,move,NO,200,,0,https://livdar.com/es/coste-de-vida/noruega/,0.236,0.236,59378,2,True,"index, follow",False,https://livdar.com/es/coste-de-vida/noruega/,True,True,2026-09-21T00:00:00.000Z,Coste de vida en Noruega: qué dicen de verdad los precios,57,1,Coste de vida en Noruega,True,157,True,9,True,True,9,0,True,True,True,True,True,True,1,1,,15,4,False,0,0,670,48,4,0,1,4,True,0,0.497,0.085,False,latin
/es/coste-de-vida/paises-bajos/,cost-of-living.country,es,move,NL,200,,0,https://livdar.com/es/coste-de-vida/paises-bajos/,0.198,0.197,58985,2,True,"index, follow",False,https://livdar.com/es/coste-de-vida/paises-bajos/,True,True,2026-09-21T00:00:00.000Z,Coste de vida en Holanda: qué dicen de verdad los precios,57,1,Coste de vida en Holanda,True,160,True,7,True,True,7,0,True,True,True,True,True,True,1,1,,15,4,False,0,0,668,48,4,0,1,4,True,0,0.493,0.085,False,latin
/es/coste-de-vida/polonia/,cost-of-living.country,es,move,PL,200,,0,https://livdar.com/es/coste-de-vida/polonia/,0.239,0.239,58930,2,True,"index, follow",False,https://livdar.com/es/coste-de-vida/polonia/,True,True,2026-09-21T00:00:00.000Z,Coste de vida en Polonia: qué dicen de verdad los precios,57,1,Coste de vida en Polonia,True,156,True,8,True,True,8,0,True,True,True,True,True,True,1,1,,16,6,False,0,0,667,48,4,0,1,4,True,0,0.474,0.083,False,latin
/es/coste-de-vida/portugal/,cost-of-living.country,es,move,PT,200,,0,https://livdar.com/es/coste-de-vida/portugal/,0.218,0.218,59591,2,True,"index, follow",False,https://livdar.com/es/coste-de-vida/portugal/,True,True,2026-09-21T00:00:00.000Z,Coste de vida en Portugal: qué dicen de verdad los precios,58,1,Coste de vida en Portugal,True,155,True,10,True,True,10,0,True,True,True,True,True,True,1,1,,15,4,False,0,0,660,48,4,0,1,4,True,0,0.499,0.085,False,latin
/es/coste-de-vida/rumania/,cost-of-living.country,es,move,RO,200,,0,https://livdar.com/es/coste-de-vida/rumania/,0.402,0.383,57362,2,True,"index, follow",False,https://livdar.com/es/coste-de-vida/rumania/,True,True,2026-09-21T00:00:00.000Z,Coste de vida en Rumania: qué dicen de verdad los precios,57,1,Coste de vida en Rumania,True,156,True,3,True,False,3,0,True,True,True,True,True,True,1,1,,15,5,False,0,0,666,48,4,0,1,4,True,0,0.499,0.085,False,latin
/es/coste-de-vida/suecia/,cost-of-living.country,es,move,SE,200,,0,https://livdar.com/es/coste-de-vida/suecia/,0.206,0.206,58917,2,True,"index, follow",False,https://livdar.com/es/coste-de-vida/suecia/,True,True,2026-09-21T00:00:00.000Z,Coste de vida en Suecia: qué dicen de verdad los precios,56,1,Coste de vida en Suecia,True,154,True,8,True,True,8,0,True,True,True,True,True,True,1,1,,15,4,False,0,0,664,48,4,0,1,4,True,0,0.488,0.085,False,latin
/es/coste-de-vida/suiza/,cost-of-living.country,es,move,CH,200,,0,https://livdar.com/es/coste-de-vida/suiza/,0.256,0.256,59086,2,True,"index, follow",False,https://livdar.com/es/coste-de-vida/suiza/,True,True,2026-09-21T00:00:00.000Z,Coste de vida en Suiza: qué dicen de verdad los precios,55,1,Coste de vida en Suiza,True,155,True,9,True,True,9,0,True,True,True,True,True,True,1,1,,15,5,False,0,0,658,46,4,0,1,4,True,0,0.488,0.084,False,latin
/es/deporte/correr-en-barcelona/,sport.city-season,es,sport,3128760:running,200,,0,https://livdar.com/es/deporte/correr-en-barcelona/,0.252,0.251,57588,2,True,"index, follow",False,https://livdar.com/es/deporte/correr-en-barcelona/,True,True,2026-09-21T00:00:00.000Z,Correr en Barcelona: los meses en que el tiempo lo permite,58,1,Correr en Barcelona,True,168,True,1,True,False,1,0,True,True,True,True,True,True,1,1,,16,6,False,0,0,627,49,4,0,1,4,True,0,0.584,0.102,False,latin
/es/deporte/correr-en-madrid/,sport.city-season,es,sport,3117735:running,200,,0,https://livdar.com/es/deporte/correr-en-madrid/,0.256,0.256,56825,2,True,"index, follow",False,https://livdar.com/es/deporte/correr-en-madrid/,True,True,2026-09-21T00:00:00.000Z,Correr en Madrid: los meses en que el tiempo lo permite,55,1,Correr en Madrid,True,165,True,1,True,False,1,0,True,True,True,True,True,True,1,1,,16,6,False,0,0,612,49,4,0,1,4,True,0,0.569,0.103,False,latin
/es/deporte/rutas-de-senderismo-madrid/,sport.city-season,es,sport,3117735:hiking,200,,0,https://livdar.com/es/deporte/rutas-de-senderismo-madrid/,0.223,0.223,57260,2,True,"index, follow",False,https://livdar.com/es/deporte/rutas-de-senderismo-madrid/,True,True,2026-09-21T00:00:00.000Z,Senderismo en Madrid: los meses en que el tiempo lo permite,59,1,Senderismo en Madrid,True,169,True,1,True,False,1,0,True,True,True,True,True,True,1,1,,16,7,False,0,0,620,49,4,0,1,4,True,0,0.569,0.101,False,latin
/es/deporte/senderismo-barcelona/,sport.city-season,es,sport,3128760:hiking,200,,0,https://livdar.com/es/deporte/senderismo-barcelona/,0.222,0.217,57957,2,True,"index, follow",False,https://livdar.com/es/deporte/senderismo-barcelona/,True,True,2026-09-21T00:00:00.000Z,Senderismo en Barcelona: los meses en que el tiempo lo permite,62,1,Senderismo en Barcelona,True,172,True,1,True,False,1,0,True,True,True,True,True,True,1,1,,16,6,False,0,0,635,49,4,0,1,4,True,0,0.584,0.102,False,latin
/es/dias-festivos/andalucia/,events.subdivision-holidays,es,pulse,ES-AN,200,,0,https://livdar.com/es/dias-festivos/andalucia/,0.251,0.25,57963,2,True,"index, follow",False,https://livdar.com/es/dias-festivos/andalucia/,True,True,2026-09-21T00:00:00.000Z,"Andalucía: días festivos 2026, y cuántos más que el resto del país",66,1,Andalucía: días festivos 2026,True,144,True,1,True,False,1,0,True,True,True,True,True,True,1,1,,16,11,False,0,0,694,73,4,0,1,4,True,0,0.628,0.246,False,latin
/es/dias-festivos/asturias/,events.subdivision-holidays,es,pulse,ES-AS,200,,0,https://livdar.com/es/dias-festivos/asturias/,0.595,0.595,57836,2,True,"index, follow",False,https://livdar.com/es/dias-festivos/asturias/,True,True,2026-09-21T00:00:00.000Z,"Asturias: días festivos 2026, y cuántos más que el resto del país",65,1,Asturias: días festivos 2026,True,143,True,1,True,False,1,0,True,True,True,True,True,True,1,1,,16,11,False,0,0,694,73,4,0,1,4,True,0,0.628,0.249,False,latin
/es/dias-festivos/canarias/,events.subdivision-holidays,es,pulse,ES-CN,200,,0,https://livdar.com/es/dias-festivos/canarias/,0.195,0.194,58799,2,True,"index, follow",False,https://livdar.com/es/dias-festivos/canarias/,True,True,2026-09-21T00:00:00.000Z,"Canarias: días festivos 2026, y cuántos más que el resto del país",65,1,Canarias: días festivos 2026,True,143,True,1,True,False,1,0,True,True,True,True,True,True,1,1,,16,11,False,0,0,721,76,4,0,1,4,True,0,0.502,0.236,False,latin
/es/dias-festivos/cantabria/,events.subdivision-holidays,es,pulse,ES-CB,200,,0,https://livdar.com/es/dias-festivos/cantabria/,0.206,0.206,59846,2,True,"index, follow",False,https://livdar.com/es/dias-festivos/cantabria/,True,True,2026-09-21T00:00:00.000Z,"Cantabria: días festivos 2026, y cuántos más que el resto del país",66,1,Cantabria: días festivos 2026,True,144,True,1,True,False,1,0,True,True,True,True,True,True,1,1,,16,11,False,0,0,741,82,4,0,1,4,True,0,0.478,0.231,False,latin
/es/dias-festivos/castilla-la-mancha/,events.subdivision-holidays,es,pulse,ES-CM,200,,0,https://livdar.com/es/dias-festivos/castilla-la-mancha/,0.258,0.258,60950,2,True,"index, follow",False,https://livdar.com/es/dias-festivos/castilla-la-mancha/,True,True,2026-09-21T00:00:00.000Z,"Castilla-La Mancha: días festivos 2026, y cuántos más que el resto del país",75,1,Castilla-La Mancha: días festivos 2026,True,153,True,1,True,False,1,0,True,True,True,True,True,True,1,1,,16,7,False,0,0,770,85,4,0,1,4,True,0,0.495,0.224,False,latin
/es/dias-festivos/castilla-y-leon/,events.subdivision-holidays,es,pulse,ES-CL,200,,0,https://livdar.com/es/dias-festivos/castilla-y-leon/,0.303,0.302,58513,2,True,"index, follow",False,https://livdar.com/es/dias-festivos/castilla-y-leon/,True,True,2026-09-21T00:00:00.000Z,"Castilla y León: días festivos 2026, y cuántos más que el resto del país",72,1,Castilla y León: días festivos 2026,True,150,True,1,True,False,1,0,True,True,True,True,True,True,1,1,,16,7,False,0,0,715,73,4,0,1,4,True,0,0.626,0.245,False,latin
/es/dias-festivos/catalunya/,events.subdivision-holidays,es,pulse,ES-CT,200,,0,https://livdar.com/es/dias-festivos/catalunya/,0.613,0.613,59184,2,True,"index, follow",False,https://livdar.com/es/dias-festivos/catalunya/,True,True,2026-09-21T00:00:00.000Z,"Catalunya: días festivos 2026, y cuántos más que el resto del país",66,1,Catalunya: días festivos 2026,True,144,True,1,True,False,1,0,True,True,True,True,True,True,1,1,,16,7,False,0,0,723,79,4,0,1,4,True,0,0.51,0.229,False,latin
/es/dias-festivos/comunidad-de-madrid/,events.subdivision-holidays,es,pulse,ES-MD,200,,0,https://livdar.com/es/dias-festivos/comunidad-de-madrid/,0.244,0.244,60519,2,True,"index, follow",False,https://livdar.com/es/dias-festivos/comunidad-de-madrid/,True,True,2026-09-21T00:00:00.000Z,Comunidad de Madrid: días festivos 2026,39,1,Comunidad de Madrid: días festivos 2026,True,154,True,1,True,False,1,0,True,True,True,True,True,True,1,1,,16,7,False,0,0,775,82,4,0,1,4,True,0,0.48,0.221,False,latin
/es/dias-festivos/comunidad-foral-de-navarra/,events.subdivision-holidays,es,pulse,ES-NC,200,,0,https://livdar.com/es/dias-festivos/comunidad-foral-de-navarra/,0.305,0.305,61096,2,True,"index, follow",False,https://livdar.com/es/dias-festivos/comunidad-foral-de-navarra/,True,True,2026-09-21T00:00:00.000Z,Comunidad Foral de Navarra: días festivos 2026,46,1,Comunidad Foral de Navarra: días festivos 2026,True,161,True,1,True,False,1,0,True,True,True,True,True,True,1,1,,16,7,False,0,0,774,85,4,0,1,4,True,0,0.491,0.224,False,latin
/es/dias-festivos/comunidad-valenciana/,events.subdivision-holidays,es,pulse,ES-VC,200,,0,https://livdar.com/es/dias-festivos/comunidad-valenciana/,0.25,0.25,59452,2,True,"index, follow",False,https://livdar.com/es/dias-festivos/comunidad-valenciana/,True,True,2026-09-21T00:00:00.000Z,Comunidad Valenciana: días festivos 2026,40,1,Comunidad Valenciana: días festivos 2026,True,155,True,1,True,False,1,0,True,True,True,True,True,True,1,1,,16,7,False,0,0,729,79,4,0,1,4,True,0,0.532,0.237,False,latin
/es/dias-festivos/espana/,events.country-holidays,es,pulse,ES,200,,0,https://livdar.com/es/dias-festivos/espana/,0.542,0.532,80433,2,True,"index, follow",False,https://livdar.com/es/dias-festivos/espana/,True,True,2026-09-21T00:00:00.000Z,"España: días festivos 2026, y dónde se aplica cada uno",54,1,España: días festivos 2026,True,135,True,3,True,True,3,0,True,True,True,True,True,True,1,1,,17,18,False,0,0,1154,191,4,0,1,4,True,0,0.222,0.04,False,latin
/es/dias-festivos/extremadura/,events.subdivision-holidays,es,pulse,ES-EX,200,1,0,https://livdar.com/es/dias-festivos/extremadura/,0.215,0.215,58394,2,True,"index, follow",False,https://livdar.com/es/dias-festivos/extremadura/,True,True,2026-09-21T00:00:00.000Z,"Extremadura: días festivos 2026, y cuántos más que el resto del país",68,1,Extremadura: días festivos 2026,True,146,True,1,True,False,1,0,True,True,True,True,True,True,1,1,,16,8,False,0,0,697,76,4,0,1,4,True,0,0.519,0.236,False,latin
/es/dias-festivos/francia/,events.country-holidays,es,pulse,FR,200,,0,https://livdar.com/es/dias-festivos/francia/,0.266,0.266,63146,2,True,"index, follow",False,https://livdar.com/es/dias-festivos/francia/,True,True,2026-09-21T00:00:00.000Z,"Francia: días festivos 2026, y dónde se aplica cada uno",55,1,Francia: días festivos 2026,True,136,True,5,True,False,5,0,True,True,True,True,True,True,1,1,,17,3,False,0,0,777,87,4,0,1,4,True,0,0.296,0.049,False,latin
/es/dias-festivos/galicia/,events.subdivision-holidays,es,pulse,ES-GA,200,,0,https://livdar.com/es/dias-festivos/galicia/,0.224,0.223,59284,2,True,"index, follow",False,https://livdar.com/es/dias-festivos/galicia/,True,True,2026-09-21T00:00:00.000Z,"Galicia: días festivos 2026, y cuántos más que el resto del país",64,1,Galicia: días festivos 2026,True,142,True,1,True,False,1,0,True,True,True,True,True,True,1,1,,16,9,False,0,0,729,82,4,0,1,4,True,0,0.493,0.228,False,latin
/es/dias-festivos/illes-balears/,events.subdivision-holidays,es,pulse,ES-IB,200,,0,https://livdar.com/es/dias-festivos/illes-balears/,0.222,0.222,59554,2,True,"index, follow",False,https://livdar.com/es/dias-festivos/illes-balears/,True,True,2026-09-21T00:00:00.000Z,"Illes Balears: días festivos 2026, y cuántos más que el resto del país",70,1,Illes Balears: días festivos 2026,True,148,True,1,True,False,1,0,True,True,True,True,True,True,1,1,,16,9,False,0,0,744,79,4,0,1,4,True,0,0.509,0.228,False,latin
/es/dias-festivos/mexico/,events.country-holidays,es,pulse,MX,200,,0,https://livdar.com/es/dias-festivos/mexico/,0.228,0.228,54204,2,True,"index, follow",False,https://livdar.com/es/dias-festivos/mexico/,True,True,2026-09-21T00:00:00.000Z,"México: días festivos 2026, y dónde se aplica cada uno",54,1,México: días festivos 2026,True,133,True,2,True,False,2,0,True,True,True,True,True,True,1,1,,16,2,False,0,0,559,42,4,0,1,4,True,0,0.296,0.053,False,latin
/es/dias-festivos/region-de-murcia/,events.subdivision-holidays,es,pulse,ES-MC,200,,0,https://livdar.com/es/dias-festivos/region-de-murcia/,0.205,0.204,59950,2,True,"index, follow",False,https://livdar.com/es/dias-festivos/region-de-murcia/,True,True,2026-09-21T00:00:00.000Z,"Región de Murcia: días festivos 2026, y cuántos más que el resto del país",73,1,Región de Murcia: días festivos 2026,True,151,True,1,True,False,1,0,True,True,True,True,True,True,1,1,,16,9,False,0,0,757,79,4,0,1,4,True,0,0.532,0.233,False,latin
/es/herramientas/calculadora-de-salario/,tools.calculator,es,tools,salary-calculator,200,,0,https://livdar.com/es/herramientas/calculadora-de-salario/,0.27,0.27,62122,2,True,"index, follow",False,https://livdar.com/es/herramientas/calculadora-de-salario/,True,True,2026-09-21T00:00:00.000Z,Calculadora de salario: sobre datos medidos,43,1,Calculadora de salario,True,149,True,10,True,True,10,0,True,False,True,True,True,True,1,1,,15,34,False,0,0,539,34,4,0,1,4,True,0,0.208,0.046,False,latin
/es/herramientas/calcular-precio-mudanza/,tools.calculator,es,tools,moving-cost,200,,0,https://livdar.com/es/herramientas/calcular-precio-mudanza/,0.303,0.301,59099,2,True,"index, follow",False,https://livdar.com/es/herramientas/calcular-precio-mudanza/,True,True,2026-09-21T00:00:00.000Z,Calcular precio mudanza: sobre datos medidos,44,1,Calcular precio mudanza,True,148,True,9,True,True,9,0,True,True,True,True,True,True,1,1,,16,25,False,0,0,562,40,4,0,1,4,True,0,0.181,0.053,False,latin
/es/herramientas/calcular-presupuesto-de-viaje/,tools.calculator,es,tools,travel-budget,200,,0,https://livdar.com/es/herramientas/calcular-presupuesto-de-viaje/,0.192,0.192,63895,2,True,"index, follow",False,https://livdar.com/es/herramientas/calcular-presupuesto-de-viaje/,True,True,2026-09-21T00:00:00.000Z,Calcular presupuesto de viaje: sobre datos medidos,50,1,Calcular presupuesto de viaje,True,169,True,7,True,True,7,0,True,True,True,True,True,True,1,1,,16,38,False,0,0,652,37,4,1,1,4,True,0,0.208,0.043,False,latin
/es/herramientas/comparar-ciudades/,tools.cost-comparison,es,tools,city-comparison,200,,0,https://livdar.com/es/herramientas/comparar-ciudades/,0.213,0.213,55612,2,True,"index, follow",False,https://livdar.com/es/herramientas/comparar-ciudades/,True,True,2026-09-21T00:00:00.000Z,Comparar ciudades: sobre datos medidos,38,1,Comparar ciudades,True,168,True,6,True,True,6,0,True,True,True,True,True,True,1,1,,16,4,False,0,0,525,30,4,0,1,4,True,0,0.064,0.045,False,latin
/es/herramientas/donde-alojarse/,tools.matcher,es,tools,where-should-i-stay,200,,0,https://livdar.com/es/herramientas/donde-alojarse/,0.248,0.248,98253,2,True,"index, follow",False,https://livdar.com/es/herramientas/donde-alojarse/,True,True,2026-09-21T00:00:00.000Z,Donde alojarse: sobre datos medidos,35,1,Donde alojarse,True,141,True,9,True,True,9,0,True,True,True,True,True,True,1,1,,15,19,False,0,0,625,26,4,0,1,5,True,0,0.149,0.047,False,latin
/es/herramientas/donde-emigrar/,tools.matcher,es,tools,destination-matcher,200,,0,https://livdar.com/es/herramientas/donde-emigrar/,0.306,0.305,63977,2,True,"index, follow",False,https://livdar.com/es/herramientas/donde-emigrar/,True,True,2026-09-21T00:00:00.000Z,Donde emigrar: sobre datos medidos,34,1,Donde emigrar,True,166,True,9,True,True,9,0,True,True,True,True,True,True,1,1,,16,3,False,0,0,626,51,4,0,1,5,True,0,0.454,0.061,False,latin
/es/herramientas/donde-vivir/,tools.matcher,es,tools,where-should-i-live,200,,0,https://livdar.com/es/herramientas/donde-vivir/,0.222,0.22,63398,2,True,"index, follow",False,https://livdar.com/es/herramientas/donde-vivir/,True,True,2026-09-21T00:00:00.000Z,Donde vivir: sobre datos medidos,32,1,Donde vivir,True,162,True,9,True,True,9,0,True,True,True,True,True,True,1,1,,15,4,False,0,0,598,50,4,0,1,5,True,0,0.454,0.061,False,latin
/es/salarios/alemania/,work.country-salaries,es,work,DE,200,,0,https://livdar.com/es/salarios/alemania/,0.256,0.256,53640,2,True,"index, follow",False,https://livdar.com/es/salarios/alemania/,True,True,2026-09-21T00:00:00.000Z,"Salario medio Alemania: bruto, neto y salario mínimo",52,1,Salario medio Alemania,True,153,True,7,True,True,7,0,True,True,True,True,True,True,1,1,,17,9,False,0,0,564,32,4,0,1,4,True,0,0.475,0.084,False,latin
/es/salarios/espana/,work.country-salaries,es,work,ES,200,,0,https://livdar.com/es/salarios/espana/,0.23,0.23,53530,2,True,"index, follow",False,https://livdar.com/es/salarios/espana/,True,True,2026-09-21T00:00:00.000Z,"Salario medio España: bruto, neto y salario mínimo",50,1,Salario medio España,True,151,True,7,True,True,7,0,True,True,True,True,True,True,1,1,,17,11,False,0,0,566,33,4,0,1,4,True,0,0.472,0.083,False,latin
/es/salarios/francia/,work.country-salaries,es,work,FR,200,,0,https://livdar.com/es/salarios/francia/,0.217,0.217,52998,2,True,"index, follow",False,https://livdar.com/es/salarios/francia/,True,True,2026-09-21T00:00:00.000Z,"Salario medio Francia: bruto, neto y salario mínimo",51,1,Salario medio Francia,True,152,True,5,True,True,5,0,True,True,True,True,True,True,1,1,,17,9,False,0,0,566,33,4,0,1,4,True,0,0.472,0.083,False,latin
/es/salarios/italia/,work.country-salaries,es,work,IT,200,,0,https://livdar.com/es/salarios/italia/,0.222,0.221,52536,2,True,"index, follow",False,https://livdar.com/es/salarios/italia/,True,True,2026-09-21T00:00:00.000Z,"Salario medio Italia: bruto, neto y salario mínimo",50,1,Salario medio Italia,True,151,True,5,True,True,5,0,True,True,True,True,True,True,1,1,,17,8,False,0,0,568,27,4,0,1,4,True,0,0.466,0.083,False,latin
/es/salarios/polonia/,work.country-salaries,es,work,PL,200,,0,https://livdar.com/es/salarios/polonia/,0.22,0.22,53537,2,True,"index, follow",False,https://livdar.com/es/salarios/polonia/,True,True,2026-09-21T00:00:00.000Z,"Salario medio Polonia: bruto, neto y salario mínimo",51,1,Salario medio Polonia,True,152,True,7,True,True,7,0,True,True,True,True,True,True,1,1,,17,8,False,0,0,566,32,4,0,1,4,True,0,0.475,0.084,False,latin
/es/subida-del-alquiler/espana/,rents.country-inflation,es,stay,ES,200,,0,https://livdar.com/es/subida-del-alquiler/espana/,0.483,0.482,58870,2,True,"index, follow",False,https://livdar.com/es/subida-del-alquiler/espana/,True,True,2026-09-21T00:00:00.000Z,"Subida del alquiler en España, 2025: el índice publicado y su puesto",68,1,Subida del alquiler en España en 2025,True,158,True,1,True,False,1,0,True,True,True,True,True,True,1,1,,16,9,False,0,0,682,79,4,0,1,4,True,0,0.065,0.052,False,latin
/es/zonas/barcelona/,neighbourhoods.city-where-to-stay,es,areas,3128760,200,,0,https://livdar.com/es/zonas/barcelona/,0.359,0.359,74971,2,True,"index, follow",False,https://livdar.com/es/zonas/barcelona/,True,True,2026-09-21T00:00:00.000Z,Barrios de Barcelona: dónde está cada uno y a qué distancia del centro,70,1,Barrios de Barcelona,True,154,True,5,True,True,5,0,True,True,True,True,True,True,1,1,,17,10,False,0,0,939,117,4,0,1,4,True,0,0.2,0.051,False,latin
/es/zonas/londres/,neighbourhoods.city-where-to-stay,es,areas,2643743,200,,0,https://livdar.com/es/zonas/londres/,0.209,0.209,72287,2,True,"index, follow",False,https://livdar.com/es/zonas/londres/,True,True,2026-09-21T00:00:00.000Z,Barrios de Londres: dónde está cada uno y a qué distancia del centro,68,1,Barrios de Londres,True,152,True,8,True,True,8,0,True,True,True,True,True,True,1,1,,16,5,False,0,0,830,105,4,0,1,4,True,0,0.248,0.054,False,latin
/es/zonas/madrid/,neighbourhoods.city-where-to-stay,es,areas,3117735,200,1,0,https://livdar.com/es/zonas/madrid/,0.208,0.208,74284,2,True,"index, follow",False,https://livdar.com/es/zonas/madrid/,True,True,2026-09-21T00:00:00.000Z,Barrios de Madrid: dónde está cada uno y a qué distancia del centro,67,1,Barrios de Madrid,True,152,True,3,True,True,3,0,True,True,True,True,True,True,1,1,,17,7,False,0,0,897,119,4,0,1,4,True,0,0.228,0.051,False,latin
/es/zonas/nueva-york/,neighbourhoods.city-where-to-stay,es,areas,5128581,200,,0,https://livdar.com/es/zonas/nueva-york/,0.243,0.243,76184,2,True,"index, follow",False,https://livdar.com/es/zonas/nueva-york/,True,True,2026-09-21T00:00:00.000Z,Barrios de Nueva York: dónde está cada uno y a qué distancia del centro,71,1,Barrios de Nueva York,True,155,True,8,True,True,8,0,True,True,True,True,True,True,1,1,,16,4,False,0,0,910,119,4,0,1,4,True,0,0.235,0.052,False,latin
/es/zonas/paris/,neighbourhoods.city-where-to-stay,es,areas,2988507,200,,0,https://livdar.com/es/zonas/paris/,0.216,0.216,61643,2,True,"index, follow",False,https://livdar.com/es/zonas/paris/,True,True,2026-09-21T00:00:00.000Z,Barrios de París: dónde está cada uno y a qué distancia del centro,66,1,Barrios de París,True,150,True,8,True,True,8,0,True,True,True,True,True,True,1,1,,16,4,False,0,0,701,59,4,0,1,4,True,0,0.248,0.06,False,latin
/fr/augmentation-des-loyers/france/,rents.country-inflation,fr,stay,FR,200,,0,https://livdar.com/fr/augmentation-des-loyers/france/,0.222,0.222,58945,2,True,"index, follow",False,https://livdar.com/fr/augmentation-des-loyers/france/,True,True,2026-09-21T00:00:00.000Z,"Augmentation des loyers 2025 : France, l'indice publié et son rang",66,1,Augmentation des loyers 2025 : France,True,154,True,1,True,False,1,0,True,True,True,True,True,True,1,1,,16,6,False,0,0,693,81,4,0,1,4,True,0,0.054,0.048,False,latin
/fr/classements/pays-les-moins-chers-deurope/,rankings.index,fr,tools,cheapest-countries-europe,200,,0,https://livdar.com/fr/classements/pays-les-moins-chers-deurope/,0.272,0.272,68858,2,True,"index, follow",False,https://livdar.com/fr/classements/pays-les-moins-chers-deurope/,True,True,2026-09-21T00:00:00.000Z,Les pays les moins chers d'Europe : le classement mesuré,56,1,Les pays les moins chers d'Europe,True,179,True,9,True,True,9,0,True,True,True,True,True,True,1,1,,15,27,False,0,0,706,124,4,0,1,4,True,0,0.175,0.044,False,latin
/fr/classements/pays-les-moins-chers-pour-vivre/,rankings.index,fr,tools,cheapest-countries,200,,0,https://livdar.com/fr/classements/pays-les-moins-chers-pour-vivre/,0.24,0.239,73848,2,True,"index, follow",False,https://livdar.com/fr/classements/pays-les-moins-chers-pour-vivre/,True,True,2026-09-21T00:00:00.000Z,Les pays les moins chers pour vivre : le classement mesuré,58,1,Les pays les moins chers pour vivre,True,181,True,10,True,True,10,0,True,True,True,True,True,True,1,1,,15,27,False,0,0,752,164,4,0,1,4,True,0,0.238,0.057,False,latin
/fr/classements/pays-les-plus-chers-du-monde/,rankings.index,fr,tools,most-expensive-countries,200,,0,https://livdar.com/fr/classements/pays-les-plus-chers-du-monde/,0.248,0.247,74136,2,True,"index, follow",False,https://livdar.com/fr/classements/pays-les-plus-chers-du-monde/,True,True,2026-09-21T00:00:00.000Z,Les pays les plus chers pour vivre : le classement mesuré,57,1,Les pays les plus chers pour vivre,True,180,True,9,True,True,9,0,True,True,True,True,True,True,1,1,,15,7,False,0,0,793,164,4,0,1,4,True,0,0.238,0.05,False,latin
/fr/cout-de-la-vie/albanie/,cost-of-living.country,fr,move,AL,200,,0,https://livdar.com/fr/cout-de-la-vie/albanie/,0.286,0.285,58076,2,True,"index, follow",False,https://livdar.com/fr/cout-de-la-vie/albanie/,True,True,2026-09-21T00:00:00.000Z,Cout de la vie Albanie : ce que disent vraiment les prix,56,1,Cout de la vie Albanie,True,152,True,5,True,True,5,0,True,True,True,True,True,True,1,1,,17,9,False,0,0,673,52,4,0,1,4,True,0,0.437,0.081,False,latin
/fr/cout-de-la-vie/allemagne/,cost-of-living.country,fr,move,DE,200,,0,https://livdar.com/fr/cout-de-la-vie/allemagne/,0.263,0.263,59722,2,True,"index, follow",False,https://livdar.com/fr/cout-de-la-vie/allemagne/,True,True,2026-09-21T00:00:00.000Z,Coût de la vie en Allemagne : ce que disent vraiment les prix,61,1,Coût de la vie en Allemagne,True,155,True,9,True,True,9,0,True,True,True,True,True,True,1,1,,17,13,False,0,0,677,48,4,0,1,4,True,0,0.48,0.085,False,latin
/fr/cout-de-la-vie/australie/,cost-of-living.country,fr,move,AU,200,,0,https://livdar.com/fr/cout-de-la-vie/australie/,0.253,0.253,54862,2,True,"index, follow",False,https://livdar.com/fr/cout-de-la-vie/australie/,True,True,2026-09-21T00:00:00.000Z,Cout de la vie en Australie : ce que disent vraiment les prix,61,1,Cout de la vie en Australie,True,153,True,8,True,True,8,0,True,True,True,True,True,True,1,1,,17,8,False,0,0,598,27,4,0,1,4,True,0,0.62,0.065,False,latin
/fr/cout-de-la-vie/autriche/,cost-of-living.country,fr,move,AT,200,,0,https://livdar.com/fr/cout-de-la-vie/autriche/,0.209,0.209,57652,2,True,"index, follow",False,https://livdar.com/fr/cout-de-la-vie/autriche/,True,True,2026-09-21T00:00:00.000Z,Coût de la vie en Autriche : ce que disent vraiment les prix,60,1,Coût de la vie en Autriche,True,154,True,2,True,False,2,0,True,True,True,True,True,True,1,1,,16,10,False,0,0,683,48,4,0,1,4,True,0,0.483,0.085,False,latin
/fr/cout-de-la-vie/bulgarie/,cost-of-living.country,fr,move,BG,200,,0,https://livdar.com/fr/cout-de-la-vie/bulgarie/,0.237,0.237,58935,2,True,"index, follow",False,https://livdar.com/fr/cout-de-la-vie/bulgarie/,True,True,2026-09-21T00:00:00.000Z,Coût de la vie en Bulgarie : ce que disent vraiment les prix,60,1,Coût de la vie en Bulgarie,True,153,True,6,True,False,6,0,True,True,True,True,True,True,1,1,,16,6,False,0,0,688,48,4,0,1,4,True,0,0.497,0.085,False,latin
/fr/cout-de-la-vie/croatie/,cost-of-living.country,fr,move,HR,200,,0,https://livdar.com/fr/cout-de-la-vie/croatie/,0.225,0.224,59101,2,True,"index, follow",False,https://livdar.com/fr/cout-de-la-vie/croatie/,True,True,2026-09-21T00:00:00.000Z,Coût de la vie en Croatie : ce que disent vraiment les prix,59,1,Coût de la vie en Croatie,True,152,True,7,True,True,7,0,True,True,True,True,True,True,1,1,,16,5,False,0,0,682,48,4,0,1,4,True,0,0.5,0.085,False,latin
/fr/cout-de-la-vie/danemark/,cost-of-living.country,fr,move,DK,200,,0,https://livdar.com/fr/cout-de-la-vie/danemark/,0.227,0.226,60039,2,True,"index, follow",False,https://livdar.com/fr/cout-de-la-vie/danemark/,True,True,2026-09-21T00:00:00.000Z,Coût de la vie au Danemark : ce que disent vraiment les prix,60,1,Coût de la vie au Danemark,True,154,True,10,True,True,10,0,True,True,True,True,True,True,1,1,,17,5,False,0,0,682,48,4,0,1,4,True,0,0.48,0.084,False,latin
/fr/cout-de-la-vie/espagne/,cost-of-living.country,fr,move,ES,200,,0,https://livdar.com/fr/cout-de-la-vie/espagne/,0.29,0.289,59844,2,True,"index, follow",False,https://livdar.com/fr/cout-de-la-vie/espagne/,True,True,2026-09-21T00:00:00.000Z,Coût de la vie en Espagne : ce que disent vraiment les prix,59,1,Coût de la vie en Espagne,True,152,True,10,True,True,10,0,True,True,True,True,True,True,1,1,,17,5,False,0,0,681,48,4,0,1,4,True,0,0.479,0.084,False,latin
/fr/cout-de-la-vie/france/,cost-of-living.country,fr,move,FR,200,,0,https://livdar.com/fr/cout-de-la-vie/france/,0.248,0.248,58911,2,True,"index, follow",False,https://livdar.com/fr/cout-de-la-vie/france/,True,True,2026-09-21T00:00:00.000Z,Coût de la vie en France : ce que disent vraiment les prix,58,1,Coût de la vie en France,True,152,True,7,True,True,7,0,True,True,True,True,True,True,1,1,,17,7,False,0,0,681,48,4,0,1,4,True,0,0.48,0.084,False,latin
/fr/cout-de-la-vie/grece/,cost-of-living.country,fr,move,GR,200,,0,https://livdar.com/fr/cout-de-la-vie/grece/,0.296,0.296,59471,2,True,"index, follow",False,https://livdar.com/fr/cout-de-la-vie/grece/,True,True,2026-09-21T00:00:00.000Z,Coût de la vie en Grèce : ce que disent vraiment les prix,57,1,Coût de la vie en Grèce,True,148,True,9,True,True,9,0,True,True,True,True,True,True,1,1,,16,4,False,0,0,678,48,4,0,1,4,True,0,0.514,0.086,False,latin
/fr/cout-de-la-vie/hongrie/,cost-of-living.country,fr,move,HU,200,,0,https://livdar.com/fr/cout-de-la-vie/hongrie/,0.247,0.247,58072,2,True,"index, follow",False,https://livdar.com/fr/cout-de-la-vie/hongrie/,True,True,2026-09-21T00:00:00.000Z,Coût de la vie en Hongrie : ce que disent vraiment les prix,59,1,Coût de la vie en Hongrie,True,152,True,4,True,False,4,0,True,True,True,True,True,True,1,1,,16,5,False,0,0,683,48,4,0,1,4,True,0,0.514,0.085,False,latin
/fr/cout-de-la-vie/irlande/,cost-of-living.country,fr,move,IE,200,,0,https://livdar.com/fr/cout-de-la-vie/irlande/,0.246,0.246,59407,2,True,"index, follow",False,https://livdar.com/fr/cout-de-la-vie/irlande/,True,True,2026-09-21T00:00:00.000Z,Coût de la vie en Irlande : ce que disent vraiment les prix,59,1,Coût de la vie en Irlande,True,153,True,8,True,True,8,0,True,True,True,True,True,True,1,1,,16,4,False,0,0,686,48,4,0,1,4,True,0,0.502,0.085,False,latin
/fr/cout-de-la-vie/islande/,cost-of-living.country,fr,move,IS,200,,0,https://livdar.com/fr/cout-de-la-vie/islande/,0.263,0.262,58481,2,True,"index, follow",False,https://livdar.com/fr/cout-de-la-vie/islande/,True,True,2026-09-21T00:00:00.000Z,Coût de la vie en Islande : ce que disent vraiment les prix,59,1,Coût de la vie en Islande,True,153,True,5,True,True,5,0,True,True,True,True,True,True,1,1,,16,5,False,0,0,685,48,4,0,1,4,True,0,0.502,0.085,False,latin
/fr/cout-de-la-vie/italie/,cost-of-living.country,fr,move,IT,200,,0,https://livdar.com/fr/cout-de-la-vie/italie/,0.253,0.252,59460,2,True,"index, follow",False,https://livdar.com/fr/cout-de-la-vie/italie/,True,True,2026-09-21T00:00:00.000Z,Coût de la vie en Italie : ce que disent vraiment les prix,58,1,Coût de la vie en Italie,True,151,True,9,True,True,9,0,True,True,True,True,True,True,1,1,,17,5,False,0,0,680,48,4,0,1,4,True,0,0.472,0.084,False,latin
/fr/cout-de-la-vie/japon/,cost-of-living.country,fr,move,JP,200,1,0,https://livdar.com/fr/cout-de-la-vie/japon/,0.334,0.334,55435,2,True,"index, follow",False,https://livdar.com/fr/cout-de-la-vie/japon/,True,True,2026-09-21T00:00:00.000Z,Coût de la vie au Japon : ce que disent vraiment les prix,57,1,Coût de la vie au Japon,True,148,True,8,True,True,8,0,True,True,True,True,True,True,1,1,,17,5,False,0,0,617,26,4,0,1,4,True,0,0.388,0.079,False,latin
/fr/cout-de-la-vie/malte/,cost-of-living.country,fr,move,MT,200,,0,https://livdar.com/fr/cout-de-la-vie/malte/,0.238,0.238,59765,2,True,"index, follow",False,https://livdar.com/fr/cout-de-la-vie/malte/,True,True,2026-09-21T00:00:00.000Z,Coût de la vie à Malte : ce que disent vraiment les prix,56,1,Coût de la vie à Malte,True,150,True,10,True,True,10,0,True,True,True,True,True,True,1,1,,17,4,False,0,0,680,48,4,0,1,4,True,0,0.482,0.084,False,latin
/fr/cout-de-la-vie/maurice/,cost-of-living.country,fr,move,MU,200,,0,https://livdar.com/fr/cout-de-la-vie/maurice/,0.212,0.211,52572,2,True,"index, follow",False,https://livdar.com/fr/cout-de-la-vie/maurice/,True,True,2026-09-21T00:00:00.000Z,Cout de la vie ile Maurice : ce que disent vraiment les prix,60,1,Cout de la vie ile Maurice,True,152,True,1,True,False,1,0,True,True,True,True,True,True,1,1,,17,4,False,0,0,595,27,4,0,1,4,True,0,0.62,0.065,False,latin
/fr/cout-de-la-vie/norvege/,cost-of-living.country,fr,move,NO,200,,0,https://livdar.com/fr/cout-de-la-vie/norvege/,0.277,0.276,59785,2,True,"index, follow",False,https://livdar.com/fr/cout-de-la-vie/norvege/,True,True,2026-09-21T00:00:00.000Z,Coût de la vie en Norvège : ce que disent vraiment les prix,59,1,Coût de la vie en Norvège,True,153,True,9,True,True,9,0,True,True,True,True,True,True,1,1,,16,5,False,0,0,687,48,4,0,1,4,True,0,0.482,0.085,False,latin
/fr/cout-de-la-vie/pologne/,cost-of-living.country,fr,move,PL,200,,0,https://livdar.com/fr/cout-de-la-vie/pologne/,0.246,0.246,59347,2,True,"index, follow",False,https://livdar.com/fr/cout-de-la-vie/pologne/,True,True,2026-09-21T00:00:00.000Z,Coût de la vie en Pologne : ce que disent vraiment les prix,59,1,Coût de la vie en Pologne,True,152,True,8,True,True,8,0,True,True,True,True,True,True,1,1,,17,6,False,0,0,682,48,4,0,1,4,True,0,0.492,0.084,False,latin
/fr/cout-de-la-vie/portugal/,cost-of-living.country,fr,move,PT,200,,0,https://livdar.com/fr/cout-de-la-vie/portugal/,0.249,0.231,59971,2,True,"index, follow",False,https://livdar.com/fr/cout-de-la-vie/portugal/,True,True,2026-09-21T00:00:00.000Z,Coût de la vie au Portugal : ce que disent vraiment les prix,60,1,Coût de la vie au Portugal,True,151,True,10,True,True,10,0,True,True,True,True,True,True,1,1,,17,5,False,0,0,673,48,4,0,1,4,True,0,0.497,0.085,False,latin
/fr/cout-de-la-vie/roumanie/,cost-of-living.country,fr,move,RO,200,,0,https://livdar.com/fr/cout-de-la-vie/roumanie/,0.215,0.215,57824,2,True,"index, follow",False,https://livdar.com/fr/cout-de-la-vie/roumanie/,True,True,2026-09-21T00:00:00.000Z,Coût de la vie en Roumanie : ce que disent vraiment les prix,60,1,Coût de la vie en Roumanie,True,153,True,3,True,False,3,0,True,True,True,True,True,True,1,1,,17,6,False,0,0,679,48,4,0,1,4,True,0,0.497,0.085,False,latin
/fr/cout-de-la-vie/suisse/,cost-of-living.country,fr,move,CH,200,,0,https://livdar.com/fr/cout-de-la-vie/suisse/,0.28,0.279,59595,2,True,"index, follow",False,https://livdar.com/fr/cout-de-la-vie/suisse/,True,True,2026-09-21T00:00:00.000Z,Coût de la vie en Suisse : ce que disent vraiment les prix,58,1,Coût de la vie en Suisse,True,152,True,9,True,True,9,0,True,True,True,True,True,True,1,1,,16,5,False,0,0,676,46,4,0,1,4,True,0,0.475,0.084,False,latin
/fr/cout-de-la-vie/turquie/,cost-of-living.country,fr,move,TR,200,,0,https://livdar.com/fr/cout-de-la-vie/turquie/,0.223,0.223,59388,2,True,"index, follow",False,https://livdar.com/fr/cout-de-la-vie/turquie/,True,True,2026-09-21T00:00:00.000Z,Coût de la vie en Turquie : ce que disent vraiment les prix,59,1,Coût de la vie en Turquie,True,152,True,8,True,True,8,0,True,True,True,True,True,True,1,1,,17,5,False,0,0,679,46,4,0,1,4,True,0,0.475,0.083,False,latin
/fr/jours-feries/belgique/,events.country-holidays,fr,pulse,BE,200,,0,https://livdar.com/fr/jours-feries/belgique/,0.257,0.256,57524,2,True,"index, follow",False,https://livdar.com/fr/jours-feries/belgique/,True,True,2026-09-21T00:00:00.000Z,"Belgique : jours fériés 2026, et où chacun s’applique",53,1,Belgique : jours fériés 2026,True,134,True,2,True,False,2,0,True,True,True,True,True,True,1,1,,16,6,False,0,0,640,62,4,0,1,4,True,0,0.494,0.065,False,latin
/fr/jours-feries/france/,events.country-holidays,fr,pulse,FR,200,,0,https://livdar.com/fr/jours-feries/france/,0.271,0.271,63848,2,True,"index, follow",False,https://livdar.com/fr/jours-feries/france/,True,True,2026-09-21T00:00:00.000Z,"France : jours fériés 2026, et où chacun s’applique",51,1,France : jours fériés 2026,True,132,True,5,True,False,5,0,True,True,True,True,True,True,1,1,,17,8,False,0,0,802,90,4,0,1,4,True,0,0.391,0.056,False,latin
/fr/jours-feries/geneve/,events.subdivision-holidays,fr,pulse,CH-GE,200,,0,https://livdar.com/fr/jours-feries/geneve/,0.2,0.199,55866,2,True,"index, follow",False,https://livdar.com/fr/jours-feries/geneve/,True,True,2026-09-21T00:00:00.000Z,"Genève : jours fériés 2026, et combien de plus que dans le reste du pays",72,1,Genève : jours fériés 2026,True,121,True,1,True,False,1,0,True,True,True,True,True,True,1,1,,16,6,False,0,0,639,57,4,0,1,4,True,0,0.33,0.047,False,latin
/fr/jours-feries/guadeloupe/,events.subdivision-holidays,fr,pulse,FR-GP,200,,0,https://livdar.com/fr/jours-feries/guadeloupe/,0.228,0.228,57266,2,True,"index, follow",False,https://livdar.com/fr/jours-feries/guadeloupe/,True,True,2026-09-21T00:00:00.000Z,Guadeloupe : jours fériés 2026,30,1,Guadeloupe : jours fériés 2026,True,126,True,1,True,False,1,0,True,True,True,True,True,True,1,1,,16,6,False,0,0,691,72,4,0,1,4,True,0,0.33,0.046,False,latin
/fr/jours-feries/luxembourg/,events.country-holidays,fr,pulse,LU,200,,0,https://livdar.com/fr/jours-feries/luxembourg/,0.249,0.248,57187,2,True,"index, follow",False,https://livdar.com/fr/jours-feries/luxembourg/,True,True,2026-09-21T00:00:00.000Z,"Luxembourg : jours fériés 2026, et où chacun s’applique",55,1,Luxembourg : jours fériés 2026,True,136,True,1,True,False,1,0,True,True,True,True,True,True,1,1,,16,5,False,0,0,650,56,4,0,1,4,True,0,0.494,0.063,False,latin
/fr/ou-loger/barcelone/,neighbourhoods.city-where-to-stay,fr,areas,3128760,200,,0,https://livdar.com/fr/ou-loger/barcelone/,0.23,0.229,75322,2,True,"index, follow",False,https://livdar.com/fr/ou-loger/barcelone/,True,True,2026-09-21T00:00:00.000Z,Quartiers de Barcelone : où ils sont et à qu'elle distance du centre,68,1,Quartiers de Barcelone,True,142,True,5,True,True,5,0,True,True,True,True,True,True,1,1,,15,8,False,0,0,972,168,4,0,1,4,True,0,0.202,0.047,False,latin
/fr/ou-loger/londres/,neighbourhoods.city-where-to-stay,fr,areas,2643743,200,,0,https://livdar.com/fr/ou-loger/londres/,0.211,0.208,72684,2,True,"index, follow",False,https://livdar.com/fr/ou-loger/londres/,True,True,2026-09-21T00:00:00.000Z,Quartiers de Londres : où ils sont et à qu'elle distance du centre,66,1,Quartiers de Londres,True,140,True,8,True,True,8,0,True,True,True,True,True,True,1,1,,15,7,False,0,0,870,149,4,0,1,4,True,0,0.244,0.051,False,latin
/fr/ou-loger/new-york/,neighbourhoods.city-where-to-stay,fr,areas,5128581,200,,0,https://livdar.com/fr/ou-loger/new-york/,0.239,0.239,76428,2,True,"index, follow",False,https://livdar.com/fr/ou-loger/new-york/,True,True,2026-09-21T00:00:00.000Z,Quartiers de New York : où ils sont et à qu'elle distance du centre,67,1,Quartiers de New York,True,141,True,8,True,True,8,0,True,True,True,True,True,True,1,1,,15,7,False,0,0,946,173,4,0,1,4,True,0,0.323,0.054,False,latin
/fr/ou-loger/paris/,neighbourhoods.city-where-to-stay,fr,areas,2988507,200,,0,https://livdar.com/fr/ou-loger/paris/,0.237,0.236,61599,2,True,"index, follow",False,https://livdar.com/fr/ou-loger/paris/,True,True,2026-09-21T00:00:00.000Z,Quartiers de Paris : où ils sont et à qu'elle distance du centre,64,1,Quartiers de Paris,True,138,True,8,True,True,8,0,True,True,True,True,True,True,1,1,,16,8,False,0,0,721,76,4,0,1,4,True,0,0.244,0.056,False,latin
/fr/outils/budget-voyage/,tools.calculator,fr,tools,travel-budget,200,,0,https://livdar.com/fr/outils/budget-voyage/,0.23,0.23,64117,2,True,"index, follow",False,https://livdar.com/fr/outils/budget-voyage/,True,True,2026-09-21T00:00:00.000Z,Budget voyage : sur des données mesurées,40,1,Budget voyage,True,154,True,7,True,True,7,0,True,True,True,True,True,True,1,1,,15,36,False,0,0,674,37,4,1,1,4,True,0,0.222,0.046,False,latin
/fr/outils/calculateur-de-salaire/,tools.calculator,fr,tools,salary-calculator,200,1,0,https://livdar.com/fr/outils/calculateur-de-salaire/,0.223,0.222,62901,2,True,"index, follow",False,https://livdar.com/fr/outils/calculateur-de-salaire/,True,True,2026-09-21T00:00:00.000Z,Calculateur de salaire : sur des données mesurées,49,1,Calculateur de salaire,True,150,True,10,True,True,10,0,True,True,True,True,True,True,1,1,,16,34,False,0,0,590,50,4,0,1,4,True,0,0.222,0.049,False,latin
/fr/outils/calculer-son-loyer-maximum/,tools.calculator,fr,tools,rent-affordability,200,,0,https://livdar.com/fr/outils/calculer-son-loyer-maximum/,0.209,0.209,57296,2,True,"index, follow",False,https://livdar.com/fr/outils/calculer-son-loyer-maximum/,True,True,2026-09-21T00:00:00.000Z,Calculer son loyer maximum : sur des données mesurées,53,1,Calculer son loyer maximum,True,154,True,6,True,True,6,0,True,True,True,True,True,True,1,1,,16,35,False,0,0,578,39,4,1,1,4,True,0,0.192,0.049,False,latin
/fr/outils/comparateur-cout-de-la-vie/,tools.cost-comparison,fr,tools,cost-of-living-comparison,200,,0,https://livdar.com/fr/outils/comparateur-cout-de-la-vie/,0.303,0.303,64344,2,True,"index, follow",False,https://livdar.com/fr/outils/comparateur-cout-de-la-vie/,True,True,2026-09-21T00:00:00.000Z,Comparateur cout de la vie : sur des données mesurées,53,1,Comparateur cout de la vie,True,167,True,5,True,True,5,0,True,True,True,True,True,True,1,1,,15,27,False,0,0,676,37,4,1,1,4,True,0,0.048,0.038,False,latin
/fr/outils/cout-demenagement/,tools.calculator,fr,tools,moving-cost,200,,0,https://livdar.com/fr/outils/cout-demenagement/,0.26,0.26,58858,2,True,"index, follow",False,https://livdar.com/fr/outils/cout-demenagement/,True,True,2026-09-21T00:00:00.000Z,Cout demenagement : sur des données mesurées,44,1,Cout demenagement,True,143,True,9,True,True,9,0,True,True,True,True,True,True,1,1,,16,3,False,0,0,575,53,4,0,1,4,True,0,0.192,0.059,False,latin
/fr/outils/ou-dormir/,tools.matcher,fr,tools,where-should-i-stay,200,,0,https://livdar.com/fr/outils/ou-dormir/,0.225,0.224,98563,2,True,"index, follow",False,https://livdar.com/fr/outils/ou-dormir/,True,True,2026-09-21T00:00:00.000Z,Ou dormir : sur des données mesurées,36,1,Ou dormir,True,137,True,9,True,True,9,0,True,True,True,True,True,True,1,1,,15,22,False,0,0,655,25,4,0,1,5,True,0,0.147,0.047,False,latin
/fr/outils/ou-sexpatrier/,tools.matcher,fr,tools,destination-matcher,200,,0,https://livdar.com/fr/outils/ou-sexpatrier/,0.209,0.208,64686,2,True,"index, follow",False,https://livdar.com/fr/outils/ou-sexpatrier/,True,True,2026-09-21T00:00:00.000Z,Ou s'expatrier : sur des données mesurées,41,1,Ou s'expatrier,True,168,True,9,True,True,9,0,True,True,True,True,True,True,1,1,,16,9,False,0,0,656,57,4,0,1,5,True,0,0.444,0.058,False,latin
/fr/outils/ou-vivre/,tools.matcher,fr,tools,where-should-i-live,200,,0,https://livdar.com/fr/outils/ou-vivre/,0.199,0.199,63814,2,True,"index, follow",False,https://livdar.com/fr/outils/ou-vivre/,True,True,2026-09-21T00:00:00.000Z,Ou vivre : sur des données mesurées,35,1,Ou vivre,True,160,True,9,True,True,9,0,True,True,True,True,True,True,1,1,,15,5,False,0,0,630,57,4,0,1,5,True,0,0.444,0.058,False,latin
/fr/quand-partir/costa-rica/,weather.country-best-time,fr,climate,CR,200,,0,https://livdar.com/fr/quand-partir/costa-rica/,0.537,0.537,59631,2,True,"index, follow",False,https://livdar.com/fr/quand-partir/costa-rica/,True,True,2026-09-21T00:00:00.000Z,"Quand partir au Costa Rica: les mois, ville par ville",53,1,Quand partir au Costa Rica,True,181,True,4,True,True,4,0,True,True,True,True,True,True,1,1,,16,11,False,0,0,705,45,4,0,1,4,True,0,0.461,0.125,False,latin
/fr/quand-partir/japon/,weather.country-best-time,fr,climate,JP,200,,0,https://livdar.com/fr/quand-partir/japon/,0.257,0.257,59675,2,True,"index, follow",False,https://livdar.com/fr/quand-partir/japon/,True,True,2026-09-21T00:00:00.000Z,"Quand partir au Japon: les mois, ville par ville",48,1,Quand partir au Japon,True,166,True,4,True,True,4,0,True,True,True,True,True,True,1,1,,17,12,False,0,0,740,47,4,0,1,4,True,0,0.41,0.117,False,latin
/fr/quand-partir/mexique/,weather.country-best-time,fr,climate,MX,200,,0,https://livdar.com/fr/quand-partir/mexique/,0.277,0.276,59130,2,True,"index, follow",False,https://livdar.com/fr/quand-partir/mexique/,True,True,2026-09-21T00:00:00.000Z,"Quand partir au Mexique: les mois, ville par ville",50,1,Quand partir au Mexique,True,172,True,2,True,False,2,0,True,True,True,True,True,True,1,1,,16,7,False,0,0,721,46,4,0,1,4,True,0,0.447,0.125,False,latin
/fr/quand-partir/thailande/,weather.country-best-time,fr,climate,TH,200,,0,https://livdar.com/fr/quand-partir/thailande/,0.262,0.261,60121,2,True,"index, follow",False,https://livdar.com/fr/quand-partir/thailande/,True,True,2026-09-21T00:00:00.000Z,"Quand partir en Thaïlande: les mois, ville par ville",52,1,Quand partir en Thaïlande,True,180,True,4,True,True,4,0,True,True,True,True,True,True,1,1,,16,7,False,0,0,722,46,4,0,1,4,True,0,0.472,0.126,False,latin
/fr/quand-partir/viet-nam/,weather.country-best-time,fr,climate,VN,200,,0,https://livdar.com/fr/quand-partir/viet-nam/,0.198,0.198,60216,2,True,"index, follow",False,https://livdar.com/fr/quand-partir/viet-nam/,True,True,2026-09-21T00:00:00.000Z,"Quand partir au Vietnam: les mois, ville par ville",50,1,Quand partir au Vietnam,True,174,True,5,True,True,5,0,True,True,True,True,True,True,1,1,,16,7,False,0,0,727,46,4,0,1,4,True,0,0.472,0.125,False,latin
/fr/salaires/allemagne/,work.country-salaries,fr,work,DE,200,1,0,https://livdar.com/fr/salaires/allemagne/,0.229,0.228,54232,2,True,"index, follow",False,https://livdar.com/fr/salaires/allemagne/,True,True,2026-09-21T00:00:00.000Z,"Salaire moyen Allemagne : brut, net et salaire minimum",54,1,Salaire moyen Allemagne,True,175,True,7,True,True,7,0,True,True,True,True,True,True,1,1,,17,13,False,0,0,580,45,4,0,1,4,True,0,0.435,0.106,False,latin
/fr/salaires/danemark/,work.country-salaries,fr,work,DK,200,,0,https://livdar.com/fr/salaires/danemark/,0.345,0.345,53646,2,True,"index, follow",False,https://livdar.com/fr/salaires/danemark/,True,True,2026-09-21T00:00:00.000Z,"Salaire moyen Danemark : brut, net et salaire minimum",53,1,Salaire moyen Danemark,True,174,True,6,True,True,6,0,True,True,True,True,True,True,1,1,,17,10,False,0,0,590,37,4,0,1,4,True,0,0.458,0.104,False,latin
/fr/salaires/espagne/,work.country-salaries,fr,work,ES,200,,0,https://livdar.com/fr/salaires/espagne/,0.587,0.586,54019,2,True,"index, follow",False,https://livdar.com/fr/salaires/espagne/,True,True,2026-09-21T00:00:00.000Z,"Salaire moyen Espagne : brut, net et salaire minimum",52,1,Salaire moyen Espagne,True,173,True,7,True,True,7,0,True,True,True,True,True,True,1,1,,17,10,False,0,0,581,45,4,0,1,4,True,0,0.441,0.106,False,latin
/fr/salaires/france/,work.country-salaries,fr,work,FR,200,1,0,https://livdar.com/fr/salaires/france/,0.237,0.237,53447,2,True,"index, follow",False,https://livdar.com/fr/salaires/france/,True,True,2026-09-21T00:00:00.000Z,"Salaire moyen France : brut, net et salaire minimum",51,1,Salaire moyen France,True,172,True,5,True,True,5,0,True,True,True,True,True,True,1,1,,17,7,False,0,0,582,46,4,0,1,4,True,0,0.441,0.105,False,latin
/fr/salaires/italie/,work.country-salaries,fr,work,IT,200,,0,https://livdar.com/fr/salaires/italie/,0.543,0.542,53131,2,True,"index, follow",False,https://livdar.com/fr/salaires/italie/,True,True,2026-09-21T00:00:00.000Z,"Salaire moyen Italie : brut, net et salaire minimum",51,1,Salaire moyen Italie,True,172,True,5,True,True,5,0,True,True,True,True,True,True,1,1,,17,5,False,0,0,589,37,4,0,1,4,True,0,0.458,0.105,False,latin
/fr/salaires/luxembourg/,work.country-salaries,fr,work,LU,200,,0,https://livdar.com/fr/salaires/luxembourg/,0.628,0.628,53026,2,True,"index, follow",False,https://livdar.com/fr/salaires/luxembourg/,True,True,2026-09-21T00:00:00.000Z,"Salaire moyen Luxembourg : brut, net et salaire minimum",55,1,Salaire moyen Luxembourg,True,176,True,3,True,True,3,0,True,True,True,True,True,True,1,1,,16,6,False,0,0,559,44,4,0,1,4,True,0,0.385,0.101,False,latin
/fr/salaires/pologne/,work.country-salaries,fr,work,PL,200,,0,https://livdar.com/fr/salaires/pologne/,0.363,0.362,54048,2,True,"index, follow",False,https://livdar.com/fr/salaires/pologne/,True,True,2026-09-21T00:00:00.000Z,"Salaire moyen Pologne : brut, net et salaire minimum",52,1,Salaire moyen Pologne,True,173,True,7,True,True,7,0,True,True,True,True,True,True,1,1,,17,7,False,0,0,582,45,4,0,1,4,True,0,0.46,0.106,False,latin
/fr/salaires/portugal/,work.country-salaries,fr,work,PT,200,,0,https://livdar.com/fr/salaires/portugal/,0.321,0.32,53260,2,True,"index, follow",False,https://livdar.com/fr/salaires/portugal/,True,True,2026-09-21T00:00:00.000Z,"Salaire moyen Portugal : brut, net et salaire minimum",53,1,Salaire moyen Portugal,True,174,True,4,True,True,4,0,True,True,True,True,True,True,1,1,,17,7,False,0,0,581,45,4,0,1,4,True,0,0.46,0.106,False,latin
/fr/salaires/roumanie/,work.country-salaries,fr,work,RO,200,,0,https://livdar.com/fr/salaires/roumanie/,0.307,0.306,53044,2,True,"index, follow",False,https://livdar.com/fr/salaires/roumanie/,True,True,2026-09-21T00:00:00.000Z,"Salaire moyen Roumanie : brut, net et salaire minimum",53,1,Salaire moyen Roumanie,True,174,True,4,True,True,4,0,True,True,True,True,True,True,1,1,,17,7,False,0,0,569,40,4,0,1,4,True,0,0.442,0.105,False,latin
/fr/sport/courir-a-lyon/,sport.city-season,fr,sport,2996944:running,200,,0,https://livdar.com/fr/sport/courir-a-lyon/,0.207,0.206,57129,2,True,"index, follow",False,https://livdar.com/fr/sport/courir-a-lyon/,True,True,2026-09-21T00:00:00.000Z,Courir à Lyon : les mois où la météo le permet,46,1,Courir à Lyon,True,161,True,1,True,False,1,0,True,True,True,True,True,True,1,1,,16,9,False,0,0,639,46,4,0,1,4,True,0,0.548,0.11,False,latin
/fr/sport/courir-a-paris/,sport.city-season,fr,sport,2988507:running,200,,0,https://livdar.com/fr/sport/courir-a-paris/,0.234,0.234,57673,2,True,"index, follow",False,https://livdar.com/fr/sport/courir-a-paris/,True,True,2026-09-21T00:00:00.000Z,Courir à Paris : les mois où la météo le permet,47,1,Courir à Paris,True,162,True,1,True,False,1,0,True,True,True,True,True,True,1,1,,16,8,False,0,0,652,46,4,0,1,4,True,0,0.432,0.104,False,latin
/fr/sport/randonnee-nice/,sport.city-season,fr,sport,2990440:hiking,200,,0,https://livdar.com/fr/sport/randonnee-nice/,0.207,0.207,58085,2,True,"index, follow",False,https://livdar.com/fr/sport/randonnee-nice/,True,True,2026-09-21T00:00:00.000Z,Randonnée à Nice : les mois où la météo le permet,49,1,Randonnée à Nice,True,165,True,1,True,False,1,0,True,True,True,True,True,True,1,1,,16,4,False,0,0,660,46,4,0,1,4,True,0,0.444,0.101,False,latin
/fr/sport/randonnee-pres-de-lyon/,sport.city-season,fr,sport,2996944:hiking,200,,0,https://livdar.com/fr/sport/randonnee-pres-de-lyon/,0.227,0.227,57975,2,True,"index, follow",False,https://livdar.com/fr/sport/randonnee-pres-de-lyon/,True,True,2026-09-21T00:00:00.000Z,Randonnée à Lyon : les mois où la météo le permet,49,1,Randonnée à Lyon,True,164,True,1,True,False,1,0,True,True,True,True,True,True,1,1,,16,4,False,0,0,655,46,4,0,1,4,True,0,0.548,0.11,False,latin
/fr/sport/velo-a-paris/,sport.city-season,fr,sport,2988507:cycling,200,,0,https://livdar.com/fr/sport/velo-a-paris/,0.276,0.276,58858,2,True,"index, follow",False,https://livdar.com/fr/sport/velo-a-paris/,True,True,2026-09-21T00:00:00.000Z,Vélo à Paris : les mois où la météo le permet,45,1,Vélo à Paris,True,160,True,1,True,False,1,0,True,True,True,True,True,True,1,1,,16,5,False,0,0,698,60,4,0,1,4,True,0,0.383,0.094,False,latin
/it/aumento-affitti/italia/,rents.country-inflation,it,stay,IT,200,1,0,https://livdar.com/it/aumento-affitti/italia/,0.218,0.217,58658,2,True,"index, follow",False,https://livdar.com/it/aumento-affitti/italia/,True,True,2026-09-21T00:00:00.000Z,"Aumento degli affitti in Italia, 2025: l'indice pubblicato e la posizione",73,1,Aumento degli affitti in Italia nel 2025,True,154,True,1,True,False,1,0,True,True,True,True,True,True,1,1,,17,7,False,0,0,670,79,4,0,1,4,True,0,0.065,0.049,False,latin
/it/classifiche/paesi-dove-si-vive-con-poco/,rankings.index,it,tools,cheapest-countries,200,,0,https://livdar.com/it/classifiche/paesi-dove-si-vive-con-poco/,0.235,0.234,72510,2,True,"index, follow",False,https://livdar.com/it/classifiche/paesi-dove-si-vive-con-poco/,True,True,2026-09-21T00:00:00.000Z,I paesi più economici in cui vivere: la classifica misurata,59,1,I paesi più economici in cui vivere,True,189,True,10,True,True,10,0,True,True,True,True,True,True,1,1,,16,24,False,0,0,708,167,4,0,1,4,True,0,0.175,0.052,False,latin
/it/costo-della-vita/albania/,cost-of-living.country,it,move,AL,200,,0,https://livdar.com/it/costo-della-vita/albania/,0.293,0.293,58097,2,True,"index, follow",False,https://livdar.com/it/costo-della-vita/albania/,True,True,2026-09-21T00:00:00.000Z,Costo della vita in Albania: che cosa dicono davvero i prezzi,61,1,Costo della vita in Albania,True,157,True,5,True,True,5,0,True,True,True,True,True,True,1,1,,16,11,False,0,0,645,51,4,0,1,4,True,0,0.435,0.08,False,latin
/it/costo-della-vita/australia/,cost-of-living.country,it,move,AU,200,,0,https://livdar.com/it/costo-della-vita/australia/,0.252,0.252,54850,2,True,"index, follow",False,https://livdar.com/it/costo-della-vita/australia/,True,True,2026-09-21T00:00:00.000Z,Costo della vita in Australia: che cosa dicono davvero i prezzi,63,1,Costo della vita in Australia,True,158,True,8,True,True,8,0,True,True,True,True,True,True,1,1,,17,8,False,0,0,568,26,4,0,1,4,True,0,0.599,0.064,False,latin
/it/costo-della-vita/bulgaria/,cost-of-living.country,it,move,BG,200,,0,https://livdar.com/it/costo-della-vita/bulgaria/,0.215,0.215,58697,2,True,"index, follow",False,https://livdar.com/it/costo-della-vita/bulgaria/,True,True,2026-09-21T00:00:00.000Z,Costo della vita in Bulgaria: che cosa dicono davvero i prezzi,62,1,Costo della vita in Bulgaria,True,158,True,6,True,False,6,0,True,True,True,True,True,True,1,1,,16,9,False,0,0,648,48,4,0,1,4,True,0,0.449,0.08,False,latin
/it/costo-della-vita/cina/,cost-of-living.country,it,move,CN,200,,0,https://livdar.com/it/costo-della-vita/cina/,0.225,0.224,52926,2,True,"index, follow",False,https://livdar.com/it/costo-della-vita/cina/,True,True,2026-09-21T00:00:00.000Z,Costo della vita in Cina: che cosa dicono davvero i prezzi,58,1,Costo della vita in Cina,True,154,True,3,True,True,3,0,True,True,True,True,True,True,1,1,,17,5,False,0,0,566,26,4,0,1,4,True,0,0.599,0.064,False,latin
/it/costo-della-vita/cipro/,cost-of-living.country,it,move,CY,200,,0,https://livdar.com/it/costo-della-vita/cipro/,0.251,0.251,58052,2,True,"index, follow",False,https://livdar.com/it/costo-della-vita/cipro/,True,True,2026-09-21T00:00:00.000Z,Costo della vita a Cipro: che cosa dicono davvero i prezzi,58,1,Costo della vita a Cipro,True,155,True,5,True,True,5,0,True,True,True,True,True,True,1,1,,15,9,False,0,0,642,48,4,0,1,4,True,0,0.446,0.08,False,latin
/it/costo-della-vita/croazia/,cost-of-living.country,it,move,HR,200,,0,https://livdar.com/it/costo-della-vita/croazia/,0.253,0.253,58909,2,True,"index, follow",False,https://livdar.com/it/costo-della-vita/croazia/,True,True,2026-09-21T00:00:00.000Z,Costo della vita in Croazia: che cosa dicono davvero i prezzi,61,1,Costo della vita in Croazia,True,157,True,7,True,True,7,0,True,True,True,True,True,True,1,1,,15,8,False,0,0,643,48,4,0,1,4,True,0,0.461,0.081,False,latin
/it/costo-della-vita/danimarca/,cost-of-living.country,it,move,DK,200,,0,https://livdar.com/it/costo-della-vita/danimarca/,0.238,0.237,59896,2,True,"index, follow",False,https://livdar.com/it/costo-della-vita/danimarca/,True,True,2026-09-21T00:00:00.000Z,Costo della vita in Danimarca: che cosa dicono davvero i prezzi,63,1,Costo della vita in Danimarca,True,160,True,10,True,True,10,0,True,True,True,True,True,True,1,1,,16,9,False,0,0,645,48,4,0,1,4,True,0,0.448,0.079,False,latin
/it/costo-della-vita/germania/,cost-of-living.country,it,move,DE,200,,0,https://livdar.com/it/costo-della-vita/germania/,0.264,0.263,59405,2,True,"index, follow",False,https://livdar.com/it/costo-della-vita/germania/,True,True,2026-09-21T00:00:00.000Z,Costo della vita in Germania: che cosa dicono davvero i prezzi,62,1,Costo della vita in Germania,True,159,True,9,True,True,9,0,True,True,True,True,True,True,1,1,,16,9,False,0,0,640,48,4,0,1,4,True,0,0.448,0.079,False,latin
/it/costo-della-vita/giappone/,cost-of-living.country,it,move,JP,200,,0,https://livdar.com/it/costo-della-vita/giappone/,0.221,0.221,55471,2,True,"index, follow",False,https://livdar.com/it/costo-della-vita/giappone/,True,True,2026-09-21T00:00:00.000Z,Costo della vita in Giappone: che cosa dicono davvero i prezzi,62,1,Costo della vita in Giappone,True,156,True,8,True,True,8,0,True,True,True,True,True,True,1,1,,15,5,False,0,0,579,26,4,0,1,4,True,0,0.385,0.077,False,latin
/it/costo-della-vita/grecia/,cost-of-living.country,it,move,GR,200,,0,https://livdar.com/it/costo-della-vita/grecia/,0.234,0.233,59277,2,True,"index, follow",False,https://livdar.com/it/costo-della-vita/grecia/,True,True,2026-09-21T00:00:00.000Z,Costo della vita in Grecia: che cosa dicono davvero i prezzi,60,1,Costo della vita in Grecia,True,154,True,9,True,True,9,0,True,True,True,True,True,True,1,1,,15,6,False,0,0,639,48,4,0,1,4,True,0,0.452,0.081,False,latin
/it/costo-della-vita/islanda/,cost-of-living.country,it,move,IS,200,,0,https://livdar.com/it/costo-della-vita/islanda/,0.216,0.216,58288,2,True,"index, follow",False,https://livdar.com/it/costo-della-vita/islanda/,True,True,2026-09-21T00:00:00.000Z,Costo della vita in Islanda: che cosa dicono davvero i prezzi,61,1,Costo della vita in Islanda,True,158,True,5,True,True,5,0,True,True,True,True,True,True,1,1,,15,6,False,0,0,647,48,4,0,1,4,True,0,0.439,0.08,False,latin
/it/costo-della-vita/italia/,cost-of-living.country,it,move,IT,200,,0,https://livdar.com/it/costo-della-vita/italia/,0.364,0.364,59262,2,True,"index, follow",False,https://livdar.com/it/costo-della-vita/italia/,True,True,2026-09-21T00:00:00.000Z,Costo della vita in Italia: che cosa dicono davvero i prezzi,60,1,Costo della vita in Italia,True,156,True,9,True,True,9,0,True,True,True,True,True,True,1,1,,16,9,False,0,0,643,48,4,0,1,4,True,0,0.43,0.079,False,latin
/it/costo-della-vita/malta/,cost-of-living.country,it,move,MT,200,,0,https://livdar.com/it/costo-della-vita/malta/,0.288,0.287,59523,2,True,"index, follow",False,https://livdar.com/it/costo-della-vita/malta/,True,True,2026-09-21T00:00:00.000Z,Costo della vita a Malta: che cosa dicono davvero i prezzi,58,1,Costo della vita a Malta,True,155,True,10,True,True,10,0,True,True,True,True,True,True,1,1,,15,6,False,0,0,641,48,4,0,1,4,True,0,0.448,0.081,False,latin
/it/costo-della-vita/norvegia/,cost-of-living.country,it,move,NO,200,,0,https://livdar.com/it/costo-della-vita/norvegia/,0.261,0.26,59604,2,True,"index, follow",False,https://livdar.com/it/costo-della-vita/norvegia/,True,True,2026-09-21T00:00:00.000Z,Costo della vita in Norvegia: che cosa dicono davvero i prezzi,62,1,Costo della vita in Norvegia,True,159,True,9,True,True,9,0,True,True,True,True,True,True,1,1,,15,6,False,0,0,648,48,4,0,1,4,True,0,0.448,0.08,False,latin
/it/costo-della-vita/polonia/,cost-of-living.country,it,move,PL,200,,0,https://livdar.com/it/costo-della-vita/polonia/,0.249,0.249,59175,2,True,"index, follow",False,https://livdar.com/it/costo-della-vita/polonia/,True,True,2026-09-21T00:00:00.000Z,Costo della vita in Polonia: che cosa dicono davvero i prezzi,61,1,Costo della vita in Polonia,True,157,True,8,True,True,8,0,True,True,True,True,True,True,1,1,,16,7,False,0,0,645,48,4,0,1,4,True,0,0.453,0.079,False,latin
/it/costo-della-vita/portogallo/,cost-of-living.country,it,move,PT,200,,0,https://livdar.com/it/costo-della-vita/portogallo/,0.254,0.254,59906,2,True,"index, follow",False,https://livdar.com/it/costo-della-vita/portogallo/,True,True,2026-09-21T00:00:00.000Z,Costo della vita in Portogallo: che cosa dicono davvero i prezzi,64,1,Costo della vita in Portogallo,True,158,True,10,True,True,10,0,True,True,True,True,True,True,1,1,,15,6,False,0,0,638,48,4,0,1,4,True,0,0.446,0.081,False,latin
/it/costo-della-vita/romania/,cost-of-living.country,it,move,RO,200,,0,https://livdar.com/it/costo-della-vita/romania/,0.226,0.225,57477,2,True,"index, follow",False,https://livdar.com/it/costo-della-vita/romania/,True,True,2026-09-21T00:00:00.000Z,Costo della vita in Romania: che cosa dicono davvero i prezzi,61,1,Costo della vita in Romania,True,157,True,3,True,False,3,0,True,True,True,True,True,True,1,1,,16,7,False,0,0,639,48,4,0,1,4,True,0,0.453,0.08,False,latin
/it/costo-della-vita/spagna/,cost-of-living.country,it,move,ES,200,,0,https://livdar.com/it/costo-della-vita/spagna/,0.281,0.281,59536,2,True,"index, follow",False,https://livdar.com/it/costo-della-vita/spagna/,True,True,2026-09-21T00:00:00.000Z,Costo della vita in Spagna: che cosa dicono davvero i prezzi,60,1,Costo della vita in Spagna,True,156,True,10,True,True,10,0,True,True,True,True,True,True,1,1,,16,7,False,0,0,638,48,4,0,1,4,True,0,0.448,0.08,False,latin
/it/costo-della-vita/svezia/,cost-of-living.country,it,move,SE,200,,0,https://livdar.com/it/costo-della-vita/svezia/,0.207,0.207,59043,2,True,"index, follow",False,https://livdar.com/it/costo-della-vita/svezia/,True,True,2026-09-21T00:00:00.000Z,Costo della vita in Svezia: che cosa dicono davvero i prezzi,60,1,Costo della vita in Svezia,True,155,True,8,True,True,8,0,True,True,True,True,True,True,1,1,,15,6,False,0,0,635,48,4,0,1,4,True,0,0.44,0.081,False,latin
/it/costo-della-vita/svizzera/,cost-of-living.country,it,move,CH,200,,0,https://livdar.com/it/costo-della-vita/svizzera/,0.199,0.199,59476,2,True,"index, follow",False,https://livdar.com/it/costo-della-vita/svizzera/,True,True,2026-09-21T00:00:00.000Z,Costo della vita in Svizzera: che cosa dicono davvero i prezzi,62,1,Costo della vita in Svizzera,True,159,True,9,True,True,9,0,True,True,True,True,True,True,1,1,,16,7,False,0,0,640,48,4,0,1,4,True,0,0.439,0.078,False,latin
/it/costo-della-vita/turchia/,cost-of-living.country,it,move,TR,200,,0,https://livdar.com/it/costo-della-vita/turchia/,0.298,0.298,59123,2,True,"index, follow",False,https://livdar.com/it/costo-della-vita/turchia/,True,True,2026-09-21T00:00:00.000Z,Costo della vita in Turchia: che cosa dicono davvero i prezzi,61,1,Costo della vita in Turchia,True,157,True,8,True,True,8,0,True,True,True,True,True,True,1,1,,15,6,False,0,0,637,46,4,0,1,4,True,0,0.456,0.08,False,latin
/it/costo-della-vita/ungheria/,cost-of-living.country,it,move,HU,200,,0,https://livdar.com/it/costo-della-vita/ungheria/,0.277,0.277,57845,2,True,"index, follow",False,https://livdar.com/it/costo-della-vita/ungheria/,True,True,2026-09-21T00:00:00.000Z,Costo della vita in Ungheria: che cosa dicono davvero i prezzi,62,1,Costo della vita in Ungheria,True,158,True,4,True,False,4,0,True,True,True,True,True,True,1,1,,16,6,False,0,0,638,48,4,0,1,4,True,0,0.461,0.081,False,latin
/it/giorni-festivi/francia/,events.country-holidays,it,pulse,FR,200,,0,https://livdar.com/it/giorni-festivi/francia/,0.284,0.283,62779,2,True,"index, follow",False,https://livdar.com/it/giorni-festivi/francia/,True,True,2026-09-21T00:00:00.000Z,"Francia: giorni festivi 2026, e dove vale ciascuno",50,1,Francia: giorni festivi 2026,True,130,True,5,True,False,5,0,True,True,True,True,True,True,1,1,,16,7,False,0,0,753,87,4,0,1,4,True,0,0.313,0.049,False,latin
/it/giorni-festivi/italia/,events.country-holidays,it,pulse,IT,200,,0,https://livdar.com/it/giorni-festivi/italia/,0.241,0.24,64151,2,True,"index, follow",False,https://livdar.com/it/giorni-festivi/italia/,True,True,2026-09-21T00:00:00.000Z,"Italia: giorni festivi 2026, e dove vale ciascuno",49,1,Italia: giorni festivi 2026,True,129,True,2,True,False,2,0,True,True,True,True,True,True,1,1,,17,9,False,0,0,809,97,4,0,1,4,True,0,0.313,0.048,False,latin
/it/giorni-festivi/lombardia/,events.subdivision-holidays,it,pulse,IT-LO,200,,0,https://livdar.com/it/giorni-festivi/lombardia/,0.225,0.224,57331,2,True,"index, follow",False,https://livdar.com/it/giorni-festivi/lombardia/,True,True,2026-09-21T00:00:00.000Z,"Lombardia: giorni festivi 2026, e quanti più del resto del paese",64,1,Lombardia: giorni festivi 2026,True,125,True,1,True,False,1,0,True,True,True,True,True,True,1,1,,17,6,False,0,0,679,61,4,0,1,4,True,0,0.045,0.036,False,latin
/it/giorni-festivi/svizzera/,events.country-holidays,it,pulse,CH,200,1,0,https://livdar.com/it/giorni-festivi/svizzera/,0.291,0.29,75252,2,True,"index, follow",False,https://livdar.com/it/giorni-festivi/svizzera/,True,True,2026-09-21T00:00:00.000Z,"Svizzera: giorni festivi 2026, e dove vale ciascuno",51,1,Svizzera: giorni festivi 2026,True,130,True,2,True,False,2,0,True,True,True,True,True,True,1,1,,17,4,False,0,0,1426,131,4,0,1,4,True,0,0.208,0.044,False,latin
/it/quando-andare/vietnam/,weather.country-best-time,it,climate,VN,200,,0,https://livdar.com/it/quando-andare/vietnam/,0.34,0.34,59166,2,True,"index, follow",False,https://livdar.com/it/quando-andare/vietnam/,True,True,2026-09-21T00:00:00.000Z,"Quando andare in Vietnam: i mesi, città per città",49,1,Quando andare in Vietnam,True,173,True,5,True,True,5,0,True,True,True,True,True,True,1,1,,16,4,False,0,0,676,46,4,0,1,4,True,0,0.069,0.062,False,latin
/it/sport/bici-a-milano/,sport.city-season,it,sport,3173435:cycling,200,,0,https://livdar.com/it/sport/bici-a-milano/,0.294,0.294,57703,2,True,"index, follow",False,https://livdar.com/it/sport/bici-a-milano/,True,True,2026-09-21T00:00:00.000Z,Bici a Milano: i mesi in cui il clima lo permette,49,1,Bici a Milano,True,157,True,1,True,False,1,0,True,True,True,True,True,True,1,1,,16,9,False,0,0,647,59,4,0,1,4,True,0,0.405,0.1,False,latin
/it/sport/correre-a-milano/,sport.city-season,it,sport,3173435:running,200,,0,https://livdar.com/it/sport/correre-a-milano/,0.22,0.22,56308,2,True,"index, follow",False,https://livdar.com/it/sport/correre-a-milano/,True,True,2026-09-21T00:00:00.000Z,Correre a Milano: i mesi in cui il clima lo permette,52,1,Correre a Milano,True,160,True,1,True,False,1,0,True,True,True,True,True,True,1,1,,16,8,False,0,0,589,45,4,0,1,4,True,0,0.552,0.113,False,latin
/it/sport/correre-a-roma/,sport.city-season,it,sport,3169070:running,200,,0,https://livdar.com/it/sport/correre-a-roma/,0.281,0.281,56743,2,True,"index, follow",False,https://livdar.com/it/sport/correre-a-roma/,True,True,2026-09-21T00:00:00.000Z,Correre a Roma: i mesi in cui il clima lo permette,50,1,Correre a Roma,True,158,True,1,True,False,1,0,True,True,True,True,True,True,1,1,,16,7,False,0,0,600,45,4,0,1,4,True,0,0.575,0.111,False,latin
/it/sport/escursioni-vicino-roma/,sport.city-season,it,sport,3169070:hiking,200,,0,https://livdar.com/it/sport/escursioni-vicino-roma/,0.241,0.241,57163,2,True,"index, follow",False,https://livdar.com/it/sport/escursioni-vicino-roma/,True,True,2026-09-21T00:00:00.000Z,Trekking a Roma: i mesi in cui il clima lo permette,51,1,Trekking a Roma,True,159,True,1,True,False,1,0,True,True,True,True,True,True,1,1,,16,7,False,0,0,605,45,4,0,1,4,True,0,0.575,0.11,False,latin
/it/sport/trekking-vicino-milano/,sport.city-season,it,sport,3173435:hiking,200,,0,https://livdar.com/it/sport/trekking-vicino-milano/,0.245,0.245,56664,2,True,"index, follow",False,https://livdar.com/it/sport/trekking-vicino-milano/,True,True,2026-09-21T00:00:00.000Z,Trekking a Milano: i mesi in cui il clima lo permette,53,1,Trekking a Milano,True,161,True,1,True,False,1,0,True,True,True,True,True,True,1,1,,16,6,False,0,0,594,45,4,0,1,4,True,0,0.552,0.113,False,latin
/it/stipendi/austria/,work.country-salaries,it,work,AT,200,,0,https://livdar.com/it/stipendi/austria/,0.28,0.28,52324,2,True,"index, follow",False,https://livdar.com/it/stipendi/austria/,True,True,2026-09-21T00:00:00.000Z,"Stipendio medio Austria: lordo, netto e salario minimo",54,1,Stipendio medio Austria,True,173,True,3,True,True,3,0,True,True,True,True,True,True,1,1,,16,10,False,0,0,533,26,4,0,1,4,True,0,0.446,0.1,False,latin
/it/stipendi/danimarca/,work.country-salaries,it,work,DK,200,,0,https://livdar.com/it/stipendi/danimarca/,0.255,0.255,53376,2,True,"index, follow",False,https://livdar.com/it/stipendi/danimarca/,True,True,2026-09-21T00:00:00.000Z,"Stipendio medio Danimarca: lordo, netto e salario minimo",56,1,Stipendio medio Danimarca,True,175,True,6,True,True,6,0,True,True,True,True,True,True,1,1,,17,10,False,0,0,544,26,4,0,1,4,True,0,0.461,0.102,False,latin
/it/stipendi/francia/,work.country-salaries,it,work,FR,200,,0,https://livdar.com/it/stipendi/francia/,0.238,0.237,53094,2,True,"index, follow",False,https://livdar.com/it/stipendi/francia/,True,True,2026-09-21T00:00:00.000Z,"Stipendio medio Francia: lordo, netto e salario minimo",54,1,Stipendio medio Francia,True,173,True,5,True,True,5,0,True,True,True,True,True,True,1,1,,16,5,False,0,0,529,32,4,0,1,4,True,0,0.42,0.1,False,latin
/it/stipendi/germania/,work.country-salaries,it,work,DE,200,,0,https://livdar.com/it/stipendi/germania/,0.266,0.266,53778,2,True,"index, follow",False,https://livdar.com/it/stipendi/germania/,True,True,2026-09-21T00:00:00.000Z,"Stipendio medio Germania: lordo, netto e salario minimo",55,1,Stipendio medio Germania,True,174,True,7,True,True,7,0,True,True,True,True,True,True,1,1,,17,5,False,0,0,539,31,4,0,1,4,True,0,0.465,0.103,False,latin
/it/stipendi/italia/,work.country-salaries,it,work,IT,200,,0,https://livdar.com/it/stipendi/italia/,0.274,0.273,52830,2,True,"index, follow",False,https://livdar.com/it/stipendi/italia/,True,True,2026-09-21T00:00:00.000Z,"Stipendio medio Italia: lordo, netto e salario minimo",53,1,Stipendio medio Italia,True,172,True,5,True,True,5,0,True,True,True,True,True,True,1,1,,17,7,False,0,0,544,27,4,0,1,4,True,0,0.461,0.101,False,latin
/it/stipendi/polonia/,work.country-salaries,it,work,PL,200,,0,https://livdar.com/it/stipendi/polonia/,0.391,0.39,53699,2,True,"index, follow",False,https://livdar.com/it/stipendi/polonia/,True,True,2026-09-21T00:00:00.000Z,"Stipendio medio Polonia: lordo, netto e salario minimo",54,1,Stipendio medio Polonia,True,173,True,7,True,True,7,0,True,True,True,True,True,True,1,1,,17,6,False,0,0,541,31,4,0,1,4,True,0,0.458,0.102,False,latin
/it/stipendi/romania/,work.country-salaries,it,work,RO,200,,0,https://livdar.com/it/stipendi/romania/,0.235,0.235,52621,2,True,"index, follow",False,https://livdar.com/it/stipendi/romania/,True,True,2026-09-21T00:00:00.000Z,"Stipendio medio Romania: lordo, netto e salario minimo",54,1,Stipendio medio Romania,True,173,True,4,True,True,4,0,True,True,True,True,True,True,1,1,,17,6,False,0,0,531,30,4,0,1,4,True,0,0.445,0.1,False,latin
/it/stipendi/spagna/,work.country-salaries,it,work,ES,200,1,0,https://livdar.com/it/stipendi/spagna/,0.386,0.385,53593,2,True,"index, follow",False,https://livdar.com/it/stipendi/spagna/,True,True,2026-09-21T00:00:00.000Z,"Stipendio medio Spagna: lordo, netto e salario minimo",53,1,Stipendio medio Spagna,True,172,True,7,True,True,7,0,True,True,True,True,True,True,1,1,,17,5,False,0,0,540,31,4,0,1,4,True,0,0.465,0.102,False,latin
/it/strumenti/calcolo-stipendio/,tools.calculator,it,tools,salary-calculator,200,,0,https://livdar.com/it/strumenti/calcolo-stipendio/,0.285,0.285,61558,2,True,"index, follow",False,https://livdar.com/it/strumenti/calcolo-stipendio/,True,True,2026-09-21T00:00:00.000Z,Calcolo stipendio: su dati misurati,35,1,Calcolo stipendio,True,133,True,10,True,True,10,0,True,True,True,True,True,True,1,1,,15,37,False,0,0,534,34,4,0,1,4,True,0,0.17,0.041,False,latin
/it/strumenti/confronto-costo-della-vita/,tools.cost-comparison,it,tools,cost-of-living-comparison,200,,0,https://livdar.com/it/strumenti/confronto-costo-della-vita/,0.234,0.233,63346,2,True,"index, follow",False,https://livdar.com/it/strumenti/confronto-costo-della-vita/,True,True,2026-09-21T00:00:00.000Z,Confronto costo della vita: su dati misurati,44,1,Confronto costo della vita,True,155,True,5,True,True,5,0,True,True,True,True,True,True,1,1,,16,25,False,0,0,627,36,4,1,1,4,True,0,0.055,0.044,False,latin
/it/strumenti/dove-alloggiare/,tools.matcher,it,tools,where-should-i-stay,200,1,0,https://livdar.com/it/strumenti/dove-alloggiare/,0.222,0.222,98121,2,True,"index, follow",False,https://livdar.com/it/strumenti/dove-alloggiare/,True,True,2026-09-21T00:00:00.000Z,Dove alloggiare: su dati misurati,33,1,Dove alloggiare,True,131,True,9,True,True,9,0,True,True,True,True,True,True,1,1,,15,29,False,0,0,634,26,4,0,1,5,True,0,0.155,0.047,False,latin
/it/strumenti/dove-trasferirsi-allestero/,tools.matcher,it,tools,destination-matcher,200,,0,https://livdar.com/it/strumenti/dove-trasferirsi-allestero/,0.371,0.37,64096,2,True,"index, follow",False,https://livdar.com/it/strumenti/dove-trasferirsi-allestero/,True,True,2026-09-21T00:00:00.000Z,Dove trasferirsi all'estero: su dati misurati,45,1,Dove trasferirsi all'estero,True,169,True,9,True,True,9,0,True,True,True,True,True,True,1,1,,16,19,False,0,0,612,51,4,0,1,5,True,0,0.45,0.062,False,latin
/it/strumenti/dove-vivere/,tools.matcher,it,tools,where-should-i-live,200,,0,https://livdar.com/it/strumenti/dove-vivere/,0.561,0.542,62760,2,True,"index, follow",False,https://livdar.com/it/strumenti/dove-vivere/,True,True,2026-09-21T00:00:00.000Z,Dove vivere: su dati misurati,29,1,Dove vivere,True,151,True,9,True,True,9,0,True,True,True,True,True,True,1,1,,15,10,False,0,0,582,50,4,0,1,5,True,0,0.45,0.061,False,latin
/it/strumenti/preventivo-trasloco/,tools.calculator,it,tools,moving-cost,200,1,0,https://livdar.com/it/strumenti/preventivo-trasloco/,0.222,0.222,58120,2,True,"index, follow",False,https://livdar.com/it/strumenti/preventivo-trasloco/,True,True,2026-09-21T00:00:00.000Z,Preventivo trasloco: su dati misurati,37,1,Preventivo trasloco,True,133,True,9,True,True,9,0,True,True,True,True,True,True,1,1,,15,8,False,0,0,546,40,4,0,1,4,True,0,0.17,0.05,False,latin
/it/zone/londra/,neighbourhoods.city-where-to-stay,it,areas,2643743,200,,0,https://livdar.com/it/zone/londra/,0.308,0.307,71974,2,True,"index, follow",False,https://livdar.com/it/zone/londra/,True,True,2026-09-21T00:00:00.000Z,Quartieri di Londra: dove si trovano e quanto distano dal centro,64,1,Quartieri di Londra,True,140,True,8,True,True,8,0,True,True,True,True,True,True,1,1,,15,9,False,0,0,842,106,4,0,1,4,True,0,0.244,0.052,False,latin
/it/zone/napoli/,neighbourhoods.city-where-to-stay,it,areas,3172394,200,,0,https://livdar.com/it/zone/napoli/,0.232,0.212,56340,2,True,"index, follow",False,https://livdar.com/it/zone/napoli/,True,True,2026-09-21T00:00:00.000Z,Quartieri di Napoli: dove si trovano e quanto distano dal centro,64,1,Quartieri di Napoli,True,140,True,1,True,False,1,0,True,True,True,True,True,True,1,1,,15,5,False,0,0,590,46,4,0,1,4,True,0,0.272,0.056,False,latin
/it/zone/new-york/,neighbourhoods.city-where-to-stay,it,areas,5128581,200,,0,https://livdar.com/it/zone/new-york/,0.235,0.217,75733,2,True,"index, follow",False,https://livdar.com/it/zone/new-york/,True,True,2026-09-21T00:00:00.000Z,Quartieri di New York: dove si trovano e quanto distano dal centro,66,1,Quartieri di New York,True,142,True,8,True,True,8,0,True,True,True,True,True,True,1,1,,15,5,False,0,0,920,120,4,0,1,4,True,0,0.323,0.055,False,latin
/it/zone/parigi/,neighbourhoods.city-where-to-stay,it,areas,2988507,200,,0,https://livdar.com/it/zone/parigi/,0.216,0.197,61192,2,True,"index, follow",False,https://livdar.com/it/zone/parigi/,True,True,2026-09-21T00:00:00.000Z,Quartieri di Parigi: dove si trovano e quanto distano dal centro,64,1,Quartieri di Parigi,True,140,True,8,True,True,8,0,True,True,True,True,True,True,1,1,,15,5,False,0,0,688,60,4,0,1,4,True,0,0.272,0.059,False,latin
/ja/holidays/france/,events.country-holidays,ja,pulse,FR,200,,0,https://livdar.com/ja/holidays/france/,0.23,0.229,65085,2,True,"index, follow",False,https://livdar.com/ja/holidays/france/,True,True,2026-09-21T00:00:00.000Z,フランスの祝日2026年：日付と、どこで適用されるか,26,1,フランスの祝日2026年,True,51,True,5,True,False,5,0,True,True,True,True,True,True,1,1,,17,9,False,0,0,786,67,4,0,1,4,True,0,0.526,0.02,False,cjk
/ja/holidays/germany/,events.country-holidays,ja,pulse,DE,200,2,0,https://livdar.com/ja/holidays/germany/,0.442,0.441,65923,2,True,"index, follow",False,https://livdar.com/ja/holidays/germany/,True,True,2026-09-21T00:00:00.000Z,ドイツの祝日2026年：日付と、どこで適用されるか,25,1,ドイツの祝日2026年,True,49,True,6,True,True,6,0,True,True,True,True,True,True,1,1,,17,9,False,0,0,804,71,4,0,1,4,True,0,0.526,0.02,False,cjk
/ja/ranking/cheapest-countries-europe/,rankings.index,ja,tools,cheapest-countries-europe,200,,0,https://livdar.com/ja/ranking/cheapest-countries-europe/,0.42,0.409,69738,2,True,"index, follow",False,https://livdar.com/ja/ranking/cheapest-countries-europe/,True,True,2026-09-21T00:00:00.000Z,ヨーロッパで物価の安い国：測定にもとづく一覧,22,1,ヨーロッパで物価の安い国,True,79,True,9,True,True,9,0,True,True,True,True,True,True,1,1,,15,27,False,0,0,704,124,4,0,1,4,True,0,0.181,0.015,False,cjk
/ja/ranking/cheapest-countries/,rankings.index,ja,tools,cheapest-countries,200,,0,https://livdar.com/ja/ranking/cheapest-countries/,0.223,0.223,74409,2,True,"index, follow",False,https://livdar.com/ja/ranking/cheapest-countries/,True,True,2026-09-21T00:00:00.000Z,物価の安い国：測定にもとづく一覧,16,1,物価の安い国,True,70,True,10,True,True,10,0,True,True,True,True,True,True,1,1,,15,27,False,0,0,767,164,4,0,1,4,True,0,0.225,0.017,False,cjk
/ja/ranking/most-expensive-countries/,rankings.index,ja,tools,most-expensive-countries,200,2,0,https://livdar.com/ja/ranking/most-expensive-countries/,0.239,0.238,74919,2,True,"index, follow",False,https://livdar.com/ja/ranking/most-expensive-countries/,True,True,2026-09-21T00:00:00.000Z,物価の高い国：測定にもとづく一覧,16,1,物価の高い国,True,70,True,9,True,True,9,0,True,True,True,True,True,True,1,1,,15,8,False,0,0,802,164,4,0,1,4,True,0,0.225,0.017,False,cjk
/ja/seikatsuhi/australia/,cost-of-living.country,ja,move,AU,200,,0,https://livdar.com/ja/seikatsuhi/australia/,0.286,0.285,55330,2,True,"index, follow",False,https://livdar.com/ja/seikatsuhi/australia/,True,True,2026-09-21T00:00:00.000Z,オーストラリアの生活費：物価水準が実際に示すもの,24,1,オーストラリアの生活費,True,58,True,8,True,True,8,0,True,True,True,True,True,True,1,1,,17,7,False,0,0,544,20,4,0,1,4,True,0,0.573,0.037,False,cjk
/ja/seikatsuhi/canada/,cost-of-living.country,ja,move,CA,200,2,0,https://livdar.com/ja/seikatsuhi/canada/,0.344,0.343,53343,2,True,"index, follow",False,https://livdar.com/ja/seikatsuhi/canada/,True,True,2026-09-21T00:00:00.000Z,カナダの生活費：物価水準が実際に示すもの,20,1,カナダの生活費,True,55,True,4,True,True,4,0,True,True,True,True,True,True,1,1,,15,11,False,0,0,531,20,4,0,1,4,True,0,0.573,0.04,False,cjk
/ja/seikatsuhi/czechia/,cost-of-living.country,ja,move,CZ,200,2,0,https://livdar.com/ja/seikatsuhi/czechia/,0.27,0.27,57935,2,True,"index, follow",False,https://livdar.com/ja/seikatsuhi/czechia/,True,True,2026-09-21T00:00:00.000Z,チェコの生活費：物価水準が実際に示すもの,20,1,チェコの生活費,True,55,True,3,True,False,3,0,True,True,True,True,True,True,1,1,,15,7,False,0,0,621,45,4,0,1,4,True,0,0.576,0.051,False,cjk
/ja/seikatsuhi/denmark/,cost-of-living.country,ja,move,DK,200,,0,https://livdar.com/ja/seikatsuhi/denmark/,0.232,0.232,60437,2,True,"index, follow",False,https://livdar.com/ja/seikatsuhi/denmark/,True,True,2026-09-21T00:00:00.000Z,デンマークの生活費：物価水準が実際に示すもの,22,1,デンマークの生活費,True,58,True,10,True,True,10,0,True,True,True,True,True,True,1,1,,15,6,False,0,0,629,45,4,0,1,4,True,0,0.549,0.051,False,cjk
/ja/seikatsuhi/france/,cost-of-living.country,ja,move,FR,200,,0,https://livdar.com/ja/seikatsuhi/france/,0.496,0.495,59038,2,True,"index, follow",False,https://livdar.com/ja/seikatsuhi/france/,True,True,2026-09-21T00:00:00.000Z,フランスの生活費：物価水準が実際に示すもの,21,1,フランスの生活費,True,57,True,7,True,True,7,0,True,True,True,True,True,True,1,1,,16,6,False,0,0,618,45,4,0,1,4,True,0,0.524,0.047,False,cjk
/ja/seikatsuhi/germany/,cost-of-living.country,ja,move,DE,200,2,0,https://livdar.com/ja/seikatsuhi/germany/,0.22,0.219,59707,2,True,"index, follow",False,https://livdar.com/ja/seikatsuhi/germany/,True,True,2026-09-21T00:00:00.000Z,ドイツの生活費：物価水準が実際に示すもの,20,1,ドイツの生活費,True,56,True,9,True,True,9,0,True,True,True,True,True,True,1,1,,16,5,False,0,0,619,45,4,0,1,4,True,0,0.534,0.049,False,cjk
/ja/seikatsuhi/hungary/,cost-of-living.country,ja,move,HU,200,,0,https://livdar.com/ja/seikatsuhi/hungary/,0.282,0.281,58505,2,True,"index, follow",False,https://livdar.com/ja/seikatsuhi/hungary/,True,True,2026-09-21T00:00:00.000Z,ハンガリーの生活費：物価水準が実際に示すもの,22,1,ハンガリーの生活費,True,57,True,4,True,False,4,0,True,True,True,True,True,True,1,1,,15,5,False,0,0,629,45,4,0,1,4,True,0,0.575,0.05,False,cjk
/ja/seikatsuhi/ireland/,cost-of-living.country,ja,move,IE,200,,0,https://livdar.com/ja/seikatsuhi/ireland/,0.249,0.248,59868,2,True,"index, follow",False,https://livdar.com/ja/seikatsuhi/ireland/,True,True,2026-09-21T00:00:00.000Z,アイルランドの生活費：物価水準が実際に示すもの,23,1,アイルランドの生活費,True,59,True,8,True,True,8,0,True,True,True,True,True,True,1,1,,15,4,False,0,0,629,45,4,0,1,4,True,0,0.558,0.051,False,cjk
/ja/seikatsuhi/italy/,cost-of-living.country,ja,move,IT,200,,0,https://livdar.com/ja/seikatsuhi/italy/,0.228,0.227,59833,2,True,"index, follow",False,https://livdar.com/ja/seikatsuhi/italy/,True,True,2026-09-21T00:00:00.000Z,イタリアの生活費：物価水準が実際に示すもの,21,1,イタリアの生活費,True,56,True,9,True,True,9,0,True,True,True,True,True,True,1,1,,16,4,False,0,0,625,45,4,0,1,4,True,0,0.57,0.051,False,cjk
/ja/seikatsuhi/malaysia/,cost-of-living.country,ja,move,MY,200,,0,https://livdar.com/ja/seikatsuhi/malaysia/,0.36,0.36,52842,2,True,"index, follow",False,https://livdar.com/ja/seikatsuhi/malaysia/,True,True,2026-09-21T00:00:00.000Z,マレーシアの生活費：物価水準が実際に示すもの,22,1,マレーシアの生活費,True,57,True,1,True,False,1,0,True,True,True,True,True,True,1,1,,17,7,False,0,0,539,20,4,0,1,4,True,0,0.593,0.037,False,cjk
/ja/seikatsuhi/malta/,cost-of-living.country,ja,move,MT,200,,0,https://livdar.com/ja/seikatsuhi/malta/,0.285,0.285,59973,2,True,"index, follow",False,https://livdar.com/ja/seikatsuhi/malta/,True,True,2026-09-21T00:00:00.000Z,マルタの生活費：物価水準が実際に示すもの,20,1,マルタの生活費,True,55,True,10,True,True,10,0,True,True,True,True,True,True,1,1,,15,5,False,0,0,618,45,4,0,1,4,True,0,0.57,0.051,False,cjk
/ja/seikatsuhi/netherlands/,cost-of-living.country,ja,move,NL,200,,0,https://livdar.com/ja/seikatsuhi/netherlands/,0.45,0.45,59384,2,True,"index, follow",False,https://livdar.com/ja/seikatsuhi/netherlands/,True,True,2026-09-21T00:00:00.000Z,オランダの生活費：物価水準が実際に示すもの,21,1,オランダの生活費,True,55,True,7,True,True,7,0,True,True,True,True,True,True,1,1,,15,4,False,0,0,617,45,4,0,1,4,True,0,0.567,0.051,False,cjk
/ja/seikatsuhi/norway/,cost-of-living.country,ja,move,NO,200,1,0,https://livdar.com/ja/seikatsuhi/norway/,0.227,0.227,60102,2,True,"index, follow",False,https://livdar.com/ja/seikatsuhi/norway/,True,True,2026-09-21T00:00:00.000Z,ノルウェーの生活費：物価水準が実際に示すもの,22,1,ノルウェーの生活費,True,58,True,9,True,True,9,0,True,True,True,True,True,True,1,1,,16,4,False,0,0,628,45,4,0,1,4,True,0,0.564,0.051,False,cjk
/ja/seikatsuhi/philippines/,cost-of-living.country,ja,move,PH,200,,0,https://livdar.com/ja/seikatsuhi/philippines/,0.313,0.313,52927,2,True,"index, follow",False,https://livdar.com/ja/seikatsuhi/philippines/,True,True,2026-09-21T00:00:00.000Z,フィリピンの生活費：物価水準が実際に示すもの,22,1,フィリピンの生活費,True,57,True,1,True,False,1,0,True,True,True,True,True,True,1,1,,17,7,False,0,0,541,20,4,0,1,4,True,0,0.593,0.037,False,cjk
/ja/seikatsuhi/poland/,cost-of-living.country,ja,move,PL,200,,0,https://livdar.com/ja/seikatsuhi/poland/,0.365,0.365,59703,2,True,"index, follow",False,https://livdar.com/ja/seikatsuhi/poland/,True,True,2026-09-21T00:00:00.000Z,ポーランドの生活費：物価水準が実際に示すもの,22,1,ポーランドの生活費,True,57,True,8,True,True,8,0,True,True,True,True,True,True,1,1,,15,6,False,0,0,627,45,4,0,1,4,True,0,0.568,0.05,False,cjk
/ja/seikatsuhi/portugal/,cost-of-living.country,ja,move,PT,200,,0,https://livdar.com/ja/seikatsuhi/portugal/,0.31,0.31,60261,2,True,"index, follow",False,https://livdar.com/ja/seikatsuhi/portugal/,True,True,2026-09-21T00:00:00.000Z,ポルトガルの生活費：物価水準が実際に示すもの,22,1,ポルトガルの生活費,True,55,True,10,True,True,10,0,True,True,True,True,True,True,1,1,,15,4,False,0,0,617,45,4,0,1,4,True,0,0.576,0.051,False,cjk
/ja/seikatsuhi/spain/,cost-of-living.country,ja,move,ES,200,,0,https://livdar.com/ja/seikatsuhi/spain/,0.283,0.282,60019,2,True,"index, follow",False,https://livdar.com/ja/seikatsuhi/spain/,True,True,2026-09-21T00:00:00.000Z,スペインの生活費：物価水準が実際に示すもの,21,1,スペインの生活費,True,56,True,10,True,True,10,0,True,True,True,True,True,True,1,1,,15,4,False,0,0,620,45,4,0,1,4,True,0,0.571,0.051,False,cjk
/ja/seikatsuhi/sweden/,cost-of-living.country,ja,move,SE,200,,0,https://livdar.com/ja/seikatsuhi/sweden/,0.242,0.242,59785,2,True,"index, follow",False,https://livdar.com/ja/seikatsuhi/sweden/,True,True,2026-09-21T00:00:00.000Z,スウェーデンの生活費：物価水準が実際に示すもの,23,1,スウェーデンの生活費,True,57,True,8,True,True,8,0,True,True,True,True,True,True,1,1,,15,4,False,0,0,619,45,4,0,1,4,True,0,0.567,0.051,False,cjk
/ja/seikatsuhi/switzerland/,cost-of-living.country,ja,move,CH,200,1,0,https://livdar.com/ja/seikatsuhi/switzerland/,0.237,0.237,59547,2,True,"index, follow",False,https://livdar.com/ja/seikatsuhi/switzerland/,True,True,2026-09-21T00:00:00.000Z,スイスの生活費：物価水準が実際に示すもの,20,1,スイスの生活費,True,56,True,9,True,True,9,0,True,True,True,True,True,True,1,1,,15,5,False,0,0,601,44,4,0,1,4,True,0,0.497,0.046,False,cjk
/ja/seikatsuhi/thailand/,cost-of-living.country,ja,move,TH,200,,0,https://livdar.com/ja/seikatsuhi/thailand/,0.257,0.257,53470,2,True,"index, follow",False,https://livdar.com/ja/seikatsuhi/thailand/,True,True,2026-09-21T00:00:00.000Z,タイの生活費：物価水準が実際に示すもの,19,1,タイの生活費,True,54,True,5,True,True,5,0,True,True,True,True,True,True,1,1,,15,4,False,0,0,528,20,4,0,1,4,True,0,0.573,0.039,False,cjk
/ja/seikatsuhi/tuerkiye/,cost-of-living.country,ja,move,TR,200,,0,https://livdar.com/ja/seikatsuhi/tuerkiye/,0.253,0.252,59456,2,True,"index, follow",False,https://livdar.com/ja/seikatsuhi/tuerkiye/,True,True,2026-09-21T00:00:00.000Z,トルコの生活費：物価水準が実際に示すもの,20,1,トルコの生活費,True,55,True,8,True,True,8,0,True,True,True,True,True,True,1,1,,15,5,False,0,0,616,44,4,0,1,4,True,0,0.521,0.047,False,cjk
/ja/seikatsuhi/united-kingdom/,cost-of-living.country,ja,move,GB,200,,0,https://livdar.com/ja/seikatsuhi/united-kingdom/,0.271,0.27,54161,2,True,"index, follow",False,https://livdar.com/ja/seikatsuhi/united-kingdom/,True,True,2026-09-21T00:00:00.000Z,イギリスの生活費：物価水準が実際に示すもの,21,1,イギリスの生活費,True,57,True,2,True,False,2,0,True,True,True,True,True,True,1,1,,16,4,False,0,0,558,23,4,0,1,4,True,0,0.394,0.04,False,cjk
/ja/sport/cycling-tokyo/,sport.city-season,ja,sport,1850147:cycling,200,1,0,https://livdar.com/ja/sport/cycling-tokyo/,0.476,0.475,59724,2,True,"index, follow",False,https://livdar.com/ja/sport/cycling-tokyo/,True,True,2026-09-21T00:00:00.000Z,東京のサイクリング：気候が許す月はどれか,20,1,東京のサイクリング,True,67,True,1,True,False,1,0,True,True,True,True,True,True,1,1,,15,11,False,0,0,687,69,4,0,1,4,True,0,0.467,0.059,False,cjk
/ja/sport/hiking-sapporo/,sport.city-season,ja,sport,2128295:hiking,200,,0,https://livdar.com/ja/sport/hiking-sapporo/,0.218,0.217,58537,2,True,"index, follow",False,https://livdar.com/ja/sport/hiking-sapporo/,True,True,2026-09-21T00:00:00.000Z,札幌のハイキング：気候が許す月はどれか,19,1,札幌のハイキング,True,66,True,1,True,False,1,0,True,True,True,True,True,True,1,1,,15,11,False,0,0,651,64,4,0,1,4,True,0,0.525,0.063,False,cjk
/ja/sport/hiking-tokyo/,sport.city-season,ja,sport,1850147:hiking,200,,0,https://livdar.com/ja/sport/hiking-tokyo/,0.282,0.281,58439,2,True,"index, follow",False,https://livdar.com/ja/sport/hiking-tokyo/,True,True,2026-09-21T00:00:00.000Z,東京のハイキング：気候が許す月はどれか,19,1,東京のハイキング,True,66,True,1,True,False,1,0,True,True,True,True,True,True,1,1,,15,9,False,0,0,651,61,4,0,1,4,True,0,0.525,0.066,False,cjk
/ja/sport/running-osaka/,sport.city-season,ja,sport,1853909:running,200,,0,https://livdar.com/ja/sport/running-osaka/,0.271,0.27,58092,2,True,"index, follow",False,https://livdar.com/ja/sport/running-osaka/,True,True,2026-09-21T00:00:00.000Z,大阪のランニング：気候が許す月はどれか,19,1,大阪のランニング,True,66,True,1,True,False,1,0,True,True,True,True,True,True,1,1,,15,7,False,0,0,633,54,4,0,1,4,True,0,0.529,0.061,False,cjk
/ja/sport/running-tokyo/,sport.city-season,ja,sport,1850147:running,200,1,0,https://livdar.com/ja/sport/running-tokyo/,0.253,0.253,58176,2,True,"index, follow",False,https://livdar.com/ja/sport/running-tokyo/,True,True,2026-09-21T00:00:00.000Z,東京のランニング：気候が許す月はどれか,19,1,東京のランニング,True,66,True,1,True,False,1,0,True,True,True,True,True,True,1,1,,15,4,False,0,0,638,57,4,0,1,4,True,0,0.529,0.069,False,cjk
/ja/tool/cost-of-living-calculator/,tools.cost-calculator,ja,tools,cost-of-living-calculator,200,,0,https://livdar.com/ja/tool/cost-of-living-calculator/,0.392,0.391,65921,2,True,"index, follow",False,https://livdar.com/ja/tool/cost-of-living-calculator/,True,True,2026-09-21T00:00:00.000Z,生活費 計算：測定データにもとづく,17,1,生活費 計算,True,70,True,6,True,True,6,0,True,True,True,True,True,True,1,1,,16,30,False,0,0,764,36,4,1,1,4,True,0,0.0,0.0,False,cjk
/ja/tool/destination-matcher/,tools.matcher,ja,tools,destination-matcher,200,,0,https://livdar.com/ja/tool/destination-matcher/,0.209,0.209,66283,2,True,"index, follow",False,https://livdar.com/ja/tool/destination-matcher/,True,True,2026-09-21T00:00:00.000Z,海外移住 おすすめ 国：測定データにもとづく,22,1,海外移住 おすすめ 国,True,88,True,9,True,True,9,0,True,True,True,True,True,True,1,1,,16,12,False,0,0,676,50,4,0,1,5,True,0,0.416,0.018,False,cjk
/ja/tool/moving-cost/,tools.calculator,ja,tools,moving-cost,200,,0,https://livdar.com/ja/tool/moving-cost/,0.261,0.261,59725,2,True,"index, follow",False,https://livdar.com/ja/tool/moving-cost/,True,True,2026-09-21T00:00:00.000Z,引越し 費用 見積もり：測定データにもとづく,22,1,引越し 費用 見積もり,True,60,True,9,True,True,9,0,True,True,True,True,True,True,1,1,,15,28,False,0,0,578,44,4,0,1,4,True,0,0.213,0.02,False,cjk
/ja/tool/relocation-budget/,tools.calculator,ja,tools,relocation-budget,200,,0,https://livdar.com/ja/tool/relocation-budget/,0.245,0.244,56331,2,True,"index, follow",False,https://livdar.com/ja/tool/relocation-budget/,True,True,2026-09-21T00:00:00.000Z,海外移住 費用：測定データにもとづく,18,1,海外移住 費用,True,82,True,5,True,True,5,0,True,True,True,True,True,True,1,1,,16,5,False,0,0,542,30,4,0,1,4,True,0,0.332,0.027,False,cjk
/ja/tool/rent-affordability/,tools.calculator,ja,tools,rent-affordability,200,,0,https://livdar.com/ja/tool/rent-affordability/,0.26,0.26,57204,2,True,"index, follow",False,https://livdar.com/ja/tool/rent-affordability/,True,True,2026-09-21T00:00:00.000Z,家賃 目安：測定データにもとづく,16,1,家賃 目安,True,56,True,6,True,True,6,0,True,True,True,True,True,True,1,1,,16,10,False,0,0,542,25,4,1,1,4,True,0,0.213,0.02,False,cjk
/ja/tool/salary-calculator/,tools.calculator,ja,tools,salary-calculator,200,,0,https://livdar.com/ja/tool/salary-calculator/,0.202,0.201,63718,2,True,"index, follow",False,https://livdar.com/ja/tool/salary-calculator/,True,True,2026-09-21T00:00:00.000Z,給与計算：測定データにもとづく,15,1,給与計算,True,55,True,10,True,True,10,0,True,True,True,True,True,True,1,1,,15,5,False,0,0,613,34,4,0,1,4,True,0,0.232,0.024,False,cjk
/ja/tool/travel-budget/,tools.calculator,ja,tools,travel-budget,200,,0,https://livdar.com/ja/tool/travel-budget/,0.197,0.196,65601,2,True,"index, follow",False,https://livdar.com/ja/tool/travel-budget/,True,True,2026-09-21T00:00:00.000Z,旅行 費用 計算：測定データにもとづく,19,1,旅行 費用 計算,True,72,True,7,True,True,7,0,True,True,True,True,True,True,1,1,,15,4,False,0,0,758,36,4,1,1,4,True,0,0.332,0.026,False,cjk
/ja/tool/where-should-i-live/,tools.matcher,ja,tools,where-should-i-live,200,1,0,https://livdar.com/ja/tool/where-should-i-live/,0.311,0.31,65456,2,True,"index, follow",False,https://livdar.com/ja/tool/where-should-i-live/,True,True,2026-09-21T00:00:00.000Z,どこに住むべきか：測定データにもとづく,19,1,どこに住むべきか,True,83,True,9,True,True,9,0,True,True,True,True,True,True,1,1,,15,5,False,0,0,643,50,4,0,1,5,True,0,0.416,0.018,False,cjk
/nl/feestdagen/belgie/,events.country-holidays,nl,pulse,BE,200,,0,https://livdar.com/nl/feestdagen/belgie/,0.207,0.207,56976,2,True,"index, follow",False,https://livdar.com/nl/feestdagen/belgie/,True,True,2026-09-21T00:00:00.000Z,"België: feestdagen 2026, en waar ze gelden",42,1,België: feestdagen 2026,True,107,True,2,True,False,2,0,True,True,True,True,True,True,1,1,,15,9,False,0,0,624,61,4,0,1,4,True,0,0.404,0.06,False,latin
/nl/feestdagen/duitsland/,events.country-holidays,nl,pulse,DE,200,,0,https://livdar.com/nl/feestdagen/duitsland/,0.201,0.2,63881,2,True,"index, follow",False,https://livdar.com/nl/feestdagen/duitsland/,True,True,2026-09-21T00:00:00.000Z,"Duitsland: feestdagen 2026, en waar ze gelden",45,1,Duitsland: feestdagen 2026,True,109,True,6,True,True,6,0,True,True,True,True,True,True,1,1,,15,9,False,0,0,785,91,4,0,1,4,True,0,0.335,0.054,False,latin
/nl/feestdagen/nederland/,events.country-holidays,nl,pulse,NL,200,,0,https://livdar.com/nl/feestdagen/nederland/,0.241,0.241,56708,2,True,"index, follow",False,https://livdar.com/nl/feestdagen/nederland/,True,True,2026-09-21T00:00:00.000Z,"Nederland: feestdagen 2026, en waar ze gelden",45,1,Nederland: feestdagen 2026,True,110,True,2,True,False,2,0,True,True,True,True,True,True,1,1,,15,7,False,0,0,610,57,4,0,1,4,True,0,0.404,0.06,False,latin
/nl/huurverhoging/nederland/,rents.country-inflation,nl,stay,NL,200,,0,https://livdar.com/nl/huurverhoging/nederland/,0.321,0.321,58234,2,True,"index, follow",False,https://livdar.com/nl/huurverhoging/nederland/,True,True,2026-09-21T00:00:00.000Z,Huurverhoging in Nederland in 2025: de index en waar die staat,62,1,Huurverhoging in Nederland in 2025,True,139,True,1,True,False,1,0,True,True,True,True,True,True,1,1,,15,7,False,0,0,630,76,4,0,1,4,True,0,0.054,0.05,False,latin
/nl/kosten-van-levensonderhoud/curacao/,cost-of-living.country,nl,move,CW,200,,0,https://livdar.com/nl/kosten-van-levensonderhoud/curacao/,0.236,0.235,52393,2,True,"index, follow",False,https://livdar.com/nl/kosten-van-levensonderhoud/curacao/,True,True,2026-09-21T00:00:00.000Z,Levensonderhoud Curacao: wat het prijspeil werkelijk zegt,57,1,Levensonderhoud Curacao,True,154,True,1,True,False,1,0,True,True,True,True,True,True,1,1,,16,9,False,0,0,514,23,4,0,1,4,True,0,0.307,0.046,False,latin
/nl/kosten-van-levensonderhoud/denemarken/,cost-of-living.country,nl,move,DK,200,,0,https://livdar.com/nl/kosten-van-levensonderhoud/denemarken/,0.224,0.223,59047,2,True,"index, follow",False,https://livdar.com/nl/kosten-van-levensonderhoud/denemarken/,True,True,2026-09-21T00:00:00.000Z,Levensonderhoud Denemarken: wat het prijspeil werkelijk zegt,60,1,Levensonderhoud Denemarken,True,159,True,10,True,True,10,0,True,True,True,True,True,True,1,1,,16,9,False,0,0,586,48,4,0,1,4,True,0,0.436,0.053,False,latin
/nl/kosten-van-levensonderhoud/griekenland/,cost-of-living.country,nl,move,GR,200,,0,https://livdar.com/nl/kosten-van-levensonderhoud/griekenland/,0.223,0.223,58780,2,True,"index, follow",False,https://livdar.com/nl/kosten-van-levensonderhoud/griekenland/,True,True,2026-09-21T00:00:00.000Z,Kosten levensonderhoud Griekenland: wat het prijspeil werkelijk zegt,68,1,Kosten levensonderhoud Griekenland,True,157,True,9,True,True,9,0,True,True,True,True,True,True,1,1,,17,6,False,0,0,581,48,4,0,1,4,True,0,0.436,0.053,False,latin
/nl/kosten-van-levensonderhoud/malta/,cost-of-living.country,nl,move,MT,200,,0,https://livdar.com/nl/kosten-van-levensonderhoud/malta/,0.254,0.254,59209,2,True,"index, follow",False,https://livdar.com/nl/kosten-van-levensonderhoud/malta/,True,True,2026-09-21T00:00:00.000Z,Kosten van levensonderhoud Malta: wat het prijspeil werkelijk zegt,66,1,Kosten van levensonderhoud Malta,True,153,True,10,True,True,10,0,True,True,True,True,True,True,1,1,,14,8,False,0,0,587,48,4,0,1,4,True,0,0.453,0.053,False,latin
/nl/kosten-van-levensonderhoud/portugal/,cost-of-living.country,nl,move,PT,200,,0,https://livdar.com/nl/kosten-van-levensonderhoud/portugal/,0.199,0.198,59236,2,True,"index, follow",False,https://livdar.com/nl/kosten-van-levensonderhoud/portugal/,True,True,2026-09-21T00:00:00.000Z,Levensonderhoud Portugal: wat het prijspeil werkelijk zegt,58,1,Levensonderhoud Portugal,True,154,True,10,True,True,10,0,True,True,True,True,True,True,1,1,,14,7,False,0,0,578,48,4,0,1,4,True,0,0.453,0.053,False,latin
/nl/kosten-van-levensonderhoud/spanje/,cost-of-living.country,nl,move,ES,200,,0,https://livdar.com/nl/kosten-van-levensonderhoud/spanje/,0.188,0.188,59039,2,True,"index, follow",False,https://livdar.com/nl/kosten-van-levensonderhoud/spanje/,True,True,2026-09-21T00:00:00.000Z,Levensonderhoud Spanje: wat het prijspeil werkelijk zegt,56,1,Levensonderhoud Spanje,True,154,True,10,True,True,10,0,True,True,True,True,True,True,1,1,,15,8,False,0,0,588,48,4,0,1,4,True,0,0.443,0.053,False,latin
/nl/ranglijsten/duurste-landen-ter-wereld/,rankings.index,nl,tools,most-expensive-countries,200,,0,https://livdar.com/nl/ranglijsten/duurste-landen-ter-wereld/,0.575,0.575,73214,2,True,"index, follow",False,https://livdar.com/nl/ranglijsten/duurste-landen-ter-wereld/,True,True,2026-09-21T00:00:00.000Z,De duurste landen om in te wonen: de gemeten lijst,50,1,De duurste landen om in te wonen,True,184,True,9,True,True,9,0,True,True,True,True,True,True,1,1,,15,10,False,0,0,708,164,4,0,1,4,True,0,0.242,0.057,False,latin
/nl/ranglijsten/goedkoopste-landen-in-europa/,rankings.index,nl,tools,cheapest-countries-europe,200,,0,https://livdar.com/nl/ranglijsten/goedkoopste-landen-in-europa/,0.229,0.228,68059,2,True,"index, follow",False,https://livdar.com/nl/ranglijsten/goedkoopste-landen-in-europa/,True,True,2026-09-21T00:00:00.000Z,De goedkoopste landen van Europa: de gemeten lijst,50,1,De goedkoopste landen van Europa,True,177,True,9,True,True,9,0,True,True,True,True,True,True,1,1,,15,7,False,0,0,634,124,4,0,1,4,True,0,0.185,0.047,False,latin
/nl/ranglijsten/goedkoopste-landen-om-te-wonen/,rankings.index,nl,tools,cheapest-countries,200,,0,https://livdar.com/nl/ranglijsten/goedkoopste-landen-om-te-wonen/,0.245,0.244,73101,2,True,"index, follow",False,https://livdar.com/nl/ranglijsten/goedkoopste-landen-om-te-wonen/,True,True,2026-09-21T00:00:00.000Z,De goedkoopste landen om in te wonen: de gemeten lijst,54,1,De goedkoopste landen om in te wonen,True,188,True,10,True,True,10,0,True,True,True,True,True,True,1,1,,15,7,False,0,0,692,164,4,0,1,4,True,0,0.242,0.064,False,latin
/nl/salarissen/nederland/,work.country-salaries,nl,work,NL,200,,0,https://livdar.com/nl/salarissen/nederland/,0.22,0.22,52581,2,True,"index, follow",False,https://livdar.com/nl/salarissen/nederland/,True,True,2026-09-21T00:00:00.000Z,"Gemiddeld salaris Nederland: bruto, netto en het minimumloon",60,1,Gemiddeld salaris Nederland,True,168,True,3,True,True,3,0,True,True,True,True,True,True,1,1,,17,8,False,0,0,516,34,4,0,1,4,True,0,0.411,0.064,False,latin
/nl/salarissen/spanje/,work.country-salaries,nl,work,ES,200,,0,https://livdar.com/nl/salarissen/spanje/,0.232,0.231,53446,2,True,"index, follow",False,https://livdar.com/nl/salarissen/spanje/,True,True,2026-09-21T00:00:00.000Z,"Gemiddeld salaris Spanje: bruto, netto en het minimumloon",57,1,Gemiddeld salaris Spanje,True,165,True,7,True,True,7,0,True,True,True,True,True,True,1,1,,17,6,False,0,0,508,31,4,0,1,4,True,0,0.411,0.065,False,latin
/nl/sport/fietsen-in-amsterdam/,sport.city-season,nl,sport,2759794:cycling,200,,0,https://livdar.com/nl/sport/fietsen-in-amsterdam/,0.203,0.202,58487,2,True,"index, follow",False,https://livdar.com/nl/sport/fietsen-in-amsterdam/,True,True,2026-09-21T00:00:00.000Z,Fietsen in Amsterdam: de maanden waarin het weer het toelaat,60,1,Fietsen in Amsterdam,True,152,True,1,True,False,1,0,True,True,True,True,True,True,1,1,,15,7,False,0,0,653,59,4,0,1,4,True,0,0.397,0.083,False,latin
/nl/sport/hardlopen-in-amsterdam/,sport.city-season,nl,sport,2759794:running,200,,0,https://livdar.com/nl/sport/hardlopen-in-amsterdam/,0.25,0.25,57491,2,True,"index, follow",False,https://livdar.com/nl/sport/hardlopen-in-amsterdam/,True,True,2026-09-21T00:00:00.000Z,Hardlopen in Amsterdam: de maanden waarin het weer het toelaat,62,1,Hardlopen in Amsterdam,True,154,True,1,True,False,1,0,True,True,True,True,True,True,1,1,,15,7,False,0,0,612,45,4,0,1,4,True,0,0.673,0.096,False,latin
/nl/sport/wandelen-in-amsterdam/,sport.city-season,nl,sport,2759794:hiking,200,,0,https://livdar.com/nl/sport/wandelen-in-amsterdam/,0.217,0.217,57453,2,True,"index, follow",False,https://livdar.com/nl/sport/wandelen-in-amsterdam/,True,True,2026-09-21T00:00:00.000Z,Wandelen in Amsterdam: de maanden waarin het weer het toelaat,61,1,Wandelen in Amsterdam,True,153,True,1,True,False,1,0,True,True,True,True,True,True,1,1,,15,5,False,0,0,612,45,4,0,1,4,True,0,0.673,0.095,False,latin
/nl/stadsdelen/amsterdam/,neighbourhoods.city-where-to-stay,nl,areas,2759794,200,1,0,https://livdar.com/nl/stadsdelen/amsterdam/,0.259,0.258,55119,2,True,"index, follow",False,https://livdar.com/nl/stadsdelen/amsterdam/,True,True,2026-09-21T00:00:00.000Z,Wijken in Amsterdam: waar ze liggen en hoe ver van het centrum,62,1,Wijken in Amsterdam,True,141,True,3,True,True,3,0,True,True,True,True,True,True,1,1,,16,8,False,0,0,552,37,4,0,1,4,True,0,0.286,0.057,False,latin
/nl/stadsdelen/barcelona/,neighbourhoods.city-where-to-stay,nl,areas,3128760,200,,0,https://livdar.com/nl/stadsdelen/barcelona/,0.302,0.301,74793,2,True,"index, follow",False,https://livdar.com/nl/stadsdelen/barcelona/,True,True,2026-09-21T00:00:00.000Z,Wijken in Barcelona: waar ze liggen en hoe ver van het centrum,62,1,Wijken in Barcelona,True,143,True,5,True,True,5,0,True,True,True,True,True,True,1,1,,15,7,False,0,0,909,119,4,0,1,4,True,0,0.211,0.048,False,latin
/nl/stadsdelen/londen/,neighbourhoods.city-where-to-stay,nl,areas,2643743,200,,0,https://livdar.com/nl/stadsdelen/londen/,0.224,0.224,71971,2,True,"index, follow",False,https://livdar.com/nl/stadsdelen/londen/,True,True,2026-09-21T00:00:00.000Z,Wijken in Londen: waar ze liggen en hoe ver van het centrum,59,1,Wijken in Londen,True,140,True,8,True,True,8,0,True,True,True,True,True,True,1,1,,15,6,False,0,0,803,107,4,0,1,4,True,0,0.235,0.049,False,latin
/nl/stadsdelen/parijs/,neighbourhoods.city-where-to-stay,nl,areas,2988507,200,,0,https://livdar.com/nl/stadsdelen/parijs/,0.218,0.218,61172,2,True,"index, follow",False,https://livdar.com/nl/stadsdelen/parijs/,True,True,2026-09-21T00:00:00.000Z,Wijken in Parijs: waar ze liggen en hoe ver van het centrum,59,1,Wijken in Parijs,True,140,True,8,True,True,8,0,True,True,True,True,True,True,1,1,,15,6,False,0,0,671,61,4,0,1,4,True,0,0.286,0.055,False,latin
/nl/tools/hoeveel-huur-kan-ik-betalen/,tools.calculator,nl,tools,rent-affordability,200,,0,https://livdar.com/nl/tools/hoeveel-huur-kan-ik-betalen/,0.221,0.22,56712,2,True,"index, follow",False,https://livdar.com/nl/tools/hoeveel-huur-kan-ik-betalen/,True,True,2026-09-21T00:00:00.000Z,Hoeveel huur kan ik betalen: op gemeten data,44,1,Hoeveel huur kan ik betalen,True,150,True,6,True,True,6,0,True,True,True,True,True,True,1,1,,15,21,False,0,0,544,30,4,1,1,4,True,0,0.202,0.047,False,latin
/nl/tools/naar-welk-land-emigreren/,tools.matcher,nl,tools,destination-matcher,200,,0,https://livdar.com/nl/tools/naar-welk-land-emigreren/,0.228,0.228,64628,2,True,"index, follow",False,https://livdar.com/nl/tools/naar-welk-land-emigreren/,True,True,2026-09-21T00:00:00.000Z,Naar welk land emigreren: op gemeten data,41,1,Naar welk land emigreren,True,173,True,9,True,True,9,0,True,True,True,True,True,True,1,1,,16,15,False,0,0,609,54,4,0,1,5,True,0,0.137,0.042,False,latin
/nl/tools/salaris-calculator/,tools.calculator,nl,tools,salary-calculator,200,,0,https://livdar.com/nl/tools/salaris-calculator/,0.197,0.197,61631,2,True,"index, follow",False,https://livdar.com/nl/tools/salaris-calculator/,True,True,2026-09-21T00:00:00.000Z,Salaris calculator: op gemeten data,35,1,Salaris calculator,True,141,True,10,True,True,10,0,True,True,True,True,True,True,1,1,,14,10,False,0,0,527,34,4,0,1,4,True,0,0.179,0.045,False,latin
/nl/tools/verhuiskosten-berekenen/,tools.calculator,nl,tools,moving-cost,200,,0,https://livdar.com/nl/tools/verhuiskosten-berekenen/,0.237,0.237,58439,2,True,"index, follow",False,https://livdar.com/nl/tools/verhuiskosten-berekenen/,True,True,2026-09-21T00:00:00.000Z,Verhuiskosten berekenen: op gemeten data,40,1,Verhuiskosten berekenen,True,144,True,9,True,True,9,0,True,True,True,True,True,True,1,1,,15,7,False,0,0,547,40,4,0,1,4,True,0,0.202,0.057,False,latin
/nl/tools/waar-overnachten/,tools.matcher,nl,tools,where-should-i-stay,200,1,0,https://livdar.com/nl/tools/waar-overnachten/,0.211,0.21,98565,2,True,"index, follow",False,https://livdar.com/nl/tools/waar-overnachten/,True,True,2026-09-21T00:00:00.000Z,Waar overnachten: op gemeten data,33,1,Waar overnachten,True,139,True,9,True,True,9,0,True,True,True,True,True,True,1,1,,15,7,False,0,0,654,29,4,0,1,5,True,0,0.137,0.04,False,latin
/pl/dni-wolne-od-pracy/niemcy/,events.country-holidays,pl,pulse,DE,200,,0,https://livdar.com/pl/dni-wolne-od-pracy/niemcy/,0.26,0.259,64779,2,True,"index, follow",False,https://livdar.com/pl/dni-wolne-od-pracy/niemcy/,True,True,2026-09-21T00:00:00.000Z,Niemcy: dni wolne od pracy 2026 i zasięg każdego z nich,55,1,Niemcy: dni wolne od pracy 2026,True,150,True,6,True,True,6,0,True,True,True,True,True,True,1,1,,17,6,False,0,0,754,87,4,0,1,4,True,0,0.313,0.043,False,latin
/pl/dni-wolne-od-pracy/polska/,events.country-holidays,pl,pulse,PL,200,,0,https://livdar.com/pl/dni-wolne-od-pracy/polska/,0.212,0.212,59065,2,True,"index, follow",False,https://livdar.com/pl/dni-wolne-od-pracy/polska/,True,True,2026-09-21T00:00:00.000Z,Polska: dni wolne od pracy 2026 i zasięg każdego z nich,55,1,Polska: dni wolne od pracy 2026,True,151,True,1,True,False,1,0,True,True,True,True,True,True,1,1,,17,6,False,0,0,630,62,4,0,1,4,True,0,0.313,0.045,False,latin
/pl/dzielnice-miasta/gdansk/,neighbourhoods.city-where-to-stay,pl,areas,3099434,200,,0,https://livdar.com/pl/dzielnice-miasta/gdansk/,0.284,0.284,56470,2,True,"index, follow",False,https://livdar.com/pl/dzielnice-miasta/gdansk/,True,True,2026-09-21T00:00:00.000Z,Dzielnice w mieście Gdańsk: gdzie leżą i jak daleko od centrum,62,1,Dzielnice w mieście Gdańsk,True,156,True,1,True,False,1,0,True,True,True,True,True,True,1,1,,15,5,False,0,0,556,46,4,0,1,4,True,0,0.322,0.06,False,latin
/pl/dzielnice-miasta/nowy-jork/,neighbourhoods.city-where-to-stay,pl,areas,5128581,200,,0,https://livdar.com/pl/dzielnice-miasta/nowy-jork/,0.281,0.263,77904,2,True,"index, follow",False,https://livdar.com/pl/dzielnice-miasta/nowy-jork/,True,True,2026-09-21T00:00:00.000Z,Dzielnice w mieście Nowy Jork: gdzie leżą i jak daleko od centrum,65,1,Dzielnice w mieście Nowy Jork,True,161,True,8,True,True,8,0,True,True,True,True,True,True,1,1,,15,5,False,0,0,878,173,4,0,1,4,True,0,0.229,0.048,False,latin
/pl/dzielnice-miasta/paryz/,neighbourhoods.city-where-to-stay,pl,areas,2988507,200,,0,https://livdar.com/pl/dzielnice-miasta/paryz/,0.453,0.452,62442,2,True,"index, follow",False,https://livdar.com/pl/dzielnice-miasta/paryz/,True,True,2026-09-21T00:00:00.000Z,Dzielnice w mieście Paryż: gdzie leżą i jak daleko od centrum,61,1,Dzielnice w mieście Paryż,True,157,True,8,True,True,8,0,True,True,True,True,True,True,1,1,,15,5,False,0,0,647,76,4,0,1,4,True,0,0.311,0.058,False,latin
/pl/dzielnice-miasta/wroclaw/,neighbourhoods.city-where-to-stay,pl,areas,3081368,200,1,0,https://livdar.com/pl/dzielnice-miasta/wroclaw/,0.311,0.31,56449,2,True,"index, follow",False,https://livdar.com/pl/dzielnice-miasta/wroclaw/,True,True,2026-09-21T00:00:00.000Z,Dzielnice w mieście Wrocław: gdzie leżą i jak daleko od centrum,63,1,Dzielnice w mieście Wrocław,True,157,True,1,True,False,1,0,True,True,True,True,True,True,1,1,,15,5,False,0,0,542,47,4,0,1,4,True,0,0.322,0.06,False,latin
/pl/kalkulatory/gdzie-mieszkac/,tools.matcher,pl,tools,where-should-i-live,200,1,0,https://livdar.com/pl/kalkulatory/gdzie-mieszkac/,0.279,0.279,63869,2,True,"index, follow",False,https://livdar.com/pl/kalkulatory/gdzie-mieszkac/,True,True,2026-09-21T00:00:00.000Z,Gdzie mieszkać: na zmierzonych danych,37,1,Gdzie mieszkać,True,172,True,9,True,True,9,0,True,True,True,True,True,True,1,1,,16,27,False,0,0,532,50,4,0,1,5,True,0,0.124,0.044,False,latin
/pl/kalkulatory/gdzie-sie-zatrzymac/,tools.matcher,pl,tools,where-should-i-stay,200,,0,https://livdar.com/pl/kalkulatory/gdzie-sie-zatrzymac/,0.229,0.228,99279,2,True,"index, follow",False,https://livdar.com/pl/kalkulatory/gdzie-sie-zatrzymac/,True,True,2026-09-21T00:00:00.000Z,Gdzie się zatrzymać: na zmierzonych danych,42,1,Gdzie się zatrzymać,True,153,True,9,True,True,9,0,True,True,True,True,True,True,1,1,,16,16,False,0,0,585,25,4,0,1,5,True,0,0.124,0.042,False,latin
/pl/kalkulatory/kalkulator-kosztow-zycia/,tools.cost-calculator,pl,tools,cost-of-living-calculator,200,2,0,https://livdar.com/pl/kalkulatory/kalkulator-kosztow-zycia/,0.358,0.357,64718,2,True,"index, follow",False,https://livdar.com/pl/kalkulatory/kalkulator-kosztow-zycia/,True,True,2026-09-21T00:00:00.000Z,Kalkulator kosztów życia: na zmierzonych danych,47,1,Kalkulator kosztów życia,True,171,True,6,True,True,6,0,True,True,True,True,True,True,1,1,,15,29,False,0,0,574,36,4,1,1,4,True,0,0.047,0.03,False,latin
/pl/kalkulatory/kalkulator-wynagrodzen/,tools.calculator,pl,tools,salary-calculator,200,2,0,https://livdar.com/pl/kalkulatory/kalkulator-wynagrodzen/,0.266,0.266,62472,2,True,"index, follow",False,https://livdar.com/pl/kalkulatory/kalkulator-wynagrodzen/,True,True,2026-09-21T00:00:00.000Z,Kalkulator wynagrodzeń: na zmierzonych danych,45,1,Kalkulator wynagrodzeń,True,156,True,10,True,True,10,0,True,True,True,True,True,True,1,1,,16,11,False,0,0,478,34,4,0,1,4,True,0,0.148,0.042,False,latin
/pl/kalkulatory/koszt-przeprowadzki/,tools.calculator,pl,tools,moving-cost,200,,0,https://livdar.com/pl/kalkulatory/koszt-przeprowadzki/,0.514,0.513,58356,2,True,"index, follow",False,https://livdar.com/pl/kalkulatory/koszt-przeprowadzki/,True,True,2026-09-21T00:00:00.000Z,Koszt przeprowadzki: na zmierzonych danych,42,1,Koszt przeprowadzki,True,151,True,9,True,True,9,0,True,True,True,True,True,True,1,1,,16,16,False,0,0,499,40,4,0,1,4,True,0,0.148,0.051,False,latin
/pl/kalkulatory/porownanie-miast/,tools.cost-comparison,pl,tools,city-comparison,200,1,0,https://livdar.com/pl/kalkulatory/porownanie-miast/,0.488,0.488,55999,2,True,"index, follow",False,https://livdar.com/pl/kalkulatory/porownanie-miast/,True,True,2026-09-21T00:00:00.000Z,Porównanie miast: na zmierzonych danych,39,1,Porównanie miast,True,174,True,6,True,True,6,0,True,True,True,True,True,True,1,1,,15,6,False,0,0,463,30,4,0,1,4,True,0,0.064,0.047,False,latin
/pl/koszty-zycia/albania/,cost-of-living.country,pl,move,AL,200,,0,https://livdar.com/pl/koszty-zycia/albania/,0.347,0.346,57409,2,True,"index, follow",False,https://livdar.com/pl/koszty-zycia/albania/,True,True,2026-09-21T00:00:00.000Z,Koszty życia w Albanii: co naprawdę mówi poziom cen,51,1,Koszty życia w Albanii,True,152,True,5,True,True,5,0,True,True,True,True,True,True,1,1,,16,9,False,0,0,574,48,4,0,1,4,True,0,0.417,0.08,False,latin
/pl/koszty-zycia/australia/,cost-of-living.country,pl,move,AU,200,,0,https://livdar.com/pl/koszty-zycia/australia/,0.28,0.28,54252,2,True,"index, follow",False,https://livdar.com/pl/koszty-zycia/australia/,True,True,2026-09-21T00:00:00.000Z,Koszty życia w Australii: co naprawdę mówi poziom cen,53,1,Koszty życia w Australii,True,153,True,8,True,True,8,0,True,True,True,True,True,True,1,1,,17,8,False,0,0,504,23,4,0,1,4,True,0,0.559,0.066,False,latin
/pl/koszty-zycia/belgia/,cost-of-living.country,pl,move,BE,200,,0,https://livdar.com/pl/koszty-zycia/belgia/,0.274,0.274,56501,2,True,"index, follow",False,https://livdar.com/pl/koszty-zycia/belgia/,True,True,2026-09-21T00:00:00.000Z,Koszty życia w Belgii: co naprawdę mówi poziom cen,50,1,Koszty życia w Belgii,True,152,True,1,True,False,1,0,True,True,True,True,True,True,1,1,,15,11,False,0,0,578,48,4,0,1,4,True,0,0.444,0.082,False,latin
/pl/koszty-zycia/bulgaria/,cost-of-living.country,pl,move,BG,200,,0,https://livdar.com/pl/koszty-zycia/bulgaria/,0.234,0.233,58262,2,True,"index, follow",False,https://livdar.com/pl/koszty-zycia/bulgaria/,True,True,2026-09-21T00:00:00.000Z,Koszty życia w Bułgarii: co naprawdę mówi poziom cen,52,1,Koszty życia w Bułgarii,True,153,True,6,True,False,6,0,True,True,True,True,True,True,1,1,,15,10,False,0,0,579,48,4,0,1,4,True,0,0.436,0.082,False,latin
/pl/koszty-zycia/czechy/,cost-of-living.country,pl,move,CZ,200,,0,https://livdar.com/pl/koszty-zycia/czechy/,0.236,0.236,57036,2,True,"index, follow",False,https://livdar.com/pl/koszty-zycia/czechy/,True,True,2026-09-21T00:00:00.000Z,Koszty życia w Czechach: co naprawdę mówi poziom cen,52,1,Koszty życia w Czechach,True,151,True,3,True,False,3,0,True,True,True,True,True,True,1,1,,16,9,False,0,0,569,48,4,0,1,4,True,0,0.432,0.081,False,latin
/pl/koszty-zycia/dania/,cost-of-living.country,pl,move,DK,200,,0,https://livdar.com/pl/koszty-zycia/dania/,0.278,0.278,59228,2,True,"index, follow",False,https://livdar.com/pl/koszty-zycia/dania/,True,True,2026-09-21T00:00:00.000Z,Koszty życia w Danii: co naprawdę mówi poziom cen,49,1,Koszty życia w Danii,True,151,True,10,True,True,10,0,True,True,True,True,True,True,1,1,,16,5,False,0,0,573,48,4,0,1,4,True,0,0.431,0.08,False,latin
/pl/koszty-zycia/francja/,cost-of-living.country,pl,move,FR,200,,0,https://livdar.com/pl/koszty-zycia/francja/,0.474,0.474,58364,2,True,"index, follow",False,https://livdar.com/pl/koszty-zycia/francja/,True,True,2026-09-21T00:00:00.000Z,Koszty życia we Francji: co naprawdę mówi poziom cen,52,1,Koszty życia we Francji,True,153,True,7,True,True,7,0,True,True,True,True,True,True,1,1,,15,4,False,0,0,578,48,4,0,1,4,True,0,0.439,0.082,False,latin
/pl/koszty-zycia/grecja/,cost-of-living.country,pl,move,GR,200,1,0,https://livdar.com/pl/koszty-zycia/grecja/,0.413,0.4,58810,2,True,"index, follow",False,https://livdar.com/pl/koszty-zycia/grecja/,True,True,2026-09-21T00:00:00.000Z,Koszty życia w Grecji: co naprawdę mówi poziom cen,50,1,Koszty życia w Grecji,True,149,True,9,True,True,9,0,True,True,True,True,True,True,1,1,,15,4,False,0,0,571,48,4,0,1,4,True,0,0.45,0.082,False,latin
/pl/koszty-zycia/hiszpania/,cost-of-living.country,pl,move,ES,200,,0,https://livdar.com/pl/koszty-zycia/hiszpania/,0.238,0.237,59345,2,True,"index, follow",False,https://livdar.com/pl/koszty-zycia/hiszpania/,True,True,2026-09-21T00:00:00.000Z,Koszty życia w Hiszpanii: co naprawdę mówi poziom cen,53,1,Koszty życia w Hiszpanii,True,154,True,10,True,True,10,0,True,True,True,True,True,True,1,1,,15,4,False,0,0,578,48,4,0,1,4,True,0,0.445,0.082,False,latin
/pl/koszty-zycia/holandia/,cost-of-living.country,pl,move,NL,200,,0,https://livdar.com/pl/koszty-zycia/holandia/,0.189,0.188,58466,2,True,"index, follow",False,https://livdar.com/pl/koszty-zycia/holandia/,True,True,2026-09-21T00:00:00.000Z,Koszty życia w Holandii: co naprawdę mówi poziom cen,52,1,Koszty życia w Holandii,True,152,True,7,True,True,7,0,True,True,True,True,True,True,1,1,,15,4,False,0,0,570,48,4,0,1,4,True,0,0.445,0.083,False,latin
/pl/koszty-zycia/irlandia/,cost-of-living.country,pl,move,IE,200,1,0,https://livdar.com/pl/koszty-zycia/irlandia/,0.247,0.247,58775,2,True,"index, follow",False,https://livdar.com/pl/koszty-zycia/irlandia/,True,True,2026-09-21T00:00:00.000Z,Koszty życia w Irlandii: co naprawdę mówi poziom cen,52,1,Koszty życia w Irlandii,True,154,True,8,True,True,8,0,True,True,True,True,True,True,1,1,,15,4,False,0,0,579,48,4,0,1,4,True,0,0.445,0.082,False,latin
/pl/koszty-zycia/japonia/,cost-of-living.country,pl,move,JP,200,,0,https://livdar.com/pl/koszty-zycia/japonia/,0.275,0.275,54985,2,True,"index, follow",False,https://livdar.com/pl/koszty-zycia/japonia/,True,True,2026-09-21T00:00:00.000Z,Koszty życia w Japonii: co naprawdę mówi poziom cen,51,1,Koszty życia w Japonii,True,150,True,8,True,True,8,0,True,True,True,True,True,True,1,1,,15,4,False,0,0,516,26,4,0,1,4,True,0,0.39,0.08,False,latin
/pl/koszty-zycia/malta/,cost-of-living.country,pl,move,MT,200,,0,https://livdar.com/pl/koszty-zycia/malta/,0.458,0.449,59158,2,True,"index, follow",False,https://livdar.com/pl/koszty-zycia/malta/,True,True,2026-09-21T00:00:00.000Z,Koszty życia na Malcie: co naprawdę mówi poziom cen,51,1,Koszty życia na Malcie,True,150,True,10,True,True,10,0,True,True,True,True,True,True,1,1,,15,4,False,0,0,577,48,4,0,1,4,True,0,0.437,0.082,False,latin
/pl/koszty-zycia/niemcy/,cost-of-living.country,pl,move,DE,200,1,0,https://livdar.com/pl/koszty-zycia/niemcy/,0.267,0.266,58927,2,True,"index, follow",False,https://livdar.com/pl/koszty-zycia/niemcy/,True,True,2026-09-21T00:00:00.000Z,Koszty życia w Niemczech: co naprawdę mówi poziom cen,53,1,Koszty życia w Niemczech,True,152,True,9,True,True,9,0,True,True,True,True,True,True,1,1,,16,6,False,0,0,568,48,4,0,1,4,True,0,0.433,0.081,False,latin
/pl/koszty-zycia/norwegia/,cost-of-living.country,pl,move,NO,200,1,0,https://livdar.com/pl/koszty-zycia/norwegia/,0.256,0.256,59168,2,True,"index, follow",False,https://livdar.com/pl/koszty-zycia/norwegia/,True,True,2026-09-21T00:00:00.000Z,Koszty życia w Norwegii: co naprawdę mówi poziom cen,52,1,Koszty życia w Norwegii,True,154,True,9,True,True,9,0,True,True,True,True,True,True,1,1,,15,4,False,0,0,580,48,4,0,1,4,True,0,0.439,0.082,False,latin
/pl/koszty-zycia/polska/,cost-of-living.country,pl,move,PL,200,1,0,https://livdar.com/pl/koszty-zycia/polska/,0.376,0.375,58631,2,True,"index, follow",False,https://livdar.com/pl/koszty-zycia/polska/,True,True,2026-09-21T00:00:00.000Z,Koszty życia w Polsce: co naprawdę mówi poziom cen,50,1,Koszty życia w Polsce,True,151,True,8,True,True,8,0,True,True,True,True,True,True,1,1,,16,7,False,0,0,575,48,4,0,1,4,True,0,0.428,0.08,False,latin
/pl/koszty-zycia/portugalia/,cost-of-living.country,pl,move,PT,200,,0,https://livdar.com/pl/koszty-zycia/portugalia/,0.185,0.184,59442,2,True,"index, follow",False,https://livdar.com/pl/koszty-zycia/portugalia/,True,True,2026-09-21T00:00:00.000Z,Koszty życia w Portugalii: co naprawdę mówi poziom cen,54,1,Koszty życia w Portugalii,True,153,True,10,True,True,10,0,True,True,True,True,True,True,1,1,,15,4,False,0,0,570,48,4,0,1,4,True,0,0.45,0.083,False,latin
/pl/koszty-zycia/szwajcaria/,cost-of-living.country,pl,move,CH,200,1,0,https://livdar.com/pl/koszty-zycia/szwajcaria/,0.27,0.269,59014,2,True,"index, follow",False,https://livdar.com/pl/koszty-zycia/szwajcaria/,True,True,2026-09-21T00:00:00.000Z,Koszty życia w Szwajcarii: co naprawdę mówi poziom cen,54,1,Koszty życia w Szwajcarii,True,156,True,9,True,True,9,0,True,True,True,True,True,True,1,1,,15,5,False,0,0,565,46,4,0,1,4,True,0,0.427,0.081,False,latin
/pl/koszty-zycia/szwecja/,cost-of-living.country,pl,move,SE,200,,0,https://livdar.com/pl/koszty-zycia/szwecja/,0.318,0.318,58673,2,True,"index, follow",False,https://livdar.com/pl/koszty-zycia/szwecja/,True,True,2026-09-21T00:00:00.000Z,Koszty życia w Szwecji: co naprawdę mówi poziom cen,51,1,Koszty życia w Szwecji,True,151,True,8,True,True,8,0,True,True,True,True,True,True,1,1,,16,5,False,0,0,566,48,4,0,1,4,True,0,0.433,0.081,False,latin
/pl/koszty-zycia/tajlandia/,cost-of-living.country,pl,move,TH,200,,0,https://livdar.com/pl/koszty-zycia/tajlandia/,0.458,0.458,53242,2,True,"index, follow",False,https://livdar.com/pl/koszty-zycia/tajlandia/,True,True,2026-09-21T00:00:00.000Z,Koszty życia w Tajlandii: co naprawdę mówi poziom cen,53,1,Koszty życia w Tajlandii,True,154,True,5,True,True,5,0,True,True,True,True,True,True,1,1,,17,8,False,0,0,503,23,4,0,1,4,True,0,0.559,0.065,False,latin
/pl/koszty-zycia/turcja/,cost-of-living.country,pl,move,TR,200,,0,https://livdar.com/pl/koszty-zycia/turcja/,0.233,0.233,58507,2,True,"index, follow",False,https://livdar.com/pl/koszty-zycia/turcja/,True,True,2026-09-21T00:00:00.000Z,Koszty życia w Turcji: co naprawdę mówi poziom cen,50,1,Koszty życia w Turcji,True,151,True,8,True,True,8,0,True,True,True,True,True,True,1,1,,15,6,False,0,0,568,46,4,0,1,4,True,0,0.422,0.081,False,latin
/pl/koszty-zycia/wlochy/,cost-of-living.country,pl,move,IT,200,,0,https://livdar.com/pl/koszty-zycia/wlochy/,0.207,0.207,58921,2,True,"index, follow",False,https://livdar.com/pl/koszty-zycia/wlochy/,True,True,2026-09-21T00:00:00.000Z,Koszty życia we Włoszech: co naprawdę mówi poziom cen,53,1,Koszty życia we Włoszech,True,151,True,9,True,True,9,0,True,True,True,True,True,True,1,1,,16,4,False,0,0,577,48,4,0,1,4,True,0,0.437,0.082,False,latin
/pl/rankingi/najdrozsze-kraje-swiata/,rankings.index,pl,tools,most-expensive-countries,200,,0,https://livdar.com/pl/rankingi/najdrozsze-kraje-swiata/,0.304,0.303,72964,2,True,"index, follow",False,https://livdar.com/pl/rankingi/najdrozsze-kraje-swiata/,True,True,2026-09-21T00:00:00.000Z,Najdroższe kraje świata: lista oparta na pomiarze,49,1,Najdroższe kraje świata,True,147,True,9,True,True,9,0,True,True,True,True,True,True,1,1,,15,25,False,0,0,684,164,4,0,1,4,True,0,0.224,0.053,False,latin
/pl/rankingi/najtansze-kraje-do-zycia/,rankings.index,pl,tools,cheapest-countries,200,,0,https://livdar.com/pl/rankingi/najtansze-kraje-do-zycia/,0.278,0.278,72887,2,True,"index, follow",False,https://livdar.com/pl/rankingi/najtansze-kraje-do-zycia/,True,True,2026-09-21T00:00:00.000Z,Najtańsze kraje do życia: lista oparta na pomiarze,50,1,Najtańsze kraje do życia,True,148,True,10,True,True,10,0,True,True,True,True,True,True,1,1,,15,25,False,0,0,662,164,4,0,1,4,True,0,0.224,0.059,False,latin
/pl/rankingi/najtansze-kraje-w-europie/,rankings.index,pl,tools,cheapest-countries-europe,200,,0,https://livdar.com/pl/rankingi/najtansze-kraje-w-europie/,0.261,0.26,68044,2,True,"index, follow",False,https://livdar.com/pl/rankingi/najtansze-kraje-w-europie/,True,True,2026-09-21T00:00:00.000Z,Najtańsze kraje w Europie: lista oparta na pomiarze,51,1,Najtańsze kraje w Europie,True,148,True,9,True,True,9,0,True,True,True,True,True,True,1,1,,15,2,False,0,0,608,124,4,0,1,4,True,0,0.156,0.045,False,latin
/pl/wynagrodzenia/czechy/,work.country-salaries,pl,work,CZ,200,,0,https://livdar.com/pl/wynagrodzenia/czechy/,0.275,0.274,53488,2,True,"index, follow",False,https://livdar.com/pl/wynagrodzenia/czechy/,True,True,2026-09-21T00:00:00.000Z,"Zarobki w Czechach: brutto, netto i płaca minimalna",51,1,Zarobki w Czechach,True,171,True,4,True,True,4,0,True,True,True,True,True,True,1,1,,17,10,False,0,0,485,33,4,0,1,4,True,0,0.419,0.084,False,latin
/pl/wynagrodzenia/dania/,work.country-salaries,pl,work,DK,200,,0,https://livdar.com/pl/wynagrodzenia/dania/,0.282,0.282,53520,2,True,"index, follow",False,https://livdar.com/pl/wynagrodzenia/dania/,True,True,2026-09-21T00:00:00.000Z,"Zarobki w Danii: brutto, netto i płaca minimalna",48,1,Zarobki w Danii,True,170,True,6,True,True,6,0,True,True,True,True,True,True,1,1,,17,10,False,0,0,487,28,4,0,1,4,True,0,0.458,0.084,False,latin
/pl/wynagrodzenia/niemcy/,work.country-salaries,pl,work,DE,200,,0,https://livdar.com/pl/wynagrodzenia/niemcy/,0.267,0.266,54378,2,True,"index, follow",False,https://livdar.com/pl/wynagrodzenia/niemcy/,True,True,2026-09-21T00:00:00.000Z,"Zarobki w Niemczech: brutto, netto i płaca minimalna",52,1,Zarobki w Niemczech,True,171,True,7,True,True,7,0,True,True,True,True,True,True,1,1,,17,11,False,0,0,483,33,4,0,1,4,True,0,0.396,0.083,False,latin
/pl/wynagrodzenia/polska/,work.country-salaries,pl,work,PL,200,,0,https://livdar.com/pl/wynagrodzenia/polska/,0.301,0.301,54416,2,True,"index, follow",False,https://livdar.com/pl/wynagrodzenia/polska/,True,True,2026-09-21T00:00:00.000Z,"Średnie zarobki w Polsce: brutto, netto i płaca minimalna",57,1,Średnie zarobki w Polsce,True,171,True,7,True,True,7,0,True,True,True,True,True,True,1,1,,17,11,False,0,0,486,33,4,0,1,4,True,0,0.403,0.083,False,latin
/pl/wynagrodzenia/szwecja/,work.country-salaries,pl,work,SE,200,,0,https://livdar.com/pl/wynagrodzenia/szwecja/,0.212,0.211,52778,2,True,"index, follow",False,https://livdar.com/pl/wynagrodzenia/szwecja/,True,True,2026-09-21T00:00:00.000Z,"Zarobki w Szwecji: brutto, netto i płaca minimalna",50,1,Zarobki w Szwecji,True,172,True,3,True,True,3,0,True,True,True,True,True,True,1,1,,17,5,False,0,0,484,28,4,0,1,4,True,0,0.458,0.084,False,latin
/pt/custo-de-vida/alemanha/,cost-of-living.country,pt,move,DE,200,,0,https://livdar.com/pt/custo-de-vida/alemanha/,0.241,0.24,58936,2,True,"index, follow",False,https://livdar.com/pt/custo-de-vida/alemanha/,True,True,2026-09-21T00:00:00.000Z,Custo de vida na Alemanha: o que o nível de preços diz de facto,63,1,Custo de vida na Alemanha,True,150,True,9,True,True,9,0,True,True,True,True,True,True,1,1,,16,12,False,0,0,642,48,4,0,1,4,True,0,0.47,0.082,False,latin
/pt/custo-de-vida/argentina/,cost-of-living.country,pt,move,AR,200,,0,https://livdar.com/pt/custo-de-vida/argentina/,0.192,0.191,51702,2,True,"index, follow",False,https://livdar.com/pt/custo-de-vida/argentina/,True,True,2026-09-21T00:00:00.000Z,Custo de vida na Argentina: o que o nível de preços diz de facto,64,1,Custo de vida na Argentina,True,150,True,1,True,False,1,0,True,True,True,True,True,True,1,1,,16,8,False,0,0,548,25,4,0,1,4,True,0,0.675,0.068,False,latin
/pt/custo-de-vida/brasil/,cost-of-living.country,pt,move,BR,200,,0,https://livdar.com/pt/custo-de-vida/brasil/,0.235,0.234,51551,2,True,"index, follow",False,https://livdar.com/pt/custo-de-vida/brasil/,True,True,2026-09-21T00:00:00.000Z,Custo de vida no Brasil: o que o nível de preços diz de facto,61,1,Custo de vida no Brasil,True,147,True,1,True,False,1,0,True,True,True,True,True,True,1,1,,17,7,False,0,0,548,25,4,0,1,4,True,0,0.675,0.068,False,latin
/pt/custo-de-vida/bulgaria/,cost-of-living.country,pt,move,BG,200,,0,https://livdar.com/pt/custo-de-vida/bulgaria/,0.215,0.215,58242,2,True,"index, follow",False,https://livdar.com/pt/custo-de-vida/bulgaria/,True,True,2026-09-21T00:00:00.000Z,Custo de vida na Bulgária: o que o nível de preços diz de facto,63,1,Custo de vida na Bulgária,True,149,True,6,True,False,6,0,True,True,True,True,True,True,1,1,,15,12,False,0,0,649,48,4,0,1,4,True,0,0.469,0.08,False,latin
/pt/custo-de-vida/canada/,cost-of-living.country,pt,move,CA,200,1,0,https://livdar.com/pt/custo-de-vida/canada/,0.462,0.461,52612,2,True,"index, follow",False,https://livdar.com/pt/custo-de-vida/canada/,True,True,2026-09-21T00:00:00.000Z,Custo de vida no Canadá: o que o nível de preços diz de facto,61,1,Custo de vida no Canadá,True,147,True,4,True,True,4,0,True,True,True,True,True,True,1,1,,15,7,False,0,0,559,23,4,0,1,4,True,0,0.543,0.069,False,latin
/pt/custo-de-vida/croacia/,cost-of-living.country,pt,move,HR,200,,0,https://livdar.com/pt/custo-de-vida/croacia/,0.342,0.342,58404,2,True,"index, follow",False,https://livdar.com/pt/custo-de-vida/croacia/,True,True,2026-09-21T00:00:00.000Z,Custo de vida na Croácia: o que o nível de preços diz de facto,62,1,Custo de vida na Croácia,True,148,True,7,True,True,7,0,True,True,True,True,True,True,1,1,,15,5,False,0,0,643,48,4,0,1,4,True,0,0.474,0.081,False,latin
/pt/custo-de-vida/dinamarca/,cost-of-living.country,pt,move,DK,200,1,0,https://livdar.com/pt/custo-de-vida/dinamarca/,0.323,0.322,59394,2,True,"index, follow",False,https://livdar.com/pt/custo-de-vida/dinamarca/,True,True,2026-09-21T00:00:00.000Z,Custo de vida na Dinamarca: o que o nível de preços diz de facto,64,1,Custo de vida na Dinamarca,True,151,True,10,True,True,10,0,True,True,True,True,True,True,1,1,,15,4,False,0,0,647,48,4,0,1,4,True,0,0.472,0.081,False,latin
/pt/custo-de-vida/espanha/,cost-of-living.country,pt,move,ES,200,,0,https://livdar.com/pt/custo-de-vida/espanha/,0.293,0.293,59151,2,True,"index, follow",False,https://livdar.com/pt/custo-de-vida/espanha/,True,True,2026-09-21T00:00:00.000Z,Custo de vida na Espanha: o que o nível de preços diz de facto,62,1,Custo de vida na Espanha,True,148,True,10,True,True,10,0,True,True,True,True,True,True,1,1,,15,4,False,0,0,646,48,4,0,1,4,True,0,0.474,0.081,False,latin
/pt/custo-de-vida/franca/,cost-of-living.country,pt,move,FR,200,1,0,https://livdar.com/pt/custo-de-vida/franca/,0.284,0.283,58224,2,True,"index, follow",False,https://livdar.com/pt/custo-de-vida/franca/,True,True,2026-09-21T00:00:00.000Z,Custo de vida na França: o que o nível de preços diz de facto,61,1,Custo de vida na França,True,148,True,7,True,True,7,0,True,True,True,True,True,True,1,1,,15,4,False,0,0,646,48,4,0,1,4,True,0,0.477,0.081,False,latin
/pt/custo-de-vida/grecia/,cost-of-living.country,pt,move,GR,200,,0,https://livdar.com/pt/custo-de-vida/grecia/,0.244,0.243,58743,2,True,"index, follow",False,https://livdar.com/pt/custo-de-vida/grecia/,True,True,2026-09-21T00:00:00.000Z,Custo de vida na Grécia: o que o nível de preços diz de facto,61,1,Custo de vida na Grécia,True,145,True,9,True,True,9,0,True,True,True,True,True,True,1,1,,15,4,False,0,0,639,48,4,0,1,4,True,0,0.474,0.082,False,latin
/pt/custo-de-vida/irlanda/,cost-of-living.country,pt,move,IE,200,,0,https://livdar.com/pt/custo-de-vida/irlanda/,0.336,0.335,58608,2,True,"index, follow",False,https://livdar.com/pt/custo-de-vida/irlanda/,True,True,2026-09-21T00:00:00.000Z,Custo de vida na Irlanda: o que o nível de preços diz de facto,62,1,Custo de vida na Irlanda,True,149,True,8,True,True,8,0,True,True,True,True,True,True,1,1,,15,4,False,0,0,647,48,4,0,1,4,True,0,0.477,0.081,False,latin
/pt/custo-de-vida/italia/,cost-of-living.country,pt,move,IT,200,,0,https://livdar.com/pt/custo-de-vida/italia/,0.235,0.234,58792,2,True,"index, follow",False,https://livdar.com/pt/custo-de-vida/italia/,True,True,2026-09-21T00:00:00.000Z,Custo de vida na Itália: o que o nível de preços diz de facto,61,1,Custo de vida na Itália,True,147,True,9,True,True,9,0,True,True,True,True,True,True,1,1,,15,4,False,0,0,645,48,4,0,1,4,True,0,0.467,0.081,False,latin
/pt/custo-de-vida/japao/,cost-of-living.country,pt,move,JP,200,,0,https://livdar.com/pt/custo-de-vida/japao/,0.294,0.293,54819,2,True,"index, follow",False,https://livdar.com/pt/custo-de-vida/japao/,True,True,2026-09-21T00:00:00.000Z,Custo de vida no Japão: o que o nível de preços diz de facto,60,1,Custo de vida no Japão,True,144,True,8,True,True,8,0,True,True,True,True,True,True,1,1,,15,4,False,0,0,578,26,4,0,1,4,True,0,0.52,0.079,False,latin
/pt/custo-de-vida/malta/,cost-of-living.country,pt,move,MT,200,,0,https://livdar.com/pt/custo-de-vida/malta/,0.339,0.338,59061,2,True,"index, follow",False,https://livdar.com/pt/custo-de-vida/malta/,True,True,2026-09-21T00:00:00.000Z,Custo de vida em Malta: o que o nível de preços diz de facto,60,1,Custo de vida em Malta,True,146,True,10,True,True,10,0,True,True,True,True,True,True,1,1,,15,4,False,0,0,641,48,4,0,1,4,True,0,0.477,0.082,False,latin
/pt/custo-de-vida/noruega/,cost-of-living.country,pt,move,NO,200,,0,https://livdar.com/pt/custo-de-vida/noruega/,0.291,0.285,59043,2,True,"index, follow",False,https://livdar.com/pt/custo-de-vida/noruega/,True,True,2026-09-21T00:00:00.000Z,Custo de vida na Noruega: o que o nível de preços diz de facto,62,1,Custo de vida na Noruega,True,149,True,9,True,True,9,0,True,True,True,True,True,True,1,1,,15,4,False,0,0,648,48,4,0,1,4,True,0,0.477,0.081,False,latin
/pt/custo-de-vida/paises-baixos/,cost-of-living.country,pt,move,NL,200,1,0,https://livdar.com/pt/custo-de-vida/paises-baixos/,0.249,0.249,58646,2,True,"index, follow",False,https://livdar.com/pt/custo-de-vida/paises-baixos/,True,True,2026-09-21T00:00:00.000Z,Custo de vida na Holanda: o que o nível de preços diz de facto,62,1,Custo de vida na Holanda,True,153,True,7,True,True,7,0,True,True,True,True,True,True,1,1,,15,4,False,0,0,642,48,4,0,1,4,True,0,0.47,0.081,False,latin
/pt/custo-de-vida/portugal/,cost-of-living.country,pt,move,PT,200,1,0,https://livdar.com/pt/custo-de-vida/portugal/,0.389,0.388,59196,2,True,"index, follow",False,https://livdar.com/pt/custo-de-vida/portugal/,True,True,2026-09-21T00:00:00.000Z,Custo de vida em Portugal: o que o nível de preços diz de facto,63,1,Custo de vida em Portugal,True,147,True,10,True,True,10,0,True,True,True,True,True,True,1,1,,16,6,False,0,0,632,48,4,0,1,4,True,0,0.45,0.08,False,latin
/pt/custo-de-vida/reino-unido/,cost-of-living.country,pt,move,GB,200,,0,https://livdar.com/pt/custo-de-vida/reino-unido/,0.439,0.439,53395,2,True,"index, follow",False,https://livdar.com/pt/custo-de-vida/reino-unido/,True,True,2026-09-21T00:00:00.000Z,Custo de vida na Inglaterra: o que o nível de preços diz de facto,65,1,Custo de vida na Inglaterra,True,153,True,2,True,False,2,0,True,True,True,True,True,True,1,1,,15,4,False,0,0,587,26,4,0,1,4,True,0,0.52,0.08,False,latin
/pt/custo-de-vida/suecia/,cost-of-living.country,pt,move,SE,200,,0,https://livdar.com/pt/custo-de-vida/suecia/,0.582,0.58,58640,2,True,"index, follow",False,https://livdar.com/pt/custo-de-vida/suecia/,True,True,2026-09-21T00:00:00.000Z,Custo de vida na Suécia: o que o nível de preços diz de facto,61,1,Custo de vida na Suécia,True,146,True,8,True,True,8,0,True,True,True,True,True,True,1,1,,15,4,False,0,0,642,48,4,0,1,4,True,0,0.473,0.082,False,latin
/pt/custo-de-vida/suica/,cost-of-living.country,pt,move,CH,200,,0,https://livdar.com/pt/custo-de-vida/suica/,0.318,0.317,58857,2,True,"index, follow",False,https://livdar.com/pt/custo-de-vida/suica/,True,True,2026-09-21T00:00:00.000Z,Custo de vida na Suíça: o que o nível de preços diz de facto,60,1,Custo de vida na Suíça,True,147,True,9,True,True,9,0,True,True,True,True,True,True,1,1,,15,5,False,0,0,637,46,4,0,1,4,True,0,0.473,0.081,False,latin
/pt/custo-de-vida/turquia/,cost-of-living.country,pt,move,TR,200,,0,https://livdar.com/pt/custo-de-vida/turquia/,0.332,0.332,58652,2,True,"index, follow",False,https://livdar.com/pt/custo-de-vida/turquia/,True,True,2026-09-21T00:00:00.000Z,Custo de vida na Turquia: o que o nível de preços diz de facto,62,1,Custo de vida na Turquia,True,148,True,8,True,True,8,0,True,True,True,True,True,True,1,1,,16,5,False,0,0,642,46,4,0,1,4,True,0,0.466,0.08,False,latin
/pt/custo-de-vida/uruguai/,cost-of-living.country,pt,move,UY,200,,0,https://livdar.com/pt/custo-de-vida/uruguai/,0.293,0.293,51610,2,True,"index, follow",False,https://livdar.com/pt/custo-de-vida/uruguai/,True,True,2026-09-21T00:00:00.000Z,Custo de vida no Uruguai: o que o nível de preços diz de facto,62,1,Custo de vida no Uruguai,True,148,True,1,True,False,1,0,True,True,True,True,True,True,1,1,,17,8,False,0,0,548,25,4,0,1,4,True,0,0.596,0.068,False,latin
/pt/feriados/mexico/,events.country-holidays,pt,pulse,MX,200,,0,https://livdar.com/pt/feriados/mexico/,0.584,0.583,53414,2,True,"index, follow",False,https://livdar.com/pt/feriados/mexico/,True,True,2026-09-21T00:00:00.000Z,"México: feriados 2026, e onde vale cada um",42,1,México: feriados 2026,True,117,True,2,True,False,2,0,True,True,True,True,True,True,1,1,,16,5,False,0,0,546,40,4,0,1,4,True,0,0.385,0.05,False,latin
/pt/feriados/portugal/,events.country-holidays,pt,pulse,PT,200,,0,https://livdar.com/pt/feriados/portugal/,0.227,0.227,57253,2,True,"index, follow",False,https://livdar.com/pt/feriados/portugal/,True,True,2026-09-21T00:00:00.000Z,"Portugal: feriados 2026, e onde vale cada um",44,1,Portugal: feriados 2026,True,121,True,1,True,False,1,0,True,True,True,True,True,True,1,1,,17,5,False,0,0,656,59,4,0,1,4,True,0,0.385,0.047,False,latin
/pt/ferramentas/calculadora-custo-de-vida/,tools.cost-calculator,pt,tools,cost-of-living-calculator,200,,0,https://livdar.com/pt/ferramentas/calculadora-custo-de-vida/,0.338,0.338,80137,2,True,"index, follow",False,https://livdar.com/pt/ferramentas/calculadora-custo-de-vida/,True,True,2026-09-21T00:00:00.000Z,Calculadora custo de vida: sobre dados medidos,46,1,Calculadora custo de vida,True,167,True,6,True,True,6,0,True,True,True,True,True,True,1,1,,15,31,False,0,0,990,36,4,1,1,4,True,0,0.042,0.025,False,latin
/pt/ferramentas/calculadora-de-salario/,tools.calculator,pt,tools,salary-calculator,200,,0,https://livdar.com/pt/ferramentas/calculadora-de-salario/,0.27,0.27,62114,2,True,"index, follow",False,https://livdar.com/pt/ferramentas/calculadora-de-salario/,True,True,2026-09-21T00:00:00.000Z,Calculadora de salario: sobre dados medidos,43,1,Calculadora de salario,True,151,True,10,True,True,10,0,True,False,True,True,True,True,1,1,,15,26,False,0,0,547,34,4,0,1,4,True,0,0.217,0.046,False,latin
/pt/ferramentas/comparar-cidades/,tools.cost-comparison,pt,tools,city-comparison,200,,0,https://livdar.com/pt/ferramentas/comparar-cidades/,0.236,0.236,55339,2,True,"index, follow",False,https://livdar.com/pt/ferramentas/comparar-cidades/,True,True,2026-09-21T00:00:00.000Z,Comparar cidades: sobre dados medidos,37,1,Comparar cidades,True,169,True,6,True,True,6,0,True,True,True,True,True,True,1,1,,16,3,False,0,0,522,30,4,0,1,4,True,0,0.059,0.043,False,latin
/pt/ferramentas/melhor-pais-para-morar/,tools.matcher,pt,tools,destination-matcher,200,,0,https://livdar.com/pt/ferramentas/melhor-pais-para-morar/,0.259,0.259,74369,2,True,"index, follow",False,https://livdar.com/pt/ferramentas/melhor-pais-para-morar/,True,True,2026-09-21T00:00:00.000Z,Melhor pais para morar: sobre dados medidos,43,1,Melhor pais para morar,True,177,True,9,True,True,9,0,True,True,True,True,True,True,1,1,,15,14,False,0,0,570,30,4,0,1,4,True,0,0.412,0.059,False,latin
/pt/ferramentas/onde-ficar/,tools.matcher,pt,tools,where-should-i-stay,200,,0,https://livdar.com/pt/ferramentas/onde-ficar/,0.566,0.566,97844,2,True,"index, follow",False,https://livdar.com/pt/ferramentas/onde-ficar/,True,True,2026-09-21T00:00:00.000Z,Onde ficar: sobre dados medidos,31,1,Onde ficar,True,139,True,9,True,True,9,0,True,True,True,True,True,True,1,1,,16,13,False,0,0,616,25,4,0,1,5,True,0,0.141,0.046,False,latin
/pt/ferramentas/onde-morar/,tools.matcher,pt,tools,where-should-i-live,200,,0,https://livdar.com/pt/ferramentas/onde-morar/,0.35,0.349,73470,2,True,"index, follow",False,https://livdar.com/pt/ferramentas/onde-morar/,True,True,2026-09-21T00:00:00.000Z,Onde morar: sobre dados medidos,31,1,Onde morar,True,163,True,9,True,True,9,0,True,True,True,True,True,True,1,1,,16,4,False,0,0,545,30,4,0,1,4,True,0,0.412,0.059,False,latin
/pt/ferramentas/quanto-custa-morar-fora/,tools.calculator,pt,tools,relocation-budget,200,,0,https://livdar.com/pt/ferramentas/quanto-custa-morar-fora/,0.287,0.287,54565,2,True,"index, follow",False,https://livdar.com/pt/ferramentas/quanto-custa-morar-fora/,True,True,2026-09-21T00:00:00.000Z,Quanto custa morar fora: sobre dados medidos,44,1,Quanto custa morar fora,True,176,True,5,True,True,5,0,True,True,True,True,True,True,1,1,,16,10,False,0,0,513,30,4,0,1,4,True,0,0.316,0.052,False,latin
/pt/ferramentas/quanto-custa-viajar/,tools.calculator,pt,tools,travel-budget,200,,0,https://livdar.com/pt/ferramentas/quanto-custa-viajar/,0.316,0.305,79540,2,True,"index, follow",False,https://livdar.com/pt/ferramentas/quanto-custa-viajar/,True,True,2026-09-21T00:00:00.000Z,Quanto custa viajar: sobre dados medidos,40,1,Quanto custa viajar,True,161,True,7,True,True,7,0,True,True,True,True,True,True,1,1,,16,8,False,0,0,998,36,4,1,1,4,True,0,0.316,0.043,False,latin
/pt/onde-ficar/londres/,neighbourhoods.city-where-to-stay,pt,areas,2643743,200,1,0,https://livdar.com/pt/onde-ficar/londres/,0.199,0.199,71878,2,True,"index, follow",False,https://livdar.com/pt/onde-ficar/londres/,True,True,2026-09-21T00:00:00.000Z,Bairros de Londres: onde fica cada um e a que distância do centro,65,1,Bairros de Londres,True,143,True,8,True,True,8,0,True,True,True,True,True,True,1,1,,16,9,False,0,0,822,105,4,0,1,4,True,0,0.246,0.05,False,latin
/pt/onde-ficar/nova-york/,neighbourhoods.city-where-to-stay,pt,areas,5128581,200,,0,https://livdar.com/pt/onde-ficar/nova-york/,0.256,0.255,75682,2,True,"index, follow",False,https://livdar.com/pt/onde-ficar/nova-york/,True,True,2026-09-21T00:00:00.000Z,Bairros de Nova York: onde fica cada um e a que distância do centro,67,1,Bairros de Nova York,True,145,True,8,True,True,8,0,True,True,True,True,True,True,1,1,,16,9,False,0,0,900,119,4,0,1,4,True,0,0.231,0.049,False,latin
/pt/onde-ficar/paris/,neighbourhoods.city-where-to-stay,pt,areas,2988507,200,,0,https://livdar.com/pt/onde-ficar/paris/,0.464,0.464,61063,2,True,"index, follow",False,https://livdar.com/pt/onde-ficar/paris/,True,True,2026-09-21T00:00:00.000Z,Bairros de Paris: onde fica cada um e a que distância do centro,63,1,Bairros de Paris,True,141,True,8,True,True,8,0,True,True,True,True,True,True,1,1,,16,8,False,0,0,688,59,4,0,1,4,True,0,0.246,0.056,False,latin
/pt/onde-ficar/sao-paulo/,neighbourhoods.city-where-to-stay,pt,areas,3448439,200,,0,https://livdar.com/pt/onde-ficar/sao-paulo/,0.32,0.32,73065,2,True,"index, follow",False,https://livdar.com/pt/onde-ficar/sao-paulo/,True,True,2026-09-21T00:00:00.000Z,Bairros de São Paulo: onde fica cada um e a que distância do centro,67,1,Bairros de São Paulo,True,146,True,1,True,False,1,0,True,True,True,True,True,True,1,1,,16,7,False,0,0,878,119,4,0,1,4,True,0,0.235,0.047,False,latin
/pt/rankings/paises-mais-baratos-da-europa/,rankings.index,pt,tools,cheapest-countries-europe,200,,0,https://livdar.com/pt/rankings/paises-mais-baratos-da-europa/,0.244,0.244,68349,2,True,"index, follow",False,https://livdar.com/pt/rankings/paises-mais-baratos-da-europa/,True,True,2026-09-21T00:00:00.000Z,Os países mais baratos da Europa: a lista medida,48,1,Os países mais baratos da Europa,True,175,True,9,True,True,9,0,True,True,True,True,True,True,1,1,,15,26,False,0,0,678,124,4,0,1,4,True,0,0.183,0.046,False,latin
/pt/rankings/paises-mais-baratos-para-morar/,rankings.index,pt,tools,cheapest-countries,200,,0,https://livdar.com/pt/rankings/paises-mais-baratos-para-morar/,0.232,0.232,73237,2,True,"index, follow",False,https://livdar.com/pt/rankings/paises-mais-baratos-para-morar/,True,True,2026-09-21T00:00:00.000Z,Os países mais baratos para viver: a lista medida,49,1,Os países mais baratos para viver,True,177,True,10,True,True,10,0,True,True,True,True,True,True,1,1,,15,25,False,0,0,719,164,4,0,1,4,True,0,0.238,0.054,False,latin
/pt/rankings/paises-mais-caros-do-mundo/,rankings.index,pt,tools,most-expensive-countries,200,,0,https://livdar.com/pt/rankings/paises-mais-caros-do-mundo/,0.237,0.237,73142,2,True,"index, follow",False,https://livdar.com/pt/rankings/paises-mais-caros-do-mundo/,True,True,2026-09-21T00:00:00.000Z,Os países mais caros para viver: a lista medida,47,1,Os países mais caros para viver,True,175,True,9,True,True,9,0,True,True,True,True,True,True,1,1,,15,6,False,0,0,742,164,4,0,1,4,True,0,0.238,0.056,False,latin
/pt/salarios/portugal/,work.country-salaries,pt,work,PT,200,,0,https://livdar.com/pt/salarios/portugal/,0.604,0.603,52960,2,True,"index, follow",False,https://livdar.com/pt/salarios/portugal/,True,True,2026-09-21T00:00:00.000Z,"Salario medio Portugal: bruto, líquido e salário mínimo",55,1,Salario medio Portugal,True,166,True,4,True,True,4,0,True,True,True,True,True,True,1,1,,17,10,False,0,0,559,33,4,0,1,4,True,0,0.065,0.056,False,latin
