id	proposed_url	surface	family	page_type	entity	entity_label	destination	country	subdivision	city	language	search_market	primary_keyword	secondary_keywords	monthly_volume	kd	traffic_potential	cpc_cents	measured	measured_via	serp_intent	serp_features	top_ranking_urls	weakest_top10_competitor	weakest_competitor_dr	weakest_competitor_ur	weakest_competitor_refdomains	competitor_traffic	livdar_coverage_now	current_live_equivalent	source_id	source_data_available	source_licence	source_licensing_status	programmatic_feasibility	uniqueness_potential	quality_risk	monetization_fit	internal_link_fit	gsc_evidence	confidence	status	notes	family_demand_tier	family_measured_coverage	family_best_measured_volume
C000019	/de/feiertage/oesterreich/	pulse	events.country-holidays	country-holiday-calendar	AT	Austria		AT			de	de-DE	feiertage Österreich		988	35		3	yes	keywords-explorer-overview 2026-09-29									LIVE	/de/feiertage/oesterreich/	events-verified	yes	ODbL 1.0	ODbL 1.0, share-alike on the database, attribution required	high	high, dates and regional variation differ per country	SAFE_TO_SCALE	low, informational intent	high, links to subdivisions, named holidays and long weekends	out_of_window	measured-live	VALIDATED	already live Global volume 13000. Global volume 13000.	DEMAND_MODERATE	29/330	8683
C000034	/nl/feestdagen/belgie/	pulse	events.country-holidays	country-holiday-calendar	BE	Belgium		BE			nl	nl-NL	feestdagen België		884	12		3	yes	keywords-explorer-overview 2026-09-29									LIVE	/nl/feestdagen/belgie/	events-verified	yes	ODbL 1.0	ODbL 1.0, share-alike on the database, attribution required	high	high, dates and regional variation differ per country	SAFE_TO_SCALE	low, informational intent	high, links to subdivisions, named holidays and long weekends	out_of_window	measured-live	VALIDATED	already live Global volume 3200. Global volume 3200.	DEMAND_MODERATE	29/330	8683
C000055	/de/feiertage/schweiz/	pulse	events.country-holidays	country-holiday-calendar	CH	Switzerland		CH			de	de-DE	feiertage Schweiz		899	7		4	yes	keywords-explorer-overview 2026-09-29									LIVE	/de/feiertage/schweiz/	events-verified	yes	ODbL 1.0	ODbL 1.0, share-alike on the database, attribution required	high	high, dates and regional variation differ per country	SAFE_TO_SCALE	low, informational intent	high, links to subdivisions, named holidays and long weekends	out_of_window	measured-live	VALIDATED	already live Global volume 3500. Global volume 3500.	DEMAND_MODERATE	29/330	8683
C000073	/de/feiertage/deutschland/	pulse	events.country-holidays	country-holiday-calendar	DE	Germany		DE			de	de-DE	feiertage Deutschland		3863	44		1	yes	keywords-explorer-overview 2026-09-29									LIVE	/de/feiertage/deutschland/	events-verified	yes	ODbL 1.0	ODbL 1.0, share-alike on the database, attribution required	high	high, dates and regional variation differ per country	SAFE_TO_SCALE	low, informational intent	high, links to subdivisions, named holidays and long weekends	out_of_window	measured-live	VALIDATED	already live Global volume 6700. Global volume 6700.	DEMAND_MODERATE	29/330	8683
C000079	/nl/feestdagen/duitsland/	pulse	events.country-holidays	country-holiday-calendar	DE	Germany		DE			nl	nl-NL	feestdagen Duitsland		2921	4		2	yes	keywords-explorer-overview 2026-09-29									LIVE	/nl/feestdagen/duitsland/	events-verified	yes	ODbL 1.0	ODbL 1.0, share-alike on the database, attribution required	high	high, dates and regional variation differ per country	SAFE_TO_SCALE	low, informational intent	high, links to subdivisions, named holidays and long weekends	out_of_window	measured-live	VALIDATED	already live Global volume 4400. Global volume 4400.	DEMAND_MODERATE	29/330	8683
C000100	/de/feiertage/frankreich/	pulse	events.country-holidays	country-holiday-calendar	FR	France		FR			de	de-DE	feiertage Frankreich		1102	1		15	yes	keywords-explorer-overview 2026-09-29									LIVE	/de/feiertage/frankreich/	events-verified	yes	ODbL 1.0	ODbL 1.0, share-alike on the database, attribution required	high	high, dates and regional variation differ per country	SAFE_TO_SCALE	low, informational intent	high, links to subdivisions, named holidays and long weekends	out_of_window	measured-live	VALIDATED	already live Global volume 3000. Global volume 3000.	DEMAND_MODERATE	29/330	8683
C000103	/fr/jours-feries/france/	pulse	events.country-holidays	country-holiday-calendar	FR	France		FR			fr	fr-FR	jours feries France		1322	13		1	yes	keywords-explorer-overview 2026-09-29									LIVE	/fr/jours-feries/france/	events-verified	yes	ODbL 1.0	ODbL 1.0, share-alike on the database, attribution required	high	high, dates and regional variation differ per country	SAFE_TO_SCALE	low, informational intent	high, links to subdivisions, named holidays and long weekends	out_of_window	measured-live	VALIDATED	already live Global volume 2800. Global volume 2800.	DEMAND_MODERATE	29/330	8683
C000136	/de/feiertage/italien/	pulse	events.country-holidays	country-holiday-calendar	IT	Italy		IT			de	de-DE	feiertage Italien		621	1		5	yes	keywords-explorer-overview 2026-09-29									LIVE	/de/feiertage/italien/	events-verified	yes	ODbL 1.0	ODbL 1.0, share-alike on the database, attribution required	high	high, dates and regional variation differ per country	SAFE_TO_SCALE	low, informational intent	high, links to subdivisions, named holidays and long weekends	out_of_window	measured-live	VALIDATED	already live Global volume 2100. Global volume 2100.	DEMAND_MODERATE	29/330	8683
C000217	/de/feiertage/niederlande/	pulse	events.country-holidays	country-holiday-calendar	NL	Netherlands		NL			de	de-DE	feiertage Niederlande		952	0		1	yes	keywords-explorer-overview 2026-09-29									LIVE	/de/feiertage/niederlande/	events-verified	yes	ODbL 1.0	ODbL 1.0, share-alike on the database, attribution required	high	high, dates and regional variation differ per country	SAFE_TO_SCALE	low, informational intent	high, links to subdivisions, named holidays and long weekends	out_of_window	measured-live	VALIDATED	already live Global volume 2700. Global volume 2700.	DEMAND_MODERATE	29/330	8683
C000223	/nl/feestdagen/nederland/	pulse	events.country-holidays	country-holiday-calendar	NL	Netherlands		NL			nl	nl-NL	feestdagen Nederland		1401	18		1	yes	keywords-explorer-overview 2026-09-29									LIVE	/nl/feestdagen/nederland/	events-verified	yes	ODbL 1.0	ODbL 1.0, share-alike on the database, attribution required	high	high, dates and regional variation differ per country	SAFE_TO_SCALE	low, informational intent	high, links to subdivisions, named holidays and long weekends	out_of_window	measured-live	VALIDATED	already live Global volume 4600. Global volume 4600.	DEMAND_MODERATE	29/330	8683
C000559	/de/feiertage/baden-wuerttemberg/	pulse	events.subdivision-holidays	subdivision-holiday-calendar	DE-BW	Baden-Württemberg		DE	BW		de	de-DE	feiertage Baden-Württemberg 2026		1532	1		6	yes	keywords-explorer-overview 2026-09-29									LIVE	/de/feiertage/baden-wuerttemberg/	events-verified	yes	ODbL 1.0	ODbL 1.0, share-alike on the database, attribution required	high	high, 3 holidays differ from the national set	SAFE_TO_SCALE	low, informational intent	high, parent country and sibling subdivisions	out_of_window	measured-live	VALIDATED	3 region-specific holiday names in the window Global volume 6200. Global volume 6200.	DEMAND_HIGH	14/621	24385
C000568	/de/feiertage/bayern/	pulse	events.subdivision-holidays	subdivision-holiday-calendar	DE-BY	Bayern		DE	BY		de	de-DE	feiertage Bayern 2026		24385	2		6	yes	keywords-explorer-overview 2026-09-29									LIVE	/de/feiertage/bayern/	events-verified	yes	ODbL 1.0	ODbL 1.0, share-alike on the database, attribution required	high	high, 4 holidays differ from the national set	SAFE_TO_SCALE	low, informational intent	high, parent country and sibling subdivisions	out_of_window	measured-live	VALIDATED	4 region-specific holiday names in the window Global volume 156000. Global volume 156000.	DEMAND_HIGH	14/621	24385
C000586	/de/feiertage/berlin/	pulse	events.subdivision-holidays	subdivision-holiday-calendar	DE-BE	Berlin		DE	BE		de	de-DE	feiertage Berlin 2026		10012	1		5	yes	keywords-explorer-overview 2026-09-29									LIVE	/de/feiertage/berlin/	events-verified	yes	ODbL 1.0	ODbL 1.0, share-alike on the database, attribution required	high	high, 1 holidays differ from the national set	SAFE_TO_SCALE	low, informational intent	high, parent country and sibling subdivisions	out_of_window	measured-live	VALIDATED	1 region-specific holiday names in the window Global volume 46000. Global volume 46000.	DEMAND_HIGH	14/621	24385
C000604	/de/feiertage/brandenburg/	pulse	events.subdivision-holidays	subdivision-holiday-calendar	DE-BB	Brandenburg		DE	BB		de	de-DE	feiertage Brandenburg 2026		2553	0		4	yes	keywords-explorer-overview 2026-09-29									LIVE	/de/feiertage/brandenburg/	events-verified	yes	ODbL 1.0	ODbL 1.0, share-alike on the database, attribution required	high	high, 3 holidays differ from the national set	SAFE_TO_SCALE	low, informational intent	high, parent country and sibling subdivisions	out_of_window	measured-live	VALIDATED	3 region-specific holiday names in the window Global volume 12000. Global volume 12000.	DEMAND_HIGH	14/621	24385
C000613	/de/feiertage/hessen/	pulse	events.subdivision-holidays	subdivision-holiday-calendar	DE-HE	Hessen		DE	HE		de	de-DE	feiertage Hessen 2026		8626	0		5	yes	keywords-explorer-overview 2026-09-29									LIVE	/de/feiertage/hessen/	events-verified	yes	ODbL 1.0	ODbL 1.0, share-alike on the database, attribution required	high	high, 1 holidays differ from the national set	SAFE_TO_SCALE	low, informational intent	high, parent country and sibling subdivisions	out_of_window	measured-live	VALIDATED	1 region-specific holiday names in the window Global volume 72000. Global volume 72000.	DEMAND_HIGH	14/621	24385
C000649	/de/feiertage/thueringen/	pulse	events.subdivision-holidays	subdivision-holiday-calendar	DE-TH	Thüringen		DE	TH		de	de-DE	feiertage Thüringen 2026		1796	0		4	yes	keywords-explorer-overview 2026-09-29									LIVE	/de/feiertage/thueringen/	events-verified	yes	ODbL 1.0	ODbL 1.0, share-alike on the database, attribution required	high	high, 2 holidays differ from the national set	SAFE_TO_SCALE	low, informational intent	high, parent country and sibling subdivisions	out_of_window	measured-live	VALIDATED	2 region-specific holiday names in the window Global volume 9000. Global volume 9000.	DEMAND_HIGH	14/621	24385
C000676	/de/feiertage/niedersachsen/	pulse	events.subdivision-holidays	subdivision-holiday-calendar	DE-NI	Niedersachsen		DE	NI		de	de-DE	feiertage Niedersachsen 2026		11934	0		5	yes	keywords-explorer-overview 2026-09-29									LIVE	/de/feiertage/niedersachsen/	events-verified	yes	ODbL 1.0	ODbL 1.0, share-alike on the database, attribution required	high	high, 1 holidays differ from the national set	SAFE_TO_SCALE	low, informational intent	high, parent country and sibling subdivisions	out_of_window	measured-live	VALIDATED	1 region-specific holiday names in the window Global volume 48000. Global volume 48000.	DEMAND_HIGH	14/621	24385
C000685	/de/feiertage/sachsen/	pulse	events.subdivision-holidays	subdivision-holiday-calendar	DE-SN	Sachsen		DE	SN		de	de-DE	feiertage Sachsen 2026		11065	0		6	yes	keywords-explorer-overview 2026-09-29									LIVE	/de/feiertage/sachsen/	events-verified	yes	ODbL 1.0	ODbL 1.0, share-alike on the database, attribution required	high	high, 2 holidays differ from the national set	SAFE_TO_SCALE	low, informational intent	high, parent country and sibling subdivisions	out_of_window	measured-live	VALIDATED	2 region-specific holiday names in the window Global volume 27000. Global volume 27000.	DEMAND_HIGH	14/621	24385
C001007	/de/feiertage/schweiz/fronleichnam/	pulse	events.named-holiday-regions	named-holiday-which-regions	CH::Corpus Christi	Fronleichnam		CH			de	de-DE	Fronleichnam feiertag wo		43496	4		70	yes	keywords-explorer-overview 2026-09-29									none		events-verified	yes	ODbL 1.0	ODbL 1.0, share-alike on the database, attribution required	high, a pivot of data already held	high, the answer is a region list that differs per holiday	SAFE_TO_SCALE	low, informational intent	high, cross-links every region that observes it	out_of_window	high	VALIDATED	region-variable holiday, so the which-regions question has a real answer Global volume 16000. Global volume 16000.	DEMAND_HIGH	11/261	43496
C001071	/de/feiertage/deutschland/heilige-drei-koenige/	pulse	events.named-holiday-regions	named-holiday-which-regions	DE::Epiphany	Heilige Drei Könige		DE			de	de-DE	Heilige Drei Könige feiertag wo		1184	2		5	yes	keywords-explorer-overview 2026-09-29									none		events-verified	yes	ODbL 1.0	ODbL 1.0, share-alike on the database, attribution required	high, a pivot of data already held	high, the answer is a region list that differs per holiday	SAFE_TO_SCALE	low, informational intent	high, cross-links every region that observes it	out_of_window	high	VALIDATED	region-variable holiday, so the which-regions question has a real answer Global volume 2100. Global volume 2100.	DEMAND_HIGH	11/261	43496
C001079	/de/feiertage/deutschland/fronleichnam/	pulse	events.named-holiday-regions	named-holiday-which-regions	DE::Corpus Christi	Fronleichnam		DE			de	de-DE	Fronleichnam feiertag wo		43496	4		70	yes	keywords-explorer-overview 2026-09-29									none		events-verified	yes	ODbL 1.0	ODbL 1.0, share-alike on the database, attribution required	high, a pivot of data already held	high, the answer is a region list that differs per holiday	SAFE_TO_SCALE	low, informational intent	high, cross-links every region that observes it	out_of_window	high	VALIDATED	region-variable holiday, so the which-regions question has a real answer Global volume 16000. Global volume 16000.	DEMAND_HIGH	11/261	43496
C001207	/de/feiertage/andorra/2026/	pulse	events.long-weekends	long-weekend-and-bridge-day-planner	AD::2026	Andorra 2026		AD			de	de-DE	brückentage 2026		1712	1		9	yes	keywords-explorer-overview 2026-09-29									none		events-verified	yes	ODbL 1.0	ODbL 1.0, share-alike on the database, attribution required	high, computed from held holiday dates	high, the bridge-day combinations are specific to the year and country	SAFE_TO_SCALE	medium, leave planning has commercial adjacency	high, country holidays and the year calendar	out_of_window	medium	PROMISING	the intent an AI Overview cannot finish in one line, unlike a single date Global volume 19000. Global volume 19000.	DEMAND_MODERATE	360/648	3963
C001216	/de/feiertage/andorra/2027/	pulse	events.long-weekends	long-weekend-and-bridge-day-planner	AD::2027	Andorra 2027		AD			de	de-DE	brückentage 2027		3963	0		6	yes	keywords-explorer-overview 2026-09-29									none		events-verified	yes	ODbL 1.0	ODbL 1.0, share-alike on the database, attribution required	high, computed from held holiday dates	high, the bridge-day combinations are specific to the year and country	SAFE_TO_SCALE	medium, leave planning has commercial adjacency	high, country holidays and the year calendar	out_of_window	medium	PROMISING	the intent an AI Overview cannot finish in one line, unlike a single date Global volume 900. Global volume 900.	DEMAND_MODERATE	360/648	3963
C001219	/fr/jours-feries/andorre/2027/	pulse	events.long-weekends	long-weekend-and-bridge-day-planner	AD::2027	Andorra 2027		AD			fr	fr-FR	ponts 2027		688	1			yes	keywords-explorer-overview 2026-09-29									none		events-verified	yes	ODbL 1.0	ODbL 1.0, share-alike on the database, attribution required	high, computed from held holiday dates	high, the bridge-day combinations are specific to the year and country	SAFE_TO_SCALE	medium, leave planning has commercial adjacency	high, country holidays and the year calendar	out_of_window	medium	PROMISING	the intent an AI Overview cannot finish in one line, unlike a single date Global volume 350. Global volume 350.	DEMAND_MODERATE	360/648	3963
C001223	/pl/dni-wolne-od-pracy/andora/2027/	pulse	events.long-weekends	long-weekend-and-bridge-day-planner	AD::2027	Andorra 2027		AD			pl	pl-PL	dlugie weekendy 2027		739	0		10	yes	keywords-explorer-overview 2026-09-29									none		events-verified	yes	ODbL 1.0	ODbL 1.0, share-alike on the database, attribution required	high, computed from held holiday dates	high, the bridge-day combinations are specific to the year and country	SAFE_TO_SCALE	medium, leave planning has commercial adjacency	high, country holidays and the year calendar	out_of_window	medium	PROMISING	the intent an AI Overview cannot finish in one line, unlike a single date Global volume 300. Global volume 300.	DEMAND_MODERATE	360/648	3963
C001225	/de/feiertage/albanien/2026/	pulse	events.long-weekends	long-weekend-and-bridge-day-planner	AL::2026	Albania 2026		AL			de	de-DE	brückentage 2026		1712	1		9	yes	keywords-explorer-overview 2026-09-29									none		events-verified	yes	ODbL 1.0	ODbL 1.0, share-alike on the database, attribution required	high, computed from held holiday dates	high, the bridge-day combinations are specific to the year and country	SAFE_TO_SCALE	medium, leave planning has commercial adjacency	high, country holidays and the year calendar	out_of_window	medium	PROMISING	the intent an AI Overview cannot finish in one line, unlike a single date Global volume 19000. Global volume 19000.	DEMAND_MODERATE	360/648	3963
C001234	/de/feiertage/albanien/2027/	pulse	events.long-weekends	long-weekend-and-bridge-day-planner	AL::2027	Albania 2027		AL			de	de-DE	brückentage 2027		3963	0		6	yes	keywords-explorer-overview 2026-09-29									none		events-verified	yes	ODbL 1.0	ODbL 1.0, share-alike on the database, attribution required	high, computed from held holiday dates	high, the bridge-day combinations are specific to the year and country	SAFE_TO_SCALE	medium, leave planning has commercial adjacency	high, country holidays and the year calendar	out_of_window	medium	PROMISING	the intent an AI Overview cannot finish in one line, unlike a single date Global volume 900. Global volume 900.	DEMAND_MODERATE	360/648	3963
C001237	/fr/jours-feries/albanie/2027/	pulse	events.long-weekends	long-weekend-and-bridge-day-planner	AL::2027	Albania 2027		AL			fr	fr-FR	ponts 2027		688	1			yes	keywords-explorer-overview 2026-09-29									none		events-verified	yes	ODbL 1.0	ODbL 1.0, share-alike on the database, attribution required	high, computed from held holiday dates	high, the bridge-day combinations are specific to the year and country	SAFE_TO_SCALE	medium, leave planning has commercial adjacency	high, country holidays and the year calendar	out_of_window	medium	PROMISING	the intent an AI Overview cannot finish in one line, unlike a single date Global volume 350. Global volume 350.	DEMAND_MODERATE	360/648	3963
C001241	/pl/dni-wolne-od-pracy/albania/2027/	pulse	events.long-weekends	long-weekend-and-bridge-day-planner	AL::2027	Albania 2027		AL			pl	pl-PL	dlugie weekendy 2027		739	0		10	yes	keywords-explorer-overview 2026-09-29									none		events-verified	yes	ODbL 1.0	ODbL 1.0, share-alike on the database, attribution required	high, computed from held holiday dates	high, the bridge-day combinations are specific to the year and country	SAFE_TO_SCALE	medium, leave planning has commercial adjacency	high, country holidays and the year calendar	out_of_window	medium	PROMISING	the intent an AI Overview cannot finish in one line, unlike a single date Global volume 300. Global volume 300.	DEMAND_MODERATE	360/648	3963
C001243	/de/feiertage/oesterreich/2026/	pulse	events.long-weekends	long-weekend-and-bridge-day-planner	AT::2026	Austria 2026		AT			de	de-DE	brückentage 2026		1712	1		9	yes	keywords-explorer-overview 2026-09-29									none		events-verified	yes	ODbL 1.0	ODbL 1.0, share-alike on the database, attribution required	high, computed from held holiday dates	high, the bridge-day combinations are specific to the year and country	SAFE_TO_SCALE	medium, leave planning has commercial adjacency	high, country holidays and the year calendar	out_of_window	medium	PROMISING	the intent an AI Overview cannot finish in one line, unlike a single date Global volume 19000. Global volume 19000.	DEMAND_MODERATE	360/648	3963
C001252	/de/feiertage/oesterreich/2027/	pulse	events.long-weekends	long-weekend-and-bridge-day-planner	AT::2027	Austria 2027		AT			de	de-DE	brückentage 2027		3963	0		6	yes	keywords-explorer-overview 2026-09-29									none		events-verified	yes	ODbL 1.0	ODbL 1.0, share-alike on the database, attribution required	high, computed from held holiday dates	high, the bridge-day combinations are specific to the year and country	SAFE_TO_SCALE	medium, leave planning has commercial adjacency	high, country holidays and the year calendar	out_of_window	medium	PROMISING	the intent an AI Overview cannot finish in one line, unlike a single date Global volume 900. Global volume 900.	DEMAND_MODERATE	360/648	3963
C001255	/fr/jours-feries/autriche/2027/	pulse	events.long-weekends	long-weekend-and-bridge-day-planner	AT::2027	Austria 2027		AT			fr	fr-FR	ponts 2027		688	1			yes	keywords-explorer-overview 2026-09-29									none		events-verified	yes	ODbL 1.0	ODbL 1.0, share-alike on the database, attribution required	high, computed from held holiday dates	high, the bridge-day combinations are specific to the year and country	SAFE_TO_SCALE	medium, leave planning has commercial adjacency	high, country holidays and the year calendar	out_of_window	medium	PROMISING	the intent an AI Overview cannot finish in one line, unlike a single date Global volume 350. Global volume 350.	DEMAND_MODERATE	360/648	3963
C001259	/pl/dni-wolne-od-pracy/austria/2027/	pulse	events.long-weekends	long-weekend-and-bridge-day-planner	AT::2027	Austria 2027		AT			pl	pl-PL	dlugie weekendy 2027		739	0		10	yes	keywords-explorer-overview 2026-09-29									none		events-verified	yes	ODbL 1.0	ODbL 1.0, share-alike on the database, attribution required	high, computed from held holiday dates	high, the bridge-day combinations are specific to the year and country	SAFE_TO_SCALE	medium, leave planning has commercial adjacency	high, country holidays and the year calendar	out_of_window	medium	PROMISING	the intent an AI Overview cannot finish in one line, unlike a single date Global volume 300. Global volume 300.	DEMAND_MODERATE	360/648	3963
C001261	/de/feiertage/belgien/2026/	pulse	events.long-weekends	long-weekend-and-bridge-day-planner	BE::2026	Belgium 2026		BE			de	de-DE	brückentage 2026		1712	1		9	yes	keywords-explorer-overview 2026-09-29									none		events-verified	yes	ODbL 1.0	ODbL 1.0, share-alike on the database, attribution required	high, computed from held holiday dates	high, the bridge-day combinations are specific to the year and country	SAFE_TO_SCALE	medium, leave planning has commercial adjacency	high, country holidays and the year calendar	out_of_window	medium	PROMISING	the intent an AI Overview cannot finish in one line, unlike a single date Global volume 19000. Global volume 19000.	DEMAND_MODERATE	360/648	3963
C001270	/de/feiertage/belgien/2027/	pulse	events.long-weekends	long-weekend-and-bridge-day-planner	BE::2027	Belgium 2027		BE			de	de-DE	brückentage 2027		3963	0		6	yes	keywords-explorer-overview 2026-09-29									none		events-verified	yes	ODbL 1.0	ODbL 1.0, share-alike on the database, attribution required	high, computed from held holiday dates	high, the bridge-day combinations are specific to the year and country	SAFE_TO_SCALE	medium, leave planning has commercial adjacency	high, country holidays and the year calendar	out_of_window	medium	PROMISING	the intent an AI Overview cannot finish in one line, unlike a single date Global volume 900. Global volume 900.	DEMAND_MODERATE	360/648	3963
C001273	/fr/jours-feries/belgique/2027/	pulse	events.long-weekends	long-weekend-and-bridge-day-planner	BE::2027	Belgium 2027		BE			fr	fr-FR	ponts 2027		688	1			yes	keywords-explorer-overview 2026-09-29									none		events-verified	yes	ODbL 1.0	ODbL 1.0, share-alike on the database, attribution required	high, computed from held holiday dates	high, the bridge-day combinations are specific to the year and country	SAFE_TO_SCALE	medium, leave planning has commercial adjacency	high, country holidays and the year calendar	out_of_window	medium	PROMISING	the intent an AI Overview cannot finish in one line, unlike a single date Global volume 350. Global volume 350.	DEMAND_MODERATE	360/648	3963
C001277	/pl/dni-wolne-od-pracy/belgia/2027/	pulse	events.long-weekends	long-weekend-and-bridge-day-planner	BE::2027	Belgium 2027		BE			pl	pl-PL	dlugie weekendy 2027		739	0		10	yes	keywords-explorer-overview 2026-09-29									none		events-verified	yes	ODbL 1.0	ODbL 1.0, share-alike on the database, attribution required	high, computed from held holiday dates	high, the bridge-day combinations are specific to the year and country	SAFE_TO_SCALE	medium, leave planning has commercial adjacency	high, country holidays and the year calendar	out_of_window	medium	PROMISING	the intent an AI Overview cannot finish in one line, unlike a single date Global volume 300. Global volume 300.	DEMAND_MODERATE	360/648	3963
C001279	/de/feiertage/bulgarien/2026/	pulse	events.long-weekends	long-weekend-and-bridge-day-planner	BG::2026	Bulgaria 2026		BG			de	de-DE	brückentage 2026		1712	1		9	yes	keywords-explorer-overview 2026-09-29									none		events-verified	yes	ODbL 1.0	ODbL 1.0, share-alike on the database, attribution required	high, computed from held holiday dates	high, the bridge-day combinations are specific to the year and country	SAFE_TO_SCALE	medium, leave planning has commercial adjacency	high, country holidays and the year calendar	out_of_window	medium	PROMISING	the intent an AI Overview cannot finish in one line, unlike a single date Global volume 19000. Global volume 19000.	DEMAND_MODERATE	360/648	3963
C001288	/de/feiertage/bulgarien/2027/	pulse	events.long-weekends	long-weekend-and-bridge-day-planner	BG::2027	Bulgaria 2027		BG			de	de-DE	brückentage 2027		3963	0		6	yes	keywords-explorer-overview 2026-09-29									none		events-verified	yes	ODbL 1.0	ODbL 1.0, share-alike on the database, attribution required	high, computed from held holiday dates	high, the bridge-day combinations are specific to the year and country	SAFE_TO_SCALE	medium, leave planning has commercial adjacency	high, country holidays and the year calendar	out_of_window	medium	PROMISING	the intent an AI Overview cannot finish in one line, unlike a single date Global volume 900. Global volume 900.	DEMAND_MODERATE	360/648	3963
C001291	/fr/jours-feries/bulgarie/2027/	pulse	events.long-weekends	long-weekend-and-bridge-day-planner	BG::2027	Bulgaria 2027		BG			fr	fr-FR	ponts 2027		688	1			yes	keywords-explorer-overview 2026-09-29									none		events-verified	yes	ODbL 1.0	ODbL 1.0, share-alike on the database, attribution required	high, computed from held holiday dates	high, the bridge-day combinations are specific to the year and country	SAFE_TO_SCALE	medium, leave planning has commercial adjacency	high, country holidays and the year calendar	out_of_window	medium	PROMISING	the intent an AI Overview cannot finish in one line, unlike a single date Global volume 350. Global volume 350.	DEMAND_MODERATE	360/648	3963
C001295	/pl/dni-wolne-od-pracy/bulgaria/2027/	pulse	events.long-weekends	long-weekend-and-bridge-day-planner	BG::2027	Bulgaria 2027		BG			pl	pl-PL	dlugie weekendy 2027		739	0		10	yes	keywords-explorer-overview 2026-09-29									none		events-verified	yes	ODbL 1.0	ODbL 1.0, share-alike on the database, attribution required	high, computed from held holiday dates	high, the bridge-day combinations are specific to the year and country	SAFE_TO_SCALE	medium, leave planning has commercial adjacency	high, country holidays and the year calendar	out_of_window	medium	PROMISING	the intent an AI Overview cannot finish in one line, unlike a single date Global volume 300. Global volume 300.	DEMAND_MODERATE	360/648	3963
C001297	/de/feiertage/belarus/2026/	pulse	events.long-weekends	long-weekend-and-bridge-day-planner	BY::2026	Belarus 2026		BY			de	de-DE	brückentage 2026		1712	1		9	yes	keywords-explorer-overview 2026-09-29									none		events-verified	yes	ODbL 1.0	ODbL 1.0, share-alike on the database, attribution required	high, computed from held holiday dates	high, the bridge-day combinations are specific to the year and country	SAFE_TO_SCALE	medium, leave planning has commercial adjacency	high, country holidays and the year calendar	out_of_window	medium	PROMISING	the intent an AI Overview cannot finish in one line, unlike a single date Global volume 19000. Global volume 19000.	DEMAND_MODERATE	360/648	3963
C001306	/de/feiertage/belarus/2027/	pulse	events.long-weekends	long-weekend-and-bridge-day-planner	BY::2027	Belarus 2027		BY			de	de-DE	brückentage 2027		3963	0		6	yes	keywords-explorer-overview 2026-09-29									none		events-verified	yes	ODbL 1.0	ODbL 1.0, share-alike on the database, attribution required	high, computed from held holiday dates	high, the bridge-day combinations are specific to the year and country	SAFE_TO_SCALE	medium, leave planning has commercial adjacency	high, country holidays and the year calendar	out_of_window	medium	PROMISING	the intent an AI Overview cannot finish in one line, unlike a single date Global volume 900. Global volume 900.	DEMAND_MODERATE	360/648	3963
C001309	/fr/jours-feries/bielorussie/2027/	pulse	events.long-weekends	long-weekend-and-bridge-day-planner	BY::2027	Belarus 2027		BY			fr	fr-FR	ponts 2027		688	1			yes	keywords-explorer-overview 2026-09-29									none		events-verified	yes	ODbL 1.0	ODbL 1.0, share-alike on the database, attribution required	high, computed from held holiday dates	high, the bridge-day combinations are specific to the year and country	SAFE_TO_SCALE	medium, leave planning has commercial adjacency	high, country holidays and the year calendar	out_of_window	medium	PROMISING	the intent an AI Overview cannot finish in one line, unlike a single date Global volume 350. Global volume 350.	DEMAND_MODERATE	360/648	3963
C001313	/pl/dni-wolne-od-pracy/bialorus/2027/	pulse	events.long-weekends	long-weekend-and-bridge-day-planner	BY::2027	Belarus 2027		BY			pl	pl-PL	dlugie weekendy 2027		739	0		10	yes	keywords-explorer-overview 2026-09-29									none		events-verified	yes	ODbL 1.0	ODbL 1.0, share-alike on the database, attribution required	high, computed from held holiday dates	high, the bridge-day combinations are specific to the year and country	SAFE_TO_SCALE	medium, leave planning has commercial adjacency	high, country holidays and the year calendar	out_of_window	medium	PROMISING	the intent an AI Overview cannot finish in one line, unlike a single date Global volume 300. Global volume 300.	DEMAND_MODERATE	360/648	3963
C001315	/de/feiertage/schweiz/2026/	pulse	events.long-weekends	long-weekend-and-bridge-day-planner	CH::2026	Switzerland 2026		CH			de	de-DE	brückentage 2026		1712	1		9	yes	keywords-explorer-overview 2026-09-29									none		events-verified	yes	ODbL 1.0	ODbL 1.0, share-alike on the database, attribution required	high, computed from held holiday dates	high, the bridge-day combinations are specific to the year and country	SAFE_TO_SCALE	medium, leave planning has commercial adjacency	high, country holidays and the year calendar	out_of_window	medium	PROMISING	the intent an AI Overview cannot finish in one line, unlike a single date Global volume 19000. Global volume 19000.	DEMAND_MODERATE	360/648	3963
C001324	/de/feiertage/schweiz/2027/	pulse	events.long-weekends	long-weekend-and-bridge-day-planner	CH::2027	Switzerland 2027		CH			de	de-DE	brückentage 2027		3963	0		6	yes	keywords-explorer-overview 2026-09-29									none		events-verified	yes	ODbL 1.0	ODbL 1.0, share-alike on the database, attribution required	high, computed from held holiday dates	high, the bridge-day combinations are specific to the year and country	SAFE_TO_SCALE	medium, leave planning has commercial adjacency	high, country holidays and the year calendar	out_of_window	medium	PROMISING	the intent an AI Overview cannot finish in one line, unlike a single date Global volume 900. Global volume 900.	DEMAND_MODERATE	360/648	3963
C001327	/fr/jours-feries/suisse/2027/	pulse	events.long-weekends	long-weekend-and-bridge-day-planner	CH::2027	Switzerland 2027		CH			fr	fr-FR	ponts 2027		688	1			yes	keywords-explorer-overview 2026-09-29									none		events-verified	yes	ODbL 1.0	ODbL 1.0, share-alike on the database, attribution required	high, computed from held holiday dates	high, the bridge-day combinations are specific to the year and country	SAFE_TO_SCALE	medium, leave planning has commercial adjacency	high, country holidays and the year calendar	out_of_window	medium	PROMISING	the intent an AI Overview cannot finish in one line, unlike a single date Global volume 350. Global volume 350.	DEMAND_MODERATE	360/648	3963
C001331	/pl/dni-wolne-od-pracy/szwajcaria/2027/	pulse	events.long-weekends	long-weekend-and-bridge-day-planner	CH::2027	Switzerland 2027		CH			pl	pl-PL	dlugie weekendy 2027		739	0		10	yes	keywords-explorer-overview 2026-09-29									none		events-verified	yes	ODbL 1.0	ODbL 1.0, share-alike on the database, attribution required	high, computed from held holiday dates	high, the bridge-day combinations are specific to the year and country	SAFE_TO_SCALE	medium, leave planning has commercial adjacency	high, country holidays and the year calendar	out_of_window	medium	PROMISING	the intent an AI Overview cannot finish in one line, unlike a single date Global volume 300. Global volume 300.	DEMAND_MODERATE	360/648	3963
C001333	/de/feiertage/tschechien/2026/	pulse	events.long-weekends	long-weekend-and-bridge-day-planner	CZ::2026	Czech Republic 2026		CZ			de	de-DE	brückentage 2026		1712	1		9	yes	keywords-explorer-overview 2026-09-29									none		events-verified	yes	ODbL 1.0	ODbL 1.0, share-alike on the database, attribution required	high, computed from held holiday dates	high, the bridge-day combinations are specific to the year and country	SAFE_TO_SCALE	medium, leave planning has commercial adjacency	high, country holidays and the year calendar	out_of_window	medium	PROMISING	the intent an AI Overview cannot finish in one line, unlike a single date Global volume 19000. Global volume 19000.	DEMAND_MODERATE	360/648	3963
C001342	/de/feiertage/tschechien/2027/	pulse	events.long-weekends	long-weekend-and-bridge-day-planner	CZ::2027	Czech Republic 2027		CZ			de	de-DE	brückentage 2027		3963	0		6	yes	keywords-explorer-overview 2026-09-29									none		events-verified	yes	ODbL 1.0	ODbL 1.0, share-alike on the database, attribution required	high, computed from held holiday dates	high, the bridge-day combinations are specific to the year and country	SAFE_TO_SCALE	medium, leave planning has commercial adjacency	high, country holidays and the year calendar	out_of_window	medium	PROMISING	the intent an AI Overview cannot finish in one line, unlike a single date Global volume 900. Global volume 900.	DEMAND_MODERATE	360/648	3963
C001345	/fr/jours-feries/tchequie/2027/	pulse	events.long-weekends	long-weekend-and-bridge-day-planner	CZ::2027	Czech Republic 2027		CZ			fr	fr-FR	ponts 2027		688	1			yes	keywords-explorer-overview 2026-09-29									none		events-verified	yes	ODbL 1.0	ODbL 1.0, share-alike on the database, attribution required	high, computed from held holiday dates	high, the bridge-day combinations are specific to the year and country	SAFE_TO_SCALE	medium, leave planning has commercial adjacency	high, country holidays and the year calendar	out_of_window	medium	PROMISING	the intent an AI Overview cannot finish in one line, unlike a single date Global volume 350. Global volume 350.	DEMAND_MODERATE	360/648	3963
C001349	/pl/dni-wolne-od-pracy/czechy/2027/	pulse	events.long-weekends	long-weekend-and-bridge-day-planner	CZ::2027	Czech Republic 2027		CZ			pl	pl-PL	dlugie weekendy 2027		739	0		10	yes	keywords-explorer-overview 2026-09-29									none		events-verified	yes	ODbL 1.0	ODbL 1.0, share-alike on the database, attribution required	high, computed from held holiday dates	high, the bridge-day combinations are specific to the year and country	SAFE_TO_SCALE	medium, leave planning has commercial adjacency	high, country holidays and the year calendar	out_of_window	medium	PROMISING	the intent an AI Overview cannot finish in one line, unlike a single date Global volume 300. Global volume 300.	DEMAND_MODERATE	360/648	3963
C001351	/de/feiertage/deutschland/2026/	pulse	events.long-weekends	long-weekend-and-bridge-day-planner	DE::2026	Germany 2026		DE			de	de-DE	brückentage 2026		1712	1		9	yes	keywords-explorer-overview 2026-09-29									none		events-verified	yes	ODbL 1.0	ODbL 1.0, share-alike on the database, attribution required	high, computed from held holiday dates	high, the bridge-day combinations are specific to the year and country	SAFE_TO_SCALE	medium, leave planning has commercial adjacency	high, country holidays and the year calendar	out_of_window	medium	PROMISING	the intent an AI Overview cannot finish in one line, unlike a single date Global volume 19000. Global volume 19000.	DEMAND_MODERATE	360/648	3963
C001360	/de/feiertage/deutschland/2027/	pulse	events.long-weekends	long-weekend-and-bridge-day-planner	DE::2027	Germany 2027		DE			de	de-DE	brückentage 2027		3963	0		6	yes	keywords-explorer-overview 2026-09-29									none		events-verified	yes	ODbL 1.0	ODbL 1.0, share-alike on the database, attribution required	high, computed from held holiday dates	high, the bridge-day combinations are specific to the year and country	SAFE_TO_SCALE	medium, leave planning has commercial adjacency	high, country holidays and the year calendar	out_of_window	medium	PROMISING	the intent an AI Overview cannot finish in one line, unlike a single date Global volume 900. Global volume 900.	DEMAND_MODERATE	360/648	3963
C001363	/fr/jours-feries/allemagne/2027/	pulse	events.long-weekends	long-weekend-and-bridge-day-planner	DE::2027	Germany 2027		DE			fr	fr-FR	ponts 2027		688	1			yes	keywords-explorer-overview 2026-09-29									none		events-verified	yes	ODbL 1.0	ODbL 1.0, share-alike on the database, attribution required	high, computed from held holiday dates	high, the bridge-day combinations are specific to the year and country	SAFE_TO_SCALE	medium, leave planning has commercial adjacency	high, country holidays and the year calendar	out_of_window	medium	PROMISING	the intent an AI Overview cannot finish in one line, unlike a single date Global volume 350. Global volume 350.	DEMAND_MODERATE	360/648	3963
C001367	/pl/dni-wolne-od-pracy/niemcy/2027/	pulse	events.long-weekends	long-weekend-and-bridge-day-planner	DE::2027	Germany 2027		DE			pl	pl-PL	dlugie weekendy 2027		739	0		10	yes	keywords-explorer-overview 2026-09-29									none		events-verified	yes	ODbL 1.0	ODbL 1.0, share-alike on the database, attribution required	high, computed from held holiday dates	high, the bridge-day combinations are specific to the year and country	SAFE_TO_SCALE	medium, leave planning has commercial adjacency	high, country holidays and the year calendar	out_of_window	medium	PROMISING	the intent an AI Overview cannot finish in one line, unlike a single date Global volume 300. Global volume 300.	DEMAND_MODERATE	360/648	3963
C001369	/de/feiertage/estland/2026/	pulse	events.long-weekends	long-weekend-and-bridge-day-planner	EE::2026	Estonia 2026		EE			de	de-DE	brückentage 2026		1712	1		9	yes	keywords-explorer-overview 2026-09-29									none		events-verified	yes	ODbL 1.0	ODbL 1.0, share-alike on the database, attribution required	high, computed from held holiday dates	high, the bridge-day combinations are specific to the year and country	SAFE_TO_SCALE	medium, leave planning has commercial adjacency	high, country holidays and the year calendar	out_of_window	medium	PROMISING	the intent an AI Overview cannot finish in one line, unlike a single date Global volume 19000. Global volume 19000.	DEMAND_MODERATE	360/648	3963
C001378	/de/feiertage/estland/2027/	pulse	events.long-weekends	long-weekend-and-bridge-day-planner	EE::2027	Estonia 2027		EE			de	de-DE	brückentage 2027		3963	0		6	yes	keywords-explorer-overview 2026-09-29									none		events-verified	yes	ODbL 1.0	ODbL 1.0, share-alike on the database, attribution required	high, computed from held holiday dates	high, the bridge-day combinations are specific to the year and country	SAFE_TO_SCALE	medium, leave planning has commercial adjacency	high, country holidays and the year calendar	out_of_window	medium	PROMISING	the intent an AI Overview cannot finish in one line, unlike a single date Global volume 900. Global volume 900.	DEMAND_MODERATE	360/648	3963
C001381	/fr/jours-feries/estonie/2027/	pulse	events.long-weekends	long-weekend-and-bridge-day-planner	EE::2027	Estonia 2027		EE			fr	fr-FR	ponts 2027		688	1			yes	keywords-explorer-overview 2026-09-29									none		events-verified	yes	ODbL 1.0	ODbL 1.0, share-alike on the database, attribution required	high, computed from held holiday dates	high, the bridge-day combinations are specific to the year and country	SAFE_TO_SCALE	medium, leave planning has commercial adjacency	high, country holidays and the year calendar	out_of_window	medium	PROMISING	the intent an AI Overview cannot finish in one line, unlike a single date Global volume 350. Global volume 350.	DEMAND_MODERATE	360/648	3963
C001385	/pl/dni-wolne-od-pracy/estonia/2027/	pulse	events.long-weekends	long-weekend-and-bridge-day-planner	EE::2027	Estonia 2027		EE			pl	pl-PL	dlugie weekendy 2027		739	0		10	yes	keywords-explorer-overview 2026-09-29									none		events-verified	yes	ODbL 1.0	ODbL 1.0, share-alike on the database, attribution required	high, computed from held holiday dates	high, the bridge-day combinations are specific to the year and country	SAFE_TO_SCALE	medium, leave planning has commercial adjacency	high, country holidays and the year calendar	out_of_window	medium	PROMISING	the intent an AI Overview cannot finish in one line, unlike a single date Global volume 300. Global volume 300.	DEMAND_MODERATE	360/648	3963
C001387	/de/feiertage/spanien/2026/	pulse	events.long-weekends	long-weekend-and-bridge-day-planner	ES::2026	Spain 2026		ES			de	de-DE	brückentage 2026		1712	1		9	yes	keywords-explorer-overview 2026-09-29									none		events-verified	yes	ODbL 1.0	ODbL 1.0, share-alike on the database, attribution required	high, computed from held holiday dates	high, the bridge-day combinations are specific to the year and country	SAFE_TO_SCALE	medium, leave planning has commercial adjacency	high, country holidays and the year calendar	out_of_window	medium	PROMISING	the intent an AI Overview cannot finish in one line, unlike a single date Global volume 19000. Global volume 19000.	DEMAND_MODERATE	360/648	3963
C001396	/de/feiertage/spanien/2027/	pulse	events.long-weekends	long-weekend-and-bridge-day-planner	ES::2027	Spain 2027		ES			de	de-DE	brückentage 2027		3963	0		6	yes	keywords-explorer-overview 2026-09-29									none		events-verified	yes	ODbL 1.0	ODbL 1.0, share-alike on the database, attribution required	high, computed from held holiday dates	high, the bridge-day combinations are specific to the year and country	SAFE_TO_SCALE	medium, leave planning has commercial adjacency	high, country holidays and the year calendar	out_of_window	medium	PROMISING	the intent an AI Overview cannot finish in one line, unlike a single date Global volume 900. Global volume 900.	DEMAND_MODERATE	360/648	3963
C001399	/fr/jours-feries/espagne/2027/	pulse	events.long-weekends	long-weekend-and-bridge-day-planner	ES::2027	Spain 2027		ES			fr	fr-FR	ponts 2027		688	1			yes	keywords-explorer-overview 2026-09-29									none		events-verified	yes	ODbL 1.0	ODbL 1.0, share-alike on the database, attribution required	high, computed from held holiday dates	high, the bridge-day combinations are specific to the year and country	SAFE_TO_SCALE	medium, leave planning has commercial adjacency	high, country holidays and the year calendar	out_of_window	medium	PROMISING	the intent an AI Overview cannot finish in one line, unlike a single date Global volume 350. Global volume 350.	DEMAND_MODERATE	360/648	3963
C001403	/pl/dni-wolne-od-pracy/hiszpania/2027/	pulse	events.long-weekends	long-weekend-and-bridge-day-planner	ES::2027	Spain 2027		ES			pl	pl-PL	dlugie weekendy 2027		739	0		10	yes	keywords-explorer-overview 2026-09-29									none		events-verified	yes	ODbL 1.0	ODbL 1.0, share-alike on the database, attribution required	high, computed from held holiday dates	high, the bridge-day combinations are specific to the year and country	SAFE_TO_SCALE	medium, leave planning has commercial adjacency	high, country holidays and the year calendar	out_of_window	medium	PROMISING	the intent an AI Overview cannot finish in one line, unlike a single date Global volume 300. Global volume 300.	DEMAND_MODERATE	360/648	3963
C001405	/de/feiertage/frankreich/2026/	pulse	events.long-weekends	long-weekend-and-bridge-day-planner	FR::2026	France 2026		FR			de	de-DE	brückentage 2026		1712	1		9	yes	keywords-explorer-overview 2026-09-29									none		events-verified	yes	ODbL 1.0	ODbL 1.0, share-alike on the database, attribution required	high, computed from held holiday dates	high, the bridge-day combinations are specific to the year and country	SAFE_TO_SCALE	medium, leave planning has commercial adjacency	high, country holidays and the year calendar	out_of_window	medium	PROMISING	the intent an AI Overview cannot finish in one line, unlike a single date Global volume 19000. Global volume 19000.	DEMAND_MODERATE	360/648	3963
C001414	/de/feiertage/frankreich/2027/	pulse	events.long-weekends	long-weekend-and-bridge-day-planner	FR::2027	France 2027		FR			de	de-DE	brückentage 2027		3963	0		6	yes	keywords-explorer-overview 2026-09-29									none		events-verified	yes	ODbL 1.0	ODbL 1.0, share-alike on the database, attribution required	high, computed from held holiday dates	high, the bridge-day combinations are specific to the year and country	SAFE_TO_SCALE	medium, leave planning has commercial adjacency	high, country holidays and the year calendar	out_of_window	medium	PROMISING	the intent an AI Overview cannot finish in one line, unlike a single date Global volume 900. Global volume 900.	DEMAND_MODERATE	360/648	3963
C001417	/fr/jours-feries/france/2027/	pulse	events.long-weekends	long-weekend-and-bridge-day-planner	FR::2027	France 2027		FR			fr	fr-FR	ponts 2027		688	1			yes	keywords-explorer-overview 2026-09-29									none		events-verified	yes	ODbL 1.0	ODbL 1.0, share-alike on the database, attribution required	high, computed from held holiday dates	high, the bridge-day combinations are specific to the year and country	SAFE_TO_SCALE	medium, leave planning has commercial adjacency	high, country holidays and the year calendar	out_of_window	medium	PROMISING	the intent an AI Overview cannot finish in one line, unlike a single date Global volume 350. Global volume 350.	DEMAND_MODERATE	360/648	3963
C001421	/pl/dni-wolne-od-pracy/francja/2027/	pulse	events.long-weekends	long-weekend-and-bridge-day-planner	FR::2027	France 2027		FR			pl	pl-PL	dlugie weekendy 2027		739	0		10	yes	keywords-explorer-overview 2026-09-29									none		events-verified	yes	ODbL 1.0	ODbL 1.0, share-alike on the database, attribution required	high, computed from held holiday dates	high, the bridge-day combinations are specific to the year and country	SAFE_TO_SCALE	medium, leave planning has commercial adjacency	high, country holidays and the year calendar	out_of_window	medium	PROMISING	the intent an AI Overview cannot finish in one line, unlike a single date Global volume 300. Global volume 300.	DEMAND_MODERATE	360/648	3963
C001423	/de/feiertage/kroatien/2026/	pulse	events.long-weekends	long-weekend-and-bridge-day-planner	HR::2026	Croatia 2026		HR			de	de-DE	brückentage 2026		1712	1		9	yes	keywords-explorer-overview 2026-09-29									none		events-verified	yes	ODbL 1.0	ODbL 1.0, share-alike on the database, attribution required	high, computed from held holiday dates	high, the bridge-day combinations are specific to the year and country	SAFE_TO_SCALE	medium, leave planning has commercial adjacency	high, country holidays and the year calendar	out_of_window	medium	PROMISING	the intent an AI Overview cannot finish in one line, unlike a single date Global volume 19000. Global volume 19000.	DEMAND_MODERATE	360/648	3963
C001432	/de/feiertage/kroatien/2027/	pulse	events.long-weekends	long-weekend-and-bridge-day-planner	HR::2027	Croatia 2027		HR			de	de-DE	brückentage 2027		3963	0		6	yes	keywords-explorer-overview 2026-09-29									none		events-verified	yes	ODbL 1.0	ODbL 1.0, share-alike on the database, attribution required	high, computed from held holiday dates	high, the bridge-day combinations are specific to the year and country	SAFE_TO_SCALE	medium, leave planning has commercial adjacency	high, country holidays and the year calendar	out_of_window	medium	PROMISING	the intent an AI Overview cannot finish in one line, unlike a single date Global volume 900. Global volume 900.	DEMAND_MODERATE	360/648	3963
C001435	/fr/jours-feries/croatie/2027/	pulse	events.long-weekends	long-weekend-and-bridge-day-planner	HR::2027	Croatia 2027		HR			fr	fr-FR	ponts 2027		688	1			yes	keywords-explorer-overview 2026-09-29									none		events-verified	yes	ODbL 1.0	ODbL 1.0, share-alike on the database, attribution required	high, computed from held holiday dates	high, the bridge-day combinations are specific to the year and country	SAFE_TO_SCALE	medium, leave planning has commercial adjacency	high, country holidays and the year calendar	out_of_window	medium	PROMISING	the intent an AI Overview cannot finish in one line, unlike a single date Global volume 350. Global volume 350.	DEMAND_MODERATE	360/648	3963
C001439	/pl/dni-wolne-od-pracy/chorwacja/2027/	pulse	events.long-weekends	long-weekend-and-bridge-day-planner	HR::2027	Croatia 2027		HR			pl	pl-PL	dlugie weekendy 2027		739	0		10	yes	keywords-explorer-overview 2026-09-29									none		events-verified	yes	ODbL 1.0	ODbL 1.0, share-alike on the database, attribution required	high, computed from held holiday dates	high, the bridge-day combinations are specific to the year and country	SAFE_TO_SCALE	medium, leave planning has commercial adjacency	high, country holidays and the year calendar	out_of_window	medium	PROMISING	the intent an AI Overview cannot finish in one line, unlike a single date Global volume 300. Global volume 300.	DEMAND_MODERATE	360/648	3963
C001441	/de/feiertage/ungarn/2026/	pulse	events.long-weekends	long-weekend-and-bridge-day-planner	HU::2026	Hungary 2026		HU			de	de-DE	brückentage 2026		1712	1		9	yes	keywords-explorer-overview 2026-09-29									none		events-verified	yes	ODbL 1.0	ODbL 1.0, share-alike on the database, attribution required	high, computed from held holiday dates	high, the bridge-day combinations are specific to the year and country	SAFE_TO_SCALE	medium, leave planning has commercial adjacency	high, country holidays and the year calendar	out_of_window	medium	PROMISING	the intent an AI Overview cannot finish in one line, unlike a single date Global volume 19000. Global volume 19000.	DEMAND_MODERATE	360/648	3963
C001450	/de/feiertage/ungarn/2027/	pulse	events.long-weekends	long-weekend-and-bridge-day-planner	HU::2027	Hungary 2027		HU			de	de-DE	brückentage 2027		3963	0		6	yes	keywords-explorer-overview 2026-09-29									none		events-verified	yes	ODbL 1.0	ODbL 1.0, share-alike on the database, attribution required	high, computed from held holiday dates	high, the bridge-day combinations are specific to the year and country	SAFE_TO_SCALE	medium, leave planning has commercial adjacency	high, country holidays and the year calendar	out_of_window	medium	PROMISING	the intent an AI Overview cannot finish in one line, unlike a single date Global volume 900. Global volume 900.	DEMAND_MODERATE	360/648	3963
C001453	/fr/jours-feries/hongrie/2027/	pulse	events.long-weekends	long-weekend-and-bridge-day-planner	HU::2027	Hungary 2027		HU			fr	fr-FR	ponts 2027		688	1			yes	keywords-explorer-overview 2026-09-29									none		events-verified	yes	ODbL 1.0	ODbL 1.0, share-alike on the database, attribution required	high, computed from held holiday dates	high, the bridge-day combinations are specific to the year and country	SAFE_TO_SCALE	medium, leave planning has commercial adjacency	high, country holidays and the year calendar	out_of_window	medium	PROMISING	the intent an AI Overview cannot finish in one line, unlike a single date Global volume 350. Global volume 350.	DEMAND_MODERATE	360/648	3963
C001457	/pl/dni-wolne-od-pracy/wegry/2027/	pulse	events.long-weekends	long-weekend-and-bridge-day-planner	HU::2027	Hungary 2027		HU			pl	pl-PL	dlugie weekendy 2027		739	0		10	yes	keywords-explorer-overview 2026-09-29									none		events-verified	yes	ODbL 1.0	ODbL 1.0, share-alike on the database, attribution required	high, computed from held holiday dates	high, the bridge-day combinations are specific to the year and country	SAFE_TO_SCALE	medium, leave planning has commercial adjacency	high, country holidays and the year calendar	out_of_window	medium	PROMISING	the intent an AI Overview cannot finish in one line, unlike a single date Global volume 300. Global volume 300.	DEMAND_MODERATE	360/648	3963
C001459	/de/feiertage/irland/2026/	pulse	events.long-weekends	long-weekend-and-bridge-day-planner	IE::2026	Ireland 2026		IE			de	de-DE	brückentage 2026		1712	1		9	yes	keywords-explorer-overview 2026-09-29									none		events-verified	yes	ODbL 1.0	ODbL 1.0, share-alike on the database, attribution required	high, computed from held holiday dates	high, the bridge-day combinations are specific to the year and country	SAFE_TO_SCALE	medium, leave planning has commercial adjacency	high, country holidays and the year calendar	out_of_window	medium	PROMISING	the intent an AI Overview cannot finish in one line, unlike a single date Global volume 19000. Global volume 19000.	DEMAND_MODERATE	360/648	3963
C001468	/de/feiertage/irland/2027/	pulse	events.long-weekends	long-weekend-and-bridge-day-planner	IE::2027	Ireland 2027		IE			de	de-DE	brückentage 2027		3963	0		6	yes	keywords-explorer-overview 2026-09-29									none		events-verified	yes	ODbL 1.0	ODbL 1.0, share-alike on the database, attribution required	high, computed from held holiday dates	high, the bridge-day combinations are specific to the year and country	SAFE_TO_SCALE	medium, leave planning has commercial adjacency	high, country holidays and the year calendar	out_of_window	medium	PROMISING	the intent an AI Overview cannot finish in one line, unlike a single date Global volume 900. Global volume 900.	DEMAND_MODERATE	360/648	3963
C001471	/fr/jours-feries/irlande/2027/	pulse	events.long-weekends	long-weekend-and-bridge-day-planner	IE::2027	Ireland 2027		IE			fr	fr-FR	ponts 2027		688	1			yes	keywords-explorer-overview 2026-09-29									none		events-verified	yes	ODbL 1.0	ODbL 1.0, share-alike on the database, attribution required	high, computed from held holiday dates	high, the bridge-day combinations are specific to the year and country	SAFE_TO_SCALE	medium, leave planning has commercial adjacency	high, country holidays and the year calendar	out_of_window	medium	PROMISING	the intent an AI Overview cannot finish in one line, unlike a single date Global volume 350. Global volume 350.	DEMAND_MODERATE	360/648	3963
C001475	/pl/dni-wolne-od-pracy/irlandia/2027/	pulse	events.long-weekends	long-weekend-and-bridge-day-planner	IE::2027	Ireland 2027		IE			pl	pl-PL	dlugie weekendy 2027		739	0		10	yes	keywords-explorer-overview 2026-09-29									none		events-verified	yes	ODbL 1.0	ODbL 1.0, share-alike on the database, attribution required	high, computed from held holiday dates	high, the bridge-day combinations are specific to the year and country	SAFE_TO_SCALE	medium, leave planning has commercial adjacency	high, country holidays and the year calendar	out_of_window	medium	PROMISING	the intent an AI Overview cannot finish in one line, unlike a single date Global volume 300. Global volume 300.	DEMAND_MODERATE	360/648	3963
C001477	/de/feiertage/italien/2026/	pulse	events.long-weekends	long-weekend-and-bridge-day-planner	IT::2026	Italy 2026		IT			de	de-DE	brückentage 2026		1712	1		9	yes	keywords-explorer-overview 2026-09-29									none		events-verified	yes	ODbL 1.0	ODbL 1.0, share-alike on the database, attribution required	high, computed from held holiday dates	high, the bridge-day combinations are specific to the year and country	SAFE_TO_SCALE	medium, leave planning has commercial adjacency	high, country holidays and the year calendar	out_of_window	medium	PROMISING	the intent an AI Overview cannot finish in one line, unlike a single date Global volume 19000. Global volume 19000.	DEMAND_MODERATE	360/648	3963
C001486	/de/feiertage/italien/2027/	pulse	events.long-weekends	long-weekend-and-bridge-day-planner	IT::2027	Italy 2027		IT			de	de-DE	brückentage 2027		3963	0		6	yes	keywords-explorer-overview 2026-09-29									none		events-verified	yes	ODbL 1.0	ODbL 1.0, share-alike on the database, attribution required	high, computed from held holiday dates	high, the bridge-day combinations are specific to the year and country	SAFE_TO_SCALE	medium, leave planning has commercial adjacency	high, country holidays and the year calendar	out_of_window	medium	PROMISING	the intent an AI Overview cannot finish in one line, unlike a single date Global volume 900. Global volume 900.	DEMAND_MODERATE	360/648	3963
C001489	/fr/jours-feries/italie/2027/	pulse	events.long-weekends	long-weekend-and-bridge-day-planner	IT::2027	Italy 2027		IT			fr	fr-FR	ponts 2027		688	1			yes	keywords-explorer-overview 2026-09-29									none		events-verified	yes	ODbL 1.0	ODbL 1.0, share-alike on the database, attribution required	high, computed from held holiday dates	high, the bridge-day combinations are specific to the year and country	SAFE_TO_SCALE	medium, leave planning has commercial adjacency	high, country holidays and the year calendar	out_of_window	medium	PROMISING	the intent an AI Overview cannot finish in one line, unlike a single date Global volume 350. Global volume 350.	DEMAND_MODERATE	360/648	3963
C001493	/pl/dni-wolne-od-pracy/wlochy/2027/	pulse	events.long-weekends	long-weekend-and-bridge-day-planner	IT::2027	Italy 2027		IT			pl	pl-PL	dlugie weekendy 2027		739	0		10	yes	keywords-explorer-overview 2026-09-29									none		events-verified	yes	ODbL 1.0	ODbL 1.0, share-alike on the database, attribution required	high, computed from held holiday dates	high, the bridge-day combinations are specific to the year and country	SAFE_TO_SCALE	medium, leave planning has commercial adjacency	high, country holidays and the year calendar	out_of_window	medium	PROMISING	the intent an AI Overview cannot finish in one line, unlike a single date Global volume 300. Global volume 300.	DEMAND_MODERATE	360/648	3963
C001495	/de/feiertage/liechtenstein/2026/	pulse	events.long-weekends	long-weekend-and-bridge-day-planner	LI::2026	Liechtenstein 2026		LI			de	de-DE	brückentage 2026		1712	1		9	yes	keywords-explorer-overview 2026-09-29									none		events-verified	yes	ODbL 1.0	ODbL 1.0, share-alike on the database, attribution required	high, computed from held holiday dates	high, the bridge-day combinations are specific to the year and country	SAFE_TO_SCALE	medium, leave planning has commercial adjacency	high, country holidays and the year calendar	out_of_window	medium	PROMISING	the intent an AI Overview cannot finish in one line, unlike a single date Global volume 19000. Global volume 19000.	DEMAND_MODERATE	360/648	3963
C001504	/de/feiertage/liechtenstein/2027/	pulse	events.long-weekends	long-weekend-and-bridge-day-planner	LI::2027	Liechtenstein 2027		LI			de	de-DE	brückentage 2027		3963	0		6	yes	keywords-explorer-overview 2026-09-29									none		events-verified	yes	ODbL 1.0	ODbL 1.0, share-alike on the database, attribution required	high, computed from held holiday dates	high, the bridge-day combinations are specific to the year and country	SAFE_TO_SCALE	medium, leave planning has commercial adjacency	high, country holidays and the year calendar	out_of_window	medium	PROMISING	the intent an AI Overview cannot finish in one line, unlike a single date Global volume 900. Global volume 900.	DEMAND_MODERATE	360/648	3963
C001507	/fr/jours-feries/liechtenstein/2027/	pulse	events.long-weekends	long-weekend-and-bridge-day-planner	LI::2027	Liechtenstein 2027		LI			fr	fr-FR	ponts 2027		688	1			yes	keywords-explorer-overview 2026-09-29									none		events-verified	yes	ODbL 1.0	ODbL 1.0, share-alike on the database, attribution required	high, computed from held holiday dates	high, the bridge-day combinations are specific to the year and country	SAFE_TO_SCALE	medium, leave planning has commercial adjacency	high, country holidays and the year calendar	out_of_window	medium	PROMISING	the intent an AI Overview cannot finish in one line, unlike a single date Global volume 350. Global volume 350.	DEMAND_MODERATE	360/648	3963
C001511	/pl/dni-wolne-od-pracy/liechtenstein/2027/	pulse	events.long-weekends	long-weekend-and-bridge-day-planner	LI::2027	Liechtenstein 2027		LI			pl	pl-PL	dlugie weekendy 2027		739	0		10	yes	keywords-explorer-overview 2026-09-29									none		events-verified	yes	ODbL 1.0	ODbL 1.0, share-alike on the database, attribution required	high, computed from held holiday dates	high, the bridge-day combinations are specific to the year and country	SAFE_TO_SCALE	medium, leave planning has commercial adjacency	high, country holidays and the year calendar	out_of_window	medium	PROMISING	the intent an AI Overview cannot finish in one line, unlike a single date Global volume 300. Global volume 300.	DEMAND_MODERATE	360/648	3963
C001513	/de/feiertage/litauen/2026/	pulse	events.long-weekends	long-weekend-and-bridge-day-planner	LT::2026	Lithuania 2026		LT			de	de-DE	brückentage 2026		1712	1		9	yes	keywords-explorer-overview 2026-09-29									none		events-verified	yes	ODbL 1.0	ODbL 1.0, share-alike on the database, attribution required	high, computed from held holiday dates	high, the bridge-day combinations are specific to the year and country	SAFE_TO_SCALE	medium, leave planning has commercial adjacency	high, country holidays and the year calendar	out_of_window	medium	PROMISING	the intent an AI Overview cannot finish in one line, unlike a single date Global volume 19000. Global volume 19000.	DEMAND_MODERATE	360/648	3963
C001522	/de/feiertage/litauen/2027/	pulse	events.long-weekends	long-weekend-and-bridge-day-planner	LT::2027	Lithuania 2027		LT			de	de-DE	brückentage 2027		3963	0		6	yes	keywords-explorer-overview 2026-09-29									none		events-verified	yes	ODbL 1.0	ODbL 1.0, share-alike on the database, attribution required	high, computed from held holiday dates	high, the bridge-day combinations are specific to the year and country	SAFE_TO_SCALE	medium, leave planning has commercial adjacency	high, country holidays and the year calendar	out_of_window	medium	PROMISING	the intent an AI Overview cannot finish in one line, unlike a single date Global volume 900. Global volume 900.	DEMAND_MODERATE	360/648	3963
C001525	/fr/jours-feries/lituanie/2027/	pulse	events.long-weekends	long-weekend-and-bridge-day-planner	LT::2027	Lithuania 2027		LT			fr	fr-FR	ponts 2027		688	1			yes	keywords-explorer-overview 2026-09-29									none		events-verified	yes	ODbL 1.0	ODbL 1.0, share-alike on the database, attribution required	high, computed from held holiday dates	high, the bridge-day combinations are specific to the year and country	SAFE_TO_SCALE	medium, leave planning has commercial adjacency	high, country holidays and the year calendar	out_of_window	medium	PROMISING	the intent an AI Overview cannot finish in one line, unlike a single date Global volume 350. Global volume 350.	DEMAND_MODERATE	360/648	3963
C001529	/pl/dni-wolne-od-pracy/litwa/2027/	pulse	events.long-weekends	long-weekend-and-bridge-day-planner	LT::2027	Lithuania 2027		LT			pl	pl-PL	dlugie weekendy 2027		739	0		10	yes	keywords-explorer-overview 2026-09-29									none		events-verified	yes	ODbL 1.0	ODbL 1.0, share-alike on the database, attribution required	high, computed from held holiday dates	high, the bridge-day combinations are specific to the year and country	SAFE_TO_SCALE	medium, leave planning has commercial adjacency	high, country holidays and the year calendar	out_of_window	medium	PROMISING	the intent an AI Overview cannot finish in one line, unlike a single date Global volume 300. Global volume 300.	DEMAND_MODERATE	360/648	3963
C001531	/de/feiertage/luxemburg/2026/	pulse	events.long-weekends	long-weekend-and-bridge-day-planner	LU::2026	Luxembourg 2026		LU			de	de-DE	brückentage 2026		1712	1		9	yes	keywords-explorer-overview 2026-09-29									none		events-verified	yes	ODbL 1.0	ODbL 1.0, share-alike on the database, attribution required	high, computed from held holiday dates	high, the bridge-day combinations are specific to the year and country	SAFE_TO_SCALE	medium, leave planning has commercial adjacency	high, country holidays and the year calendar	out_of_window	medium	PROMISING	the intent an AI Overview cannot finish in one line, unlike a single date Global volume 19000. Global volume 19000.	DEMAND_MODERATE	360/648	3963
C001540	/de/feiertage/luxemburg/2027/	pulse	events.long-weekends	long-weekend-and-bridge-day-planner	LU::2027	Luxembourg 2027		LU			de	de-DE	brückentage 2027		3963	0		6	yes	keywords-explorer-overview 2026-09-29									none		events-verified	yes	ODbL 1.0	ODbL 1.0, share-alike on the database, attribution required	high, computed from held holiday dates	high, the bridge-day combinations are specific to the year and country	SAFE_TO_SCALE	medium, leave planning has commercial adjacency	high, country holidays and the year calendar	out_of_window	medium	PROMISING	the intent an AI Overview cannot finish in one line, unlike a single date Global volume 900. Global volume 900.	DEMAND_MODERATE	360/648	3963
C001543	/fr/jours-feries/luxembourg/2027/	pulse	events.long-weekends	long-weekend-and-bridge-day-planner	LU::2027	Luxembourg 2027		LU			fr	fr-FR	ponts 2027		688	1			yes	keywords-explorer-overview 2026-09-29									none		events-verified	yes	ODbL 1.0	ODbL 1.0, share-alike on the database, attribution required	high, computed from held holiday dates	high, the bridge-day combinations are specific to the year and country	SAFE_TO_SCALE	medium, leave planning has commercial adjacency	high, country holidays and the year calendar	out_of_window	medium	PROMISING	the intent an AI Overview cannot finish in one line, unlike a single date Global volume 350. Global volume 350.	DEMAND_MODERATE	360/648	3963
C001547	/pl/dni-wolne-od-pracy/luksemburg/2027/	pulse	events.long-weekends	long-weekend-and-bridge-day-planner	LU::2027	Luxembourg 2027		LU			pl	pl-PL	dlugie weekendy 2027		739	0		10	yes	keywords-explorer-overview 2026-09-29									none		events-verified	yes	ODbL 1.0	ODbL 1.0, share-alike on the database, attribution required	high, computed from held holiday dates	high, the bridge-day combinations are specific to the year and country	SAFE_TO_SCALE	medium, leave planning has commercial adjacency	high, country holidays and the year calendar	out_of_window	medium	PROMISING	the intent an AI Overview cannot finish in one line, unlike a single date Global volume 300. Global volume 300.	DEMAND_MODERATE	360/648	3963
C001549	/de/feiertage/lettland/2026/	pulse	events.long-weekends	long-weekend-and-bridge-day-planner	LV::2026	Latvia 2026		LV			de	de-DE	brückentage 2026		1712	1		9	yes	keywords-explorer-overview 2026-09-29									none		events-verified	yes	ODbL 1.0	ODbL 1.0, share-alike on the database, attribution required	high, computed from held holiday dates	high, the bridge-day combinations are specific to the year and country	SAFE_TO_SCALE	medium, leave planning has commercial adjacency	high, country holidays and the year calendar	out_of_window	medium	PROMISING	the intent an AI Overview cannot finish in one line, unlike a single date Global volume 19000. Global volume 19000.	DEMAND_MODERATE	360/648	3963
C001558	/de/feiertage/lettland/2027/	pulse	events.long-weekends	long-weekend-and-bridge-day-planner	LV::2027	Latvia 2027		LV			de	de-DE	brückentage 2027		3963	0		6	yes	keywords-explorer-overview 2026-09-29									none		events-verified	yes	ODbL 1.0	ODbL 1.0, share-alike on the database, attribution required	high, computed from held holiday dates	high, the bridge-day combinations are specific to the year and country	SAFE_TO_SCALE	medium, leave planning has commercial adjacency	high, country holidays and the year calendar	out_of_window	medium	PROMISING	the intent an AI Overview cannot finish in one line, unlike a single date Global volume 900. Global volume 900.	DEMAND_MODERATE	360/648	3963
C001561	/fr/jours-feries/lettonie/2027/	pulse	events.long-weekends	long-weekend-and-bridge-day-planner	LV::2027	Latvia 2027		LV			fr	fr-FR	ponts 2027		688	1			yes	keywords-explorer-overview 2026-09-29									none		events-verified	yes	ODbL 1.0	ODbL 1.0, share-alike on the database, attribution required	high, computed from held holiday dates	high, the bridge-day combinations are specific to the year and country	SAFE_TO_SCALE	medium, leave planning has commercial adjacency	high, country holidays and the year calendar	out_of_window	medium	PROMISING	the intent an AI Overview cannot finish in one line, unlike a single date Global volume 350. Global volume 350.	DEMAND_MODERATE	360/648	3963
C001565	/pl/dni-wolne-od-pracy/lotwa/2027/	pulse	events.long-weekends	long-weekend-and-bridge-day-planner	LV::2027	Latvia 2027		LV			pl	pl-PL	dlugie weekendy 2027		739	0		10	yes	keywords-explorer-overview 2026-09-29									none		events-verified	yes	ODbL 1.0	ODbL 1.0, share-alike on the database, attribution required	high, computed from held holiday dates	high, the bridge-day combinations are specific to the year and country	SAFE_TO_SCALE	medium, leave planning has commercial adjacency	high, country holidays and the year calendar	out_of_window	medium	PROMISING	the intent an AI Overview cannot finish in one line, unlike a single date Global volume 300. Global volume 300.	DEMAND_MODERATE	360/648	3963
C001567	/de/feiertage/monaco/2026/	pulse	events.long-weekends	long-weekend-and-bridge-day-planner	MC::2026	Monaco 2026		MC			de	de-DE	brückentage 2026		1712	1		9	yes	keywords-explorer-overview 2026-09-29									none		events-verified	yes	ODbL 1.0	ODbL 1.0, share-alike on the database, attribution required	high, computed from held holiday dates	high, the bridge-day combinations are specific to the year and country	SAFE_TO_SCALE	medium, leave planning has commercial adjacency	high, country holidays and the year calendar	out_of_window	medium	PROMISING	the intent an AI Overview cannot finish in one line, unlike a single date Global volume 19000. Global volume 19000.	DEMAND_MODERATE	360/648	3963
C001576	/de/feiertage/monaco/2027/	pulse	events.long-weekends	long-weekend-and-bridge-day-planner	MC::2027	Monaco 2027		MC			de	de-DE	brückentage 2027		3963	0		6	yes	keywords-explorer-overview 2026-09-29									none		events-verified	yes	ODbL 1.0	ODbL 1.0, share-alike on the database, attribution required	high, computed from held holiday dates	high, the bridge-day combinations are specific to the year and country	SAFE_TO_SCALE	medium, leave planning has commercial adjacency	high, country holidays and the year calendar	out_of_window	medium	PROMISING	the intent an AI Overview cannot finish in one line, unlike a single date Global volume 900. Global volume 900.	DEMAND_MODERATE	360/648	3963
C001579	/fr/jours-feries/monaco/2027/	pulse	events.long-weekends	long-weekend-and-bridge-day-planner	MC::2027	Monaco 2027		MC			fr	fr-FR	ponts 2027		688	1			yes	keywords-explorer-overview 2026-09-29									none		events-verified	yes	ODbL 1.0	ODbL 1.0, share-alike on the database, attribution required	high, computed from held holiday dates	high, the bridge-day combinations are specific to the year and country	SAFE_TO_SCALE	medium, leave planning has commercial adjacency	high, country holidays and the year calendar	out_of_window	medium	PROMISING	the intent an AI Overview cannot finish in one line, unlike a single date Global volume 350. Global volume 350.	DEMAND_MODERATE	360/648	3963
C001583	/pl/dni-wolne-od-pracy/monako/2027/	pulse	events.long-weekends	long-weekend-and-bridge-day-planner	MC::2027	Monaco 2027		MC			pl	pl-PL	dlugie weekendy 2027		739	0		10	yes	keywords-explorer-overview 2026-09-29									none		events-verified	yes	ODbL 1.0	ODbL 1.0, share-alike on the database, attribution required	high, computed from held holiday dates	high, the bridge-day combinations are specific to the year and country	SAFE_TO_SCALE	medium, leave planning has commercial adjacency	high, country holidays and the year calendar	out_of_window	medium	PROMISING	the intent an AI Overview cannot finish in one line, unlike a single date Global volume 300. Global volume 300.	DEMAND_MODERATE	360/648	3963
C001585	/de/feiertage/republik-moldau/2026/	pulse	events.long-weekends	long-weekend-and-bridge-day-planner	MD::2026	Moldova 2026		MD			de	de-DE	brückentage 2026		1712	1		9	yes	keywords-explorer-overview 2026-09-29									none		events-verified	yes	ODbL 1.0	ODbL 1.0, share-alike on the database, attribution required	high, computed from held holiday dates	high, the bridge-day combinations are specific to the year and country	SAFE_TO_SCALE	medium, leave planning has commercial adjacency	high, country holidays and the year calendar	out_of_window	medium	PROMISING	the intent an AI Overview cannot finish in one line, unlike a single date Global volume 19000. Global volume 19000.	DEMAND_MODERATE	360/648	3963
C001594	/de/feiertage/republik-moldau/2027/	pulse	events.long-weekends	long-weekend-and-bridge-day-planner	MD::2027	Moldova 2027		MD			de	de-DE	brückentage 2027		3963	0		6	yes	keywords-explorer-overview 2026-09-29									none		events-verified	yes	ODbL 1.0	ODbL 1.0, share-alike on the database, attribution required	high, computed from held holiday dates	high, the bridge-day combinations are specific to the year and country	SAFE_TO_SCALE	medium, leave planning has commercial adjacency	high, country holidays and the year calendar	out_of_window	medium	PROMISING	the intent an AI Overview cannot finish in one line, unlike a single date Global volume 900. Global volume 900.	DEMAND_MODERATE	360/648	3963
C001597	/fr/jours-feries/moldavie/2027/	pulse	events.long-weekends	long-weekend-and-bridge-day-planner	MD::2027	Moldova 2027		MD			fr	fr-FR	ponts 2027		688	1			yes	keywords-explorer-overview 2026-09-29									none		events-verified	yes	ODbL 1.0	ODbL 1.0, share-alike on the database, attribution required	high, computed from held holiday dates	high, the bridge-day combinations are specific to the year and country	SAFE_TO_SCALE	medium, leave planning has commercial adjacency	high, country holidays and the year calendar	out_of_window	medium	PROMISING	the intent an AI Overview cannot finish in one line, unlike a single date Global volume 350. Global volume 350.	DEMAND_MODERATE	360/648	3963
C001601	/pl/dni-wolne-od-pracy/moldawia/2027/	pulse	events.long-weekends	long-weekend-and-bridge-day-planner	MD::2027	Moldova 2027		MD			pl	pl-PL	dlugie weekendy 2027		739	0		10	yes	keywords-explorer-overview 2026-09-29									none		events-verified	yes	ODbL 1.0	ODbL 1.0, share-alike on the database, attribution required	high, computed from held holiday dates	high, the bridge-day combinations are specific to the year and country	SAFE_TO_SCALE	medium, leave planning has commercial adjacency	high, country holidays and the year calendar	out_of_window	medium	PROMISING	the intent an AI Overview cannot finish in one line, unlike a single date Global volume 300. Global volume 300.	DEMAND_MODERATE	360/648	3963
C001603	/de/feiertage/malta/2026/	pulse	events.long-weekends	long-weekend-and-bridge-day-planner	MT::2026	Malta 2026		MT			de	de-DE	brückentage 2026		1712	1		9	yes	keywords-explorer-overview 2026-09-29									none		events-verified	yes	ODbL 1.0	ODbL 1.0, share-alike on the database, attribution required	high, computed from held holiday dates	high, the bridge-day combinations are specific to the year and country	SAFE_TO_SCALE	medium, leave planning has commercial adjacency	high, country holidays and the year calendar	out_of_window	medium	PROMISING	the intent an AI Overview cannot finish in one line, unlike a single date Global volume 19000. Global volume 19000.	DEMAND_MODERATE	360/648	3963
C001612	/de/feiertage/malta/2027/	pulse	events.long-weekends	long-weekend-and-bridge-day-planner	MT::2027	Malta 2027		MT			de	de-DE	brückentage 2027		3963	0		6	yes	keywords-explorer-overview 2026-09-29									none		events-verified	yes	ODbL 1.0	ODbL 1.0, share-alike on the database, attribution required	high, computed from held holiday dates	high, the bridge-day combinations are specific to the year and country	SAFE_TO_SCALE	medium, leave planning has commercial adjacency	high, country holidays and the year calendar	out_of_window	medium	PROMISING	the intent an AI Overview cannot finish in one line, unlike a single date Global volume 900. Global volume 900.	DEMAND_MODERATE	360/648	3963
C001615	/fr/jours-feries/malte/2027/	pulse	events.long-weekends	long-weekend-and-bridge-day-planner	MT::2027	Malta 2027		MT			fr	fr-FR	ponts 2027		688	1			yes	keywords-explorer-overview 2026-09-29									none		events-verified	yes	ODbL 1.0	ODbL 1.0, share-alike on the database, attribution required	high, computed from held holiday dates	high, the bridge-day combinations are specific to the year and country	SAFE_TO_SCALE	medium, leave planning has commercial adjacency	high, country holidays and the year calendar	out_of_window	medium	PROMISING	the intent an AI Overview cannot finish in one line, unlike a single date Global volume 350. Global volume 350.	DEMAND_MODERATE	360/648	3963
C001619	/pl/dni-wolne-od-pracy/malta/2027/	pulse	events.long-weekends	long-weekend-and-bridge-day-planner	MT::2027	Malta 2027		MT			pl	pl-PL	dlugie weekendy 2027		739	0		10	yes	keywords-explorer-overview 2026-09-29									none		events-verified	yes	ODbL 1.0	ODbL 1.0, share-alike on the database, attribution required	high, computed from held holiday dates	high, the bridge-day combinations are specific to the year and country	SAFE_TO_SCALE	medium, leave planning has commercial adjacency	high, country holidays and the year calendar	out_of_window	medium	PROMISING	the intent an AI Overview cannot finish in one line, unlike a single date Global volume 300. Global volume 300.	DEMAND_MODERATE	360/648	3963
C001621	/de/feiertage/mexiko/2026/	pulse	events.long-weekends	long-weekend-and-bridge-day-planner	MX::2026	Mexico 2026		MX			de	de-DE	brückentage 2026		1712	1		9	yes	keywords-explorer-overview 2026-09-29									none		events-verified	yes	ODbL 1.0	ODbL 1.0, share-alike on the database, attribution required	high, computed from held holiday dates	high, the bridge-day combinations are specific to the year and country	SAFE_TO_SCALE	medium, leave planning has commercial adjacency	high, country holidays and the year calendar	out_of_window	medium	PROMISING	the intent an AI Overview cannot finish in one line, unlike a single date Global volume 19000. Global volume 19000.	DEMAND_MODERATE	360/648	3963
C001630	/de/feiertage/mexiko/2027/	pulse	events.long-weekends	long-weekend-and-bridge-day-planner	MX::2027	Mexico 2027		MX			de	de-DE	brückentage 2027		3963	0		6	yes	keywords-explorer-overview 2026-09-29									none		events-verified	yes	ODbL 1.0	ODbL 1.0, share-alike on the database, attribution required	high, computed from held holiday dates	high, the bridge-day combinations are specific to the year and country	SAFE_TO_SCALE	medium, leave planning has commercial adjacency	high, country holidays and the year calendar	out_of_window	medium	PROMISING	the intent an AI Overview cannot finish in one line, unlike a single date Global volume 900. Global volume 900.	DEMAND_MODERATE	360/648	3963
C001633	/fr/jours-feries/mexique/2027/	pulse	events.long-weekends	long-weekend-and-bridge-day-planner	MX::2027	Mexico 2027		MX			fr	fr-FR	ponts 2027		688	1			yes	keywords-explorer-overview 2026-09-29									none		events-verified	yes	ODbL 1.0	ODbL 1.0, share-alike on the database, attribution required	high, computed from held holiday dates	high, the bridge-day combinations are specific to the year and country	SAFE_TO_SCALE	medium, leave planning has commercial adjacency	high, country holidays and the year calendar	out_of_window	medium	PROMISING	the intent an AI Overview cannot finish in one line, unlike a single date Global volume 350. Global volume 350.	DEMAND_MODERATE	360/648	3963
C001637	/pl/dni-wolne-od-pracy/meksyk/2027/	pulse	events.long-weekends	long-weekend-and-bridge-day-planner	MX::2027	Mexico 2027		MX			pl	pl-PL	dlugie weekendy 2027		739	0		10	yes	keywords-explorer-overview 2026-09-29									none		events-verified	yes	ODbL 1.0	ODbL 1.0, share-alike on the database, attribution required	high, computed from held holiday dates	high, the bridge-day combinations are specific to the year and country	SAFE_TO_SCALE	medium, leave planning has commercial adjacency	high, country holidays and the year calendar	out_of_window	medium	PROMISING	the intent an AI Overview cannot finish in one line, unlike a single date Global volume 300. Global volume 300.	DEMAND_MODERATE	360/648	3963
C001639	/de/feiertage/niederlande/2026/	pulse	events.long-weekends	long-weekend-and-bridge-day-planner	NL::2026	Netherlands 2026		NL			de	de-DE	brückentage 2026		1712	1		9	yes	keywords-explorer-overview 2026-09-29									none		events-verified	yes	ODbL 1.0	ODbL 1.0, share-alike on the database, attribution required	high, computed from held holiday dates	high, the bridge-day combinations are specific to the year and country	SAFE_TO_SCALE	medium, leave planning has commercial adjacency	high, country holidays and the year calendar	out_of_window	medium	PROMISING	the intent an AI Overview cannot finish in one line, unlike a single date Global volume 19000. Global volume 19000.	DEMAND_MODERATE	360/648	3963
C001648	/de/feiertage/niederlande/2027/	pulse	events.long-weekends	long-weekend-and-bridge-day-planner	NL::2027	Netherlands 2027		NL			de	de-DE	brückentage 2027		3963	0		6	yes	keywords-explorer-overview 2026-09-29									none		events-verified	yes	ODbL 1.0	ODbL 1.0, share-alike on the database, attribution required	high, computed from held holiday dates	high, the bridge-day combinations are specific to the year and country	SAFE_TO_SCALE	medium, leave planning has commercial adjacency	high, country holidays and the year calendar	out_of_window	medium	PROMISING	the intent an AI Overview cannot finish in one line, unlike a single date Global volume 900. Global volume 900.	DEMAND_MODERATE	360/648	3963
C001651	/fr/jours-feries/pays-bas/2027/	pulse	events.long-weekends	long-weekend-and-bridge-day-planner	NL::2027	Netherlands 2027		NL			fr	fr-FR	ponts 2027		688	1			yes	keywords-explorer-overview 2026-09-29									none		events-verified	yes	ODbL 1.0	ODbL 1.0, share-alike on the database, attribution required	high, computed from held holiday dates	high, the bridge-day combinations are specific to the year and country	SAFE_TO_SCALE	medium, leave planning has commercial adjacency	high, country holidays and the year calendar	out_of_window	medium	PROMISING	the intent an AI Overview cannot finish in one line, unlike a single date Global volume 350. Global volume 350.	DEMAND_MODERATE	360/648	3963
C001655	/pl/dni-wolne-od-pracy/holandia/2027/	pulse	events.long-weekends	long-weekend-and-bridge-day-planner	NL::2027	Netherlands 2027		NL			pl	pl-PL	dlugie weekendy 2027		739	0		10	yes	keywords-explorer-overview 2026-09-29									none		events-verified	yes	ODbL 1.0	ODbL 1.0, share-alike on the database, attribution required	high, computed from held holiday dates	high, the bridge-day combinations are specific to the year and country	SAFE_TO_SCALE	medium, leave planning has commercial adjacency	high, country holidays and the year calendar	out_of_window	medium	PROMISING	the intent an AI Overview cannot finish in one line, unlike a single date Global volume 300. Global volume 300.	DEMAND_MODERATE	360/648	3963
C001657	/de/feiertage/polen/2026/	pulse	events.long-weekends	long-weekend-and-bridge-day-planner	PL::2026	Poland 2026		PL			de	de-DE	brückentage 2026		1712	1		9	yes	keywords-explorer-overview 2026-09-29									none		events-verified	yes	ODbL 1.0	ODbL 1.0, share-alike on the database, attribution required	high, computed from held holiday dates	high, the bridge-day combinations are specific to the year and country	SAFE_TO_SCALE	medium, leave planning has commercial adjacency	high, country holidays and the year calendar	out_of_window	medium	PROMISING	the intent an AI Overview cannot finish in one line, unlike a single date Global volume 19000. Global volume 19000.	DEMAND_MODERATE	360/648	3963
C001666	/de/feiertage/polen/2027/	pulse	events.long-weekends	long-weekend-and-bridge-day-planner	PL::2027	Poland 2027		PL			de	de-DE	brückentage 2027		3963	0		6	yes	keywords-explorer-overview 2026-09-29									none		events-verified	yes	ODbL 1.0	ODbL 1.0, share-alike on the database, attribution required	high, computed from held holiday dates	high, the bridge-day combinations are specific to the year and country	SAFE_TO_SCALE	medium, leave planning has commercial adjacency	high, country holidays and the year calendar	out_of_window	medium	PROMISING	the intent an AI Overview cannot finish in one line, unlike a single date Global volume 900. Global volume 900.	DEMAND_MODERATE	360/648	3963
C001669	/fr/jours-feries/pologne/2027/	pulse	events.long-weekends	long-weekend-and-bridge-day-planner	PL::2027	Poland 2027		PL			fr	fr-FR	ponts 2027		688	1			yes	keywords-explorer-overview 2026-09-29									none		events-verified	yes	ODbL 1.0	ODbL 1.0, share-alike on the database, attribution required	high, computed from held holiday dates	high, the bridge-day combinations are specific to the year and country	SAFE_TO_SCALE	medium, leave planning has commercial adjacency	high, country holidays and the year calendar	out_of_window	medium	PROMISING	the intent an AI Overview cannot finish in one line, unlike a single date Global volume 350. Global volume 350.	DEMAND_MODERATE	360/648	3963
C001673	/pl/dni-wolne-od-pracy/polska/2027/	pulse	events.long-weekends	long-weekend-and-bridge-day-planner	PL::2027	Poland 2027		PL			pl	pl-PL	dlugie weekendy 2027		739	0		10	yes	keywords-explorer-overview 2026-09-29									none		events-verified	yes	ODbL 1.0	ODbL 1.0, share-alike on the database, attribution required	high, computed from held holiday dates	high, the bridge-day combinations are specific to the year and country	SAFE_TO_SCALE	medium, leave planning has commercial adjacency	high, country holidays and the year calendar	out_of_window	medium	PROMISING	the intent an AI Overview cannot finish in one line, unlike a single date Global volume 300. Global volume 300.	DEMAND_MODERATE	360/648	3963
C001675	/de/feiertage/portugal/2026/	pulse	events.long-weekends	long-weekend-and-bridge-day-planner	PT::2026	Portugal 2026		PT			de	de-DE	brückentage 2026		1712	1		9	yes	keywords-explorer-overview 2026-09-29									none		events-verified	yes	ODbL 1.0	ODbL 1.0, share-alike on the database, attribution required	high, computed from held holiday dates	high, the bridge-day combinations are specific to the year and country	SAFE_TO_SCALE	medium, leave planning has commercial adjacency	high, country holidays and the year calendar	out_of_window	medium	PROMISING	the intent an AI Overview cannot finish in one line, unlike a single date Global volume 19000. Global volume 19000.	DEMAND_MODERATE	360/648	3963
C001684	/de/feiertage/portugal/2027/	pulse	events.long-weekends	long-weekend-and-bridge-day-planner	PT::2027	Portugal 2027		PT			de	de-DE	brückentage 2027		3963	0		6	yes	keywords-explorer-overview 2026-09-29									none		events-verified	yes	ODbL 1.0	ODbL 1.0, share-alike on the database, attribution required	high, computed from held holiday dates	high, the bridge-day combinations are specific to the year and country	SAFE_TO_SCALE	medium, leave planning has commercial adjacency	high, country holidays and the year calendar	out_of_window	medium	PROMISING	the intent an AI Overview cannot finish in one line, unlike a single date Global volume 900. Global volume 900.	DEMAND_MODERATE	360/648	3963
C001687	/fr/jours-feries/portugal/2027/	pulse	events.long-weekends	long-weekend-and-bridge-day-planner	PT::2027	Portugal 2027		PT			fr	fr-FR	ponts 2027		688	1			yes	keywords-explorer-overview 2026-09-29									none		events-verified	yes	ODbL 1.0	ODbL 1.0, share-alike on the database, attribution required	high, computed from held holiday dates	high, the bridge-day combinations are specific to the year and country	SAFE_TO_SCALE	medium, leave planning has commercial adjacency	high, country holidays and the year calendar	out_of_window	medium	PROMISING	the intent an AI Overview cannot finish in one line, unlike a single date Global volume 350. Global volume 350.	DEMAND_MODERATE	360/648	3963
C001691	/pl/dni-wolne-od-pracy/portugalia/2027/	pulse	events.long-weekends	long-weekend-and-bridge-day-planner	PT::2027	Portugal 2027		PT			pl	pl-PL	dlugie weekendy 2027		739	0		10	yes	keywords-explorer-overview 2026-09-29									none		events-verified	yes	ODbL 1.0	ODbL 1.0, share-alike on the database, attribution required	high, computed from held holiday dates	high, the bridge-day combinations are specific to the year and country	SAFE_TO_SCALE	medium, leave planning has commercial adjacency	high, country holidays and the year calendar	out_of_window	medium	PROMISING	the intent an AI Overview cannot finish in one line, unlike a single date Global volume 300. Global volume 300.	DEMAND_MODERATE	360/648	3963
C001693	/de/feiertage/rumaenien/2026/	pulse	events.long-weekends	long-weekend-and-bridge-day-planner	RO::2026	Romania 2026		RO			de	de-DE	brückentage 2026		1712	1		9	yes	keywords-explorer-overview 2026-09-29									none		events-verified	yes	ODbL 1.0	ODbL 1.0, share-alike on the database, attribution required	high, computed from held holiday dates	high, the bridge-day combinations are specific to the year and country	SAFE_TO_SCALE	medium, leave planning has commercial adjacency	high, country holidays and the year calendar	out_of_window	medium	PROMISING	the intent an AI Overview cannot finish in one line, unlike a single date Global volume 19000. Global volume 19000.	DEMAND_MODERATE	360/648	3963
C001702	/de/feiertage/rumaenien/2027/	pulse	events.long-weekends	long-weekend-and-bridge-day-planner	RO::2027	Romania 2027		RO			de	de-DE	brückentage 2027		3963	0		6	yes	keywords-explorer-overview 2026-09-29									none		events-verified	yes	ODbL 1.0	ODbL 1.0, share-alike on the database, attribution required	high, computed from held holiday dates	high, the bridge-day combinations are specific to the year and country	SAFE_TO_SCALE	medium, leave planning has commercial adjacency	high, country holidays and the year calendar	out_of_window	medium	PROMISING	the intent an AI Overview cannot finish in one line, unlike a single date Global volume 900. Global volume 900.	DEMAND_MODERATE	360/648	3963
C001705	/fr/jours-feries/roumanie/2027/	pulse	events.long-weekends	long-weekend-and-bridge-day-planner	RO::2027	Romania 2027		RO			fr	fr-FR	ponts 2027		688	1			yes	keywords-explorer-overview 2026-09-29									none		events-verified	yes	ODbL 1.0	ODbL 1.0, share-alike on the database, attribution required	high, computed from held holiday dates	high, the bridge-day combinations are specific to the year and country	SAFE_TO_SCALE	medium, leave planning has commercial adjacency	high, country holidays and the year calendar	out_of_window	medium	PROMISING	the intent an AI Overview cannot finish in one line, unlike a single date Global volume 350. Global volume 350.	DEMAND_MODERATE	360/648	3963
C001709	/pl/dni-wolne-od-pracy/rumunia/2027/	pulse	events.long-weekends	long-weekend-and-bridge-day-planner	RO::2027	Romania 2027		RO			pl	pl-PL	dlugie weekendy 2027		739	0		10	yes	keywords-explorer-overview 2026-09-29									none		events-verified	yes	ODbL 1.0	ODbL 1.0, share-alike on the database, attribution required	high, computed from held holiday dates	high, the bridge-day combinations are specific to the year and country	SAFE_TO_SCALE	medium, leave planning has commercial adjacency	high, country holidays and the year calendar	out_of_window	medium	PROMISING	the intent an AI Overview cannot finish in one line, unlike a single date Global volume 300. Global volume 300.	DEMAND_MODERATE	360/648	3963
C001711	/de/feiertage/serbien/2026/	pulse	events.long-weekends	long-weekend-and-bridge-day-planner	RS::2026	Serbia 2026		RS			de	de-DE	brückentage 2026		1712	1		9	yes	keywords-explorer-overview 2026-09-29									none		events-verified	yes	ODbL 1.0	ODbL 1.0, share-alike on the database, attribution required	high, computed from held holiday dates	high, the bridge-day combinations are specific to the year and country	SAFE_TO_SCALE	medium, leave planning has commercial adjacency	high, country holidays and the year calendar	out_of_window	medium	PROMISING	the intent an AI Overview cannot finish in one line, unlike a single date Global volume 19000. Global volume 19000.	DEMAND_MODERATE	360/648	3963
C001720	/de/feiertage/serbien/2027/	pulse	events.long-weekends	long-weekend-and-bridge-day-planner	RS::2027	Serbia 2027		RS			de	de-DE	brückentage 2027		3963	0		6	yes	keywords-explorer-overview 2026-09-29									none		events-verified	yes	ODbL 1.0	ODbL 1.0, share-alike on the database, attribution required	high, computed from held holiday dates	high, the bridge-day combinations are specific to the year and country	SAFE_TO_SCALE	medium, leave planning has commercial adjacency	high, country holidays and the year calendar	out_of_window	medium	PROMISING	the intent an AI Overview cannot finish in one line, unlike a single date Global volume 900. Global volume 900.	DEMAND_MODERATE	360/648	3963
C001723	/fr/jours-feries/serbie/2027/	pulse	events.long-weekends	long-weekend-and-bridge-day-planner	RS::2027	Serbia 2027		RS			fr	fr-FR	ponts 2027		688	1			yes	keywords-explorer-overview 2026-09-29									none		events-verified	yes	ODbL 1.0	ODbL 1.0, share-alike on the database, attribution required	high, computed from held holiday dates	high, the bridge-day combinations are specific to the year and country	SAFE_TO_SCALE	medium, leave planning has commercial adjacency	high, country holidays and the year calendar	out_of_window	medium	PROMISING	the intent an AI Overview cannot finish in one line, unlike a single date Global volume 350. Global volume 350.	DEMAND_MODERATE	360/648	3963
C001727	/pl/dni-wolne-od-pracy/serbia/2027/	pulse	events.long-weekends	long-weekend-and-bridge-day-planner	RS::2027	Serbia 2027		RS			pl	pl-PL	dlugie weekendy 2027		739	0		10	yes	keywords-explorer-overview 2026-09-29									none		events-verified	yes	ODbL 1.0	ODbL 1.0, share-alike on the database, attribution required	high, computed from held holiday dates	high, the bridge-day combinations are specific to the year and country	SAFE_TO_SCALE	medium, leave planning has commercial adjacency	high, country holidays and the year calendar	out_of_window	medium	PROMISING	the intent an AI Overview cannot finish in one line, unlike a single date Global volume 300. Global volume 300.	DEMAND_MODERATE	360/648	3963
C001729	/de/feiertage/russland/2026/	pulse	events.long-weekends	long-weekend-and-bridge-day-planner	RU::2026	Russia 2026		RU			de	de-DE	brückentage 2026		1712	1		9	yes	keywords-explorer-overview 2026-09-29									none		events-verified	yes	ODbL 1.0	ODbL 1.0, share-alike on the database, attribution required	high, computed from held holiday dates	high, the bridge-day combinations are specific to the year and country	SAFE_TO_SCALE	medium, leave planning has commercial adjacency	high, country holidays and the year calendar	out_of_window	medium	PROMISING	the intent an AI Overview cannot finish in one line, unlike a single date Global volume 19000. Global volume 19000.	DEMAND_MODERATE	360/648	3963
C001738	/de/feiertage/russland/2027/	pulse	events.long-weekends	long-weekend-and-bridge-day-planner	RU::2027	Russia 2027		RU			de	de-DE	brückentage 2027		3963	0		6	yes	keywords-explorer-overview 2026-09-29									none		events-verified	yes	ODbL 1.0	ODbL 1.0, share-alike on the database, attribution required	high, computed from held holiday dates	high, the bridge-day combinations are specific to the year and country	SAFE_TO_SCALE	medium, leave planning has commercial adjacency	high, country holidays and the year calendar	out_of_window	medium	PROMISING	the intent an AI Overview cannot finish in one line, unlike a single date Global volume 900. Global volume 900.	DEMAND_MODERATE	360/648	3963
C001741	/fr/jours-feries/russie/2027/	pulse	events.long-weekends	long-weekend-and-bridge-day-planner	RU::2027	Russia 2027		RU			fr	fr-FR	ponts 2027		688	1			yes	keywords-explorer-overview 2026-09-29									none		events-verified	yes	ODbL 1.0	ODbL 1.0, share-alike on the database, attribution required	high, computed from held holiday dates	high, the bridge-day combinations are specific to the year and country	SAFE_TO_SCALE	medium, leave planning has commercial adjacency	high, country holidays and the year calendar	out_of_window	medium	PROMISING	the intent an AI Overview cannot finish in one line, unlike a single date Global volume 350. Global volume 350.	DEMAND_MODERATE	360/648	3963
C001745	/pl/dni-wolne-od-pracy/rosja/2027/	pulse	events.long-weekends	long-weekend-and-bridge-day-planner	RU::2027	Russia 2027		RU			pl	pl-PL	dlugie weekendy 2027		739	0		10	yes	keywords-explorer-overview 2026-09-29									none		events-verified	yes	ODbL 1.0	ODbL 1.0, share-alike on the database, attribution required	high, computed from held holiday dates	high, the bridge-day combinations are specific to the year and country	SAFE_TO_SCALE	medium, leave planning has commercial adjacency	high, country holidays and the year calendar	out_of_window	medium	PROMISING	the intent an AI Overview cannot finish in one line, unlike a single date Global volume 300. Global volume 300.	DEMAND_MODERATE	360/648	3963
C001747	/de/feiertage/schweden/2026/	pulse	events.long-weekends	long-weekend-and-bridge-day-planner	SE::2026	Sweden 2026		SE			de	de-DE	brückentage 2026		1712	1		9	yes	keywords-explorer-overview 2026-09-29									none		events-verified	yes	ODbL 1.0	ODbL 1.0, share-alike on the database, attribution required	high, computed from held holiday dates	high, the bridge-day combinations are specific to the year and country	SAFE_TO_SCALE	medium, leave planning has commercial adjacency	high, country holidays and the year calendar	out_of_window	medium	PROMISING	the intent an AI Overview cannot finish in one line, unlike a single date Global volume 19000. Global volume 19000.	DEMAND_MODERATE	360/648	3963
C001756	/de/feiertage/schweden/2027/	pulse	events.long-weekends	long-weekend-and-bridge-day-planner	SE::2027	Sweden 2027		SE			de	de-DE	brückentage 2027		3963	0		6	yes	keywords-explorer-overview 2026-09-29									none		events-verified	yes	ODbL 1.0	ODbL 1.0, share-alike on the database, attribution required	high, computed from held holiday dates	high, the bridge-day combinations are specific to the year and country	SAFE_TO_SCALE	medium, leave planning has commercial adjacency	high, country holidays and the year calendar	out_of_window	medium	PROMISING	the intent an AI Overview cannot finish in one line, unlike a single date Global volume 900. Global volume 900.	DEMAND_MODERATE	360/648	3963
C001759	/fr/jours-feries/suede/2027/	pulse	events.long-weekends	long-weekend-and-bridge-day-planner	SE::2027	Sweden 2027		SE			fr	fr-FR	ponts 2027		688	1			yes	keywords-explorer-overview 2026-09-29									none		events-verified	yes	ODbL 1.0	ODbL 1.0, share-alike on the database, attribution required	high, computed from held holiday dates	high, the bridge-day combinations are specific to the year and country	SAFE_TO_SCALE	medium, leave planning has commercial adjacency	high, country holidays and the year calendar	out_of_window	medium	PROMISING	the intent an AI Overview cannot finish in one line, unlike a single date Global volume 350. Global volume 350.	DEMAND_MODERATE	360/648	3963
C001763	/pl/dni-wolne-od-pracy/szwecja/2027/	pulse	events.long-weekends	long-weekend-and-bridge-day-planner	SE::2027	Sweden 2027		SE			pl	pl-PL	dlugie weekendy 2027		739	0		10	yes	keywords-explorer-overview 2026-09-29									none		events-verified	yes	ODbL 1.0	ODbL 1.0, share-alike on the database, attribution required	high, computed from held holiday dates	high, the bridge-day combinations are specific to the year and country	SAFE_TO_SCALE	medium, leave planning has commercial adjacency	high, country holidays and the year calendar	out_of_window	medium	PROMISING	the intent an AI Overview cannot finish in one line, unlike a single date Global volume 300. Global volume 300.	DEMAND_MODERATE	360/648	3963
C001765	/de/feiertage/slowenien/2026/	pulse	events.long-weekends	long-weekend-and-bridge-day-planner	SI::2026	Slovenia 2026		SI			de	de-DE	brückentage 2026		1712	1		9	yes	keywords-explorer-overview 2026-09-29									none		events-verified	yes	ODbL 1.0	ODbL 1.0, share-alike on the database, attribution required	high, computed from held holiday dates	high, the bridge-day combinations are specific to the year and country	SAFE_TO_SCALE	medium, leave planning has commercial adjacency	high, country holidays and the year calendar	out_of_window	medium	PROMISING	the intent an AI Overview cannot finish in one line, unlike a single date Global volume 19000. Global volume 19000.	DEMAND_MODERATE	360/648	3963
C001774	/de/feiertage/slowenien/2027/	pulse	events.long-weekends	long-weekend-and-bridge-day-planner	SI::2027	Slovenia 2027		SI			de	de-DE	brückentage 2027		3963	0		6	yes	keywords-explorer-overview 2026-09-29									none		events-verified	yes	ODbL 1.0	ODbL 1.0, share-alike on the database, attribution required	high, computed from held holiday dates	high, the bridge-day combinations are specific to the year and country	SAFE_TO_SCALE	medium, leave planning has commercial adjacency	high, country holidays and the year calendar	out_of_window	medium	PROMISING	the intent an AI Overview cannot finish in one line, unlike a single date Global volume 900. Global volume 900.	DEMAND_MODERATE	360/648	3963
C001777	/fr/jours-feries/slovenie/2027/	pulse	events.long-weekends	long-weekend-and-bridge-day-planner	SI::2027	Slovenia 2027		SI			fr	fr-FR	ponts 2027		688	1			yes	keywords-explorer-overview 2026-09-29									none		events-verified	yes	ODbL 1.0	ODbL 1.0, share-alike on the database, attribution required	high, computed from held holiday dates	high, the bridge-day combinations are specific to the year and country	SAFE_TO_SCALE	medium, leave planning has commercial adjacency	high, country holidays and the year calendar	out_of_window	medium	PROMISING	the intent an AI Overview cannot finish in one line, unlike a single date Global volume 350. Global volume 350.	DEMAND_MODERATE	360/648	3963
C001781	/pl/dni-wolne-od-pracy/slowenia/2027/	pulse	events.long-weekends	long-weekend-and-bridge-day-planner	SI::2027	Slovenia 2027		SI			pl	pl-PL	dlugie weekendy 2027		739	0		10	yes	keywords-explorer-overview 2026-09-29									none		events-verified	yes	ODbL 1.0	ODbL 1.0, share-alike on the database, attribution required	high, computed from held holiday dates	high, the bridge-day combinations are specific to the year and country	SAFE_TO_SCALE	medium, leave planning has commercial adjacency	high, country holidays and the year calendar	out_of_window	medium	PROMISING	the intent an AI Overview cannot finish in one line, unlike a single date Global volume 300. Global volume 300.	DEMAND_MODERATE	360/648	3963
C001783	/de/feiertage/slowakei/2026/	pulse	events.long-weekends	long-weekend-and-bridge-day-planner	SK::2026	Slovakia 2026		SK			de	de-DE	brückentage 2026		1712	1		9	yes	keywords-explorer-overview 2026-09-29									none		events-verified	yes	ODbL 1.0	ODbL 1.0, share-alike on the database, attribution required	high, computed from held holiday dates	high, the bridge-day combinations are specific to the year and country	SAFE_TO_SCALE	medium, leave planning has commercial adjacency	high, country holidays and the year calendar	out_of_window	medium	PROMISING	the intent an AI Overview cannot finish in one line, unlike a single date Global volume 19000. Global volume 19000.	DEMAND_MODERATE	360/648	3963
C001792	/de/feiertage/slowakei/2027/	pulse	events.long-weekends	long-weekend-and-bridge-day-planner	SK::2027	Slovakia 2027		SK			de	de-DE	brückentage 2027		3963	0		6	yes	keywords-explorer-overview 2026-09-29									none		events-verified	yes	ODbL 1.0	ODbL 1.0, share-alike on the database, attribution required	high, computed from held holiday dates	high, the bridge-day combinations are specific to the year and country	SAFE_TO_SCALE	medium, leave planning has commercial adjacency	high, country holidays and the year calendar	out_of_window	medium	PROMISING	the intent an AI Overview cannot finish in one line, unlike a single date Global volume 900. Global volume 900.	DEMAND_MODERATE	360/648	3963
C001795	/fr/jours-feries/slovaquie/2027/	pulse	events.long-weekends	long-weekend-and-bridge-day-planner	SK::2027	Slovakia 2027		SK			fr	fr-FR	ponts 2027		688	1			yes	keywords-explorer-overview 2026-09-29									none		events-verified	yes	ODbL 1.0	ODbL 1.0, share-alike on the database, attribution required	high, computed from held holiday dates	high, the bridge-day combinations are specific to the year and country	SAFE_TO_SCALE	medium, leave planning has commercial adjacency	high, country holidays and the year calendar	out_of_window	medium	PROMISING	the intent an AI Overview cannot finish in one line, unlike a single date Global volume 350. Global volume 350.	DEMAND_MODERATE	360/648	3963
C001799	/pl/dni-wolne-od-pracy/slowacja/2027/	pulse	events.long-weekends	long-weekend-and-bridge-day-planner	SK::2027	Slovakia 2027		SK			pl	pl-PL	dlugie weekendy 2027		739	0		10	yes	keywords-explorer-overview 2026-09-29									none		events-verified	yes	ODbL 1.0	ODbL 1.0, share-alike on the database, attribution required	high, computed from held holiday dates	high, the bridge-day combinations are specific to the year and country	SAFE_TO_SCALE	medium, leave planning has commercial adjacency	high, country holidays and the year calendar	out_of_window	medium	PROMISING	the intent an AI Overview cannot finish in one line, unlike a single date Global volume 300. Global volume 300.	DEMAND_MODERATE	360/648	3963
C001801	/de/feiertage/san-marino/2026/	pulse	events.long-weekends	long-weekend-and-bridge-day-planner	SM::2026	San Marino 2026		SM			de	de-DE	brückentage 2026		1712	1		9	yes	keywords-explorer-overview 2026-09-29									none		events-verified	yes	ODbL 1.0	ODbL 1.0, share-alike on the database, attribution required	high, computed from held holiday dates	high, the bridge-day combinations are specific to the year and country	SAFE_TO_SCALE	medium, leave planning has commercial adjacency	high, country holidays and the year calendar	out_of_window	medium	PROMISING	the intent an AI Overview cannot finish in one line, unlike a single date Global volume 19000. Global volume 19000.	DEMAND_MODERATE	360/648	3963
C001810	/de/feiertage/san-marino/2027/	pulse	events.long-weekends	long-weekend-and-bridge-day-planner	SM::2027	San Marino 2027		SM			de	de-DE	brückentage 2027		3963	0		6	yes	keywords-explorer-overview 2026-09-29									none		events-verified	yes	ODbL 1.0	ODbL 1.0, share-alike on the database, attribution required	high, computed from held holiday dates	high, the bridge-day combinations are specific to the year and country	SAFE_TO_SCALE	medium, leave planning has commercial adjacency	high, country holidays and the year calendar	out_of_window	medium	PROMISING	the intent an AI Overview cannot finish in one line, unlike a single date Global volume 900. Global volume 900.	DEMAND_MODERATE	360/648	3963
C001813	/fr/jours-feries/saint-marin/2027/	pulse	events.long-weekends	long-weekend-and-bridge-day-planner	SM::2027	San Marino 2027		SM			fr	fr-FR	ponts 2027		688	1			yes	keywords-explorer-overview 2026-09-29									none		events-verified	yes	ODbL 1.0	ODbL 1.0, share-alike on the database, attribution required	high, computed from held holiday dates	high, the bridge-day combinations are specific to the year and country	SAFE_TO_SCALE	medium, leave planning has commercial adjacency	high, country holidays and the year calendar	out_of_window	medium	PROMISING	the intent an AI Overview cannot finish in one line, unlike a single date Global volume 350. Global volume 350.	DEMAND_MODERATE	360/648	3963
C001817	/pl/dni-wolne-od-pracy/san-marino/2027/	pulse	events.long-weekends	long-weekend-and-bridge-day-planner	SM::2027	San Marino 2027		SM			pl	pl-PL	dlugie weekendy 2027		739	0		10	yes	keywords-explorer-overview 2026-09-29									none		events-verified	yes	ODbL 1.0	ODbL 1.0, share-alike on the database, attribution required	high, computed from held holiday dates	high, the bridge-day combinations are specific to the year and country	SAFE_TO_SCALE	medium, leave planning has commercial adjacency	high, country holidays and the year calendar	out_of_window	medium	PROMISING	the intent an AI Overview cannot finish in one line, unlike a single date Global volume 300. Global volume 300.	DEMAND_MODERATE	360/648	3963
C001819	/de/feiertage/vatikanstadt/2026/	pulse	events.long-weekends	long-weekend-and-bridge-day-planner	VA::2026	Vatican City 2026		VA			de	de-DE	brückentage 2026		1712	1		9	yes	keywords-explorer-overview 2026-09-29									none		events-verified	yes	ODbL 1.0	ODbL 1.0, share-alike on the database, attribution required	high, computed from held holiday dates	high, the bridge-day combinations are specific to the year and country	SAFE_TO_SCALE	medium, leave planning has commercial adjacency	high, country holidays and the year calendar	out_of_window	medium	PROMISING	the intent an AI Overview cannot finish in one line, unlike a single date Global volume 19000. Global volume 19000.	DEMAND_MODERATE	360/648	3963
C001828	/de/feiertage/vatikanstadt/2027/	pulse	events.long-weekends	long-weekend-and-bridge-day-planner	VA::2027	Vatican City 2027		VA			de	de-DE	brückentage 2027		3963	0		6	yes	keywords-explorer-overview 2026-09-29									none		events-verified	yes	ODbL 1.0	ODbL 1.0, share-alike on the database, attribution required	high, computed from held holiday dates	high, the bridge-day combinations are specific to the year and country	SAFE_TO_SCALE	medium, leave planning has commercial adjacency	high, country holidays and the year calendar	out_of_window	medium	PROMISING	the intent an AI Overview cannot finish in one line, unlike a single date Global volume 900. Global volume 900.	DEMAND_MODERATE	360/648	3963
C001831	/fr/jours-feries/etat-de-la-cite-du-vatican/2027/	pulse	events.long-weekends	long-weekend-and-bridge-day-planner	VA::2027	Vatican City 2027		VA			fr	fr-FR	ponts 2027		688	1			yes	keywords-explorer-overview 2026-09-29									none		events-verified	yes	ODbL 1.0	ODbL 1.0, share-alike on the database, attribution required	high, computed from held holiday dates	high, the bridge-day combinations are specific to the year and country	SAFE_TO_SCALE	medium, leave planning has commercial adjacency	high, country holidays and the year calendar	out_of_window	medium	PROMISING	the intent an AI Overview cannot finish in one line, unlike a single date Global volume 350. Global volume 350.	DEMAND_MODERATE	360/648	3963
C001835	/pl/dni-wolne-od-pracy/watykan/2027/	pulse	events.long-weekends	long-weekend-and-bridge-day-planner	VA::2027	Vatican City 2027		VA			pl	pl-PL	dlugie weekendy 2027		739	0		10	yes	keywords-explorer-overview 2026-09-29									none		events-verified	yes	ODbL 1.0	ODbL 1.0, share-alike on the database, attribution required	high, computed from held holiday dates	high, the bridge-day combinations are specific to the year and country	SAFE_TO_SCALE	medium, leave planning has commercial adjacency	high, country holidays and the year calendar	out_of_window	medium	PROMISING	the intent an AI Overview cannot finish in one line, unlike a single date Global volume 300. Global volume 300.	DEMAND_MODERATE	360/648	3963
C001837	/de/feiertage/suedafrika/2026/	pulse	events.long-weekends	long-weekend-and-bridge-day-planner	ZA::2026	South Africa 2026		ZA			de	de-DE	brückentage 2026		1712	1		9	yes	keywords-explorer-overview 2026-09-29									none		events-verified	yes	ODbL 1.0	ODbL 1.0, share-alike on the database, attribution required	high, computed from held holiday dates	high, the bridge-day combinations are specific to the year and country	SAFE_TO_SCALE	medium, leave planning has commercial adjacency	high, country holidays and the year calendar	out_of_window	medium	PROMISING	the intent an AI Overview cannot finish in one line, unlike a single date Global volume 19000. Global volume 19000.	DEMAND_MODERATE	360/648	3963
C001846	/de/feiertage/suedafrika/2027/	pulse	events.long-weekends	long-weekend-and-bridge-day-planner	ZA::2027	South Africa 2027		ZA			de	de-DE	brückentage 2027		3963	0		6	yes	keywords-explorer-overview 2026-09-29									none		events-verified	yes	ODbL 1.0	ODbL 1.0, share-alike on the database, attribution required	high, computed from held holiday dates	high, the bridge-day combinations are specific to the year and country	SAFE_TO_SCALE	medium, leave planning has commercial adjacency	high, country holidays and the year calendar	out_of_window	medium	PROMISING	the intent an AI Overview cannot finish in one line, unlike a single date Global volume 900. Global volume 900.	DEMAND_MODERATE	360/648	3963
C001849	/fr/jours-feries/afrique-du-sud/2027/	pulse	events.long-weekends	long-weekend-and-bridge-day-planner	ZA::2027	South Africa 2027		ZA			fr	fr-FR	ponts 2027		688	1			yes	keywords-explorer-overview 2026-09-29									none		events-verified	yes	ODbL 1.0	ODbL 1.0, share-alike on the database, attribution required	high, computed from held holiday dates	high, the bridge-day combinations are specific to the year and country	SAFE_TO_SCALE	medium, leave planning has commercial adjacency	high, country holidays and the year calendar	out_of_window	medium	PROMISING	the intent an AI Overview cannot finish in one line, unlike a single date Global volume 350. Global volume 350.	DEMAND_MODERATE	360/648	3963
C001853	/pl/dni-wolne-od-pracy/republika-poludniowej-afryki/2027/	pulse	events.long-weekends	long-weekend-and-bridge-day-planner	ZA::2027	South Africa 2027		ZA			pl	pl-PL	dlugie weekendy 2027		739	0		10	yes	keywords-explorer-overview 2026-09-29									none		events-verified	yes	ODbL 1.0	ODbL 1.0, share-alike on the database, attribution required	high, computed from held holiday dates	high, the bridge-day combinations are specific to the year and country	SAFE_TO_SCALE	medium, leave planning has commercial adjacency	high, country holidays and the year calendar	out_of_window	medium	PROMISING	the intent an AI Overview cannot finish in one line, unlike a single date Global volume 300. Global volume 300.	DEMAND_MODERATE	360/648	3963
C001926	/de/feiertage/ostermontag/2027/	pulse	events.named-holiday-date	when-is-this-holiday	AT::Easter Monday::2027	Ostermontag 2027		AT			de	de-DE	Ostermontag 2027		1864				yes	keywords-explorer-overview 2026-09-29									none		events-verified	yes	ODbL 1.0	ODbL 1.0, share-alike on the database, attribution required	high, held data	medium, a date plus context; moving feasts differ every year	SCALE_WITH_GATES	low	high, the year calendar and the country holiday page	out_of_window	high	VALIDATED	only the holidays with their own demand are worth building; the tail of this family is thin Global volume 1400. Global volume 1400.	DEMAND_HIGH	104/1889	43874
C001934	/de/feiertage/christi-himmelfahrt/2027/	pulse	events.named-holiday-date	when-is-this-holiday	AT::Ascension Day::2027	Christi Himmelfahrt 2027		AT			de	de-DE	Christi Himmelfahrt 2027		8507	1		8	yes	keywords-explorer-overview 2026-09-29									none		events-verified	yes	ODbL 1.0	ODbL 1.0, share-alike on the database, attribution required	high, held data	medium, a date plus context; moving feasts differ every year	SCALE_WITH_GATES	low	high, the year calendar and the country holiday page	out_of_window	high	VALIDATED	only the holidays with their own demand are worth building; the tail of this family is thin Global volume 12000. Global volume 12000.	DEMAND_HIGH	104/1889	43874
C001938	/de/feiertage/pfingstmontag/2027/	pulse	events.named-holiday-date	when-is-this-holiday	AT::Pentecost Monday::2027	Pfingstmontag 2027		AT			de	de-DE	Pfingstmontag 2027		2005				yes	keywords-explorer-overview 2026-09-29									none		events-verified	yes	ODbL 1.0	ODbL 1.0, share-alike on the database, attribution required	high, held data	medium, a date plus context; moving feasts differ every year	SCALE_WITH_GATES	low	high, the year calendar and the country holiday page	out_of_window	high	VALIDATED	only the holidays with their own demand are worth building; the tail of this family is thin Global volume 1300. Global volume 1300.	DEMAND_HIGH	104/1889	43874
C001942	/de/feiertage/fronleichnam/2027/	pulse	events.named-holiday-date	when-is-this-holiday	AT::Corpus Christi::2027	Fronleichnam 2027		AT			de	de-DE	Fronleichnam 2027		5991	0		5	yes	keywords-explorer-overview 2026-09-29									none		events-verified	yes	ODbL 1.0	ODbL 1.0, share-alike on the database, attribution required	high, held data	medium, a date plus context; moving feasts differ every year	SCALE_WITH_GATES	low	high, the year calendar and the country holiday page	out_of_window	high	VALIDATED	only the holidays with their own demand are worth building; the tail of this family is thin Global volume 3900. Global volume 3900.	DEMAND_HIGH	104/1889	43874
C001977	/nl/feestdagen/pasen/2027/	pulse	events.named-holiday-date	when-is-this-holiday	BE::Easter::2027	Pasen 2027		BE			nl	nl-NL	Pasen 2027		20647	0		60	yes	keywords-explorer-overview 2026-09-29									none		events-verified	yes	ODbL 1.0	ODbL 1.0, share-alike on the database, attribution required	high, held data	medium, a date plus context; moving feasts differ every year	SCALE_WITH_GATES	low	high, the year calendar and the country holiday page	out_of_window	high	VALIDATED	only the holidays with their own demand are worth building; the tail of this family is thin Global volume 28000. Global volume 28000.	DEMAND_HIGH	104/1889	43874
C001984	/fr/jours-feries/lundi-de-paques/2027/	pulse	events.named-holiday-date	when-is-this-holiday	BE::Easter Monday::2027	Lundi de Pâques 2027		BE			fr	fr-FR	Lundi de Pâques 2027		1140	1		3	yes	keywords-explorer-overview 2026-09-29									none		events-verified	yes	ODbL 1.0	ODbL 1.0, share-alike on the database, attribution required	high, held data	medium, a date plus context; moving feasts differ every year	SCALE_WITH_GATES	low	high, the year calendar and the country holiday page	out_of_window	high	VALIDATED	only the holidays with their own demand are worth building; the tail of this family is thin Global volume 1200. Global volume 1200.	DEMAND_HIGH	104/1889	43874
C001996	/fr/jours-feries/ascension/2027/	pulse	events.named-holiday-date	when-is-this-holiday	BE::Ascension Day::2027	Ascension 2027		BE			fr	fr-FR	Ascension 2027		43874	0		2	yes	keywords-explorer-overview 2026-09-29									none		events-verified	yes	ODbL 1.0	ODbL 1.0, share-alike on the database, attribution required	high, held data	medium, a date plus context; moving feasts differ every year	SCALE_WITH_GATES	low	high, the year calendar and the country holiday page	out_of_window	high	VALIDATED	only the holidays with their own demand are worth building; the tail of this family is thin Global volume 21000. Global volume 21000.	DEMAND_HIGH	104/1889	43874
C002001	/nl/feestdagen/pinksteren/2027/	pulse	events.named-holiday-date	when-is-this-holiday	BE::Pentecost::2027	Pinksteren 2027		BE			nl	nl-NL	Pinksteren 2027		15254	0		10	yes	keywords-explorer-overview 2026-09-29									none		events-verified	yes	ODbL 1.0	ODbL 1.0, share-alike on the database, attribution required	high, held data	medium, a date plus context; moving feasts differ every year	SCALE_WITH_GATES	low	high, the year calendar and the country holiday page	out_of_window	high	VALIDATED	only the holidays with their own demand are worth building; the tail of this family is thin Global volume 11000. Global volume 11000.	DEMAND_HIGH	104/1889	43874
C002002	/fr/jours-feries/pentecote/2027/	pulse	events.named-holiday-date	when-is-this-holiday	BE::Pentecost::2027	Pentecôte 2027		BE			fr	fr-FR	Pentecôte 2027		3965	2			yes	keywords-explorer-overview 2026-09-29									none		events-verified	yes	ODbL 1.0	ODbL 1.0, share-alike on the database, attribution required	high, held data	medium, a date plus context; moving feasts differ every year	SCALE_WITH_GATES	low	high, the year calendar and the country holiday page	out_of_window	high	VALIDATED	only the holidays with their own demand are worth building; the tail of this family is thin Global volume 2900. Global volume 2900.	DEMAND_HIGH	104/1889	43874
C002172	/de/feiertage/karfreitag/2027/	pulse	events.named-holiday-date	when-is-this-holiday	CH::Good Friday::2027	Karfreitag 2027		CH			de	de-DE	Karfreitag 2027		874	1		8	yes	keywords-explorer-overview 2026-09-29									none		events-verified	yes	ODbL 1.0	ODbL 1.0, share-alike on the database, attribution required	high, held data	medium, a date plus context; moving feasts differ every year	SCALE_WITH_GATES	low	high, the year calendar and the country holiday page	out_of_window	high	VALIDATED	only the holidays with their own demand are worth building; the tail of this family is thin Global volume 1600. Global volume 1600.	DEMAND_HIGH	104/1889	43874
C002173	/fr/jours-feries/vendredi-saint/2027/	pulse	events.named-holiday-date	when-is-this-holiday	CH::Good Friday::2027	Vendredi saint 2027		CH			fr	fr-FR	Vendredi saint 2027		774				yes	keywords-explorer-overview 2026-09-29									none		events-verified	yes	ODbL 1.0	ODbL 1.0, share-alike on the database, attribution required	high, held data	medium, a date plus context; moving feasts differ every year	SCALE_WITH_GATES	low	high, the year calendar and the country holiday page	out_of_window	high	VALIDATED	only the holidays with their own demand are worth building; the tail of this family is thin Global volume 900. Global volume 900.	DEMAND_HIGH	104/1889	43874
C002180	/de/feiertage/ostermontag/2027/	pulse	events.named-holiday-date	when-is-this-holiday	CH::Easter Monday::2027	Ostermontag 2027		CH			de	de-DE	Ostermontag 2027		1864				yes	keywords-explorer-overview 2026-09-29									none		events-verified	yes	ODbL 1.0	ODbL 1.0, share-alike on the database, attribution required	high, held data	medium, a date plus context; moving feasts differ every year	SCALE_WITH_GATES	low	high, the year calendar and the country holiday page	out_of_window	high	VALIDATED	only the holidays with their own demand are worth building; the tail of this family is thin Global volume 1400. Global volume 1400.	DEMAND_HIGH	104/1889	43874
C002181	/fr/jours-feries/lundi-de-paques/2027/	pulse	events.named-holiday-date	when-is-this-holiday	CH::Easter Monday::2027	Lundi de Pâques 2027		CH			fr	fr-FR	Lundi de Pâques 2027		1140	1		3	yes	keywords-explorer-overview 2026-09-29									none		events-verified	yes	ODbL 1.0	ODbL 1.0, share-alike on the database, attribution required	high, held data	medium, a date plus context; moving feasts differ every year	SCALE_WITH_GATES	low	high, the year calendar and the country holiday page	out_of_window	high	VALIDATED	only the holidays with their own demand are worth building; the tail of this family is thin Global volume 1200. Global volume 1200.	DEMAND_HIGH	104/1889	43874
C002213	/fr/jours-feries/ascension/2027/	pulse	events.named-holiday-date	when-is-this-holiday	CH::Ascension Day::2027	Ascension 2027		CH			fr	fr-FR	Ascension 2027		43874	0		2	yes	keywords-explorer-overview 2026-09-29									none		events-verified	yes	ODbL 1.0	ODbL 1.0, share-alike on the database, attribution required	high, held data	medium, a date plus context; moving feasts differ every year	SCALE_WITH_GATES	low	high, the year calendar and the country holiday page	out_of_window	high	VALIDATED	only the holidays with their own demand are worth building; the tail of this family is thin Global volume 21000. Global volume 21000.	DEMAND_HIGH	104/1889	43874
C002220	/de/feiertage/pfingstmontag/2027/	pulse	events.named-holiday-date	when-is-this-holiday	CH::Pentecost Monday::2027	Pfingstmontag 2027		CH			de	de-DE	Pfingstmontag 2027		2005				yes	keywords-explorer-overview 2026-09-29									none		events-verified	yes	ODbL 1.0	ODbL 1.0, share-alike on the database, attribution required	high, held data	medium, a date plus context; moving feasts differ every year	SCALE_WITH_GATES	low	high, the year calendar and the country holiday page	out_of_window	high	VALIDATED	only the holidays with their own demand are worth building; the tail of this family is thin Global volume 1300. Global volume 1300.	DEMAND_HIGH	104/1889	43874
C002228	/de/feiertage/fronleichnam/2027/	pulse	events.named-holiday-date	when-is-this-holiday	CH::Corpus Christi::2027	Fronleichnam 2027		CH			de	de-DE	Fronleichnam 2027		5991	0		5	yes	keywords-explorer-overview 2026-09-29									none		events-verified	yes	ODbL 1.0	ODbL 1.0, share-alike on the database, attribution required	high, held data	medium, a date plus context; moving feasts differ every year	SCALE_WITH_GATES	low	high, the year calendar and the country holiday page	out_of_window	high	VALIDATED	only the holidays with their own demand are worth building; the tail of this family is thin Global volume 3900. Global volume 3900.	DEMAND_HIGH	104/1889	43874
C002348	/de/feiertage/weihnachten/2027/	pulse	events.named-holiday-date	when-is-this-holiday	CH::Christmas::2027	Weihnachten 2027		CH			de	de-DE	Weihnachten 2027		934	0			yes	keywords-explorer-overview 2026-09-29									none		events-verified	yes	ODbL 1.0	ODbL 1.0, share-alike on the database, attribution required	high, held data	medium, a date plus context; moving feasts differ every year	SCALE_WITH_GATES	low	high, the year calendar and the country holiday page	out_of_window	high	VALIDATED	only the holidays with their own demand are worth building; the tail of this family is thin Global volume 800. Global volume 800.	DEMAND_HIGH	104/1889	43874
C002378	/de/feiertage/karfreitag/2027/	pulse	events.named-holiday-date	when-is-this-holiday	CZ::Good Friday::2027	Karfreitag 2027		CZ			de	de-DE	Karfreitag 2027		874	1		8	yes	keywords-explorer-overview 2026-09-29									none		events-verified	yes	ODbL 1.0	ODbL 1.0, share-alike on the database, attribution required	high, held data	medium, a date plus context; moving feasts differ every year	SCALE_WITH_GATES	low	high, the year calendar and the country holiday page	out_of_window	high	VALIDATED	only the holidays with their own demand are worth building; the tail of this family is thin Global volume 1600. Global volume 1600.	DEMAND_HIGH	104/1889	43874
C002382	/de/feiertage/ostermontag/2027/	pulse	events.named-holiday-date	when-is-this-holiday	CZ::Easter Monday::2027	Ostermontag 2027		CZ			de	de-DE	Ostermontag 2027		1864				yes	keywords-explorer-overview 2026-09-29									none		events-verified	yes	ODbL 1.0	ODbL 1.0, share-alike on the database, attribution required	high, held data	medium, a date plus context; moving feasts differ every year	SCALE_WITH_GATES	low	high, the year calendar and the country holiday page	out_of_window	high	VALIDATED	only the holidays with their own demand are worth building; the tail of this family is thin Global volume 1400. Global volume 1400.	DEMAND_HIGH	104/1889	43874
C002438	/de/feiertage/karfreitag/2027/	pulse	events.named-holiday-date	when-is-this-holiday	DE::Good Friday::2027	Karfreitag 2027		DE			de	de-DE	Karfreitag 2027		874	1		8	yes	keywords-explorer-overview 2026-09-29									none		events-verified	yes	ODbL 1.0	ODbL 1.0, share-alike on the database, attribution required	high, held data	medium, a date plus context; moving feasts differ every year	SCALE_WITH_GATES	low	high, the year calendar and the country holiday page	out_of_window	high	VALIDATED	only the holidays with their own demand are worth building; the tail of this family is thin Global volume 1600. Global volume 1600.	DEMAND_HIGH	104/1889	43874
C002446	/de/feiertage/ostermontag/2027/	pulse	events.named-holiday-date	when-is-this-holiday	DE::Easter Monday::2027	Ostermontag 2027		DE			de	de-DE	Ostermontag 2027		1864				yes	keywords-explorer-overview 2026-09-29									none		events-verified	yes	ODbL 1.0	ODbL 1.0, share-alike on the database, attribution required	high, held data	medium, a date plus context; moving feasts differ every year	SCALE_WITH_GATES	low	high, the year calendar and the country holiday page	out_of_window	high	VALIDATED	only the holidays with their own demand are worth building; the tail of this family is thin Global volume 1400. Global volume 1400.	DEMAND_HIGH	104/1889	43874
C002454	/de/feiertage/christi-himmelfahrt/2027/	pulse	events.named-holiday-date	when-is-this-holiday	DE::Ascension Day::2027	Christi Himmelfahrt 2027		DE			de	de-DE	Christi Himmelfahrt 2027		8507	1		8	yes	keywords-explorer-overview 2026-09-29									none		events-verified	yes	ODbL 1.0	ODbL 1.0, share-alike on the database, attribution required	high, held data	medium, a date plus context; moving feasts differ every year	SCALE_WITH_GATES	low	high, the year calendar and the country holiday page	out_of_window	high	VALIDATED	only the holidays with their own demand are worth building; the tail of this family is thin Global volume 12000. Global volume 12000.	DEMAND_HIGH	104/1889	43874
C002462	/de/feiertage/pfingstmontag/2027/	pulse	events.named-holiday-date	when-is-this-holiday	DE::Pentecost Monday::2027	Pfingstmontag 2027		DE			de	de-DE	Pfingstmontag 2027		2005				yes	keywords-explorer-overview 2026-09-29									none		events-verified	yes	ODbL 1.0	ODbL 1.0, share-alike on the database, attribution required	high, held data	medium, a date plus context; moving feasts differ every year	SCALE_WITH_GATES	low	high, the year calendar and the country holiday page	out_of_window	high	VALIDATED	only the holidays with their own demand are worth building; the tail of this family is thin Global volume 1300. Global volume 1300.	DEMAND_HIGH	104/1889	43874
C002466	/de/feiertage/fronleichnam/2027/	pulse	events.named-holiday-date	when-is-this-holiday	DE::Corpus Christi::2027	Fronleichnam 2027		DE			de	de-DE	Fronleichnam 2027		5991	0		5	yes	keywords-explorer-overview 2026-09-29									none		events-verified	yes	ODbL 1.0	ODbL 1.0, share-alike on the database, attribution required	high, held data	medium, a date plus context; moving feasts differ every year	SCALE_WITH_GATES	low	high, the year calendar and the country holiday page	out_of_window	high	VALIDATED	only the holidays with their own demand are worth building; the tail of this family is thin Global volume 3900. Global volume 3900.	DEMAND_HIGH	104/1889	43874
C002639	/fr/jours-feries/vendredi-saint/2027/	pulse	events.named-holiday-date	when-is-this-holiday	FR::Good Friday::2027	Vendredi saint 2027		FR			fr	fr-FR	Vendredi saint 2027		774				yes	keywords-explorer-overview 2026-09-29									none		events-verified	yes	ODbL 1.0	ODbL 1.0, share-alike on the database, attribution required	high, held data	medium, a date plus context; moving feasts differ every year	SCALE_WITH_GATES	low	high, the year calendar and the country holiday page	out_of_window	high	VALIDATED	only the holidays with their own demand are worth building; the tail of this family is thin Global volume 900. Global volume 900.	DEMAND_HIGH	104/1889	43874
C002643	/fr/jours-feries/lundi-de-paques/2027/	pulse	events.named-holiday-date	when-is-this-holiday	FR::Easter Monday::2027	Lundi de Pâques 2027		FR			fr	fr-FR	Lundi de Pâques 2027		1140	1		3	yes	keywords-explorer-overview 2026-09-29									none		events-verified	yes	ODbL 1.0	ODbL 1.0, share-alike on the database, attribution required	high, held data	medium, a date plus context; moving feasts differ every year	SCALE_WITH_GATES	low	high, the year calendar and the country holiday page	out_of_window	high	VALIDATED	only the holidays with their own demand are worth building; the tail of this family is thin Global volume 1200. Global volume 1200.	DEMAND_HIGH	104/1889	43874
C002659	/fr/jours-feries/ascension/2027/	pulse	events.named-holiday-date	when-is-this-holiday	FR::Ascension Day::2027	Ascension 2027		FR			fr	fr-FR	Ascension 2027		43874	0		2	yes	keywords-explorer-overview 2026-09-29									none		events-verified	yes	ODbL 1.0	ODbL 1.0, share-alike on the database, attribution required	high, held data	medium, a date plus context; moving feasts differ every year	SCALE_WITH_GATES	low	high, the year calendar and the country holiday page	out_of_window	high	VALIDATED	only the holidays with their own demand are worth building; the tail of this family is thin Global volume 21000. Global volume 21000.	DEMAND_HIGH	104/1889	43874
C002699	/de/feiertage/ostermontag/2027/	pulse	events.named-holiday-date	when-is-this-holiday	HR::Easter Monday::2027	Ostermontag 2027		HR			de	de-DE	Ostermontag 2027		1864				yes	keywords-explorer-overview 2026-09-29									none		events-verified	yes	ODbL 1.0	ODbL 1.0, share-alike on the database, attribution required	high, held data	medium, a date plus context; moving feasts differ every year	SCALE_WITH_GATES	low	high, the year calendar and the country holiday page	out_of_window	high	VALIDATED	only the holidays with their own demand are worth building; the tail of this family is thin Global volume 1400. Global volume 1400.	DEMAND_HIGH	104/1889	43874
C002711	/de/feiertage/fronleichnam/2027/	pulse	events.named-holiday-date	when-is-this-holiday	HR::Corpus Christi::2027	Fronleichnam 2027		HR			de	de-DE	Fronleichnam 2027		5991	0		5	yes	keywords-explorer-overview 2026-09-29									none		events-verified	yes	ODbL 1.0	ODbL 1.0, share-alike on the database, attribution required	high, held data	medium, a date plus context; moving feasts differ every year	SCALE_WITH_GATES	low	high, the year calendar and the country holiday page	out_of_window	high	VALIDATED	only the holidays with their own demand are worth building; the tail of this family is thin Global volume 3900. Global volume 3900.	DEMAND_HIGH	104/1889	43874
C002735	/de/feiertage/weihnachten/2027/	pulse	events.named-holiday-date	when-is-this-holiday	HR::Christmas::2027	Weihnachten 2027		HR			de	de-DE	Weihnachten 2027		934	0			yes	keywords-explorer-overview 2026-09-29									none		events-verified	yes	ODbL 1.0	ODbL 1.0, share-alike on the database, attribution required	high, held data	medium, a date plus context; moving feasts differ every year	SCALE_WITH_GATES	low	high, the year calendar and the country holiday page	out_of_window	high	VALIDATED	only the holidays with their own demand are worth building; the tail of this family is thin Global volume 800. Global volume 800.	DEMAND_HIGH	104/1889	43874
C002747	/de/feiertage/karfreitag/2027/	pulse	events.named-holiday-date	when-is-this-holiday	HU::Good Friday::2027	Karfreitag 2027		HU			de	de-DE	Karfreitag 2027		874	1		8	yes	keywords-explorer-overview 2026-09-29									none		events-verified	yes	ODbL 1.0	ODbL 1.0, share-alike on the database, attribution required	high, held data	medium, a date plus context; moving feasts differ every year	SCALE_WITH_GATES	low	high, the year calendar and the country holiday page	out_of_window	high	VALIDATED	only the holidays with their own demand are worth building; the tail of this family is thin Global volume 1600. Global volume 1600.	DEMAND_HIGH	104/1889	43874
C002751	/de/feiertage/ostermontag/2027/	pulse	events.named-holiday-date	when-is-this-holiday	HU::Easter Monday::2027	Ostermontag 2027		HU			de	de-DE	Ostermontag 2027		1864				yes	keywords-explorer-overview 2026-09-29									none		events-verified	yes	ODbL 1.0	ODbL 1.0, share-alike on the database, attribution required	high, held data	medium, a date plus context; moving feasts differ every year	SCALE_WITH_GATES	low	high, the year calendar and the country holiday page	out_of_window	high	VALIDATED	only the holidays with their own demand are worth building; the tail of this family is thin Global volume 1400. Global volume 1400.	DEMAND_HIGH	104/1889	43874
C002759	/de/feiertage/pfingstmontag/2027/	pulse	events.named-holiday-date	when-is-this-holiday	HU::Pentecost Monday::2027	Pfingstmontag 2027		HU			de	de-DE	Pfingstmontag 2027		2005				yes	keywords-explorer-overview 2026-09-29									none		events-verified	yes	ODbL 1.0	ODbL 1.0, share-alike on the database, attribution required	high, held data	medium, a date plus context; moving feasts differ every year	SCALE_WITH_GATES	low	high, the year calendar and the country holiday page	out_of_window	high	VALIDATED	only the holidays with their own demand are worth building; the tail of this family is thin Global volume 1300. Global volume 1300.	DEMAND_HIGH	104/1889	43874
C002771	/de/feiertage/weihnachten/2027/	pulse	events.named-holiday-date	when-is-this-holiday	HU::Christmas Day::2027	Weihnachten 2027		HU			de	de-DE	Weihnachten 2027		934	0			yes	keywords-explorer-overview 2026-09-29									none		events-verified	yes	ODbL 1.0	ODbL 1.0, share-alike on the database, attribution required	high, held data	medium, a date plus context; moving feasts differ every year	SCALE_WITH_GATES	low	high, the year calendar and the country holiday page	out_of_window	high	VALIDATED	only the holidays with their own demand are worth building; the tail of this family is thin Global volume 800. Global volume 800.	DEMAND_HIGH	104/1889	43874
C002899	/de/feiertage/ostermontag/2027/	pulse	events.named-holiday-date	when-is-this-holiday	LI::Easter Monday::2027	Ostermontag 2027		LI			de	de-DE	Ostermontag 2027		1864				yes	keywords-explorer-overview 2026-09-29									none		events-verified	yes	ODbL 1.0	ODbL 1.0, share-alike on the database, attribution required	high, held data	medium, a date plus context; moving feasts differ every year	SCALE_WITH_GATES	low	high, the year calendar and the country holiday page	out_of_window	high	VALIDATED	only the holidays with their own demand are worth building; the tail of this family is thin Global volume 1400. Global volume 1400.	DEMAND_HIGH	104/1889	43874
C002907	/de/feiertage/christi-himmelfahrt/2027/	pulse	events.named-holiday-date	when-is-this-holiday	LI::Ascension Day::2027	Christi Himmelfahrt 2027		LI			de	de-DE	Christi Himmelfahrt 2027		8507	1		8	yes	keywords-explorer-overview 2026-09-29									none		events-verified	yes	ODbL 1.0	ODbL 1.0, share-alike on the database, attribution required	high, held data	medium, a date plus context; moving feasts differ every year	SCALE_WITH_GATES	low	high, the year calendar and the country holiday page	out_of_window	high	VALIDATED	only the holidays with their own demand are worth building; the tail of this family is thin Global volume 12000. Global volume 12000.	DEMAND_HIGH	104/1889	43874
C002911	/de/feiertage/pfingstmontag/2027/	pulse	events.named-holiday-date	when-is-this-holiday	LI::Pentecost Monday::2027	Pfingstmontag 2027		LI			de	de-DE	Pfingstmontag 2027		2005				yes	keywords-explorer-overview 2026-09-29									none		events-verified	yes	ODbL 1.0	ODbL 1.0, share-alike on the database, attribution required	high, held data	medium, a date plus context; moving feasts differ every year	SCALE_WITH_GATES	low	high, the year calendar and the country holiday page	out_of_window	high	VALIDATED	only the holidays with their own demand are worth building; the tail of this family is thin Global volume 1300. Global volume 1300.	DEMAND_HIGH	104/1889	43874
C002915	/de/feiertage/fronleichnam/2027/	pulse	events.named-holiday-date	when-is-this-holiday	LI::Corpus Christi::2027	Fronleichnam 2027		LI			de	de-DE	Fronleichnam 2027		5991	0		5	yes	keywords-explorer-overview 2026-09-29									none		events-verified	yes	ODbL 1.0	ODbL 1.0, share-alike on the database, attribution required	high, held data	medium, a date plus context; moving feasts differ every year	SCALE_WITH_GATES	low	high, the year calendar and the country holiday page	out_of_window	high	VALIDATED	only the holidays with their own demand are worth building; the tail of this family is thin Global volume 3900. Global volume 3900.	DEMAND_HIGH	104/1889	43874
C002935	/de/feiertage/weihnachten/2027/	pulse	events.named-holiday-date	when-is-this-holiday	LI::Christmas Day::2027	Weihnachten 2027		LI			de	de-DE	Weihnachten 2027		934	0			yes	keywords-explorer-overview 2026-09-29									none		events-verified	yes	ODbL 1.0	ODbL 1.0, share-alike on the database, attribution required	high, held data	medium, a date plus context; moving feasts differ every year	SCALE_WITH_GATES	low	high, the year calendar and the country holiday page	out_of_window	high	VALIDATED	only the holidays with their own demand are worth building; the tail of this family is thin Global volume 800. Global volume 800.	DEMAND_HIGH	104/1889	43874
C002978	/fr/jours-feries/lundi-de-paques/2027/	pulse	events.named-holiday-date	when-is-this-holiday	LU::Easter Monday::2027	Lundi de Pâques 2027		LU			fr	fr-FR	Lundi de Pâques 2027		1140	1		3	yes	keywords-explorer-overview 2026-09-29									none		events-verified	yes	ODbL 1.0	ODbL 1.0, share-alike on the database, attribution required	high, held data	medium, a date plus context; moving feasts differ every year	SCALE_WITH_GATES	low	high, the year calendar and the country holiday page	out_of_window	high	VALIDATED	only the holidays with their own demand are worth building; the tail of this family is thin Global volume 1200. Global volume 1200.	DEMAND_HIGH	104/1889	43874
C002979	/de/feiertage/ostermontag/2027/	pulse	events.named-holiday-date	when-is-this-holiday	LU::Easter Monday::2027	Ostermontag 2027		LU			de	de-DE	Ostermontag 2027		1864				yes	keywords-explorer-overview 2026-09-29									none		events-verified	yes	ODbL 1.0	ODbL 1.0, share-alike on the database, attribution required	high, held data	medium, a date plus context; moving feasts differ every year	SCALE_WITH_GATES	low	high, the year calendar and the country holiday page	out_of_window	high	VALIDATED	only the holidays with their own demand are worth building; the tail of this family is thin Global volume 1400. Global volume 1400.	DEMAND_HIGH	104/1889	43874
C002996	/fr/jours-feries/ascension/2027/	pulse	events.named-holiday-date	when-is-this-holiday	LU::Ascension Day::2027	Ascension 2027		LU			fr	fr-FR	Ascension 2027		43874	0		2	yes	keywords-explorer-overview 2026-09-29									none		events-verified	yes	ODbL 1.0	ODbL 1.0, share-alike on the database, attribution required	high, held data	medium, a date plus context; moving feasts differ every year	SCALE_WITH_GATES	low	high, the year calendar and the country holiday page	out_of_window	high	VALIDATED	only the holidays with their own demand are worth building; the tail of this family is thin Global volume 21000. Global volume 21000.	DEMAND_HIGH	104/1889	43874
C002997	/de/feiertage/christi-himmelfahrt/2027/	pulse	events.named-holiday-date	when-is-this-holiday	LU::Ascension Day::2027	Christi Himmelfahrt 2027		LU			de	de-DE	Christi Himmelfahrt 2027		8507	1		8	yes	keywords-explorer-overview 2026-09-29									none		events-verified	yes	ODbL 1.0	ODbL 1.0, share-alike on the database, attribution required	high, held data	medium, a date plus context; moving feasts differ every year	SCALE_WITH_GATES	low	high, the year calendar and the country holiday page	out_of_window	high	VALIDATED	only the holidays with their own demand are worth building; the tail of this family is thin Global volume 12000. Global volume 12000.	DEMAND_HIGH	104/1889	43874
C003003	/de/feiertage/pfingstmontag/2027/	pulse	events.named-holiday-date	when-is-this-holiday	LU::Whit Monday::2027	Pfingstmontag 2027		LU			de	de-DE	Pfingstmontag 2027		2005				yes	keywords-explorer-overview 2026-09-29									none		events-verified	yes	ODbL 1.0	ODbL 1.0, share-alike on the database, attribution required	high, held data	medium, a date plus context; moving feasts differ every year	SCALE_WITH_GATES	low	high, the year calendar and the country holiday page	out_of_window	high	VALIDATED	only the holidays with their own demand are worth building; the tail of this family is thin Global volume 1300. Global volume 1300.	DEMAND_HIGH	104/1889	43874
C003213	/nl/feestdagen/koningsdag/2027/	pulse	events.named-holiday-date	when-is-this-holiday	NL::King’s Day::2027	Koningsdag 2027		NL			nl	nl-NL	Koningsdag 2027		7892	1		20	yes	keywords-explorer-overview 2026-09-29									none		events-verified	yes	ODbL 1.0	ODbL 1.0, share-alike on the database, attribution required	high, held data	medium, a date plus context; moving feasts differ every year	SCALE_WITH_GATES	low	high, the year calendar and the country holiday page	out_of_window	high	VALIDATED	only the holidays with their own demand are worth building; the tail of this family is thin Global volume 4400. Global volume 4400.	DEMAND_HIGH	104/1889	43874
C003217	/nl/feestdagen/bevrijdingsdag/2027/	pulse	events.named-holiday-date	when-is-this-holiday	NL::Liberation Day::2027	Bevrijdingsdag 2027		NL			nl	nl-NL	Bevrijdingsdag 2027		908				yes	keywords-explorer-overview 2026-09-29									none		events-verified	yes	ODbL 1.0	ODbL 1.0, share-alike on the database, attribution required	high, held data	medium, a date plus context; moving feasts differ every year	SCALE_WITH_GATES	low	high, the year calendar and the country holiday page	out_of_window	high	VALIDATED	only the holidays with their own demand are worth building; the tail of this family is thin Global volume 400. Global volume 400.	DEMAND_HIGH	104/1889	43874
C003221	/nl/feestdagen/hemelvaartsdag/2027/	pulse	events.named-holiday-date	when-is-this-holiday	NL::Ascension Day::2027	Hemelvaartsdag 2027		NL			nl	nl-NL	Hemelvaartsdag 2027		1710				yes	keywords-explorer-overview 2026-09-29									none		events-verified	yes	ODbL 1.0	ODbL 1.0, share-alike on the database, attribution required	high, held data	medium, a date plus context; moving feasts differ every year	SCALE_WITH_GATES	low	high, the year calendar and the country holiday page	out_of_window	high	VALIDATED	only the holidays with their own demand are worth building; the tail of this family is thin Global volume 1700. Global volume 1700.	DEMAND_HIGH	104/1889	43874
C003249	/pl/dni-wolne-od-pracy/wielkanoc/2027/	pulse	events.named-holiday-date	when-is-this-holiday	PL::Easter Sunday::2027	Wielkanoc 2027		PL			pl	pl-PL	Wielkanoc 2027		25644	0		10	yes	keywords-explorer-overview 2026-09-29									none		events-verified	yes	ODbL 1.0	ODbL 1.0, share-alike on the database, attribution required	high, held data	medium, a date plus context; moving feasts differ every year	SCALE_WITH_GATES	low	high, the year calendar and the country holiday page	out_of_window	high	VALIDATED	only the holidays with their own demand are worth building; the tail of this family is thin Global volume 32000. Global volume 32000.	DEMAND_HIGH	104/1889	43874
C003265	/pl/dni-wolne-od-pracy/zielone-swiatki/2027/	pulse	events.named-holiday-date	when-is-this-holiday	PL::Pentecost::2027	Zielone Świątki 2027		PL			pl	pl-PL	Zielone Świątki 2027		2605	0			yes	keywords-explorer-overview 2026-09-29									none		events-verified	yes	ODbL 1.0	ODbL 1.0, share-alike on the database, attribution required	high, held data	medium, a date plus context; moving feasts differ every year	SCALE_WITH_GATES	low	high, the year calendar and the country holiday page	out_of_window	high	VALIDATED	only the holidays with their own demand are worth building; the tail of this family is thin Global volume 1900. Global volume 1900.	DEMAND_HIGH	104/1889	43874
C003453	/de/feiertage/ostermontag/2027/	pulse	events.named-holiday-date	when-is-this-holiday	SI::Easter Monday::2027	Ostermontag 2027		SI			de	de-DE	Ostermontag 2027		1864				yes	keywords-explorer-overview 2026-09-29									none		events-verified	yes	ODbL 1.0	ODbL 1.0, share-alike on the database, attribution required	high, held data	medium, a date plus context; moving feasts differ every year	SCALE_WITH_GATES	low	high, the year calendar and the country holiday page	out_of_window	high	VALIDATED	only the holidays with their own demand are worth building; the tail of this family is thin Global volume 1400. Global volume 1400.	DEMAND_HIGH	104/1889	43874
C003485	/de/feiertage/weihnachten/2027/	pulse	events.named-holiday-date	when-is-this-holiday	SI::Christmas Day::2027	Weihnachten 2027		SI			de	de-DE	Weihnachten 2027		934	0			yes	keywords-explorer-overview 2026-09-29									none		events-verified	yes	ODbL 1.0	ODbL 1.0, share-alike on the database, attribution required	high, held data	medium, a date plus context; moving feasts differ every year	SCALE_WITH_GATES	low	high, the year calendar and the country holiday page	out_of_window	high	VALIDATED	only the holidays with their own demand are worth building; the tail of this family is thin Global volume 800. Global volume 800.	DEMAND_HIGH	104/1889	43874
C003501	/de/feiertage/karfreitag/2027/	pulse	events.named-holiday-date	when-is-this-holiday	SK::Good Friday::2027	Karfreitag 2027		SK			de	de-DE	Karfreitag 2027		874	1		8	yes	keywords-explorer-overview 2026-09-29									none		events-verified	yes	ODbL 1.0	ODbL 1.0, share-alike on the database, attribution required	high, held data	medium, a date plus context; moving feasts differ every year	SCALE_WITH_GATES	low	high, the year calendar and the country holiday page	out_of_window	high	VALIDATED	only the holidays with their own demand are worth building; the tail of this family is thin Global volume 1600. Global volume 1600.	DEMAND_HIGH	104/1889	43874
C003505	/de/feiertage/ostermontag/2027/	pulse	events.named-holiday-date	when-is-this-holiday	SK::Easter Monday::2027	Ostermontag 2027		SK			de	de-DE	Ostermontag 2027		1864				yes	keywords-explorer-overview 2026-09-29									none		events-verified	yes	ODbL 1.0	ODbL 1.0, share-alike on the database, attribution required	high, held data	medium, a date plus context; moving feasts differ every year	SCALE_WITH_GATES	low	high, the year calendar and the country holiday page	out_of_window	high	VALIDATED	only the holidays with their own demand are worth building; the tail of this family is thin Global volume 1400. Global volume 1400.	DEMAND_HIGH	104/1889	43874
C005724	/de/calendar/week-numbers/	tools	calendar.week-numbers	week-number-lookup	week-numbers	week numbers					de	de-DE	kalenderwoche		44785	48		6	yes	keywords-explorer-overview 2026-09-29									none		computed	yes	computed, no external source	no licence needed	high, ISO 8601 week arithmetic	high, it is a live answer plus a table	SAFE_TO_SCALE	low	medium	out_of_window	high	VALIDATED	kalender-365.nl/weeknummer.html earns 93469 from this single page with 731 keywords Global volume 46000. Global volume 46000.	DEMAND_HIGH	5/9	44785
C005725	/de/calendar/today/	pulse	events.today	what-is-today	today	today					de	de-DE	ist heute ein feiertag		2531	0		4	yes	keywords-explorer-overview 2026-09-29									none		events-verified	yes	ODbL 1.0	ODbL 1.0, share-alike on the database, attribution required	high, held holiday data plus a date	high, the answer changes daily	SAFE_TO_SCALE	low	high, a natural hub	out_of_window	high	VALIDATED	kalendarzswiat.pl/dzisiaj earns 59419 from one URL with 716 keywords, the highest per-page figure found Global volume 3500. Global volume 3500.	DEMAND_VERY_HIGH	4/9	137005
C005726	/de/calendar/2026/	tools	calendar.year	year-calendar	2026	2026					de	de-DE	kalender 2026		333644	0		10	yes	keywords-explorer-overview 2026-09-29									none		computed	yes	computed, no external source	no licence needed	high	medium, the grid plus that market's holidays	SCALE_WITH_GATES	low	high	out_of_window	high	VALIDATED	SERP validated for de: kalender 2027 at 70657 and KD 2 has a DR 10 page at position 3. Rejected for pl, where a SERP page carries 55463 backlinks. Global volume 2480000. Global volume 2480000.	DEMAND_VERY_HIGH	20/45	627451
C005739	/de/calendar/2027/	tools	calendar.year	year-calendar	2027	2027					de	de-DE	kalender 2027		70657	2		10	yes	keywords-explorer-overview 2026-09-29									none		computed	yes	computed, no external source	no licence needed	high	medium, the grid plus that market's holidays	SCALE_WITH_GATES	low	high	out_of_window	high	VALIDATED	SERP validated for de: kalender 2027 at 70657 and KD 2 has a DR 10 page at position 3. Rejected for pl, where a SERP page carries 55463 backlinks. Global volume 134000. Global volume 134000.	DEMAND_VERY_HIGH	20/45	627451
C005746	/de/calendar/2027/juli/	tools	calendar.month	month-calendar	2027-july	Juli 2027					de	de-DE	kalender Juli 2027		784			0	yes	keywords-explorer-overview 2026-09-29									none		computed	yes	computed, no external source	no licence needed	high	medium, grid plus holidays plus week numbers for that month	SCALE_WITH_GATES	low	high, year and sibling months	out_of_window	medium	PROMISING	a competitor holds position 1 on calendrier septembre 2026 at 59000 with zero page refdomains Global volume 1200. Global volume 1200.	DEMAND_MODERATE	14/324	2027
C005752	/de/calendar/2028/	tools	calendar.year	year-calendar	2028	2028					de	de-DE	kalender 2028		10217	0		4	yes	keywords-explorer-overview 2026-09-29									none		computed	yes	computed, no external source	no licence needed	high	medium, the grid plus that market's holidays	SCALE_WITH_GATES	low	high	out_of_window	high	VALIDATED	SERP validated for de: kalender 2027 at 70657 and KD 2 has a DR 10 page at position 3. Rejected for pl, where a SERP page carries 55463 backlinks. Global volume 12000. Global volume 12000.	DEMAND_VERY_HIGH	20/45	627451
C005765	/de/calendar/2029/	tools	calendar.year	year-calendar	2029	2029					de	de-DE	kalender 2029		1645	0		9	yes	keywords-explorer-overview 2026-09-29									none		computed	yes	computed, no external source	no licence needed	high	medium, the grid plus that market's holidays	SCALE_WITH_GATES	low	high	out_of_window	high	VALIDATED	SERP validated for de: kalender 2027 at 70657 and KD 2 has a DR 10 page at position 3. Rejected for pl, where a SERP page carries 55463 backlinks. Global volume 2500. Global volume 2500.	DEMAND_VERY_HIGH	20/45	627451
C005766	/de/calendar/2030/	tools	calendar.year	year-calendar	2030	2030					de	de-DE	kalender 2030		1308	0		7	yes	keywords-explorer-overview 2026-09-29									none		computed	yes	computed, no external source	no licence needed	high	medium, the grid plus that market's holidays	SCALE_WITH_GATES	low	high	out_of_window	high	VALIDATED	SERP validated for de: kalender 2027 at 70657 and KD 2 has a DR 10 page at position 3. Rejected for pl, where a SERP page carries 55463 backlinks. Global volume 2900. Global volume 2900.	DEMAND_VERY_HIGH	20/45	627451
C005853	/fr/calendar/week-numbers/	tools	calendar.week-numbers	week-number-lookup	week-numbers	week numbers					fr	fr-FR	numero de semaine		16023	0		80	yes	keywords-explorer-overview 2026-09-29									none		computed	yes	computed, no external source	no licence needed	high, ISO 8601 week arithmetic	high, it is a live answer plus a table	SAFE_TO_SCALE	low	medium	out_of_window	high	VALIDATED	kalender-365.nl/weeknummer.html earns 93469 from this single page with 731 keywords Global volume 13000. Global volume 13000.	DEMAND_HIGH	5/9	44785
C005855	/fr/calendar/2026/	tools	calendar.year	year-calendar	2026	2026					fr	fr-FR	calendrier 2026		627451	51		5	yes	keywords-explorer-overview 2026-09-29									none		computed	yes	computed, no external source	no licence needed	high	medium, the grid plus that market's holidays	SCALE_WITH_GATES	low	high	out_of_window	high	VALIDATED	SERP validated for de: kalender 2027 at 70657 and KD 2 has a DR 10 page at position 3. Rejected for pl, where a SERP page carries 55463 backlinks. Global volume 1120000. Global volume 1120000.	DEMAND_VERY_HIGH	20/45	627451
C005868	/fr/calendar/2027/	tools	calendar.year	year-calendar	2027	2027					fr	fr-FR	calendrier 2027		112378	0		8	yes	keywords-explorer-overview 2026-09-29									none		computed	yes	computed, no external source	no licence needed	high	medium, the grid plus that market's holidays	SCALE_WITH_GATES	low	high	out_of_window	high	VALIDATED	SERP validated for de: kalender 2027 at 70657 and KD 2 has a DR 10 page at position 3. Rejected for pl, where a SERP page carries 55463 backlinks. Global volume 96000. Global volume 96000.	DEMAND_VERY_HIGH	20/45	627451
C005869	/fr/calendar/2027/janvier/	tools	calendar.month	month-calendar	2027-january	janvier 2027					fr	fr-FR	calendrier janvier 2027		1073	0		15	yes	keywords-explorer-overview 2026-09-29									none		computed	yes	computed, no external source	no licence needed	high	medium, grid plus holidays plus week numbers for that month	SCALE_WITH_GATES	low	high, year and sibling months	out_of_window	medium	PROMISING	a competitor holds position 1 on calendrier septembre 2026 at 59000 with zero page refdomains Global volume 1400. Global volume 1400.	DEMAND_MODERATE	14/324	2027
C005875	/fr/calendar/2027/juillet/	tools	calendar.month	month-calendar	2027-july	juillet 2027					fr	fr-FR	calendrier juillet 2027		2027	0			yes	keywords-explorer-overview 2026-09-29									none		computed	yes	computed, no external source	no licence needed	high	medium, grid plus holidays plus week numbers for that month	SCALE_WITH_GATES	low	high, year and sibling months	out_of_window	medium	PROMISING	a competitor holds position 1 on calendrier septembre 2026 at 59000 with zero page refdomains Global volume 1100. Global volume 1100.	DEMAND_MODERATE	14/324	2027
C005881	/fr/calendar/2028/	tools	calendar.year	year-calendar	2028	2028					fr	fr-FR	calendrier 2028		13381	0		6	yes	keywords-explorer-overview 2026-09-29									none		computed	yes	computed, no external source	no licence needed	high	medium, the grid plus that market's holidays	SCALE_WITH_GATES	low	high	out_of_window	high	VALIDATED	SERP validated for de: kalender 2027 at 70657 and KD 2 has a DR 10 page at position 3. Rejected for pl, where a SERP page carries 55463 backlinks. Global volume 12000. Global volume 12000.	DEMAND_VERY_HIGH	20/45	627451
C005982	/nl/calendar/week-numbers/	tools	calendar.week-numbers	week-number-lookup	week-numbers	week numbers					nl	nl-NL	weeknummer		32475	15		10	yes	keywords-explorer-overview 2026-09-29									none		computed	yes	computed, no external source	no licence needed	high, ISO 8601 week arithmetic	high, it is a live answer plus a table	SAFE_TO_SCALE	low	medium	out_of_window	high	VALIDATED	kalender-365.nl/weeknummer.html earns 93469 from this single page with 731 keywords Global volume 28000. Global volume 28000.	DEMAND_HIGH	5/9	44785
C005984	/nl/calendar/2026/	tools	calendar.year	year-calendar	2026	2026					nl	nl-NL	kalender 2026		146979	0		5	yes	keywords-explorer-overview 2026-09-29									none		computed	yes	computed, no external source	no licence needed	high	medium, the grid plus that market's holidays	SCALE_WITH_GATES	low	high	out_of_window	high	VALIDATED	SERP validated for de: kalender 2027 at 70657 and KD 2 has a DR 10 page at position 3. Rejected for pl, where a SERP page carries 55463 backlinks. Global volume 2480000. Global volume 2480000.	DEMAND_VERY_HIGH	20/45	627451
C005997	/nl/calendar/2027/	tools	calendar.year	year-calendar	2027	2027					nl	nl-NL	kalender 2027		28021	0		6	yes	keywords-explorer-overview 2026-09-29									none		computed	yes	computed, no external source	no licence needed	high	medium, the grid plus that market's holidays	SCALE_WITH_GATES	low	high	out_of_window	high	VALIDATED	SERP validated for de: kalender 2027 at 70657 and KD 2 has a DR 10 page at position 3. Rejected for pl, where a SERP page carries 55463 backlinks. Global volume 134000. Global volume 134000.	DEMAND_VERY_HIGH	20/45	627451
C006010	/nl/calendar/2028/	tools	calendar.year	year-calendar	2028	2028					nl	nl-NL	kalender 2028		726	0		6	yes	keywords-explorer-overview 2026-09-29									none		computed	yes	computed, no external source	no licence needed	high	medium, the grid plus that market's holidays	SCALE_WITH_GATES	low	high	out_of_window	high	VALIDATED	SERP validated for de: kalender 2027 at 70657 and KD 2 has a DR 10 page at position 3. Rejected for pl, where a SERP page carries 55463 backlinks. Global volume 12000. Global volume 12000.	DEMAND_VERY_HIGH	20/45	627451
C006025	/pl/calendar/week-numbers/	tools	calendar.week-numbers	week-number-lookup	week-numbers	week numbers					pl	pl-PL	numer tygodnia		1383	3		20	yes	keywords-explorer-overview 2026-09-29									none		computed	yes	computed, no external source	no licence needed	high, ISO 8601 week arithmetic	high, it is a live answer plus a table	SAFE_TO_SCALE	low	medium	out_of_window	high	VALIDATED	kalender-365.nl/weeknummer.html earns 93469 from this single page with 731 keywords Global volume 2200. Global volume 2200.	DEMAND_HIGH	5/9	44785
C006026	/pl/calendar/today/	pulse	events.today	what-is-today	today	today					pl	pl-PL	jakie jest dzisiaj swieto		9938	18		160	yes	keywords-explorer-overview 2026-09-29									none		events-verified	yes	ODbL 1.0	ODbL 1.0, share-alike on the database, attribution required	high, held holiday data plus a date	high, the answer changes daily	SAFE_TO_SCALE	low	high, a natural hub	out_of_window	high	VALIDATED	kalendarzswiat.pl/dzisiaj earns 59419 from one URL with 716 keywords, the highest per-page figure found Global volume 10000. Global volume 10000.	DEMAND_VERY_HIGH	4/9	137005
C006027	/pl/calendar/2026/	tools	calendar.year	year-calendar	2026	2026					pl	pl-PL	kalendarz 2026		211323	2		4	yes	keywords-explorer-overview 2026-09-29									none		computed	yes	computed, no external source	no licence needed	high	medium, the grid plus that market's holidays	SCALE_WITH_GATES	low	high	out_of_window	high	VALIDATED	SERP validated for de: kalender 2027 at 70657 and KD 2 has a DR 10 page at position 3. Rejected for pl, where a SERP page carries 55463 backlinks. Global volume 453000. Global volume 453000.	DEMAND_VERY_HIGH	20/45	627451
C006040	/pl/calendar/2027/	tools	calendar.year	year-calendar	2027	2027					pl	pl-PL	kalendarz 2027		15801	0		4	yes	keywords-explorer-overview 2026-09-29									none		computed	yes	computed, no external source	no licence needed	high	medium, the grid plus that market's holidays	SCALE_WITH_GATES	low	high	out_of_window	high	VALIDATED	SERP validated for de: kalender 2027 at 70657 and KD 2 has a DR 10 page at position 3. Rejected for pl, where a SERP page carries 55463 backlinks. Global volume 13000. Global volume 13000.	DEMAND_VERY_HIGH	20/45	627451
C006041	/pl/calendar/2027/styczen/	tools	calendar.month	month-calendar	2027-january	styczeń 2027					pl	pl-PL	kalendarz styczeń 2027		598				yes	keywords-explorer-overview 2026-09-29									none		computed	yes	computed, no external source	no licence needed	high	medium, grid plus holidays plus week numbers for that month	SCALE_WITH_GATES	low	high, year and sibling months	out_of_window	medium	PROMISING	a competitor holds position 1 on calendrier septembre 2026 at 59000 with zero page refdomains Global volume 250. Global volume 250.	DEMAND_MODERATE	14/324	2027
C006053	/pl/calendar/2028/	tools	calendar.year	year-calendar	2028	2028					pl	pl-PL	kalendarz 2028		2345	0		3	yes	keywords-explorer-overview 2026-09-29									none		computed	yes	computed, no external source	no licence needed	high	medium, the grid plus that market's holidays	SCALE_WITH_GATES	low	high	out_of_window	high	VALIDATED	SERP validated for de: kalender 2027 at 70657 and KD 2 has a DR 10 page at position 3. Rejected for pl, where a SERP page carries 55463 backlinks. Global volume 2200. Global volume 2200.	DEMAND_VERY_HIGH	20/45	627451
C006066	/pl/calendar/2029/	tools	calendar.year	year-calendar	2029	2029					pl	pl-PL	kalendarz 2029		1294	0		3	yes	keywords-explorer-overview 2026-09-29									none		computed	yes	computed, no external source	no licence needed	high	medium, the grid plus that market's holidays	SCALE_WITH_GATES	low	high	out_of_window	high	VALIDATED	SERP validated for de: kalender 2027 at 70657 and KD 2 has a DR 10 page at position 3. Rejected for pl, where a SERP page carries 55463 backlinks. Global volume 1100. Global volume 1100.	DEMAND_VERY_HIGH	20/45	627451
C006156	/de/gehaelter/deutschland/	work	work.country-salaries	country-salary-report	DE	Germany		DE			de	de-DE	durchschnittsgehalt Deutschland		30741	0		20	yes	keywords-explorer-overview 2026-09-29									LIVE	/de/gehaelter/deutschland/	salary-data-verified	yes	Eurostat reuse policy, commercial reuse permitted with attribution	Eurostat reuse policy, commercial reuse permitted with attribution	high	high, gross and net figures differ per country	SAFE_TO_SCALE	medium, salary intent has commercial adjacency	high, salary calculator and cost of living	out_of_window	measured-live	VALIDATED	Eurostat coverage is 35 countries; outside that this family is NEEDS_DATA Global volume 33000. Global volume 33000.	DEMAND_HIGH	17/315	31061
C006159	/fr/salaires/allemagne/	work	work.country-salaries	country-salary-report	DE	Germany		DE			fr	fr-FR	salaire moyen Allemagne		981	1			yes	keywords-explorer-overview 2026-09-29									LIVE	/fr/salaires/allemagne/	salary-data-verified	yes	Eurostat reuse policy, commercial reuse permitted with attribution	Eurostat reuse policy, commercial reuse permitted with attribution	high	high, gross and net figures differ per country	SAFE_TO_SCALE	medium, salary intent has commercial adjacency	high, salary calculator and cost of living	out_of_window	measured-live	VALIDATED	Eurostat coverage is 35 countries; outside that this family is NEEDS_DATA Global volume 1500. Global volume 1500.	DEMAND_HIGH	17/315	31061
C006213	/fr/salaires/france/	work	work.country-salaries	country-salary-report	FR	France		FR			fr	fr-FR	salaire moyen France		31061	3		7	yes	keywords-explorer-overview 2026-09-29									LIVE	/fr/salaires/france/	salary-data-verified	yes	Eurostat reuse policy, commercial reuse permitted with attribution	Eurostat reuse policy, commercial reuse permitted with attribution	high	high, gross and net figures differ per country	SAFE_TO_SCALE	medium, salary intent has commercial adjacency	high, salary calculator and cost of living	out_of_window	measured-live	VALIDATED	Eurostat coverage is 35 countries; outside that this family is NEEDS_DATA Global volume 37000. Global volume 37000.	DEMAND_HIGH	17/315	31061
C006297	/nl/salarissen/nederland/	work	work.country-salaries	country-salary-report	NL	Netherlands		NL			nl	nl-NL	gemiddeld salaris Nederland		9475	14		1	yes	keywords-explorer-overview 2026-09-29									LIVE	/nl/salarissen/nederland/	salary-data-verified	yes	Eurostat reuse policy, commercial reuse permitted with attribution	Eurostat reuse policy, commercial reuse permitted with attribution	high	high, gross and net figures differ per country	SAFE_TO_SCALE	medium, salary intent has commercial adjacency	high, salary calculator and cost of living	out_of_window	measured-live	VALIDATED	Eurostat coverage is 35 countries; outside that this family is NEEDS_DATA Global volume 9100. Global volume 9100.	DEMAND_HIGH	17/315	31061
C006300	/de/gehaelter/polen/	work	work.country-salaries	country-salary-report	PL	Poland		PL			de	de-DE	durchschnittsgehalt Polen		603	0		20	yes	keywords-explorer-overview 2026-09-29									LIVE	/de/gehaelter/polen/	salary-data-verified	yes	Eurostat reuse policy, commercial reuse permitted with attribution	Eurostat reuse policy, commercial reuse permitted with attribution	high	high, gross and net figures differ per country	SAFE_TO_SCALE	medium, salary intent has commercial adjacency	high, salary calculator and cost of living	out_of_window	measured-live	VALIDATED	Eurostat coverage is 35 countries; outside that this family is NEEDS_DATA Global volume 900. Global volume 900.	DEMAND_HIGH	17/315	31061
C006795	/de/lebenshaltungskosten/schweiz/	move	cost-of-living.country	country-cost-of-living	CH	Switzerland		CH			de	de-DE	lebenshaltungskosten Schweiz		503	8		1	yes	keywords-explorer-overview 2026-09-29									LIVE	/de/lebenshaltungskosten/schweiz/	cost-of-living-verified	yes	Eurostat reuse policy plus CC BY 4.0	Eurostat reuse policy plus CC BY 4.0, commercial reuse permitted	high	medium, a price level plus category detail where Eurostat covers it	SCALE_WITH_GATES	medium	high, but the surface is already over-linked relative to its demand	out_of_window	measured-live	VALIDATED	already live Global volume 900. Global volume 900.	DEMAND_MODERATE	23/1791	2290
C006822	/de/lebenshaltungskosten/deutschland/	move	cost-of-living.country	country-cost-of-living	DE	Germany		DE			de	de-DE	lebenshaltungskosten Deutschland		2290	23		2	yes	keywords-explorer-overview 2026-09-29									LIVE	/de/lebenshaltungskosten/deutschland/	cost-of-living-verified	yes	Eurostat reuse policy plus CC BY 4.0	Eurostat reuse policy plus CC BY 4.0, commercial reuse permitted	high	medium, a price level plus category detail where Eurostat covers it	SCALE_WITH_GATES	medium	high, but the surface is already over-linked relative to its demand	out_of_window	measured-live	VALIDATED	already live Global volume 2400. Global volume 2400.	DEMAND_MODERATE	23/1791	2290
C008541	/de/working-time/oesterreich/2026/	work	work.working-time-per-year	statutory-working-time	AT::2026	Austria 2026		AT			de	de-DE	arbeitstage 2026		17291	0		5	yes	keywords-explorer-overview 2026-09-29									none		events-verified	yes	ODbL 1.0	ODbL 1.0 for the holiday input; working-time rules need a second source	high, computed from held holidays	high, working days and hours differ per country and year	SAFE_TO_SCALE	medium, payroll and HR adjacency	high, holidays and salary	out_of_window	high	VALIDATED	kalendarzswiat.pl earns 9060 from this family; godziny pracy 2026 is 16000 Global volume 13000. Global volume 13000.	DEMAND_HIGH	350/630	17291
C008548	/pl/working-time/austria/2026/	work	work.working-time-per-year	statutory-working-time	AT::2026	Austria 2026		AT			pl	pl-PL	godziny pracy 2026		4976	1		1	yes	keywords-explorer-overview 2026-09-29									none		events-verified	yes	ODbL 1.0	ODbL 1.0 for the holiday input; working-time rules need a second source	high, computed from held holidays	high, working days and hours differ per country and year	SAFE_TO_SCALE	medium, payroll and HR adjacency	high, holidays and salary	out_of_window	high	VALIDATED	kalendarzswiat.pl earns 9060 from this family; godziny pracy 2026 is 16000 Global volume 14000. Global volume 14000.	DEMAND_HIGH	350/630	17291
C008559	/de/working-time/belgien/2026/	work	work.working-time-per-year	statutory-working-time	BE::2026	Belgium 2026		BE			de	de-DE	arbeitstage 2026		17291	0		5	yes	keywords-explorer-overview 2026-09-29									none		events-verified	yes	ODbL 1.0	ODbL 1.0 for the holiday input; working-time rules need a second source	high, computed from held holidays	high, working days and hours differ per country and year	SAFE_TO_SCALE	medium, payroll and HR adjacency	high, holidays and salary	out_of_window	high	VALIDATED	kalendarzswiat.pl earns 9060 from this family; godziny pracy 2026 is 16000 Global volume 13000. Global volume 13000.	DEMAND_HIGH	350/630	17291
C008566	/pl/working-time/belgia/2026/	work	work.working-time-per-year	statutory-working-time	BE::2026	Belgium 2026		BE			pl	pl-PL	godziny pracy 2026		4976	1		1	yes	keywords-explorer-overview 2026-09-29									none		events-verified	yes	ODbL 1.0	ODbL 1.0 for the holiday input; working-time rules need a second source	high, computed from held holidays	high, working days and hours differ per country and year	SAFE_TO_SCALE	medium, payroll and HR adjacency	high, holidays and salary	out_of_window	high	VALIDATED	kalendarzswiat.pl earns 9060 from this family; godziny pracy 2026 is 16000 Global volume 14000. Global volume 14000.	DEMAND_HIGH	350/630	17291
C008577	/de/working-time/bulgarien/2026/	work	work.working-time-per-year	statutory-working-time	BG::2026	Bulgaria 2026		BG			de	de-DE	arbeitstage 2026		17291	0		5	yes	keywords-explorer-overview 2026-09-29									none		events-verified	yes	ODbL 1.0	ODbL 1.0 for the holiday input; working-time rules need a second source	high, computed from held holidays	high, working days and hours differ per country and year	SAFE_TO_SCALE	medium, payroll and HR adjacency	high, holidays and salary	out_of_window	high	VALIDATED	kalendarzswiat.pl earns 9060 from this family; godziny pracy 2026 is 16000 Global volume 13000. Global volume 13000.	DEMAND_HIGH	350/630	17291
C008584	/pl/working-time/bulgaria/2026/	work	work.working-time-per-year	statutory-working-time	BG::2026	Bulgaria 2026		BG			pl	pl-PL	godziny pracy 2026		4976	1		1	yes	keywords-explorer-overview 2026-09-29									none		events-verified	yes	ODbL 1.0	ODbL 1.0 for the holiday input; working-time rules need a second source	high, computed from held holidays	high, working days and hours differ per country and year	SAFE_TO_SCALE	medium, payroll and HR adjacency	high, holidays and salary	out_of_window	high	VALIDATED	kalendarzswiat.pl earns 9060 from this family; godziny pracy 2026 is 16000 Global volume 14000. Global volume 14000.	DEMAND_HIGH	350/630	17291
C008595	/de/working-time/zypern/2026/	work	work.working-time-per-year	statutory-working-time	CY::2026	Cyprus 2026		CY			de	de-DE	arbeitstage 2026		17291	0		5	yes	keywords-explorer-overview 2026-09-29									none		events-verified	partial	ODbL 1.0	ODbL 1.0 for the holiday input; working-time rules need a second source	blocked without holiday data	high, working days and hours differ per country and year	SAFE_TO_SCALE	medium, payroll and HR adjacency	high, holidays and salary	out_of_window	medium	NEEDS_DATA	kalendarzswiat.pl earns 9060 from this family; godziny pracy 2026 is 16000 Global volume 13000. Global volume 13000.	DEMAND_HIGH	350/630	17291
C008602	/pl/working-time/cypr/2026/	work	work.working-time-per-year	statutory-working-time	CY::2026	Cyprus 2026		CY			pl	pl-PL	godziny pracy 2026		4976	1		1	yes	keywords-explorer-overview 2026-09-29									none		events-verified	partial	ODbL 1.0	ODbL 1.0 for the holiday input; working-time rules need a second source	blocked without holiday data	high, working days and hours differ per country and year	SAFE_TO_SCALE	medium, payroll and HR adjacency	high, holidays and salary	out_of_window	medium	NEEDS_DATA	kalendarzswiat.pl earns 9060 from this family; godziny pracy 2026 is 16000 Global volume 14000. Global volume 14000.	DEMAND_HIGH	350/630	17291
C008613	/de/working-time/tschechien/2026/	work	work.working-time-per-year	statutory-working-time	CZ::2026	Czech Republic 2026		CZ			de	de-DE	arbeitstage 2026		17291	0		5	yes	keywords-explorer-overview 2026-09-29									none		events-verified	yes	ODbL 1.0	ODbL 1.0 for the holiday input; working-time rules need a second source	high, computed from held holidays	high, working days and hours differ per country and year	SAFE_TO_SCALE	medium, payroll and HR adjacency	high, holidays and salary	out_of_window	high	VALIDATED	kalendarzswiat.pl earns 9060 from this family; godziny pracy 2026 is 16000 Global volume 13000. Global volume 13000.	DEMAND_HIGH	350/630	17291
C008620	/pl/working-time/czechy/2026/	work	work.working-time-per-year	statutory-working-time	CZ::2026	Czech Republic 2026		CZ			pl	pl-PL	godziny pracy 2026		4976	1		1	yes	keywords-explorer-overview 2026-09-29									none		events-verified	yes	ODbL 1.0	ODbL 1.0 for the holiday input; working-time rules need a second source	high, computed from held holidays	high, working days and hours differ per country and year	SAFE_TO_SCALE	medium, payroll and HR adjacency	high, holidays and salary	out_of_window	high	VALIDATED	kalendarzswiat.pl earns 9060 from this family; godziny pracy 2026 is 16000 Global volume 14000. Global volume 14000.	DEMAND_HIGH	350/630	17291
C008631	/de/working-time/deutschland/2026/	work	work.working-time-per-year	statutory-working-time	DE::2026	Germany 2026		DE			de	de-DE	arbeitstage 2026		17291	0		5	yes	keywords-explorer-overview 2026-09-29									none		events-verified	yes	ODbL 1.0	ODbL 1.0 for the holiday input; working-time rules need a second source	high, computed from held holidays	high, working days and hours differ per country and year	SAFE_TO_SCALE	medium, payroll and HR adjacency	high, holidays and salary	out_of_window	high	VALIDATED	kalendarzswiat.pl earns 9060 from this family; godziny pracy 2026 is 16000 Global volume 13000. Global volume 13000.	DEMAND_HIGH	350/630	17291
C008638	/pl/working-time/niemcy/2026/	work	work.working-time-per-year	statutory-working-time	DE::2026	Germany 2026		DE			pl	pl-PL	godziny pracy 2026		4976	1		1	yes	keywords-explorer-overview 2026-09-29									none		events-verified	yes	ODbL 1.0	ODbL 1.0 for the holiday input; working-time rules need a second source	high, computed from held holidays	high, working days and hours differ per country and year	SAFE_TO_SCALE	medium, payroll and HR adjacency	high, holidays and salary	out_of_window	high	VALIDATED	kalendarzswiat.pl earns 9060 from this family; godziny pracy 2026 is 16000 Global volume 14000. Global volume 14000.	DEMAND_HIGH	350/630	17291
C008649	/de/working-time/daenemark/2026/	work	work.working-time-per-year	statutory-working-time	DK::2026	Denmark 2026		DK			de	de-DE	arbeitstage 2026		17291	0		5	yes	keywords-explorer-overview 2026-09-29									none		events-verified	partial	ODbL 1.0	ODbL 1.0 for the holiday input; working-time rules need a second source	blocked without holiday data	high, working days and hours differ per country and year	SAFE_TO_SCALE	medium, payroll and HR adjacency	high, holidays and salary	out_of_window	medium	NEEDS_DATA	kalendarzswiat.pl earns 9060 from this family; godziny pracy 2026 is 16000 Global volume 13000. Global volume 13000.	DEMAND_HIGH	350/630	17291
C008656	/pl/working-time/dania/2026/	work	work.working-time-per-year	statutory-working-time	DK::2026	Denmark 2026		DK			pl	pl-PL	godziny pracy 2026		4976	1		1	yes	keywords-explorer-overview 2026-09-29									none		events-verified	partial	ODbL 1.0	ODbL 1.0 for the holiday input; working-time rules need a second source	blocked without holiday data	high, working days and hours differ per country and year	SAFE_TO_SCALE	medium, payroll and HR adjacency	high, holidays and salary	out_of_window	medium	NEEDS_DATA	kalendarzswiat.pl earns 9060 from this family; godziny pracy 2026 is 16000 Global volume 14000. Global volume 14000.	DEMAND_HIGH	350/630	17291
C008667	/de/working-time/estland/2026/	work	work.working-time-per-year	statutory-working-time	EE::2026	Estonia 2026		EE			de	de-DE	arbeitstage 2026		17291	0		5	yes	keywords-explorer-overview 2026-09-29									none		events-verified	yes	ODbL 1.0	ODbL 1.0 for the holiday input; working-time rules need a second source	high, computed from held holidays	high, working days and hours differ per country and year	SAFE_TO_SCALE	medium, payroll and HR adjacency	high, holidays and salary	out_of_window	high	VALIDATED	kalendarzswiat.pl earns 9060 from this family; godziny pracy 2026 is 16000 Global volume 13000. Global volume 13000.	DEMAND_HIGH	350/630	17291
C008674	/pl/working-time/estonia/2026/	work	work.working-time-per-year	statutory-working-time	EE::2026	Estonia 2026		EE			pl	pl-PL	godziny pracy 2026		4976	1		1	yes	keywords-explorer-overview 2026-09-29									none		events-verified	yes	ODbL 1.0	ODbL 1.0 for the holiday input; working-time rules need a second source	high, computed from held holidays	high, working days and hours differ per country and year	SAFE_TO_SCALE	medium, payroll and HR adjacency	high, holidays and salary	out_of_window	high	VALIDATED	kalendarzswiat.pl earns 9060 from this family; godziny pracy 2026 is 16000 Global volume 14000. Global volume 14000.	DEMAND_HIGH	350/630	17291
C008685	/de/working-time/griechenland/2026/	work	work.working-time-per-year	statutory-working-time	GR::2026	Greece 2026		GR			de	de-DE	arbeitstage 2026		17291	0		5	yes	keywords-explorer-overview 2026-09-29									none		events-verified	partial	ODbL 1.0	ODbL 1.0 for the holiday input; working-time rules need a second source	blocked without holiday data	high, working days and hours differ per country and year	SAFE_TO_SCALE	medium, payroll and HR adjacency	high, holidays and salary	out_of_window	medium	NEEDS_DATA	kalendarzswiat.pl earns 9060 from this family; godziny pracy 2026 is 16000 Global volume 13000. Global volume 13000.	DEMAND_HIGH	350/630	17291
C008692	/pl/working-time/grecja/2026/	work	work.working-time-per-year	statutory-working-time	GR::2026	Greece 2026		GR			pl	pl-PL	godziny pracy 2026		4976	1		1	yes	keywords-explorer-overview 2026-09-29									none		events-verified	partial	ODbL 1.0	ODbL 1.0 for the holiday input; working-time rules need a second source	blocked without holiday data	high, working days and hours differ per country and year	SAFE_TO_SCALE	medium, payroll and HR adjacency	high, holidays and salary	out_of_window	medium	NEEDS_DATA	kalendarzswiat.pl earns 9060 from this family; godziny pracy 2026 is 16000 Global volume 14000. Global volume 14000.	DEMAND_HIGH	350/630	17291
C008703	/de/working-time/spanien/2026/	work	work.working-time-per-year	statutory-working-time	ES::2026	Spain 2026		ES			de	de-DE	arbeitstage 2026		17291	0		5	yes	keywords-explorer-overview 2026-09-29									none		events-verified	yes	ODbL 1.0	ODbL 1.0 for the holiday input; working-time rules need a second source	high, computed from held holidays	high, working days and hours differ per country and year	SAFE_TO_SCALE	medium, payroll and HR adjacency	high, holidays and salary	out_of_window	high	VALIDATED	kalendarzswiat.pl earns 9060 from this family; godziny pracy 2026 is 16000 Global volume 13000. Global volume 13000.	DEMAND_HIGH	350/630	17291
C008710	/pl/working-time/hiszpania/2026/	work	work.working-time-per-year	statutory-working-time	ES::2026	Spain 2026		ES			pl	pl-PL	godziny pracy 2026		4976	1		1	yes	keywords-explorer-overview 2026-09-29									none		events-verified	yes	ODbL 1.0	ODbL 1.0 for the holiday input; working-time rules need a second source	high, computed from held holidays	high, working days and hours differ per country and year	SAFE_TO_SCALE	medium, payroll and HR adjacency	high, holidays and salary	out_of_window	high	VALIDATED	kalendarzswiat.pl earns 9060 from this family; godziny pracy 2026 is 16000 Global volume 14000. Global volume 14000.	DEMAND_HIGH	350/630	17291
C008721	/de/working-time/finnland/2026/	work	work.working-time-per-year	statutory-working-time	FI::2026	Finland 2026		FI			de	de-DE	arbeitstage 2026		17291	0		5	yes	keywords-explorer-overview 2026-09-29									none		events-verified	partial	ODbL 1.0	ODbL 1.0 for the holiday input; working-time rules need a second source	blocked without holiday data	high, working days and hours differ per country and year	SAFE_TO_SCALE	medium, payroll and HR adjacency	high, holidays and salary	out_of_window	medium	NEEDS_DATA	kalendarzswiat.pl earns 9060 from this family; godziny pracy 2026 is 16000 Global volume 13000. Global volume 13000.	DEMAND_HIGH	350/630	17291
C008728	/pl/working-time/finlandia/2026/	work	work.working-time-per-year	statutory-working-time	FI::2026	Finland 2026		FI			pl	pl-PL	godziny pracy 2026		4976	1		1	yes	keywords-explorer-overview 2026-09-29									none		events-verified	partial	ODbL 1.0	ODbL 1.0 for the holiday input; working-time rules need a second source	blocked without holiday data	high, working days and hours differ per country and year	SAFE_TO_SCALE	medium, payroll and HR adjacency	high, holidays and salary	out_of_window	medium	NEEDS_DATA	kalendarzswiat.pl earns 9060 from this family; godziny pracy 2026 is 16000 Global volume 14000. Global volume 14000.	DEMAND_HIGH	350/630	17291
C008739	/de/working-time/frankreich/2026/	work	work.working-time-per-year	statutory-working-time	FR::2026	France 2026		FR			de	de-DE	arbeitstage 2026		17291	0		5	yes	keywords-explorer-overview 2026-09-29									none		events-verified	yes	ODbL 1.0	ODbL 1.0 for the holiday input; working-time rules need a second source	high, computed from held holidays	high, working days and hours differ per country and year	SAFE_TO_SCALE	medium, payroll and HR adjacency	high, holidays and salary	out_of_window	high	VALIDATED	kalendarzswiat.pl earns 9060 from this family; godziny pracy 2026 is 16000 Global volume 13000. Global volume 13000.	DEMAND_HIGH	350/630	17291
C008746	/pl/working-time/francja/2026/	work	work.working-time-per-year	statutory-working-time	FR::2026	France 2026		FR			pl	pl-PL	godziny pracy 2026		4976	1		1	yes	keywords-explorer-overview 2026-09-29									none		events-verified	yes	ODbL 1.0	ODbL 1.0 for the holiday input; working-time rules need a second source	high, computed from held holidays	high, working days and hours differ per country and year	SAFE_TO_SCALE	medium, payroll and HR adjacency	high, holidays and salary	out_of_window	high	VALIDATED	kalendarzswiat.pl earns 9060 from this family; godziny pracy 2026 is 16000 Global volume 14000. Global volume 14000.	DEMAND_HIGH	350/630	17291
C008757	/de/working-time/kroatien/2026/	work	work.working-time-per-year	statutory-working-time	HR::2026	Croatia 2026		HR			de	de-DE	arbeitstage 2026		17291	0		5	yes	keywords-explorer-overview 2026-09-29									none		events-verified	yes	ODbL 1.0	ODbL 1.0 for the holiday input; working-time rules need a second source	high, computed from held holidays	high, working days and hours differ per country and year	SAFE_TO_SCALE	medium, payroll and HR adjacency	high, holidays and salary	out_of_window	high	VALIDATED	kalendarzswiat.pl earns 9060 from this family; godziny pracy 2026 is 16000 Global volume 13000. Global volume 13000.	DEMAND_HIGH	350/630	17291
C008764	/pl/working-time/chorwacja/2026/	work	work.working-time-per-year	statutory-working-time	HR::2026	Croatia 2026		HR			pl	pl-PL	godziny pracy 2026		4976	1		1	yes	keywords-explorer-overview 2026-09-29									none		events-verified	yes	ODbL 1.0	ODbL 1.0 for the holiday input; working-time rules need a second source	high, computed from held holidays	high, working days and hours differ per country and year	SAFE_TO_SCALE	medium, payroll and HR adjacency	high, holidays and salary	out_of_window	high	VALIDATED	kalendarzswiat.pl earns 9060 from this family; godziny pracy 2026 is 16000 Global volume 14000. Global volume 14000.	DEMAND_HIGH	350/630	17291
C008775	/de/working-time/ungarn/2026/	work	work.working-time-per-year	statutory-working-time	HU::2026	Hungary 2026		HU			de	de-DE	arbeitstage 2026		17291	0		5	yes	keywords-explorer-overview 2026-09-29									none		events-verified	yes	ODbL 1.0	ODbL 1.0 for the holiday input; working-time rules need a second source	high, computed from held holidays	high, working days and hours differ per country and year	SAFE_TO_SCALE	medium, payroll and HR adjacency	high, holidays and salary	out_of_window	high	VALIDATED	kalendarzswiat.pl earns 9060 from this family; godziny pracy 2026 is 16000 Global volume 13000. Global volume 13000.	DEMAND_HIGH	350/630	17291
C008782	/pl/working-time/wegry/2026/	work	work.working-time-per-year	statutory-working-time	HU::2026	Hungary 2026		HU			pl	pl-PL	godziny pracy 2026		4976	1		1	yes	keywords-explorer-overview 2026-09-29									none		events-verified	yes	ODbL 1.0	ODbL 1.0 for the holiday input; working-time rules need a second source	high, computed from held holidays	high, working days and hours differ per country and year	SAFE_TO_SCALE	medium, payroll and HR adjacency	high, holidays and salary	out_of_window	high	VALIDATED	kalendarzswiat.pl earns 9060 from this family; godziny pracy 2026 is 16000 Global volume 14000. Global volume 14000.	DEMAND_HIGH	350/630	17291
C008793	/de/working-time/irland/2026/	work	work.working-time-per-year	statutory-working-time	IE::2026	Ireland 2026		IE			de	de-DE	arbeitstage 2026		17291	0		5	yes	keywords-explorer-overview 2026-09-29									none		events-verified	yes	ODbL 1.0	ODbL 1.0 for the holiday input; working-time rules need a second source	high, computed from held holidays	high, working days and hours differ per country and year	SAFE_TO_SCALE	medium, payroll and HR adjacency	high, holidays and salary	out_of_window	high	VALIDATED	kalendarzswiat.pl earns 9060 from this family; godziny pracy 2026 is 16000 Global volume 13000. Global volume 13000.	DEMAND_HIGH	350/630	17291
C008800	/pl/working-time/irlandia/2026/	work	work.working-time-per-year	statutory-working-time	IE::2026	Ireland 2026		IE			pl	pl-PL	godziny pracy 2026		4976	1		1	yes	keywords-explorer-overview 2026-09-29									none		events-verified	yes	ODbL 1.0	ODbL 1.0 for the holiday input; working-time rules need a second source	high, computed from held holidays	high, working days and hours differ per country and year	SAFE_TO_SCALE	medium, payroll and HR adjacency	high, holidays and salary	out_of_window	high	VALIDATED	kalendarzswiat.pl earns 9060 from this family; godziny pracy 2026 is 16000 Global volume 14000. Global volume 14000.	DEMAND_HIGH	350/630	17291
C008811	/de/working-time/italien/2026/	work	work.working-time-per-year	statutory-working-time	IT::2026	Italy 2026		IT			de	de-DE	arbeitstage 2026		17291	0		5	yes	keywords-explorer-overview 2026-09-29									none		events-verified	yes	ODbL 1.0	ODbL 1.0 for the holiday input; working-time rules need a second source	high, computed from held holidays	high, working days and hours differ per country and year	SAFE_TO_SCALE	medium, payroll and HR adjacency	high, holidays and salary	out_of_window	high	VALIDATED	kalendarzswiat.pl earns 9060 from this family; godziny pracy 2026 is 16000 Global volume 13000. Global volume 13000.	DEMAND_HIGH	350/630	17291
C008818	/pl/working-time/wlochy/2026/	work	work.working-time-per-year	statutory-working-time	IT::2026	Italy 2026		IT			pl	pl-PL	godziny pracy 2026		4976	1		1	yes	keywords-explorer-overview 2026-09-29									none		events-verified	yes	ODbL 1.0	ODbL 1.0 for the holiday input; working-time rules need a second source	high, computed from held holidays	high, working days and hours differ per country and year	SAFE_TO_SCALE	medium, payroll and HR adjacency	high, holidays and salary	out_of_window	high	VALIDATED	kalendarzswiat.pl earns 9060 from this family; godziny pracy 2026 is 16000 Global volume 14000. Global volume 14000.	DEMAND_HIGH	350/630	17291
C008829	/de/working-time/litauen/2026/	work	work.working-time-per-year	statutory-working-time	LT::2026	Lithuania 2026		LT			de	de-DE	arbeitstage 2026		17291	0		5	yes	keywords-explorer-overview 2026-09-29									none		events-verified	yes	ODbL 1.0	ODbL 1.0 for the holiday input; working-time rules need a second source	high, computed from held holidays	high, working days and hours differ per country and year	SAFE_TO_SCALE	medium, payroll and HR adjacency	high, holidays and salary	out_of_window	high	VALIDATED	kalendarzswiat.pl earns 9060 from this family; godziny pracy 2026 is 16000 Global volume 13000. Global volume 13000.	DEMAND_HIGH	350/630	17291
C008836	/pl/working-time/litwa/2026/	work	work.working-time-per-year	statutory-working-time	LT::2026	Lithuania 2026		LT			pl	pl-PL	godziny pracy 2026		4976	1		1	yes	keywords-explorer-overview 2026-09-29									none		events-verified	yes	ODbL 1.0	ODbL 1.0 for the holiday input; working-time rules need a second source	high, computed from held holidays	high, working days and hours differ per country and year	SAFE_TO_SCALE	medium, payroll and HR adjacency	high, holidays and salary	out_of_window	high	VALIDATED	kalendarzswiat.pl earns 9060 from this family; godziny pracy 2026 is 16000 Global volume 14000. Global volume 14000.	DEMAND_HIGH	350/630	17291
C008847	/de/working-time/luxemburg/2026/	work	work.working-time-per-year	statutory-working-time	LU::2026	Luxembourg 2026		LU			de	de-DE	arbeitstage 2026		17291	0		5	yes	keywords-explorer-overview 2026-09-29									none		events-verified	yes	ODbL 1.0	ODbL 1.0 for the holiday input; working-time rules need a second source	high, computed from held holidays	high, working days and hours differ per country and year	SAFE_TO_SCALE	medium, payroll and HR adjacency	high, holidays and salary	out_of_window	high	VALIDATED	kalendarzswiat.pl earns 9060 from this family; godziny pracy 2026 is 16000 Global volume 13000. Global volume 13000.	DEMAND_HIGH	350/630	17291
C008854	/pl/working-time/luksemburg/2026/	work	work.working-time-per-year	statutory-working-time	LU::2026	Luxembourg 2026		LU			pl	pl-PL	godziny pracy 2026		4976	1		1	yes	keywords-explorer-overview 2026-09-29									none		events-verified	yes	ODbL 1.0	ODbL 1.0 for the holiday input; working-time rules need a second source	high, computed from held holidays	high, working days and hours differ per country and year	SAFE_TO_SCALE	medium, payroll and HR adjacency	high, holidays and salary	out_of_window	high	VALIDATED	kalendarzswiat.pl earns 9060 from this family; godziny pracy 2026 is 16000 Global volume 14000. Global volume 14000.	DEMAND_HIGH	350/630	17291
C008865	/de/working-time/lettland/2026/	work	work.working-time-per-year	statutory-working-time	LV::2026	Latvia 2026		LV			de	de-DE	arbeitstage 2026		17291	0		5	yes	keywords-explorer-overview 2026-09-29									none		events-verified	yes	ODbL 1.0	ODbL 1.0 for the holiday input; working-time rules need a second source	high, computed from held holidays	high, working days and hours differ per country and year	SAFE_TO_SCALE	medium, payroll and HR adjacency	high, holidays and salary	out_of_window	high	VALIDATED	kalendarzswiat.pl earns 9060 from this family; godziny pracy 2026 is 16000 Global volume 13000. Global volume 13000.	DEMAND_HIGH	350/630	17291
C008872	/pl/working-time/lotwa/2026/	work	work.working-time-per-year	statutory-working-time	LV::2026	Latvia 2026		LV			pl	pl-PL	godziny pracy 2026		4976	1		1	yes	keywords-explorer-overview 2026-09-29									none		events-verified	yes	ODbL 1.0	ODbL 1.0 for the holiday input; working-time rules need a second source	high, computed from held holidays	high, working days and hours differ per country and year	SAFE_TO_SCALE	medium, payroll and HR adjacency	high, holidays and salary	out_of_window	high	VALIDATED	kalendarzswiat.pl earns 9060 from this family; godziny pracy 2026 is 16000 Global volume 14000. Global volume 14000.	DEMAND_HIGH	350/630	17291
C008883	/de/working-time/malta/2026/	work	work.working-time-per-year	statutory-working-time	MT::2026	Malta 2026		MT			de	de-DE	arbeitstage 2026		17291	0		5	yes	keywords-explorer-overview 2026-09-29									none		events-verified	yes	ODbL 1.0	ODbL 1.0 for the holiday input; working-time rules need a second source	high, computed from held holidays	high, working days and hours differ per country and year	SAFE_TO_SCALE	medium, payroll and HR adjacency	high, holidays and salary	out_of_window	high	VALIDATED	kalendarzswiat.pl earns 9060 from this family; godziny pracy 2026 is 16000 Global volume 13000. Global volume 13000.	DEMAND_HIGH	350/630	17291
C008890	/pl/working-time/malta/2026/	work	work.working-time-per-year	statutory-working-time	MT::2026	Malta 2026		MT			pl	pl-PL	godziny pracy 2026		4976	1		1	yes	keywords-explorer-overview 2026-09-29									none		events-verified	yes	ODbL 1.0	ODbL 1.0 for the holiday input; working-time rules need a second source	high, computed from held holidays	high, working days and hours differ per country and year	SAFE_TO_SCALE	medium, payroll and HR adjacency	high, holidays and salary	out_of_window	high	VALIDATED	kalendarzswiat.pl earns 9060 from this family; godziny pracy 2026 is 16000 Global volume 14000. Global volume 14000.	DEMAND_HIGH	350/630	17291
C008901	/de/working-time/niederlande/2026/	work	work.working-time-per-year	statutory-working-time	NL::2026	Netherlands 2026		NL			de	de-DE	arbeitstage 2026		17291	0		5	yes	keywords-explorer-overview 2026-09-29									none		events-verified	yes	ODbL 1.0	ODbL 1.0 for the holiday input; working-time rules need a second source	high, computed from held holidays	high, working days and hours differ per country and year	SAFE_TO_SCALE	medium, payroll and HR adjacency	high, holidays and salary	out_of_window	high	VALIDATED	kalendarzswiat.pl earns 9060 from this family; godziny pracy 2026 is 16000 Global volume 13000. Global volume 13000.	DEMAND_HIGH	350/630	17291
C008908	/pl/working-time/holandia/2026/	work	work.working-time-per-year	statutory-working-time	NL::2026	Netherlands 2026		NL			pl	pl-PL	godziny pracy 2026		4976	1		1	yes	keywords-explorer-overview 2026-09-29									none		events-verified	yes	ODbL 1.0	ODbL 1.0 for the holiday input; working-time rules need a second source	high, computed from held holidays	high, working days and hours differ per country and year	SAFE_TO_SCALE	medium, payroll and HR adjacency	high, holidays and salary	out_of_window	high	VALIDATED	kalendarzswiat.pl earns 9060 from this family; godziny pracy 2026 is 16000 Global volume 14000. Global volume 14000.	DEMAND_HIGH	350/630	17291
C008919	/de/working-time/polen/2026/	work	work.working-time-per-year	statutory-working-time	PL::2026	Poland 2026		PL			de	de-DE	arbeitstage 2026		17291	0		5	yes	keywords-explorer-overview 2026-09-29									none		events-verified	yes	ODbL 1.0	ODbL 1.0 for the holiday input; working-time rules need a second source	high, computed from held holidays	high, working days and hours differ per country and year	SAFE_TO_SCALE	medium, payroll and HR adjacency	high, holidays and salary	out_of_window	high	VALIDATED	kalendarzswiat.pl earns 9060 from this family; godziny pracy 2026 is 16000 Global volume 13000. Global volume 13000.	DEMAND_HIGH	350/630	17291
C008926	/pl/working-time/polska/2026/	work	work.working-time-per-year	statutory-working-time	PL::2026	Poland 2026		PL			pl	pl-PL	godziny pracy 2026		4976	1		1	yes	keywords-explorer-overview 2026-09-29									none		events-verified	yes	ODbL 1.0	ODbL 1.0 for the holiday input; working-time rules need a second source	high, computed from held holidays	high, working days and hours differ per country and year	SAFE_TO_SCALE	medium, payroll and HR adjacency	high, holidays and salary	out_of_window	high	VALIDATED	kalendarzswiat.pl earns 9060 from this family; godziny pracy 2026 is 16000 Global volume 14000. Global volume 14000.	DEMAND_HIGH	350/630	17291
C008937	/de/working-time/portugal/2026/	work	work.working-time-per-year	statutory-working-time	PT::2026	Portugal 2026		PT			de	de-DE	arbeitstage 2026		17291	0		5	yes	keywords-explorer-overview 2026-09-29									none		events-verified	yes	ODbL 1.0	ODbL 1.0 for the holiday input; working-time rules need a second source	high, computed from held holidays	high, working days and hours differ per country and year	SAFE_TO_SCALE	medium, payroll and HR adjacency	high, holidays and salary	out_of_window	high	VALIDATED	kalendarzswiat.pl earns 9060 from this family; godziny pracy 2026 is 16000 Global volume 13000. Global volume 13000.	DEMAND_HIGH	350/630	17291
C008944	/pl/working-time/portugalia/2026/	work	work.working-time-per-year	statutory-working-time	PT::2026	Portugal 2026		PT			pl	pl-PL	godziny pracy 2026		4976	1		1	yes	keywords-explorer-overview 2026-09-29									none		events-verified	yes	ODbL 1.0	ODbL 1.0 for the holiday input; working-time rules need a second source	high, computed from held holidays	high, working days and hours differ per country and year	SAFE_TO_SCALE	medium, payroll and HR adjacency	high, holidays and salary	out_of_window	high	VALIDATED	kalendarzswiat.pl earns 9060 from this family; godziny pracy 2026 is 16000 Global volume 14000. Global volume 14000.	DEMAND_HIGH	350/630	17291
C008955	/de/working-time/rumaenien/2026/	work	work.working-time-per-year	statutory-working-time	RO::2026	Romania 2026		RO			de	de-DE	arbeitstage 2026		17291	0		5	yes	keywords-explorer-overview 2026-09-29									none		events-verified	yes	ODbL 1.0	ODbL 1.0 for the holiday input; working-time rules need a second source	high, computed from held holidays	high, working days and hours differ per country and year	SAFE_TO_SCALE	medium, payroll and HR adjacency	high, holidays and salary	out_of_window	high	VALIDATED	kalendarzswiat.pl earns 9060 from this family; godziny pracy 2026 is 16000 Global volume 13000. Global volume 13000.	DEMAND_HIGH	350/630	17291
C008962	/pl/working-time/rumunia/2026/	work	work.working-time-per-year	statutory-working-time	RO::2026	Romania 2026		RO			pl	pl-PL	godziny pracy 2026		4976	1		1	yes	keywords-explorer-overview 2026-09-29									none		events-verified	yes	ODbL 1.0	ODbL 1.0 for the holiday input; working-time rules need a second source	high, computed from held holidays	high, working days and hours differ per country and year	SAFE_TO_SCALE	medium, payroll and HR adjacency	high, holidays and salary	out_of_window	high	VALIDATED	kalendarzswiat.pl earns 9060 from this family; godziny pracy 2026 is 16000 Global volume 14000. Global volume 14000.	DEMAND_HIGH	350/630	17291
C008973	/de/working-time/schweden/2026/	work	work.working-time-per-year	statutory-working-time	SE::2026	Sweden 2026		SE			de	de-DE	arbeitstage 2026		17291	0		5	yes	keywords-explorer-overview 2026-09-29									none		events-verified	yes	ODbL 1.0	ODbL 1.0 for the holiday input; working-time rules need a second source	high, computed from held holidays	high, working days and hours differ per country and year	SAFE_TO_SCALE	medium, payroll and HR adjacency	high, holidays and salary	out_of_window	high	VALIDATED	kalendarzswiat.pl earns 9060 from this family; godziny pracy 2026 is 16000 Global volume 13000. Global volume 13000.	DEMAND_HIGH	350/630	17291
C008980	/pl/working-time/szwecja/2026/	work	work.working-time-per-year	statutory-working-time	SE::2026	Sweden 2026		SE			pl	pl-PL	godziny pracy 2026		4976	1		1	yes	keywords-explorer-overview 2026-09-29									none		events-verified	yes	ODbL 1.0	ODbL 1.0 for the holiday input; working-time rules need a second source	high, computed from held holidays	high, working days and hours differ per country and year	SAFE_TO_SCALE	medium, payroll and HR adjacency	high, holidays and salary	out_of_window	high	VALIDATED	kalendarzswiat.pl earns 9060 from this family; godziny pracy 2026 is 16000 Global volume 14000. Global volume 14000.	DEMAND_HIGH	350/630	17291
C008991	/de/working-time/slowenien/2026/	work	work.working-time-per-year	statutory-working-time	SI::2026	Slovenia 2026		SI			de	de-DE	arbeitstage 2026		17291	0		5	yes	keywords-explorer-overview 2026-09-29									none		events-verified	yes	ODbL 1.0	ODbL 1.0 for the holiday input; working-time rules need a second source	high, computed from held holidays	high, working days and hours differ per country and year	SAFE_TO_SCALE	medium, payroll and HR adjacency	high, holidays and salary	out_of_window	high	VALIDATED	kalendarzswiat.pl earns 9060 from this family; godziny pracy 2026 is 16000 Global volume 13000. Global volume 13000.	DEMAND_HIGH	350/630	17291
C008998	/pl/working-time/slowenia/2026/	work	work.working-time-per-year	statutory-working-time	SI::2026	Slovenia 2026		SI			pl	pl-PL	godziny pracy 2026		4976	1		1	yes	keywords-explorer-overview 2026-09-29									none		events-verified	yes	ODbL 1.0	ODbL 1.0 for the holiday input; working-time rules need a second source	high, computed from held holidays	high, working days and hours differ per country and year	SAFE_TO_SCALE	medium, payroll and HR adjacency	high, holidays and salary	out_of_window	high	VALIDATED	kalendarzswiat.pl earns 9060 from this family; godziny pracy 2026 is 16000 Global volume 14000. Global volume 14000.	DEMAND_HIGH	350/630	17291
C009009	/de/working-time/slowakei/2026/	work	work.working-time-per-year	statutory-working-time	SK::2026	Slovakia 2026		SK			de	de-DE	arbeitstage 2026		17291	0		5	yes	keywords-explorer-overview 2026-09-29									none		events-verified	yes	ODbL 1.0	ODbL 1.0 for the holiday input; working-time rules need a second source	high, computed from held holidays	high, working days and hours differ per country and year	SAFE_TO_SCALE	medium, payroll and HR adjacency	high, holidays and salary	out_of_window	high	VALIDATED	kalendarzswiat.pl earns 9060 from this family; godziny pracy 2026 is 16000 Global volume 13000. Global volume 13000.	DEMAND_HIGH	350/630	17291
C009016	/pl/working-time/slowacja/2026/	work	work.working-time-per-year	statutory-working-time	SK::2026	Slovakia 2026		SK			pl	pl-PL	godziny pracy 2026		4976	1		1	yes	keywords-explorer-overview 2026-09-29									none		events-verified	yes	ODbL 1.0	ODbL 1.0 for the holiday input; working-time rules need a second source	high, computed from held holidays	high, working days and hours differ per country and year	SAFE_TO_SCALE	medium, payroll and HR adjacency	high, holidays and salary	out_of_window	high	VALIDATED	kalendarzswiat.pl earns 9060 from this family; godziny pracy 2026 is 16000 Global volume 14000. Global volume 14000.	DEMAND_HIGH	350/630	17291
C009027	/de/working-time/albanien/2026/	work	work.working-time-per-year	statutory-working-time	AL::2026	Albania 2026		AL			de	de-DE	arbeitstage 2026		17291	0		5	yes	keywords-explorer-overview 2026-09-29									none		events-verified	yes	ODbL 1.0	ODbL 1.0 for the holiday input; working-time rules need a second source	high, computed from held holidays	high, working days and hours differ per country and year	SAFE_TO_SCALE	medium, payroll and HR adjacency	high, holidays and salary	out_of_window	high	VALIDATED	kalendarzswiat.pl earns 9060 from this family; godziny pracy 2026 is 16000 Global volume 13000. Global volume 13000.	DEMAND_HIGH	350/630	17291
C009034	/pl/working-time/albania/2026/	work	work.working-time-per-year	statutory-working-time	AL::2026	Albania 2026		AL			pl	pl-PL	godziny pracy 2026		4976	1		1	yes	keywords-explorer-overview 2026-09-29									none		events-verified	yes	ODbL 1.0	ODbL 1.0 for the holiday input; working-time rules need a second source	high, computed from held holidays	high, working days and hours differ per country and year	SAFE_TO_SCALE	medium, payroll and HR adjacency	high, holidays and salary	out_of_window	high	VALIDATED	kalendarzswiat.pl earns 9060 from this family; godziny pracy 2026 is 16000 Global volume 14000. Global volume 14000.	DEMAND_HIGH	350/630	17291
C009045	/de/working-time/republik-moldau/2026/	work	work.working-time-per-year	statutory-working-time	MD::2026	Moldova 2026		MD			de	de-DE	arbeitstage 2026		17291	0		5	yes	keywords-explorer-overview 2026-09-29									none		events-verified	yes	ODbL 1.0	ODbL 1.0 for the holiday input; working-time rules need a second source	high, computed from held holidays	high, working days and hours differ per country and year	SAFE_TO_SCALE	medium, payroll and HR adjacency	high, holidays and salary	out_of_window	high	VALIDATED	kalendarzswiat.pl earns 9060 from this family; godziny pracy 2026 is 16000 Global volume 13000. Global volume 13000.	DEMAND_HIGH	350/630	17291
C009052	/pl/working-time/moldawia/2026/	work	work.working-time-per-year	statutory-working-time	MD::2026	Moldova 2026		MD			pl	pl-PL	godziny pracy 2026		4976	1		1	yes	keywords-explorer-overview 2026-09-29									none		events-verified	yes	ODbL 1.0	ODbL 1.0 for the holiday input; working-time rules need a second source	high, computed from held holidays	high, working days and hours differ per country and year	SAFE_TO_SCALE	medium, payroll and HR adjacency	high, holidays and salary	out_of_window	high	VALIDATED	kalendarzswiat.pl earns 9060 from this family; godziny pracy 2026 is 16000 Global volume 14000. Global volume 14000.	DEMAND_HIGH	350/630	17291
C009063	/de/working-time/montenegro/2026/	work	work.working-time-per-year	statutory-working-time	ME::2026	Montenegro 2026		ME			de	de-DE	arbeitstage 2026		17291	0		5	yes	keywords-explorer-overview 2026-09-29									none		events-verified	partial	ODbL 1.0	ODbL 1.0 for the holiday input; working-time rules need a second source	blocked without holiday data	high, working days and hours differ per country and year	SAFE_TO_SCALE	medium, payroll and HR adjacency	high, holidays and salary	out_of_window	medium	NEEDS_DATA	kalendarzswiat.pl earns 9060 from this family; godziny pracy 2026 is 16000 Global volume 13000. Global volume 13000.	DEMAND_HIGH	350/630	17291
C009070	/pl/working-time/czarnogora/2026/	work	work.working-time-per-year	statutory-working-time	ME::2026	Montenegro 2026		ME			pl	pl-PL	godziny pracy 2026		4976	1		1	yes	keywords-explorer-overview 2026-09-29									none		events-verified	partial	ODbL 1.0	ODbL 1.0 for the holiday input; working-time rules need a second source	blocked without holiday data	high, working days and hours differ per country and year	SAFE_TO_SCALE	medium, payroll and HR adjacency	high, holidays and salary	out_of_window	medium	NEEDS_DATA	kalendarzswiat.pl earns 9060 from this family; godziny pracy 2026 is 16000 Global volume 14000. Global volume 14000.	DEMAND_HIGH	350/630	17291
C009081	/de/working-time/nordmazedonien/2026/	work	work.working-time-per-year	statutory-working-time	MK::2026	North Macedonia 2026		MK			de	de-DE	arbeitstage 2026		17291	0		5	yes	keywords-explorer-overview 2026-09-29									none		events-verified	partial	ODbL 1.0	ODbL 1.0 for the holiday input; working-time rules need a second source	blocked without holiday data	high, working days and hours differ per country and year	SAFE_TO_SCALE	medium, payroll and HR adjacency	high, holidays and salary	out_of_window	medium	NEEDS_DATA	kalendarzswiat.pl earns 9060 from this family; godziny pracy 2026 is 16000 Global volume 13000. Global volume 13000.	DEMAND_HIGH	350/630	17291
C009088	/pl/working-time/macedonia-polnocna/2026/	work	work.working-time-per-year	statutory-working-time	MK::2026	North Macedonia 2026		MK			pl	pl-PL	godziny pracy 2026		4976	1		1	yes	keywords-explorer-overview 2026-09-29									none		events-verified	partial	ODbL 1.0	ODbL 1.0 for the holiday input; working-time rules need a second source	blocked without holiday data	high, working days and hours differ per country and year	SAFE_TO_SCALE	medium, payroll and HR adjacency	high, holidays and salary	out_of_window	medium	NEEDS_DATA	kalendarzswiat.pl earns 9060 from this family; godziny pracy 2026 is 16000 Global volume 14000. Global volume 14000.	DEMAND_HIGH	350/630	17291
C009099	/de/working-time/serbien/2026/	work	work.working-time-per-year	statutory-working-time	RS::2026	Serbia 2026		RS			de	de-DE	arbeitstage 2026		17291	0		5	yes	keywords-explorer-overview 2026-09-29									none		events-verified	yes	ODbL 1.0	ODbL 1.0 for the holiday input; working-time rules need a second source	high, computed from held holidays	high, working days and hours differ per country and year	SAFE_TO_SCALE	medium, payroll and HR adjacency	high, holidays and salary	out_of_window	high	VALIDATED	kalendarzswiat.pl earns 9060 from this family; godziny pracy 2026 is 16000 Global volume 13000. Global volume 13000.	DEMAND_HIGH	350/630	17291
C009106	/pl/working-time/serbia/2026/	work	work.working-time-per-year	statutory-working-time	RS::2026	Serbia 2026		RS			pl	pl-PL	godziny pracy 2026		4976	1		1	yes	keywords-explorer-overview 2026-09-29									none		events-verified	yes	ODbL 1.0	ODbL 1.0 for the holiday input; working-time rules need a second source	high, computed from held holidays	high, working days and hours differ per country and year	SAFE_TO_SCALE	medium, payroll and HR adjacency	high, holidays and salary	out_of_window	high	VALIDATED	kalendarzswiat.pl earns 9060 from this family; godziny pracy 2026 is 16000 Global volume 14000. Global volume 14000.	DEMAND_HIGH	350/630	17291
C009117	/de/working-time/tuerkei/2026/	work	work.working-time-per-year	statutory-working-time	TR::2026	Turkey 2026		TR			de	de-DE	arbeitstage 2026		17291	0		5	yes	keywords-explorer-overview 2026-09-29									none		events-verified	partial	ODbL 1.0	ODbL 1.0 for the holiday input; working-time rules need a second source	blocked without holiday data	high, working days and hours differ per country and year	SAFE_TO_SCALE	medium, payroll and HR adjacency	high, holidays and salary	out_of_window	medium	NEEDS_DATA	kalendarzswiat.pl earns 9060 from this family; godziny pracy 2026 is 16000 Global volume 13000. Global volume 13000.	DEMAND_HIGH	350/630	17291
C009124	/pl/working-time/turcja/2026/	work	work.working-time-per-year	statutory-working-time	TR::2026	Turkey 2026		TR			pl	pl-PL	godziny pracy 2026		4976	1		1	yes	keywords-explorer-overview 2026-09-29									none		events-verified	partial	ODbL 1.0	ODbL 1.0 for the holiday input; working-time rules need a second source	blocked without holiday data	high, working days and hours differ per country and year	SAFE_TO_SCALE	medium, payroll and HR adjacency	high, holidays and salary	out_of_window	medium	NEEDS_DATA	kalendarzswiat.pl earns 9060 from this family; godziny pracy 2026 is 16000 Global volume 14000. Global volume 14000.	DEMAND_HIGH	350/630	17291
C009135	/de/working-time/ukraine/2026/	work	work.working-time-per-year	statutory-working-time	UA::2026	Ukraine 2026		UA			de	de-DE	arbeitstage 2026		17291	0		5	yes	keywords-explorer-overview 2026-09-29									none		events-verified	partial	ODbL 1.0	ODbL 1.0 for the holiday input; working-time rules need a second source	blocked without holiday data	high, working days and hours differ per country and year	SAFE_TO_SCALE	medium, payroll and HR adjacency	high, holidays and salary	out_of_window	medium	NEEDS_DATA	kalendarzswiat.pl earns 9060 from this family; godziny pracy 2026 is 16000 Global volume 13000. Global volume 13000.	DEMAND_HIGH	350/630	17291
C009142	/pl/working-time/ukraina/2026/	work	work.working-time-per-year	statutory-working-time	UA::2026	Ukraine 2026		UA			pl	pl-PL	godziny pracy 2026		4976	1		1	yes	keywords-explorer-overview 2026-09-29									none		events-verified	partial	ODbL 1.0	ODbL 1.0 for the holiday input; working-time rules need a second source	blocked without holiday data	high, working days and hours differ per country and year	SAFE_TO_SCALE	medium, payroll and HR adjacency	high, holidays and salary	out_of_window	medium	NEEDS_DATA	kalendarzswiat.pl earns 9060 from this family; godziny pracy 2026 is 16000 Global volume 14000. Global volume 14000.	DEMAND_HIGH	350/630	17291
C009153	/de/working-time/vereinigte-staaten/2026/	work	work.working-time-per-year	statutory-working-time	US::2026	United States 2026		US			de	de-DE	arbeitstage 2026		17291	0		5	yes	keywords-explorer-overview 2026-09-29									none		events-verified	partial	ODbL 1.0	ODbL 1.0 for the holiday input; working-time rules need a second source	blocked without holiday data	high, working days and hours differ per country and year	SAFE_TO_SCALE	medium, payroll and HR adjacency	high, holidays and salary	out_of_window	medium	NEEDS_DATA	kalendarzswiat.pl earns 9060 from this family; godziny pracy 2026 is 16000 Global volume 13000. Global volume 13000.	DEMAND_HIGH	350/630	17291
C009160	/pl/working-time/stany-zjednoczone/2026/	work	work.working-time-per-year	statutory-working-time	US::2026	United States 2026		US			pl	pl-PL	godziny pracy 2026		4976	1		1	yes	keywords-explorer-overview 2026-09-29									none		events-verified	partial	ODbL 1.0	ODbL 1.0 for the holiday input; working-time rules need a second source	blocked without holiday data	high, working days and hours differ per country and year	SAFE_TO_SCALE	medium, payroll and HR adjacency	high, holidays and salary	out_of_window	medium	NEEDS_DATA	kalendarzswiat.pl earns 9060 from this family; godziny pracy 2026 is 16000 Global volume 14000. Global volume 14000.	DEMAND_HIGH	350/630	17291
C010143	/de/feiertage/deutschland/	pulse	events.school-holidays	school-holidays	DE	Germany		DE			de	de-DE	sommerferien nrw 2026		257000				yes	keywords-explorer-overview 2026-09-28									none			no	not held	blocked	blocked on data	high if the data existed	REJECT	medium	high	out_of_window	high	BLOCKED	dates are set by 16 independent state education ministries; needs a licensed or openly published dataset, and no scraping	DEMAND_VERY_HIGH	2/2	283339
C010144	/fr/jours-feries/france/	pulse	events.school-holidays	school-holidays	FR	France		FR			fr	fr-FR	vacances scolaires 2027		283339	0		2	yes	keywords-explorer-overview 2026-09-29									none			no	not held	unverified	blocked on data	high if the data existed	SCALE_WITH_GATES	medium	high	out_of_window	high	NEEDS_DATA	France sets the calendar nationally across 3 zones plus Corsica, so one source rather than sixteen. A better prospect than Germany, not a confirmed one: the licence is unverified. Global volume 114000. Global volume 114000.	DEMAND_VERY_HIGH	2/2	283339
