id	proposed_url	surface	family	page_type	entity	entity_label	destination	country	subdivision	city	language	search_market	primary_keyword	secondary_keywords	monthly_volume	kd	traffic_potential	cpc_cents	measured	measured_via	serp_intent	serp_features	top_ranking_urls	weakest_top10_competitor	weakest_competitor_dr	weakest_competitor_ur	weakest_competitor_refdomains	competitor_traffic	livdar_coverage_now	current_live_equivalent	source_id	source_data_available	source_licence	source_licensing_status	programmatic_feasibility	uniqueness_potential	quality_risk	monetization_fit	internal_link_fit	gsc_evidence	confidence	status	notes	family_demand_tier	family_measured_coverage	family_best_measured_volume
C003744	/de/sport/athens-running/	sport	sport.city-season	city-activity-seasonality	264371:running	Athens running		GR		Athens	de	de-DE							no										none		nasa-power-daily	partial	CC BY 4.0; 'There are no restrictions on the use, access, and/or download of data from the NASA POWER Project' (AWS Open Data Registry entry)	CC BY 4.0 for climate; no venue data for this country	partial, seasonality only and nowhere named	high, the answer differs by city and by activity; Tokyo in July suits swimming and defeats running	HIGH_THIN_CONTENT_RISK	low	medium	out_of_window	medium	NEEDS_DATA	no venue data for this country, so the page can only describe seasonality and cannot name anywhere to go	DEMAND_UNMEASURED	0/1980	
C003745	/en/sport/athens-running/	sport	sport.city-season	city-activity-seasonality	264371:running	Athens running		GR		Athens	en	en-US							no										none		nasa-power-daily	partial	CC BY 4.0; 'There are no restrictions on the use, access, and/or download of data from the NASA POWER Project' (AWS Open Data Registry entry)	CC BY 4.0 for climate; no venue data for this country	partial, seasonality only and nowhere named	high, the answer differs by city and by activity; Tokyo in July suits swimming and defeats running	HIGH_THIN_CONTENT_RISK	low	medium	out_of_window	medium	NEEDS_DATA	no venue data for this country, so the page can only describe seasonality and cannot name anywhere to go	DEMAND_UNMEASURED	0/1980	
C003746	/es/deporte/athens-running/	sport	sport.city-season	city-activity-seasonality	264371:running	Athens running		GR		Athens	es	es-ES							no										none		nasa-power-daily	partial	CC BY 4.0; 'There are no restrictions on the use, access, and/or download of data from the NASA POWER Project' (AWS Open Data Registry entry)	CC BY 4.0 for climate; no venue data for this country	partial, seasonality only and nowhere named	high, the answer differs by city and by activity; Tokyo in July suits swimming and defeats running	HIGH_THIN_CONTENT_RISK	low	medium	out_of_window	medium	NEEDS_DATA	no venue data for this country, so the page can only describe seasonality and cannot name anywhere to go	DEMAND_UNMEASURED	0/1980	
C003747	/fr/sport/athens-running/	sport	sport.city-season	city-activity-seasonality	264371:running	Athens running		GR		Athens	fr	fr-FR							no										none		nasa-power-daily	partial	CC BY 4.0; 'There are no restrictions on the use, access, and/or download of data from the NASA POWER Project' (AWS Open Data Registry entry)	CC BY 4.0 for climate; no venue data for this country	partial, seasonality only and nowhere named	high, the answer differs by city and by activity; Tokyo in July suits swimming and defeats running	HIGH_THIN_CONTENT_RISK	low	medium	out_of_window	medium	NEEDS_DATA	no venue data for this country, so the page can only describe seasonality and cannot name anywhere to go	DEMAND_UNMEASURED	0/1980	
C003748	/it/sport/athens-running/	sport	sport.city-season	city-activity-seasonality	264371:running	Athens running		GR		Athens	it	it-IT							no										none		nasa-power-daily	partial	CC BY 4.0; 'There are no restrictions on the use, access, and/or download of data from the NASA POWER Project' (AWS Open Data Registry entry)	CC BY 4.0 for climate; no venue data for this country	partial, seasonality only and nowhere named	high, the answer differs by city and by activity; Tokyo in July suits swimming and defeats running	HIGH_THIN_CONTENT_RISK	low	medium	out_of_window	medium	NEEDS_DATA	no venue data for this country, so the page can only describe seasonality and cannot name anywhere to go	DEMAND_UNMEASURED	0/1980	
C003749	/ja/sport/athens-running/	sport	sport.city-season	city-activity-seasonality	264371:running	Athens running		GR		Athens	ja	ja-JP							no										none		nasa-power-daily	partial	CC BY 4.0; 'There are no restrictions on the use, access, and/or download of data from the NASA POWER Project' (AWS Open Data Registry entry)	CC BY 4.0 for climate; no venue data for this country	partial, seasonality only and nowhere named	high, the answer differs by city and by activity; Tokyo in July suits swimming and defeats running	HIGH_THIN_CONTENT_RISK	low	medium	out_of_window	medium	NEEDS_DATA	no venue data for this country, so the page can only describe seasonality and cannot name anywhere to go	DEMAND_UNMEASURED	0/1980	
C003750	/nl/sport/athens-running/	sport	sport.city-season	city-activity-seasonality	264371:running	Athens running		GR		Athens	nl	nl-NL							no										none		nasa-power-daily	partial	CC BY 4.0; 'There are no restrictions on the use, access, and/or download of data from the NASA POWER Project' (AWS Open Data Registry entry)	CC BY 4.0 for climate; no venue data for this country	partial, seasonality only and nowhere named	high, the answer differs by city and by activity; Tokyo in July suits swimming and defeats running	HIGH_THIN_CONTENT_RISK	low	medium	out_of_window	medium	NEEDS_DATA	no venue data for this country, so the page can only describe seasonality and cannot name anywhere to go	DEMAND_UNMEASURED	0/1980	
C003751	/pl/sport/athens-running/	sport	sport.city-season	city-activity-seasonality	264371:running	Athens running		GR		Athens	pl	pl-PL							no										none		nasa-power-daily	partial	CC BY 4.0; 'There are no restrictions on the use, access, and/or download of data from the NASA POWER Project' (AWS Open Data Registry entry)	CC BY 4.0 for climate; no venue data for this country	partial, seasonality only and nowhere named	high, the answer differs by city and by activity; Tokyo in July suits swimming and defeats running	HIGH_THIN_CONTENT_RISK	low	medium	out_of_window	medium	NEEDS_DATA	no venue data for this country, so the page can only describe seasonality and cannot name anywhere to go	DEMAND_UNMEASURED	0/1980	
C003752	/pt/desporto/athens-running/	sport	sport.city-season	city-activity-seasonality	264371:running	Athens running		GR		Athens	pt	pt-BR							no										none		nasa-power-daily	partial	CC BY 4.0; 'There are no restrictions on the use, access, and/or download of data from the NASA POWER Project' (AWS Open Data Registry entry)	CC BY 4.0 for climate; no venue data for this country	partial, seasonality only and nowhere named	high, the answer differs by city and by activity; Tokyo in July suits swimming and defeats running	HIGH_THIN_CONTENT_RISK	low	medium	out_of_window	medium	NEEDS_DATA	no venue data for this country, so the page can only describe seasonality and cannot name anywhere to go	DEMAND_UNMEASURED	0/1980	
C003753	/de/sport/athens-cycling/	sport	sport.city-season	city-activity-seasonality	264371:cycling	Athens cycling		GR		Athens	de	de-DE							no										none		nasa-power-daily	partial	CC BY 4.0; 'There are no restrictions on the use, access, and/or download of data from the NASA POWER Project' (AWS Open Data Registry entry)	CC BY 4.0 for climate; no venue data for this country	partial, seasonality only and nowhere named	high, the answer differs by city and by activity; Tokyo in July suits swimming and defeats running	HIGH_THIN_CONTENT_RISK	low	medium	out_of_window	medium	NEEDS_DATA	no venue data for this country, so the page can only describe seasonality and cannot name anywhere to go	DEMAND_UNMEASURED	0/1980	
C003754	/en/sport/athens-cycling/	sport	sport.city-season	city-activity-seasonality	264371:cycling	Athens cycling		GR		Athens	en	en-US							no										none		nasa-power-daily	partial	CC BY 4.0; 'There are no restrictions on the use, access, and/or download of data from the NASA POWER Project' (AWS Open Data Registry entry)	CC BY 4.0 for climate; no venue data for this country	partial, seasonality only and nowhere named	high, the answer differs by city and by activity; Tokyo in July suits swimming and defeats running	HIGH_THIN_CONTENT_RISK	low	medium	out_of_window	medium	NEEDS_DATA	no venue data for this country, so the page can only describe seasonality and cannot name anywhere to go	DEMAND_UNMEASURED	0/1980	
C003755	/es/deporte/athens-cycling/	sport	sport.city-season	city-activity-seasonality	264371:cycling	Athens cycling		GR		Athens	es	es-ES							no										none		nasa-power-daily	partial	CC BY 4.0; 'There are no restrictions on the use, access, and/or download of data from the NASA POWER Project' (AWS Open Data Registry entry)	CC BY 4.0 for climate; no venue data for this country	partial, seasonality only and nowhere named	high, the answer differs by city and by activity; Tokyo in July suits swimming and defeats running	HIGH_THIN_CONTENT_RISK	low	medium	out_of_window	medium	NEEDS_DATA	no venue data for this country, so the page can only describe seasonality and cannot name anywhere to go	DEMAND_UNMEASURED	0/1980	
C003756	/fr/sport/athens-cycling/	sport	sport.city-season	city-activity-seasonality	264371:cycling	Athens cycling		GR		Athens	fr	fr-FR							no										none		nasa-power-daily	partial	CC BY 4.0; 'There are no restrictions on the use, access, and/or download of data from the NASA POWER Project' (AWS Open Data Registry entry)	CC BY 4.0 for climate; no venue data for this country	partial, seasonality only and nowhere named	high, the answer differs by city and by activity; Tokyo in July suits swimming and defeats running	HIGH_THIN_CONTENT_RISK	low	medium	out_of_window	medium	NEEDS_DATA	no venue data for this country, so the page can only describe seasonality and cannot name anywhere to go	DEMAND_UNMEASURED	0/1980	
C003757	/it/sport/athens-cycling/	sport	sport.city-season	city-activity-seasonality	264371:cycling	Athens cycling		GR		Athens	it	it-IT							no										none		nasa-power-daily	partial	CC BY 4.0; 'There are no restrictions on the use, access, and/or download of data from the NASA POWER Project' (AWS Open Data Registry entry)	CC BY 4.0 for climate; no venue data for this country	partial, seasonality only and nowhere named	high, the answer differs by city and by activity; Tokyo in July suits swimming and defeats running	HIGH_THIN_CONTENT_RISK	low	medium	out_of_window	medium	NEEDS_DATA	no venue data for this country, so the page can only describe seasonality and cannot name anywhere to go	DEMAND_UNMEASURED	0/1980	
C003758	/ja/sport/athens-cycling/	sport	sport.city-season	city-activity-seasonality	264371:cycling	Athens cycling		GR		Athens	ja	ja-JP							no										none		nasa-power-daily	partial	CC BY 4.0; 'There are no restrictions on the use, access, and/or download of data from the NASA POWER Project' (AWS Open Data Registry entry)	CC BY 4.0 for climate; no venue data for this country	partial, seasonality only and nowhere named	high, the answer differs by city and by activity; Tokyo in July suits swimming and defeats running	HIGH_THIN_CONTENT_RISK	low	medium	out_of_window	medium	NEEDS_DATA	no venue data for this country, so the page can only describe seasonality and cannot name anywhere to go	DEMAND_UNMEASURED	0/1980	
C003759	/nl/sport/athens-cycling/	sport	sport.city-season	city-activity-seasonality	264371:cycling	Athens cycling		GR		Athens	nl	nl-NL							no										none		nasa-power-daily	partial	CC BY 4.0; 'There are no restrictions on the use, access, and/or download of data from the NASA POWER Project' (AWS Open Data Registry entry)	CC BY 4.0 for climate; no venue data for this country	partial, seasonality only and nowhere named	high, the answer differs by city and by activity; Tokyo in July suits swimming and defeats running	HIGH_THIN_CONTENT_RISK	low	medium	out_of_window	medium	NEEDS_DATA	no venue data for this country, so the page can only describe seasonality and cannot name anywhere to go	DEMAND_UNMEASURED	0/1980	
C003760	/pl/sport/athens-cycling/	sport	sport.city-season	city-activity-seasonality	264371:cycling	Athens cycling		GR		Athens	pl	pl-PL							no										none		nasa-power-daily	partial	CC BY 4.0; 'There are no restrictions on the use, access, and/or download of data from the NASA POWER Project' (AWS Open Data Registry entry)	CC BY 4.0 for climate; no venue data for this country	partial, seasonality only and nowhere named	high, the answer differs by city and by activity; Tokyo in July suits swimming and defeats running	HIGH_THIN_CONTENT_RISK	low	medium	out_of_window	medium	NEEDS_DATA	no venue data for this country, so the page can only describe seasonality and cannot name anywhere to go	DEMAND_UNMEASURED	0/1980	
C003761	/pt/desporto/athens-cycling/	sport	sport.city-season	city-activity-seasonality	264371:cycling	Athens cycling		GR		Athens	pt	pt-BR							no										none		nasa-power-daily	partial	CC BY 4.0; 'There are no restrictions on the use, access, and/or download of data from the NASA POWER Project' (AWS Open Data Registry entry)	CC BY 4.0 for climate; no venue data for this country	partial, seasonality only and nowhere named	high, the answer differs by city and by activity; Tokyo in July suits swimming and defeats running	HIGH_THIN_CONTENT_RISK	low	medium	out_of_window	medium	NEEDS_DATA	no venue data for this country, so the page can only describe seasonality and cannot name anywhere to go	DEMAND_UNMEASURED	0/1980	
C003762	/de/sport/athens-hiking/	sport	sport.city-season	city-activity-seasonality	264371:hiking	Athens hiking		GR		Athens	de	de-DE							no										none		nasa-power-daily	partial	CC BY 4.0; 'There are no restrictions on the use, access, and/or download of data from the NASA POWER Project' (AWS Open Data Registry entry)	CC BY 4.0 for climate; no venue data for this country	partial, seasonality only and nowhere named	high, the answer differs by city and by activity; Tokyo in July suits swimming and defeats running	HIGH_THIN_CONTENT_RISK	low	medium	out_of_window	medium	NEEDS_DATA	no venue data for this country, so the page can only describe seasonality and cannot name anywhere to go	DEMAND_UNMEASURED	0/1980	
C003763	/en/sport/athens-hiking/	sport	sport.city-season	city-activity-seasonality	264371:hiking	Athens hiking		GR		Athens	en	en-US							no										none		nasa-power-daily	partial	CC BY 4.0; 'There are no restrictions on the use, access, and/or download of data from the NASA POWER Project' (AWS Open Data Registry entry)	CC BY 4.0 for climate; no venue data for this country	partial, seasonality only and nowhere named	high, the answer differs by city and by activity; Tokyo in July suits swimming and defeats running	HIGH_THIN_CONTENT_RISK	low	medium	out_of_window	medium	NEEDS_DATA	no venue data for this country, so the page can only describe seasonality and cannot name anywhere to go	DEMAND_UNMEASURED	0/1980	
C003764	/es/deporte/athens-hiking/	sport	sport.city-season	city-activity-seasonality	264371:hiking	Athens hiking		GR		Athens	es	es-ES							no										none		nasa-power-daily	partial	CC BY 4.0; 'There are no restrictions on the use, access, and/or download of data from the NASA POWER Project' (AWS Open Data Registry entry)	CC BY 4.0 for climate; no venue data for this country	partial, seasonality only and nowhere named	high, the answer differs by city and by activity; Tokyo in July suits swimming and defeats running	HIGH_THIN_CONTENT_RISK	low	medium	out_of_window	medium	NEEDS_DATA	no venue data for this country, so the page can only describe seasonality and cannot name anywhere to go	DEMAND_UNMEASURED	0/1980	
C003765	/fr/sport/athens-hiking/	sport	sport.city-season	city-activity-seasonality	264371:hiking	Athens hiking		GR		Athens	fr	fr-FR							no										none		nasa-power-daily	partial	CC BY 4.0; 'There are no restrictions on the use, access, and/or download of data from the NASA POWER Project' (AWS Open Data Registry entry)	CC BY 4.0 for climate; no venue data for this country	partial, seasonality only and nowhere named	high, the answer differs by city and by activity; Tokyo in July suits swimming and defeats running	HIGH_THIN_CONTENT_RISK	low	medium	out_of_window	medium	NEEDS_DATA	no venue data for this country, so the page can only describe seasonality and cannot name anywhere to go	DEMAND_UNMEASURED	0/1980	
C003766	/it/sport/athens-hiking/	sport	sport.city-season	city-activity-seasonality	264371:hiking	Athens hiking		GR		Athens	it	it-IT							no										none		nasa-power-daily	partial	CC BY 4.0; 'There are no restrictions on the use, access, and/or download of data from the NASA POWER Project' (AWS Open Data Registry entry)	CC BY 4.0 for climate; no venue data for this country	partial, seasonality only and nowhere named	high, the answer differs by city and by activity; Tokyo in July suits swimming and defeats running	HIGH_THIN_CONTENT_RISK	low	medium	out_of_window	medium	NEEDS_DATA	no venue data for this country, so the page can only describe seasonality and cannot name anywhere to go	DEMAND_UNMEASURED	0/1980	
C003767	/ja/sport/athens-hiking/	sport	sport.city-season	city-activity-seasonality	264371:hiking	Athens hiking		GR		Athens	ja	ja-JP							no										none		nasa-power-daily	partial	CC BY 4.0; 'There are no restrictions on the use, access, and/or download of data from the NASA POWER Project' (AWS Open Data Registry entry)	CC BY 4.0 for climate; no venue data for this country	partial, seasonality only and nowhere named	high, the answer differs by city and by activity; Tokyo in July suits swimming and defeats running	HIGH_THIN_CONTENT_RISK	low	medium	out_of_window	medium	NEEDS_DATA	no venue data for this country, so the page can only describe seasonality and cannot name anywhere to go	DEMAND_UNMEASURED	0/1980	
C003768	/nl/sport/athens-hiking/	sport	sport.city-season	city-activity-seasonality	264371:hiking	Athens hiking		GR		Athens	nl	nl-NL							no										none		nasa-power-daily	partial	CC BY 4.0; 'There are no restrictions on the use, access, and/or download of data from the NASA POWER Project' (AWS Open Data Registry entry)	CC BY 4.0 for climate; no venue data for this country	partial, seasonality only and nowhere named	high, the answer differs by city and by activity; Tokyo in July suits swimming and defeats running	HIGH_THIN_CONTENT_RISK	low	medium	out_of_window	medium	NEEDS_DATA	no venue data for this country, so the page can only describe seasonality and cannot name anywhere to go	DEMAND_UNMEASURED	0/1980	
C003769	/pl/sport/athens-hiking/	sport	sport.city-season	city-activity-seasonality	264371:hiking	Athens hiking		GR		Athens	pl	pl-PL							no										none		nasa-power-daily	partial	CC BY 4.0; 'There are no restrictions on the use, access, and/or download of data from the NASA POWER Project' (AWS Open Data Registry entry)	CC BY 4.0 for climate; no venue data for this country	partial, seasonality only and nowhere named	high, the answer differs by city and by activity; Tokyo in July suits swimming and defeats running	HIGH_THIN_CONTENT_RISK	low	medium	out_of_window	medium	NEEDS_DATA	no venue data for this country, so the page can only describe seasonality and cannot name anywhere to go	DEMAND_UNMEASURED	0/1980	
C003770	/pt/desporto/athens-hiking/	sport	sport.city-season	city-activity-seasonality	264371:hiking	Athens hiking		GR		Athens	pt	pt-BR							no										none		nasa-power-daily	partial	CC BY 4.0; 'There are no restrictions on the use, access, and/or download of data from the NASA POWER Project' (AWS Open Data Registry entry)	CC BY 4.0 for climate; no venue data for this country	partial, seasonality only and nowhere named	high, the answer differs by city and by activity; Tokyo in July suits swimming and defeats running	HIGH_THIN_CONTENT_RISK	low	medium	out_of_window	medium	NEEDS_DATA	no venue data for this country, so the page can only describe seasonality and cannot name anywhere to go	DEMAND_UNMEASURED	0/1980	
C003771	/de/sport/athens-swimming/	sport	sport.city-season	city-activity-seasonality	264371:swimming	Athens swimming		GR		Athens	de	de-DE							no										none		nasa-power-daily	partial	CC BY 4.0; 'There are no restrictions on the use, access, and/or download of data from the NASA POWER Project' (AWS Open Data Registry entry)	CC BY 4.0 for climate; no venue data for this country	partial, seasonality only and nowhere named	high, the answer differs by city and by activity; Tokyo in July suits swimming and defeats running	HIGH_THIN_CONTENT_RISK	low	medium	out_of_window	medium	NEEDS_DATA	no venue data for this country, so the page can only describe seasonality and cannot name anywhere to go	DEMAND_UNMEASURED	0/1980	
C003772	/en/sport/athens-swimming/	sport	sport.city-season	city-activity-seasonality	264371:swimming	Athens swimming		GR		Athens	en	en-US							no										none		nasa-power-daily	partial	CC BY 4.0; 'There are no restrictions on the use, access, and/or download of data from the NASA POWER Project' (AWS Open Data Registry entry)	CC BY 4.0 for climate; no venue data for this country	partial, seasonality only and nowhere named	high, the answer differs by city and by activity; Tokyo in July suits swimming and defeats running	HIGH_THIN_CONTENT_RISK	low	medium	out_of_window	medium	NEEDS_DATA	no venue data for this country, so the page can only describe seasonality and cannot name anywhere to go	DEMAND_UNMEASURED	0/1980	
C003773	/es/deporte/athens-swimming/	sport	sport.city-season	city-activity-seasonality	264371:swimming	Athens swimming		GR		Athens	es	es-ES							no										none		nasa-power-daily	partial	CC BY 4.0; 'There are no restrictions on the use, access, and/or download of data from the NASA POWER Project' (AWS Open Data Registry entry)	CC BY 4.0 for climate; no venue data for this country	partial, seasonality only and nowhere named	high, the answer differs by city and by activity; Tokyo in July suits swimming and defeats running	HIGH_THIN_CONTENT_RISK	low	medium	out_of_window	medium	NEEDS_DATA	no venue data for this country, so the page can only describe seasonality and cannot name anywhere to go	DEMAND_UNMEASURED	0/1980	
C003774	/fr/sport/athens-swimming/	sport	sport.city-season	city-activity-seasonality	264371:swimming	Athens swimming		GR		Athens	fr	fr-FR							no										none		nasa-power-daily	partial	CC BY 4.0; 'There are no restrictions on the use, access, and/or download of data from the NASA POWER Project' (AWS Open Data Registry entry)	CC BY 4.0 for climate; no venue data for this country	partial, seasonality only and nowhere named	high, the answer differs by city and by activity; Tokyo in July suits swimming and defeats running	HIGH_THIN_CONTENT_RISK	low	medium	out_of_window	medium	NEEDS_DATA	no venue data for this country, so the page can only describe seasonality and cannot name anywhere to go	DEMAND_UNMEASURED	0/1980	
C003775	/it/sport/athens-swimming/	sport	sport.city-season	city-activity-seasonality	264371:swimming	Athens swimming		GR		Athens	it	it-IT							no										none		nasa-power-daily	partial	CC BY 4.0; 'There are no restrictions on the use, access, and/or download of data from the NASA POWER Project' (AWS Open Data Registry entry)	CC BY 4.0 for climate; no venue data for this country	partial, seasonality only and nowhere named	high, the answer differs by city and by activity; Tokyo in July suits swimming and defeats running	HIGH_THIN_CONTENT_RISK	low	medium	out_of_window	medium	NEEDS_DATA	no venue data for this country, so the page can only describe seasonality and cannot name anywhere to go	DEMAND_UNMEASURED	0/1980	
C003776	/ja/sport/athens-swimming/	sport	sport.city-season	city-activity-seasonality	264371:swimming	Athens swimming		GR		Athens	ja	ja-JP							no										none		nasa-power-daily	partial	CC BY 4.0; 'There are no restrictions on the use, access, and/or download of data from the NASA POWER Project' (AWS Open Data Registry entry)	CC BY 4.0 for climate; no venue data for this country	partial, seasonality only and nowhere named	high, the answer differs by city and by activity; Tokyo in July suits swimming and defeats running	HIGH_THIN_CONTENT_RISK	low	medium	out_of_window	medium	NEEDS_DATA	no venue data for this country, so the page can only describe seasonality and cannot name anywhere to go	DEMAND_UNMEASURED	0/1980	
C003777	/nl/sport/athens-swimming/	sport	sport.city-season	city-activity-seasonality	264371:swimming	Athens swimming		GR		Athens	nl	nl-NL							no										none		nasa-power-daily	partial	CC BY 4.0; 'There are no restrictions on the use, access, and/or download of data from the NASA POWER Project' (AWS Open Data Registry entry)	CC BY 4.0 for climate; no venue data for this country	partial, seasonality only and nowhere named	high, the answer differs by city and by activity; Tokyo in July suits swimming and defeats running	HIGH_THIN_CONTENT_RISK	low	medium	out_of_window	medium	NEEDS_DATA	no venue data for this country, so the page can only describe seasonality and cannot name anywhere to go	DEMAND_UNMEASURED	0/1980	
C003778	/pl/sport/athens-swimming/	sport	sport.city-season	city-activity-seasonality	264371:swimming	Athens swimming		GR		Athens	pl	pl-PL							no										none		nasa-power-daily	partial	CC BY 4.0; 'There are no restrictions on the use, access, and/or download of data from the NASA POWER Project' (AWS Open Data Registry entry)	CC BY 4.0 for climate; no venue data for this country	partial, seasonality only and nowhere named	high, the answer differs by city and by activity; Tokyo in July suits swimming and defeats running	HIGH_THIN_CONTENT_RISK	low	medium	out_of_window	medium	NEEDS_DATA	no venue data for this country, so the page can only describe seasonality and cannot name anywhere to go	DEMAND_UNMEASURED	0/1980	
C003779	/pt/desporto/athens-swimming/	sport	sport.city-season	city-activity-seasonality	264371:swimming	Athens swimming		GR		Athens	pt	pt-BR							no										none		nasa-power-daily	partial	CC BY 4.0; 'There are no restrictions on the use, access, and/or download of data from the NASA POWER Project' (AWS Open Data Registry entry)	CC BY 4.0 for climate; no venue data for this country	partial, seasonality only and nowhere named	high, the answer differs by city and by activity; Tokyo in July suits swimming and defeats running	HIGH_THIN_CONTENT_RISK	low	medium	out_of_window	medium	NEEDS_DATA	no venue data for this country, so the page can only describe seasonality and cannot name anywhere to go	DEMAND_UNMEASURED	0/1980	
C003816	/de/sport/antalya-running/	sport	sport.city-season	city-activity-seasonality	323777:running	Antalya running		TR		Antalya	de	de-DE							no										none		nasa-power-daily	partial	CC BY 4.0; 'There are no restrictions on the use, access, and/or download of data from the NASA POWER Project' (AWS Open Data Registry entry)	CC BY 4.0 for climate; no venue data for this country	partial, seasonality only and nowhere named	high, the answer differs by city and by activity; Tokyo in July suits swimming and defeats running	HIGH_THIN_CONTENT_RISK	low	medium	out_of_window	medium	NEEDS_DATA	no venue data for this country, so the page can only describe seasonality and cannot name anywhere to go	DEMAND_UNMEASURED	0/1980	
C003817	/en/sport/antalya-running/	sport	sport.city-season	city-activity-seasonality	323777:running	Antalya running		TR		Antalya	en	en-US							no										none		nasa-power-daily	partial	CC BY 4.0; 'There are no restrictions on the use, access, and/or download of data from the NASA POWER Project' (AWS Open Data Registry entry)	CC BY 4.0 for climate; no venue data for this country	partial, seasonality only and nowhere named	high, the answer differs by city and by activity; Tokyo in July suits swimming and defeats running	HIGH_THIN_CONTENT_RISK	low	medium	out_of_window	medium	NEEDS_DATA	no venue data for this country, so the page can only describe seasonality and cannot name anywhere to go	DEMAND_UNMEASURED	0/1980	
C003818	/es/deporte/antalya-running/	sport	sport.city-season	city-activity-seasonality	323777:running	Antalya running		TR		Antalya	es	es-ES							no										none		nasa-power-daily	partial	CC BY 4.0; 'There are no restrictions on the use, access, and/or download of data from the NASA POWER Project' (AWS Open Data Registry entry)	CC BY 4.0 for climate; no venue data for this country	partial, seasonality only and nowhere named	high, the answer differs by city and by activity; Tokyo in July suits swimming and defeats running	HIGH_THIN_CONTENT_RISK	low	medium	out_of_window	medium	NEEDS_DATA	no venue data for this country, so the page can only describe seasonality and cannot name anywhere to go	DEMAND_UNMEASURED	0/1980	
C003819	/fr/sport/antalya-running/	sport	sport.city-season	city-activity-seasonality	323777:running	Antalya running		TR		Antalya	fr	fr-FR							no										none		nasa-power-daily	partial	CC BY 4.0; 'There are no restrictions on the use, access, and/or download of data from the NASA POWER Project' (AWS Open Data Registry entry)	CC BY 4.0 for climate; no venue data for this country	partial, seasonality only and nowhere named	high, the answer differs by city and by activity; Tokyo in July suits swimming and defeats running	HIGH_THIN_CONTENT_RISK	low	medium	out_of_window	medium	NEEDS_DATA	no venue data for this country, so the page can only describe seasonality and cannot name anywhere to go	DEMAND_UNMEASURED	0/1980	
C003820	/it/sport/antalya-running/	sport	sport.city-season	city-activity-seasonality	323777:running	Antalya running		TR		Antalya	it	it-IT							no										none		nasa-power-daily	partial	CC BY 4.0; 'There are no restrictions on the use, access, and/or download of data from the NASA POWER Project' (AWS Open Data Registry entry)	CC BY 4.0 for climate; no venue data for this country	partial, seasonality only and nowhere named	high, the answer differs by city and by activity; Tokyo in July suits swimming and defeats running	HIGH_THIN_CONTENT_RISK	low	medium	out_of_window	medium	NEEDS_DATA	no venue data for this country, so the page can only describe seasonality and cannot name anywhere to go	DEMAND_UNMEASURED	0/1980	
C003821	/ja/sport/antalya-running/	sport	sport.city-season	city-activity-seasonality	323777:running	Antalya running		TR		Antalya	ja	ja-JP							no										none		nasa-power-daily	partial	CC BY 4.0; 'There are no restrictions on the use, access, and/or download of data from the NASA POWER Project' (AWS Open Data Registry entry)	CC BY 4.0 for climate; no venue data for this country	partial, seasonality only and nowhere named	high, the answer differs by city and by activity; Tokyo in July suits swimming and defeats running	HIGH_THIN_CONTENT_RISK	low	medium	out_of_window	medium	NEEDS_DATA	no venue data for this country, so the page can only describe seasonality and cannot name anywhere to go	DEMAND_UNMEASURED	0/1980	
C003822	/nl/sport/antalya-running/	sport	sport.city-season	city-activity-seasonality	323777:running	Antalya running		TR		Antalya	nl	nl-NL							no										none		nasa-power-daily	partial	CC BY 4.0; 'There are no restrictions on the use, access, and/or download of data from the NASA POWER Project' (AWS Open Data Registry entry)	CC BY 4.0 for climate; no venue data for this country	partial, seasonality only and nowhere named	high, the answer differs by city and by activity; Tokyo in July suits swimming and defeats running	HIGH_THIN_CONTENT_RISK	low	medium	out_of_window	medium	NEEDS_DATA	no venue data for this country, so the page can only describe seasonality and cannot name anywhere to go	DEMAND_UNMEASURED	0/1980	
C003823	/pl/sport/antalya-running/	sport	sport.city-season	city-activity-seasonality	323777:running	Antalya running		TR		Antalya	pl	pl-PL							no										none		nasa-power-daily	partial	CC BY 4.0; 'There are no restrictions on the use, access, and/or download of data from the NASA POWER Project' (AWS Open Data Registry entry)	CC BY 4.0 for climate; no venue data for this country	partial, seasonality only and nowhere named	high, the answer differs by city and by activity; Tokyo in July suits swimming and defeats running	HIGH_THIN_CONTENT_RISK	low	medium	out_of_window	medium	NEEDS_DATA	no venue data for this country, so the page can only describe seasonality and cannot name anywhere to go	DEMAND_UNMEASURED	0/1980	
C003824	/pt/desporto/antalya-running/	sport	sport.city-season	city-activity-seasonality	323777:running	Antalya running		TR		Antalya	pt	pt-BR							no										none		nasa-power-daily	partial	CC BY 4.0; 'There are no restrictions on the use, access, and/or download of data from the NASA POWER Project' (AWS Open Data Registry entry)	CC BY 4.0 for climate; no venue data for this country	partial, seasonality only and nowhere named	high, the answer differs by city and by activity; Tokyo in July suits swimming and defeats running	HIGH_THIN_CONTENT_RISK	low	medium	out_of_window	medium	NEEDS_DATA	no venue data for this country, so the page can only describe seasonality and cannot name anywhere to go	DEMAND_UNMEASURED	0/1980	
C003825	/de/sport/antalya-cycling/	sport	sport.city-season	city-activity-seasonality	323777:cycling	Antalya cycling		TR		Antalya	de	de-DE							no										none		nasa-power-daily	partial	CC BY 4.0; 'There are no restrictions on the use, access, and/or download of data from the NASA POWER Project' (AWS Open Data Registry entry)	CC BY 4.0 for climate; no venue data for this country	partial, seasonality only and nowhere named	high, the answer differs by city and by activity; Tokyo in July suits swimming and defeats running	HIGH_THIN_CONTENT_RISK	low	medium	out_of_window	medium	NEEDS_DATA	no venue data for this country, so the page can only describe seasonality and cannot name anywhere to go	DEMAND_UNMEASURED	0/1980	
C003826	/en/sport/antalya-cycling/	sport	sport.city-season	city-activity-seasonality	323777:cycling	Antalya cycling		TR		Antalya	en	en-US							no										none		nasa-power-daily	partial	CC BY 4.0; 'There are no restrictions on the use, access, and/or download of data from the NASA POWER Project' (AWS Open Data Registry entry)	CC BY 4.0 for climate; no venue data for this country	partial, seasonality only and nowhere named	high, the answer differs by city and by activity; Tokyo in July suits swimming and defeats running	HIGH_THIN_CONTENT_RISK	low	medium	out_of_window	medium	NEEDS_DATA	no venue data for this country, so the page can only describe seasonality and cannot name anywhere to go	DEMAND_UNMEASURED	0/1980	
C003827	/es/deporte/antalya-cycling/	sport	sport.city-season	city-activity-seasonality	323777:cycling	Antalya cycling		TR		Antalya	es	es-ES							no										none		nasa-power-daily	partial	CC BY 4.0; 'There are no restrictions on the use, access, and/or download of data from the NASA POWER Project' (AWS Open Data Registry entry)	CC BY 4.0 for climate; no venue data for this country	partial, seasonality only and nowhere named	high, the answer differs by city and by activity; Tokyo in July suits swimming and defeats running	HIGH_THIN_CONTENT_RISK	low	medium	out_of_window	medium	NEEDS_DATA	no venue data for this country, so the page can only describe seasonality and cannot name anywhere to go	DEMAND_UNMEASURED	0/1980	
C003828	/fr/sport/antalya-cycling/	sport	sport.city-season	city-activity-seasonality	323777:cycling	Antalya cycling		TR		Antalya	fr	fr-FR							no										none		nasa-power-daily	partial	CC BY 4.0; 'There are no restrictions on the use, access, and/or download of data from the NASA POWER Project' (AWS Open Data Registry entry)	CC BY 4.0 for climate; no venue data for this country	partial, seasonality only and nowhere named	high, the answer differs by city and by activity; Tokyo in July suits swimming and defeats running	HIGH_THIN_CONTENT_RISK	low	medium	out_of_window	medium	NEEDS_DATA	no venue data for this country, so the page can only describe seasonality and cannot name anywhere to go	DEMAND_UNMEASURED	0/1980	
C003829	/it/sport/antalya-cycling/	sport	sport.city-season	city-activity-seasonality	323777:cycling	Antalya cycling		TR		Antalya	it	it-IT							no										none		nasa-power-daily	partial	CC BY 4.0; 'There are no restrictions on the use, access, and/or download of data from the NASA POWER Project' (AWS Open Data Registry entry)	CC BY 4.0 for climate; no venue data for this country	partial, seasonality only and nowhere named	high, the answer differs by city and by activity; Tokyo in July suits swimming and defeats running	HIGH_THIN_CONTENT_RISK	low	medium	out_of_window	medium	NEEDS_DATA	no venue data for this country, so the page can only describe seasonality and cannot name anywhere to go	DEMAND_UNMEASURED	0/1980	
C003830	/ja/sport/antalya-cycling/	sport	sport.city-season	city-activity-seasonality	323777:cycling	Antalya cycling		TR		Antalya	ja	ja-JP							no										none		nasa-power-daily	partial	CC BY 4.0; 'There are no restrictions on the use, access, and/or download of data from the NASA POWER Project' (AWS Open Data Registry entry)	CC BY 4.0 for climate; no venue data for this country	partial, seasonality only and nowhere named	high, the answer differs by city and by activity; Tokyo in July suits swimming and defeats running	HIGH_THIN_CONTENT_RISK	low	medium	out_of_window	medium	NEEDS_DATA	no venue data for this country, so the page can only describe seasonality and cannot name anywhere to go	DEMAND_UNMEASURED	0/1980	
C003831	/nl/sport/antalya-cycling/	sport	sport.city-season	city-activity-seasonality	323777:cycling	Antalya cycling		TR		Antalya	nl	nl-NL							no										none		nasa-power-daily	partial	CC BY 4.0; 'There are no restrictions on the use, access, and/or download of data from the NASA POWER Project' (AWS Open Data Registry entry)	CC BY 4.0 for climate; no venue data for this country	partial, seasonality only and nowhere named	high, the answer differs by city and by activity; Tokyo in July suits swimming and defeats running	HIGH_THIN_CONTENT_RISK	low	medium	out_of_window	medium	NEEDS_DATA	no venue data for this country, so the page can only describe seasonality and cannot name anywhere to go	DEMAND_UNMEASURED	0/1980	
C003832	/pl/sport/antalya-cycling/	sport	sport.city-season	city-activity-seasonality	323777:cycling	Antalya cycling		TR		Antalya	pl	pl-PL							no										none		nasa-power-daily	partial	CC BY 4.0; 'There are no restrictions on the use, access, and/or download of data from the NASA POWER Project' (AWS Open Data Registry entry)	CC BY 4.0 for climate; no venue data for this country	partial, seasonality only and nowhere named	high, the answer differs by city and by activity; Tokyo in July suits swimming and defeats running	HIGH_THIN_CONTENT_RISK	low	medium	out_of_window	medium	NEEDS_DATA	no venue data for this country, so the page can only describe seasonality and cannot name anywhere to go	DEMAND_UNMEASURED	0/1980	
C003833	/pt/desporto/antalya-cycling/	sport	sport.city-season	city-activity-seasonality	323777:cycling	Antalya cycling		TR		Antalya	pt	pt-BR							no										none		nasa-power-daily	partial	CC BY 4.0; 'There are no restrictions on the use, access, and/or download of data from the NASA POWER Project' (AWS Open Data Registry entry)	CC BY 4.0 for climate; no venue data for this country	partial, seasonality only and nowhere named	high, the answer differs by city and by activity; Tokyo in July suits swimming and defeats running	HIGH_THIN_CONTENT_RISK	low	medium	out_of_window	medium	NEEDS_DATA	no venue data for this country, so the page can only describe seasonality and cannot name anywhere to go	DEMAND_UNMEASURED	0/1980	
C003834	/de/sport/antalya-hiking/	sport	sport.city-season	city-activity-seasonality	323777:hiking	Antalya hiking		TR		Antalya	de	de-DE							no										none		nasa-power-daily	partial	CC BY 4.0; 'There are no restrictions on the use, access, and/or download of data from the NASA POWER Project' (AWS Open Data Registry entry)	CC BY 4.0 for climate; no venue data for this country	partial, seasonality only and nowhere named	high, the answer differs by city and by activity; Tokyo in July suits swimming and defeats running	HIGH_THIN_CONTENT_RISK	low	medium	out_of_window	medium	NEEDS_DATA	no venue data for this country, so the page can only describe seasonality and cannot name anywhere to go	DEMAND_UNMEASURED	0/1980	
C003835	/en/sport/antalya-hiking/	sport	sport.city-season	city-activity-seasonality	323777:hiking	Antalya hiking		TR		Antalya	en	en-US							no										none		nasa-power-daily	partial	CC BY 4.0; 'There are no restrictions on the use, access, and/or download of data from the NASA POWER Project' (AWS Open Data Registry entry)	CC BY 4.0 for climate; no venue data for this country	partial, seasonality only and nowhere named	high, the answer differs by city and by activity; Tokyo in July suits swimming and defeats running	HIGH_THIN_CONTENT_RISK	low	medium	out_of_window	medium	NEEDS_DATA	no venue data for this country, so the page can only describe seasonality and cannot name anywhere to go	DEMAND_UNMEASURED	0/1980	
C003836	/es/deporte/antalya-hiking/	sport	sport.city-season	city-activity-seasonality	323777:hiking	Antalya hiking		TR		Antalya	es	es-ES							no										none		nasa-power-daily	partial	CC BY 4.0; 'There are no restrictions on the use, access, and/or download of data from the NASA POWER Project' (AWS Open Data Registry entry)	CC BY 4.0 for climate; no venue data for this country	partial, seasonality only and nowhere named	high, the answer differs by city and by activity; Tokyo in July suits swimming and defeats running	HIGH_THIN_CONTENT_RISK	low	medium	out_of_window	medium	NEEDS_DATA	no venue data for this country, so the page can only describe seasonality and cannot name anywhere to go	DEMAND_UNMEASURED	0/1980	
C003837	/fr/sport/antalya-hiking/	sport	sport.city-season	city-activity-seasonality	323777:hiking	Antalya hiking		TR		Antalya	fr	fr-FR							no										none		nasa-power-daily	partial	CC BY 4.0; 'There are no restrictions on the use, access, and/or download of data from the NASA POWER Project' (AWS Open Data Registry entry)	CC BY 4.0 for climate; no venue data for this country	partial, seasonality only and nowhere named	high, the answer differs by city and by activity; Tokyo in July suits swimming and defeats running	HIGH_THIN_CONTENT_RISK	low	medium	out_of_window	medium	NEEDS_DATA	no venue data for this country, so the page can only describe seasonality and cannot name anywhere to go	DEMAND_UNMEASURED	0/1980	
C003838	/it/sport/antalya-hiking/	sport	sport.city-season	city-activity-seasonality	323777:hiking	Antalya hiking		TR		Antalya	it	it-IT							no										none		nasa-power-daily	partial	CC BY 4.0; 'There are no restrictions on the use, access, and/or download of data from the NASA POWER Project' (AWS Open Data Registry entry)	CC BY 4.0 for climate; no venue data for this country	partial, seasonality only and nowhere named	high, the answer differs by city and by activity; Tokyo in July suits swimming and defeats running	HIGH_THIN_CONTENT_RISK	low	medium	out_of_window	medium	NEEDS_DATA	no venue data for this country, so the page can only describe seasonality and cannot name anywhere to go	DEMAND_UNMEASURED	0/1980	
C003839	/ja/sport/antalya-hiking/	sport	sport.city-season	city-activity-seasonality	323777:hiking	Antalya hiking		TR		Antalya	ja	ja-JP							no										none		nasa-power-daily	partial	CC BY 4.0; 'There are no restrictions on the use, access, and/or download of data from the NASA POWER Project' (AWS Open Data Registry entry)	CC BY 4.0 for climate; no venue data for this country	partial, seasonality only and nowhere named	high, the answer differs by city and by activity; Tokyo in July suits swimming and defeats running	HIGH_THIN_CONTENT_RISK	low	medium	out_of_window	medium	NEEDS_DATA	no venue data for this country, so the page can only describe seasonality and cannot name anywhere to go	DEMAND_UNMEASURED	0/1980	
C003840	/nl/sport/antalya-hiking/	sport	sport.city-season	city-activity-seasonality	323777:hiking	Antalya hiking		TR		Antalya	nl	nl-NL							no										none		nasa-power-daily	partial	CC BY 4.0; 'There are no restrictions on the use, access, and/or download of data from the NASA POWER Project' (AWS Open Data Registry entry)	CC BY 4.0 for climate; no venue data for this country	partial, seasonality only and nowhere named	high, the answer differs by city and by activity; Tokyo in July suits swimming and defeats running	HIGH_THIN_CONTENT_RISK	low	medium	out_of_window	medium	NEEDS_DATA	no venue data for this country, so the page can only describe seasonality and cannot name anywhere to go	DEMAND_UNMEASURED	0/1980	
C003841	/pl/sport/antalya-hiking/	sport	sport.city-season	city-activity-seasonality	323777:hiking	Antalya hiking		TR		Antalya	pl	pl-PL							no										none		nasa-power-daily	partial	CC BY 4.0; 'There are no restrictions on the use, access, and/or download of data from the NASA POWER Project' (AWS Open Data Registry entry)	CC BY 4.0 for climate; no venue data for this country	partial, seasonality only and nowhere named	high, the answer differs by city and by activity; Tokyo in July suits swimming and defeats running	HIGH_THIN_CONTENT_RISK	low	medium	out_of_window	medium	NEEDS_DATA	no venue data for this country, so the page can only describe seasonality and cannot name anywhere to go	DEMAND_UNMEASURED	0/1980	
C003842	/pt/desporto/antalya-hiking/	sport	sport.city-season	city-activity-seasonality	323777:hiking	Antalya hiking		TR		Antalya	pt	pt-BR							no										none		nasa-power-daily	partial	CC BY 4.0; 'There are no restrictions on the use, access, and/or download of data from the NASA POWER Project' (AWS Open Data Registry entry)	CC BY 4.0 for climate; no venue data for this country	partial, seasonality only and nowhere named	high, the answer differs by city and by activity; Tokyo in July suits swimming and defeats running	HIGH_THIN_CONTENT_RISK	low	medium	out_of_window	medium	NEEDS_DATA	no venue data for this country, so the page can only describe seasonality and cannot name anywhere to go	DEMAND_UNMEASURED	0/1980	
C003843	/de/sport/antalya-swimming/	sport	sport.city-season	city-activity-seasonality	323777:swimming	Antalya swimming		TR		Antalya	de	de-DE							no										none		nasa-power-daily	partial	CC BY 4.0; 'There are no restrictions on the use, access, and/or download of data from the NASA POWER Project' (AWS Open Data Registry entry)	CC BY 4.0 for climate; no venue data for this country	partial, seasonality only and nowhere named	high, the answer differs by city and by activity; Tokyo in July suits swimming and defeats running	HIGH_THIN_CONTENT_RISK	low	medium	out_of_window	medium	NEEDS_DATA	no venue data for this country, so the page can only describe seasonality and cannot name anywhere to go	DEMAND_UNMEASURED	0/1980	
C003844	/en/sport/antalya-swimming/	sport	sport.city-season	city-activity-seasonality	323777:swimming	Antalya swimming		TR		Antalya	en	en-US							no										none		nasa-power-daily	partial	CC BY 4.0; 'There are no restrictions on the use, access, and/or download of data from the NASA POWER Project' (AWS Open Data Registry entry)	CC BY 4.0 for climate; no venue data for this country	partial, seasonality only and nowhere named	high, the answer differs by city and by activity; Tokyo in July suits swimming and defeats running	HIGH_THIN_CONTENT_RISK	low	medium	out_of_window	medium	NEEDS_DATA	no venue data for this country, so the page can only describe seasonality and cannot name anywhere to go	DEMAND_UNMEASURED	0/1980	
C003845	/es/deporte/antalya-swimming/	sport	sport.city-season	city-activity-seasonality	323777:swimming	Antalya swimming		TR		Antalya	es	es-ES							no										none		nasa-power-daily	partial	CC BY 4.0; 'There are no restrictions on the use, access, and/or download of data from the NASA POWER Project' (AWS Open Data Registry entry)	CC BY 4.0 for climate; no venue data for this country	partial, seasonality only and nowhere named	high, the answer differs by city and by activity; Tokyo in July suits swimming and defeats running	HIGH_THIN_CONTENT_RISK	low	medium	out_of_window	medium	NEEDS_DATA	no venue data for this country, so the page can only describe seasonality and cannot name anywhere to go	DEMAND_UNMEASURED	0/1980	
C003846	/fr/sport/antalya-swimming/	sport	sport.city-season	city-activity-seasonality	323777:swimming	Antalya swimming		TR		Antalya	fr	fr-FR							no										none		nasa-power-daily	partial	CC BY 4.0; 'There are no restrictions on the use, access, and/or download of data from the NASA POWER Project' (AWS Open Data Registry entry)	CC BY 4.0 for climate; no venue data for this country	partial, seasonality only and nowhere named	high, the answer differs by city and by activity; Tokyo in July suits swimming and defeats running	HIGH_THIN_CONTENT_RISK	low	medium	out_of_window	medium	NEEDS_DATA	no venue data for this country, so the page can only describe seasonality and cannot name anywhere to go	DEMAND_UNMEASURED	0/1980	
C003847	/it/sport/antalya-swimming/	sport	sport.city-season	city-activity-seasonality	323777:swimming	Antalya swimming		TR		Antalya	it	it-IT							no										none		nasa-power-daily	partial	CC BY 4.0; 'There are no restrictions on the use, access, and/or download of data from the NASA POWER Project' (AWS Open Data Registry entry)	CC BY 4.0 for climate; no venue data for this country	partial, seasonality only and nowhere named	high, the answer differs by city and by activity; Tokyo in July suits swimming and defeats running	HIGH_THIN_CONTENT_RISK	low	medium	out_of_window	medium	NEEDS_DATA	no venue data for this country, so the page can only describe seasonality and cannot name anywhere to go	DEMAND_UNMEASURED	0/1980	
C003848	/ja/sport/antalya-swimming/	sport	sport.city-season	city-activity-seasonality	323777:swimming	Antalya swimming		TR		Antalya	ja	ja-JP							no										none		nasa-power-daily	partial	CC BY 4.0; 'There are no restrictions on the use, access, and/or download of data from the NASA POWER Project' (AWS Open Data Registry entry)	CC BY 4.0 for climate; no venue data for this country	partial, seasonality only and nowhere named	high, the answer differs by city and by activity; Tokyo in July suits swimming and defeats running	HIGH_THIN_CONTENT_RISK	low	medium	out_of_window	medium	NEEDS_DATA	no venue data for this country, so the page can only describe seasonality and cannot name anywhere to go	DEMAND_UNMEASURED	0/1980	
C003849	/nl/sport/antalya-swimming/	sport	sport.city-season	city-activity-seasonality	323777:swimming	Antalya swimming		TR		Antalya	nl	nl-NL							no										none		nasa-power-daily	partial	CC BY 4.0; 'There are no restrictions on the use, access, and/or download of data from the NASA POWER Project' (AWS Open Data Registry entry)	CC BY 4.0 for climate; no venue data for this country	partial, seasonality only and nowhere named	high, the answer differs by city and by activity; Tokyo in July suits swimming and defeats running	HIGH_THIN_CONTENT_RISK	low	medium	out_of_window	medium	NEEDS_DATA	no venue data for this country, so the page can only describe seasonality and cannot name anywhere to go	DEMAND_UNMEASURED	0/1980	
C003850	/pl/sport/antalya-swimming/	sport	sport.city-season	city-activity-seasonality	323777:swimming	Antalya swimming		TR		Antalya	pl	pl-PL							no										none		nasa-power-daily	partial	CC BY 4.0; 'There are no restrictions on the use, access, and/or download of data from the NASA POWER Project' (AWS Open Data Registry entry)	CC BY 4.0 for climate; no venue data for this country	partial, seasonality only and nowhere named	high, the answer differs by city and by activity; Tokyo in July suits swimming and defeats running	HIGH_THIN_CONTENT_RISK	low	medium	out_of_window	medium	NEEDS_DATA	no venue data for this country, so the page can only describe seasonality and cannot name anywhere to go	DEMAND_UNMEASURED	0/1980	
C003851	/pt/desporto/antalya-swimming/	sport	sport.city-season	city-activity-seasonality	323777:swimming	Antalya swimming		TR		Antalya	pt	pt-BR							no										none		nasa-power-daily	partial	CC BY 4.0; 'There are no restrictions on the use, access, and/or download of data from the NASA POWER Project' (AWS Open Data Registry entry)	CC BY 4.0 for climate; no venue data for this country	partial, seasonality only and nowhere named	high, the answer differs by city and by activity; Tokyo in July suits swimming and defeats running	HIGH_THIN_CONTENT_RISK	low	medium	out_of_window	medium	NEEDS_DATA	no venue data for this country, so the page can only describe seasonality and cannot name anywhere to go	DEMAND_UNMEASURED	0/1980	
C003852	/de/sport/thessaloniki-running/	sport	sport.city-season	city-activity-seasonality	734077:running	Thessaloníki running		GR		Thessaloníki	de	de-DE							no										none		nasa-power-daily	partial	CC BY 4.0; 'There are no restrictions on the use, access, and/or download of data from the NASA POWER Project' (AWS Open Data Registry entry)	CC BY 4.0 for climate; no venue data for this country	partial, seasonality only and nowhere named	high, the answer differs by city and by activity; Tokyo in July suits swimming and defeats running	HIGH_THIN_CONTENT_RISK	low	medium	out_of_window	medium	NEEDS_DATA	no venue data for this country, so the page can only describe seasonality and cannot name anywhere to go	DEMAND_UNMEASURED	0/1980	
C003853	/en/sport/thessaloniki-running/	sport	sport.city-season	city-activity-seasonality	734077:running	Thessaloníki running		GR		Thessaloníki	en	en-US							no										none		nasa-power-daily	partial	CC BY 4.0; 'There are no restrictions on the use, access, and/or download of data from the NASA POWER Project' (AWS Open Data Registry entry)	CC BY 4.0 for climate; no venue data for this country	partial, seasonality only and nowhere named	high, the answer differs by city and by activity; Tokyo in July suits swimming and defeats running	HIGH_THIN_CONTENT_RISK	low	medium	out_of_window	medium	NEEDS_DATA	no venue data for this country, so the page can only describe seasonality and cannot name anywhere to go	DEMAND_UNMEASURED	0/1980	
C003854	/es/deporte/thessaloniki-running/	sport	sport.city-season	city-activity-seasonality	734077:running	Thessaloníki running		GR		Thessaloníki	es	es-ES							no										none		nasa-power-daily	partial	CC BY 4.0; 'There are no restrictions on the use, access, and/or download of data from the NASA POWER Project' (AWS Open Data Registry entry)	CC BY 4.0 for climate; no venue data for this country	partial, seasonality only and nowhere named	high, the answer differs by city and by activity; Tokyo in July suits swimming and defeats running	HIGH_THIN_CONTENT_RISK	low	medium	out_of_window	medium	NEEDS_DATA	no venue data for this country, so the page can only describe seasonality and cannot name anywhere to go	DEMAND_UNMEASURED	0/1980	
C003855	/fr/sport/thessaloniki-running/	sport	sport.city-season	city-activity-seasonality	734077:running	Thessaloníki running		GR		Thessaloníki	fr	fr-FR							no										none		nasa-power-daily	partial	CC BY 4.0; 'There are no restrictions on the use, access, and/or download of data from the NASA POWER Project' (AWS Open Data Registry entry)	CC BY 4.0 for climate; no venue data for this country	partial, seasonality only and nowhere named	high, the answer differs by city and by activity; Tokyo in July suits swimming and defeats running	HIGH_THIN_CONTENT_RISK	low	medium	out_of_window	medium	NEEDS_DATA	no venue data for this country, so the page can only describe seasonality and cannot name anywhere to go	DEMAND_UNMEASURED	0/1980	
C003856	/it/sport/thessaloniki-running/	sport	sport.city-season	city-activity-seasonality	734077:running	Thessaloníki running		GR		Thessaloníki	it	it-IT							no										none		nasa-power-daily	partial	CC BY 4.0; 'There are no restrictions on the use, access, and/or download of data from the NASA POWER Project' (AWS Open Data Registry entry)	CC BY 4.0 for climate; no venue data for this country	partial, seasonality only and nowhere named	high, the answer differs by city and by activity; Tokyo in July suits swimming and defeats running	HIGH_THIN_CONTENT_RISK	low	medium	out_of_window	medium	NEEDS_DATA	no venue data for this country, so the page can only describe seasonality and cannot name anywhere to go	DEMAND_UNMEASURED	0/1980	
C003857	/ja/sport/thessaloniki-running/	sport	sport.city-season	city-activity-seasonality	734077:running	Thessaloníki running		GR		Thessaloníki	ja	ja-JP							no										none		nasa-power-daily	partial	CC BY 4.0; 'There are no restrictions on the use, access, and/or download of data from the NASA POWER Project' (AWS Open Data Registry entry)	CC BY 4.0 for climate; no venue data for this country	partial, seasonality only and nowhere named	high, the answer differs by city and by activity; Tokyo in July suits swimming and defeats running	HIGH_THIN_CONTENT_RISK	low	medium	out_of_window	medium	NEEDS_DATA	no venue data for this country, so the page can only describe seasonality and cannot name anywhere to go	DEMAND_UNMEASURED	0/1980	
C003858	/nl/sport/thessaloniki-running/	sport	sport.city-season	city-activity-seasonality	734077:running	Thessaloníki running		GR		Thessaloníki	nl	nl-NL							no										none		nasa-power-daily	partial	CC BY 4.0; 'There are no restrictions on the use, access, and/or download of data from the NASA POWER Project' (AWS Open Data Registry entry)	CC BY 4.0 for climate; no venue data for this country	partial, seasonality only and nowhere named	high, the answer differs by city and by activity; Tokyo in July suits swimming and defeats running	HIGH_THIN_CONTENT_RISK	low	medium	out_of_window	medium	NEEDS_DATA	no venue data for this country, so the page can only describe seasonality and cannot name anywhere to go	DEMAND_UNMEASURED	0/1980	
C003859	/pl/sport/thessaloniki-running/	sport	sport.city-season	city-activity-seasonality	734077:running	Thessaloníki running		GR		Thessaloníki	pl	pl-PL							no										none		nasa-power-daily	partial	CC BY 4.0; 'There are no restrictions on the use, access, and/or download of data from the NASA POWER Project' (AWS Open Data Registry entry)	CC BY 4.0 for climate; no venue data for this country	partial, seasonality only and nowhere named	high, the answer differs by city and by activity; Tokyo in July suits swimming and defeats running	HIGH_THIN_CONTENT_RISK	low	medium	out_of_window	medium	NEEDS_DATA	no venue data for this country, so the page can only describe seasonality and cannot name anywhere to go	DEMAND_UNMEASURED	0/1980	
C003860	/pt/desporto/thessaloniki-running/	sport	sport.city-season	city-activity-seasonality	734077:running	Thessaloníki running		GR		Thessaloníki	pt	pt-BR							no										none		nasa-power-daily	partial	CC BY 4.0; 'There are no restrictions on the use, access, and/or download of data from the NASA POWER Project' (AWS Open Data Registry entry)	CC BY 4.0 for climate; no venue data for this country	partial, seasonality only and nowhere named	high, the answer differs by city and by activity; Tokyo in July suits swimming and defeats running	HIGH_THIN_CONTENT_RISK	low	medium	out_of_window	medium	NEEDS_DATA	no venue data for this country, so the page can only describe seasonality and cannot name anywhere to go	DEMAND_UNMEASURED	0/1980	
C003861	/de/sport/thessaloniki-cycling/	sport	sport.city-season	city-activity-seasonality	734077:cycling	Thessaloníki cycling		GR		Thessaloníki	de	de-DE							no										none		nasa-power-daily	partial	CC BY 4.0; 'There are no restrictions on the use, access, and/or download of data from the NASA POWER Project' (AWS Open Data Registry entry)	CC BY 4.0 for climate; no venue data for this country	partial, seasonality only and nowhere named	high, the answer differs by city and by activity; Tokyo in July suits swimming and defeats running	HIGH_THIN_CONTENT_RISK	low	medium	out_of_window	medium	NEEDS_DATA	no venue data for this country, so the page can only describe seasonality and cannot name anywhere to go	DEMAND_UNMEASURED	0/1980	
C003862	/en/sport/thessaloniki-cycling/	sport	sport.city-season	city-activity-seasonality	734077:cycling	Thessaloníki cycling		GR		Thessaloníki	en	en-US							no										none		nasa-power-daily	partial	CC BY 4.0; 'There are no restrictions on the use, access, and/or download of data from the NASA POWER Project' (AWS Open Data Registry entry)	CC BY 4.0 for climate; no venue data for this country	partial, seasonality only and nowhere named	high, the answer differs by city and by activity; Tokyo in July suits swimming and defeats running	HIGH_THIN_CONTENT_RISK	low	medium	out_of_window	medium	NEEDS_DATA	no venue data for this country, so the page can only describe seasonality and cannot name anywhere to go	DEMAND_UNMEASURED	0/1980	
C003863	/es/deporte/thessaloniki-cycling/	sport	sport.city-season	city-activity-seasonality	734077:cycling	Thessaloníki cycling		GR		Thessaloníki	es	es-ES							no										none		nasa-power-daily	partial	CC BY 4.0; 'There are no restrictions on the use, access, and/or download of data from the NASA POWER Project' (AWS Open Data Registry entry)	CC BY 4.0 for climate; no venue data for this country	partial, seasonality only and nowhere named	high, the answer differs by city and by activity; Tokyo in July suits swimming and defeats running	HIGH_THIN_CONTENT_RISK	low	medium	out_of_window	medium	NEEDS_DATA	no venue data for this country, so the page can only describe seasonality and cannot name anywhere to go	DEMAND_UNMEASURED	0/1980	
C003864	/fr/sport/thessaloniki-cycling/	sport	sport.city-season	city-activity-seasonality	734077:cycling	Thessaloníki cycling		GR		Thessaloníki	fr	fr-FR							no										none		nasa-power-daily	partial	CC BY 4.0; 'There are no restrictions on the use, access, and/or download of data from the NASA POWER Project' (AWS Open Data Registry entry)	CC BY 4.0 for climate; no venue data for this country	partial, seasonality only and nowhere named	high, the answer differs by city and by activity; Tokyo in July suits swimming and defeats running	HIGH_THIN_CONTENT_RISK	low	medium	out_of_window	medium	NEEDS_DATA	no venue data for this country, so the page can only describe seasonality and cannot name anywhere to go	DEMAND_UNMEASURED	0/1980	
C003865	/it/sport/thessaloniki-cycling/	sport	sport.city-season	city-activity-seasonality	734077:cycling	Thessaloníki cycling		GR		Thessaloníki	it	it-IT							no										none		nasa-power-daily	partial	CC BY 4.0; 'There are no restrictions on the use, access, and/or download of data from the NASA POWER Project' (AWS Open Data Registry entry)	CC BY 4.0 for climate; no venue data for this country	partial, seasonality only and nowhere named	high, the answer differs by city and by activity; Tokyo in July suits swimming and defeats running	HIGH_THIN_CONTENT_RISK	low	medium	out_of_window	medium	NEEDS_DATA	no venue data for this country, so the page can only describe seasonality and cannot name anywhere to go	DEMAND_UNMEASURED	0/1980	
C003866	/ja/sport/thessaloniki-cycling/	sport	sport.city-season	city-activity-seasonality	734077:cycling	Thessaloníki cycling		GR		Thessaloníki	ja	ja-JP							no										none		nasa-power-daily	partial	CC BY 4.0; 'There are no restrictions on the use, access, and/or download of data from the NASA POWER Project' (AWS Open Data Registry entry)	CC BY 4.0 for climate; no venue data for this country	partial, seasonality only and nowhere named	high, the answer differs by city and by activity; Tokyo in July suits swimming and defeats running	HIGH_THIN_CONTENT_RISK	low	medium	out_of_window	medium	NEEDS_DATA	no venue data for this country, so the page can only describe seasonality and cannot name anywhere to go	DEMAND_UNMEASURED	0/1980	
C003867	/nl/sport/thessaloniki-cycling/	sport	sport.city-season	city-activity-seasonality	734077:cycling	Thessaloníki cycling		GR		Thessaloníki	nl	nl-NL							no										none		nasa-power-daily	partial	CC BY 4.0; 'There are no restrictions on the use, access, and/or download of data from the NASA POWER Project' (AWS Open Data Registry entry)	CC BY 4.0 for climate; no venue data for this country	partial, seasonality only and nowhere named	high, the answer differs by city and by activity; Tokyo in July suits swimming and defeats running	HIGH_THIN_CONTENT_RISK	low	medium	out_of_window	medium	NEEDS_DATA	no venue data for this country, so the page can only describe seasonality and cannot name anywhere to go	DEMAND_UNMEASURED	0/1980	
C003868	/pl/sport/thessaloniki-cycling/	sport	sport.city-season	city-activity-seasonality	734077:cycling	Thessaloníki cycling		GR		Thessaloníki	pl	pl-PL							no										none		nasa-power-daily	partial	CC BY 4.0; 'There are no restrictions on the use, access, and/or download of data from the NASA POWER Project' (AWS Open Data Registry entry)	CC BY 4.0 for climate; no venue data for this country	partial, seasonality only and nowhere named	high, the answer differs by city and by activity; Tokyo in July suits swimming and defeats running	HIGH_THIN_CONTENT_RISK	low	medium	out_of_window	medium	NEEDS_DATA	no venue data for this country, so the page can only describe seasonality and cannot name anywhere to go	DEMAND_UNMEASURED	0/1980	
C003869	/pt/desporto/thessaloniki-cycling/	sport	sport.city-season	city-activity-seasonality	734077:cycling	Thessaloníki cycling		GR		Thessaloníki	pt	pt-BR							no										none		nasa-power-daily	partial	CC BY 4.0; 'There are no restrictions on the use, access, and/or download of data from the NASA POWER Project' (AWS Open Data Registry entry)	CC BY 4.0 for climate; no venue data for this country	partial, seasonality only and nowhere named	high, the answer differs by city and by activity; Tokyo in July suits swimming and defeats running	HIGH_THIN_CONTENT_RISK	low	medium	out_of_window	medium	NEEDS_DATA	no venue data for this country, so the page can only describe seasonality and cannot name anywhere to go	DEMAND_UNMEASURED	0/1980	
C003870	/de/sport/thessaloniki-hiking/	sport	sport.city-season	city-activity-seasonality	734077:hiking	Thessaloníki hiking		GR		Thessaloníki	de	de-DE							no										none		nasa-power-daily	partial	CC BY 4.0; 'There are no restrictions on the use, access, and/or download of data from the NASA POWER Project' (AWS Open Data Registry entry)	CC BY 4.0 for climate; no venue data for this country	partial, seasonality only and nowhere named	high, the answer differs by city and by activity; Tokyo in July suits swimming and defeats running	HIGH_THIN_CONTENT_RISK	low	medium	out_of_window	medium	NEEDS_DATA	no venue data for this country, so the page can only describe seasonality and cannot name anywhere to go	DEMAND_UNMEASURED	0/1980	
C003871	/en/sport/thessaloniki-hiking/	sport	sport.city-season	city-activity-seasonality	734077:hiking	Thessaloníki hiking		GR		Thessaloníki	en	en-US							no										none		nasa-power-daily	partial	CC BY 4.0; 'There are no restrictions on the use, access, and/or download of data from the NASA POWER Project' (AWS Open Data Registry entry)	CC BY 4.0 for climate; no venue data for this country	partial, seasonality only and nowhere named	high, the answer differs by city and by activity; Tokyo in July suits swimming and defeats running	HIGH_THIN_CONTENT_RISK	low	medium	out_of_window	medium	NEEDS_DATA	no venue data for this country, so the page can only describe seasonality and cannot name anywhere to go	DEMAND_UNMEASURED	0/1980	
C003872	/es/deporte/thessaloniki-hiking/	sport	sport.city-season	city-activity-seasonality	734077:hiking	Thessaloníki hiking		GR		Thessaloníki	es	es-ES							no										none		nasa-power-daily	partial	CC BY 4.0; 'There are no restrictions on the use, access, and/or download of data from the NASA POWER Project' (AWS Open Data Registry entry)	CC BY 4.0 for climate; no venue data for this country	partial, seasonality only and nowhere named	high, the answer differs by city and by activity; Tokyo in July suits swimming and defeats running	HIGH_THIN_CONTENT_RISK	low	medium	out_of_window	medium	NEEDS_DATA	no venue data for this country, so the page can only describe seasonality and cannot name anywhere to go	DEMAND_UNMEASURED	0/1980	
C003873	/fr/sport/thessaloniki-hiking/	sport	sport.city-season	city-activity-seasonality	734077:hiking	Thessaloníki hiking		GR		Thessaloníki	fr	fr-FR							no										none		nasa-power-daily	partial	CC BY 4.0; 'There are no restrictions on the use, access, and/or download of data from the NASA POWER Project' (AWS Open Data Registry entry)	CC BY 4.0 for climate; no venue data for this country	partial, seasonality only and nowhere named	high, the answer differs by city and by activity; Tokyo in July suits swimming and defeats running	HIGH_THIN_CONTENT_RISK	low	medium	out_of_window	medium	NEEDS_DATA	no venue data for this country, so the page can only describe seasonality and cannot name anywhere to go	DEMAND_UNMEASURED	0/1980	
C003874	/it/sport/thessaloniki-hiking/	sport	sport.city-season	city-activity-seasonality	734077:hiking	Thessaloníki hiking		GR		Thessaloníki	it	it-IT							no										none		nasa-power-daily	partial	CC BY 4.0; 'There are no restrictions on the use, access, and/or download of data from the NASA POWER Project' (AWS Open Data Registry entry)	CC BY 4.0 for climate; no venue data for this country	partial, seasonality only and nowhere named	high, the answer differs by city and by activity; Tokyo in July suits swimming and defeats running	HIGH_THIN_CONTENT_RISK	low	medium	out_of_window	medium	NEEDS_DATA	no venue data for this country, so the page can only describe seasonality and cannot name anywhere to go	DEMAND_UNMEASURED	0/1980	
C003875	/ja/sport/thessaloniki-hiking/	sport	sport.city-season	city-activity-seasonality	734077:hiking	Thessaloníki hiking		GR		Thessaloníki	ja	ja-JP							no										none		nasa-power-daily	partial	CC BY 4.0; 'There are no restrictions on the use, access, and/or download of data from the NASA POWER Project' (AWS Open Data Registry entry)	CC BY 4.0 for climate; no venue data for this country	partial, seasonality only and nowhere named	high, the answer differs by city and by activity; Tokyo in July suits swimming and defeats running	HIGH_THIN_CONTENT_RISK	low	medium	out_of_window	medium	NEEDS_DATA	no venue data for this country, so the page can only describe seasonality and cannot name anywhere to go	DEMAND_UNMEASURED	0/1980	
C003876	/nl/sport/thessaloniki-hiking/	sport	sport.city-season	city-activity-seasonality	734077:hiking	Thessaloníki hiking		GR		Thessaloníki	nl	nl-NL							no										none		nasa-power-daily	partial	CC BY 4.0; 'There are no restrictions on the use, access, and/or download of data from the NASA POWER Project' (AWS Open Data Registry entry)	CC BY 4.0 for climate; no venue data for this country	partial, seasonality only and nowhere named	high, the answer differs by city and by activity; Tokyo in July suits swimming and defeats running	HIGH_THIN_CONTENT_RISK	low	medium	out_of_window	medium	NEEDS_DATA	no venue data for this country, so the page can only describe seasonality and cannot name anywhere to go	DEMAND_UNMEASURED	0/1980	
C003877	/pl/sport/thessaloniki-hiking/	sport	sport.city-season	city-activity-seasonality	734077:hiking	Thessaloníki hiking		GR		Thessaloníki	pl	pl-PL							no										none		nasa-power-daily	partial	CC BY 4.0; 'There are no restrictions on the use, access, and/or download of data from the NASA POWER Project' (AWS Open Data Registry entry)	CC BY 4.0 for climate; no venue data for this country	partial, seasonality only and nowhere named	high, the answer differs by city and by activity; Tokyo in July suits swimming and defeats running	HIGH_THIN_CONTENT_RISK	low	medium	out_of_window	medium	NEEDS_DATA	no venue data for this country, so the page can only describe seasonality and cannot name anywhere to go	DEMAND_UNMEASURED	0/1980	
C003878	/pt/desporto/thessaloniki-hiking/	sport	sport.city-season	city-activity-seasonality	734077:hiking	Thessaloníki hiking		GR		Thessaloníki	pt	pt-BR							no										none		nasa-power-daily	partial	CC BY 4.0; 'There are no restrictions on the use, access, and/or download of data from the NASA POWER Project' (AWS Open Data Registry entry)	CC BY 4.0 for climate; no venue data for this country	partial, seasonality only and nowhere named	high, the answer differs by city and by activity; Tokyo in July suits swimming and defeats running	HIGH_THIN_CONTENT_RISK	low	medium	out_of_window	medium	NEEDS_DATA	no venue data for this country, so the page can only describe seasonality and cannot name anywhere to go	DEMAND_UNMEASURED	0/1980	
C003879	/de/sport/thessaloniki-swimming/	sport	sport.city-season	city-activity-seasonality	734077:swimming	Thessaloníki swimming		GR		Thessaloníki	de	de-DE							no										none		nasa-power-daily	partial	CC BY 4.0; 'There are no restrictions on the use, access, and/or download of data from the NASA POWER Project' (AWS Open Data Registry entry)	CC BY 4.0 for climate; no venue data for this country	partial, seasonality only and nowhere named	high, the answer differs by city and by activity; Tokyo in July suits swimming and defeats running	HIGH_THIN_CONTENT_RISK	low	medium	out_of_window	medium	NEEDS_DATA	no venue data for this country, so the page can only describe seasonality and cannot name anywhere to go	DEMAND_UNMEASURED	0/1980	
C003880	/en/sport/thessaloniki-swimming/	sport	sport.city-season	city-activity-seasonality	734077:swimming	Thessaloníki swimming		GR		Thessaloníki	en	en-US							no										none		nasa-power-daily	partial	CC BY 4.0; 'There are no restrictions on the use, access, and/or download of data from the NASA POWER Project' (AWS Open Data Registry entry)	CC BY 4.0 for climate; no venue data for this country	partial, seasonality only and nowhere named	high, the answer differs by city and by activity; Tokyo in July suits swimming and defeats running	HIGH_THIN_CONTENT_RISK	low	medium	out_of_window	medium	NEEDS_DATA	no venue data for this country, so the page can only describe seasonality and cannot name anywhere to go	DEMAND_UNMEASURED	0/1980	
C003881	/es/deporte/thessaloniki-swimming/	sport	sport.city-season	city-activity-seasonality	734077:swimming	Thessaloníki swimming		GR		Thessaloníki	es	es-ES							no										none		nasa-power-daily	partial	CC BY 4.0; 'There are no restrictions on the use, access, and/or download of data from the NASA POWER Project' (AWS Open Data Registry entry)	CC BY 4.0 for climate; no venue data for this country	partial, seasonality only and nowhere named	high, the answer differs by city and by activity; Tokyo in July suits swimming and defeats running	HIGH_THIN_CONTENT_RISK	low	medium	out_of_window	medium	NEEDS_DATA	no venue data for this country, so the page can only describe seasonality and cannot name anywhere to go	DEMAND_UNMEASURED	0/1980	
C003882	/fr/sport/thessaloniki-swimming/	sport	sport.city-season	city-activity-seasonality	734077:swimming	Thessaloníki swimming		GR		Thessaloníki	fr	fr-FR							no										none		nasa-power-daily	partial	CC BY 4.0; 'There are no restrictions on the use, access, and/or download of data from the NASA POWER Project' (AWS Open Data Registry entry)	CC BY 4.0 for climate; no venue data for this country	partial, seasonality only and nowhere named	high, the answer differs by city and by activity; Tokyo in July suits swimming and defeats running	HIGH_THIN_CONTENT_RISK	low	medium	out_of_window	medium	NEEDS_DATA	no venue data for this country, so the page can only describe seasonality and cannot name anywhere to go	DEMAND_UNMEASURED	0/1980	
C003883	/it/sport/thessaloniki-swimming/	sport	sport.city-season	city-activity-seasonality	734077:swimming	Thessaloníki swimming		GR		Thessaloníki	it	it-IT							no										none		nasa-power-daily	partial	CC BY 4.0; 'There are no restrictions on the use, access, and/or download of data from the NASA POWER Project' (AWS Open Data Registry entry)	CC BY 4.0 for climate; no venue data for this country	partial, seasonality only and nowhere named	high, the answer differs by city and by activity; Tokyo in July suits swimming and defeats running	HIGH_THIN_CONTENT_RISK	low	medium	out_of_window	medium	NEEDS_DATA	no venue data for this country, so the page can only describe seasonality and cannot name anywhere to go	DEMAND_UNMEASURED	0/1980	
C003884	/ja/sport/thessaloniki-swimming/	sport	sport.city-season	city-activity-seasonality	734077:swimming	Thessaloníki swimming		GR		Thessaloníki	ja	ja-JP							no										none		nasa-power-daily	partial	CC BY 4.0; 'There are no restrictions on the use, access, and/or download of data from the NASA POWER Project' (AWS Open Data Registry entry)	CC BY 4.0 for climate; no venue data for this country	partial, seasonality only and nowhere named	high, the answer differs by city and by activity; Tokyo in July suits swimming and defeats running	HIGH_THIN_CONTENT_RISK	low	medium	out_of_window	medium	NEEDS_DATA	no venue data for this country, so the page can only describe seasonality and cannot name anywhere to go	DEMAND_UNMEASURED	0/1980	
C003885	/nl/sport/thessaloniki-swimming/	sport	sport.city-season	city-activity-seasonality	734077:swimming	Thessaloníki swimming		GR		Thessaloníki	nl	nl-NL							no										none		nasa-power-daily	partial	CC BY 4.0; 'There are no restrictions on the use, access, and/or download of data from the NASA POWER Project' (AWS Open Data Registry entry)	CC BY 4.0 for climate; no venue data for this country	partial, seasonality only and nowhere named	high, the answer differs by city and by activity; Tokyo in July suits swimming and defeats running	HIGH_THIN_CONTENT_RISK	low	medium	out_of_window	medium	NEEDS_DATA	no venue data for this country, so the page can only describe seasonality and cannot name anywhere to go	DEMAND_UNMEASURED	0/1980	
C003886	/pl/sport/thessaloniki-swimming/	sport	sport.city-season	city-activity-seasonality	734077:swimming	Thessaloníki swimming		GR		Thessaloníki	pl	pl-PL							no										none		nasa-power-daily	partial	CC BY 4.0; 'There are no restrictions on the use, access, and/or download of data from the NASA POWER Project' (AWS Open Data Registry entry)	CC BY 4.0 for climate; no venue data for this country	partial, seasonality only and nowhere named	high, the answer differs by city and by activity; Tokyo in July suits swimming and defeats running	HIGH_THIN_CONTENT_RISK	low	medium	out_of_window	medium	NEEDS_DATA	no venue data for this country, so the page can only describe seasonality and cannot name anywhere to go	DEMAND_UNMEASURED	0/1980	
C003887	/pt/desporto/thessaloniki-swimming/	sport	sport.city-season	city-activity-seasonality	734077:swimming	Thessaloníki swimming		GR		Thessaloníki	pt	pt-BR							no										none		nasa-power-daily	partial	CC BY 4.0; 'There are no restrictions on the use, access, and/or download of data from the NASA POWER Project' (AWS Open Data Registry entry)	CC BY 4.0 for climate; no venue data for this country	partial, seasonality only and nowhere named	high, the answer differs by city and by activity; Tokyo in July suits swimming and defeats running	HIGH_THIN_CONTENT_RISK	low	medium	out_of_window	medium	NEEDS_DATA	no venue data for this country, so the page can only describe seasonality and cannot name anywhere to go	DEMAND_UNMEASURED	0/1980	
C003888	/de/sport/istanbul-running/	sport	sport.city-season	city-activity-seasonality	745044:running	Istanbul running		TR		Istanbul	de	de-DE							no										none		nasa-power-daily	partial	CC BY 4.0; 'There are no restrictions on the use, access, and/or download of data from the NASA POWER Project' (AWS Open Data Registry entry)	CC BY 4.0 for climate; no venue data for this country	partial, seasonality only and nowhere named	high, the answer differs by city and by activity; Tokyo in July suits swimming and defeats running	HIGH_THIN_CONTENT_RISK	low	medium	out_of_window	medium	NEEDS_DATA	no venue data for this country, so the page can only describe seasonality and cannot name anywhere to go	DEMAND_UNMEASURED	0/1980	
C003889	/en/sport/istanbul-running/	sport	sport.city-season	city-activity-seasonality	745044:running	Istanbul running		TR		Istanbul	en	en-US							no										none		nasa-power-daily	partial	CC BY 4.0; 'There are no restrictions on the use, access, and/or download of data from the NASA POWER Project' (AWS Open Data Registry entry)	CC BY 4.0 for climate; no venue data for this country	partial, seasonality only and nowhere named	high, the answer differs by city and by activity; Tokyo in July suits swimming and defeats running	HIGH_THIN_CONTENT_RISK	low	medium	out_of_window	medium	NEEDS_DATA	no venue data for this country, so the page can only describe seasonality and cannot name anywhere to go	DEMAND_UNMEASURED	0/1980	
C003890	/es/deporte/istanbul-running/	sport	sport.city-season	city-activity-seasonality	745044:running	Istanbul running		TR		Istanbul	es	es-ES							no										none		nasa-power-daily	partial	CC BY 4.0; 'There are no restrictions on the use, access, and/or download of data from the NASA POWER Project' (AWS Open Data Registry entry)	CC BY 4.0 for climate; no venue data for this country	partial, seasonality only and nowhere named	high, the answer differs by city and by activity; Tokyo in July suits swimming and defeats running	HIGH_THIN_CONTENT_RISK	low	medium	out_of_window	medium	NEEDS_DATA	no venue data for this country, so the page can only describe seasonality and cannot name anywhere to go	DEMAND_UNMEASURED	0/1980	
C003891	/fr/sport/istanbul-running/	sport	sport.city-season	city-activity-seasonality	745044:running	Istanbul running		TR		Istanbul	fr	fr-FR							no										none		nasa-power-daily	partial	CC BY 4.0; 'There are no restrictions on the use, access, and/or download of data from the NASA POWER Project' (AWS Open Data Registry entry)	CC BY 4.0 for climate; no venue data for this country	partial, seasonality only and nowhere named	high, the answer differs by city and by activity; Tokyo in July suits swimming and defeats running	HIGH_THIN_CONTENT_RISK	low	medium	out_of_window	medium	NEEDS_DATA	no venue data for this country, so the page can only describe seasonality and cannot name anywhere to go	DEMAND_UNMEASURED	0/1980	
C003892	/it/sport/istanbul-running/	sport	sport.city-season	city-activity-seasonality	745044:running	Istanbul running		TR		Istanbul	it	it-IT							no										none		nasa-power-daily	partial	CC BY 4.0; 'There are no restrictions on the use, access, and/or download of data from the NASA POWER Project' (AWS Open Data Registry entry)	CC BY 4.0 for climate; no venue data for this country	partial, seasonality only and nowhere named	high, the answer differs by city and by activity; Tokyo in July suits swimming and defeats running	HIGH_THIN_CONTENT_RISK	low	medium	out_of_window	medium	NEEDS_DATA	no venue data for this country, so the page can only describe seasonality and cannot name anywhere to go	DEMAND_UNMEASURED	0/1980	
C003893	/ja/sport/istanbul-running/	sport	sport.city-season	city-activity-seasonality	745044:running	Istanbul running		TR		Istanbul	ja	ja-JP							no										none		nasa-power-daily	partial	CC BY 4.0; 'There are no restrictions on the use, access, and/or download of data from the NASA POWER Project' (AWS Open Data Registry entry)	CC BY 4.0 for climate; no venue data for this country	partial, seasonality only and nowhere named	high, the answer differs by city and by activity; Tokyo in July suits swimming and defeats running	HIGH_THIN_CONTENT_RISK	low	medium	out_of_window	medium	NEEDS_DATA	no venue data for this country, so the page can only describe seasonality and cannot name anywhere to go	DEMAND_UNMEASURED	0/1980	
C003894	/nl/sport/istanbul-running/	sport	sport.city-season	city-activity-seasonality	745044:running	Istanbul running		TR		Istanbul	nl	nl-NL							no										none		nasa-power-daily	partial	CC BY 4.0; 'There are no restrictions on the use, access, and/or download of data from the NASA POWER Project' (AWS Open Data Registry entry)	CC BY 4.0 for climate; no venue data for this country	partial, seasonality only and nowhere named	high, the answer differs by city and by activity; Tokyo in July suits swimming and defeats running	HIGH_THIN_CONTENT_RISK	low	medium	out_of_window	medium	NEEDS_DATA	no venue data for this country, so the page can only describe seasonality and cannot name anywhere to go	DEMAND_UNMEASURED	0/1980	
C003895	/pl/sport/istanbul-running/	sport	sport.city-season	city-activity-seasonality	745044:running	Istanbul running		TR		Istanbul	pl	pl-PL							no										none		nasa-power-daily	partial	CC BY 4.0; 'There are no restrictions on the use, access, and/or download of data from the NASA POWER Project' (AWS Open Data Registry entry)	CC BY 4.0 for climate; no venue data for this country	partial, seasonality only and nowhere named	high, the answer differs by city and by activity; Tokyo in July suits swimming and defeats running	HIGH_THIN_CONTENT_RISK	low	medium	out_of_window	medium	NEEDS_DATA	no venue data for this country, so the page can only describe seasonality and cannot name anywhere to go	DEMAND_UNMEASURED	0/1980	
C003896	/pt/desporto/istanbul-running/	sport	sport.city-season	city-activity-seasonality	745044:running	Istanbul running		TR		Istanbul	pt	pt-BR							no										none		nasa-power-daily	partial	CC BY 4.0; 'There are no restrictions on the use, access, and/or download of data from the NASA POWER Project' (AWS Open Data Registry entry)	CC BY 4.0 for climate; no venue data for this country	partial, seasonality only and nowhere named	high, the answer differs by city and by activity; Tokyo in July suits swimming and defeats running	HIGH_THIN_CONTENT_RISK	low	medium	out_of_window	medium	NEEDS_DATA	no venue data for this country, so the page can only describe seasonality and cannot name anywhere to go	DEMAND_UNMEASURED	0/1980	
C003897	/de/sport/istanbul-cycling/	sport	sport.city-season	city-activity-seasonality	745044:cycling	Istanbul cycling		TR		Istanbul	de	de-DE							no										none		nasa-power-daily	partial	CC BY 4.0; 'There are no restrictions on the use, access, and/or download of data from the NASA POWER Project' (AWS Open Data Registry entry)	CC BY 4.0 for climate; no venue data for this country	partial, seasonality only and nowhere named	high, the answer differs by city and by activity; Tokyo in July suits swimming and defeats running	HIGH_THIN_CONTENT_RISK	low	medium	out_of_window	medium	NEEDS_DATA	no venue data for this country, so the page can only describe seasonality and cannot name anywhere to go	DEMAND_UNMEASURED	0/1980	
C003898	/en/sport/istanbul-cycling/	sport	sport.city-season	city-activity-seasonality	745044:cycling	Istanbul cycling		TR		Istanbul	en	en-US							no										none		nasa-power-daily	partial	CC BY 4.0; 'There are no restrictions on the use, access, and/or download of data from the NASA POWER Project' (AWS Open Data Registry entry)	CC BY 4.0 for climate; no venue data for this country	partial, seasonality only and nowhere named	high, the answer differs by city and by activity; Tokyo in July suits swimming and defeats running	HIGH_THIN_CONTENT_RISK	low	medium	out_of_window	medium	NEEDS_DATA	no venue data for this country, so the page can only describe seasonality and cannot name anywhere to go	DEMAND_UNMEASURED	0/1980	
C003899	/es/deporte/istanbul-cycling/	sport	sport.city-season	city-activity-seasonality	745044:cycling	Istanbul cycling		TR		Istanbul	es	es-ES							no										none		nasa-power-daily	partial	CC BY 4.0; 'There are no restrictions on the use, access, and/or download of data from the NASA POWER Project' (AWS Open Data Registry entry)	CC BY 4.0 for climate; no venue data for this country	partial, seasonality only and nowhere named	high, the answer differs by city and by activity; Tokyo in July suits swimming and defeats running	HIGH_THIN_CONTENT_RISK	low	medium	out_of_window	medium	NEEDS_DATA	no venue data for this country, so the page can only describe seasonality and cannot name anywhere to go	DEMAND_UNMEASURED	0/1980	
C003900	/fr/sport/istanbul-cycling/	sport	sport.city-season	city-activity-seasonality	745044:cycling	Istanbul cycling		TR		Istanbul	fr	fr-FR							no										none		nasa-power-daily	partial	CC BY 4.0; 'There are no restrictions on the use, access, and/or download of data from the NASA POWER Project' (AWS Open Data Registry entry)	CC BY 4.0 for climate; no venue data for this country	partial, seasonality only and nowhere named	high, the answer differs by city and by activity; Tokyo in July suits swimming and defeats running	HIGH_THIN_CONTENT_RISK	low	medium	out_of_window	medium	NEEDS_DATA	no venue data for this country, so the page can only describe seasonality and cannot name anywhere to go	DEMAND_UNMEASURED	0/1980	
C003901	/it/sport/istanbul-cycling/	sport	sport.city-season	city-activity-seasonality	745044:cycling	Istanbul cycling		TR		Istanbul	it	it-IT							no										none		nasa-power-daily	partial	CC BY 4.0; 'There are no restrictions on the use, access, and/or download of data from the NASA POWER Project' (AWS Open Data Registry entry)	CC BY 4.0 for climate; no venue data for this country	partial, seasonality only and nowhere named	high, the answer differs by city and by activity; Tokyo in July suits swimming and defeats running	HIGH_THIN_CONTENT_RISK	low	medium	out_of_window	medium	NEEDS_DATA	no venue data for this country, so the page can only describe seasonality and cannot name anywhere to go	DEMAND_UNMEASURED	0/1980	
C003902	/ja/sport/istanbul-cycling/	sport	sport.city-season	city-activity-seasonality	745044:cycling	Istanbul cycling		TR		Istanbul	ja	ja-JP							no										none		nasa-power-daily	partial	CC BY 4.0; 'There are no restrictions on the use, access, and/or download of data from the NASA POWER Project' (AWS Open Data Registry entry)	CC BY 4.0 for climate; no venue data for this country	partial, seasonality only and nowhere named	high, the answer differs by city and by activity; Tokyo in July suits swimming and defeats running	HIGH_THIN_CONTENT_RISK	low	medium	out_of_window	medium	NEEDS_DATA	no venue data for this country, so the page can only describe seasonality and cannot name anywhere to go	DEMAND_UNMEASURED	0/1980	
C003903	/nl/sport/istanbul-cycling/	sport	sport.city-season	city-activity-seasonality	745044:cycling	Istanbul cycling		TR		Istanbul	nl	nl-NL							no										none		nasa-power-daily	partial	CC BY 4.0; 'There are no restrictions on the use, access, and/or download of data from the NASA POWER Project' (AWS Open Data Registry entry)	CC BY 4.0 for climate; no venue data for this country	partial, seasonality only and nowhere named	high, the answer differs by city and by activity; Tokyo in July suits swimming and defeats running	HIGH_THIN_CONTENT_RISK	low	medium	out_of_window	medium	NEEDS_DATA	no venue data for this country, so the page can only describe seasonality and cannot name anywhere to go	DEMAND_UNMEASURED	0/1980	
C003904	/pl/sport/istanbul-cycling/	sport	sport.city-season	city-activity-seasonality	745044:cycling	Istanbul cycling		TR		Istanbul	pl	pl-PL							no										none		nasa-power-daily	partial	CC BY 4.0; 'There are no restrictions on the use, access, and/or download of data from the NASA POWER Project' (AWS Open Data Registry entry)	CC BY 4.0 for climate; no venue data for this country	partial, seasonality only and nowhere named	high, the answer differs by city and by activity; Tokyo in July suits swimming and defeats running	HIGH_THIN_CONTENT_RISK	low	medium	out_of_window	medium	NEEDS_DATA	no venue data for this country, so the page can only describe seasonality and cannot name anywhere to go	DEMAND_UNMEASURED	0/1980	
C003905	/pt/desporto/istanbul-cycling/	sport	sport.city-season	city-activity-seasonality	745044:cycling	Istanbul cycling		TR		Istanbul	pt	pt-BR							no										none		nasa-power-daily	partial	CC BY 4.0; 'There are no restrictions on the use, access, and/or download of data from the NASA POWER Project' (AWS Open Data Registry entry)	CC BY 4.0 for climate; no venue data for this country	partial, seasonality only and nowhere named	high, the answer differs by city and by activity; Tokyo in July suits swimming and defeats running	HIGH_THIN_CONTENT_RISK	low	medium	out_of_window	medium	NEEDS_DATA	no venue data for this country, so the page can only describe seasonality and cannot name anywhere to go	DEMAND_UNMEASURED	0/1980	
C003906	/de/sport/istanbul-hiking/	sport	sport.city-season	city-activity-seasonality	745044:hiking	Istanbul hiking		TR		Istanbul	de	de-DE							no										none		nasa-power-daily	partial	CC BY 4.0; 'There are no restrictions on the use, access, and/or download of data from the NASA POWER Project' (AWS Open Data Registry entry)	CC BY 4.0 for climate; no venue data for this country	partial, seasonality only and nowhere named	high, the answer differs by city and by activity; Tokyo in July suits swimming and defeats running	HIGH_THIN_CONTENT_RISK	low	medium	out_of_window	medium	NEEDS_DATA	no venue data for this country, so the page can only describe seasonality and cannot name anywhere to go	DEMAND_UNMEASURED	0/1980	
C003907	/en/sport/istanbul-hiking/	sport	sport.city-season	city-activity-seasonality	745044:hiking	Istanbul hiking		TR		Istanbul	en	en-US							no										none		nasa-power-daily	partial	CC BY 4.0; 'There are no restrictions on the use, access, and/or download of data from the NASA POWER Project' (AWS Open Data Registry entry)	CC BY 4.0 for climate; no venue data for this country	partial, seasonality only and nowhere named	high, the answer differs by city and by activity; Tokyo in July suits swimming and defeats running	HIGH_THIN_CONTENT_RISK	low	medium	out_of_window	medium	NEEDS_DATA	no venue data for this country, so the page can only describe seasonality and cannot name anywhere to go	DEMAND_UNMEASURED	0/1980	
C003908	/es/deporte/istanbul-hiking/	sport	sport.city-season	city-activity-seasonality	745044:hiking	Istanbul hiking		TR		Istanbul	es	es-ES							no										none		nasa-power-daily	partial	CC BY 4.0; 'There are no restrictions on the use, access, and/or download of data from the NASA POWER Project' (AWS Open Data Registry entry)	CC BY 4.0 for climate; no venue data for this country	partial, seasonality only and nowhere named	high, the answer differs by city and by activity; Tokyo in July suits swimming and defeats running	HIGH_THIN_CONTENT_RISK	low	medium	out_of_window	medium	NEEDS_DATA	no venue data for this country, so the page can only describe seasonality and cannot name anywhere to go	DEMAND_UNMEASURED	0/1980	
C003909	/fr/sport/istanbul-hiking/	sport	sport.city-season	city-activity-seasonality	745044:hiking	Istanbul hiking		TR		Istanbul	fr	fr-FR							no										none		nasa-power-daily	partial	CC BY 4.0; 'There are no restrictions on the use, access, and/or download of data from the NASA POWER Project' (AWS Open Data Registry entry)	CC BY 4.0 for climate; no venue data for this country	partial, seasonality only and nowhere named	high, the answer differs by city and by activity; Tokyo in July suits swimming and defeats running	HIGH_THIN_CONTENT_RISK	low	medium	out_of_window	medium	NEEDS_DATA	no venue data for this country, so the page can only describe seasonality and cannot name anywhere to go	DEMAND_UNMEASURED	0/1980	
C003910	/it/sport/istanbul-hiking/	sport	sport.city-season	city-activity-seasonality	745044:hiking	Istanbul hiking		TR		Istanbul	it	it-IT							no										none		nasa-power-daily	partial	CC BY 4.0; 'There are no restrictions on the use, access, and/or download of data from the NASA POWER Project' (AWS Open Data Registry entry)	CC BY 4.0 for climate; no venue data for this country	partial, seasonality only and nowhere named	high, the answer differs by city and by activity; Tokyo in July suits swimming and defeats running	HIGH_THIN_CONTENT_RISK	low	medium	out_of_window	medium	NEEDS_DATA	no venue data for this country, so the page can only describe seasonality and cannot name anywhere to go	DEMAND_UNMEASURED	0/1980	
C003911	/ja/sport/istanbul-hiking/	sport	sport.city-season	city-activity-seasonality	745044:hiking	Istanbul hiking		TR		Istanbul	ja	ja-JP							no										none		nasa-power-daily	partial	CC BY 4.0; 'There are no restrictions on the use, access, and/or download of data from the NASA POWER Project' (AWS Open Data Registry entry)	CC BY 4.0 for climate; no venue data for this country	partial, seasonality only and nowhere named	high, the answer differs by city and by activity; Tokyo in July suits swimming and defeats running	HIGH_THIN_CONTENT_RISK	low	medium	out_of_window	medium	NEEDS_DATA	no venue data for this country, so the page can only describe seasonality and cannot name anywhere to go	DEMAND_UNMEASURED	0/1980	
C003912	/nl/sport/istanbul-hiking/	sport	sport.city-season	city-activity-seasonality	745044:hiking	Istanbul hiking		TR		Istanbul	nl	nl-NL							no										none		nasa-power-daily	partial	CC BY 4.0; 'There are no restrictions on the use, access, and/or download of data from the NASA POWER Project' (AWS Open Data Registry entry)	CC BY 4.0 for climate; no venue data for this country	partial, seasonality only and nowhere named	high, the answer differs by city and by activity; Tokyo in July suits swimming and defeats running	HIGH_THIN_CONTENT_RISK	low	medium	out_of_window	medium	NEEDS_DATA	no venue data for this country, so the page can only describe seasonality and cannot name anywhere to go	DEMAND_UNMEASURED	0/1980	
C003913	/pl/sport/istanbul-hiking/	sport	sport.city-season	city-activity-seasonality	745044:hiking	Istanbul hiking		TR		Istanbul	pl	pl-PL							no										none		nasa-power-daily	partial	CC BY 4.0; 'There are no restrictions on the use, access, and/or download of data from the NASA POWER Project' (AWS Open Data Registry entry)	CC BY 4.0 for climate; no venue data for this country	partial, seasonality only and nowhere named	high, the answer differs by city and by activity; Tokyo in July suits swimming and defeats running	HIGH_THIN_CONTENT_RISK	low	medium	out_of_window	medium	NEEDS_DATA	no venue data for this country, so the page can only describe seasonality and cannot name anywhere to go	DEMAND_UNMEASURED	0/1980	
C003914	/pt/desporto/istanbul-hiking/	sport	sport.city-season	city-activity-seasonality	745044:hiking	Istanbul hiking		TR		Istanbul	pt	pt-BR							no										none		nasa-power-daily	partial	CC BY 4.0; 'There are no restrictions on the use, access, and/or download of data from the NASA POWER Project' (AWS Open Data Registry entry)	CC BY 4.0 for climate; no venue data for this country	partial, seasonality only and nowhere named	high, the answer differs by city and by activity; Tokyo in July suits swimming and defeats running	HIGH_THIN_CONTENT_RISK	low	medium	out_of_window	medium	NEEDS_DATA	no venue data for this country, so the page can only describe seasonality and cannot name anywhere to go	DEMAND_UNMEASURED	0/1980	
C003915	/de/sport/istanbul-swimming/	sport	sport.city-season	city-activity-seasonality	745044:swimming	Istanbul swimming		TR		Istanbul	de	de-DE							no										none		nasa-power-daily	partial	CC BY 4.0; 'There are no restrictions on the use, access, and/or download of data from the NASA POWER Project' (AWS Open Data Registry entry)	CC BY 4.0 for climate; no venue data for this country	partial, seasonality only and nowhere named	high, the answer differs by city and by activity; Tokyo in July suits swimming and defeats running	HIGH_THIN_CONTENT_RISK	low	medium	out_of_window	medium	NEEDS_DATA	no venue data for this country, so the page can only describe seasonality and cannot name anywhere to go	DEMAND_UNMEASURED	0/1980	
C003916	/en/sport/istanbul-swimming/	sport	sport.city-season	city-activity-seasonality	745044:swimming	Istanbul swimming		TR		Istanbul	en	en-US							no										none		nasa-power-daily	partial	CC BY 4.0; 'There are no restrictions on the use, access, and/or download of data from the NASA POWER Project' (AWS Open Data Registry entry)	CC BY 4.0 for climate; no venue data for this country	partial, seasonality only and nowhere named	high, the answer differs by city and by activity; Tokyo in July suits swimming and defeats running	HIGH_THIN_CONTENT_RISK	low	medium	out_of_window	medium	NEEDS_DATA	no venue data for this country, so the page can only describe seasonality and cannot name anywhere to go	DEMAND_UNMEASURED	0/1980	
C003917	/es/deporte/istanbul-swimming/	sport	sport.city-season	city-activity-seasonality	745044:swimming	Istanbul swimming		TR		Istanbul	es	es-ES							no										none		nasa-power-daily	partial	CC BY 4.0; 'There are no restrictions on the use, access, and/or download of data from the NASA POWER Project' (AWS Open Data Registry entry)	CC BY 4.0 for climate; no venue data for this country	partial, seasonality only and nowhere named	high, the answer differs by city and by activity; Tokyo in July suits swimming and defeats running	HIGH_THIN_CONTENT_RISK	low	medium	out_of_window	medium	NEEDS_DATA	no venue data for this country, so the page can only describe seasonality and cannot name anywhere to go	DEMAND_UNMEASURED	0/1980	
C003918	/fr/sport/istanbul-swimming/	sport	sport.city-season	city-activity-seasonality	745044:swimming	Istanbul swimming		TR		Istanbul	fr	fr-FR							no										none		nasa-power-daily	partial	CC BY 4.0; 'There are no restrictions on the use, access, and/or download of data from the NASA POWER Project' (AWS Open Data Registry entry)	CC BY 4.0 for climate; no venue data for this country	partial, seasonality only and nowhere named	high, the answer differs by city and by activity; Tokyo in July suits swimming and defeats running	HIGH_THIN_CONTENT_RISK	low	medium	out_of_window	medium	NEEDS_DATA	no venue data for this country, so the page can only describe seasonality and cannot name anywhere to go	DEMAND_UNMEASURED	0/1980	
C003919	/it/sport/istanbul-swimming/	sport	sport.city-season	city-activity-seasonality	745044:swimming	Istanbul swimming		TR		Istanbul	it	it-IT							no										none		nasa-power-daily	partial	CC BY 4.0; 'There are no restrictions on the use, access, and/or download of data from the NASA POWER Project' (AWS Open Data Registry entry)	CC BY 4.0 for climate; no venue data for this country	partial, seasonality only and nowhere named	high, the answer differs by city and by activity; Tokyo in July suits swimming and defeats running	HIGH_THIN_CONTENT_RISK	low	medium	out_of_window	medium	NEEDS_DATA	no venue data for this country, so the page can only describe seasonality and cannot name anywhere to go	DEMAND_UNMEASURED	0/1980	
C003920	/ja/sport/istanbul-swimming/	sport	sport.city-season	city-activity-seasonality	745044:swimming	Istanbul swimming		TR		Istanbul	ja	ja-JP							no										none		nasa-power-daily	partial	CC BY 4.0; 'There are no restrictions on the use, access, and/or download of data from the NASA POWER Project' (AWS Open Data Registry entry)	CC BY 4.0 for climate; no venue data for this country	partial, seasonality only and nowhere named	high, the answer differs by city and by activity; Tokyo in July suits swimming and defeats running	HIGH_THIN_CONTENT_RISK	low	medium	out_of_window	medium	NEEDS_DATA	no venue data for this country, so the page can only describe seasonality and cannot name anywhere to go	DEMAND_UNMEASURED	0/1980	
C003921	/nl/sport/istanbul-swimming/	sport	sport.city-season	city-activity-seasonality	745044:swimming	Istanbul swimming		TR		Istanbul	nl	nl-NL							no										none		nasa-power-daily	partial	CC BY 4.0; 'There are no restrictions on the use, access, and/or download of data from the NASA POWER Project' (AWS Open Data Registry entry)	CC BY 4.0 for climate; no venue data for this country	partial, seasonality only and nowhere named	high, the answer differs by city and by activity; Tokyo in July suits swimming and defeats running	HIGH_THIN_CONTENT_RISK	low	medium	out_of_window	medium	NEEDS_DATA	no venue data for this country, so the page can only describe seasonality and cannot name anywhere to go	DEMAND_UNMEASURED	0/1980	
C003922	/pl/sport/istanbul-swimming/	sport	sport.city-season	city-activity-seasonality	745044:swimming	Istanbul swimming		TR		Istanbul	pl	pl-PL							no										none		nasa-power-daily	partial	CC BY 4.0; 'There are no restrictions on the use, access, and/or download of data from the NASA POWER Project' (AWS Open Data Registry entry)	CC BY 4.0 for climate; no venue data for this country	partial, seasonality only and nowhere named	high, the answer differs by city and by activity; Tokyo in July suits swimming and defeats running	HIGH_THIN_CONTENT_RISK	low	medium	out_of_window	medium	NEEDS_DATA	no venue data for this country, so the page can only describe seasonality and cannot name anywhere to go	DEMAND_UNMEASURED	0/1980	
C003923	/pt/desporto/istanbul-swimming/	sport	sport.city-season	city-activity-seasonality	745044:swimming	Istanbul swimming		TR		Istanbul	pt	pt-BR							no										none		nasa-power-daily	partial	CC BY 4.0; 'There are no restrictions on the use, access, and/or download of data from the NASA POWER Project' (AWS Open Data Registry entry)	CC BY 4.0 for climate; no venue data for this country	partial, seasonality only and nowhere named	high, the answer differs by city and by activity; Tokyo in July suits swimming and defeats running	HIGH_THIN_CONTENT_RISK	low	medium	out_of_window	medium	NEEDS_DATA	no venue data for this country, so the page can only describe seasonality and cannot name anywhere to go	DEMAND_UNMEASURED	0/1980	
C003996	/de/sport/ho-chi-minh-city-running/	sport	sport.city-season	city-activity-seasonality	1566083:running	Ho Chi Minh City running		VN		Ho Chi Minh City	de	de-DE							no										none		nasa-power-daily	partial	CC BY 4.0; 'There are no restrictions on the use, access, and/or download of data from the NASA POWER Project' (AWS Open Data Registry entry)	CC BY 4.0 for climate; no venue data for this country	partial, seasonality only and nowhere named	high, the answer differs by city and by activity; Tokyo in July suits swimming and defeats running	HIGH_THIN_CONTENT_RISK	low	medium	out_of_window	medium	NEEDS_DATA	no venue data for this country, so the page can only describe seasonality and cannot name anywhere to go	DEMAND_UNMEASURED	0/1980	
C003997	/en/sport/ho-chi-minh-city-running/	sport	sport.city-season	city-activity-seasonality	1566083:running	Ho Chi Minh City running		VN		Ho Chi Minh City	en	en-US							no										none		nasa-power-daily	partial	CC BY 4.0; 'There are no restrictions on the use, access, and/or download of data from the NASA POWER Project' (AWS Open Data Registry entry)	CC BY 4.0 for climate; no venue data for this country	partial, seasonality only and nowhere named	high, the answer differs by city and by activity; Tokyo in July suits swimming and defeats running	HIGH_THIN_CONTENT_RISK	low	medium	out_of_window	medium	NEEDS_DATA	no venue data for this country, so the page can only describe seasonality and cannot name anywhere to go	DEMAND_UNMEASURED	0/1980	
C003998	/es/deporte/ho-chi-minh-city-running/	sport	sport.city-season	city-activity-seasonality	1566083:running	Ho Chi Minh City running		VN		Ho Chi Minh City	es	es-ES							no										none		nasa-power-daily	partial	CC BY 4.0; 'There are no restrictions on the use, access, and/or download of data from the NASA POWER Project' (AWS Open Data Registry entry)	CC BY 4.0 for climate; no venue data for this country	partial, seasonality only and nowhere named	high, the answer differs by city and by activity; Tokyo in July suits swimming and defeats running	HIGH_THIN_CONTENT_RISK	low	medium	out_of_window	medium	NEEDS_DATA	no venue data for this country, so the page can only describe seasonality and cannot name anywhere to go	DEMAND_UNMEASURED	0/1980	
C003999	/fr/sport/ho-chi-minh-city-running/	sport	sport.city-season	city-activity-seasonality	1566083:running	Ho Chi Minh City running		VN		Ho Chi Minh City	fr	fr-FR							no										none		nasa-power-daily	partial	CC BY 4.0; 'There are no restrictions on the use, access, and/or download of data from the NASA POWER Project' (AWS Open Data Registry entry)	CC BY 4.0 for climate; no venue data for this country	partial, seasonality only and nowhere named	high, the answer differs by city and by activity; Tokyo in July suits swimming and defeats running	HIGH_THIN_CONTENT_RISK	low	medium	out_of_window	medium	NEEDS_DATA	no venue data for this country, so the page can only describe seasonality and cannot name anywhere to go	DEMAND_UNMEASURED	0/1980	
C004000	/it/sport/ho-chi-minh-city-running/	sport	sport.city-season	city-activity-seasonality	1566083:running	Ho Chi Minh City running		VN		Ho Chi Minh City	it	it-IT							no										none		nasa-power-daily	partial	CC BY 4.0; 'There are no restrictions on the use, access, and/or download of data from the NASA POWER Project' (AWS Open Data Registry entry)	CC BY 4.0 for climate; no venue data for this country	partial, seasonality only and nowhere named	high, the answer differs by city and by activity; Tokyo in July suits swimming and defeats running	HIGH_THIN_CONTENT_RISK	low	medium	out_of_window	medium	NEEDS_DATA	no venue data for this country, so the page can only describe seasonality and cannot name anywhere to go	DEMAND_UNMEASURED	0/1980	
C004001	/ja/sport/ho-chi-minh-city-running/	sport	sport.city-season	city-activity-seasonality	1566083:running	Ho Chi Minh City running		VN		Ho Chi Minh City	ja	ja-JP							no										none		nasa-power-daily	partial	CC BY 4.0; 'There are no restrictions on the use, access, and/or download of data from the NASA POWER Project' (AWS Open Data Registry entry)	CC BY 4.0 for climate; no venue data for this country	partial, seasonality only and nowhere named	high, the answer differs by city and by activity; Tokyo in July suits swimming and defeats running	HIGH_THIN_CONTENT_RISK	low	medium	out_of_window	medium	NEEDS_DATA	no venue data for this country, so the page can only describe seasonality and cannot name anywhere to go	DEMAND_UNMEASURED	0/1980	
C004002	/nl/sport/ho-chi-minh-city-running/	sport	sport.city-season	city-activity-seasonality	1566083:running	Ho Chi Minh City running		VN		Ho Chi Minh City	nl	nl-NL							no										none		nasa-power-daily	partial	CC BY 4.0; 'There are no restrictions on the use, access, and/or download of data from the NASA POWER Project' (AWS Open Data Registry entry)	CC BY 4.0 for climate; no venue data for this country	partial, seasonality only and nowhere named	high, the answer differs by city and by activity; Tokyo in July suits swimming and defeats running	HIGH_THIN_CONTENT_RISK	low	medium	out_of_window	medium	NEEDS_DATA	no venue data for this country, so the page can only describe seasonality and cannot name anywhere to go	DEMAND_UNMEASURED	0/1980	
C004003	/pl/sport/ho-chi-minh-city-running/	sport	sport.city-season	city-activity-seasonality	1566083:running	Ho Chi Minh City running		VN		Ho Chi Minh City	pl	pl-PL							no										none		nasa-power-daily	partial	CC BY 4.0; 'There are no restrictions on the use, access, and/or download of data from the NASA POWER Project' (AWS Open Data Registry entry)	CC BY 4.0 for climate; no venue data for this country	partial, seasonality only and nowhere named	high, the answer differs by city and by activity; Tokyo in July suits swimming and defeats running	HIGH_THIN_CONTENT_RISK	low	medium	out_of_window	medium	NEEDS_DATA	no venue data for this country, so the page can only describe seasonality and cannot name anywhere to go	DEMAND_UNMEASURED	0/1980	
C004004	/pt/desporto/ho-chi-minh-city-running/	sport	sport.city-season	city-activity-seasonality	1566083:running	Ho Chi Minh City running		VN		Ho Chi Minh City	pt	pt-BR							no										none		nasa-power-daily	partial	CC BY 4.0; 'There are no restrictions on the use, access, and/or download of data from the NASA POWER Project' (AWS Open Data Registry entry)	CC BY 4.0 for climate; no venue data for this country	partial, seasonality only and nowhere named	high, the answer differs by city and by activity; Tokyo in July suits swimming and defeats running	HIGH_THIN_CONTENT_RISK	low	medium	out_of_window	medium	NEEDS_DATA	no venue data for this country, so the page can only describe seasonality and cannot name anywhere to go	DEMAND_UNMEASURED	0/1980	
C004005	/de/sport/ho-chi-minh-city-cycling/	sport	sport.city-season	city-activity-seasonality	1566083:cycling	Ho Chi Minh City cycling		VN		Ho Chi Minh City	de	de-DE							no										none		nasa-power-daily	partial	CC BY 4.0; 'There are no restrictions on the use, access, and/or download of data from the NASA POWER Project' (AWS Open Data Registry entry)	CC BY 4.0 for climate; no venue data for this country	partial, seasonality only and nowhere named	high, the answer differs by city and by activity; Tokyo in July suits swimming and defeats running	HIGH_THIN_CONTENT_RISK	low	medium	out_of_window	medium	NEEDS_DATA	no venue data for this country, so the page can only describe seasonality and cannot name anywhere to go	DEMAND_UNMEASURED	0/1980	
C004006	/en/sport/ho-chi-minh-city-cycling/	sport	sport.city-season	city-activity-seasonality	1566083:cycling	Ho Chi Minh City cycling		VN		Ho Chi Minh City	en	en-US							no										none		nasa-power-daily	partial	CC BY 4.0; 'There are no restrictions on the use, access, and/or download of data from the NASA POWER Project' (AWS Open Data Registry entry)	CC BY 4.0 for climate; no venue data for this country	partial, seasonality only and nowhere named	high, the answer differs by city and by activity; Tokyo in July suits swimming and defeats running	HIGH_THIN_CONTENT_RISK	low	medium	out_of_window	medium	NEEDS_DATA	no venue data for this country, so the page can only describe seasonality and cannot name anywhere to go	DEMAND_UNMEASURED	0/1980	
C004007	/es/deporte/ho-chi-minh-city-cycling/	sport	sport.city-season	city-activity-seasonality	1566083:cycling	Ho Chi Minh City cycling		VN		Ho Chi Minh City	es	es-ES							no										none		nasa-power-daily	partial	CC BY 4.0; 'There are no restrictions on the use, access, and/or download of data from the NASA POWER Project' (AWS Open Data Registry entry)	CC BY 4.0 for climate; no venue data for this country	partial, seasonality only and nowhere named	high, the answer differs by city and by activity; Tokyo in July suits swimming and defeats running	HIGH_THIN_CONTENT_RISK	low	medium	out_of_window	medium	NEEDS_DATA	no venue data for this country, so the page can only describe seasonality and cannot name anywhere to go	DEMAND_UNMEASURED	0/1980	
C004008	/fr/sport/ho-chi-minh-city-cycling/	sport	sport.city-season	city-activity-seasonality	1566083:cycling	Ho Chi Minh City cycling		VN		Ho Chi Minh City	fr	fr-FR							no										none		nasa-power-daily	partial	CC BY 4.0; 'There are no restrictions on the use, access, and/or download of data from the NASA POWER Project' (AWS Open Data Registry entry)	CC BY 4.0 for climate; no venue data for this country	partial, seasonality only and nowhere named	high, the answer differs by city and by activity; Tokyo in July suits swimming and defeats running	HIGH_THIN_CONTENT_RISK	low	medium	out_of_window	medium	NEEDS_DATA	no venue data for this country, so the page can only describe seasonality and cannot name anywhere to go	DEMAND_UNMEASURED	0/1980	
C004009	/it/sport/ho-chi-minh-city-cycling/	sport	sport.city-season	city-activity-seasonality	1566083:cycling	Ho Chi Minh City cycling		VN		Ho Chi Minh City	it	it-IT							no										none		nasa-power-daily	partial	CC BY 4.0; 'There are no restrictions on the use, access, and/or download of data from the NASA POWER Project' (AWS Open Data Registry entry)	CC BY 4.0 for climate; no venue data for this country	partial, seasonality only and nowhere named	high, the answer differs by city and by activity; Tokyo in July suits swimming and defeats running	HIGH_THIN_CONTENT_RISK	low	medium	out_of_window	medium	NEEDS_DATA	no venue data for this country, so the page can only describe seasonality and cannot name anywhere to go	DEMAND_UNMEASURED	0/1980	
C004010	/ja/sport/ho-chi-minh-city-cycling/	sport	sport.city-season	city-activity-seasonality	1566083:cycling	Ho Chi Minh City cycling		VN		Ho Chi Minh City	ja	ja-JP							no										none		nasa-power-daily	partial	CC BY 4.0; 'There are no restrictions on the use, access, and/or download of data from the NASA POWER Project' (AWS Open Data Registry entry)	CC BY 4.0 for climate; no venue data for this country	partial, seasonality only and nowhere named	high, the answer differs by city and by activity; Tokyo in July suits swimming and defeats running	HIGH_THIN_CONTENT_RISK	low	medium	out_of_window	medium	NEEDS_DATA	no venue data for this country, so the page can only describe seasonality and cannot name anywhere to go	DEMAND_UNMEASURED	0/1980	
C004011	/nl/sport/ho-chi-minh-city-cycling/	sport	sport.city-season	city-activity-seasonality	1566083:cycling	Ho Chi Minh City cycling		VN		Ho Chi Minh City	nl	nl-NL							no										none		nasa-power-daily	partial	CC BY 4.0; 'There are no restrictions on the use, access, and/or download of data from the NASA POWER Project' (AWS Open Data Registry entry)	CC BY 4.0 for climate; no venue data for this country	partial, seasonality only and nowhere named	high, the answer differs by city and by activity; Tokyo in July suits swimming and defeats running	HIGH_THIN_CONTENT_RISK	low	medium	out_of_window	medium	NEEDS_DATA	no venue data for this country, so the page can only describe seasonality and cannot name anywhere to go	DEMAND_UNMEASURED	0/1980	
C004012	/pl/sport/ho-chi-minh-city-cycling/	sport	sport.city-season	city-activity-seasonality	1566083:cycling	Ho Chi Minh City cycling		VN		Ho Chi Minh City	pl	pl-PL							no										none		nasa-power-daily	partial	CC BY 4.0; 'There are no restrictions on the use, access, and/or download of data from the NASA POWER Project' (AWS Open Data Registry entry)	CC BY 4.0 for climate; no venue data for this country	partial, seasonality only and nowhere named	high, the answer differs by city and by activity; Tokyo in July suits swimming and defeats running	HIGH_THIN_CONTENT_RISK	low	medium	out_of_window	medium	NEEDS_DATA	no venue data for this country, so the page can only describe seasonality and cannot name anywhere to go	DEMAND_UNMEASURED	0/1980	
C004013	/pt/desporto/ho-chi-minh-city-cycling/	sport	sport.city-season	city-activity-seasonality	1566083:cycling	Ho Chi Minh City cycling		VN		Ho Chi Minh City	pt	pt-BR							no										none		nasa-power-daily	partial	CC BY 4.0; 'There are no restrictions on the use, access, and/or download of data from the NASA POWER Project' (AWS Open Data Registry entry)	CC BY 4.0 for climate; no venue data for this country	partial, seasonality only and nowhere named	high, the answer differs by city and by activity; Tokyo in July suits swimming and defeats running	HIGH_THIN_CONTENT_RISK	low	medium	out_of_window	medium	NEEDS_DATA	no venue data for this country, so the page can only describe seasonality and cannot name anywhere to go	DEMAND_UNMEASURED	0/1980	
C004014	/de/sport/ho-chi-minh-city-hiking/	sport	sport.city-season	city-activity-seasonality	1566083:hiking	Ho Chi Minh City hiking		VN		Ho Chi Minh City	de	de-DE							no										none		nasa-power-daily	partial	CC BY 4.0; 'There are no restrictions on the use, access, and/or download of data from the NASA POWER Project' (AWS Open Data Registry entry)	CC BY 4.0 for climate; no venue data for this country	partial, seasonality only and nowhere named	high, the answer differs by city and by activity; Tokyo in July suits swimming and defeats running	HIGH_THIN_CONTENT_RISK	low	medium	out_of_window	medium	NEEDS_DATA	no venue data for this country, so the page can only describe seasonality and cannot name anywhere to go	DEMAND_UNMEASURED	0/1980	
C004015	/en/sport/ho-chi-minh-city-hiking/	sport	sport.city-season	city-activity-seasonality	1566083:hiking	Ho Chi Minh City hiking		VN		Ho Chi Minh City	en	en-US							no										none		nasa-power-daily	partial	CC BY 4.0; 'There are no restrictions on the use, access, and/or download of data from the NASA POWER Project' (AWS Open Data Registry entry)	CC BY 4.0 for climate; no venue data for this country	partial, seasonality only and nowhere named	high, the answer differs by city and by activity; Tokyo in July suits swimming and defeats running	HIGH_THIN_CONTENT_RISK	low	medium	out_of_window	medium	NEEDS_DATA	no venue data for this country, so the page can only describe seasonality and cannot name anywhere to go	DEMAND_UNMEASURED	0/1980	
C004016	/es/deporte/ho-chi-minh-city-hiking/	sport	sport.city-season	city-activity-seasonality	1566083:hiking	Ho Chi Minh City hiking		VN		Ho Chi Minh City	es	es-ES							no										none		nasa-power-daily	partial	CC BY 4.0; 'There are no restrictions on the use, access, and/or download of data from the NASA POWER Project' (AWS Open Data Registry entry)	CC BY 4.0 for climate; no venue data for this country	partial, seasonality only and nowhere named	high, the answer differs by city and by activity; Tokyo in July suits swimming and defeats running	HIGH_THIN_CONTENT_RISK	low	medium	out_of_window	medium	NEEDS_DATA	no venue data for this country, so the page can only describe seasonality and cannot name anywhere to go	DEMAND_UNMEASURED	0/1980	
C004017	/fr/sport/ho-chi-minh-city-hiking/	sport	sport.city-season	city-activity-seasonality	1566083:hiking	Ho Chi Minh City hiking		VN		Ho Chi Minh City	fr	fr-FR							no										none		nasa-power-daily	partial	CC BY 4.0; 'There are no restrictions on the use, access, and/or download of data from the NASA POWER Project' (AWS Open Data Registry entry)	CC BY 4.0 for climate; no venue data for this country	partial, seasonality only and nowhere named	high, the answer differs by city and by activity; Tokyo in July suits swimming and defeats running	HIGH_THIN_CONTENT_RISK	low	medium	out_of_window	medium	NEEDS_DATA	no venue data for this country, so the page can only describe seasonality and cannot name anywhere to go	DEMAND_UNMEASURED	0/1980	
C004018	/it/sport/ho-chi-minh-city-hiking/	sport	sport.city-season	city-activity-seasonality	1566083:hiking	Ho Chi Minh City hiking		VN		Ho Chi Minh City	it	it-IT							no										none		nasa-power-daily	partial	CC BY 4.0; 'There are no restrictions on the use, access, and/or download of data from the NASA POWER Project' (AWS Open Data Registry entry)	CC BY 4.0 for climate; no venue data for this country	partial, seasonality only and nowhere named	high, the answer differs by city and by activity; Tokyo in July suits swimming and defeats running	HIGH_THIN_CONTENT_RISK	low	medium	out_of_window	medium	NEEDS_DATA	no venue data for this country, so the page can only describe seasonality and cannot name anywhere to go	DEMAND_UNMEASURED	0/1980	
C004019	/ja/sport/ho-chi-minh-city-hiking/	sport	sport.city-season	city-activity-seasonality	1566083:hiking	Ho Chi Minh City hiking		VN		Ho Chi Minh City	ja	ja-JP							no										none		nasa-power-daily	partial	CC BY 4.0; 'There are no restrictions on the use, access, and/or download of data from the NASA POWER Project' (AWS Open Data Registry entry)	CC BY 4.0 for climate; no venue data for this country	partial, seasonality only and nowhere named	high, the answer differs by city and by activity; Tokyo in July suits swimming and defeats running	HIGH_THIN_CONTENT_RISK	low	medium	out_of_window	medium	NEEDS_DATA	no venue data for this country, so the page can only describe seasonality and cannot name anywhere to go	DEMAND_UNMEASURED	0/1980	
C004020	/nl/sport/ho-chi-minh-city-hiking/	sport	sport.city-season	city-activity-seasonality	1566083:hiking	Ho Chi Minh City hiking		VN		Ho Chi Minh City	nl	nl-NL							no										none		nasa-power-daily	partial	CC BY 4.0; 'There are no restrictions on the use, access, and/or download of data from the NASA POWER Project' (AWS Open Data Registry entry)	CC BY 4.0 for climate; no venue data for this country	partial, seasonality only and nowhere named	high, the answer differs by city and by activity; Tokyo in July suits swimming and defeats running	HIGH_THIN_CONTENT_RISK	low	medium	out_of_window	medium	NEEDS_DATA	no venue data for this country, so the page can only describe seasonality and cannot name anywhere to go	DEMAND_UNMEASURED	0/1980	
C004021	/pl/sport/ho-chi-minh-city-hiking/	sport	sport.city-season	city-activity-seasonality	1566083:hiking	Ho Chi Minh City hiking		VN		Ho Chi Minh City	pl	pl-PL							no										none		nasa-power-daily	partial	CC BY 4.0; 'There are no restrictions on the use, access, and/or download of data from the NASA POWER Project' (AWS Open Data Registry entry)	CC BY 4.0 for climate; no venue data for this country	partial, seasonality only and nowhere named	high, the answer differs by city and by activity; Tokyo in July suits swimming and defeats running	HIGH_THIN_CONTENT_RISK	low	medium	out_of_window	medium	NEEDS_DATA	no venue data for this country, so the page can only describe seasonality and cannot name anywhere to go	DEMAND_UNMEASURED	0/1980	
C004022	/pt/desporto/ho-chi-minh-city-hiking/	sport	sport.city-season	city-activity-seasonality	1566083:hiking	Ho Chi Minh City hiking		VN		Ho Chi Minh City	pt	pt-BR							no										none		nasa-power-daily	partial	CC BY 4.0; 'There are no restrictions on the use, access, and/or download of data from the NASA POWER Project' (AWS Open Data Registry entry)	CC BY 4.0 for climate; no venue data for this country	partial, seasonality only and nowhere named	high, the answer differs by city and by activity; Tokyo in July suits swimming and defeats running	HIGH_THIN_CONTENT_RISK	low	medium	out_of_window	medium	NEEDS_DATA	no venue data for this country, so the page can only describe seasonality and cannot name anywhere to go	DEMAND_UNMEASURED	0/1980	
C004023	/de/sport/ho-chi-minh-city-swimming/	sport	sport.city-season	city-activity-seasonality	1566083:swimming	Ho Chi Minh City swimming		VN		Ho Chi Minh City	de	de-DE							no										none		nasa-power-daily	partial	CC BY 4.0; 'There are no restrictions on the use, access, and/or download of data from the NASA POWER Project' (AWS Open Data Registry entry)	CC BY 4.0 for climate; no venue data for this country	partial, seasonality only and nowhere named	high, the answer differs by city and by activity; Tokyo in July suits swimming and defeats running	HIGH_THIN_CONTENT_RISK	low	medium	out_of_window	medium	NEEDS_DATA	no venue data for this country, so the page can only describe seasonality and cannot name anywhere to go	DEMAND_UNMEASURED	0/1980	
C004024	/en/sport/ho-chi-minh-city-swimming/	sport	sport.city-season	city-activity-seasonality	1566083:swimming	Ho Chi Minh City swimming		VN		Ho Chi Minh City	en	en-US							no										none		nasa-power-daily	partial	CC BY 4.0; 'There are no restrictions on the use, access, and/or download of data from the NASA POWER Project' (AWS Open Data Registry entry)	CC BY 4.0 for climate; no venue data for this country	partial, seasonality only and nowhere named	high, the answer differs by city and by activity; Tokyo in July suits swimming and defeats running	HIGH_THIN_CONTENT_RISK	low	medium	out_of_window	medium	NEEDS_DATA	no venue data for this country, so the page can only describe seasonality and cannot name anywhere to go	DEMAND_UNMEASURED	0/1980	
C004025	/es/deporte/ho-chi-minh-city-swimming/	sport	sport.city-season	city-activity-seasonality	1566083:swimming	Ho Chi Minh City swimming		VN		Ho Chi Minh City	es	es-ES							no										none		nasa-power-daily	partial	CC BY 4.0; 'There are no restrictions on the use, access, and/or download of data from the NASA POWER Project' (AWS Open Data Registry entry)	CC BY 4.0 for climate; no venue data for this country	partial, seasonality only and nowhere named	high, the answer differs by city and by activity; Tokyo in July suits swimming and defeats running	HIGH_THIN_CONTENT_RISK	low	medium	out_of_window	medium	NEEDS_DATA	no venue data for this country, so the page can only describe seasonality and cannot name anywhere to go	DEMAND_UNMEASURED	0/1980	
C004026	/fr/sport/ho-chi-minh-city-swimming/	sport	sport.city-season	city-activity-seasonality	1566083:swimming	Ho Chi Minh City swimming		VN		Ho Chi Minh City	fr	fr-FR							no										none		nasa-power-daily	partial	CC BY 4.0; 'There are no restrictions on the use, access, and/or download of data from the NASA POWER Project' (AWS Open Data Registry entry)	CC BY 4.0 for climate; no venue data for this country	partial, seasonality only and nowhere named	high, the answer differs by city and by activity; Tokyo in July suits swimming and defeats running	HIGH_THIN_CONTENT_RISK	low	medium	out_of_window	medium	NEEDS_DATA	no venue data for this country, so the page can only describe seasonality and cannot name anywhere to go	DEMAND_UNMEASURED	0/1980	
C004027	/it/sport/ho-chi-minh-city-swimming/	sport	sport.city-season	city-activity-seasonality	1566083:swimming	Ho Chi Minh City swimming		VN		Ho Chi Minh City	it	it-IT							no										none		nasa-power-daily	partial	CC BY 4.0; 'There are no restrictions on the use, access, and/or download of data from the NASA POWER Project' (AWS Open Data Registry entry)	CC BY 4.0 for climate; no venue data for this country	partial, seasonality only and nowhere named	high, the answer differs by city and by activity; Tokyo in July suits swimming and defeats running	HIGH_THIN_CONTENT_RISK	low	medium	out_of_window	medium	NEEDS_DATA	no venue data for this country, so the page can only describe seasonality and cannot name anywhere to go	DEMAND_UNMEASURED	0/1980	
C004028	/ja/sport/ho-chi-minh-city-swimming/	sport	sport.city-season	city-activity-seasonality	1566083:swimming	Ho Chi Minh City swimming		VN		Ho Chi Minh City	ja	ja-JP							no										none		nasa-power-daily	partial	CC BY 4.0; 'There are no restrictions on the use, access, and/or download of data from the NASA POWER Project' (AWS Open Data Registry entry)	CC BY 4.0 for climate; no venue data for this country	partial, seasonality only and nowhere named	high, the answer differs by city and by activity; Tokyo in July suits swimming and defeats running	HIGH_THIN_CONTENT_RISK	low	medium	out_of_window	medium	NEEDS_DATA	no venue data for this country, so the page can only describe seasonality and cannot name anywhere to go	DEMAND_UNMEASURED	0/1980	
C004029	/nl/sport/ho-chi-minh-city-swimming/	sport	sport.city-season	city-activity-seasonality	1566083:swimming	Ho Chi Minh City swimming		VN		Ho Chi Minh City	nl	nl-NL							no										none		nasa-power-daily	partial	CC BY 4.0; 'There are no restrictions on the use, access, and/or download of data from the NASA POWER Project' (AWS Open Data Registry entry)	CC BY 4.0 for climate; no venue data for this country	partial, seasonality only and nowhere named	high, the answer differs by city and by activity; Tokyo in July suits swimming and defeats running	HIGH_THIN_CONTENT_RISK	low	medium	out_of_window	medium	NEEDS_DATA	no venue data for this country, so the page can only describe seasonality and cannot name anywhere to go	DEMAND_UNMEASURED	0/1980	
C004030	/pl/sport/ho-chi-minh-city-swimming/	sport	sport.city-season	city-activity-seasonality	1566083:swimming	Ho Chi Minh City swimming		VN		Ho Chi Minh City	pl	pl-PL							no										none		nasa-power-daily	partial	CC BY 4.0; 'There are no restrictions on the use, access, and/or download of data from the NASA POWER Project' (AWS Open Data Registry entry)	CC BY 4.0 for climate; no venue data for this country	partial, seasonality only and nowhere named	high, the answer differs by city and by activity; Tokyo in July suits swimming and defeats running	HIGH_THIN_CONTENT_RISK	low	medium	out_of_window	medium	NEEDS_DATA	no venue data for this country, so the page can only describe seasonality and cannot name anywhere to go	DEMAND_UNMEASURED	0/1980	
C004031	/pt/desporto/ho-chi-minh-city-swimming/	sport	sport.city-season	city-activity-seasonality	1566083:swimming	Ho Chi Minh City swimming		VN		Ho Chi Minh City	pt	pt-BR							no										none		nasa-power-daily	partial	CC BY 4.0; 'There are no restrictions on the use, access, and/or download of data from the NASA POWER Project' (AWS Open Data Registry entry)	CC BY 4.0 for climate; no venue data for this country	partial, seasonality only and nowhere named	high, the answer differs by city and by activity; Tokyo in July suits swimming and defeats running	HIGH_THIN_CONTENT_RISK	low	medium	out_of_window	medium	NEEDS_DATA	no venue data for this country, so the page can only describe seasonality and cannot name anywhere to go	DEMAND_UNMEASURED	0/1980	
C004032	/de/sport/hanoi-running/	sport	sport.city-season	city-activity-seasonality	1581130:running	Hanoi running		VN		Hanoi	de	de-DE							no										none		nasa-power-daily	partial	CC BY 4.0; 'There are no restrictions on the use, access, and/or download of data from the NASA POWER Project' (AWS Open Data Registry entry)	CC BY 4.0 for climate; no venue data for this country	partial, seasonality only and nowhere named	high, the answer differs by city and by activity; Tokyo in July suits swimming and defeats running	HIGH_THIN_CONTENT_RISK	low	medium	out_of_window	medium	NEEDS_DATA	no venue data for this country, so the page can only describe seasonality and cannot name anywhere to go	DEMAND_UNMEASURED	0/1980	
C004033	/en/sport/hanoi-running/	sport	sport.city-season	city-activity-seasonality	1581130:running	Hanoi running		VN		Hanoi	en	en-US							no										none		nasa-power-daily	partial	CC BY 4.0; 'There are no restrictions on the use, access, and/or download of data from the NASA POWER Project' (AWS Open Data Registry entry)	CC BY 4.0 for climate; no venue data for this country	partial, seasonality only and nowhere named	high, the answer differs by city and by activity; Tokyo in July suits swimming and defeats running	HIGH_THIN_CONTENT_RISK	low	medium	out_of_window	medium	NEEDS_DATA	no venue data for this country, so the page can only describe seasonality and cannot name anywhere to go	DEMAND_UNMEASURED	0/1980	
C004034	/es/deporte/hanoi-running/	sport	sport.city-season	city-activity-seasonality	1581130:running	Hanoi running		VN		Hanoi	es	es-ES							no										none		nasa-power-daily	partial	CC BY 4.0; 'There are no restrictions on the use, access, and/or download of data from the NASA POWER Project' (AWS Open Data Registry entry)	CC BY 4.0 for climate; no venue data for this country	partial, seasonality only and nowhere named	high, the answer differs by city and by activity; Tokyo in July suits swimming and defeats running	HIGH_THIN_CONTENT_RISK	low	medium	out_of_window	medium	NEEDS_DATA	no venue data for this country, so the page can only describe seasonality and cannot name anywhere to go	DEMAND_UNMEASURED	0/1980	
C004035	/fr/sport/hanoi-running/	sport	sport.city-season	city-activity-seasonality	1581130:running	Hanoi running		VN		Hanoi	fr	fr-FR							no										none		nasa-power-daily	partial	CC BY 4.0; 'There are no restrictions on the use, access, and/or download of data from the NASA POWER Project' (AWS Open Data Registry entry)	CC BY 4.0 for climate; no venue data for this country	partial, seasonality only and nowhere named	high, the answer differs by city and by activity; Tokyo in July suits swimming and defeats running	HIGH_THIN_CONTENT_RISK	low	medium	out_of_window	medium	NEEDS_DATA	no venue data for this country, so the page can only describe seasonality and cannot name anywhere to go	DEMAND_UNMEASURED	0/1980	
C004036	/it/sport/hanoi-running/	sport	sport.city-season	city-activity-seasonality	1581130:running	Hanoi running		VN		Hanoi	it	it-IT							no										none		nasa-power-daily	partial	CC BY 4.0; 'There are no restrictions on the use, access, and/or download of data from the NASA POWER Project' (AWS Open Data Registry entry)	CC BY 4.0 for climate; no venue data for this country	partial, seasonality only and nowhere named	high, the answer differs by city and by activity; Tokyo in July suits swimming and defeats running	HIGH_THIN_CONTENT_RISK	low	medium	out_of_window	medium	NEEDS_DATA	no venue data for this country, so the page can only describe seasonality and cannot name anywhere to go	DEMAND_UNMEASURED	0/1980	
C004037	/ja/sport/hanoi-running/	sport	sport.city-season	city-activity-seasonality	1581130:running	Hanoi running		VN		Hanoi	ja	ja-JP							no										none		nasa-power-daily	partial	CC BY 4.0; 'There are no restrictions on the use, access, and/or download of data from the NASA POWER Project' (AWS Open Data Registry entry)	CC BY 4.0 for climate; no venue data for this country	partial, seasonality only and nowhere named	high, the answer differs by city and by activity; Tokyo in July suits swimming and defeats running	HIGH_THIN_CONTENT_RISK	low	medium	out_of_window	medium	NEEDS_DATA	no venue data for this country, so the page can only describe seasonality and cannot name anywhere to go	DEMAND_UNMEASURED	0/1980	
C004038	/nl/sport/hanoi-running/	sport	sport.city-season	city-activity-seasonality	1581130:running	Hanoi running		VN		Hanoi	nl	nl-NL							no										none		nasa-power-daily	partial	CC BY 4.0; 'There are no restrictions on the use, access, and/or download of data from the NASA POWER Project' (AWS Open Data Registry entry)	CC BY 4.0 for climate; no venue data for this country	partial, seasonality only and nowhere named	high, the answer differs by city and by activity; Tokyo in July suits swimming and defeats running	HIGH_THIN_CONTENT_RISK	low	medium	out_of_window	medium	NEEDS_DATA	no venue data for this country, so the page can only describe seasonality and cannot name anywhere to go	DEMAND_UNMEASURED	0/1980	
C004039	/pl/sport/hanoi-running/	sport	sport.city-season	city-activity-seasonality	1581130:running	Hanoi running		VN		Hanoi	pl	pl-PL							no										none		nasa-power-daily	partial	CC BY 4.0; 'There are no restrictions on the use, access, and/or download of data from the NASA POWER Project' (AWS Open Data Registry entry)	CC BY 4.0 for climate; no venue data for this country	partial, seasonality only and nowhere named	high, the answer differs by city and by activity; Tokyo in July suits swimming and defeats running	HIGH_THIN_CONTENT_RISK	low	medium	out_of_window	medium	NEEDS_DATA	no venue data for this country, so the page can only describe seasonality and cannot name anywhere to go	DEMAND_UNMEASURED	0/1980	
C004040	/pt/desporto/hanoi-running/	sport	sport.city-season	city-activity-seasonality	1581130:running	Hanoi running		VN		Hanoi	pt	pt-BR							no										none		nasa-power-daily	partial	CC BY 4.0; 'There are no restrictions on the use, access, and/or download of data from the NASA POWER Project' (AWS Open Data Registry entry)	CC BY 4.0 for climate; no venue data for this country	partial, seasonality only and nowhere named	high, the answer differs by city and by activity; Tokyo in July suits swimming and defeats running	HIGH_THIN_CONTENT_RISK	low	medium	out_of_window	medium	NEEDS_DATA	no venue data for this country, so the page can only describe seasonality and cannot name anywhere to go	DEMAND_UNMEASURED	0/1980	
C004041	/de/sport/hanoi-cycling/	sport	sport.city-season	city-activity-seasonality	1581130:cycling	Hanoi cycling		VN		Hanoi	de	de-DE							no										none		nasa-power-daily	partial	CC BY 4.0; 'There are no restrictions on the use, access, and/or download of data from the NASA POWER Project' (AWS Open Data Registry entry)	CC BY 4.0 for climate; no venue data for this country	partial, seasonality only and nowhere named	high, the answer differs by city and by activity; Tokyo in July suits swimming and defeats running	HIGH_THIN_CONTENT_RISK	low	medium	out_of_window	medium	NEEDS_DATA	no venue data for this country, so the page can only describe seasonality and cannot name anywhere to go	DEMAND_UNMEASURED	0/1980	
C004042	/en/sport/hanoi-cycling/	sport	sport.city-season	city-activity-seasonality	1581130:cycling	Hanoi cycling		VN		Hanoi	en	en-US							no										none		nasa-power-daily	partial	CC BY 4.0; 'There are no restrictions on the use, access, and/or download of data from the NASA POWER Project' (AWS Open Data Registry entry)	CC BY 4.0 for climate; no venue data for this country	partial, seasonality only and nowhere named	high, the answer differs by city and by activity; Tokyo in July suits swimming and defeats running	HIGH_THIN_CONTENT_RISK	low	medium	out_of_window	medium	NEEDS_DATA	no venue data for this country, so the page can only describe seasonality and cannot name anywhere to go	DEMAND_UNMEASURED	0/1980	
C004043	/es/deporte/hanoi-cycling/	sport	sport.city-season	city-activity-seasonality	1581130:cycling	Hanoi cycling		VN		Hanoi	es	es-ES							no										none		nasa-power-daily	partial	CC BY 4.0; 'There are no restrictions on the use, access, and/or download of data from the NASA POWER Project' (AWS Open Data Registry entry)	CC BY 4.0 for climate; no venue data for this country	partial, seasonality only and nowhere named	high, the answer differs by city and by activity; Tokyo in July suits swimming and defeats running	HIGH_THIN_CONTENT_RISK	low	medium	out_of_window	medium	NEEDS_DATA	no venue data for this country, so the page can only describe seasonality and cannot name anywhere to go	DEMAND_UNMEASURED	0/1980	
C004044	/fr/sport/hanoi-cycling/	sport	sport.city-season	city-activity-seasonality	1581130:cycling	Hanoi cycling		VN		Hanoi	fr	fr-FR							no										none		nasa-power-daily	partial	CC BY 4.0; 'There are no restrictions on the use, access, and/or download of data from the NASA POWER Project' (AWS Open Data Registry entry)	CC BY 4.0 for climate; no venue data for this country	partial, seasonality only and nowhere named	high, the answer differs by city and by activity; Tokyo in July suits swimming and defeats running	HIGH_THIN_CONTENT_RISK	low	medium	out_of_window	medium	NEEDS_DATA	no venue data for this country, so the page can only describe seasonality and cannot name anywhere to go	DEMAND_UNMEASURED	0/1980	
C004045	/it/sport/hanoi-cycling/	sport	sport.city-season	city-activity-seasonality	1581130:cycling	Hanoi cycling		VN		Hanoi	it	it-IT							no										none		nasa-power-daily	partial	CC BY 4.0; 'There are no restrictions on the use, access, and/or download of data from the NASA POWER Project' (AWS Open Data Registry entry)	CC BY 4.0 for climate; no venue data for this country	partial, seasonality only and nowhere named	high, the answer differs by city and by activity; Tokyo in July suits swimming and defeats running	HIGH_THIN_CONTENT_RISK	low	medium	out_of_window	medium	NEEDS_DATA	no venue data for this country, so the page can only describe seasonality and cannot name anywhere to go	DEMAND_UNMEASURED	0/1980	
C004046	/ja/sport/hanoi-cycling/	sport	sport.city-season	city-activity-seasonality	1581130:cycling	Hanoi cycling		VN		Hanoi	ja	ja-JP							no										none		nasa-power-daily	partial	CC BY 4.0; 'There are no restrictions on the use, access, and/or download of data from the NASA POWER Project' (AWS Open Data Registry entry)	CC BY 4.0 for climate; no venue data for this country	partial, seasonality only and nowhere named	high, the answer differs by city and by activity; Tokyo in July suits swimming and defeats running	HIGH_THIN_CONTENT_RISK	low	medium	out_of_window	medium	NEEDS_DATA	no venue data for this country, so the page can only describe seasonality and cannot name anywhere to go	DEMAND_UNMEASURED	0/1980	
C004047	/nl/sport/hanoi-cycling/	sport	sport.city-season	city-activity-seasonality	1581130:cycling	Hanoi cycling		VN		Hanoi	nl	nl-NL							no										none		nasa-power-daily	partial	CC BY 4.0; 'There are no restrictions on the use, access, and/or download of data from the NASA POWER Project' (AWS Open Data Registry entry)	CC BY 4.0 for climate; no venue data for this country	partial, seasonality only and nowhere named	high, the answer differs by city and by activity; Tokyo in July suits swimming and defeats running	HIGH_THIN_CONTENT_RISK	low	medium	out_of_window	medium	NEEDS_DATA	no venue data for this country, so the page can only describe seasonality and cannot name anywhere to go	DEMAND_UNMEASURED	0/1980	
C004048	/pl/sport/hanoi-cycling/	sport	sport.city-season	city-activity-seasonality	1581130:cycling	Hanoi cycling		VN		Hanoi	pl	pl-PL							no										none		nasa-power-daily	partial	CC BY 4.0; 'There are no restrictions on the use, access, and/or download of data from the NASA POWER Project' (AWS Open Data Registry entry)	CC BY 4.0 for climate; no venue data for this country	partial, seasonality only and nowhere named	high, the answer differs by city and by activity; Tokyo in July suits swimming and defeats running	HIGH_THIN_CONTENT_RISK	low	medium	out_of_window	medium	NEEDS_DATA	no venue data for this country, so the page can only describe seasonality and cannot name anywhere to go	DEMAND_UNMEASURED	0/1980	
C004049	/pt/desporto/hanoi-cycling/	sport	sport.city-season	city-activity-seasonality	1581130:cycling	Hanoi cycling		VN		Hanoi	pt	pt-BR							no										none		nasa-power-daily	partial	CC BY 4.0; 'There are no restrictions on the use, access, and/or download of data from the NASA POWER Project' (AWS Open Data Registry entry)	CC BY 4.0 for climate; no venue data for this country	partial, seasonality only and nowhere named	high, the answer differs by city and by activity; Tokyo in July suits swimming and defeats running	HIGH_THIN_CONTENT_RISK	low	medium	out_of_window	medium	NEEDS_DATA	no venue data for this country, so the page can only describe seasonality and cannot name anywhere to go	DEMAND_UNMEASURED	0/1980	
C004050	/de/sport/hanoi-hiking/	sport	sport.city-season	city-activity-seasonality	1581130:hiking	Hanoi hiking		VN		Hanoi	de	de-DE							no										none		nasa-power-daily	partial	CC BY 4.0; 'There are no restrictions on the use, access, and/or download of data from the NASA POWER Project' (AWS Open Data Registry entry)	CC BY 4.0 for climate; no venue data for this country	partial, seasonality only and nowhere named	high, the answer differs by city and by activity; Tokyo in July suits swimming and defeats running	HIGH_THIN_CONTENT_RISK	low	medium	out_of_window	medium	NEEDS_DATA	no venue data for this country, so the page can only describe seasonality and cannot name anywhere to go	DEMAND_UNMEASURED	0/1980	
C004051	/en/sport/hanoi-hiking/	sport	sport.city-season	city-activity-seasonality	1581130:hiking	Hanoi hiking		VN		Hanoi	en	en-US							no										none		nasa-power-daily	partial	CC BY 4.0; 'There are no restrictions on the use, access, and/or download of data from the NASA POWER Project' (AWS Open Data Registry entry)	CC BY 4.0 for climate; no venue data for this country	partial, seasonality only and nowhere named	high, the answer differs by city and by activity; Tokyo in July suits swimming and defeats running	HIGH_THIN_CONTENT_RISK	low	medium	out_of_window	medium	NEEDS_DATA	no venue data for this country, so the page can only describe seasonality and cannot name anywhere to go	DEMAND_UNMEASURED	0/1980	
C004052	/es/deporte/hanoi-hiking/	sport	sport.city-season	city-activity-seasonality	1581130:hiking	Hanoi hiking		VN		Hanoi	es	es-ES							no										none		nasa-power-daily	partial	CC BY 4.0; 'There are no restrictions on the use, access, and/or download of data from the NASA POWER Project' (AWS Open Data Registry entry)	CC BY 4.0 for climate; no venue data for this country	partial, seasonality only and nowhere named	high, the answer differs by city and by activity; Tokyo in July suits swimming and defeats running	HIGH_THIN_CONTENT_RISK	low	medium	out_of_window	medium	NEEDS_DATA	no venue data for this country, so the page can only describe seasonality and cannot name anywhere to go	DEMAND_UNMEASURED	0/1980	
C004053	/fr/sport/hanoi-hiking/	sport	sport.city-season	city-activity-seasonality	1581130:hiking	Hanoi hiking		VN		Hanoi	fr	fr-FR							no										none		nasa-power-daily	partial	CC BY 4.0; 'There are no restrictions on the use, access, and/or download of data from the NASA POWER Project' (AWS Open Data Registry entry)	CC BY 4.0 for climate; no venue data for this country	partial, seasonality only and nowhere named	high, the answer differs by city and by activity; Tokyo in July suits swimming and defeats running	HIGH_THIN_CONTENT_RISK	low	medium	out_of_window	medium	NEEDS_DATA	no venue data for this country, so the page can only describe seasonality and cannot name anywhere to go	DEMAND_UNMEASURED	0/1980	
C004054	/it/sport/hanoi-hiking/	sport	sport.city-season	city-activity-seasonality	1581130:hiking	Hanoi hiking		VN		Hanoi	it	it-IT							no										none		nasa-power-daily	partial	CC BY 4.0; 'There are no restrictions on the use, access, and/or download of data from the NASA POWER Project' (AWS Open Data Registry entry)	CC BY 4.0 for climate; no venue data for this country	partial, seasonality only and nowhere named	high, the answer differs by city and by activity; Tokyo in July suits swimming and defeats running	HIGH_THIN_CONTENT_RISK	low	medium	out_of_window	medium	NEEDS_DATA	no venue data for this country, so the page can only describe seasonality and cannot name anywhere to go	DEMAND_UNMEASURED	0/1980	
C004055	/ja/sport/hanoi-hiking/	sport	sport.city-season	city-activity-seasonality	1581130:hiking	Hanoi hiking		VN		Hanoi	ja	ja-JP							no										none		nasa-power-daily	partial	CC BY 4.0; 'There are no restrictions on the use, access, and/or download of data from the NASA POWER Project' (AWS Open Data Registry entry)	CC BY 4.0 for climate; no venue data for this country	partial, seasonality only and nowhere named	high, the answer differs by city and by activity; Tokyo in July suits swimming and defeats running	HIGH_THIN_CONTENT_RISK	low	medium	out_of_window	medium	NEEDS_DATA	no venue data for this country, so the page can only describe seasonality and cannot name anywhere to go	DEMAND_UNMEASURED	0/1980	
C004056	/nl/sport/hanoi-hiking/	sport	sport.city-season	city-activity-seasonality	1581130:hiking	Hanoi hiking		VN		Hanoi	nl	nl-NL							no										none		nasa-power-daily	partial	CC BY 4.0; 'There are no restrictions on the use, access, and/or download of data from the NASA POWER Project' (AWS Open Data Registry entry)	CC BY 4.0 for climate; no venue data for this country	partial, seasonality only and nowhere named	high, the answer differs by city and by activity; Tokyo in July suits swimming and defeats running	HIGH_THIN_CONTENT_RISK	low	medium	out_of_window	medium	NEEDS_DATA	no venue data for this country, so the page can only describe seasonality and cannot name anywhere to go	DEMAND_UNMEASURED	0/1980	
C004057	/pl/sport/hanoi-hiking/	sport	sport.city-season	city-activity-seasonality	1581130:hiking	Hanoi hiking		VN		Hanoi	pl	pl-PL							no										none		nasa-power-daily	partial	CC BY 4.0; 'There are no restrictions on the use, access, and/or download of data from the NASA POWER Project' (AWS Open Data Registry entry)	CC BY 4.0 for climate; no venue data for this country	partial, seasonality only and nowhere named	high, the answer differs by city and by activity; Tokyo in July suits swimming and defeats running	HIGH_THIN_CONTENT_RISK	low	medium	out_of_window	medium	NEEDS_DATA	no venue data for this country, so the page can only describe seasonality and cannot name anywhere to go	DEMAND_UNMEASURED	0/1980	
C004058	/pt/desporto/hanoi-hiking/	sport	sport.city-season	city-activity-seasonality	1581130:hiking	Hanoi hiking		VN		Hanoi	pt	pt-BR							no										none		nasa-power-daily	partial	CC BY 4.0; 'There are no restrictions on the use, access, and/or download of data from the NASA POWER Project' (AWS Open Data Registry entry)	CC BY 4.0 for climate; no venue data for this country	partial, seasonality only and nowhere named	high, the answer differs by city and by activity; Tokyo in July suits swimming and defeats running	HIGH_THIN_CONTENT_RISK	low	medium	out_of_window	medium	NEEDS_DATA	no venue data for this country, so the page can only describe seasonality and cannot name anywhere to go	DEMAND_UNMEASURED	0/1980	
C004059	/de/sport/hanoi-swimming/	sport	sport.city-season	city-activity-seasonality	1581130:swimming	Hanoi swimming		VN		Hanoi	de	de-DE							no										none		nasa-power-daily	partial	CC BY 4.0; 'There are no restrictions on the use, access, and/or download of data from the NASA POWER Project' (AWS Open Data Registry entry)	CC BY 4.0 for climate; no venue data for this country	partial, seasonality only and nowhere named	high, the answer differs by city and by activity; Tokyo in July suits swimming and defeats running	HIGH_THIN_CONTENT_RISK	low	medium	out_of_window	medium	NEEDS_DATA	no venue data for this country, so the page can only describe seasonality and cannot name anywhere to go	DEMAND_UNMEASURED	0/1980	
C004060	/en/sport/hanoi-swimming/	sport	sport.city-season	city-activity-seasonality	1581130:swimming	Hanoi swimming		VN		Hanoi	en	en-US							no										none		nasa-power-daily	partial	CC BY 4.0; 'There are no restrictions on the use, access, and/or download of data from the NASA POWER Project' (AWS Open Data Registry entry)	CC BY 4.0 for climate; no venue data for this country	partial, seasonality only and nowhere named	high, the answer differs by city and by activity; Tokyo in July suits swimming and defeats running	HIGH_THIN_CONTENT_RISK	low	medium	out_of_window	medium	NEEDS_DATA	no venue data for this country, so the page can only describe seasonality and cannot name anywhere to go	DEMAND_UNMEASURED	0/1980	
C004061	/es/deporte/hanoi-swimming/	sport	sport.city-season	city-activity-seasonality	1581130:swimming	Hanoi swimming		VN		Hanoi	es	es-ES							no										none		nasa-power-daily	partial	CC BY 4.0; 'There are no restrictions on the use, access, and/or download of data from the NASA POWER Project' (AWS Open Data Registry entry)	CC BY 4.0 for climate; no venue data for this country	partial, seasonality only and nowhere named	high, the answer differs by city and by activity; Tokyo in July suits swimming and defeats running	HIGH_THIN_CONTENT_RISK	low	medium	out_of_window	medium	NEEDS_DATA	no venue data for this country, so the page can only describe seasonality and cannot name anywhere to go	DEMAND_UNMEASURED	0/1980	
C004062	/fr/sport/hanoi-swimming/	sport	sport.city-season	city-activity-seasonality	1581130:swimming	Hanoi swimming		VN		Hanoi	fr	fr-FR							no										none		nasa-power-daily	partial	CC BY 4.0; 'There are no restrictions on the use, access, and/or download of data from the NASA POWER Project' (AWS Open Data Registry entry)	CC BY 4.0 for climate; no venue data for this country	partial, seasonality only and nowhere named	high, the answer differs by city and by activity; Tokyo in July suits swimming and defeats running	HIGH_THIN_CONTENT_RISK	low	medium	out_of_window	medium	NEEDS_DATA	no venue data for this country, so the page can only describe seasonality and cannot name anywhere to go	DEMAND_UNMEASURED	0/1980	
C004063	/it/sport/hanoi-swimming/	sport	sport.city-season	city-activity-seasonality	1581130:swimming	Hanoi swimming		VN		Hanoi	it	it-IT							no										none		nasa-power-daily	partial	CC BY 4.0; 'There are no restrictions on the use, access, and/or download of data from the NASA POWER Project' (AWS Open Data Registry entry)	CC BY 4.0 for climate; no venue data for this country	partial, seasonality only and nowhere named	high, the answer differs by city and by activity; Tokyo in July suits swimming and defeats running	HIGH_THIN_CONTENT_RISK	low	medium	out_of_window	medium	NEEDS_DATA	no venue data for this country, so the page can only describe seasonality and cannot name anywhere to go	DEMAND_UNMEASURED	0/1980	
C004064	/ja/sport/hanoi-swimming/	sport	sport.city-season	city-activity-seasonality	1581130:swimming	Hanoi swimming		VN		Hanoi	ja	ja-JP							no										none		nasa-power-daily	partial	CC BY 4.0; 'There are no restrictions on the use, access, and/or download of data from the NASA POWER Project' (AWS Open Data Registry entry)	CC BY 4.0 for climate; no venue data for this country	partial, seasonality only and nowhere named	high, the answer differs by city and by activity; Tokyo in July suits swimming and defeats running	HIGH_THIN_CONTENT_RISK	low	medium	out_of_window	medium	NEEDS_DATA	no venue data for this country, so the page can only describe seasonality and cannot name anywhere to go	DEMAND_UNMEASURED	0/1980	
C004065	/nl/sport/hanoi-swimming/	sport	sport.city-season	city-activity-seasonality	1581130:swimming	Hanoi swimming		VN		Hanoi	nl	nl-NL							no										none		nasa-power-daily	partial	CC BY 4.0; 'There are no restrictions on the use, access, and/or download of data from the NASA POWER Project' (AWS Open Data Registry entry)	CC BY 4.0 for climate; no venue data for this country	partial, seasonality only and nowhere named	high, the answer differs by city and by activity; Tokyo in July suits swimming and defeats running	HIGH_THIN_CONTENT_RISK	low	medium	out_of_window	medium	NEEDS_DATA	no venue data for this country, so the page can only describe seasonality and cannot name anywhere to go	DEMAND_UNMEASURED	0/1980	
C004066	/pl/sport/hanoi-swimming/	sport	sport.city-season	city-activity-seasonality	1581130:swimming	Hanoi swimming		VN		Hanoi	pl	pl-PL							no										none		nasa-power-daily	partial	CC BY 4.0; 'There are no restrictions on the use, access, and/or download of data from the NASA POWER Project' (AWS Open Data Registry entry)	CC BY 4.0 for climate; no venue data for this country	partial, seasonality only and nowhere named	high, the answer differs by city and by activity; Tokyo in July suits swimming and defeats running	HIGH_THIN_CONTENT_RISK	low	medium	out_of_window	medium	NEEDS_DATA	no venue data for this country, so the page can only describe seasonality and cannot name anywhere to go	DEMAND_UNMEASURED	0/1980	
C004067	/pt/desporto/hanoi-swimming/	sport	sport.city-season	city-activity-seasonality	1581130:swimming	Hanoi swimming		VN		Hanoi	pt	pt-BR							no										none		nasa-power-daily	partial	CC BY 4.0; 'There are no restrictions on the use, access, and/or download of data from the NASA POWER Project' (AWS Open Data Registry entry)	CC BY 4.0 for climate; no venue data for this country	partial, seasonality only and nowhere named	high, the answer differs by city and by activity; Tokyo in July suits swimming and defeats running	HIGH_THIN_CONTENT_RISK	low	medium	out_of_window	medium	NEEDS_DATA	no venue data for this country, so the page can only describe seasonality and cannot name anywhere to go	DEMAND_UNMEASURED	0/1980	
C004068	/de/sport/da-nang-running/	sport	sport.city-season	city-activity-seasonality	1583992:running	Da Nang running		VN		Da Nang	de	de-DE							no										none		nasa-power-daily	partial	CC BY 4.0; 'There are no restrictions on the use, access, and/or download of data from the NASA POWER Project' (AWS Open Data Registry entry)	CC BY 4.0 for climate; no venue data for this country	partial, seasonality only and nowhere named	high, the answer differs by city and by activity; Tokyo in July suits swimming and defeats running	HIGH_THIN_CONTENT_RISK	low	medium	out_of_window	medium	NEEDS_DATA	no venue data for this country, so the page can only describe seasonality and cannot name anywhere to go	DEMAND_UNMEASURED	0/1980	
C004069	/en/sport/da-nang-running/	sport	sport.city-season	city-activity-seasonality	1583992:running	Da Nang running		VN		Da Nang	en	en-US							no										none		nasa-power-daily	partial	CC BY 4.0; 'There are no restrictions on the use, access, and/or download of data from the NASA POWER Project' (AWS Open Data Registry entry)	CC BY 4.0 for climate; no venue data for this country	partial, seasonality only and nowhere named	high, the answer differs by city and by activity; Tokyo in July suits swimming and defeats running	HIGH_THIN_CONTENT_RISK	low	medium	out_of_window	medium	NEEDS_DATA	no venue data for this country, so the page can only describe seasonality and cannot name anywhere to go	DEMAND_UNMEASURED	0/1980	
C004070	/es/deporte/da-nang-running/	sport	sport.city-season	city-activity-seasonality	1583992:running	Da Nang running		VN		Da Nang	es	es-ES							no										none		nasa-power-daily	partial	CC BY 4.0; 'There are no restrictions on the use, access, and/or download of data from the NASA POWER Project' (AWS Open Data Registry entry)	CC BY 4.0 for climate; no venue data for this country	partial, seasonality only and nowhere named	high, the answer differs by city and by activity; Tokyo in July suits swimming and defeats running	HIGH_THIN_CONTENT_RISK	low	medium	out_of_window	medium	NEEDS_DATA	no venue data for this country, so the page can only describe seasonality and cannot name anywhere to go	DEMAND_UNMEASURED	0/1980	
C004071	/fr/sport/da-nang-running/	sport	sport.city-season	city-activity-seasonality	1583992:running	Da Nang running		VN		Da Nang	fr	fr-FR							no										none		nasa-power-daily	partial	CC BY 4.0; 'There are no restrictions on the use, access, and/or download of data from the NASA POWER Project' (AWS Open Data Registry entry)	CC BY 4.0 for climate; no venue data for this country	partial, seasonality only and nowhere named	high, the answer differs by city and by activity; Tokyo in July suits swimming and defeats running	HIGH_THIN_CONTENT_RISK	low	medium	out_of_window	medium	NEEDS_DATA	no venue data for this country, so the page can only describe seasonality and cannot name anywhere to go	DEMAND_UNMEASURED	0/1980	
C004072	/it/sport/da-nang-running/	sport	sport.city-season	city-activity-seasonality	1583992:running	Da Nang running		VN		Da Nang	it	it-IT							no										none		nasa-power-daily	partial	CC BY 4.0; 'There are no restrictions on the use, access, and/or download of data from the NASA POWER Project' (AWS Open Data Registry entry)	CC BY 4.0 for climate; no venue data for this country	partial, seasonality only and nowhere named	high, the answer differs by city and by activity; Tokyo in July suits swimming and defeats running	HIGH_THIN_CONTENT_RISK	low	medium	out_of_window	medium	NEEDS_DATA	no venue data for this country, so the page can only describe seasonality and cannot name anywhere to go	DEMAND_UNMEASURED	0/1980	
C004073	/ja/sport/da-nang-running/	sport	sport.city-season	city-activity-seasonality	1583992:running	Da Nang running		VN		Da Nang	ja	ja-JP							no										none		nasa-power-daily	partial	CC BY 4.0; 'There are no restrictions on the use, access, and/or download of data from the NASA POWER Project' (AWS Open Data Registry entry)	CC BY 4.0 for climate; no venue data for this country	partial, seasonality only and nowhere named	high, the answer differs by city and by activity; Tokyo in July suits swimming and defeats running	HIGH_THIN_CONTENT_RISK	low	medium	out_of_window	medium	NEEDS_DATA	no venue data for this country, so the page can only describe seasonality and cannot name anywhere to go	DEMAND_UNMEASURED	0/1980	
C004074	/nl/sport/da-nang-running/	sport	sport.city-season	city-activity-seasonality	1583992:running	Da Nang running		VN		Da Nang	nl	nl-NL							no										none		nasa-power-daily	partial	CC BY 4.0; 'There are no restrictions on the use, access, and/or download of data from the NASA POWER Project' (AWS Open Data Registry entry)	CC BY 4.0 for climate; no venue data for this country	partial, seasonality only and nowhere named	high, the answer differs by city and by activity; Tokyo in July suits swimming and defeats running	HIGH_THIN_CONTENT_RISK	low	medium	out_of_window	medium	NEEDS_DATA	no venue data for this country, so the page can only describe seasonality and cannot name anywhere to go	DEMAND_UNMEASURED	0/1980	
C004075	/pl/sport/da-nang-running/	sport	sport.city-season	city-activity-seasonality	1583992:running	Da Nang running		VN		Da Nang	pl	pl-PL							no										none		nasa-power-daily	partial	CC BY 4.0; 'There are no restrictions on the use, access, and/or download of data from the NASA POWER Project' (AWS Open Data Registry entry)	CC BY 4.0 for climate; no venue data for this country	partial, seasonality only and nowhere named	high, the answer differs by city and by activity; Tokyo in July suits swimming and defeats running	HIGH_THIN_CONTENT_RISK	low	medium	out_of_window	medium	NEEDS_DATA	no venue data for this country, so the page can only describe seasonality and cannot name anywhere to go	DEMAND_UNMEASURED	0/1980	
C004076	/pt/desporto/da-nang-running/	sport	sport.city-season	city-activity-seasonality	1583992:running	Da Nang running		VN		Da Nang	pt	pt-BR							no										none		nasa-power-daily	partial	CC BY 4.0; 'There are no restrictions on the use, access, and/or download of data from the NASA POWER Project' (AWS Open Data Registry entry)	CC BY 4.0 for climate; no venue data for this country	partial, seasonality only and nowhere named	high, the answer differs by city and by activity; Tokyo in July suits swimming and defeats running	HIGH_THIN_CONTENT_RISK	low	medium	out_of_window	medium	NEEDS_DATA	no venue data for this country, so the page can only describe seasonality and cannot name anywhere to go	DEMAND_UNMEASURED	0/1980	
C004077	/de/sport/da-nang-cycling/	sport	sport.city-season	city-activity-seasonality	1583992:cycling	Da Nang cycling		VN		Da Nang	de	de-DE							no										none		nasa-power-daily	partial	CC BY 4.0; 'There are no restrictions on the use, access, and/or download of data from the NASA POWER Project' (AWS Open Data Registry entry)	CC BY 4.0 for climate; no venue data for this country	partial, seasonality only and nowhere named	high, the answer differs by city and by activity; Tokyo in July suits swimming and defeats running	HIGH_THIN_CONTENT_RISK	low	medium	out_of_window	medium	NEEDS_DATA	no venue data for this country, so the page can only describe seasonality and cannot name anywhere to go	DEMAND_UNMEASURED	0/1980	
C004078	/en/sport/da-nang-cycling/	sport	sport.city-season	city-activity-seasonality	1583992:cycling	Da Nang cycling		VN		Da Nang	en	en-US							no										none		nasa-power-daily	partial	CC BY 4.0; 'There are no restrictions on the use, access, and/or download of data from the NASA POWER Project' (AWS Open Data Registry entry)	CC BY 4.0 for climate; no venue data for this country	partial, seasonality only and nowhere named	high, the answer differs by city and by activity; Tokyo in July suits swimming and defeats running	HIGH_THIN_CONTENT_RISK	low	medium	out_of_window	medium	NEEDS_DATA	no venue data for this country, so the page can only describe seasonality and cannot name anywhere to go	DEMAND_UNMEASURED	0/1980	
C004079	/es/deporte/da-nang-cycling/	sport	sport.city-season	city-activity-seasonality	1583992:cycling	Da Nang cycling		VN		Da Nang	es	es-ES							no										none		nasa-power-daily	partial	CC BY 4.0; 'There are no restrictions on the use, access, and/or download of data from the NASA POWER Project' (AWS Open Data Registry entry)	CC BY 4.0 for climate; no venue data for this country	partial, seasonality only and nowhere named	high, the answer differs by city and by activity; Tokyo in July suits swimming and defeats running	HIGH_THIN_CONTENT_RISK	low	medium	out_of_window	medium	NEEDS_DATA	no venue data for this country, so the page can only describe seasonality and cannot name anywhere to go	DEMAND_UNMEASURED	0/1980	
C004080	/fr/sport/da-nang-cycling/	sport	sport.city-season	city-activity-seasonality	1583992:cycling	Da Nang cycling		VN		Da Nang	fr	fr-FR							no										none		nasa-power-daily	partial	CC BY 4.0; 'There are no restrictions on the use, access, and/or download of data from the NASA POWER Project' (AWS Open Data Registry entry)	CC BY 4.0 for climate; no venue data for this country	partial, seasonality only and nowhere named	high, the answer differs by city and by activity; Tokyo in July suits swimming and defeats running	HIGH_THIN_CONTENT_RISK	low	medium	out_of_window	medium	NEEDS_DATA	no venue data for this country, so the page can only describe seasonality and cannot name anywhere to go	DEMAND_UNMEASURED	0/1980	
C004081	/it/sport/da-nang-cycling/	sport	sport.city-season	city-activity-seasonality	1583992:cycling	Da Nang cycling		VN		Da Nang	it	it-IT							no										none		nasa-power-daily	partial	CC BY 4.0; 'There are no restrictions on the use, access, and/or download of data from the NASA POWER Project' (AWS Open Data Registry entry)	CC BY 4.0 for climate; no venue data for this country	partial, seasonality only and nowhere named	high, the answer differs by city and by activity; Tokyo in July suits swimming and defeats running	HIGH_THIN_CONTENT_RISK	low	medium	out_of_window	medium	NEEDS_DATA	no venue data for this country, so the page can only describe seasonality and cannot name anywhere to go	DEMAND_UNMEASURED	0/1980	
C004082	/ja/sport/da-nang-cycling/	sport	sport.city-season	city-activity-seasonality	1583992:cycling	Da Nang cycling		VN		Da Nang	ja	ja-JP							no										none		nasa-power-daily	partial	CC BY 4.0; 'There are no restrictions on the use, access, and/or download of data from the NASA POWER Project' (AWS Open Data Registry entry)	CC BY 4.0 for climate; no venue data for this country	partial, seasonality only and nowhere named	high, the answer differs by city and by activity; Tokyo in July suits swimming and defeats running	HIGH_THIN_CONTENT_RISK	low	medium	out_of_window	medium	NEEDS_DATA	no venue data for this country, so the page can only describe seasonality and cannot name anywhere to go	DEMAND_UNMEASURED	0/1980	
C004083	/nl/sport/da-nang-cycling/	sport	sport.city-season	city-activity-seasonality	1583992:cycling	Da Nang cycling		VN		Da Nang	nl	nl-NL							no										none		nasa-power-daily	partial	CC BY 4.0; 'There are no restrictions on the use, access, and/or download of data from the NASA POWER Project' (AWS Open Data Registry entry)	CC BY 4.0 for climate; no venue data for this country	partial, seasonality only and nowhere named	high, the answer differs by city and by activity; Tokyo in July suits swimming and defeats running	HIGH_THIN_CONTENT_RISK	low	medium	out_of_window	medium	NEEDS_DATA	no venue data for this country, so the page can only describe seasonality and cannot name anywhere to go	DEMAND_UNMEASURED	0/1980	
C004084	/pl/sport/da-nang-cycling/	sport	sport.city-season	city-activity-seasonality	1583992:cycling	Da Nang cycling		VN		Da Nang	pl	pl-PL							no										none		nasa-power-daily	partial	CC BY 4.0; 'There are no restrictions on the use, access, and/or download of data from the NASA POWER Project' (AWS Open Data Registry entry)	CC BY 4.0 for climate; no venue data for this country	partial, seasonality only and nowhere named	high, the answer differs by city and by activity; Tokyo in July suits swimming and defeats running	HIGH_THIN_CONTENT_RISK	low	medium	out_of_window	medium	NEEDS_DATA	no venue data for this country, so the page can only describe seasonality and cannot name anywhere to go	DEMAND_UNMEASURED	0/1980	
C004085	/pt/desporto/da-nang-cycling/	sport	sport.city-season	city-activity-seasonality	1583992:cycling	Da Nang cycling		VN		Da Nang	pt	pt-BR							no										none		nasa-power-daily	partial	CC BY 4.0; 'There are no restrictions on the use, access, and/or download of data from the NASA POWER Project' (AWS Open Data Registry entry)	CC BY 4.0 for climate; no venue data for this country	partial, seasonality only and nowhere named	high, the answer differs by city and by activity; Tokyo in July suits swimming and defeats running	HIGH_THIN_CONTENT_RISK	low	medium	out_of_window	medium	NEEDS_DATA	no venue data for this country, so the page can only describe seasonality and cannot name anywhere to go	DEMAND_UNMEASURED	0/1980	
C004086	/de/sport/da-nang-hiking/	sport	sport.city-season	city-activity-seasonality	1583992:hiking	Da Nang hiking		VN		Da Nang	de	de-DE							no										none		nasa-power-daily	partial	CC BY 4.0; 'There are no restrictions on the use, access, and/or download of data from the NASA POWER Project' (AWS Open Data Registry entry)	CC BY 4.0 for climate; no venue data for this country	partial, seasonality only and nowhere named	high, the answer differs by city and by activity; Tokyo in July suits swimming and defeats running	HIGH_THIN_CONTENT_RISK	low	medium	out_of_window	medium	NEEDS_DATA	no venue data for this country, so the page can only describe seasonality and cannot name anywhere to go	DEMAND_UNMEASURED	0/1980	
C004087	/en/sport/da-nang-hiking/	sport	sport.city-season	city-activity-seasonality	1583992:hiking	Da Nang hiking		VN		Da Nang	en	en-US							no										none		nasa-power-daily	partial	CC BY 4.0; 'There are no restrictions on the use, access, and/or download of data from the NASA POWER Project' (AWS Open Data Registry entry)	CC BY 4.0 for climate; no venue data for this country	partial, seasonality only and nowhere named	high, the answer differs by city and by activity; Tokyo in July suits swimming and defeats running	HIGH_THIN_CONTENT_RISK	low	medium	out_of_window	medium	NEEDS_DATA	no venue data for this country, so the page can only describe seasonality and cannot name anywhere to go	DEMAND_UNMEASURED	0/1980	
C004088	/es/deporte/da-nang-hiking/	sport	sport.city-season	city-activity-seasonality	1583992:hiking	Da Nang hiking		VN		Da Nang	es	es-ES							no										none		nasa-power-daily	partial	CC BY 4.0; 'There are no restrictions on the use, access, and/or download of data from the NASA POWER Project' (AWS Open Data Registry entry)	CC BY 4.0 for climate; no venue data for this country	partial, seasonality only and nowhere named	high, the answer differs by city and by activity; Tokyo in July suits swimming and defeats running	HIGH_THIN_CONTENT_RISK	low	medium	out_of_window	medium	NEEDS_DATA	no venue data for this country, so the page can only describe seasonality and cannot name anywhere to go	DEMAND_UNMEASURED	0/1980	
C004089	/fr/sport/da-nang-hiking/	sport	sport.city-season	city-activity-seasonality	1583992:hiking	Da Nang hiking		VN		Da Nang	fr	fr-FR							no										none		nasa-power-daily	partial	CC BY 4.0; 'There are no restrictions on the use, access, and/or download of data from the NASA POWER Project' (AWS Open Data Registry entry)	CC BY 4.0 for climate; no venue data for this country	partial, seasonality only and nowhere named	high, the answer differs by city and by activity; Tokyo in July suits swimming and defeats running	HIGH_THIN_CONTENT_RISK	low	medium	out_of_window	medium	NEEDS_DATA	no venue data for this country, so the page can only describe seasonality and cannot name anywhere to go	DEMAND_UNMEASURED	0/1980	
C004090	/it/sport/da-nang-hiking/	sport	sport.city-season	city-activity-seasonality	1583992:hiking	Da Nang hiking		VN		Da Nang	it	it-IT							no										none		nasa-power-daily	partial	CC BY 4.0; 'There are no restrictions on the use, access, and/or download of data from the NASA POWER Project' (AWS Open Data Registry entry)	CC BY 4.0 for climate; no venue data for this country	partial, seasonality only and nowhere named	high, the answer differs by city and by activity; Tokyo in July suits swimming and defeats running	HIGH_THIN_CONTENT_RISK	low	medium	out_of_window	medium	NEEDS_DATA	no venue data for this country, so the page can only describe seasonality and cannot name anywhere to go	DEMAND_UNMEASURED	0/1980	
C004091	/ja/sport/da-nang-hiking/	sport	sport.city-season	city-activity-seasonality	1583992:hiking	Da Nang hiking		VN		Da Nang	ja	ja-JP							no										none		nasa-power-daily	partial	CC BY 4.0; 'There are no restrictions on the use, access, and/or download of data from the NASA POWER Project' (AWS Open Data Registry entry)	CC BY 4.0 for climate; no venue data for this country	partial, seasonality only and nowhere named	high, the answer differs by city and by activity; Tokyo in July suits swimming and defeats running	HIGH_THIN_CONTENT_RISK	low	medium	out_of_window	medium	NEEDS_DATA	no venue data for this country, so the page can only describe seasonality and cannot name anywhere to go	DEMAND_UNMEASURED	0/1980	
C004092	/nl/sport/da-nang-hiking/	sport	sport.city-season	city-activity-seasonality	1583992:hiking	Da Nang hiking		VN		Da Nang	nl	nl-NL							no										none		nasa-power-daily	partial	CC BY 4.0; 'There are no restrictions on the use, access, and/or download of data from the NASA POWER Project' (AWS Open Data Registry entry)	CC BY 4.0 for climate; no venue data for this country	partial, seasonality only and nowhere named	high, the answer differs by city and by activity; Tokyo in July suits swimming and defeats running	HIGH_THIN_CONTENT_RISK	low	medium	out_of_window	medium	NEEDS_DATA	no venue data for this country, so the page can only describe seasonality and cannot name anywhere to go	DEMAND_UNMEASURED	0/1980	
C004093	/pl/sport/da-nang-hiking/	sport	sport.city-season	city-activity-seasonality	1583992:hiking	Da Nang hiking		VN		Da Nang	pl	pl-PL							no										none		nasa-power-daily	partial	CC BY 4.0; 'There are no restrictions on the use, access, and/or download of data from the NASA POWER Project' (AWS Open Data Registry entry)	CC BY 4.0 for climate; no venue data for this country	partial, seasonality only and nowhere named	high, the answer differs by city and by activity; Tokyo in July suits swimming and defeats running	HIGH_THIN_CONTENT_RISK	low	medium	out_of_window	medium	NEEDS_DATA	no venue data for this country, so the page can only describe seasonality and cannot name anywhere to go	DEMAND_UNMEASURED	0/1980	
C004094	/pt/desporto/da-nang-hiking/	sport	sport.city-season	city-activity-seasonality	1583992:hiking	Da Nang hiking		VN		Da Nang	pt	pt-BR							no										none		nasa-power-daily	partial	CC BY 4.0; 'There are no restrictions on the use, access, and/or download of data from the NASA POWER Project' (AWS Open Data Registry entry)	CC BY 4.0 for climate; no venue data for this country	partial, seasonality only and nowhere named	high, the answer differs by city and by activity; Tokyo in July suits swimming and defeats running	HIGH_THIN_CONTENT_RISK	low	medium	out_of_window	medium	NEEDS_DATA	no venue data for this country, so the page can only describe seasonality and cannot name anywhere to go	DEMAND_UNMEASURED	0/1980	
C004095	/de/sport/da-nang-swimming/	sport	sport.city-season	city-activity-seasonality	1583992:swimming	Da Nang swimming		VN		Da Nang	de	de-DE							no										none		nasa-power-daily	partial	CC BY 4.0; 'There are no restrictions on the use, access, and/or download of data from the NASA POWER Project' (AWS Open Data Registry entry)	CC BY 4.0 for climate; no venue data for this country	partial, seasonality only and nowhere named	high, the answer differs by city and by activity; Tokyo in July suits swimming and defeats running	HIGH_THIN_CONTENT_RISK	low	medium	out_of_window	medium	NEEDS_DATA	no venue data for this country, so the page can only describe seasonality and cannot name anywhere to go	DEMAND_UNMEASURED	0/1980	
C004096	/en/sport/da-nang-swimming/	sport	sport.city-season	city-activity-seasonality	1583992:swimming	Da Nang swimming		VN		Da Nang	en	en-US							no										none		nasa-power-daily	partial	CC BY 4.0; 'There are no restrictions on the use, access, and/or download of data from the NASA POWER Project' (AWS Open Data Registry entry)	CC BY 4.0 for climate; no venue data for this country	partial, seasonality only and nowhere named	high, the answer differs by city and by activity; Tokyo in July suits swimming and defeats running	HIGH_THIN_CONTENT_RISK	low	medium	out_of_window	medium	NEEDS_DATA	no venue data for this country, so the page can only describe seasonality and cannot name anywhere to go	DEMAND_UNMEASURED	0/1980	
C004097	/es/deporte/da-nang-swimming/	sport	sport.city-season	city-activity-seasonality	1583992:swimming	Da Nang swimming		VN		Da Nang	es	es-ES							no										none		nasa-power-daily	partial	CC BY 4.0; 'There are no restrictions on the use, access, and/or download of data from the NASA POWER Project' (AWS Open Data Registry entry)	CC BY 4.0 for climate; no venue data for this country	partial, seasonality only and nowhere named	high, the answer differs by city and by activity; Tokyo in July suits swimming and defeats running	HIGH_THIN_CONTENT_RISK	low	medium	out_of_window	medium	NEEDS_DATA	no venue data for this country, so the page can only describe seasonality and cannot name anywhere to go	DEMAND_UNMEASURED	0/1980	
C004098	/fr/sport/da-nang-swimming/	sport	sport.city-season	city-activity-seasonality	1583992:swimming	Da Nang swimming		VN		Da Nang	fr	fr-FR							no										none		nasa-power-daily	partial	CC BY 4.0; 'There are no restrictions on the use, access, and/or download of data from the NASA POWER Project' (AWS Open Data Registry entry)	CC BY 4.0 for climate; no venue data for this country	partial, seasonality only and nowhere named	high, the answer differs by city and by activity; Tokyo in July suits swimming and defeats running	HIGH_THIN_CONTENT_RISK	low	medium	out_of_window	medium	NEEDS_DATA	no venue data for this country, so the page can only describe seasonality and cannot name anywhere to go	DEMAND_UNMEASURED	0/1980	
C004099	/it/sport/da-nang-swimming/	sport	sport.city-season	city-activity-seasonality	1583992:swimming	Da Nang swimming		VN		Da Nang	it	it-IT							no										none		nasa-power-daily	partial	CC BY 4.0; 'There are no restrictions on the use, access, and/or download of data from the NASA POWER Project' (AWS Open Data Registry entry)	CC BY 4.0 for climate; no venue data for this country	partial, seasonality only and nowhere named	high, the answer differs by city and by activity; Tokyo in July suits swimming and defeats running	HIGH_THIN_CONTENT_RISK	low	medium	out_of_window	medium	NEEDS_DATA	no venue data for this country, so the page can only describe seasonality and cannot name anywhere to go	DEMAND_UNMEASURED	0/1980	
C004100	/ja/sport/da-nang-swimming/	sport	sport.city-season	city-activity-seasonality	1583992:swimming	Da Nang swimming		VN		Da Nang	ja	ja-JP							no										none		nasa-power-daily	partial	CC BY 4.0; 'There are no restrictions on the use, access, and/or download of data from the NASA POWER Project' (AWS Open Data Registry entry)	CC BY 4.0 for climate; no venue data for this country	partial, seasonality only and nowhere named	high, the answer differs by city and by activity; Tokyo in July suits swimming and defeats running	HIGH_THIN_CONTENT_RISK	low	medium	out_of_window	medium	NEEDS_DATA	no venue data for this country, so the page can only describe seasonality and cannot name anywhere to go	DEMAND_UNMEASURED	0/1980	
C004101	/nl/sport/da-nang-swimming/	sport	sport.city-season	city-activity-seasonality	1583992:swimming	Da Nang swimming		VN		Da Nang	nl	nl-NL							no										none		nasa-power-daily	partial	CC BY 4.0; 'There are no restrictions on the use, access, and/or download of data from the NASA POWER Project' (AWS Open Data Registry entry)	CC BY 4.0 for climate; no venue data for this country	partial, seasonality only and nowhere named	high, the answer differs by city and by activity; Tokyo in July suits swimming and defeats running	HIGH_THIN_CONTENT_RISK	low	medium	out_of_window	medium	NEEDS_DATA	no venue data for this country, so the page can only describe seasonality and cannot name anywhere to go	DEMAND_UNMEASURED	0/1980	
C004102	/pl/sport/da-nang-swimming/	sport	sport.city-season	city-activity-seasonality	1583992:swimming	Da Nang swimming		VN		Da Nang	pl	pl-PL							no										none		nasa-power-daily	partial	CC BY 4.0; 'There are no restrictions on the use, access, and/or download of data from the NASA POWER Project' (AWS Open Data Registry entry)	CC BY 4.0 for climate; no venue data for this country	partial, seasonality only and nowhere named	high, the answer differs by city and by activity; Tokyo in July suits swimming and defeats running	HIGH_THIN_CONTENT_RISK	low	medium	out_of_window	medium	NEEDS_DATA	no venue data for this country, so the page can only describe seasonality and cannot name anywhere to go	DEMAND_UNMEASURED	0/1980	
C004103	/pt/desporto/da-nang-swimming/	sport	sport.city-season	city-activity-seasonality	1583992:swimming	Da Nang swimming		VN		Da Nang	pt	pt-BR							no										none		nasa-power-daily	partial	CC BY 4.0; 'There are no restrictions on the use, access, and/or download of data from the NASA POWER Project' (AWS Open Data Registry entry)	CC BY 4.0 for climate; no venue data for this country	partial, seasonality only and nowhere named	high, the answer differs by city and by activity; Tokyo in July suits swimming and defeats running	HIGH_THIN_CONTENT_RISK	low	medium	out_of_window	medium	NEEDS_DATA	no venue data for this country, so the page can only describe seasonality and cannot name anywhere to go	DEMAND_UNMEASURED	0/1980	
C004140	/de/sport/jakarta-running/	sport	sport.city-season	city-activity-seasonality	1642911:running	Jakarta running		ID		Jakarta	de	de-DE							no										none		nasa-power-daily	partial	CC BY 4.0; 'There are no restrictions on the use, access, and/or download of data from the NASA POWER Project' (AWS Open Data Registry entry)	CC BY 4.0 for climate; no venue data for this country	partial, seasonality only and nowhere named	high, the answer differs by city and by activity; Tokyo in July suits swimming and defeats running	HIGH_THIN_CONTENT_RISK	low	medium	out_of_window	medium	NEEDS_DATA	no venue data for this country, so the page can only describe seasonality and cannot name anywhere to go	DEMAND_UNMEASURED	0/1980	
C004141	/en/sport/jakarta-running/	sport	sport.city-season	city-activity-seasonality	1642911:running	Jakarta running		ID		Jakarta	en	en-US							no										none		nasa-power-daily	partial	CC BY 4.0; 'There are no restrictions on the use, access, and/or download of data from the NASA POWER Project' (AWS Open Data Registry entry)	CC BY 4.0 for climate; no venue data for this country	partial, seasonality only and nowhere named	high, the answer differs by city and by activity; Tokyo in July suits swimming and defeats running	HIGH_THIN_CONTENT_RISK	low	medium	out_of_window	medium	NEEDS_DATA	no venue data for this country, so the page can only describe seasonality and cannot name anywhere to go	DEMAND_UNMEASURED	0/1980	
C004142	/es/deporte/jakarta-running/	sport	sport.city-season	city-activity-seasonality	1642911:running	Jakarta running		ID		Jakarta	es	es-ES							no										none		nasa-power-daily	partial	CC BY 4.0; 'There are no restrictions on the use, access, and/or download of data from the NASA POWER Project' (AWS Open Data Registry entry)	CC BY 4.0 for climate; no venue data for this country	partial, seasonality only and nowhere named	high, the answer differs by city and by activity; Tokyo in July suits swimming and defeats running	HIGH_THIN_CONTENT_RISK	low	medium	out_of_window	medium	NEEDS_DATA	no venue data for this country, so the page can only describe seasonality and cannot name anywhere to go	DEMAND_UNMEASURED	0/1980	
C004143	/fr/sport/jakarta-running/	sport	sport.city-season	city-activity-seasonality	1642911:running	Jakarta running		ID		Jakarta	fr	fr-FR							no										none		nasa-power-daily	partial	CC BY 4.0; 'There are no restrictions on the use, access, and/or download of data from the NASA POWER Project' (AWS Open Data Registry entry)	CC BY 4.0 for climate; no venue data for this country	partial, seasonality only and nowhere named	high, the answer differs by city and by activity; Tokyo in July suits swimming and defeats running	HIGH_THIN_CONTENT_RISK	low	medium	out_of_window	medium	NEEDS_DATA	no venue data for this country, so the page can only describe seasonality and cannot name anywhere to go	DEMAND_UNMEASURED	0/1980	
C004144	/it/sport/jakarta-running/	sport	sport.city-season	city-activity-seasonality	1642911:running	Jakarta running		ID		Jakarta	it	it-IT							no										none		nasa-power-daily	partial	CC BY 4.0; 'There are no restrictions on the use, access, and/or download of data from the NASA POWER Project' (AWS Open Data Registry entry)	CC BY 4.0 for climate; no venue data for this country	partial, seasonality only and nowhere named	high, the answer differs by city and by activity; Tokyo in July suits swimming and defeats running	HIGH_THIN_CONTENT_RISK	low	medium	out_of_window	medium	NEEDS_DATA	no venue data for this country, so the page can only describe seasonality and cannot name anywhere to go	DEMAND_UNMEASURED	0/1980	
C004145	/ja/sport/jakarta-running/	sport	sport.city-season	city-activity-seasonality	1642911:running	Jakarta running		ID		Jakarta	ja	ja-JP							no										none		nasa-power-daily	partial	CC BY 4.0; 'There are no restrictions on the use, access, and/or download of data from the NASA POWER Project' (AWS Open Data Registry entry)	CC BY 4.0 for climate; no venue data for this country	partial, seasonality only and nowhere named	high, the answer differs by city and by activity; Tokyo in July suits swimming and defeats running	HIGH_THIN_CONTENT_RISK	low	medium	out_of_window	medium	NEEDS_DATA	no venue data for this country, so the page can only describe seasonality and cannot name anywhere to go	DEMAND_UNMEASURED	0/1980	
C004146	/nl/sport/jakarta-running/	sport	sport.city-season	city-activity-seasonality	1642911:running	Jakarta running		ID		Jakarta	nl	nl-NL							no										none		nasa-power-daily	partial	CC BY 4.0; 'There are no restrictions on the use, access, and/or download of data from the NASA POWER Project' (AWS Open Data Registry entry)	CC BY 4.0 for climate; no venue data for this country	partial, seasonality only and nowhere named	high, the answer differs by city and by activity; Tokyo in July suits swimming and defeats running	HIGH_THIN_CONTENT_RISK	low	medium	out_of_window	medium	NEEDS_DATA	no venue data for this country, so the page can only describe seasonality and cannot name anywhere to go	DEMAND_UNMEASURED	0/1980	
C004147	/pl/sport/jakarta-running/	sport	sport.city-season	city-activity-seasonality	1642911:running	Jakarta running		ID		Jakarta	pl	pl-PL							no										none		nasa-power-daily	partial	CC BY 4.0; 'There are no restrictions on the use, access, and/or download of data from the NASA POWER Project' (AWS Open Data Registry entry)	CC BY 4.0 for climate; no venue data for this country	partial, seasonality only and nowhere named	high, the answer differs by city and by activity; Tokyo in July suits swimming and defeats running	HIGH_THIN_CONTENT_RISK	low	medium	out_of_window	medium	NEEDS_DATA	no venue data for this country, so the page can only describe seasonality and cannot name anywhere to go	DEMAND_UNMEASURED	0/1980	
C004148	/pt/desporto/jakarta-running/	sport	sport.city-season	city-activity-seasonality	1642911:running	Jakarta running		ID		Jakarta	pt	pt-BR							no										none		nasa-power-daily	partial	CC BY 4.0; 'There are no restrictions on the use, access, and/or download of data from the NASA POWER Project' (AWS Open Data Registry entry)	CC BY 4.0 for climate; no venue data for this country	partial, seasonality only and nowhere named	high, the answer differs by city and by activity; Tokyo in July suits swimming and defeats running	HIGH_THIN_CONTENT_RISK	low	medium	out_of_window	medium	NEEDS_DATA	no venue data for this country, so the page can only describe seasonality and cannot name anywhere to go	DEMAND_UNMEASURED	0/1980	
C004149	/de/sport/jakarta-cycling/	sport	sport.city-season	city-activity-seasonality	1642911:cycling	Jakarta cycling		ID		Jakarta	de	de-DE							no										none		nasa-power-daily	partial	CC BY 4.0; 'There are no restrictions on the use, access, and/or download of data from the NASA POWER Project' (AWS Open Data Registry entry)	CC BY 4.0 for climate; no venue data for this country	partial, seasonality only and nowhere named	high, the answer differs by city and by activity; Tokyo in July suits swimming and defeats running	HIGH_THIN_CONTENT_RISK	low	medium	out_of_window	medium	NEEDS_DATA	no venue data for this country, so the page can only describe seasonality and cannot name anywhere to go	DEMAND_UNMEASURED	0/1980	
C004150	/en/sport/jakarta-cycling/	sport	sport.city-season	city-activity-seasonality	1642911:cycling	Jakarta cycling		ID		Jakarta	en	en-US							no										none		nasa-power-daily	partial	CC BY 4.0; 'There are no restrictions on the use, access, and/or download of data from the NASA POWER Project' (AWS Open Data Registry entry)	CC BY 4.0 for climate; no venue data for this country	partial, seasonality only and nowhere named	high, the answer differs by city and by activity; Tokyo in July suits swimming and defeats running	HIGH_THIN_CONTENT_RISK	low	medium	out_of_window	medium	NEEDS_DATA	no venue data for this country, so the page can only describe seasonality and cannot name anywhere to go	DEMAND_UNMEASURED	0/1980	
C004151	/es/deporte/jakarta-cycling/	sport	sport.city-season	city-activity-seasonality	1642911:cycling	Jakarta cycling		ID		Jakarta	es	es-ES							no										none		nasa-power-daily	partial	CC BY 4.0; 'There are no restrictions on the use, access, and/or download of data from the NASA POWER Project' (AWS Open Data Registry entry)	CC BY 4.0 for climate; no venue data for this country	partial, seasonality only and nowhere named	high, the answer differs by city and by activity; Tokyo in July suits swimming and defeats running	HIGH_THIN_CONTENT_RISK	low	medium	out_of_window	medium	NEEDS_DATA	no venue data for this country, so the page can only describe seasonality and cannot name anywhere to go	DEMAND_UNMEASURED	0/1980	
C004152	/fr/sport/jakarta-cycling/	sport	sport.city-season	city-activity-seasonality	1642911:cycling	Jakarta cycling		ID		Jakarta	fr	fr-FR							no										none		nasa-power-daily	partial	CC BY 4.0; 'There are no restrictions on the use, access, and/or download of data from the NASA POWER Project' (AWS Open Data Registry entry)	CC BY 4.0 for climate; no venue data for this country	partial, seasonality only and nowhere named	high, the answer differs by city and by activity; Tokyo in July suits swimming and defeats running	HIGH_THIN_CONTENT_RISK	low	medium	out_of_window	medium	NEEDS_DATA	no venue data for this country, so the page can only describe seasonality and cannot name anywhere to go	DEMAND_UNMEASURED	0/1980	
C004153	/it/sport/jakarta-cycling/	sport	sport.city-season	city-activity-seasonality	1642911:cycling	Jakarta cycling		ID		Jakarta	it	it-IT							no										none		nasa-power-daily	partial	CC BY 4.0; 'There are no restrictions on the use, access, and/or download of data from the NASA POWER Project' (AWS Open Data Registry entry)	CC BY 4.0 for climate; no venue data for this country	partial, seasonality only and nowhere named	high, the answer differs by city and by activity; Tokyo in July suits swimming and defeats running	HIGH_THIN_CONTENT_RISK	low	medium	out_of_window	medium	NEEDS_DATA	no venue data for this country, so the page can only describe seasonality and cannot name anywhere to go	DEMAND_UNMEASURED	0/1980	
C004154	/ja/sport/jakarta-cycling/	sport	sport.city-season	city-activity-seasonality	1642911:cycling	Jakarta cycling		ID		Jakarta	ja	ja-JP							no										none		nasa-power-daily	partial	CC BY 4.0; 'There are no restrictions on the use, access, and/or download of data from the NASA POWER Project' (AWS Open Data Registry entry)	CC BY 4.0 for climate; no venue data for this country	partial, seasonality only and nowhere named	high, the answer differs by city and by activity; Tokyo in July suits swimming and defeats running	HIGH_THIN_CONTENT_RISK	low	medium	out_of_window	medium	NEEDS_DATA	no venue data for this country, so the page can only describe seasonality and cannot name anywhere to go	DEMAND_UNMEASURED	0/1980	
C004155	/nl/sport/jakarta-cycling/	sport	sport.city-season	city-activity-seasonality	1642911:cycling	Jakarta cycling		ID		Jakarta	nl	nl-NL							no										none		nasa-power-daily	partial	CC BY 4.0; 'There are no restrictions on the use, access, and/or download of data from the NASA POWER Project' (AWS Open Data Registry entry)	CC BY 4.0 for climate; no venue data for this country	partial, seasonality only and nowhere named	high, the answer differs by city and by activity; Tokyo in July suits swimming and defeats running	HIGH_THIN_CONTENT_RISK	low	medium	out_of_window	medium	NEEDS_DATA	no venue data for this country, so the page can only describe seasonality and cannot name anywhere to go	DEMAND_UNMEASURED	0/1980	
C004156	/pl/sport/jakarta-cycling/	sport	sport.city-season	city-activity-seasonality	1642911:cycling	Jakarta cycling		ID		Jakarta	pl	pl-PL							no										none		nasa-power-daily	partial	CC BY 4.0; 'There are no restrictions on the use, access, and/or download of data from the NASA POWER Project' (AWS Open Data Registry entry)	CC BY 4.0 for climate; no venue data for this country	partial, seasonality only and nowhere named	high, the answer differs by city and by activity; Tokyo in July suits swimming and defeats running	HIGH_THIN_CONTENT_RISK	low	medium	out_of_window	medium	NEEDS_DATA	no venue data for this country, so the page can only describe seasonality and cannot name anywhere to go	DEMAND_UNMEASURED	0/1980	
C004157	/pt/desporto/jakarta-cycling/	sport	sport.city-season	city-activity-seasonality	1642911:cycling	Jakarta cycling		ID		Jakarta	pt	pt-BR							no										none		nasa-power-daily	partial	CC BY 4.0; 'There are no restrictions on the use, access, and/or download of data from the NASA POWER Project' (AWS Open Data Registry entry)	CC BY 4.0 for climate; no venue data for this country	partial, seasonality only and nowhere named	high, the answer differs by city and by activity; Tokyo in July suits swimming and defeats running	HIGH_THIN_CONTENT_RISK	low	medium	out_of_window	medium	NEEDS_DATA	no venue data for this country, so the page can only describe seasonality and cannot name anywhere to go	DEMAND_UNMEASURED	0/1980	
C004158	/de/sport/jakarta-hiking/	sport	sport.city-season	city-activity-seasonality	1642911:hiking	Jakarta hiking		ID		Jakarta	de	de-DE							no										none		nasa-power-daily	partial	CC BY 4.0; 'There are no restrictions on the use, access, and/or download of data from the NASA POWER Project' (AWS Open Data Registry entry)	CC BY 4.0 for climate; no venue data for this country	partial, seasonality only and nowhere named	high, the answer differs by city and by activity; Tokyo in July suits swimming and defeats running	HIGH_THIN_CONTENT_RISK	low	medium	out_of_window	medium	NEEDS_DATA	no venue data for this country, so the page can only describe seasonality and cannot name anywhere to go	DEMAND_UNMEASURED	0/1980	
C004159	/en/sport/jakarta-hiking/	sport	sport.city-season	city-activity-seasonality	1642911:hiking	Jakarta hiking		ID		Jakarta	en	en-US							no										none		nasa-power-daily	partial	CC BY 4.0; 'There are no restrictions on the use, access, and/or download of data from the NASA POWER Project' (AWS Open Data Registry entry)	CC BY 4.0 for climate; no venue data for this country	partial, seasonality only and nowhere named	high, the answer differs by city and by activity; Tokyo in July suits swimming and defeats running	HIGH_THIN_CONTENT_RISK	low	medium	out_of_window	medium	NEEDS_DATA	no venue data for this country, so the page can only describe seasonality and cannot name anywhere to go	DEMAND_UNMEASURED	0/1980	
C004160	/es/deporte/jakarta-hiking/	sport	sport.city-season	city-activity-seasonality	1642911:hiking	Jakarta hiking		ID		Jakarta	es	es-ES							no										none		nasa-power-daily	partial	CC BY 4.0; 'There are no restrictions on the use, access, and/or download of data from the NASA POWER Project' (AWS Open Data Registry entry)	CC BY 4.0 for climate; no venue data for this country	partial, seasonality only and nowhere named	high, the answer differs by city and by activity; Tokyo in July suits swimming and defeats running	HIGH_THIN_CONTENT_RISK	low	medium	out_of_window	medium	NEEDS_DATA	no venue data for this country, so the page can only describe seasonality and cannot name anywhere to go	DEMAND_UNMEASURED	0/1980	
C004161	/fr/sport/jakarta-hiking/	sport	sport.city-season	city-activity-seasonality	1642911:hiking	Jakarta hiking		ID		Jakarta	fr	fr-FR							no										none		nasa-power-daily	partial	CC BY 4.0; 'There are no restrictions on the use, access, and/or download of data from the NASA POWER Project' (AWS Open Data Registry entry)	CC BY 4.0 for climate; no venue data for this country	partial, seasonality only and nowhere named	high, the answer differs by city and by activity; Tokyo in July suits swimming and defeats running	HIGH_THIN_CONTENT_RISK	low	medium	out_of_window	medium	NEEDS_DATA	no venue data for this country, so the page can only describe seasonality and cannot name anywhere to go	DEMAND_UNMEASURED	0/1980	
C004162	/it/sport/jakarta-hiking/	sport	sport.city-season	city-activity-seasonality	1642911:hiking	Jakarta hiking		ID		Jakarta	it	it-IT							no										none		nasa-power-daily	partial	CC BY 4.0; 'There are no restrictions on the use, access, and/or download of data from the NASA POWER Project' (AWS Open Data Registry entry)	CC BY 4.0 for climate; no venue data for this country	partial, seasonality only and nowhere named	high, the answer differs by city and by activity; Tokyo in July suits swimming and defeats running	HIGH_THIN_CONTENT_RISK	low	medium	out_of_window	medium	NEEDS_DATA	no venue data for this country, so the page can only describe seasonality and cannot name anywhere to go	DEMAND_UNMEASURED	0/1980	
C004163	/ja/sport/jakarta-hiking/	sport	sport.city-season	city-activity-seasonality	1642911:hiking	Jakarta hiking		ID		Jakarta	ja	ja-JP							no										none		nasa-power-daily	partial	CC BY 4.0; 'There are no restrictions on the use, access, and/or download of data from the NASA POWER Project' (AWS Open Data Registry entry)	CC BY 4.0 for climate; no venue data for this country	partial, seasonality only and nowhere named	high, the answer differs by city and by activity; Tokyo in July suits swimming and defeats running	HIGH_THIN_CONTENT_RISK	low	medium	out_of_window	medium	NEEDS_DATA	no venue data for this country, so the page can only describe seasonality and cannot name anywhere to go	DEMAND_UNMEASURED	0/1980	
C004164	/nl/sport/jakarta-hiking/	sport	sport.city-season	city-activity-seasonality	1642911:hiking	Jakarta hiking		ID		Jakarta	nl	nl-NL							no										none		nasa-power-daily	partial	CC BY 4.0; 'There are no restrictions on the use, access, and/or download of data from the NASA POWER Project' (AWS Open Data Registry entry)	CC BY 4.0 for climate; no venue data for this country	partial, seasonality only and nowhere named	high, the answer differs by city and by activity; Tokyo in July suits swimming and defeats running	HIGH_THIN_CONTENT_RISK	low	medium	out_of_window	medium	NEEDS_DATA	no venue data for this country, so the page can only describe seasonality and cannot name anywhere to go	DEMAND_UNMEASURED	0/1980	
C004165	/pl/sport/jakarta-hiking/	sport	sport.city-season	city-activity-seasonality	1642911:hiking	Jakarta hiking		ID		Jakarta	pl	pl-PL							no										none		nasa-power-daily	partial	CC BY 4.0; 'There are no restrictions on the use, access, and/or download of data from the NASA POWER Project' (AWS Open Data Registry entry)	CC BY 4.0 for climate; no venue data for this country	partial, seasonality only and nowhere named	high, the answer differs by city and by activity; Tokyo in July suits swimming and defeats running	HIGH_THIN_CONTENT_RISK	low	medium	out_of_window	medium	NEEDS_DATA	no venue data for this country, so the page can only describe seasonality and cannot name anywhere to go	DEMAND_UNMEASURED	0/1980	
C004166	/pt/desporto/jakarta-hiking/	sport	sport.city-season	city-activity-seasonality	1642911:hiking	Jakarta hiking		ID		Jakarta	pt	pt-BR							no										none		nasa-power-daily	partial	CC BY 4.0; 'There are no restrictions on the use, access, and/or download of data from the NASA POWER Project' (AWS Open Data Registry entry)	CC BY 4.0 for climate; no venue data for this country	partial, seasonality only and nowhere named	high, the answer differs by city and by activity; Tokyo in July suits swimming and defeats running	HIGH_THIN_CONTENT_RISK	low	medium	out_of_window	medium	NEEDS_DATA	no venue data for this country, so the page can only describe seasonality and cannot name anywhere to go	DEMAND_UNMEASURED	0/1980	
C004167	/de/sport/jakarta-swimming/	sport	sport.city-season	city-activity-seasonality	1642911:swimming	Jakarta swimming		ID		Jakarta	de	de-DE							no										none		nasa-power-daily	partial	CC BY 4.0; 'There are no restrictions on the use, access, and/or download of data from the NASA POWER Project' (AWS Open Data Registry entry)	CC BY 4.0 for climate; no venue data for this country	partial, seasonality only and nowhere named	high, the answer differs by city and by activity; Tokyo in July suits swimming and defeats running	HIGH_THIN_CONTENT_RISK	low	medium	out_of_window	medium	NEEDS_DATA	no venue data for this country, so the page can only describe seasonality and cannot name anywhere to go	DEMAND_UNMEASURED	0/1980	
C004168	/en/sport/jakarta-swimming/	sport	sport.city-season	city-activity-seasonality	1642911:swimming	Jakarta swimming		ID		Jakarta	en	en-US							no										none		nasa-power-daily	partial	CC BY 4.0; 'There are no restrictions on the use, access, and/or download of data from the NASA POWER Project' (AWS Open Data Registry entry)	CC BY 4.0 for climate; no venue data for this country	partial, seasonality only and nowhere named	high, the answer differs by city and by activity; Tokyo in July suits swimming and defeats running	HIGH_THIN_CONTENT_RISK	low	medium	out_of_window	medium	NEEDS_DATA	no venue data for this country, so the page can only describe seasonality and cannot name anywhere to go	DEMAND_UNMEASURED	0/1980	
C004169	/es/deporte/jakarta-swimming/	sport	sport.city-season	city-activity-seasonality	1642911:swimming	Jakarta swimming		ID		Jakarta	es	es-ES							no										none		nasa-power-daily	partial	CC BY 4.0; 'There are no restrictions on the use, access, and/or download of data from the NASA POWER Project' (AWS Open Data Registry entry)	CC BY 4.0 for climate; no venue data for this country	partial, seasonality only and nowhere named	high, the answer differs by city and by activity; Tokyo in July suits swimming and defeats running	HIGH_THIN_CONTENT_RISK	low	medium	out_of_window	medium	NEEDS_DATA	no venue data for this country, so the page can only describe seasonality and cannot name anywhere to go	DEMAND_UNMEASURED	0/1980	
C004170	/fr/sport/jakarta-swimming/	sport	sport.city-season	city-activity-seasonality	1642911:swimming	Jakarta swimming		ID		Jakarta	fr	fr-FR							no										none		nasa-power-daily	partial	CC BY 4.0; 'There are no restrictions on the use, access, and/or download of data from the NASA POWER Project' (AWS Open Data Registry entry)	CC BY 4.0 for climate; no venue data for this country	partial, seasonality only and nowhere named	high, the answer differs by city and by activity; Tokyo in July suits swimming and defeats running	HIGH_THIN_CONTENT_RISK	low	medium	out_of_window	medium	NEEDS_DATA	no venue data for this country, so the page can only describe seasonality and cannot name anywhere to go	DEMAND_UNMEASURED	0/1980	
C004171	/it/sport/jakarta-swimming/	sport	sport.city-season	city-activity-seasonality	1642911:swimming	Jakarta swimming		ID		Jakarta	it	it-IT							no										none		nasa-power-daily	partial	CC BY 4.0; 'There are no restrictions on the use, access, and/or download of data from the NASA POWER Project' (AWS Open Data Registry entry)	CC BY 4.0 for climate; no venue data for this country	partial, seasonality only and nowhere named	high, the answer differs by city and by activity; Tokyo in July suits swimming and defeats running	HIGH_THIN_CONTENT_RISK	low	medium	out_of_window	medium	NEEDS_DATA	no venue data for this country, so the page can only describe seasonality and cannot name anywhere to go	DEMAND_UNMEASURED	0/1980	
C004172	/ja/sport/jakarta-swimming/	sport	sport.city-season	city-activity-seasonality	1642911:swimming	Jakarta swimming		ID		Jakarta	ja	ja-JP							no										none		nasa-power-daily	partial	CC BY 4.0; 'There are no restrictions on the use, access, and/or download of data from the NASA POWER Project' (AWS Open Data Registry entry)	CC BY 4.0 for climate; no venue data for this country	partial, seasonality only and nowhere named	high, the answer differs by city and by activity; Tokyo in July suits swimming and defeats running	HIGH_THIN_CONTENT_RISK	low	medium	out_of_window	medium	NEEDS_DATA	no venue data for this country, so the page can only describe seasonality and cannot name anywhere to go	DEMAND_UNMEASURED	0/1980	
C004173	/nl/sport/jakarta-swimming/	sport	sport.city-season	city-activity-seasonality	1642911:swimming	Jakarta swimming		ID		Jakarta	nl	nl-NL							no										none		nasa-power-daily	partial	CC BY 4.0; 'There are no restrictions on the use, access, and/or download of data from the NASA POWER Project' (AWS Open Data Registry entry)	CC BY 4.0 for climate; no venue data for this country	partial, seasonality only and nowhere named	high, the answer differs by city and by activity; Tokyo in July suits swimming and defeats running	HIGH_THIN_CONTENT_RISK	low	medium	out_of_window	medium	NEEDS_DATA	no venue data for this country, so the page can only describe seasonality and cannot name anywhere to go	DEMAND_UNMEASURED	0/1980	
C004174	/pl/sport/jakarta-swimming/	sport	sport.city-season	city-activity-seasonality	1642911:swimming	Jakarta swimming		ID		Jakarta	pl	pl-PL							no										none		nasa-power-daily	partial	CC BY 4.0; 'There are no restrictions on the use, access, and/or download of data from the NASA POWER Project' (AWS Open Data Registry entry)	CC BY 4.0 for climate; no venue data for this country	partial, seasonality only and nowhere named	high, the answer differs by city and by activity; Tokyo in July suits swimming and defeats running	HIGH_THIN_CONTENT_RISK	low	medium	out_of_window	medium	NEEDS_DATA	no venue data for this country, so the page can only describe seasonality and cannot name anywhere to go	DEMAND_UNMEASURED	0/1980	
C004175	/pt/desporto/jakarta-swimming/	sport	sport.city-season	city-activity-seasonality	1642911:swimming	Jakarta swimming		ID		Jakarta	pt	pt-BR							no										none		nasa-power-daily	partial	CC BY 4.0; 'There are no restrictions on the use, access, and/or download of data from the NASA POWER Project' (AWS Open Data Registry entry)	CC BY 4.0 for climate; no venue data for this country	partial, seasonality only and nowhere named	high, the answer differs by city and by activity; Tokyo in July suits swimming and defeats running	HIGH_THIN_CONTENT_RISK	low	medium	out_of_window	medium	NEEDS_DATA	no venue data for this country, so the page can only describe seasonality and cannot name anywhere to go	DEMAND_UNMEASURED	0/1980	
C004176	/de/sport/denpasar-running/	sport	sport.city-season	city-activity-seasonality	1645528:running	Denpasar running		ID		Denpasar	de	de-DE							no										none		nasa-power-daily	partial	CC BY 4.0; 'There are no restrictions on the use, access, and/or download of data from the NASA POWER Project' (AWS Open Data Registry entry)	CC BY 4.0 for climate; no venue data for this country	partial, seasonality only and nowhere named	high, the answer differs by city and by activity; Tokyo in July suits swimming and defeats running	HIGH_THIN_CONTENT_RISK	low	medium	out_of_window	medium	NEEDS_DATA	no venue data for this country, so the page can only describe seasonality and cannot name anywhere to go	DEMAND_UNMEASURED	0/1980	
C004177	/en/sport/denpasar-running/	sport	sport.city-season	city-activity-seasonality	1645528:running	Denpasar running		ID		Denpasar	en	en-US							no										none		nasa-power-daily	partial	CC BY 4.0; 'There are no restrictions on the use, access, and/or download of data from the NASA POWER Project' (AWS Open Data Registry entry)	CC BY 4.0 for climate; no venue data for this country	partial, seasonality only and nowhere named	high, the answer differs by city and by activity; Tokyo in July suits swimming and defeats running	HIGH_THIN_CONTENT_RISK	low	medium	out_of_window	medium	NEEDS_DATA	no venue data for this country, so the page can only describe seasonality and cannot name anywhere to go	DEMAND_UNMEASURED	0/1980	
C004178	/es/deporte/denpasar-running/	sport	sport.city-season	city-activity-seasonality	1645528:running	Denpasar running		ID		Denpasar	es	es-ES							no										none		nasa-power-daily	partial	CC BY 4.0; 'There are no restrictions on the use, access, and/or download of data from the NASA POWER Project' (AWS Open Data Registry entry)	CC BY 4.0 for climate; no venue data for this country	partial, seasonality only and nowhere named	high, the answer differs by city and by activity; Tokyo in July suits swimming and defeats running	HIGH_THIN_CONTENT_RISK	low	medium	out_of_window	medium	NEEDS_DATA	no venue data for this country, so the page can only describe seasonality and cannot name anywhere to go	DEMAND_UNMEASURED	0/1980	
C004179	/fr/sport/denpasar-running/	sport	sport.city-season	city-activity-seasonality	1645528:running	Denpasar running		ID		Denpasar	fr	fr-FR							no										none		nasa-power-daily	partial	CC BY 4.0; 'There are no restrictions on the use, access, and/or download of data from the NASA POWER Project' (AWS Open Data Registry entry)	CC BY 4.0 for climate; no venue data for this country	partial, seasonality only and nowhere named	high, the answer differs by city and by activity; Tokyo in July suits swimming and defeats running	HIGH_THIN_CONTENT_RISK	low	medium	out_of_window	medium	NEEDS_DATA	no venue data for this country, so the page can only describe seasonality and cannot name anywhere to go	DEMAND_UNMEASURED	0/1980	
C004180	/it/sport/denpasar-running/	sport	sport.city-season	city-activity-seasonality	1645528:running	Denpasar running		ID		Denpasar	it	it-IT							no										none		nasa-power-daily	partial	CC BY 4.0; 'There are no restrictions on the use, access, and/or download of data from the NASA POWER Project' (AWS Open Data Registry entry)	CC BY 4.0 for climate; no venue data for this country	partial, seasonality only and nowhere named	high, the answer differs by city and by activity; Tokyo in July suits swimming and defeats running	HIGH_THIN_CONTENT_RISK	low	medium	out_of_window	medium	NEEDS_DATA	no venue data for this country, so the page can only describe seasonality and cannot name anywhere to go	DEMAND_UNMEASURED	0/1980	
C004181	/ja/sport/denpasar-running/	sport	sport.city-season	city-activity-seasonality	1645528:running	Denpasar running		ID		Denpasar	ja	ja-JP							no										none		nasa-power-daily	partial	CC BY 4.0; 'There are no restrictions on the use, access, and/or download of data from the NASA POWER Project' (AWS Open Data Registry entry)	CC BY 4.0 for climate; no venue data for this country	partial, seasonality only and nowhere named	high, the answer differs by city and by activity; Tokyo in July suits swimming and defeats running	HIGH_THIN_CONTENT_RISK	low	medium	out_of_window	medium	NEEDS_DATA	no venue data for this country, so the page can only describe seasonality and cannot name anywhere to go	DEMAND_UNMEASURED	0/1980	
C004182	/nl/sport/denpasar-running/	sport	sport.city-season	city-activity-seasonality	1645528:running	Denpasar running		ID		Denpasar	nl	nl-NL							no										none		nasa-power-daily	partial	CC BY 4.0; 'There are no restrictions on the use, access, and/or download of data from the NASA POWER Project' (AWS Open Data Registry entry)	CC BY 4.0 for climate; no venue data for this country	partial, seasonality only and nowhere named	high, the answer differs by city and by activity; Tokyo in July suits swimming and defeats running	HIGH_THIN_CONTENT_RISK	low	medium	out_of_window	medium	NEEDS_DATA	no venue data for this country, so the page can only describe seasonality and cannot name anywhere to go	DEMAND_UNMEASURED	0/1980	
C004183	/pl/sport/denpasar-running/	sport	sport.city-season	city-activity-seasonality	1645528:running	Denpasar running		ID		Denpasar	pl	pl-PL							no										none		nasa-power-daily	partial	CC BY 4.0; 'There are no restrictions on the use, access, and/or download of data from the NASA POWER Project' (AWS Open Data Registry entry)	CC BY 4.0 for climate; no venue data for this country	partial, seasonality only and nowhere named	high, the answer differs by city and by activity; Tokyo in July suits swimming and defeats running	HIGH_THIN_CONTENT_RISK	low	medium	out_of_window	medium	NEEDS_DATA	no venue data for this country, so the page can only describe seasonality and cannot name anywhere to go	DEMAND_UNMEASURED	0/1980	
C004184	/pt/desporto/denpasar-running/	sport	sport.city-season	city-activity-seasonality	1645528:running	Denpasar running		ID		Denpasar	pt	pt-BR							no										none		nasa-power-daily	partial	CC BY 4.0; 'There are no restrictions on the use, access, and/or download of data from the NASA POWER Project' (AWS Open Data Registry entry)	CC BY 4.0 for climate; no venue data for this country	partial, seasonality only and nowhere named	high, the answer differs by city and by activity; Tokyo in July suits swimming and defeats running	HIGH_THIN_CONTENT_RISK	low	medium	out_of_window	medium	NEEDS_DATA	no venue data for this country, so the page can only describe seasonality and cannot name anywhere to go	DEMAND_UNMEASURED	0/1980	
C004185	/de/sport/denpasar-cycling/	sport	sport.city-season	city-activity-seasonality	1645528:cycling	Denpasar cycling		ID		Denpasar	de	de-DE							no										none		nasa-power-daily	partial	CC BY 4.0; 'There are no restrictions on the use, access, and/or download of data from the NASA POWER Project' (AWS Open Data Registry entry)	CC BY 4.0 for climate; no venue data for this country	partial, seasonality only and nowhere named	high, the answer differs by city and by activity; Tokyo in July suits swimming and defeats running	HIGH_THIN_CONTENT_RISK	low	medium	out_of_window	medium	NEEDS_DATA	no venue data for this country, so the page can only describe seasonality and cannot name anywhere to go	DEMAND_UNMEASURED	0/1980	
C004186	/en/sport/denpasar-cycling/	sport	sport.city-season	city-activity-seasonality	1645528:cycling	Denpasar cycling		ID		Denpasar	en	en-US							no										none		nasa-power-daily	partial	CC BY 4.0; 'There are no restrictions on the use, access, and/or download of data from the NASA POWER Project' (AWS Open Data Registry entry)	CC BY 4.0 for climate; no venue data for this country	partial, seasonality only and nowhere named	high, the answer differs by city and by activity; Tokyo in July suits swimming and defeats running	HIGH_THIN_CONTENT_RISK	low	medium	out_of_window	medium	NEEDS_DATA	no venue data for this country, so the page can only describe seasonality and cannot name anywhere to go	DEMAND_UNMEASURED	0/1980	
C004187	/es/deporte/denpasar-cycling/	sport	sport.city-season	city-activity-seasonality	1645528:cycling	Denpasar cycling		ID		Denpasar	es	es-ES							no										none		nasa-power-daily	partial	CC BY 4.0; 'There are no restrictions on the use, access, and/or download of data from the NASA POWER Project' (AWS Open Data Registry entry)	CC BY 4.0 for climate; no venue data for this country	partial, seasonality only and nowhere named	high, the answer differs by city and by activity; Tokyo in July suits swimming and defeats running	HIGH_THIN_CONTENT_RISK	low	medium	out_of_window	medium	NEEDS_DATA	no venue data for this country, so the page can only describe seasonality and cannot name anywhere to go	DEMAND_UNMEASURED	0/1980	
C004188	/fr/sport/denpasar-cycling/	sport	sport.city-season	city-activity-seasonality	1645528:cycling	Denpasar cycling		ID		Denpasar	fr	fr-FR							no										none		nasa-power-daily	partial	CC BY 4.0; 'There are no restrictions on the use, access, and/or download of data from the NASA POWER Project' (AWS Open Data Registry entry)	CC BY 4.0 for climate; no venue data for this country	partial, seasonality only and nowhere named	high, the answer differs by city and by activity; Tokyo in July suits swimming and defeats running	HIGH_THIN_CONTENT_RISK	low	medium	out_of_window	medium	NEEDS_DATA	no venue data for this country, so the page can only describe seasonality and cannot name anywhere to go	DEMAND_UNMEASURED	0/1980	
C004189	/it/sport/denpasar-cycling/	sport	sport.city-season	city-activity-seasonality	1645528:cycling	Denpasar cycling		ID		Denpasar	it	it-IT							no										none		nasa-power-daily	partial	CC BY 4.0; 'There are no restrictions on the use, access, and/or download of data from the NASA POWER Project' (AWS Open Data Registry entry)	CC BY 4.0 for climate; no venue data for this country	partial, seasonality only and nowhere named	high, the answer differs by city and by activity; Tokyo in July suits swimming and defeats running	HIGH_THIN_CONTENT_RISK	low	medium	out_of_window	medium	NEEDS_DATA	no venue data for this country, so the page can only describe seasonality and cannot name anywhere to go	DEMAND_UNMEASURED	0/1980	
C004190	/ja/sport/denpasar-cycling/	sport	sport.city-season	city-activity-seasonality	1645528:cycling	Denpasar cycling		ID		Denpasar	ja	ja-JP							no										none		nasa-power-daily	partial	CC BY 4.0; 'There are no restrictions on the use, access, and/or download of data from the NASA POWER Project' (AWS Open Data Registry entry)	CC BY 4.0 for climate; no venue data for this country	partial, seasonality only and nowhere named	high, the answer differs by city and by activity; Tokyo in July suits swimming and defeats running	HIGH_THIN_CONTENT_RISK	low	medium	out_of_window	medium	NEEDS_DATA	no venue data for this country, so the page can only describe seasonality and cannot name anywhere to go	DEMAND_UNMEASURED	0/1980	
C004191	/nl/sport/denpasar-cycling/	sport	sport.city-season	city-activity-seasonality	1645528:cycling	Denpasar cycling		ID		Denpasar	nl	nl-NL							no										none		nasa-power-daily	partial	CC BY 4.0; 'There are no restrictions on the use, access, and/or download of data from the NASA POWER Project' (AWS Open Data Registry entry)	CC BY 4.0 for climate; no venue data for this country	partial, seasonality only and nowhere named	high, the answer differs by city and by activity; Tokyo in July suits swimming and defeats running	HIGH_THIN_CONTENT_RISK	low	medium	out_of_window	medium	NEEDS_DATA	no venue data for this country, so the page can only describe seasonality and cannot name anywhere to go	DEMAND_UNMEASURED	0/1980	
C004192	/pl/sport/denpasar-cycling/	sport	sport.city-season	city-activity-seasonality	1645528:cycling	Denpasar cycling		ID		Denpasar	pl	pl-PL							no										none		nasa-power-daily	partial	CC BY 4.0; 'There are no restrictions on the use, access, and/or download of data from the NASA POWER Project' (AWS Open Data Registry entry)	CC BY 4.0 for climate; no venue data for this country	partial, seasonality only and nowhere named	high, the answer differs by city and by activity; Tokyo in July suits swimming and defeats running	HIGH_THIN_CONTENT_RISK	low	medium	out_of_window	medium	NEEDS_DATA	no venue data for this country, so the page can only describe seasonality and cannot name anywhere to go	DEMAND_UNMEASURED	0/1980	
C004193	/pt/desporto/denpasar-cycling/	sport	sport.city-season	city-activity-seasonality	1645528:cycling	Denpasar cycling		ID		Denpasar	pt	pt-BR							no										none		nasa-power-daily	partial	CC BY 4.0; 'There are no restrictions on the use, access, and/or download of data from the NASA POWER Project' (AWS Open Data Registry entry)	CC BY 4.0 for climate; no venue data for this country	partial, seasonality only and nowhere named	high, the answer differs by city and by activity; Tokyo in July suits swimming and defeats running	HIGH_THIN_CONTENT_RISK	low	medium	out_of_window	medium	NEEDS_DATA	no venue data for this country, so the page can only describe seasonality and cannot name anywhere to go	DEMAND_UNMEASURED	0/1980	
C004194	/de/sport/denpasar-hiking/	sport	sport.city-season	city-activity-seasonality	1645528:hiking	Denpasar hiking		ID		Denpasar	de	de-DE							no										none		nasa-power-daily	partial	CC BY 4.0; 'There are no restrictions on the use, access, and/or download of data from the NASA POWER Project' (AWS Open Data Registry entry)	CC BY 4.0 for climate; no venue data for this country	partial, seasonality only and nowhere named	high, the answer differs by city and by activity; Tokyo in July suits swimming and defeats running	HIGH_THIN_CONTENT_RISK	low	medium	out_of_window	medium	NEEDS_DATA	no venue data for this country, so the page can only describe seasonality and cannot name anywhere to go	DEMAND_UNMEASURED	0/1980	
C004195	/en/sport/denpasar-hiking/	sport	sport.city-season	city-activity-seasonality	1645528:hiking	Denpasar hiking		ID		Denpasar	en	en-US							no										none		nasa-power-daily	partial	CC BY 4.0; 'There are no restrictions on the use, access, and/or download of data from the NASA POWER Project' (AWS Open Data Registry entry)	CC BY 4.0 for climate; no venue data for this country	partial, seasonality only and nowhere named	high, the answer differs by city and by activity; Tokyo in July suits swimming and defeats running	HIGH_THIN_CONTENT_RISK	low	medium	out_of_window	medium	NEEDS_DATA	no venue data for this country, so the page can only describe seasonality and cannot name anywhere to go	DEMAND_UNMEASURED	0/1980	
C004196	/es/deporte/denpasar-hiking/	sport	sport.city-season	city-activity-seasonality	1645528:hiking	Denpasar hiking		ID		Denpasar	es	es-ES							no										none		nasa-power-daily	partial	CC BY 4.0; 'There are no restrictions on the use, access, and/or download of data from the NASA POWER Project' (AWS Open Data Registry entry)	CC BY 4.0 for climate; no venue data for this country	partial, seasonality only and nowhere named	high, the answer differs by city and by activity; Tokyo in July suits swimming and defeats running	HIGH_THIN_CONTENT_RISK	low	medium	out_of_window	medium	NEEDS_DATA	no venue data for this country, so the page can only describe seasonality and cannot name anywhere to go	DEMAND_UNMEASURED	0/1980	
C004197	/fr/sport/denpasar-hiking/	sport	sport.city-season	city-activity-seasonality	1645528:hiking	Denpasar hiking		ID		Denpasar	fr	fr-FR							no										none		nasa-power-daily	partial	CC BY 4.0; 'There are no restrictions on the use, access, and/or download of data from the NASA POWER Project' (AWS Open Data Registry entry)	CC BY 4.0 for climate; no venue data for this country	partial, seasonality only and nowhere named	high, the answer differs by city and by activity; Tokyo in July suits swimming and defeats running	HIGH_THIN_CONTENT_RISK	low	medium	out_of_window	medium	NEEDS_DATA	no venue data for this country, so the page can only describe seasonality and cannot name anywhere to go	DEMAND_UNMEASURED	0/1980	
C004198	/it/sport/denpasar-hiking/	sport	sport.city-season	city-activity-seasonality	1645528:hiking	Denpasar hiking		ID		Denpasar	it	it-IT							no										none		nasa-power-daily	partial	CC BY 4.0; 'There are no restrictions on the use, access, and/or download of data from the NASA POWER Project' (AWS Open Data Registry entry)	CC BY 4.0 for climate; no venue data for this country	partial, seasonality only and nowhere named	high, the answer differs by city and by activity; Tokyo in July suits swimming and defeats running	HIGH_THIN_CONTENT_RISK	low	medium	out_of_window	medium	NEEDS_DATA	no venue data for this country, so the page can only describe seasonality and cannot name anywhere to go	DEMAND_UNMEASURED	0/1980	
C004199	/ja/sport/denpasar-hiking/	sport	sport.city-season	city-activity-seasonality	1645528:hiking	Denpasar hiking		ID		Denpasar	ja	ja-JP							no										none		nasa-power-daily	partial	CC BY 4.0; 'There are no restrictions on the use, access, and/or download of data from the NASA POWER Project' (AWS Open Data Registry entry)	CC BY 4.0 for climate; no venue data for this country	partial, seasonality only and nowhere named	high, the answer differs by city and by activity; Tokyo in July suits swimming and defeats running	HIGH_THIN_CONTENT_RISK	low	medium	out_of_window	medium	NEEDS_DATA	no venue data for this country, so the page can only describe seasonality and cannot name anywhere to go	DEMAND_UNMEASURED	0/1980	
C004200	/nl/sport/denpasar-hiking/	sport	sport.city-season	city-activity-seasonality	1645528:hiking	Denpasar hiking		ID		Denpasar	nl	nl-NL							no										none		nasa-power-daily	partial	CC BY 4.0; 'There are no restrictions on the use, access, and/or download of data from the NASA POWER Project' (AWS Open Data Registry entry)	CC BY 4.0 for climate; no venue data for this country	partial, seasonality only and nowhere named	high, the answer differs by city and by activity; Tokyo in July suits swimming and defeats running	HIGH_THIN_CONTENT_RISK	low	medium	out_of_window	medium	NEEDS_DATA	no venue data for this country, so the page can only describe seasonality and cannot name anywhere to go	DEMAND_UNMEASURED	0/1980	
C004201	/pl/sport/denpasar-hiking/	sport	sport.city-season	city-activity-seasonality	1645528:hiking	Denpasar hiking		ID		Denpasar	pl	pl-PL							no										none		nasa-power-daily	partial	CC BY 4.0; 'There are no restrictions on the use, access, and/or download of data from the NASA POWER Project' (AWS Open Data Registry entry)	CC BY 4.0 for climate; no venue data for this country	partial, seasonality only and nowhere named	high, the answer differs by city and by activity; Tokyo in July suits swimming and defeats running	HIGH_THIN_CONTENT_RISK	low	medium	out_of_window	medium	NEEDS_DATA	no venue data for this country, so the page can only describe seasonality and cannot name anywhere to go	DEMAND_UNMEASURED	0/1980	
C004202	/pt/desporto/denpasar-hiking/	sport	sport.city-season	city-activity-seasonality	1645528:hiking	Denpasar hiking		ID		Denpasar	pt	pt-BR							no										none		nasa-power-daily	partial	CC BY 4.0; 'There are no restrictions on the use, access, and/or download of data from the NASA POWER Project' (AWS Open Data Registry entry)	CC BY 4.0 for climate; no venue data for this country	partial, seasonality only and nowhere named	high, the answer differs by city and by activity; Tokyo in July suits swimming and defeats running	HIGH_THIN_CONTENT_RISK	low	medium	out_of_window	medium	NEEDS_DATA	no venue data for this country, so the page can only describe seasonality and cannot name anywhere to go	DEMAND_UNMEASURED	0/1980	
C004203	/de/sport/denpasar-swimming/	sport	sport.city-season	city-activity-seasonality	1645528:swimming	Denpasar swimming		ID		Denpasar	de	de-DE							no										none		nasa-power-daily	partial	CC BY 4.0; 'There are no restrictions on the use, access, and/or download of data from the NASA POWER Project' (AWS Open Data Registry entry)	CC BY 4.0 for climate; no venue data for this country	partial, seasonality only and nowhere named	high, the answer differs by city and by activity; Tokyo in July suits swimming and defeats running	HIGH_THIN_CONTENT_RISK	low	medium	out_of_window	medium	NEEDS_DATA	no venue data for this country, so the page can only describe seasonality and cannot name anywhere to go	DEMAND_UNMEASURED	0/1980	
C004204	/en/sport/denpasar-swimming/	sport	sport.city-season	city-activity-seasonality	1645528:swimming	Denpasar swimming		ID		Denpasar	en	en-US							no										none		nasa-power-daily	partial	CC BY 4.0; 'There are no restrictions on the use, access, and/or download of data from the NASA POWER Project' (AWS Open Data Registry entry)	CC BY 4.0 for climate; no venue data for this country	partial, seasonality only and nowhere named	high, the answer differs by city and by activity; Tokyo in July suits swimming and defeats running	HIGH_THIN_CONTENT_RISK	low	medium	out_of_window	medium	NEEDS_DATA	no venue data for this country, so the page can only describe seasonality and cannot name anywhere to go	DEMAND_UNMEASURED	0/1980	
C004205	/es/deporte/denpasar-swimming/	sport	sport.city-season	city-activity-seasonality	1645528:swimming	Denpasar swimming		ID		Denpasar	es	es-ES							no										none		nasa-power-daily	partial	CC BY 4.0; 'There are no restrictions on the use, access, and/or download of data from the NASA POWER Project' (AWS Open Data Registry entry)	CC BY 4.0 for climate; no venue data for this country	partial, seasonality only and nowhere named	high, the answer differs by city and by activity; Tokyo in July suits swimming and defeats running	HIGH_THIN_CONTENT_RISK	low	medium	out_of_window	medium	NEEDS_DATA	no venue data for this country, so the page can only describe seasonality and cannot name anywhere to go	DEMAND_UNMEASURED	0/1980	
C004206	/fr/sport/denpasar-swimming/	sport	sport.city-season	city-activity-seasonality	1645528:swimming	Denpasar swimming		ID		Denpasar	fr	fr-FR							no										none		nasa-power-daily	partial	CC BY 4.0; 'There are no restrictions on the use, access, and/or download of data from the NASA POWER Project' (AWS Open Data Registry entry)	CC BY 4.0 for climate; no venue data for this country	partial, seasonality only and nowhere named	high, the answer differs by city and by activity; Tokyo in July suits swimming and defeats running	HIGH_THIN_CONTENT_RISK	low	medium	out_of_window	medium	NEEDS_DATA	no venue data for this country, so the page can only describe seasonality and cannot name anywhere to go	DEMAND_UNMEASURED	0/1980	
C004207	/it/sport/denpasar-swimming/	sport	sport.city-season	city-activity-seasonality	1645528:swimming	Denpasar swimming		ID		Denpasar	it	it-IT							no										none		nasa-power-daily	partial	CC BY 4.0; 'There are no restrictions on the use, access, and/or download of data from the NASA POWER Project' (AWS Open Data Registry entry)	CC BY 4.0 for climate; no venue data for this country	partial, seasonality only and nowhere named	high, the answer differs by city and by activity; Tokyo in July suits swimming and defeats running	HIGH_THIN_CONTENT_RISK	low	medium	out_of_window	medium	NEEDS_DATA	no venue data for this country, so the page can only describe seasonality and cannot name anywhere to go	DEMAND_UNMEASURED	0/1980	
C004208	/ja/sport/denpasar-swimming/	sport	sport.city-season	city-activity-seasonality	1645528:swimming	Denpasar swimming		ID		Denpasar	ja	ja-JP							no										none		nasa-power-daily	partial	CC BY 4.0; 'There are no restrictions on the use, access, and/or download of data from the NASA POWER Project' (AWS Open Data Registry entry)	CC BY 4.0 for climate; no venue data for this country	partial, seasonality only and nowhere named	high, the answer differs by city and by activity; Tokyo in July suits swimming and defeats running	HIGH_THIN_CONTENT_RISK	low	medium	out_of_window	medium	NEEDS_DATA	no venue data for this country, so the page can only describe seasonality and cannot name anywhere to go	DEMAND_UNMEASURED	0/1980	
C004209	/nl/sport/denpasar-swimming/	sport	sport.city-season	city-activity-seasonality	1645528:swimming	Denpasar swimming		ID		Denpasar	nl	nl-NL							no										none		nasa-power-daily	partial	CC BY 4.0; 'There are no restrictions on the use, access, and/or download of data from the NASA POWER Project' (AWS Open Data Registry entry)	CC BY 4.0 for climate; no venue data for this country	partial, seasonality only and nowhere named	high, the answer differs by city and by activity; Tokyo in July suits swimming and defeats running	HIGH_THIN_CONTENT_RISK	low	medium	out_of_window	medium	NEEDS_DATA	no venue data for this country, so the page can only describe seasonality and cannot name anywhere to go	DEMAND_UNMEASURED	0/1980	
C004210	/pl/sport/denpasar-swimming/	sport	sport.city-season	city-activity-seasonality	1645528:swimming	Denpasar swimming		ID		Denpasar	pl	pl-PL							no										none		nasa-power-daily	partial	CC BY 4.0; 'There are no restrictions on the use, access, and/or download of data from the NASA POWER Project' (AWS Open Data Registry entry)	CC BY 4.0 for climate; no venue data for this country	partial, seasonality only and nowhere named	high, the answer differs by city and by activity; Tokyo in July suits swimming and defeats running	HIGH_THIN_CONTENT_RISK	low	medium	out_of_window	medium	NEEDS_DATA	no venue data for this country, so the page can only describe seasonality and cannot name anywhere to go	DEMAND_UNMEASURED	0/1980	
C004211	/pt/desporto/denpasar-swimming/	sport	sport.city-season	city-activity-seasonality	1645528:swimming	Denpasar swimming		ID		Denpasar	pt	pt-BR							no										none		nasa-power-daily	partial	CC BY 4.0; 'There are no restrictions on the use, access, and/or download of data from the NASA POWER Project' (AWS Open Data Registry entry)	CC BY 4.0 for climate; no venue data for this country	partial, seasonality only and nowhere named	high, the answer differs by city and by activity; Tokyo in July suits swimming and defeats running	HIGH_THIN_CONTENT_RISK	low	medium	out_of_window	medium	NEEDS_DATA	no venue data for this country, so the page can only describe seasonality and cannot name anywhere to go	DEMAND_UNMEASURED	0/1980	
C004536	/de/sport/marrakesh-running/	sport	sport.city-season	city-activity-seasonality	2542997:running	Marrakesh running		MA		Marrakesh	de	de-DE							no										none		nasa-power-daily	partial	CC BY 4.0; 'There are no restrictions on the use, access, and/or download of data from the NASA POWER Project' (AWS Open Data Registry entry)	CC BY 4.0 for climate; no venue data for this country	partial, seasonality only and nowhere named	high, the answer differs by city and by activity; Tokyo in July suits swimming and defeats running	HIGH_THIN_CONTENT_RISK	low	medium	out_of_window	medium	NEEDS_DATA	no venue data for this country, so the page can only describe seasonality and cannot name anywhere to go	DEMAND_UNMEASURED	0/1980	
C004537	/en/sport/marrakesh-running/	sport	sport.city-season	city-activity-seasonality	2542997:running	Marrakesh running		MA		Marrakesh	en	en-US							no										none		nasa-power-daily	partial	CC BY 4.0; 'There are no restrictions on the use, access, and/or download of data from the NASA POWER Project' (AWS Open Data Registry entry)	CC BY 4.0 for climate; no venue data for this country	partial, seasonality only and nowhere named	high, the answer differs by city and by activity; Tokyo in July suits swimming and defeats running	HIGH_THIN_CONTENT_RISK	low	medium	out_of_window	medium	NEEDS_DATA	no venue data for this country, so the page can only describe seasonality and cannot name anywhere to go	DEMAND_UNMEASURED	0/1980	
C004538	/es/deporte/marrakesh-running/	sport	sport.city-season	city-activity-seasonality	2542997:running	Marrakesh running		MA		Marrakesh	es	es-ES							no										none		nasa-power-daily	partial	CC BY 4.0; 'There are no restrictions on the use, access, and/or download of data from the NASA POWER Project' (AWS Open Data Registry entry)	CC BY 4.0 for climate; no venue data for this country	partial, seasonality only and nowhere named	high, the answer differs by city and by activity; Tokyo in July suits swimming and defeats running	HIGH_THIN_CONTENT_RISK	low	medium	out_of_window	medium	NEEDS_DATA	no venue data for this country, so the page can only describe seasonality and cannot name anywhere to go	DEMAND_UNMEASURED	0/1980	
C004539	/fr/sport/marrakesh-running/	sport	sport.city-season	city-activity-seasonality	2542997:running	Marrakesh running		MA		Marrakesh	fr	fr-FR							no										none		nasa-power-daily	partial	CC BY 4.0; 'There are no restrictions on the use, access, and/or download of data from the NASA POWER Project' (AWS Open Data Registry entry)	CC BY 4.0 for climate; no venue data for this country	partial, seasonality only and nowhere named	high, the answer differs by city and by activity; Tokyo in July suits swimming and defeats running	HIGH_THIN_CONTENT_RISK	low	medium	out_of_window	medium	NEEDS_DATA	no venue data for this country, so the page can only describe seasonality and cannot name anywhere to go	DEMAND_UNMEASURED	0/1980	
C004540	/it/sport/marrakesh-running/	sport	sport.city-season	city-activity-seasonality	2542997:running	Marrakesh running		MA		Marrakesh	it	it-IT							no										none		nasa-power-daily	partial	CC BY 4.0; 'There are no restrictions on the use, access, and/or download of data from the NASA POWER Project' (AWS Open Data Registry entry)	CC BY 4.0 for climate; no venue data for this country	partial, seasonality only and nowhere named	high, the answer differs by city and by activity; Tokyo in July suits swimming and defeats running	HIGH_THIN_CONTENT_RISK	low	medium	out_of_window	medium	NEEDS_DATA	no venue data for this country, so the page can only describe seasonality and cannot name anywhere to go	DEMAND_UNMEASURED	0/1980	
C004541	/ja/sport/marrakesh-running/	sport	sport.city-season	city-activity-seasonality	2542997:running	Marrakesh running		MA		Marrakesh	ja	ja-JP							no										none		nasa-power-daily	partial	CC BY 4.0; 'There are no restrictions on the use, access, and/or download of data from the NASA POWER Project' (AWS Open Data Registry entry)	CC BY 4.0 for climate; no venue data for this country	partial, seasonality only and nowhere named	high, the answer differs by city and by activity; Tokyo in July suits swimming and defeats running	HIGH_THIN_CONTENT_RISK	low	medium	out_of_window	medium	NEEDS_DATA	no venue data for this country, so the page can only describe seasonality and cannot name anywhere to go	DEMAND_UNMEASURED	0/1980	
C004542	/nl/sport/marrakesh-running/	sport	sport.city-season	city-activity-seasonality	2542997:running	Marrakesh running		MA		Marrakesh	nl	nl-NL							no										none		nasa-power-daily	partial	CC BY 4.0; 'There are no restrictions on the use, access, and/or download of data from the NASA POWER Project' (AWS Open Data Registry entry)	CC BY 4.0 for climate; no venue data for this country	partial, seasonality only and nowhere named	high, the answer differs by city and by activity; Tokyo in July suits swimming and defeats running	HIGH_THIN_CONTENT_RISK	low	medium	out_of_window	medium	NEEDS_DATA	no venue data for this country, so the page can only describe seasonality and cannot name anywhere to go	DEMAND_UNMEASURED	0/1980	
C004543	/pl/sport/marrakesh-running/	sport	sport.city-season	city-activity-seasonality	2542997:running	Marrakesh running		MA		Marrakesh	pl	pl-PL							no										none		nasa-power-daily	partial	CC BY 4.0; 'There are no restrictions on the use, access, and/or download of data from the NASA POWER Project' (AWS Open Data Registry entry)	CC BY 4.0 for climate; no venue data for this country	partial, seasonality only and nowhere named	high, the answer differs by city and by activity; Tokyo in July suits swimming and defeats running	HIGH_THIN_CONTENT_RISK	low	medium	out_of_window	medium	NEEDS_DATA	no venue data for this country, so the page can only describe seasonality and cannot name anywhere to go	DEMAND_UNMEASURED	0/1980	
C004544	/pt/desporto/marrakesh-running/	sport	sport.city-season	city-activity-seasonality	2542997:running	Marrakesh running		MA		Marrakesh	pt	pt-BR							no										none		nasa-power-daily	partial	CC BY 4.0; 'There are no restrictions on the use, access, and/or download of data from the NASA POWER Project' (AWS Open Data Registry entry)	CC BY 4.0 for climate; no venue data for this country	partial, seasonality only and nowhere named	high, the answer differs by city and by activity; Tokyo in July suits swimming and defeats running	HIGH_THIN_CONTENT_RISK	low	medium	out_of_window	medium	NEEDS_DATA	no venue data for this country, so the page can only describe seasonality and cannot name anywhere to go	DEMAND_UNMEASURED	0/1980	
C004545	/de/sport/marrakesh-cycling/	sport	sport.city-season	city-activity-seasonality	2542997:cycling	Marrakesh cycling		MA		Marrakesh	de	de-DE							no										none		nasa-power-daily	partial	CC BY 4.0; 'There are no restrictions on the use, access, and/or download of data from the NASA POWER Project' (AWS Open Data Registry entry)	CC BY 4.0 for climate; no venue data for this country	partial, seasonality only and nowhere named	high, the answer differs by city and by activity; Tokyo in July suits swimming and defeats running	HIGH_THIN_CONTENT_RISK	low	medium	out_of_window	medium	NEEDS_DATA	no venue data for this country, so the page can only describe seasonality and cannot name anywhere to go	DEMAND_UNMEASURED	0/1980	
C004546	/en/sport/marrakesh-cycling/	sport	sport.city-season	city-activity-seasonality	2542997:cycling	Marrakesh cycling		MA		Marrakesh	en	en-US							no										none		nasa-power-daily	partial	CC BY 4.0; 'There are no restrictions on the use, access, and/or download of data from the NASA POWER Project' (AWS Open Data Registry entry)	CC BY 4.0 for climate; no venue data for this country	partial, seasonality only and nowhere named	high, the answer differs by city and by activity; Tokyo in July suits swimming and defeats running	HIGH_THIN_CONTENT_RISK	low	medium	out_of_window	medium	NEEDS_DATA	no venue data for this country, so the page can only describe seasonality and cannot name anywhere to go	DEMAND_UNMEASURED	0/1980	
C004547	/es/deporte/marrakesh-cycling/	sport	sport.city-season	city-activity-seasonality	2542997:cycling	Marrakesh cycling		MA		Marrakesh	es	es-ES							no										none		nasa-power-daily	partial	CC BY 4.0; 'There are no restrictions on the use, access, and/or download of data from the NASA POWER Project' (AWS Open Data Registry entry)	CC BY 4.0 for climate; no venue data for this country	partial, seasonality only and nowhere named	high, the answer differs by city and by activity; Tokyo in July suits swimming and defeats running	HIGH_THIN_CONTENT_RISK	low	medium	out_of_window	medium	NEEDS_DATA	no venue data for this country, so the page can only describe seasonality and cannot name anywhere to go	DEMAND_UNMEASURED	0/1980	
C004548	/fr/sport/marrakesh-cycling/	sport	sport.city-season	city-activity-seasonality	2542997:cycling	Marrakesh cycling		MA		Marrakesh	fr	fr-FR							no										none		nasa-power-daily	partial	CC BY 4.0; 'There are no restrictions on the use, access, and/or download of data from the NASA POWER Project' (AWS Open Data Registry entry)	CC BY 4.0 for climate; no venue data for this country	partial, seasonality only and nowhere named	high, the answer differs by city and by activity; Tokyo in July suits swimming and defeats running	HIGH_THIN_CONTENT_RISK	low	medium	out_of_window	medium	NEEDS_DATA	no venue data for this country, so the page can only describe seasonality and cannot name anywhere to go	DEMAND_UNMEASURED	0/1980	
C004549	/it/sport/marrakesh-cycling/	sport	sport.city-season	city-activity-seasonality	2542997:cycling	Marrakesh cycling		MA		Marrakesh	it	it-IT							no										none		nasa-power-daily	partial	CC BY 4.0; 'There are no restrictions on the use, access, and/or download of data from the NASA POWER Project' (AWS Open Data Registry entry)	CC BY 4.0 for climate; no venue data for this country	partial, seasonality only and nowhere named	high, the answer differs by city and by activity; Tokyo in July suits swimming and defeats running	HIGH_THIN_CONTENT_RISK	low	medium	out_of_window	medium	NEEDS_DATA	no venue data for this country, so the page can only describe seasonality and cannot name anywhere to go	DEMAND_UNMEASURED	0/1980	
C004550	/ja/sport/marrakesh-cycling/	sport	sport.city-season	city-activity-seasonality	2542997:cycling	Marrakesh cycling		MA		Marrakesh	ja	ja-JP							no										none		nasa-power-daily	partial	CC BY 4.0; 'There are no restrictions on the use, access, and/or download of data from the NASA POWER Project' (AWS Open Data Registry entry)	CC BY 4.0 for climate; no venue data for this country	partial, seasonality only and nowhere named	high, the answer differs by city and by activity; Tokyo in July suits swimming and defeats running	HIGH_THIN_CONTENT_RISK	low	medium	out_of_window	medium	NEEDS_DATA	no venue data for this country, so the page can only describe seasonality and cannot name anywhere to go	DEMAND_UNMEASURED	0/1980	
C004551	/nl/sport/marrakesh-cycling/	sport	sport.city-season	city-activity-seasonality	2542997:cycling	Marrakesh cycling		MA		Marrakesh	nl	nl-NL							no										none		nasa-power-daily	partial	CC BY 4.0; 'There are no restrictions on the use, access, and/or download of data from the NASA POWER Project' (AWS Open Data Registry entry)	CC BY 4.0 for climate; no venue data for this country	partial, seasonality only and nowhere named	high, the answer differs by city and by activity; Tokyo in July suits swimming and defeats running	HIGH_THIN_CONTENT_RISK	low	medium	out_of_window	medium	NEEDS_DATA	no venue data for this country, so the page can only describe seasonality and cannot name anywhere to go	DEMAND_UNMEASURED	0/1980	
C004552	/pl/sport/marrakesh-cycling/	sport	sport.city-season	city-activity-seasonality	2542997:cycling	Marrakesh cycling		MA		Marrakesh	pl	pl-PL							no										none		nasa-power-daily	partial	CC BY 4.0; 'There are no restrictions on the use, access, and/or download of data from the NASA POWER Project' (AWS Open Data Registry entry)	CC BY 4.0 for climate; no venue data for this country	partial, seasonality only and nowhere named	high, the answer differs by city and by activity; Tokyo in July suits swimming and defeats running	HIGH_THIN_CONTENT_RISK	low	medium	out_of_window	medium	NEEDS_DATA	no venue data for this country, so the page can only describe seasonality and cannot name anywhere to go	DEMAND_UNMEASURED	0/1980	
C004553	/pt/desporto/marrakesh-cycling/	sport	sport.city-season	city-activity-seasonality	2542997:cycling	Marrakesh cycling		MA		Marrakesh	pt	pt-BR							no										none		nasa-power-daily	partial	CC BY 4.0; 'There are no restrictions on the use, access, and/or download of data from the NASA POWER Project' (AWS Open Data Registry entry)	CC BY 4.0 for climate; no venue data for this country	partial, seasonality only and nowhere named	high, the answer differs by city and by activity; Tokyo in July suits swimming and defeats running	HIGH_THIN_CONTENT_RISK	low	medium	out_of_window	medium	NEEDS_DATA	no venue data for this country, so the page can only describe seasonality and cannot name anywhere to go	DEMAND_UNMEASURED	0/1980	
C004554	/de/sport/marrakesh-hiking/	sport	sport.city-season	city-activity-seasonality	2542997:hiking	Marrakesh hiking		MA		Marrakesh	de	de-DE							no										none		nasa-power-daily	partial	CC BY 4.0; 'There are no restrictions on the use, access, and/or download of data from the NASA POWER Project' (AWS Open Data Registry entry)	CC BY 4.0 for climate; no venue data for this country	partial, seasonality only and nowhere named	high, the answer differs by city and by activity; Tokyo in July suits swimming and defeats running	HIGH_THIN_CONTENT_RISK	low	medium	out_of_window	medium	NEEDS_DATA	no venue data for this country, so the page can only describe seasonality and cannot name anywhere to go	DEMAND_UNMEASURED	0/1980	
C004555	/en/sport/marrakesh-hiking/	sport	sport.city-season	city-activity-seasonality	2542997:hiking	Marrakesh hiking		MA		Marrakesh	en	en-US							no										none		nasa-power-daily	partial	CC BY 4.0; 'There are no restrictions on the use, access, and/or download of data from the NASA POWER Project' (AWS Open Data Registry entry)	CC BY 4.0 for climate; no venue data for this country	partial, seasonality only and nowhere named	high, the answer differs by city and by activity; Tokyo in July suits swimming and defeats running	HIGH_THIN_CONTENT_RISK	low	medium	out_of_window	medium	NEEDS_DATA	no venue data for this country, so the page can only describe seasonality and cannot name anywhere to go	DEMAND_UNMEASURED	0/1980	
C004556	/es/deporte/marrakesh-hiking/	sport	sport.city-season	city-activity-seasonality	2542997:hiking	Marrakesh hiking		MA		Marrakesh	es	es-ES							no										none		nasa-power-daily	partial	CC BY 4.0; 'There are no restrictions on the use, access, and/or download of data from the NASA POWER Project' (AWS Open Data Registry entry)	CC BY 4.0 for climate; no venue data for this country	partial, seasonality only and nowhere named	high, the answer differs by city and by activity; Tokyo in July suits swimming and defeats running	HIGH_THIN_CONTENT_RISK	low	medium	out_of_window	medium	NEEDS_DATA	no venue data for this country, so the page can only describe seasonality and cannot name anywhere to go	DEMAND_UNMEASURED	0/1980	
C004557	/fr/sport/marrakesh-hiking/	sport	sport.city-season	city-activity-seasonality	2542997:hiking	Marrakesh hiking		MA		Marrakesh	fr	fr-FR							no										none		nasa-power-daily	partial	CC BY 4.0; 'There are no restrictions on the use, access, and/or download of data from the NASA POWER Project' (AWS Open Data Registry entry)	CC BY 4.0 for climate; no venue data for this country	partial, seasonality only and nowhere named	high, the answer differs by city and by activity; Tokyo in July suits swimming and defeats running	HIGH_THIN_CONTENT_RISK	low	medium	out_of_window	medium	NEEDS_DATA	no venue data for this country, so the page can only describe seasonality and cannot name anywhere to go	DEMAND_UNMEASURED	0/1980	
C004558	/it/sport/marrakesh-hiking/	sport	sport.city-season	city-activity-seasonality	2542997:hiking	Marrakesh hiking		MA		Marrakesh	it	it-IT							no										none		nasa-power-daily	partial	CC BY 4.0; 'There are no restrictions on the use, access, and/or download of data from the NASA POWER Project' (AWS Open Data Registry entry)	CC BY 4.0 for climate; no venue data for this country	partial, seasonality only and nowhere named	high, the answer differs by city and by activity; Tokyo in July suits swimming and defeats running	HIGH_THIN_CONTENT_RISK	low	medium	out_of_window	medium	NEEDS_DATA	no venue data for this country, so the page can only describe seasonality and cannot name anywhere to go	DEMAND_UNMEASURED	0/1980	
C004559	/ja/sport/marrakesh-hiking/	sport	sport.city-season	city-activity-seasonality	2542997:hiking	Marrakesh hiking		MA		Marrakesh	ja	ja-JP							no										none		nasa-power-daily	partial	CC BY 4.0; 'There are no restrictions on the use, access, and/or download of data from the NASA POWER Project' (AWS Open Data Registry entry)	CC BY 4.0 for climate; no venue data for this country	partial, seasonality only and nowhere named	high, the answer differs by city and by activity; Tokyo in July suits swimming and defeats running	HIGH_THIN_CONTENT_RISK	low	medium	out_of_window	medium	NEEDS_DATA	no venue data for this country, so the page can only describe seasonality and cannot name anywhere to go	DEMAND_UNMEASURED	0/1980	
C004560	/nl/sport/marrakesh-hiking/	sport	sport.city-season	city-activity-seasonality	2542997:hiking	Marrakesh hiking		MA		Marrakesh	nl	nl-NL							no										none		nasa-power-daily	partial	CC BY 4.0; 'There are no restrictions on the use, access, and/or download of data from the NASA POWER Project' (AWS Open Data Registry entry)	CC BY 4.0 for climate; no venue data for this country	partial, seasonality only and nowhere named	high, the answer differs by city and by activity; Tokyo in July suits swimming and defeats running	HIGH_THIN_CONTENT_RISK	low	medium	out_of_window	medium	NEEDS_DATA	no venue data for this country, so the page can only describe seasonality and cannot name anywhere to go	DEMAND_UNMEASURED	0/1980	
C004561	/pl/sport/marrakesh-hiking/	sport	sport.city-season	city-activity-seasonality	2542997:hiking	Marrakesh hiking		MA		Marrakesh	pl	pl-PL							no										none		nasa-power-daily	partial	CC BY 4.0; 'There are no restrictions on the use, access, and/or download of data from the NASA POWER Project' (AWS Open Data Registry entry)	CC BY 4.0 for climate; no venue data for this country	partial, seasonality only and nowhere named	high, the answer differs by city and by activity; Tokyo in July suits swimming and defeats running	HIGH_THIN_CONTENT_RISK	low	medium	out_of_window	medium	NEEDS_DATA	no venue data for this country, so the page can only describe seasonality and cannot name anywhere to go	DEMAND_UNMEASURED	0/1980	
C004562	/pt/desporto/marrakesh-hiking/	sport	sport.city-season	city-activity-seasonality	2542997:hiking	Marrakesh hiking		MA		Marrakesh	pt	pt-BR							no										none		nasa-power-daily	partial	CC BY 4.0; 'There are no restrictions on the use, access, and/or download of data from the NASA POWER Project' (AWS Open Data Registry entry)	CC BY 4.0 for climate; no venue data for this country	partial, seasonality only and nowhere named	high, the answer differs by city and by activity; Tokyo in July suits swimming and defeats running	HIGH_THIN_CONTENT_RISK	low	medium	out_of_window	medium	NEEDS_DATA	no venue data for this country, so the page can only describe seasonality and cannot name anywhere to go	DEMAND_UNMEASURED	0/1980	
C004563	/de/sport/marrakesh-swimming/	sport	sport.city-season	city-activity-seasonality	2542997:swimming	Marrakesh swimming		MA		Marrakesh	de	de-DE							no										none		nasa-power-daily	partial	CC BY 4.0; 'There are no restrictions on the use, access, and/or download of data from the NASA POWER Project' (AWS Open Data Registry entry)	CC BY 4.0 for climate; no venue data for this country	partial, seasonality only and nowhere named	high, the answer differs by city and by activity; Tokyo in July suits swimming and defeats running	HIGH_THIN_CONTENT_RISK	low	medium	out_of_window	medium	NEEDS_DATA	no venue data for this country, so the page can only describe seasonality and cannot name anywhere to go	DEMAND_UNMEASURED	0/1980	
C004564	/en/sport/marrakesh-swimming/	sport	sport.city-season	city-activity-seasonality	2542997:swimming	Marrakesh swimming		MA		Marrakesh	en	en-US							no										none		nasa-power-daily	partial	CC BY 4.0; 'There are no restrictions on the use, access, and/or download of data from the NASA POWER Project' (AWS Open Data Registry entry)	CC BY 4.0 for climate; no venue data for this country	partial, seasonality only and nowhere named	high, the answer differs by city and by activity; Tokyo in July suits swimming and defeats running	HIGH_THIN_CONTENT_RISK	low	medium	out_of_window	medium	NEEDS_DATA	no venue data for this country, so the page can only describe seasonality and cannot name anywhere to go	DEMAND_UNMEASURED	0/1980	
C004565	/es/deporte/marrakesh-swimming/	sport	sport.city-season	city-activity-seasonality	2542997:swimming	Marrakesh swimming		MA		Marrakesh	es	es-ES							no										none		nasa-power-daily	partial	CC BY 4.0; 'There are no restrictions on the use, access, and/or download of data from the NASA POWER Project' (AWS Open Data Registry entry)	CC BY 4.0 for climate; no venue data for this country	partial, seasonality only and nowhere named	high, the answer differs by city and by activity; Tokyo in July suits swimming and defeats running	HIGH_THIN_CONTENT_RISK	low	medium	out_of_window	medium	NEEDS_DATA	no venue data for this country, so the page can only describe seasonality and cannot name anywhere to go	DEMAND_UNMEASURED	0/1980	
C004566	/fr/sport/marrakesh-swimming/	sport	sport.city-season	city-activity-seasonality	2542997:swimming	Marrakesh swimming		MA		Marrakesh	fr	fr-FR							no										none		nasa-power-daily	partial	CC BY 4.0; 'There are no restrictions on the use, access, and/or download of data from the NASA POWER Project' (AWS Open Data Registry entry)	CC BY 4.0 for climate; no venue data for this country	partial, seasonality only and nowhere named	high, the answer differs by city and by activity; Tokyo in July suits swimming and defeats running	HIGH_THIN_CONTENT_RISK	low	medium	out_of_window	medium	NEEDS_DATA	no venue data for this country, so the page can only describe seasonality and cannot name anywhere to go	DEMAND_UNMEASURED	0/1980	
C004567	/it/sport/marrakesh-swimming/	sport	sport.city-season	city-activity-seasonality	2542997:swimming	Marrakesh swimming		MA		Marrakesh	it	it-IT							no										none		nasa-power-daily	partial	CC BY 4.0; 'There are no restrictions on the use, access, and/or download of data from the NASA POWER Project' (AWS Open Data Registry entry)	CC BY 4.0 for climate; no venue data for this country	partial, seasonality only and nowhere named	high, the answer differs by city and by activity; Tokyo in July suits swimming and defeats running	HIGH_THIN_CONTENT_RISK	low	medium	out_of_window	medium	NEEDS_DATA	no venue data for this country, so the page can only describe seasonality and cannot name anywhere to go	DEMAND_UNMEASURED	0/1980	
C004568	/ja/sport/marrakesh-swimming/	sport	sport.city-season	city-activity-seasonality	2542997:swimming	Marrakesh swimming		MA		Marrakesh	ja	ja-JP							no										none		nasa-power-daily	partial	CC BY 4.0; 'There are no restrictions on the use, access, and/or download of data from the NASA POWER Project' (AWS Open Data Registry entry)	CC BY 4.0 for climate; no venue data for this country	partial, seasonality only and nowhere named	high, the answer differs by city and by activity; Tokyo in July suits swimming and defeats running	HIGH_THIN_CONTENT_RISK	low	medium	out_of_window	medium	NEEDS_DATA	no venue data for this country, so the page can only describe seasonality and cannot name anywhere to go	DEMAND_UNMEASURED	0/1980	
C004569	/nl/sport/marrakesh-swimming/	sport	sport.city-season	city-activity-seasonality	2542997:swimming	Marrakesh swimming		MA		Marrakesh	nl	nl-NL							no										none		nasa-power-daily	partial	CC BY 4.0; 'There are no restrictions on the use, access, and/or download of data from the NASA POWER Project' (AWS Open Data Registry entry)	CC BY 4.0 for climate; no venue data for this country	partial, seasonality only and nowhere named	high, the answer differs by city and by activity; Tokyo in July suits swimming and defeats running	HIGH_THIN_CONTENT_RISK	low	medium	out_of_window	medium	NEEDS_DATA	no venue data for this country, so the page can only describe seasonality and cannot name anywhere to go	DEMAND_UNMEASURED	0/1980	
C004570	/pl/sport/marrakesh-swimming/	sport	sport.city-season	city-activity-seasonality	2542997:swimming	Marrakesh swimming		MA		Marrakesh	pl	pl-PL							no										none		nasa-power-daily	partial	CC BY 4.0; 'There are no restrictions on the use, access, and/or download of data from the NASA POWER Project' (AWS Open Data Registry entry)	CC BY 4.0 for climate; no venue data for this country	partial, seasonality only and nowhere named	high, the answer differs by city and by activity; Tokyo in July suits swimming and defeats running	HIGH_THIN_CONTENT_RISK	low	medium	out_of_window	medium	NEEDS_DATA	no venue data for this country, so the page can only describe seasonality and cannot name anywhere to go	DEMAND_UNMEASURED	0/1980	
C004571	/pt/desporto/marrakesh-swimming/	sport	sport.city-season	city-activity-seasonality	2542997:swimming	Marrakesh swimming		MA		Marrakesh	pt	pt-BR							no										none		nasa-power-daily	partial	CC BY 4.0; 'There are no restrictions on the use, access, and/or download of data from the NASA POWER Project' (AWS Open Data Registry entry)	CC BY 4.0 for climate; no venue data for this country	partial, seasonality only and nowhere named	high, the answer differs by city and by activity; Tokyo in July suits swimming and defeats running	HIGH_THIN_CONTENT_RISK	low	medium	out_of_window	medium	NEEDS_DATA	no venue data for this country, so the page can only describe seasonality and cannot name anywhere to go	DEMAND_UNMEASURED	0/1980	
C004572	/de/sport/casablanca-running/	sport	sport.city-season	city-activity-seasonality	2553604:running	Casablanca running		MA		Casablanca	de	de-DE							no										none		nasa-power-daily	partial	CC BY 4.0; 'There are no restrictions on the use, access, and/or download of data from the NASA POWER Project' (AWS Open Data Registry entry)	CC BY 4.0 for climate; no venue data for this country	partial, seasonality only and nowhere named	high, the answer differs by city and by activity; Tokyo in July suits swimming and defeats running	HIGH_THIN_CONTENT_RISK	low	medium	out_of_window	medium	NEEDS_DATA	no venue data for this country, so the page can only describe seasonality and cannot name anywhere to go	DEMAND_UNMEASURED	0/1980	
C004573	/en/sport/casablanca-running/	sport	sport.city-season	city-activity-seasonality	2553604:running	Casablanca running		MA		Casablanca	en	en-US							no										none		nasa-power-daily	partial	CC BY 4.0; 'There are no restrictions on the use, access, and/or download of data from the NASA POWER Project' (AWS Open Data Registry entry)	CC BY 4.0 for climate; no venue data for this country	partial, seasonality only and nowhere named	high, the answer differs by city and by activity; Tokyo in July suits swimming and defeats running	HIGH_THIN_CONTENT_RISK	low	medium	out_of_window	medium	NEEDS_DATA	no venue data for this country, so the page can only describe seasonality and cannot name anywhere to go	DEMAND_UNMEASURED	0/1980	
C004574	/es/deporte/casablanca-running/	sport	sport.city-season	city-activity-seasonality	2553604:running	Casablanca running		MA		Casablanca	es	es-ES							no										none		nasa-power-daily	partial	CC BY 4.0; 'There are no restrictions on the use, access, and/or download of data from the NASA POWER Project' (AWS Open Data Registry entry)	CC BY 4.0 for climate; no venue data for this country	partial, seasonality only and nowhere named	high, the answer differs by city and by activity; Tokyo in July suits swimming and defeats running	HIGH_THIN_CONTENT_RISK	low	medium	out_of_window	medium	NEEDS_DATA	no venue data for this country, so the page can only describe seasonality and cannot name anywhere to go	DEMAND_UNMEASURED	0/1980	
C004575	/fr/sport/casablanca-running/	sport	sport.city-season	city-activity-seasonality	2553604:running	Casablanca running		MA		Casablanca	fr	fr-FR							no										none		nasa-power-daily	partial	CC BY 4.0; 'There are no restrictions on the use, access, and/or download of data from the NASA POWER Project' (AWS Open Data Registry entry)	CC BY 4.0 for climate; no venue data for this country	partial, seasonality only and nowhere named	high, the answer differs by city and by activity; Tokyo in July suits swimming and defeats running	HIGH_THIN_CONTENT_RISK	low	medium	out_of_window	medium	NEEDS_DATA	no venue data for this country, so the page can only describe seasonality and cannot name anywhere to go	DEMAND_UNMEASURED	0/1980	
C004576	/it/sport/casablanca-running/	sport	sport.city-season	city-activity-seasonality	2553604:running	Casablanca running		MA		Casablanca	it	it-IT							no										none		nasa-power-daily	partial	CC BY 4.0; 'There are no restrictions on the use, access, and/or download of data from the NASA POWER Project' (AWS Open Data Registry entry)	CC BY 4.0 for climate; no venue data for this country	partial, seasonality only and nowhere named	high, the answer differs by city and by activity; Tokyo in July suits swimming and defeats running	HIGH_THIN_CONTENT_RISK	low	medium	out_of_window	medium	NEEDS_DATA	no venue data for this country, so the page can only describe seasonality and cannot name anywhere to go	DEMAND_UNMEASURED	0/1980	
C004577	/ja/sport/casablanca-running/	sport	sport.city-season	city-activity-seasonality	2553604:running	Casablanca running		MA		Casablanca	ja	ja-JP							no										none		nasa-power-daily	partial	CC BY 4.0; 'There are no restrictions on the use, access, and/or download of data from the NASA POWER Project' (AWS Open Data Registry entry)	CC BY 4.0 for climate; no venue data for this country	partial, seasonality only and nowhere named	high, the answer differs by city and by activity; Tokyo in July suits swimming and defeats running	HIGH_THIN_CONTENT_RISK	low	medium	out_of_window	medium	NEEDS_DATA	no venue data for this country, so the page can only describe seasonality and cannot name anywhere to go	DEMAND_UNMEASURED	0/1980	
C004578	/nl/sport/casablanca-running/	sport	sport.city-season	city-activity-seasonality	2553604:running	Casablanca running		MA		Casablanca	nl	nl-NL							no										none		nasa-power-daily	partial	CC BY 4.0; 'There are no restrictions on the use, access, and/or download of data from the NASA POWER Project' (AWS Open Data Registry entry)	CC BY 4.0 for climate; no venue data for this country	partial, seasonality only and nowhere named	high, the answer differs by city and by activity; Tokyo in July suits swimming and defeats running	HIGH_THIN_CONTENT_RISK	low	medium	out_of_window	medium	NEEDS_DATA	no venue data for this country, so the page can only describe seasonality and cannot name anywhere to go	DEMAND_UNMEASURED	0/1980	
C004579	/pl/sport/casablanca-running/	sport	sport.city-season	city-activity-seasonality	2553604:running	Casablanca running		MA		Casablanca	pl	pl-PL							no										none		nasa-power-daily	partial	CC BY 4.0; 'There are no restrictions on the use, access, and/or download of data from the NASA POWER Project' (AWS Open Data Registry entry)	CC BY 4.0 for climate; no venue data for this country	partial, seasonality only and nowhere named	high, the answer differs by city and by activity; Tokyo in July suits swimming and defeats running	HIGH_THIN_CONTENT_RISK	low	medium	out_of_window	medium	NEEDS_DATA	no venue data for this country, so the page can only describe seasonality and cannot name anywhere to go	DEMAND_UNMEASURED	0/1980	
C004580	/pt/desporto/casablanca-running/	sport	sport.city-season	city-activity-seasonality	2553604:running	Casablanca running		MA		Casablanca	pt	pt-BR							no										none		nasa-power-daily	partial	CC BY 4.0; 'There are no restrictions on the use, access, and/or download of data from the NASA POWER Project' (AWS Open Data Registry entry)	CC BY 4.0 for climate; no venue data for this country	partial, seasonality only and nowhere named	high, the answer differs by city and by activity; Tokyo in July suits swimming and defeats running	HIGH_THIN_CONTENT_RISK	low	medium	out_of_window	medium	NEEDS_DATA	no venue data for this country, so the page can only describe seasonality and cannot name anywhere to go	DEMAND_UNMEASURED	0/1980	
C004581	/de/sport/casablanca-cycling/	sport	sport.city-season	city-activity-seasonality	2553604:cycling	Casablanca cycling		MA		Casablanca	de	de-DE							no										none		nasa-power-daily	partial	CC BY 4.0; 'There are no restrictions on the use, access, and/or download of data from the NASA POWER Project' (AWS Open Data Registry entry)	CC BY 4.0 for climate; no venue data for this country	partial, seasonality only and nowhere named	high, the answer differs by city and by activity; Tokyo in July suits swimming and defeats running	HIGH_THIN_CONTENT_RISK	low	medium	out_of_window	medium	NEEDS_DATA	no venue data for this country, so the page can only describe seasonality and cannot name anywhere to go	DEMAND_UNMEASURED	0/1980	
C004582	/en/sport/casablanca-cycling/	sport	sport.city-season	city-activity-seasonality	2553604:cycling	Casablanca cycling		MA		Casablanca	en	en-US							no										none		nasa-power-daily	partial	CC BY 4.0; 'There are no restrictions on the use, access, and/or download of data from the NASA POWER Project' (AWS Open Data Registry entry)	CC BY 4.0 for climate; no venue data for this country	partial, seasonality only and nowhere named	high, the answer differs by city and by activity; Tokyo in July suits swimming and defeats running	HIGH_THIN_CONTENT_RISK	low	medium	out_of_window	medium	NEEDS_DATA	no venue data for this country, so the page can only describe seasonality and cannot name anywhere to go	DEMAND_UNMEASURED	0/1980	
C004583	/es/deporte/casablanca-cycling/	sport	sport.city-season	city-activity-seasonality	2553604:cycling	Casablanca cycling		MA		Casablanca	es	es-ES							no										none		nasa-power-daily	partial	CC BY 4.0; 'There are no restrictions on the use, access, and/or download of data from the NASA POWER Project' (AWS Open Data Registry entry)	CC BY 4.0 for climate; no venue data for this country	partial, seasonality only and nowhere named	high, the answer differs by city and by activity; Tokyo in July suits swimming and defeats running	HIGH_THIN_CONTENT_RISK	low	medium	out_of_window	medium	NEEDS_DATA	no venue data for this country, so the page can only describe seasonality and cannot name anywhere to go	DEMAND_UNMEASURED	0/1980	
C004584	/fr/sport/casablanca-cycling/	sport	sport.city-season	city-activity-seasonality	2553604:cycling	Casablanca cycling		MA		Casablanca	fr	fr-FR							no										none		nasa-power-daily	partial	CC BY 4.0; 'There are no restrictions on the use, access, and/or download of data from the NASA POWER Project' (AWS Open Data Registry entry)	CC BY 4.0 for climate; no venue data for this country	partial, seasonality only and nowhere named	high, the answer differs by city and by activity; Tokyo in July suits swimming and defeats running	HIGH_THIN_CONTENT_RISK	low	medium	out_of_window	medium	NEEDS_DATA	no venue data for this country, so the page can only describe seasonality and cannot name anywhere to go	DEMAND_UNMEASURED	0/1980	
C004585	/it/sport/casablanca-cycling/	sport	sport.city-season	city-activity-seasonality	2553604:cycling	Casablanca cycling		MA		Casablanca	it	it-IT							no										none		nasa-power-daily	partial	CC BY 4.0; 'There are no restrictions on the use, access, and/or download of data from the NASA POWER Project' (AWS Open Data Registry entry)	CC BY 4.0 for climate; no venue data for this country	partial, seasonality only and nowhere named	high, the answer differs by city and by activity; Tokyo in July suits swimming and defeats running	HIGH_THIN_CONTENT_RISK	low	medium	out_of_window	medium	NEEDS_DATA	no venue data for this country, so the page can only describe seasonality and cannot name anywhere to go	DEMAND_UNMEASURED	0/1980	
C004586	/ja/sport/casablanca-cycling/	sport	sport.city-season	city-activity-seasonality	2553604:cycling	Casablanca cycling		MA		Casablanca	ja	ja-JP							no										none		nasa-power-daily	partial	CC BY 4.0; 'There are no restrictions on the use, access, and/or download of data from the NASA POWER Project' (AWS Open Data Registry entry)	CC BY 4.0 for climate; no venue data for this country	partial, seasonality only and nowhere named	high, the answer differs by city and by activity; Tokyo in July suits swimming and defeats running	HIGH_THIN_CONTENT_RISK	low	medium	out_of_window	medium	NEEDS_DATA	no venue data for this country, so the page can only describe seasonality and cannot name anywhere to go	DEMAND_UNMEASURED	0/1980	
C004587	/nl/sport/casablanca-cycling/	sport	sport.city-season	city-activity-seasonality	2553604:cycling	Casablanca cycling		MA		Casablanca	nl	nl-NL							no										none		nasa-power-daily	partial	CC BY 4.0; 'There are no restrictions on the use, access, and/or download of data from the NASA POWER Project' (AWS Open Data Registry entry)	CC BY 4.0 for climate; no venue data for this country	partial, seasonality only and nowhere named	high, the answer differs by city and by activity; Tokyo in July suits swimming and defeats running	HIGH_THIN_CONTENT_RISK	low	medium	out_of_window	medium	NEEDS_DATA	no venue data for this country, so the page can only describe seasonality and cannot name anywhere to go	DEMAND_UNMEASURED	0/1980	
C004588	/pl/sport/casablanca-cycling/	sport	sport.city-season	city-activity-seasonality	2553604:cycling	Casablanca cycling		MA		Casablanca	pl	pl-PL							no										none		nasa-power-daily	partial	CC BY 4.0; 'There are no restrictions on the use, access, and/or download of data from the NASA POWER Project' (AWS Open Data Registry entry)	CC BY 4.0 for climate; no venue data for this country	partial, seasonality only and nowhere named	high, the answer differs by city and by activity; Tokyo in July suits swimming and defeats running	HIGH_THIN_CONTENT_RISK	low	medium	out_of_window	medium	NEEDS_DATA	no venue data for this country, so the page can only describe seasonality and cannot name anywhere to go	DEMAND_UNMEASURED	0/1980	
C004589	/pt/desporto/casablanca-cycling/	sport	sport.city-season	city-activity-seasonality	2553604:cycling	Casablanca cycling		MA		Casablanca	pt	pt-BR							no										none		nasa-power-daily	partial	CC BY 4.0; 'There are no restrictions on the use, access, and/or download of data from the NASA POWER Project' (AWS Open Data Registry entry)	CC BY 4.0 for climate; no venue data for this country	partial, seasonality only and nowhere named	high, the answer differs by city and by activity; Tokyo in July suits swimming and defeats running	HIGH_THIN_CONTENT_RISK	low	medium	out_of_window	medium	NEEDS_DATA	no venue data for this country, so the page can only describe seasonality and cannot name anywhere to go	DEMAND_UNMEASURED	0/1980	
C004590	/de/sport/casablanca-hiking/	sport	sport.city-season	city-activity-seasonality	2553604:hiking	Casablanca hiking		MA		Casablanca	de	de-DE							no										none		nasa-power-daily	partial	CC BY 4.0; 'There are no restrictions on the use, access, and/or download of data from the NASA POWER Project' (AWS Open Data Registry entry)	CC BY 4.0 for climate; no venue data for this country	partial, seasonality only and nowhere named	high, the answer differs by city and by activity; Tokyo in July suits swimming and defeats running	HIGH_THIN_CONTENT_RISK	low	medium	out_of_window	medium	NEEDS_DATA	no venue data for this country, so the page can only describe seasonality and cannot name anywhere to go	DEMAND_UNMEASURED	0/1980	
C004591	/en/sport/casablanca-hiking/	sport	sport.city-season	city-activity-seasonality	2553604:hiking	Casablanca hiking		MA		Casablanca	en	en-US							no										none		nasa-power-daily	partial	CC BY 4.0; 'There are no restrictions on the use, access, and/or download of data from the NASA POWER Project' (AWS Open Data Registry entry)	CC BY 4.0 for climate; no venue data for this country	partial, seasonality only and nowhere named	high, the answer differs by city and by activity; Tokyo in July suits swimming and defeats running	HIGH_THIN_CONTENT_RISK	low	medium	out_of_window	medium	NEEDS_DATA	no venue data for this country, so the page can only describe seasonality and cannot name anywhere to go	DEMAND_UNMEASURED	0/1980	
C004592	/es/deporte/casablanca-hiking/	sport	sport.city-season	city-activity-seasonality	2553604:hiking	Casablanca hiking		MA		Casablanca	es	es-ES							no										none		nasa-power-daily	partial	CC BY 4.0; 'There are no restrictions on the use, access, and/or download of data from the NASA POWER Project' (AWS Open Data Registry entry)	CC BY 4.0 for climate; no venue data for this country	partial, seasonality only and nowhere named	high, the answer differs by city and by activity; Tokyo in July suits swimming and defeats running	HIGH_THIN_CONTENT_RISK	low	medium	out_of_window	medium	NEEDS_DATA	no venue data for this country, so the page can only describe seasonality and cannot name anywhere to go	DEMAND_UNMEASURED	0/1980	
C004593	/fr/sport/casablanca-hiking/	sport	sport.city-season	city-activity-seasonality	2553604:hiking	Casablanca hiking		MA		Casablanca	fr	fr-FR							no										none		nasa-power-daily	partial	CC BY 4.0; 'There are no restrictions on the use, access, and/or download of data from the NASA POWER Project' (AWS Open Data Registry entry)	CC BY 4.0 for climate; no venue data for this country	partial, seasonality only and nowhere named	high, the answer differs by city and by activity; Tokyo in July suits swimming and defeats running	HIGH_THIN_CONTENT_RISK	low	medium	out_of_window	medium	NEEDS_DATA	no venue data for this country, so the page can only describe seasonality and cannot name anywhere to go	DEMAND_UNMEASURED	0/1980	
C004594	/it/sport/casablanca-hiking/	sport	sport.city-season	city-activity-seasonality	2553604:hiking	Casablanca hiking		MA		Casablanca	it	it-IT							no										none		nasa-power-daily	partial	CC BY 4.0; 'There are no restrictions on the use, access, and/or download of data from the NASA POWER Project' (AWS Open Data Registry entry)	CC BY 4.0 for climate; no venue data for this country	partial, seasonality only and nowhere named	high, the answer differs by city and by activity; Tokyo in July suits swimming and defeats running	HIGH_THIN_CONTENT_RISK	low	medium	out_of_window	medium	NEEDS_DATA	no venue data for this country, so the page can only describe seasonality and cannot name anywhere to go	DEMAND_UNMEASURED	0/1980	
C004595	/ja/sport/casablanca-hiking/	sport	sport.city-season	city-activity-seasonality	2553604:hiking	Casablanca hiking		MA		Casablanca	ja	ja-JP							no										none		nasa-power-daily	partial	CC BY 4.0; 'There are no restrictions on the use, access, and/or download of data from the NASA POWER Project' (AWS Open Data Registry entry)	CC BY 4.0 for climate; no venue data for this country	partial, seasonality only and nowhere named	high, the answer differs by city and by activity; Tokyo in July suits swimming and defeats running	HIGH_THIN_CONTENT_RISK	low	medium	out_of_window	medium	NEEDS_DATA	no venue data for this country, so the page can only describe seasonality and cannot name anywhere to go	DEMAND_UNMEASURED	0/1980	
C004596	/nl/sport/casablanca-hiking/	sport	sport.city-season	city-activity-seasonality	2553604:hiking	Casablanca hiking		MA		Casablanca	nl	nl-NL							no										none		nasa-power-daily	partial	CC BY 4.0; 'There are no restrictions on the use, access, and/or download of data from the NASA POWER Project' (AWS Open Data Registry entry)	CC BY 4.0 for climate; no venue data for this country	partial, seasonality only and nowhere named	high, the answer differs by city and by activity; Tokyo in July suits swimming and defeats running	HIGH_THIN_CONTENT_RISK	low	medium	out_of_window	medium	NEEDS_DATA	no venue data for this country, so the page can only describe seasonality and cannot name anywhere to go	DEMAND_UNMEASURED	0/1980	
C004597	/pl/sport/casablanca-hiking/	sport	sport.city-season	city-activity-seasonality	2553604:hiking	Casablanca hiking		MA		Casablanca	pl	pl-PL							no										none		nasa-power-daily	partial	CC BY 4.0; 'There are no restrictions on the use, access, and/or download of data from the NASA POWER Project' (AWS Open Data Registry entry)	CC BY 4.0 for climate; no venue data for this country	partial, seasonality only and nowhere named	high, the answer differs by city and by activity; Tokyo in July suits swimming and defeats running	HIGH_THIN_CONTENT_RISK	low	medium	out_of_window	medium	NEEDS_DATA	no venue data for this country, so the page can only describe seasonality and cannot name anywhere to go	DEMAND_UNMEASURED	0/1980	
C004598	/pt/desporto/casablanca-hiking/	sport	sport.city-season	city-activity-seasonality	2553604:hiking	Casablanca hiking		MA		Casablanca	pt	pt-BR							no										none		nasa-power-daily	partial	CC BY 4.0; 'There are no restrictions on the use, access, and/or download of data from the NASA POWER Project' (AWS Open Data Registry entry)	CC BY 4.0 for climate; no venue data for this country	partial, seasonality only and nowhere named	high, the answer differs by city and by activity; Tokyo in July suits swimming and defeats running	HIGH_THIN_CONTENT_RISK	low	medium	out_of_window	medium	NEEDS_DATA	no venue data for this country, so the page can only describe seasonality and cannot name anywhere to go	DEMAND_UNMEASURED	0/1980	
C004599	/de/sport/casablanca-swimming/	sport	sport.city-season	city-activity-seasonality	2553604:swimming	Casablanca swimming		MA		Casablanca	de	de-DE							no										none		nasa-power-daily	partial	CC BY 4.0; 'There are no restrictions on the use, access, and/or download of data from the NASA POWER Project' (AWS Open Data Registry entry)	CC BY 4.0 for climate; no venue data for this country	partial, seasonality only and nowhere named	high, the answer differs by city and by activity; Tokyo in July suits swimming and defeats running	HIGH_THIN_CONTENT_RISK	low	medium	out_of_window	medium	NEEDS_DATA	no venue data for this country, so the page can only describe seasonality and cannot name anywhere to go	DEMAND_UNMEASURED	0/1980	
C004600	/en/sport/casablanca-swimming/	sport	sport.city-season	city-activity-seasonality	2553604:swimming	Casablanca swimming		MA		Casablanca	en	en-US							no										none		nasa-power-daily	partial	CC BY 4.0; 'There are no restrictions on the use, access, and/or download of data from the NASA POWER Project' (AWS Open Data Registry entry)	CC BY 4.0 for climate; no venue data for this country	partial, seasonality only and nowhere named	high, the answer differs by city and by activity; Tokyo in July suits swimming and defeats running	HIGH_THIN_CONTENT_RISK	low	medium	out_of_window	medium	NEEDS_DATA	no venue data for this country, so the page can only describe seasonality and cannot name anywhere to go	DEMAND_UNMEASURED	0/1980	
C004601	/es/deporte/casablanca-swimming/	sport	sport.city-season	city-activity-seasonality	2553604:swimming	Casablanca swimming		MA		Casablanca	es	es-ES							no										none		nasa-power-daily	partial	CC BY 4.0; 'There are no restrictions on the use, access, and/or download of data from the NASA POWER Project' (AWS Open Data Registry entry)	CC BY 4.0 for climate; no venue data for this country	partial, seasonality only and nowhere named	high, the answer differs by city and by activity; Tokyo in July suits swimming and defeats running	HIGH_THIN_CONTENT_RISK	low	medium	out_of_window	medium	NEEDS_DATA	no venue data for this country, so the page can only describe seasonality and cannot name anywhere to go	DEMAND_UNMEASURED	0/1980	
C004602	/fr/sport/casablanca-swimming/	sport	sport.city-season	city-activity-seasonality	2553604:swimming	Casablanca swimming		MA		Casablanca	fr	fr-FR							no										none		nasa-power-daily	partial	CC BY 4.0; 'There are no restrictions on the use, access, and/or download of data from the NASA POWER Project' (AWS Open Data Registry entry)	CC BY 4.0 for climate; no venue data for this country	partial, seasonality only and nowhere named	high, the answer differs by city and by activity; Tokyo in July suits swimming and defeats running	HIGH_THIN_CONTENT_RISK	low	medium	out_of_window	medium	NEEDS_DATA	no venue data for this country, so the page can only describe seasonality and cannot name anywhere to go	DEMAND_UNMEASURED	0/1980	
C004603	/it/sport/casablanca-swimming/	sport	sport.city-season	city-activity-seasonality	2553604:swimming	Casablanca swimming		MA		Casablanca	it	it-IT							no										none		nasa-power-daily	partial	CC BY 4.0; 'There are no restrictions on the use, access, and/or download of data from the NASA POWER Project' (AWS Open Data Registry entry)	CC BY 4.0 for climate; no venue data for this country	partial, seasonality only and nowhere named	high, the answer differs by city and by activity; Tokyo in July suits swimming and defeats running	HIGH_THIN_CONTENT_RISK	low	medium	out_of_window	medium	NEEDS_DATA	no venue data for this country, so the page can only describe seasonality and cannot name anywhere to go	DEMAND_UNMEASURED	0/1980	
C004604	/ja/sport/casablanca-swimming/	sport	sport.city-season	city-activity-seasonality	2553604:swimming	Casablanca swimming		MA		Casablanca	ja	ja-JP							no										none		nasa-power-daily	partial	CC BY 4.0; 'There are no restrictions on the use, access, and/or download of data from the NASA POWER Project' (AWS Open Data Registry entry)	CC BY 4.0 for climate; no venue data for this country	partial, seasonality only and nowhere named	high, the answer differs by city and by activity; Tokyo in July suits swimming and defeats running	HIGH_THIN_CONTENT_RISK	low	medium	out_of_window	medium	NEEDS_DATA	no venue data for this country, so the page can only describe seasonality and cannot name anywhere to go	DEMAND_UNMEASURED	0/1980	
C004605	/nl/sport/casablanca-swimming/	sport	sport.city-season	city-activity-seasonality	2553604:swimming	Casablanca swimming		MA		Casablanca	nl	nl-NL							no										none		nasa-power-daily	partial	CC BY 4.0; 'There are no restrictions on the use, access, and/or download of data from the NASA POWER Project' (AWS Open Data Registry entry)	CC BY 4.0 for climate; no venue data for this country	partial, seasonality only and nowhere named	high, the answer differs by city and by activity; Tokyo in July suits swimming and defeats running	HIGH_THIN_CONTENT_RISK	low	medium	out_of_window	medium	NEEDS_DATA	no venue data for this country, so the page can only describe seasonality and cannot name anywhere to go	DEMAND_UNMEASURED	0/1980	
C004606	/pl/sport/casablanca-swimming/	sport	sport.city-season	city-activity-seasonality	2553604:swimming	Casablanca swimming		MA		Casablanca	pl	pl-PL							no										none		nasa-power-daily	partial	CC BY 4.0; 'There are no restrictions on the use, access, and/or download of data from the NASA POWER Project' (AWS Open Data Registry entry)	CC BY 4.0 for climate; no venue data for this country	partial, seasonality only and nowhere named	high, the answer differs by city and by activity; Tokyo in July suits swimming and defeats running	HIGH_THIN_CONTENT_RISK	low	medium	out_of_window	medium	NEEDS_DATA	no venue data for this country, so the page can only describe seasonality and cannot name anywhere to go	DEMAND_UNMEASURED	0/1980	
C004607	/pt/desporto/casablanca-swimming/	sport	sport.city-season	city-activity-seasonality	2553604:swimming	Casablanca swimming		MA		Casablanca	pt	pt-BR							no										none		nasa-power-daily	partial	CC BY 4.0; 'There are no restrictions on the use, access, and/or download of data from the NASA POWER Project' (AWS Open Data Registry entry)	CC BY 4.0 for climate; no venue data for this country	partial, seasonality only and nowhere named	high, the answer differs by city and by activity; Tokyo in July suits swimming and defeats running	HIGH_THIN_CONTENT_RISK	low	medium	out_of_window	medium	NEEDS_DATA	no venue data for this country, so the page can only describe seasonality and cannot name anywhere to go	DEMAND_UNMEASURED	0/1980	
C004680	/de/sport/zuerich-running/	sport	sport.city-season	city-activity-seasonality	2657896:running	Zürich running		CH		Zürich	de	de-DE							no										none		nasa-power-daily	partial	CC BY 4.0; 'There are no restrictions on the use, access, and/or download of data from the NASA POWER Project' (AWS Open Data Registry entry)	CC BY 4.0 for climate; no venue data for this country	partial, seasonality only and nowhere named	high, the answer differs by city and by activity; Tokyo in July suits swimming and defeats running	HIGH_THIN_CONTENT_RISK	low	medium	out_of_window	medium	NEEDS_DATA	no venue data for this country, so the page can only describe seasonality and cannot name anywhere to go	DEMAND_UNMEASURED	0/1980	
C004681	/en/sport/zuerich-running/	sport	sport.city-season	city-activity-seasonality	2657896:running	Zürich running		CH		Zürich	en	en-US							no										none		nasa-power-daily	partial	CC BY 4.0; 'There are no restrictions on the use, access, and/or download of data from the NASA POWER Project' (AWS Open Data Registry entry)	CC BY 4.0 for climate; no venue data for this country	partial, seasonality only and nowhere named	high, the answer differs by city and by activity; Tokyo in July suits swimming and defeats running	HIGH_THIN_CONTENT_RISK	low	medium	out_of_window	medium	NEEDS_DATA	no venue data for this country, so the page can only describe seasonality and cannot name anywhere to go	DEMAND_UNMEASURED	0/1980	
C004682	/es/deporte/zuerich-running/	sport	sport.city-season	city-activity-seasonality	2657896:running	Zürich running		CH		Zürich	es	es-ES							no										none		nasa-power-daily	partial	CC BY 4.0; 'There are no restrictions on the use, access, and/or download of data from the NASA POWER Project' (AWS Open Data Registry entry)	CC BY 4.0 for climate; no venue data for this country	partial, seasonality only and nowhere named	high, the answer differs by city and by activity; Tokyo in July suits swimming and defeats running	HIGH_THIN_CONTENT_RISK	low	medium	out_of_window	medium	NEEDS_DATA	no venue data for this country, so the page can only describe seasonality and cannot name anywhere to go	DEMAND_UNMEASURED	0/1980	
C004683	/fr/sport/zuerich-running/	sport	sport.city-season	city-activity-seasonality	2657896:running	Zürich running		CH		Zürich	fr	fr-FR							no										none		nasa-power-daily	partial	CC BY 4.0; 'There are no restrictions on the use, access, and/or download of data from the NASA POWER Project' (AWS Open Data Registry entry)	CC BY 4.0 for climate; no venue data for this country	partial, seasonality only and nowhere named	high, the answer differs by city and by activity; Tokyo in July suits swimming and defeats running	HIGH_THIN_CONTENT_RISK	low	medium	out_of_window	medium	NEEDS_DATA	no venue data for this country, so the page can only describe seasonality and cannot name anywhere to go	DEMAND_UNMEASURED	0/1980	
C004684	/it/sport/zuerich-running/	sport	sport.city-season	city-activity-seasonality	2657896:running	Zürich running		CH		Zürich	it	it-IT							no										none		nasa-power-daily	partial	CC BY 4.0; 'There are no restrictions on the use, access, and/or download of data from the NASA POWER Project' (AWS Open Data Registry entry)	CC BY 4.0 for climate; no venue data for this country	partial, seasonality only and nowhere named	high, the answer differs by city and by activity; Tokyo in July suits swimming and defeats running	HIGH_THIN_CONTENT_RISK	low	medium	out_of_window	medium	NEEDS_DATA	no venue data for this country, so the page can only describe seasonality and cannot name anywhere to go	DEMAND_UNMEASURED	0/1980	
C004685	/ja/sport/zuerich-running/	sport	sport.city-season	city-activity-seasonality	2657896:running	Zürich running		CH		Zürich	ja	ja-JP							no										none		nasa-power-daily	partial	CC BY 4.0; 'There are no restrictions on the use, access, and/or download of data from the NASA POWER Project' (AWS Open Data Registry entry)	CC BY 4.0 for climate; no venue data for this country	partial, seasonality only and nowhere named	high, the answer differs by city and by activity; Tokyo in July suits swimming and defeats running	HIGH_THIN_CONTENT_RISK	low	medium	out_of_window	medium	NEEDS_DATA	no venue data for this country, so the page can only describe seasonality and cannot name anywhere to go	DEMAND_UNMEASURED	0/1980	
C004686	/nl/sport/zuerich-running/	sport	sport.city-season	city-activity-seasonality	2657896:running	Zürich running		CH		Zürich	nl	nl-NL							no										none		nasa-power-daily	partial	CC BY 4.0; 'There are no restrictions on the use, access, and/or download of data from the NASA POWER Project' (AWS Open Data Registry entry)	CC BY 4.0 for climate; no venue data for this country	partial, seasonality only and nowhere named	high, the answer differs by city and by activity; Tokyo in July suits swimming and defeats running	HIGH_THIN_CONTENT_RISK	low	medium	out_of_window	medium	NEEDS_DATA	no venue data for this country, so the page can only describe seasonality and cannot name anywhere to go	DEMAND_UNMEASURED	0/1980	
C004687	/pl/sport/zuerich-running/	sport	sport.city-season	city-activity-seasonality	2657896:running	Zürich running		CH		Zürich	pl	pl-PL							no										none		nasa-power-daily	partial	CC BY 4.0; 'There are no restrictions on the use, access, and/or download of data from the NASA POWER Project' (AWS Open Data Registry entry)	CC BY 4.0 for climate; no venue data for this country	partial, seasonality only and nowhere named	high, the answer differs by city and by activity; Tokyo in July suits swimming and defeats running	HIGH_THIN_CONTENT_RISK	low	medium	out_of_window	medium	NEEDS_DATA	no venue data for this country, so the page can only describe seasonality and cannot name anywhere to go	DEMAND_UNMEASURED	0/1980	
C004688	/pt/desporto/zuerich-running/	sport	sport.city-season	city-activity-seasonality	2657896:running	Zürich running		CH		Zürich	pt	pt-BR							no										none		nasa-power-daily	partial	CC BY 4.0; 'There are no restrictions on the use, access, and/or download of data from the NASA POWER Project' (AWS Open Data Registry entry)	CC BY 4.0 for climate; no venue data for this country	partial, seasonality only and nowhere named	high, the answer differs by city and by activity; Tokyo in July suits swimming and defeats running	HIGH_THIN_CONTENT_RISK	low	medium	out_of_window	medium	NEEDS_DATA	no venue data for this country, so the page can only describe seasonality and cannot name anywhere to go	DEMAND_UNMEASURED	0/1980	
C004689	/de/sport/zuerich-cycling/	sport	sport.city-season	city-activity-seasonality	2657896:cycling	Zürich cycling		CH		Zürich	de	de-DE							no										none		nasa-power-daily	partial	CC BY 4.0; 'There are no restrictions on the use, access, and/or download of data from the NASA POWER Project' (AWS Open Data Registry entry)	CC BY 4.0 for climate; no venue data for this country	partial, seasonality only and nowhere named	high, the answer differs by city and by activity; Tokyo in July suits swimming and defeats running	HIGH_THIN_CONTENT_RISK	low	medium	out_of_window	medium	NEEDS_DATA	no venue data for this country, so the page can only describe seasonality and cannot name anywhere to go	DEMAND_UNMEASURED	0/1980	
C004690	/en/sport/zuerich-cycling/	sport	sport.city-season	city-activity-seasonality	2657896:cycling	Zürich cycling		CH		Zürich	en	en-US							no										none		nasa-power-daily	partial	CC BY 4.0; 'There are no restrictions on the use, access, and/or download of data from the NASA POWER Project' (AWS Open Data Registry entry)	CC BY 4.0 for climate; no venue data for this country	partial, seasonality only and nowhere named	high, the answer differs by city and by activity; Tokyo in July suits swimming and defeats running	HIGH_THIN_CONTENT_RISK	low	medium	out_of_window	medium	NEEDS_DATA	no venue data for this country, so the page can only describe seasonality and cannot name anywhere to go	DEMAND_UNMEASURED	0/1980	
C004691	/es/deporte/zuerich-cycling/	sport	sport.city-season	city-activity-seasonality	2657896:cycling	Zürich cycling		CH		Zürich	es	es-ES							no										none		nasa-power-daily	partial	CC BY 4.0; 'There are no restrictions on the use, access, and/or download of data from the NASA POWER Project' (AWS Open Data Registry entry)	CC BY 4.0 for climate; no venue data for this country	partial, seasonality only and nowhere named	high, the answer differs by city and by activity; Tokyo in July suits swimming and defeats running	HIGH_THIN_CONTENT_RISK	low	medium	out_of_window	medium	NEEDS_DATA	no venue data for this country, so the page can only describe seasonality and cannot name anywhere to go	DEMAND_UNMEASURED	0/1980	
C004692	/fr/sport/zuerich-cycling/	sport	sport.city-season	city-activity-seasonality	2657896:cycling	Zürich cycling		CH		Zürich	fr	fr-FR							no										none		nasa-power-daily	partial	CC BY 4.0; 'There are no restrictions on the use, access, and/or download of data from the NASA POWER Project' (AWS Open Data Registry entry)	CC BY 4.0 for climate; no venue data for this country	partial, seasonality only and nowhere named	high, the answer differs by city and by activity; Tokyo in July suits swimming and defeats running	HIGH_THIN_CONTENT_RISK	low	medium	out_of_window	medium	NEEDS_DATA	no venue data for this country, so the page can only describe seasonality and cannot name anywhere to go	DEMAND_UNMEASURED	0/1980	
C004693	/it/sport/zuerich-cycling/	sport	sport.city-season	city-activity-seasonality	2657896:cycling	Zürich cycling		CH		Zürich	it	it-IT							no										none		nasa-power-daily	partial	CC BY 4.0; 'There are no restrictions on the use, access, and/or download of data from the NASA POWER Project' (AWS Open Data Registry entry)	CC BY 4.0 for climate; no venue data for this country	partial, seasonality only and nowhere named	high, the answer differs by city and by activity; Tokyo in July suits swimming and defeats running	HIGH_THIN_CONTENT_RISK	low	medium	out_of_window	medium	NEEDS_DATA	no venue data for this country, so the page can only describe seasonality and cannot name anywhere to go	DEMAND_UNMEASURED	0/1980	
C004694	/ja/sport/zuerich-cycling/	sport	sport.city-season	city-activity-seasonality	2657896:cycling	Zürich cycling		CH		Zürich	ja	ja-JP							no										none		nasa-power-daily	partial	CC BY 4.0; 'There are no restrictions on the use, access, and/or download of data from the NASA POWER Project' (AWS Open Data Registry entry)	CC BY 4.0 for climate; no venue data for this country	partial, seasonality only and nowhere named	high, the answer differs by city and by activity; Tokyo in July suits swimming and defeats running	HIGH_THIN_CONTENT_RISK	low	medium	out_of_window	medium	NEEDS_DATA	no venue data for this country, so the page can only describe seasonality and cannot name anywhere to go	DEMAND_UNMEASURED	0/1980	
C004695	/nl/sport/zuerich-cycling/	sport	sport.city-season	city-activity-seasonality	2657896:cycling	Zürich cycling		CH		Zürich	nl	nl-NL							no										none		nasa-power-daily	partial	CC BY 4.0; 'There are no restrictions on the use, access, and/or download of data from the NASA POWER Project' (AWS Open Data Registry entry)	CC BY 4.0 for climate; no venue data for this country	partial, seasonality only and nowhere named	high, the answer differs by city and by activity; Tokyo in July suits swimming and defeats running	HIGH_THIN_CONTENT_RISK	low	medium	out_of_window	medium	NEEDS_DATA	no venue data for this country, so the page can only describe seasonality and cannot name anywhere to go	DEMAND_UNMEASURED	0/1980	
C004696	/pl/sport/zuerich-cycling/	sport	sport.city-season	city-activity-seasonality	2657896:cycling	Zürich cycling		CH		Zürich	pl	pl-PL							no										none		nasa-power-daily	partial	CC BY 4.0; 'There are no restrictions on the use, access, and/or download of data from the NASA POWER Project' (AWS Open Data Registry entry)	CC BY 4.0 for climate; no venue data for this country	partial, seasonality only and nowhere named	high, the answer differs by city and by activity; Tokyo in July suits swimming and defeats running	HIGH_THIN_CONTENT_RISK	low	medium	out_of_window	medium	NEEDS_DATA	no venue data for this country, so the page can only describe seasonality and cannot name anywhere to go	DEMAND_UNMEASURED	0/1980	
C004697	/pt/desporto/zuerich-cycling/	sport	sport.city-season	city-activity-seasonality	2657896:cycling	Zürich cycling		CH		Zürich	pt	pt-BR							no										none		nasa-power-daily	partial	CC BY 4.0; 'There are no restrictions on the use, access, and/or download of data from the NASA POWER Project' (AWS Open Data Registry entry)	CC BY 4.0 for climate; no venue data for this country	partial, seasonality only and nowhere named	high, the answer differs by city and by activity; Tokyo in July suits swimming and defeats running	HIGH_THIN_CONTENT_RISK	low	medium	out_of_window	medium	NEEDS_DATA	no venue data for this country, so the page can only describe seasonality and cannot name anywhere to go	DEMAND_UNMEASURED	0/1980	
C004698	/de/sport/zuerich-hiking/	sport	sport.city-season	city-activity-seasonality	2657896:hiking	Zürich hiking		CH		Zürich	de	de-DE							no										none		nasa-power-daily	partial	CC BY 4.0; 'There are no restrictions on the use, access, and/or download of data from the NASA POWER Project' (AWS Open Data Registry entry)	CC BY 4.0 for climate; no venue data for this country	partial, seasonality only and nowhere named	high, the answer differs by city and by activity; Tokyo in July suits swimming and defeats running	HIGH_THIN_CONTENT_RISK	low	medium	out_of_window	medium	NEEDS_DATA	no venue data for this country, so the page can only describe seasonality and cannot name anywhere to go	DEMAND_UNMEASURED	0/1980	
C004699	/en/sport/zuerich-hiking/	sport	sport.city-season	city-activity-seasonality	2657896:hiking	Zürich hiking		CH		Zürich	en	en-US							no										none		nasa-power-daily	partial	CC BY 4.0; 'There are no restrictions on the use, access, and/or download of data from the NASA POWER Project' (AWS Open Data Registry entry)	CC BY 4.0 for climate; no venue data for this country	partial, seasonality only and nowhere named	high, the answer differs by city and by activity; Tokyo in July suits swimming and defeats running	HIGH_THIN_CONTENT_RISK	low	medium	out_of_window	medium	NEEDS_DATA	no venue data for this country, so the page can only describe seasonality and cannot name anywhere to go	DEMAND_UNMEASURED	0/1980	
C004700	/es/deporte/zuerich-hiking/	sport	sport.city-season	city-activity-seasonality	2657896:hiking	Zürich hiking		CH		Zürich	es	es-ES							no										none		nasa-power-daily	partial	CC BY 4.0; 'There are no restrictions on the use, access, and/or download of data from the NASA POWER Project' (AWS Open Data Registry entry)	CC BY 4.0 for climate; no venue data for this country	partial, seasonality only and nowhere named	high, the answer differs by city and by activity; Tokyo in July suits swimming and defeats running	HIGH_THIN_CONTENT_RISK	low	medium	out_of_window	medium	NEEDS_DATA	no venue data for this country, so the page can only describe seasonality and cannot name anywhere to go	DEMAND_UNMEASURED	0/1980	
C004701	/fr/sport/zuerich-hiking/	sport	sport.city-season	city-activity-seasonality	2657896:hiking	Zürich hiking		CH		Zürich	fr	fr-FR							no										none		nasa-power-daily	partial	CC BY 4.0; 'There are no restrictions on the use, access, and/or download of data from the NASA POWER Project' (AWS Open Data Registry entry)	CC BY 4.0 for climate; no venue data for this country	partial, seasonality only and nowhere named	high, the answer differs by city and by activity; Tokyo in July suits swimming and defeats running	HIGH_THIN_CONTENT_RISK	low	medium	out_of_window	medium	NEEDS_DATA	no venue data for this country, so the page can only describe seasonality and cannot name anywhere to go	DEMAND_UNMEASURED	0/1980	
C004702	/it/sport/zuerich-hiking/	sport	sport.city-season	city-activity-seasonality	2657896:hiking	Zürich hiking		CH		Zürich	it	it-IT							no										none		nasa-power-daily	partial	CC BY 4.0; 'There are no restrictions on the use, access, and/or download of data from the NASA POWER Project' (AWS Open Data Registry entry)	CC BY 4.0 for climate; no venue data for this country	partial, seasonality only and nowhere named	high, the answer differs by city and by activity; Tokyo in July suits swimming and defeats running	HIGH_THIN_CONTENT_RISK	low	medium	out_of_window	medium	NEEDS_DATA	no venue data for this country, so the page can only describe seasonality and cannot name anywhere to go	DEMAND_UNMEASURED	0/1980	
C004703	/ja/sport/zuerich-hiking/	sport	sport.city-season	city-activity-seasonality	2657896:hiking	Zürich hiking		CH		Zürich	ja	ja-JP							no										none		nasa-power-daily	partial	CC BY 4.0; 'There are no restrictions on the use, access, and/or download of data from the NASA POWER Project' (AWS Open Data Registry entry)	CC BY 4.0 for climate; no venue data for this country	partial, seasonality only and nowhere named	high, the answer differs by city and by activity; Tokyo in July suits swimming and defeats running	HIGH_THIN_CONTENT_RISK	low	medium	out_of_window	medium	NEEDS_DATA	no venue data for this country, so the page can only describe seasonality and cannot name anywhere to go	DEMAND_UNMEASURED	0/1980	
C004704	/nl/sport/zuerich-hiking/	sport	sport.city-season	city-activity-seasonality	2657896:hiking	Zürich hiking		CH		Zürich	nl	nl-NL							no										none		nasa-power-daily	partial	CC BY 4.0; 'There are no restrictions on the use, access, and/or download of data from the NASA POWER Project' (AWS Open Data Registry entry)	CC BY 4.0 for climate; no venue data for this country	partial, seasonality only and nowhere named	high, the answer differs by city and by activity; Tokyo in July suits swimming and defeats running	HIGH_THIN_CONTENT_RISK	low	medium	out_of_window	medium	NEEDS_DATA	no venue data for this country, so the page can only describe seasonality and cannot name anywhere to go	DEMAND_UNMEASURED	0/1980	
C004705	/pl/sport/zuerich-hiking/	sport	sport.city-season	city-activity-seasonality	2657896:hiking	Zürich hiking		CH		Zürich	pl	pl-PL							no										none		nasa-power-daily	partial	CC BY 4.0; 'There are no restrictions on the use, access, and/or download of data from the NASA POWER Project' (AWS Open Data Registry entry)	CC BY 4.0 for climate; no venue data for this country	partial, seasonality only and nowhere named	high, the answer differs by city and by activity; Tokyo in July suits swimming and defeats running	HIGH_THIN_CONTENT_RISK	low	medium	out_of_window	medium	NEEDS_DATA	no venue data for this country, so the page can only describe seasonality and cannot name anywhere to go	DEMAND_UNMEASURED	0/1980	
C004706	/pt/desporto/zuerich-hiking/	sport	sport.city-season	city-activity-seasonality	2657896:hiking	Zürich hiking		CH		Zürich	pt	pt-BR							no										none		nasa-power-daily	partial	CC BY 4.0; 'There are no restrictions on the use, access, and/or download of data from the NASA POWER Project' (AWS Open Data Registry entry)	CC BY 4.0 for climate; no venue data for this country	partial, seasonality only and nowhere named	high, the answer differs by city and by activity; Tokyo in July suits swimming and defeats running	HIGH_THIN_CONTENT_RISK	low	medium	out_of_window	medium	NEEDS_DATA	no venue data for this country, so the page can only describe seasonality and cannot name anywhere to go	DEMAND_UNMEASURED	0/1980	
C004707	/de/sport/zuerich-swimming/	sport	sport.city-season	city-activity-seasonality	2657896:swimming	Zürich swimming		CH		Zürich	de	de-DE							no										none		nasa-power-daily	partial	CC BY 4.0; 'There are no restrictions on the use, access, and/or download of data from the NASA POWER Project' (AWS Open Data Registry entry)	CC BY 4.0 for climate; no venue data for this country	partial, seasonality only and nowhere named	high, the answer differs by city and by activity; Tokyo in July suits swimming and defeats running	HIGH_THIN_CONTENT_RISK	low	medium	out_of_window	medium	NEEDS_DATA	no venue data for this country, so the page can only describe seasonality and cannot name anywhere to go	DEMAND_UNMEASURED	0/1980	
C004708	/en/sport/zuerich-swimming/	sport	sport.city-season	city-activity-seasonality	2657896:swimming	Zürich swimming		CH		Zürich	en	en-US							no										none		nasa-power-daily	partial	CC BY 4.0; 'There are no restrictions on the use, access, and/or download of data from the NASA POWER Project' (AWS Open Data Registry entry)	CC BY 4.0 for climate; no venue data for this country	partial, seasonality only and nowhere named	high, the answer differs by city and by activity; Tokyo in July suits swimming and defeats running	HIGH_THIN_CONTENT_RISK	low	medium	out_of_window	medium	NEEDS_DATA	no venue data for this country, so the page can only describe seasonality and cannot name anywhere to go	DEMAND_UNMEASURED	0/1980	
C004709	/es/deporte/zuerich-swimming/	sport	sport.city-season	city-activity-seasonality	2657896:swimming	Zürich swimming		CH		Zürich	es	es-ES							no										none		nasa-power-daily	partial	CC BY 4.0; 'There are no restrictions on the use, access, and/or download of data from the NASA POWER Project' (AWS Open Data Registry entry)	CC BY 4.0 for climate; no venue data for this country	partial, seasonality only and nowhere named	high, the answer differs by city and by activity; Tokyo in July suits swimming and defeats running	HIGH_THIN_CONTENT_RISK	low	medium	out_of_window	medium	NEEDS_DATA	no venue data for this country, so the page can only describe seasonality and cannot name anywhere to go	DEMAND_UNMEASURED	0/1980	
C004710	/fr/sport/zuerich-swimming/	sport	sport.city-season	city-activity-seasonality	2657896:swimming	Zürich swimming		CH		Zürich	fr	fr-FR							no										none		nasa-power-daily	partial	CC BY 4.0; 'There are no restrictions on the use, access, and/or download of data from the NASA POWER Project' (AWS Open Data Registry entry)	CC BY 4.0 for climate; no venue data for this country	partial, seasonality only and nowhere named	high, the answer differs by city and by activity; Tokyo in July suits swimming and defeats running	HIGH_THIN_CONTENT_RISK	low	medium	out_of_window	medium	NEEDS_DATA	no venue data for this country, so the page can only describe seasonality and cannot name anywhere to go	DEMAND_UNMEASURED	0/1980	
C004711	/it/sport/zuerich-swimming/	sport	sport.city-season	city-activity-seasonality	2657896:swimming	Zürich swimming		CH		Zürich	it	it-IT							no										none		nasa-power-daily	partial	CC BY 4.0; 'There are no restrictions on the use, access, and/or download of data from the NASA POWER Project' (AWS Open Data Registry entry)	CC BY 4.0 for climate; no venue data for this country	partial, seasonality only and nowhere named	high, the answer differs by city and by activity; Tokyo in July suits swimming and defeats running	HIGH_THIN_CONTENT_RISK	low	medium	out_of_window	medium	NEEDS_DATA	no venue data for this country, so the page can only describe seasonality and cannot name anywhere to go	DEMAND_UNMEASURED	0/1980	
C004712	/ja/sport/zuerich-swimming/	sport	sport.city-season	city-activity-seasonality	2657896:swimming	Zürich swimming		CH		Zürich	ja	ja-JP							no										none		nasa-power-daily	partial	CC BY 4.0; 'There are no restrictions on the use, access, and/or download of data from the NASA POWER Project' (AWS Open Data Registry entry)	CC BY 4.0 for climate; no venue data for this country	partial, seasonality only and nowhere named	high, the answer differs by city and by activity; Tokyo in July suits swimming and defeats running	HIGH_THIN_CONTENT_RISK	low	medium	out_of_window	medium	NEEDS_DATA	no venue data for this country, so the page can only describe seasonality and cannot name anywhere to go	DEMAND_UNMEASURED	0/1980	
C004713	/nl/sport/zuerich-swimming/	sport	sport.city-season	city-activity-seasonality	2657896:swimming	Zürich swimming		CH		Zürich	nl	nl-NL							no										none		nasa-power-daily	partial	CC BY 4.0; 'There are no restrictions on the use, access, and/or download of data from the NASA POWER Project' (AWS Open Data Registry entry)	CC BY 4.0 for climate; no venue data for this country	partial, seasonality only and nowhere named	high, the answer differs by city and by activity; Tokyo in July suits swimming and defeats running	HIGH_THIN_CONTENT_RISK	low	medium	out_of_window	medium	NEEDS_DATA	no venue data for this country, so the page can only describe seasonality and cannot name anywhere to go	DEMAND_UNMEASURED	0/1980	
C004714	/pl/sport/zuerich-swimming/	sport	sport.city-season	city-activity-seasonality	2657896:swimming	Zürich swimming		CH		Zürich	pl	pl-PL							no										none		nasa-power-daily	partial	CC BY 4.0; 'There are no restrictions on the use, access, and/or download of data from the NASA POWER Project' (AWS Open Data Registry entry)	CC BY 4.0 for climate; no venue data for this country	partial, seasonality only and nowhere named	high, the answer differs by city and by activity; Tokyo in July suits swimming and defeats running	HIGH_THIN_CONTENT_RISK	low	medium	out_of_window	medium	NEEDS_DATA	no venue data for this country, so the page can only describe seasonality and cannot name anywhere to go	DEMAND_UNMEASURED	0/1980	
C004715	/pt/desporto/zuerich-swimming/	sport	sport.city-season	city-activity-seasonality	2657896:swimming	Zürich swimming		CH		Zürich	pt	pt-BR							no										none		nasa-power-daily	partial	CC BY 4.0; 'There are no restrictions on the use, access, and/or download of data from the NASA POWER Project' (AWS Open Data Registry entry)	CC BY 4.0 for climate; no venue data for this country	partial, seasonality only and nowhere named	high, the answer differs by city and by activity; Tokyo in July suits swimming and defeats running	HIGH_THIN_CONTENT_RISK	low	medium	out_of_window	medium	NEEDS_DATA	no venue data for this country, so the page can only describe seasonality and cannot name anywhere to go	DEMAND_UNMEASURED	0/1980	
C004716	/de/sport/lugano-running/	sport	sport.city-season	city-activity-seasonality	2659836:running	Lugano running		CH		Lugano	de	de-DE							no										none		nasa-power-daily	partial	CC BY 4.0; 'There are no restrictions on the use, access, and/or download of data from the NASA POWER Project' (AWS Open Data Registry entry)	CC BY 4.0 for climate; no venue data for this country	partial, seasonality only and nowhere named	high, the answer differs by city and by activity; Tokyo in July suits swimming and defeats running	HIGH_THIN_CONTENT_RISK	low	medium	out_of_window	medium	NEEDS_DATA	no venue data for this country, so the page can only describe seasonality and cannot name anywhere to go	DEMAND_UNMEASURED	0/1980	
C004717	/en/sport/lugano-running/	sport	sport.city-season	city-activity-seasonality	2659836:running	Lugano running		CH		Lugano	en	en-US							no										none		nasa-power-daily	partial	CC BY 4.0; 'There are no restrictions on the use, access, and/or download of data from the NASA POWER Project' (AWS Open Data Registry entry)	CC BY 4.0 for climate; no venue data for this country	partial, seasonality only and nowhere named	high, the answer differs by city and by activity; Tokyo in July suits swimming and defeats running	HIGH_THIN_CONTENT_RISK	low	medium	out_of_window	medium	NEEDS_DATA	no venue data for this country, so the page can only describe seasonality and cannot name anywhere to go	DEMAND_UNMEASURED	0/1980	
C004718	/es/deporte/lugano-running/	sport	sport.city-season	city-activity-seasonality	2659836:running	Lugano running		CH		Lugano	es	es-ES							no										none		nasa-power-daily	partial	CC BY 4.0; 'There are no restrictions on the use, access, and/or download of data from the NASA POWER Project' (AWS Open Data Registry entry)	CC BY 4.0 for climate; no venue data for this country	partial, seasonality only and nowhere named	high, the answer differs by city and by activity; Tokyo in July suits swimming and defeats running	HIGH_THIN_CONTENT_RISK	low	medium	out_of_window	medium	NEEDS_DATA	no venue data for this country, so the page can only describe seasonality and cannot name anywhere to go	DEMAND_UNMEASURED	0/1980	
C004719	/fr/sport/lugano-running/	sport	sport.city-season	city-activity-seasonality	2659836:running	Lugano running		CH		Lugano	fr	fr-FR							no										none		nasa-power-daily	partial	CC BY 4.0; 'There are no restrictions on the use, access, and/or download of data from the NASA POWER Project' (AWS Open Data Registry entry)	CC BY 4.0 for climate; no venue data for this country	partial, seasonality only and nowhere named	high, the answer differs by city and by activity; Tokyo in July suits swimming and defeats running	HIGH_THIN_CONTENT_RISK	low	medium	out_of_window	medium	NEEDS_DATA	no venue data for this country, so the page can only describe seasonality and cannot name anywhere to go	DEMAND_UNMEASURED	0/1980	
C004720	/it/sport/lugano-running/	sport	sport.city-season	city-activity-seasonality	2659836:running	Lugano running		CH		Lugano	it	it-IT							no										none		nasa-power-daily	partial	CC BY 4.0; 'There are no restrictions on the use, access, and/or download of data from the NASA POWER Project' (AWS Open Data Registry entry)	CC BY 4.0 for climate; no venue data for this country	partial, seasonality only and nowhere named	high, the answer differs by city and by activity; Tokyo in July suits swimming and defeats running	HIGH_THIN_CONTENT_RISK	low	medium	out_of_window	medium	NEEDS_DATA	no venue data for this country, so the page can only describe seasonality and cannot name anywhere to go	DEMAND_UNMEASURED	0/1980	
C004721	/ja/sport/lugano-running/	sport	sport.city-season	city-activity-seasonality	2659836:running	Lugano running		CH		Lugano	ja	ja-JP							no										none		nasa-power-daily	partial	CC BY 4.0; 'There are no restrictions on the use, access, and/or download of data from the NASA POWER Project' (AWS Open Data Registry entry)	CC BY 4.0 for climate; no venue data for this country	partial, seasonality only and nowhere named	high, the answer differs by city and by activity; Tokyo in July suits swimming and defeats running	HIGH_THIN_CONTENT_RISK	low	medium	out_of_window	medium	NEEDS_DATA	no venue data for this country, so the page can only describe seasonality and cannot name anywhere to go	DEMAND_UNMEASURED	0/1980	
C004722	/nl/sport/lugano-running/	sport	sport.city-season	city-activity-seasonality	2659836:running	Lugano running		CH		Lugano	nl	nl-NL							no										none		nasa-power-daily	partial	CC BY 4.0; 'There are no restrictions on the use, access, and/or download of data from the NASA POWER Project' (AWS Open Data Registry entry)	CC BY 4.0 for climate; no venue data for this country	partial, seasonality only and nowhere named	high, the answer differs by city and by activity; Tokyo in July suits swimming and defeats running	HIGH_THIN_CONTENT_RISK	low	medium	out_of_window	medium	NEEDS_DATA	no venue data for this country, so the page can only describe seasonality and cannot name anywhere to go	DEMAND_UNMEASURED	0/1980	
C004723	/pl/sport/lugano-running/	sport	sport.city-season	city-activity-seasonality	2659836:running	Lugano running		CH		Lugano	pl	pl-PL							no										none		nasa-power-daily	partial	CC BY 4.0; 'There are no restrictions on the use, access, and/or download of data from the NASA POWER Project' (AWS Open Data Registry entry)	CC BY 4.0 for climate; no venue data for this country	partial, seasonality only and nowhere named	high, the answer differs by city and by activity; Tokyo in July suits swimming and defeats running	HIGH_THIN_CONTENT_RISK	low	medium	out_of_window	medium	NEEDS_DATA	no venue data for this country, so the page can only describe seasonality and cannot name anywhere to go	DEMAND_UNMEASURED	0/1980	
C004724	/pt/desporto/lugano-running/	sport	sport.city-season	city-activity-seasonality	2659836:running	Lugano running		CH		Lugano	pt	pt-BR							no										none		nasa-power-daily	partial	CC BY 4.0; 'There are no restrictions on the use, access, and/or download of data from the NASA POWER Project' (AWS Open Data Registry entry)	CC BY 4.0 for climate; no venue data for this country	partial, seasonality only and nowhere named	high, the answer differs by city and by activity; Tokyo in July suits swimming and defeats running	HIGH_THIN_CONTENT_RISK	low	medium	out_of_window	medium	NEEDS_DATA	no venue data for this country, so the page can only describe seasonality and cannot name anywhere to go	DEMAND_UNMEASURED	0/1980	
C004725	/de/sport/lugano-cycling/	sport	sport.city-season	city-activity-seasonality	2659836:cycling	Lugano cycling		CH		Lugano	de	de-DE							no										none		nasa-power-daily	partial	CC BY 4.0; 'There are no restrictions on the use, access, and/or download of data from the NASA POWER Project' (AWS Open Data Registry entry)	CC BY 4.0 for climate; no venue data for this country	partial, seasonality only and nowhere named	high, the answer differs by city and by activity; Tokyo in July suits swimming and defeats running	HIGH_THIN_CONTENT_RISK	low	medium	out_of_window	medium	NEEDS_DATA	no venue data for this country, so the page can only describe seasonality and cannot name anywhere to go	DEMAND_UNMEASURED	0/1980	
C004726	/en/sport/lugano-cycling/	sport	sport.city-season	city-activity-seasonality	2659836:cycling	Lugano cycling		CH		Lugano	en	en-US							no										none		nasa-power-daily	partial	CC BY 4.0; 'There are no restrictions on the use, access, and/or download of data from the NASA POWER Project' (AWS Open Data Registry entry)	CC BY 4.0 for climate; no venue data for this country	partial, seasonality only and nowhere named	high, the answer differs by city and by activity; Tokyo in July suits swimming and defeats running	HIGH_THIN_CONTENT_RISK	low	medium	out_of_window	medium	NEEDS_DATA	no venue data for this country, so the page can only describe seasonality and cannot name anywhere to go	DEMAND_UNMEASURED	0/1980	
C004727	/es/deporte/lugano-cycling/	sport	sport.city-season	city-activity-seasonality	2659836:cycling	Lugano cycling		CH		Lugano	es	es-ES							no										none		nasa-power-daily	partial	CC BY 4.0; 'There are no restrictions on the use, access, and/or download of data from the NASA POWER Project' (AWS Open Data Registry entry)	CC BY 4.0 for climate; no venue data for this country	partial, seasonality only and nowhere named	high, the answer differs by city and by activity; Tokyo in July suits swimming and defeats running	HIGH_THIN_CONTENT_RISK	low	medium	out_of_window	medium	NEEDS_DATA	no venue data for this country, so the page can only describe seasonality and cannot name anywhere to go	DEMAND_UNMEASURED	0/1980	
C004728	/fr/sport/lugano-cycling/	sport	sport.city-season	city-activity-seasonality	2659836:cycling	Lugano cycling		CH		Lugano	fr	fr-FR							no										none		nasa-power-daily	partial	CC BY 4.0; 'There are no restrictions on the use, access, and/or download of data from the NASA POWER Project' (AWS Open Data Registry entry)	CC BY 4.0 for climate; no venue data for this country	partial, seasonality only and nowhere named	high, the answer differs by city and by activity; Tokyo in July suits swimming and defeats running	HIGH_THIN_CONTENT_RISK	low	medium	out_of_window	medium	NEEDS_DATA	no venue data for this country, so the page can only describe seasonality and cannot name anywhere to go	DEMAND_UNMEASURED	0/1980	
C004729	/it/sport/lugano-cycling/	sport	sport.city-season	city-activity-seasonality	2659836:cycling	Lugano cycling		CH		Lugano	it	it-IT							no										none		nasa-power-daily	partial	CC BY 4.0; 'There are no restrictions on the use, access, and/or download of data from the NASA POWER Project' (AWS Open Data Registry entry)	CC BY 4.0 for climate; no venue data for this country	partial, seasonality only and nowhere named	high, the answer differs by city and by activity; Tokyo in July suits swimming and defeats running	HIGH_THIN_CONTENT_RISK	low	medium	out_of_window	medium	NEEDS_DATA	no venue data for this country, so the page can only describe seasonality and cannot name anywhere to go	DEMAND_UNMEASURED	0/1980	
C004730	/ja/sport/lugano-cycling/	sport	sport.city-season	city-activity-seasonality	2659836:cycling	Lugano cycling		CH		Lugano	ja	ja-JP							no										none		nasa-power-daily	partial	CC BY 4.0; 'There are no restrictions on the use, access, and/or download of data from the NASA POWER Project' (AWS Open Data Registry entry)	CC BY 4.0 for climate; no venue data for this country	partial, seasonality only and nowhere named	high, the answer differs by city and by activity; Tokyo in July suits swimming and defeats running	HIGH_THIN_CONTENT_RISK	low	medium	out_of_window	medium	NEEDS_DATA	no venue data for this country, so the page can only describe seasonality and cannot name anywhere to go	DEMAND_UNMEASURED	0/1980	
C004731	/nl/sport/lugano-cycling/	sport	sport.city-season	city-activity-seasonality	2659836:cycling	Lugano cycling		CH		Lugano	nl	nl-NL							no										none		nasa-power-daily	partial	CC BY 4.0; 'There are no restrictions on the use, access, and/or download of data from the NASA POWER Project' (AWS Open Data Registry entry)	CC BY 4.0 for climate; no venue data for this country	partial, seasonality only and nowhere named	high, the answer differs by city and by activity; Tokyo in July suits swimming and defeats running	HIGH_THIN_CONTENT_RISK	low	medium	out_of_window	medium	NEEDS_DATA	no venue data for this country, so the page can only describe seasonality and cannot name anywhere to go	DEMAND_UNMEASURED	0/1980	
C004732	/pl/sport/lugano-cycling/	sport	sport.city-season	city-activity-seasonality	2659836:cycling	Lugano cycling		CH		Lugano	pl	pl-PL							no										none		nasa-power-daily	partial	CC BY 4.0; 'There are no restrictions on the use, access, and/or download of data from the NASA POWER Project' (AWS Open Data Registry entry)	CC BY 4.0 for climate; no venue data for this country	partial, seasonality only and nowhere named	high, the answer differs by city and by activity; Tokyo in July suits swimming and defeats running	HIGH_THIN_CONTENT_RISK	low	medium	out_of_window	medium	NEEDS_DATA	no venue data for this country, so the page can only describe seasonality and cannot name anywhere to go	DEMAND_UNMEASURED	0/1980	
C004733	/pt/desporto/lugano-cycling/	sport	sport.city-season	city-activity-seasonality	2659836:cycling	Lugano cycling		CH		Lugano	pt	pt-BR							no										none		nasa-power-daily	partial	CC BY 4.0; 'There are no restrictions on the use, access, and/or download of data from the NASA POWER Project' (AWS Open Data Registry entry)	CC BY 4.0 for climate; no venue data for this country	partial, seasonality only and nowhere named	high, the answer differs by city and by activity; Tokyo in July suits swimming and defeats running	HIGH_THIN_CONTENT_RISK	low	medium	out_of_window	medium	NEEDS_DATA	no venue data for this country, so the page can only describe seasonality and cannot name anywhere to go	DEMAND_UNMEASURED	0/1980	
C004734	/de/sport/lugano-hiking/	sport	sport.city-season	city-activity-seasonality	2659836:hiking	Lugano hiking		CH		Lugano	de	de-DE							no										none		nasa-power-daily	partial	CC BY 4.0; 'There are no restrictions on the use, access, and/or download of data from the NASA POWER Project' (AWS Open Data Registry entry)	CC BY 4.0 for climate; no venue data for this country	partial, seasonality only and nowhere named	high, the answer differs by city and by activity; Tokyo in July suits swimming and defeats running	HIGH_THIN_CONTENT_RISK	low	medium	out_of_window	medium	NEEDS_DATA	no venue data for this country, so the page can only describe seasonality and cannot name anywhere to go	DEMAND_UNMEASURED	0/1980	
C004735	/en/sport/lugano-hiking/	sport	sport.city-season	city-activity-seasonality	2659836:hiking	Lugano hiking		CH		Lugano	en	en-US							no										none		nasa-power-daily	partial	CC BY 4.0; 'There are no restrictions on the use, access, and/or download of data from the NASA POWER Project' (AWS Open Data Registry entry)	CC BY 4.0 for climate; no venue data for this country	partial, seasonality only and nowhere named	high, the answer differs by city and by activity; Tokyo in July suits swimming and defeats running	HIGH_THIN_CONTENT_RISK	low	medium	out_of_window	medium	NEEDS_DATA	no venue data for this country, so the page can only describe seasonality and cannot name anywhere to go	DEMAND_UNMEASURED	0/1980	
C004736	/es/deporte/lugano-hiking/	sport	sport.city-season	city-activity-seasonality	2659836:hiking	Lugano hiking		CH		Lugano	es	es-ES							no										none		nasa-power-daily	partial	CC BY 4.0; 'There are no restrictions on the use, access, and/or download of data from the NASA POWER Project' (AWS Open Data Registry entry)	CC BY 4.0 for climate; no venue data for this country	partial, seasonality only and nowhere named	high, the answer differs by city and by activity; Tokyo in July suits swimming and defeats running	HIGH_THIN_CONTENT_RISK	low	medium	out_of_window	medium	NEEDS_DATA	no venue data for this country, so the page can only describe seasonality and cannot name anywhere to go	DEMAND_UNMEASURED	0/1980	
C004737	/fr/sport/lugano-hiking/	sport	sport.city-season	city-activity-seasonality	2659836:hiking	Lugano hiking		CH		Lugano	fr	fr-FR							no										none		nasa-power-daily	partial	CC BY 4.0; 'There are no restrictions on the use, access, and/or download of data from the NASA POWER Project' (AWS Open Data Registry entry)	CC BY 4.0 for climate; no venue data for this country	partial, seasonality only and nowhere named	high, the answer differs by city and by activity; Tokyo in July suits swimming and defeats running	HIGH_THIN_CONTENT_RISK	low	medium	out_of_window	medium	NEEDS_DATA	no venue data for this country, so the page can only describe seasonality and cannot name anywhere to go	DEMAND_UNMEASURED	0/1980	
C004738	/it/sport/lugano-hiking/	sport	sport.city-season	city-activity-seasonality	2659836:hiking	Lugano hiking		CH		Lugano	it	it-IT							no										none		nasa-power-daily	partial	CC BY 4.0; 'There are no restrictions on the use, access, and/or download of data from the NASA POWER Project' (AWS Open Data Registry entry)	CC BY 4.0 for climate; no venue data for this country	partial, seasonality only and nowhere named	high, the answer differs by city and by activity; Tokyo in July suits swimming and defeats running	HIGH_THIN_CONTENT_RISK	low	medium	out_of_window	medium	NEEDS_DATA	no venue data for this country, so the page can only describe seasonality and cannot name anywhere to go	DEMAND_UNMEASURED	0/1980	
C004739	/ja/sport/lugano-hiking/	sport	sport.city-season	city-activity-seasonality	2659836:hiking	Lugano hiking		CH		Lugano	ja	ja-JP							no										none		nasa-power-daily	partial	CC BY 4.0; 'There are no restrictions on the use, access, and/or download of data from the NASA POWER Project' (AWS Open Data Registry entry)	CC BY 4.0 for climate; no venue data for this country	partial, seasonality only and nowhere named	high, the answer differs by city and by activity; Tokyo in July suits swimming and defeats running	HIGH_THIN_CONTENT_RISK	low	medium	out_of_window	medium	NEEDS_DATA	no venue data for this country, so the page can only describe seasonality and cannot name anywhere to go	DEMAND_UNMEASURED	0/1980	
C004740	/nl/sport/lugano-hiking/	sport	sport.city-season	city-activity-seasonality	2659836:hiking	Lugano hiking		CH		Lugano	nl	nl-NL							no										none		nasa-power-daily	partial	CC BY 4.0; 'There are no restrictions on the use, access, and/or download of data from the NASA POWER Project' (AWS Open Data Registry entry)	CC BY 4.0 for climate; no venue data for this country	partial, seasonality only and nowhere named	high, the answer differs by city and by activity; Tokyo in July suits swimming and defeats running	HIGH_THIN_CONTENT_RISK	low	medium	out_of_window	medium	NEEDS_DATA	no venue data for this country, so the page can only describe seasonality and cannot name anywhere to go	DEMAND_UNMEASURED	0/1980	
C004741	/pl/sport/lugano-hiking/	sport	sport.city-season	city-activity-seasonality	2659836:hiking	Lugano hiking		CH		Lugano	pl	pl-PL							no										none		nasa-power-daily	partial	CC BY 4.0; 'There are no restrictions on the use, access, and/or download of data from the NASA POWER Project' (AWS Open Data Registry entry)	CC BY 4.0 for climate; no venue data for this country	partial, seasonality only and nowhere named	high, the answer differs by city and by activity; Tokyo in July suits swimming and defeats running	HIGH_THIN_CONTENT_RISK	low	medium	out_of_window	medium	NEEDS_DATA	no venue data for this country, so the page can only describe seasonality and cannot name anywhere to go	DEMAND_UNMEASURED	0/1980	
C004742	/pt/desporto/lugano-hiking/	sport	sport.city-season	city-activity-seasonality	2659836:hiking	Lugano hiking		CH		Lugano	pt	pt-BR							no										none		nasa-power-daily	partial	CC BY 4.0; 'There are no restrictions on the use, access, and/or download of data from the NASA POWER Project' (AWS Open Data Registry entry)	CC BY 4.0 for climate; no venue data for this country	partial, seasonality only and nowhere named	high, the answer differs by city and by activity; Tokyo in July suits swimming and defeats running	HIGH_THIN_CONTENT_RISK	low	medium	out_of_window	medium	NEEDS_DATA	no venue data for this country, so the page can only describe seasonality and cannot name anywhere to go	DEMAND_UNMEASURED	0/1980	
C004743	/de/sport/lugano-swimming/	sport	sport.city-season	city-activity-seasonality	2659836:swimming	Lugano swimming		CH		Lugano	de	de-DE							no										none		nasa-power-daily	partial	CC BY 4.0; 'There are no restrictions on the use, access, and/or download of data from the NASA POWER Project' (AWS Open Data Registry entry)	CC BY 4.0 for climate; no venue data for this country	partial, seasonality only and nowhere named	high, the answer differs by city and by activity; Tokyo in July suits swimming and defeats running	HIGH_THIN_CONTENT_RISK	low	medium	out_of_window	medium	NEEDS_DATA	no venue data for this country, so the page can only describe seasonality and cannot name anywhere to go	DEMAND_UNMEASURED	0/1980	
C004744	/en/sport/lugano-swimming/	sport	sport.city-season	city-activity-seasonality	2659836:swimming	Lugano swimming		CH		Lugano	en	en-US							no										none		nasa-power-daily	partial	CC BY 4.0; 'There are no restrictions on the use, access, and/or download of data from the NASA POWER Project' (AWS Open Data Registry entry)	CC BY 4.0 for climate; no venue data for this country	partial, seasonality only and nowhere named	high, the answer differs by city and by activity; Tokyo in July suits swimming and defeats running	HIGH_THIN_CONTENT_RISK	low	medium	out_of_window	medium	NEEDS_DATA	no venue data for this country, so the page can only describe seasonality and cannot name anywhere to go	DEMAND_UNMEASURED	0/1980	
C004745	/es/deporte/lugano-swimming/	sport	sport.city-season	city-activity-seasonality	2659836:swimming	Lugano swimming		CH		Lugano	es	es-ES							no										none		nasa-power-daily	partial	CC BY 4.0; 'There are no restrictions on the use, access, and/or download of data from the NASA POWER Project' (AWS Open Data Registry entry)	CC BY 4.0 for climate; no venue data for this country	partial, seasonality only and nowhere named	high, the answer differs by city and by activity; Tokyo in July suits swimming and defeats running	HIGH_THIN_CONTENT_RISK	low	medium	out_of_window	medium	NEEDS_DATA	no venue data for this country, so the page can only describe seasonality and cannot name anywhere to go	DEMAND_UNMEASURED	0/1980	
C004746	/fr/sport/lugano-swimming/	sport	sport.city-season	city-activity-seasonality	2659836:swimming	Lugano swimming		CH		Lugano	fr	fr-FR							no										none		nasa-power-daily	partial	CC BY 4.0; 'There are no restrictions on the use, access, and/or download of data from the NASA POWER Project' (AWS Open Data Registry entry)	CC BY 4.0 for climate; no venue data for this country	partial, seasonality only and nowhere named	high, the answer differs by city and by activity; Tokyo in July suits swimming and defeats running	HIGH_THIN_CONTENT_RISK	low	medium	out_of_window	medium	NEEDS_DATA	no venue data for this country, so the page can only describe seasonality and cannot name anywhere to go	DEMAND_UNMEASURED	0/1980	
C004747	/it/sport/lugano-swimming/	sport	sport.city-season	city-activity-seasonality	2659836:swimming	Lugano swimming		CH		Lugano	it	it-IT							no										none		nasa-power-daily	partial	CC BY 4.0; 'There are no restrictions on the use, access, and/or download of data from the NASA POWER Project' (AWS Open Data Registry entry)	CC BY 4.0 for climate; no venue data for this country	partial, seasonality only and nowhere named	high, the answer differs by city and by activity; Tokyo in July suits swimming and defeats running	HIGH_THIN_CONTENT_RISK	low	medium	out_of_window	medium	NEEDS_DATA	no venue data for this country, so the page can only describe seasonality and cannot name anywhere to go	DEMAND_UNMEASURED	0/1980	
C004748	/ja/sport/lugano-swimming/	sport	sport.city-season	city-activity-seasonality	2659836:swimming	Lugano swimming		CH		Lugano	ja	ja-JP							no										none		nasa-power-daily	partial	CC BY 4.0; 'There are no restrictions on the use, access, and/or download of data from the NASA POWER Project' (AWS Open Data Registry entry)	CC BY 4.0 for climate; no venue data for this country	partial, seasonality only and nowhere named	high, the answer differs by city and by activity; Tokyo in July suits swimming and defeats running	HIGH_THIN_CONTENT_RISK	low	medium	out_of_window	medium	NEEDS_DATA	no venue data for this country, so the page can only describe seasonality and cannot name anywhere to go	DEMAND_UNMEASURED	0/1980	
C004749	/nl/sport/lugano-swimming/	sport	sport.city-season	city-activity-seasonality	2659836:swimming	Lugano swimming		CH		Lugano	nl	nl-NL							no										none		nasa-power-daily	partial	CC BY 4.0; 'There are no restrictions on the use, access, and/or download of data from the NASA POWER Project' (AWS Open Data Registry entry)	CC BY 4.0 for climate; no venue data for this country	partial, seasonality only and nowhere named	high, the answer differs by city and by activity; Tokyo in July suits swimming and defeats running	HIGH_THIN_CONTENT_RISK	low	medium	out_of_window	medium	NEEDS_DATA	no venue data for this country, so the page can only describe seasonality and cannot name anywhere to go	DEMAND_UNMEASURED	0/1980	
C004750	/pl/sport/lugano-swimming/	sport	sport.city-season	city-activity-seasonality	2659836:swimming	Lugano swimming		CH		Lugano	pl	pl-PL							no										none		nasa-power-daily	partial	CC BY 4.0; 'There are no restrictions on the use, access, and/or download of data from the NASA POWER Project' (AWS Open Data Registry entry)	CC BY 4.0 for climate; no venue data for this country	partial, seasonality only and nowhere named	high, the answer differs by city and by activity; Tokyo in July suits swimming and defeats running	HIGH_THIN_CONTENT_RISK	low	medium	out_of_window	medium	NEEDS_DATA	no venue data for this country, so the page can only describe seasonality and cannot name anywhere to go	DEMAND_UNMEASURED	0/1980	
C004751	/pt/desporto/lugano-swimming/	sport	sport.city-season	city-activity-seasonality	2659836:swimming	Lugano swimming		CH		Lugano	pt	pt-BR							no										none		nasa-power-daily	partial	CC BY 4.0; 'There are no restrictions on the use, access, and/or download of data from the NASA POWER Project' (AWS Open Data Registry entry)	CC BY 4.0 for climate; no venue data for this country	partial, seasonality only and nowhere named	high, the answer differs by city and by activity; Tokyo in July suits swimming and defeats running	HIGH_THIN_CONTENT_RISK	low	medium	out_of_window	medium	NEEDS_DATA	no venue data for this country, so the page can only describe seasonality and cannot name anywhere to go	DEMAND_UNMEASURED	0/1980	
C004752	/de/sport/geneva-running/	sport	sport.city-season	city-activity-seasonality	2660646:running	Geneva running		CH		Geneva	de	de-DE							no										none		nasa-power-daily	partial	CC BY 4.0; 'There are no restrictions on the use, access, and/or download of data from the NASA POWER Project' (AWS Open Data Registry entry)	CC BY 4.0 for climate; no venue data for this country	partial, seasonality only and nowhere named	high, the answer differs by city and by activity; Tokyo in July suits swimming and defeats running	HIGH_THIN_CONTENT_RISK	low	medium	out_of_window	medium	NEEDS_DATA	no venue data for this country, so the page can only describe seasonality and cannot name anywhere to go	DEMAND_UNMEASURED	0/1980	
C004753	/en/sport/geneva-running/	sport	sport.city-season	city-activity-seasonality	2660646:running	Geneva running		CH		Geneva	en	en-US							no										none		nasa-power-daily	partial	CC BY 4.0; 'There are no restrictions on the use, access, and/or download of data from the NASA POWER Project' (AWS Open Data Registry entry)	CC BY 4.0 for climate; no venue data for this country	partial, seasonality only and nowhere named	high, the answer differs by city and by activity; Tokyo in July suits swimming and defeats running	HIGH_THIN_CONTENT_RISK	low	medium	out_of_window	medium	NEEDS_DATA	no venue data for this country, so the page can only describe seasonality and cannot name anywhere to go	DEMAND_UNMEASURED	0/1980	
C004754	/es/deporte/geneva-running/	sport	sport.city-season	city-activity-seasonality	2660646:running	Geneva running		CH		Geneva	es	es-ES							no										none		nasa-power-daily	partial	CC BY 4.0; 'There are no restrictions on the use, access, and/or download of data from the NASA POWER Project' (AWS Open Data Registry entry)	CC BY 4.0 for climate; no venue data for this country	partial, seasonality only and nowhere named	high, the answer differs by city and by activity; Tokyo in July suits swimming and defeats running	HIGH_THIN_CONTENT_RISK	low	medium	out_of_window	medium	NEEDS_DATA	no venue data for this country, so the page can only describe seasonality and cannot name anywhere to go	DEMAND_UNMEASURED	0/1980	
C004755	/fr/sport/geneva-running/	sport	sport.city-season	city-activity-seasonality	2660646:running	Geneva running		CH		Geneva	fr	fr-FR							no										none		nasa-power-daily	partial	CC BY 4.0; 'There are no restrictions on the use, access, and/or download of data from the NASA POWER Project' (AWS Open Data Registry entry)	CC BY 4.0 for climate; no venue data for this country	partial, seasonality only and nowhere named	high, the answer differs by city and by activity; Tokyo in July suits swimming and defeats running	HIGH_THIN_CONTENT_RISK	low	medium	out_of_window	medium	NEEDS_DATA	no venue data for this country, so the page can only describe seasonality and cannot name anywhere to go	DEMAND_UNMEASURED	0/1980	
C004756	/it/sport/geneva-running/	sport	sport.city-season	city-activity-seasonality	2660646:running	Geneva running		CH		Geneva	it	it-IT							no										none		nasa-power-daily	partial	CC BY 4.0; 'There are no restrictions on the use, access, and/or download of data from the NASA POWER Project' (AWS Open Data Registry entry)	CC BY 4.0 for climate; no venue data for this country	partial, seasonality only and nowhere named	high, the answer differs by city and by activity; Tokyo in July suits swimming and defeats running	HIGH_THIN_CONTENT_RISK	low	medium	out_of_window	medium	NEEDS_DATA	no venue data for this country, so the page can only describe seasonality and cannot name anywhere to go	DEMAND_UNMEASURED	0/1980	
C004757	/ja/sport/geneva-running/	sport	sport.city-season	city-activity-seasonality	2660646:running	Geneva running		CH		Geneva	ja	ja-JP							no										none		nasa-power-daily	partial	CC BY 4.0; 'There are no restrictions on the use, access, and/or download of data from the NASA POWER Project' (AWS Open Data Registry entry)	CC BY 4.0 for climate; no venue data for this country	partial, seasonality only and nowhere named	high, the answer differs by city and by activity; Tokyo in July suits swimming and defeats running	HIGH_THIN_CONTENT_RISK	low	medium	out_of_window	medium	NEEDS_DATA	no venue data for this country, so the page can only describe seasonality and cannot name anywhere to go	DEMAND_UNMEASURED	0/1980	
C004758	/nl/sport/geneva-running/	sport	sport.city-season	city-activity-seasonality	2660646:running	Geneva running		CH		Geneva	nl	nl-NL							no										none		nasa-power-daily	partial	CC BY 4.0; 'There are no restrictions on the use, access, and/or download of data from the NASA POWER Project' (AWS Open Data Registry entry)	CC BY 4.0 for climate; no venue data for this country	partial, seasonality only and nowhere named	high, the answer differs by city and by activity; Tokyo in July suits swimming and defeats running	HIGH_THIN_CONTENT_RISK	low	medium	out_of_window	medium	NEEDS_DATA	no venue data for this country, so the page can only describe seasonality and cannot name anywhere to go	DEMAND_UNMEASURED	0/1980	
C004759	/pl/sport/geneva-running/	sport	sport.city-season	city-activity-seasonality	2660646:running	Geneva running		CH		Geneva	pl	pl-PL							no										none		nasa-power-daily	partial	CC BY 4.0; 'There are no restrictions on the use, access, and/or download of data from the NASA POWER Project' (AWS Open Data Registry entry)	CC BY 4.0 for climate; no venue data for this country	partial, seasonality only and nowhere named	high, the answer differs by city and by activity; Tokyo in July suits swimming and defeats running	HIGH_THIN_CONTENT_RISK	low	medium	out_of_window	medium	NEEDS_DATA	no venue data for this country, so the page can only describe seasonality and cannot name anywhere to go	DEMAND_UNMEASURED	0/1980	
C004760	/pt/desporto/geneva-running/	sport	sport.city-season	city-activity-seasonality	2660646:running	Geneva running		CH		Geneva	pt	pt-BR							no										none		nasa-power-daily	partial	CC BY 4.0; 'There are no restrictions on the use, access, and/or download of data from the NASA POWER Project' (AWS Open Data Registry entry)	CC BY 4.0 for climate; no venue data for this country	partial, seasonality only and nowhere named	high, the answer differs by city and by activity; Tokyo in July suits swimming and defeats running	HIGH_THIN_CONTENT_RISK	low	medium	out_of_window	medium	NEEDS_DATA	no venue data for this country, so the page can only describe seasonality and cannot name anywhere to go	DEMAND_UNMEASURED	0/1980	
C004761	/de/sport/geneva-cycling/	sport	sport.city-season	city-activity-seasonality	2660646:cycling	Geneva cycling		CH		Geneva	de	de-DE							no										none		nasa-power-daily	partial	CC BY 4.0; 'There are no restrictions on the use, access, and/or download of data from the NASA POWER Project' (AWS Open Data Registry entry)	CC BY 4.0 for climate; no venue data for this country	partial, seasonality only and nowhere named	high, the answer differs by city and by activity; Tokyo in July suits swimming and defeats running	HIGH_THIN_CONTENT_RISK	low	medium	out_of_window	medium	NEEDS_DATA	no venue data for this country, so the page can only describe seasonality and cannot name anywhere to go	DEMAND_UNMEASURED	0/1980	
C004762	/en/sport/geneva-cycling/	sport	sport.city-season	city-activity-seasonality	2660646:cycling	Geneva cycling		CH		Geneva	en	en-US							no										none		nasa-power-daily	partial	CC BY 4.0; 'There are no restrictions on the use, access, and/or download of data from the NASA POWER Project' (AWS Open Data Registry entry)	CC BY 4.0 for climate; no venue data for this country	partial, seasonality only and nowhere named	high, the answer differs by city and by activity; Tokyo in July suits swimming and defeats running	HIGH_THIN_CONTENT_RISK	low	medium	out_of_window	medium	NEEDS_DATA	no venue data for this country, so the page can only describe seasonality and cannot name anywhere to go	DEMAND_UNMEASURED	0/1980	
C004763	/es/deporte/geneva-cycling/	sport	sport.city-season	city-activity-seasonality	2660646:cycling	Geneva cycling		CH		Geneva	es	es-ES							no										none		nasa-power-daily	partial	CC BY 4.0; 'There are no restrictions on the use, access, and/or download of data from the NASA POWER Project' (AWS Open Data Registry entry)	CC BY 4.0 for climate; no venue data for this country	partial, seasonality only and nowhere named	high, the answer differs by city and by activity; Tokyo in July suits swimming and defeats running	HIGH_THIN_CONTENT_RISK	low	medium	out_of_window	medium	NEEDS_DATA	no venue data for this country, so the page can only describe seasonality and cannot name anywhere to go	DEMAND_UNMEASURED	0/1980	
C004764	/fr/sport/geneva-cycling/	sport	sport.city-season	city-activity-seasonality	2660646:cycling	Geneva cycling		CH		Geneva	fr	fr-FR							no										none		nasa-power-daily	partial	CC BY 4.0; 'There are no restrictions on the use, access, and/or download of data from the NASA POWER Project' (AWS Open Data Registry entry)	CC BY 4.0 for climate; no venue data for this country	partial, seasonality only and nowhere named	high, the answer differs by city and by activity; Tokyo in July suits swimming and defeats running	HIGH_THIN_CONTENT_RISK	low	medium	out_of_window	medium	NEEDS_DATA	no venue data for this country, so the page can only describe seasonality and cannot name anywhere to go	DEMAND_UNMEASURED	0/1980	
C004765	/it/sport/geneva-cycling/	sport	sport.city-season	city-activity-seasonality	2660646:cycling	Geneva cycling		CH		Geneva	it	it-IT							no										none		nasa-power-daily	partial	CC BY 4.0; 'There are no restrictions on the use, access, and/or download of data from the NASA POWER Project' (AWS Open Data Registry entry)	CC BY 4.0 for climate; no venue data for this country	partial, seasonality only and nowhere named	high, the answer differs by city and by activity; Tokyo in July suits swimming and defeats running	HIGH_THIN_CONTENT_RISK	low	medium	out_of_window	medium	NEEDS_DATA	no venue data for this country, so the page can only describe seasonality and cannot name anywhere to go	DEMAND_UNMEASURED	0/1980	
C004766	/ja/sport/geneva-cycling/	sport	sport.city-season	city-activity-seasonality	2660646:cycling	Geneva cycling		CH		Geneva	ja	ja-JP							no										none		nasa-power-daily	partial	CC BY 4.0; 'There are no restrictions on the use, access, and/or download of data from the NASA POWER Project' (AWS Open Data Registry entry)	CC BY 4.0 for climate; no venue data for this country	partial, seasonality only and nowhere named	high, the answer differs by city and by activity; Tokyo in July suits swimming and defeats running	HIGH_THIN_CONTENT_RISK	low	medium	out_of_window	medium	NEEDS_DATA	no venue data for this country, so the page can only describe seasonality and cannot name anywhere to go	DEMAND_UNMEASURED	0/1980	
C004767	/nl/sport/geneva-cycling/	sport	sport.city-season	city-activity-seasonality	2660646:cycling	Geneva cycling		CH		Geneva	nl	nl-NL							no										none		nasa-power-daily	partial	CC BY 4.0; 'There are no restrictions on the use, access, and/or download of data from the NASA POWER Project' (AWS Open Data Registry entry)	CC BY 4.0 for climate; no venue data for this country	partial, seasonality only and nowhere named	high, the answer differs by city and by activity; Tokyo in July suits swimming and defeats running	HIGH_THIN_CONTENT_RISK	low	medium	out_of_window	medium	NEEDS_DATA	no venue data for this country, so the page can only describe seasonality and cannot name anywhere to go	DEMAND_UNMEASURED	0/1980	
C004768	/pl/sport/geneva-cycling/	sport	sport.city-season	city-activity-seasonality	2660646:cycling	Geneva cycling		CH		Geneva	pl	pl-PL							no										none		nasa-power-daily	partial	CC BY 4.0; 'There are no restrictions on the use, access, and/or download of data from the NASA POWER Project' (AWS Open Data Registry entry)	CC BY 4.0 for climate; no venue data for this country	partial, seasonality only and nowhere named	high, the answer differs by city and by activity; Tokyo in July suits swimming and defeats running	HIGH_THIN_CONTENT_RISK	low	medium	out_of_window	medium	NEEDS_DATA	no venue data for this country, so the page can only describe seasonality and cannot name anywhere to go	DEMAND_UNMEASURED	0/1980	
C004769	/pt/desporto/geneva-cycling/	sport	sport.city-season	city-activity-seasonality	2660646:cycling	Geneva cycling		CH		Geneva	pt	pt-BR							no										none		nasa-power-daily	partial	CC BY 4.0; 'There are no restrictions on the use, access, and/or download of data from the NASA POWER Project' (AWS Open Data Registry entry)	CC BY 4.0 for climate; no venue data for this country	partial, seasonality only and nowhere named	high, the answer differs by city and by activity; Tokyo in July suits swimming and defeats running	HIGH_THIN_CONTENT_RISK	low	medium	out_of_window	medium	NEEDS_DATA	no venue data for this country, so the page can only describe seasonality and cannot name anywhere to go	DEMAND_UNMEASURED	0/1980	
C004770	/de/sport/geneva-hiking/	sport	sport.city-season	city-activity-seasonality	2660646:hiking	Geneva hiking		CH		Geneva	de	de-DE							no										none		nasa-power-daily	partial	CC BY 4.0; 'There are no restrictions on the use, access, and/or download of data from the NASA POWER Project' (AWS Open Data Registry entry)	CC BY 4.0 for climate; no venue data for this country	partial, seasonality only and nowhere named	high, the answer differs by city and by activity; Tokyo in July suits swimming and defeats running	HIGH_THIN_CONTENT_RISK	low	medium	out_of_window	medium	NEEDS_DATA	no venue data for this country, so the page can only describe seasonality and cannot name anywhere to go	DEMAND_UNMEASURED	0/1980	
C004771	/en/sport/geneva-hiking/	sport	sport.city-season	city-activity-seasonality	2660646:hiking	Geneva hiking		CH		Geneva	en	en-US							no										none		nasa-power-daily	partial	CC BY 4.0; 'There are no restrictions on the use, access, and/or download of data from the NASA POWER Project' (AWS Open Data Registry entry)	CC BY 4.0 for climate; no venue data for this country	partial, seasonality only and nowhere named	high, the answer differs by city and by activity; Tokyo in July suits swimming and defeats running	HIGH_THIN_CONTENT_RISK	low	medium	out_of_window	medium	NEEDS_DATA	no venue data for this country, so the page can only describe seasonality and cannot name anywhere to go	DEMAND_UNMEASURED	0/1980	
C004772	/es/deporte/geneva-hiking/	sport	sport.city-season	city-activity-seasonality	2660646:hiking	Geneva hiking		CH		Geneva	es	es-ES							no										none		nasa-power-daily	partial	CC BY 4.0; 'There are no restrictions on the use, access, and/or download of data from the NASA POWER Project' (AWS Open Data Registry entry)	CC BY 4.0 for climate; no venue data for this country	partial, seasonality only and nowhere named	high, the answer differs by city and by activity; Tokyo in July suits swimming and defeats running	HIGH_THIN_CONTENT_RISK	low	medium	out_of_window	medium	NEEDS_DATA	no venue data for this country, so the page can only describe seasonality and cannot name anywhere to go	DEMAND_UNMEASURED	0/1980	
C004773	/fr/sport/geneva-hiking/	sport	sport.city-season	city-activity-seasonality	2660646:hiking	Geneva hiking		CH		Geneva	fr	fr-FR							no										none		nasa-power-daily	partial	CC BY 4.0; 'There are no restrictions on the use, access, and/or download of data from the NASA POWER Project' (AWS Open Data Registry entry)	CC BY 4.0 for climate; no venue data for this country	partial, seasonality only and nowhere named	high, the answer differs by city and by activity; Tokyo in July suits swimming and defeats running	HIGH_THIN_CONTENT_RISK	low	medium	out_of_window	medium	NEEDS_DATA	no venue data for this country, so the page can only describe seasonality and cannot name anywhere to go	DEMAND_UNMEASURED	0/1980	
C004774	/it/sport/geneva-hiking/	sport	sport.city-season	city-activity-seasonality	2660646:hiking	Geneva hiking		CH		Geneva	it	it-IT							no										none		nasa-power-daily	partial	CC BY 4.0; 'There are no restrictions on the use, access, and/or download of data from the NASA POWER Project' (AWS Open Data Registry entry)	CC BY 4.0 for climate; no venue data for this country	partial, seasonality only and nowhere named	high, the answer differs by city and by activity; Tokyo in July suits swimming and defeats running	HIGH_THIN_CONTENT_RISK	low	medium	out_of_window	medium	NEEDS_DATA	no venue data for this country, so the page can only describe seasonality and cannot name anywhere to go	DEMAND_UNMEASURED	0/1980	
C004775	/ja/sport/geneva-hiking/	sport	sport.city-season	city-activity-seasonality	2660646:hiking	Geneva hiking		CH		Geneva	ja	ja-JP							no										none		nasa-power-daily	partial	CC BY 4.0; 'There are no restrictions on the use, access, and/or download of data from the NASA POWER Project' (AWS Open Data Registry entry)	CC BY 4.0 for climate; no venue data for this country	partial, seasonality only and nowhere named	high, the answer differs by city and by activity; Tokyo in July suits swimming and defeats running	HIGH_THIN_CONTENT_RISK	low	medium	out_of_window	medium	NEEDS_DATA	no venue data for this country, so the page can only describe seasonality and cannot name anywhere to go	DEMAND_UNMEASURED	0/1980	
C004776	/nl/sport/geneva-hiking/	sport	sport.city-season	city-activity-seasonality	2660646:hiking	Geneva hiking		CH		Geneva	nl	nl-NL							no										none		nasa-power-daily	partial	CC BY 4.0; 'There are no restrictions on the use, access, and/or download of data from the NASA POWER Project' (AWS Open Data Registry entry)	CC BY 4.0 for climate; no venue data for this country	partial, seasonality only and nowhere named	high, the answer differs by city and by activity; Tokyo in July suits swimming and defeats running	HIGH_THIN_CONTENT_RISK	low	medium	out_of_window	medium	NEEDS_DATA	no venue data for this country, so the page can only describe seasonality and cannot name anywhere to go	DEMAND_UNMEASURED	0/1980	
C004777	/pl/sport/geneva-hiking/	sport	sport.city-season	city-activity-seasonality	2660646:hiking	Geneva hiking		CH		Geneva	pl	pl-PL							no										none		nasa-power-daily	partial	CC BY 4.0; 'There are no restrictions on the use, access, and/or download of data from the NASA POWER Project' (AWS Open Data Registry entry)	CC BY 4.0 for climate; no venue data for this country	partial, seasonality only and nowhere named	high, the answer differs by city and by activity; Tokyo in July suits swimming and defeats running	HIGH_THIN_CONTENT_RISK	low	medium	out_of_window	medium	NEEDS_DATA	no venue data for this country, so the page can only describe seasonality and cannot name anywhere to go	DEMAND_UNMEASURED	0/1980	
C004778	/pt/desporto/geneva-hiking/	sport	sport.city-season	city-activity-seasonality	2660646:hiking	Geneva hiking		CH		Geneva	pt	pt-BR							no										none		nasa-power-daily	partial	CC BY 4.0; 'There are no restrictions on the use, access, and/or download of data from the NASA POWER Project' (AWS Open Data Registry entry)	CC BY 4.0 for climate; no venue data for this country	partial, seasonality only and nowhere named	high, the answer differs by city and by activity; Tokyo in July suits swimming and defeats running	HIGH_THIN_CONTENT_RISK	low	medium	out_of_window	medium	NEEDS_DATA	no venue data for this country, so the page can only describe seasonality and cannot name anywhere to go	DEMAND_UNMEASURED	0/1980	
C004779	/de/sport/geneva-swimming/	sport	sport.city-season	city-activity-seasonality	2660646:swimming	Geneva swimming		CH		Geneva	de	de-DE							no										none		nasa-power-daily	partial	CC BY 4.0; 'There are no restrictions on the use, access, and/or download of data from the NASA POWER Project' (AWS Open Data Registry entry)	CC BY 4.0 for climate; no venue data for this country	partial, seasonality only and nowhere named	high, the answer differs by city and by activity; Tokyo in July suits swimming and defeats running	HIGH_THIN_CONTENT_RISK	low	medium	out_of_window	medium	NEEDS_DATA	no venue data for this country, so the page can only describe seasonality and cannot name anywhere to go	DEMAND_UNMEASURED	0/1980	
C004780	/en/sport/geneva-swimming/	sport	sport.city-season	city-activity-seasonality	2660646:swimming	Geneva swimming		CH		Geneva	en	en-US							no										none		nasa-power-daily	partial	CC BY 4.0; 'There are no restrictions on the use, access, and/or download of data from the NASA POWER Project' (AWS Open Data Registry entry)	CC BY 4.0 for climate; no venue data for this country	partial, seasonality only and nowhere named	high, the answer differs by city and by activity; Tokyo in July suits swimming and defeats running	HIGH_THIN_CONTENT_RISK	low	medium	out_of_window	medium	NEEDS_DATA	no venue data for this country, so the page can only describe seasonality and cannot name anywhere to go	DEMAND_UNMEASURED	0/1980	
C004781	/es/deporte/geneva-swimming/	sport	sport.city-season	city-activity-seasonality	2660646:swimming	Geneva swimming		CH		Geneva	es	es-ES							no										none		nasa-power-daily	partial	CC BY 4.0; 'There are no restrictions on the use, access, and/or download of data from the NASA POWER Project' (AWS Open Data Registry entry)	CC BY 4.0 for climate; no venue data for this country	partial, seasonality only and nowhere named	high, the answer differs by city and by activity; Tokyo in July suits swimming and defeats running	HIGH_THIN_CONTENT_RISK	low	medium	out_of_window	medium	NEEDS_DATA	no venue data for this country, so the page can only describe seasonality and cannot name anywhere to go	DEMAND_UNMEASURED	0/1980	
C004782	/fr/sport/geneva-swimming/	sport	sport.city-season	city-activity-seasonality	2660646:swimming	Geneva swimming		CH		Geneva	fr	fr-FR							no										none		nasa-power-daily	partial	CC BY 4.0; 'There are no restrictions on the use, access, and/or download of data from the NASA POWER Project' (AWS Open Data Registry entry)	CC BY 4.0 for climate; no venue data for this country	partial, seasonality only and nowhere named	high, the answer differs by city and by activity; Tokyo in July suits swimming and defeats running	HIGH_THIN_CONTENT_RISK	low	medium	out_of_window	medium	NEEDS_DATA	no venue data for this country, so the page can only describe seasonality and cannot name anywhere to go	DEMAND_UNMEASURED	0/1980	
C004783	/it/sport/geneva-swimming/	sport	sport.city-season	city-activity-seasonality	2660646:swimming	Geneva swimming		CH		Geneva	it	it-IT							no										none		nasa-power-daily	partial	CC BY 4.0; 'There are no restrictions on the use, access, and/or download of data from the NASA POWER Project' (AWS Open Data Registry entry)	CC BY 4.0 for climate; no venue data for this country	partial, seasonality only and nowhere named	high, the answer differs by city and by activity; Tokyo in July suits swimming and defeats running	HIGH_THIN_CONTENT_RISK	low	medium	out_of_window	medium	NEEDS_DATA	no venue data for this country, so the page can only describe seasonality and cannot name anywhere to go	DEMAND_UNMEASURED	0/1980	
C004784	/ja/sport/geneva-swimming/	sport	sport.city-season	city-activity-seasonality	2660646:swimming	Geneva swimming		CH		Geneva	ja	ja-JP							no										none		nasa-power-daily	partial	CC BY 4.0; 'There are no restrictions on the use, access, and/or download of data from the NASA POWER Project' (AWS Open Data Registry entry)	CC BY 4.0 for climate; no venue data for this country	partial, seasonality only and nowhere named	high, the answer differs by city and by activity; Tokyo in July suits swimming and defeats running	HIGH_THIN_CONTENT_RISK	low	medium	out_of_window	medium	NEEDS_DATA	no venue data for this country, so the page can only describe seasonality and cannot name anywhere to go	DEMAND_UNMEASURED	0/1980	
C004785	/nl/sport/geneva-swimming/	sport	sport.city-season	city-activity-seasonality	2660646:swimming	Geneva swimming		CH		Geneva	nl	nl-NL							no										none		nasa-power-daily	partial	CC BY 4.0; 'There are no restrictions on the use, access, and/or download of data from the NASA POWER Project' (AWS Open Data Registry entry)	CC BY 4.0 for climate; no venue data for this country	partial, seasonality only and nowhere named	high, the answer differs by city and by activity; Tokyo in July suits swimming and defeats running	HIGH_THIN_CONTENT_RISK	low	medium	out_of_window	medium	NEEDS_DATA	no venue data for this country, so the page can only describe seasonality and cannot name anywhere to go	DEMAND_UNMEASURED	0/1980	
C004786	/pl/sport/geneva-swimming/	sport	sport.city-season	city-activity-seasonality	2660646:swimming	Geneva swimming		CH		Geneva	pl	pl-PL							no										none		nasa-power-daily	partial	CC BY 4.0; 'There are no restrictions on the use, access, and/or download of data from the NASA POWER Project' (AWS Open Data Registry entry)	CC BY 4.0 for climate; no venue data for this country	partial, seasonality only and nowhere named	high, the answer differs by city and by activity; Tokyo in July suits swimming and defeats running	HIGH_THIN_CONTENT_RISK	low	medium	out_of_window	medium	NEEDS_DATA	no venue data for this country, so the page can only describe seasonality and cannot name anywhere to go	DEMAND_UNMEASURED	0/1980	
C004787	/pt/desporto/geneva-swimming/	sport	sport.city-season	city-activity-seasonality	2660646:swimming	Geneva swimming		CH		Geneva	pt	pt-BR							no										none		nasa-power-daily	partial	CC BY 4.0; 'There are no restrictions on the use, access, and/or download of data from the NASA POWER Project' (AWS Open Data Registry entry)	CC BY 4.0 for climate; no venue data for this country	partial, seasonality only and nowhere named	high, the answer differs by city and by activity; Tokyo in July suits swimming and defeats running	HIGH_THIN_CONTENT_RISK	low	medium	out_of_window	medium	NEEDS_DATA	no venue data for this country, so the page can only describe seasonality and cannot name anywhere to go	DEMAND_UNMEASURED	0/1980	
C004968	/de/sport/prague-running/	sport	sport.city-season	city-activity-seasonality	3067696:running	Prague running		CZ		Prague	de	de-DE							no										none		nasa-power-daily	partial	CC BY 4.0; 'There are no restrictions on the use, access, and/or download of data from the NASA POWER Project' (AWS Open Data Registry entry)	CC BY 4.0 for climate; no venue data for this country	partial, seasonality only and nowhere named	high, the answer differs by city and by activity; Tokyo in July suits swimming and defeats running	HIGH_THIN_CONTENT_RISK	low	medium	out_of_window	medium	NEEDS_DATA	no venue data for this country, so the page can only describe seasonality and cannot name anywhere to go	DEMAND_UNMEASURED	0/1980	
C004969	/en/sport/prague-running/	sport	sport.city-season	city-activity-seasonality	3067696:running	Prague running		CZ		Prague	en	en-US							no										none		nasa-power-daily	partial	CC BY 4.0; 'There are no restrictions on the use, access, and/or download of data from the NASA POWER Project' (AWS Open Data Registry entry)	CC BY 4.0 for climate; no venue data for this country	partial, seasonality only and nowhere named	high, the answer differs by city and by activity; Tokyo in July suits swimming and defeats running	HIGH_THIN_CONTENT_RISK	low	medium	out_of_window	medium	NEEDS_DATA	no venue data for this country, so the page can only describe seasonality and cannot name anywhere to go	DEMAND_UNMEASURED	0/1980	
C004970	/es/deporte/prague-running/	sport	sport.city-season	city-activity-seasonality	3067696:running	Prague running		CZ		Prague	es	es-ES							no										none		nasa-power-daily	partial	CC BY 4.0; 'There are no restrictions on the use, access, and/or download of data from the NASA POWER Project' (AWS Open Data Registry entry)	CC BY 4.0 for climate; no venue data for this country	partial, seasonality only and nowhere named	high, the answer differs by city and by activity; Tokyo in July suits swimming and defeats running	HIGH_THIN_CONTENT_RISK	low	medium	out_of_window	medium	NEEDS_DATA	no venue data for this country, so the page can only describe seasonality and cannot name anywhere to go	DEMAND_UNMEASURED	0/1980	
C004971	/fr/sport/prague-running/	sport	sport.city-season	city-activity-seasonality	3067696:running	Prague running		CZ		Prague	fr	fr-FR							no										none		nasa-power-daily	partial	CC BY 4.0; 'There are no restrictions on the use, access, and/or download of data from the NASA POWER Project' (AWS Open Data Registry entry)	CC BY 4.0 for climate; no venue data for this country	partial, seasonality only and nowhere named	high, the answer differs by city and by activity; Tokyo in July suits swimming and defeats running	HIGH_THIN_CONTENT_RISK	low	medium	out_of_window	medium	NEEDS_DATA	no venue data for this country, so the page can only describe seasonality and cannot name anywhere to go	DEMAND_UNMEASURED	0/1980	
C004972	/it/sport/prague-running/	sport	sport.city-season	city-activity-seasonality	3067696:running	Prague running		CZ		Prague	it	it-IT							no										none		nasa-power-daily	partial	CC BY 4.0; 'There are no restrictions on the use, access, and/or download of data from the NASA POWER Project' (AWS Open Data Registry entry)	CC BY 4.0 for climate; no venue data for this country	partial, seasonality only and nowhere named	high, the answer differs by city and by activity; Tokyo in July suits swimming and defeats running	HIGH_THIN_CONTENT_RISK	low	medium	out_of_window	medium	NEEDS_DATA	no venue data for this country, so the page can only describe seasonality and cannot name anywhere to go	DEMAND_UNMEASURED	0/1980	
C004973	/ja/sport/prague-running/	sport	sport.city-season	city-activity-seasonality	3067696:running	Prague running		CZ		Prague	ja	ja-JP							no										none		nasa-power-daily	partial	CC BY 4.0; 'There are no restrictions on the use, access, and/or download of data from the NASA POWER Project' (AWS Open Data Registry entry)	CC BY 4.0 for climate; no venue data for this country	partial, seasonality only and nowhere named	high, the answer differs by city and by activity; Tokyo in July suits swimming and defeats running	HIGH_THIN_CONTENT_RISK	low	medium	out_of_window	medium	NEEDS_DATA	no venue data for this country, so the page can only describe seasonality and cannot name anywhere to go	DEMAND_UNMEASURED	0/1980	
C004974	/nl/sport/prague-running/	sport	sport.city-season	city-activity-seasonality	3067696:running	Prague running		CZ		Prague	nl	nl-NL							no										none		nasa-power-daily	partial	CC BY 4.0; 'There are no restrictions on the use, access, and/or download of data from the NASA POWER Project' (AWS Open Data Registry entry)	CC BY 4.0 for climate; no venue data for this country	partial, seasonality only and nowhere named	high, the answer differs by city and by activity; Tokyo in July suits swimming and defeats running	HIGH_THIN_CONTENT_RISK	low	medium	out_of_window	medium	NEEDS_DATA	no venue data for this country, so the page can only describe seasonality and cannot name anywhere to go	DEMAND_UNMEASURED	0/1980	
C004975	/pl/sport/prague-running/	sport	sport.city-season	city-activity-seasonality	3067696:running	Prague running		CZ		Prague	pl	pl-PL							no										none		nasa-power-daily	partial	CC BY 4.0; 'There are no restrictions on the use, access, and/or download of data from the NASA POWER Project' (AWS Open Data Registry entry)	CC BY 4.0 for climate; no venue data for this country	partial, seasonality only and nowhere named	high, the answer differs by city and by activity; Tokyo in July suits swimming and defeats running	HIGH_THIN_CONTENT_RISK	low	medium	out_of_window	medium	NEEDS_DATA	no venue data for this country, so the page can only describe seasonality and cannot name anywhere to go	DEMAND_UNMEASURED	0/1980	
C004976	/pt/desporto/prague-running/	sport	sport.city-season	city-activity-seasonality	3067696:running	Prague running		CZ		Prague	pt	pt-BR							no										none		nasa-power-daily	partial	CC BY 4.0; 'There are no restrictions on the use, access, and/or download of data from the NASA POWER Project' (AWS Open Data Registry entry)	CC BY 4.0 for climate; no venue data for this country	partial, seasonality only and nowhere named	high, the answer differs by city and by activity; Tokyo in July suits swimming and defeats running	HIGH_THIN_CONTENT_RISK	low	medium	out_of_window	medium	NEEDS_DATA	no venue data for this country, so the page can only describe seasonality and cannot name anywhere to go	DEMAND_UNMEASURED	0/1980	
C004977	/de/sport/prague-cycling/	sport	sport.city-season	city-activity-seasonality	3067696:cycling	Prague cycling		CZ		Prague	de	de-DE							no										none		nasa-power-daily	partial	CC BY 4.0; 'There are no restrictions on the use, access, and/or download of data from the NASA POWER Project' (AWS Open Data Registry entry)	CC BY 4.0 for climate; no venue data for this country	partial, seasonality only and nowhere named	high, the answer differs by city and by activity; Tokyo in July suits swimming and defeats running	HIGH_THIN_CONTENT_RISK	low	medium	out_of_window	medium	NEEDS_DATA	no venue data for this country, so the page can only describe seasonality and cannot name anywhere to go	DEMAND_UNMEASURED	0/1980	
C004978	/en/sport/prague-cycling/	sport	sport.city-season	city-activity-seasonality	3067696:cycling	Prague cycling		CZ		Prague	en	en-US							no										none		nasa-power-daily	partial	CC BY 4.0; 'There are no restrictions on the use, access, and/or download of data from the NASA POWER Project' (AWS Open Data Registry entry)	CC BY 4.0 for climate; no venue data for this country	partial, seasonality only and nowhere named	high, the answer differs by city and by activity; Tokyo in July suits swimming and defeats running	HIGH_THIN_CONTENT_RISK	low	medium	out_of_window	medium	NEEDS_DATA	no venue data for this country, so the page can only describe seasonality and cannot name anywhere to go	DEMAND_UNMEASURED	0/1980	
C004979	/es/deporte/prague-cycling/	sport	sport.city-season	city-activity-seasonality	3067696:cycling	Prague cycling		CZ		Prague	es	es-ES							no										none		nasa-power-daily	partial	CC BY 4.0; 'There are no restrictions on the use, access, and/or download of data from the NASA POWER Project' (AWS Open Data Registry entry)	CC BY 4.0 for climate; no venue data for this country	partial, seasonality only and nowhere named	high, the answer differs by city and by activity; Tokyo in July suits swimming and defeats running	HIGH_THIN_CONTENT_RISK	low	medium	out_of_window	medium	NEEDS_DATA	no venue data for this country, so the page can only describe seasonality and cannot name anywhere to go	DEMAND_UNMEASURED	0/1980	
C004980	/fr/sport/prague-cycling/	sport	sport.city-season	city-activity-seasonality	3067696:cycling	Prague cycling		CZ		Prague	fr	fr-FR							no										none		nasa-power-daily	partial	CC BY 4.0; 'There are no restrictions on the use, access, and/or download of data from the NASA POWER Project' (AWS Open Data Registry entry)	CC BY 4.0 for climate; no venue data for this country	partial, seasonality only and nowhere named	high, the answer differs by city and by activity; Tokyo in July suits swimming and defeats running	HIGH_THIN_CONTENT_RISK	low	medium	out_of_window	medium	NEEDS_DATA	no venue data for this country, so the page can only describe seasonality and cannot name anywhere to go	DEMAND_UNMEASURED	0/1980	
C004981	/it/sport/prague-cycling/	sport	sport.city-season	city-activity-seasonality	3067696:cycling	Prague cycling		CZ		Prague	it	it-IT							no										none		nasa-power-daily	partial	CC BY 4.0; 'There are no restrictions on the use, access, and/or download of data from the NASA POWER Project' (AWS Open Data Registry entry)	CC BY 4.0 for climate; no venue data for this country	partial, seasonality only and nowhere named	high, the answer differs by city and by activity; Tokyo in July suits swimming and defeats running	HIGH_THIN_CONTENT_RISK	low	medium	out_of_window	medium	NEEDS_DATA	no venue data for this country, so the page can only describe seasonality and cannot name anywhere to go	DEMAND_UNMEASURED	0/1980	
C004982	/ja/sport/prague-cycling/	sport	sport.city-season	city-activity-seasonality	3067696:cycling	Prague cycling		CZ		Prague	ja	ja-JP							no										none		nasa-power-daily	partial	CC BY 4.0; 'There are no restrictions on the use, access, and/or download of data from the NASA POWER Project' (AWS Open Data Registry entry)	CC BY 4.0 for climate; no venue data for this country	partial, seasonality only and nowhere named	high, the answer differs by city and by activity; Tokyo in July suits swimming and defeats running	HIGH_THIN_CONTENT_RISK	low	medium	out_of_window	medium	NEEDS_DATA	no venue data for this country, so the page can only describe seasonality and cannot name anywhere to go	DEMAND_UNMEASURED	0/1980	
C004983	/nl/sport/prague-cycling/	sport	sport.city-season	city-activity-seasonality	3067696:cycling	Prague cycling		CZ		Prague	nl	nl-NL							no										none		nasa-power-daily	partial	CC BY 4.0; 'There are no restrictions on the use, access, and/or download of data from the NASA POWER Project' (AWS Open Data Registry entry)	CC BY 4.0 for climate; no venue data for this country	partial, seasonality only and nowhere named	high, the answer differs by city and by activity; Tokyo in July suits swimming and defeats running	HIGH_THIN_CONTENT_RISK	low	medium	out_of_window	medium	NEEDS_DATA	no venue data for this country, so the page can only describe seasonality and cannot name anywhere to go	DEMAND_UNMEASURED	0/1980	
C004984	/pl/sport/prague-cycling/	sport	sport.city-season	city-activity-seasonality	3067696:cycling	Prague cycling		CZ		Prague	pl	pl-PL							no										none		nasa-power-daily	partial	CC BY 4.0; 'There are no restrictions on the use, access, and/or download of data from the NASA POWER Project' (AWS Open Data Registry entry)	CC BY 4.0 for climate; no venue data for this country	partial, seasonality only and nowhere named	high, the answer differs by city and by activity; Tokyo in July suits swimming and defeats running	HIGH_THIN_CONTENT_RISK	low	medium	out_of_window	medium	NEEDS_DATA	no venue data for this country, so the page can only describe seasonality and cannot name anywhere to go	DEMAND_UNMEASURED	0/1980	
C004985	/pt/desporto/prague-cycling/	sport	sport.city-season	city-activity-seasonality	3067696:cycling	Prague cycling		CZ		Prague	pt	pt-BR							no										none		nasa-power-daily	partial	CC BY 4.0; 'There are no restrictions on the use, access, and/or download of data from the NASA POWER Project' (AWS Open Data Registry entry)	CC BY 4.0 for climate; no venue data for this country	partial, seasonality only and nowhere named	high, the answer differs by city and by activity; Tokyo in July suits swimming and defeats running	HIGH_THIN_CONTENT_RISK	low	medium	out_of_window	medium	NEEDS_DATA	no venue data for this country, so the page can only describe seasonality and cannot name anywhere to go	DEMAND_UNMEASURED	0/1980	
C004986	/de/sport/prague-hiking/	sport	sport.city-season	city-activity-seasonality	3067696:hiking	Prague hiking		CZ		Prague	de	de-DE							no										none		nasa-power-daily	partial	CC BY 4.0; 'There are no restrictions on the use, access, and/or download of data from the NASA POWER Project' (AWS Open Data Registry entry)	CC BY 4.0 for climate; no venue data for this country	partial, seasonality only and nowhere named	high, the answer differs by city and by activity; Tokyo in July suits swimming and defeats running	HIGH_THIN_CONTENT_RISK	low	medium	out_of_window	medium	NEEDS_DATA	no venue data for this country, so the page can only describe seasonality and cannot name anywhere to go	DEMAND_UNMEASURED	0/1980	
C004987	/en/sport/prague-hiking/	sport	sport.city-season	city-activity-seasonality	3067696:hiking	Prague hiking		CZ		Prague	en	en-US							no										none		nasa-power-daily	partial	CC BY 4.0; 'There are no restrictions on the use, access, and/or download of data from the NASA POWER Project' (AWS Open Data Registry entry)	CC BY 4.0 for climate; no venue data for this country	partial, seasonality only and nowhere named	high, the answer differs by city and by activity; Tokyo in July suits swimming and defeats running	HIGH_THIN_CONTENT_RISK	low	medium	out_of_window	medium	NEEDS_DATA	no venue data for this country, so the page can only describe seasonality and cannot name anywhere to go	DEMAND_UNMEASURED	0/1980	
C004988	/es/deporte/prague-hiking/	sport	sport.city-season	city-activity-seasonality	3067696:hiking	Prague hiking		CZ		Prague	es	es-ES							no										none		nasa-power-daily	partial	CC BY 4.0; 'There are no restrictions on the use, access, and/or download of data from the NASA POWER Project' (AWS Open Data Registry entry)	CC BY 4.0 for climate; no venue data for this country	partial, seasonality only and nowhere named	high, the answer differs by city and by activity; Tokyo in July suits swimming and defeats running	HIGH_THIN_CONTENT_RISK	low	medium	out_of_window	medium	NEEDS_DATA	no venue data for this country, so the page can only describe seasonality and cannot name anywhere to go	DEMAND_UNMEASURED	0/1980	
C004989	/fr/sport/prague-hiking/	sport	sport.city-season	city-activity-seasonality	3067696:hiking	Prague hiking		CZ		Prague	fr	fr-FR							no										none		nasa-power-daily	partial	CC BY 4.0; 'There are no restrictions on the use, access, and/or download of data from the NASA POWER Project' (AWS Open Data Registry entry)	CC BY 4.0 for climate; no venue data for this country	partial, seasonality only and nowhere named	high, the answer differs by city and by activity; Tokyo in July suits swimming and defeats running	HIGH_THIN_CONTENT_RISK	low	medium	out_of_window	medium	NEEDS_DATA	no venue data for this country, so the page can only describe seasonality and cannot name anywhere to go	DEMAND_UNMEASURED	0/1980	
C004990	/it/sport/prague-hiking/	sport	sport.city-season	city-activity-seasonality	3067696:hiking	Prague hiking		CZ		Prague	it	it-IT							no										none		nasa-power-daily	partial	CC BY 4.0; 'There are no restrictions on the use, access, and/or download of data from the NASA POWER Project' (AWS Open Data Registry entry)	CC BY 4.0 for climate; no venue data for this country	partial, seasonality only and nowhere named	high, the answer differs by city and by activity; Tokyo in July suits swimming and defeats running	HIGH_THIN_CONTENT_RISK	low	medium	out_of_window	medium	NEEDS_DATA	no venue data for this country, so the page can only describe seasonality and cannot name anywhere to go	DEMAND_UNMEASURED	0/1980	
C004991	/ja/sport/prague-hiking/	sport	sport.city-season	city-activity-seasonality	3067696:hiking	Prague hiking		CZ		Prague	ja	ja-JP							no										none		nasa-power-daily	partial	CC BY 4.0; 'There are no restrictions on the use, access, and/or download of data from the NASA POWER Project' (AWS Open Data Registry entry)	CC BY 4.0 for climate; no venue data for this country	partial, seasonality only and nowhere named	high, the answer differs by city and by activity; Tokyo in July suits swimming and defeats running	HIGH_THIN_CONTENT_RISK	low	medium	out_of_window	medium	NEEDS_DATA	no venue data for this country, so the page can only describe seasonality and cannot name anywhere to go	DEMAND_UNMEASURED	0/1980	
C004992	/nl/sport/prague-hiking/	sport	sport.city-season	city-activity-seasonality	3067696:hiking	Prague hiking		CZ		Prague	nl	nl-NL							no										none		nasa-power-daily	partial	CC BY 4.0; 'There are no restrictions on the use, access, and/or download of data from the NASA POWER Project' (AWS Open Data Registry entry)	CC BY 4.0 for climate; no venue data for this country	partial, seasonality only and nowhere named	high, the answer differs by city and by activity; Tokyo in July suits swimming and defeats running	HIGH_THIN_CONTENT_RISK	low	medium	out_of_window	medium	NEEDS_DATA	no venue data for this country, so the page can only describe seasonality and cannot name anywhere to go	DEMAND_UNMEASURED	0/1980	
C004993	/pl/sport/prague-hiking/	sport	sport.city-season	city-activity-seasonality	3067696:hiking	Prague hiking		CZ		Prague	pl	pl-PL							no										none		nasa-power-daily	partial	CC BY 4.0; 'There are no restrictions on the use, access, and/or download of data from the NASA POWER Project' (AWS Open Data Registry entry)	CC BY 4.0 for climate; no venue data for this country	partial, seasonality only and nowhere named	high, the answer differs by city and by activity; Tokyo in July suits swimming and defeats running	HIGH_THIN_CONTENT_RISK	low	medium	out_of_window	medium	NEEDS_DATA	no venue data for this country, so the page can only describe seasonality and cannot name anywhere to go	DEMAND_UNMEASURED	0/1980	
C004994	/pt/desporto/prague-hiking/	sport	sport.city-season	city-activity-seasonality	3067696:hiking	Prague hiking		CZ		Prague	pt	pt-BR							no										none		nasa-power-daily	partial	CC BY 4.0; 'There are no restrictions on the use, access, and/or download of data from the NASA POWER Project' (AWS Open Data Registry entry)	CC BY 4.0 for climate; no venue data for this country	partial, seasonality only and nowhere named	high, the answer differs by city and by activity; Tokyo in July suits swimming and defeats running	HIGH_THIN_CONTENT_RISK	low	medium	out_of_window	medium	NEEDS_DATA	no venue data for this country, so the page can only describe seasonality and cannot name anywhere to go	DEMAND_UNMEASURED	0/1980	
C004995	/de/sport/prague-swimming/	sport	sport.city-season	city-activity-seasonality	3067696:swimming	Prague swimming		CZ		Prague	de	de-DE							no										none		nasa-power-daily	partial	CC BY 4.0; 'There are no restrictions on the use, access, and/or download of data from the NASA POWER Project' (AWS Open Data Registry entry)	CC BY 4.0 for climate; no venue data for this country	partial, seasonality only and nowhere named	high, the answer differs by city and by activity; Tokyo in July suits swimming and defeats running	HIGH_THIN_CONTENT_RISK	low	medium	out_of_window	medium	NEEDS_DATA	no venue data for this country, so the page can only describe seasonality and cannot name anywhere to go	DEMAND_UNMEASURED	0/1980	
C004996	/en/sport/prague-swimming/	sport	sport.city-season	city-activity-seasonality	3067696:swimming	Prague swimming		CZ		Prague	en	en-US							no										none		nasa-power-daily	partial	CC BY 4.0; 'There are no restrictions on the use, access, and/or download of data from the NASA POWER Project' (AWS Open Data Registry entry)	CC BY 4.0 for climate; no venue data for this country	partial, seasonality only and nowhere named	high, the answer differs by city and by activity; Tokyo in July suits swimming and defeats running	HIGH_THIN_CONTENT_RISK	low	medium	out_of_window	medium	NEEDS_DATA	no venue data for this country, so the page can only describe seasonality and cannot name anywhere to go	DEMAND_UNMEASURED	0/1980	
C004997	/es/deporte/prague-swimming/	sport	sport.city-season	city-activity-seasonality	3067696:swimming	Prague swimming		CZ		Prague	es	es-ES							no										none		nasa-power-daily	partial	CC BY 4.0; 'There are no restrictions on the use, access, and/or download of data from the NASA POWER Project' (AWS Open Data Registry entry)	CC BY 4.0 for climate; no venue data for this country	partial, seasonality only and nowhere named	high, the answer differs by city and by activity; Tokyo in July suits swimming and defeats running	HIGH_THIN_CONTENT_RISK	low	medium	out_of_window	medium	NEEDS_DATA	no venue data for this country, so the page can only describe seasonality and cannot name anywhere to go	DEMAND_UNMEASURED	0/1980	
C004998	/fr/sport/prague-swimming/	sport	sport.city-season	city-activity-seasonality	3067696:swimming	Prague swimming		CZ		Prague	fr	fr-FR							no										none		nasa-power-daily	partial	CC BY 4.0; 'There are no restrictions on the use, access, and/or download of data from the NASA POWER Project' (AWS Open Data Registry entry)	CC BY 4.0 for climate; no venue data for this country	partial, seasonality only and nowhere named	high, the answer differs by city and by activity; Tokyo in July suits swimming and defeats running	HIGH_THIN_CONTENT_RISK	low	medium	out_of_window	medium	NEEDS_DATA	no venue data for this country, so the page can only describe seasonality and cannot name anywhere to go	DEMAND_UNMEASURED	0/1980	
C004999	/it/sport/prague-swimming/	sport	sport.city-season	city-activity-seasonality	3067696:swimming	Prague swimming		CZ		Prague	it	it-IT							no										none		nasa-power-daily	partial	CC BY 4.0; 'There are no restrictions on the use, access, and/or download of data from the NASA POWER Project' (AWS Open Data Registry entry)	CC BY 4.0 for climate; no venue data for this country	partial, seasonality only and nowhere named	high, the answer differs by city and by activity; Tokyo in July suits swimming and defeats running	HIGH_THIN_CONTENT_RISK	low	medium	out_of_window	medium	NEEDS_DATA	no venue data for this country, so the page can only describe seasonality and cannot name anywhere to go	DEMAND_UNMEASURED	0/1980	
C005000	/ja/sport/prague-swimming/	sport	sport.city-season	city-activity-seasonality	3067696:swimming	Prague swimming		CZ		Prague	ja	ja-JP							no										none		nasa-power-daily	partial	CC BY 4.0; 'There are no restrictions on the use, access, and/or download of data from the NASA POWER Project' (AWS Open Data Registry entry)	CC BY 4.0 for climate; no venue data for this country	partial, seasonality only and nowhere named	high, the answer differs by city and by activity; Tokyo in July suits swimming and defeats running	HIGH_THIN_CONTENT_RISK	low	medium	out_of_window	medium	NEEDS_DATA	no venue data for this country, so the page can only describe seasonality and cannot name anywhere to go	DEMAND_UNMEASURED	0/1980	
C005001	/nl/sport/prague-swimming/	sport	sport.city-season	city-activity-seasonality	3067696:swimming	Prague swimming		CZ		Prague	nl	nl-NL							no										none		nasa-power-daily	partial	CC BY 4.0; 'There are no restrictions on the use, access, and/or download of data from the NASA POWER Project' (AWS Open Data Registry entry)	CC BY 4.0 for climate; no venue data for this country	partial, seasonality only and nowhere named	high, the answer differs by city and by activity; Tokyo in July suits swimming and defeats running	HIGH_THIN_CONTENT_RISK	low	medium	out_of_window	medium	NEEDS_DATA	no venue data for this country, so the page can only describe seasonality and cannot name anywhere to go	DEMAND_UNMEASURED	0/1980	
C005002	/pl/sport/prague-swimming/	sport	sport.city-season	city-activity-seasonality	3067696:swimming	Prague swimming		CZ		Prague	pl	pl-PL							no										none		nasa-power-daily	partial	CC BY 4.0; 'There are no restrictions on the use, access, and/or download of data from the NASA POWER Project' (AWS Open Data Registry entry)	CC BY 4.0 for climate; no venue data for this country	partial, seasonality only and nowhere named	high, the answer differs by city and by activity; Tokyo in July suits swimming and defeats running	HIGH_THIN_CONTENT_RISK	low	medium	out_of_window	medium	NEEDS_DATA	no venue data for this country, so the page can only describe seasonality and cannot name anywhere to go	DEMAND_UNMEASURED	0/1980	
C005003	/pt/desporto/prague-swimming/	sport	sport.city-season	city-activity-seasonality	3067696:swimming	Prague swimming		CZ		Prague	pt	pt-BR							no										none		nasa-power-daily	partial	CC BY 4.0; 'There are no restrictions on the use, access, and/or download of data from the NASA POWER Project' (AWS Open Data Registry entry)	CC BY 4.0 for climate; no venue data for this country	partial, seasonality only and nowhere named	high, the answer differs by city and by activity; Tokyo in July suits swimming and defeats running	HIGH_THIN_CONTENT_RISK	low	medium	out_of_window	medium	NEEDS_DATA	no venue data for this country, so the page can only describe seasonality and cannot name anywhere to go	DEMAND_UNMEASURED	0/1980	
C005076	/de/sport/tromso-running/	sport	sport.city-season	city-activity-seasonality	3133895:running	Tromsø running		NO		Tromsø	de	de-DE							no										none		nasa-power-daily	partial	CC BY 4.0; 'There are no restrictions on the use, access, and/or download of data from the NASA POWER Project' (AWS Open Data Registry entry)	CC BY 4.0 for climate; no venue data for this country	partial, seasonality only and nowhere named	high, the answer differs by city and by activity; Tokyo in July suits swimming and defeats running	HIGH_THIN_CONTENT_RISK	low	medium	out_of_window	medium	NEEDS_DATA	no venue data for this country, so the page can only describe seasonality and cannot name anywhere to go	DEMAND_UNMEASURED	0/1980	
C005077	/en/sport/tromso-running/	sport	sport.city-season	city-activity-seasonality	3133895:running	Tromsø running		NO		Tromsø	en	en-US							no										none		nasa-power-daily	partial	CC BY 4.0; 'There are no restrictions on the use, access, and/or download of data from the NASA POWER Project' (AWS Open Data Registry entry)	CC BY 4.0 for climate; no venue data for this country	partial, seasonality only and nowhere named	high, the answer differs by city and by activity; Tokyo in July suits swimming and defeats running	HIGH_THIN_CONTENT_RISK	low	medium	out_of_window	medium	NEEDS_DATA	no venue data for this country, so the page can only describe seasonality and cannot name anywhere to go	DEMAND_UNMEASURED	0/1980	
C005078	/es/deporte/tromso-running/	sport	sport.city-season	city-activity-seasonality	3133895:running	Tromsø running		NO		Tromsø	es	es-ES							no										none		nasa-power-daily	partial	CC BY 4.0; 'There are no restrictions on the use, access, and/or download of data from the NASA POWER Project' (AWS Open Data Registry entry)	CC BY 4.0 for climate; no venue data for this country	partial, seasonality only and nowhere named	high, the answer differs by city and by activity; Tokyo in July suits swimming and defeats running	HIGH_THIN_CONTENT_RISK	low	medium	out_of_window	medium	NEEDS_DATA	no venue data for this country, so the page can only describe seasonality and cannot name anywhere to go	DEMAND_UNMEASURED	0/1980	
C005079	/fr/sport/tromso-running/	sport	sport.city-season	city-activity-seasonality	3133895:running	Tromsø running		NO		Tromsø	fr	fr-FR							no										none		nasa-power-daily	partial	CC BY 4.0; 'There are no restrictions on the use, access, and/or download of data from the NASA POWER Project' (AWS Open Data Registry entry)	CC BY 4.0 for climate; no venue data for this country	partial, seasonality only and nowhere named	high, the answer differs by city and by activity; Tokyo in July suits swimming and defeats running	HIGH_THIN_CONTENT_RISK	low	medium	out_of_window	medium	NEEDS_DATA	no venue data for this country, so the page can only describe seasonality and cannot name anywhere to go	DEMAND_UNMEASURED	0/1980	
C005080	/it/sport/tromso-running/	sport	sport.city-season	city-activity-seasonality	3133895:running	Tromsø running		NO		Tromsø	it	it-IT							no										none		nasa-power-daily	partial	CC BY 4.0; 'There are no restrictions on the use, access, and/or download of data from the NASA POWER Project' (AWS Open Data Registry entry)	CC BY 4.0 for climate; no venue data for this country	partial, seasonality only and nowhere named	high, the answer differs by city and by activity; Tokyo in July suits swimming and defeats running	HIGH_THIN_CONTENT_RISK	low	medium	out_of_window	medium	NEEDS_DATA	no venue data for this country, so the page can only describe seasonality and cannot name anywhere to go	DEMAND_UNMEASURED	0/1980	
C005081	/ja/sport/tromso-running/	sport	sport.city-season	city-activity-seasonality	3133895:running	Tromsø running		NO		Tromsø	ja	ja-JP							no										none		nasa-power-daily	partial	CC BY 4.0; 'There are no restrictions on the use, access, and/or download of data from the NASA POWER Project' (AWS Open Data Registry entry)	CC BY 4.0 for climate; no venue data for this country	partial, seasonality only and nowhere named	high, the answer differs by city and by activity; Tokyo in July suits swimming and defeats running	HIGH_THIN_CONTENT_RISK	low	medium	out_of_window	medium	NEEDS_DATA	no venue data for this country, so the page can only describe seasonality and cannot name anywhere to go	DEMAND_UNMEASURED	0/1980	
C005082	/nl/sport/tromso-running/	sport	sport.city-season	city-activity-seasonality	3133895:running	Tromsø running		NO		Tromsø	nl	nl-NL							no										none		nasa-power-daily	partial	CC BY 4.0; 'There are no restrictions on the use, access, and/or download of data from the NASA POWER Project' (AWS Open Data Registry entry)	CC BY 4.0 for climate; no venue data for this country	partial, seasonality only and nowhere named	high, the answer differs by city and by activity; Tokyo in July suits swimming and defeats running	HIGH_THIN_CONTENT_RISK	low	medium	out_of_window	medium	NEEDS_DATA	no venue data for this country, so the page can only describe seasonality and cannot name anywhere to go	DEMAND_UNMEASURED	0/1980	
C005083	/pl/sport/tromso-running/	sport	sport.city-season	city-activity-seasonality	3133895:running	Tromsø running		NO		Tromsø	pl	pl-PL							no										none		nasa-power-daily	partial	CC BY 4.0; 'There are no restrictions on the use, access, and/or download of data from the NASA POWER Project' (AWS Open Data Registry entry)	CC BY 4.0 for climate; no venue data for this country	partial, seasonality only and nowhere named	high, the answer differs by city and by activity; Tokyo in July suits swimming and defeats running	HIGH_THIN_CONTENT_RISK	low	medium	out_of_window	medium	NEEDS_DATA	no venue data for this country, so the page can only describe seasonality and cannot name anywhere to go	DEMAND_UNMEASURED	0/1980	
C005084	/pt/desporto/tromso-running/	sport	sport.city-season	city-activity-seasonality	3133895:running	Tromsø running		NO		Tromsø	pt	pt-BR							no										none		nasa-power-daily	partial	CC BY 4.0; 'There are no restrictions on the use, access, and/or download of data from the NASA POWER Project' (AWS Open Data Registry entry)	CC BY 4.0 for climate; no venue data for this country	partial, seasonality only and nowhere named	high, the answer differs by city and by activity; Tokyo in July suits swimming and defeats running	HIGH_THIN_CONTENT_RISK	low	medium	out_of_window	medium	NEEDS_DATA	no venue data for this country, so the page can only describe seasonality and cannot name anywhere to go	DEMAND_UNMEASURED	0/1980	
C005085	/de/sport/tromso-cycling/	sport	sport.city-season	city-activity-seasonality	3133895:cycling	Tromsø cycling		NO		Tromsø	de	de-DE							no										none		nasa-power-daily	partial	CC BY 4.0; 'There are no restrictions on the use, access, and/or download of data from the NASA POWER Project' (AWS Open Data Registry entry)	CC BY 4.0 for climate; no venue data for this country	partial, seasonality only and nowhere named	high, the answer differs by city and by activity; Tokyo in July suits swimming and defeats running	HIGH_THIN_CONTENT_RISK	low	medium	out_of_window	medium	NEEDS_DATA	no venue data for this country, so the page can only describe seasonality and cannot name anywhere to go	DEMAND_UNMEASURED	0/1980	
C005086	/en/sport/tromso-cycling/	sport	sport.city-season	city-activity-seasonality	3133895:cycling	Tromsø cycling		NO		Tromsø	en	en-US							no										none		nasa-power-daily	partial	CC BY 4.0; 'There are no restrictions on the use, access, and/or download of data from the NASA POWER Project' (AWS Open Data Registry entry)	CC BY 4.0 for climate; no venue data for this country	partial, seasonality only and nowhere named	high, the answer differs by city and by activity; Tokyo in July suits swimming and defeats running	HIGH_THIN_CONTENT_RISK	low	medium	out_of_window	medium	NEEDS_DATA	no venue data for this country, so the page can only describe seasonality and cannot name anywhere to go	DEMAND_UNMEASURED	0/1980	
C005087	/es/deporte/tromso-cycling/	sport	sport.city-season	city-activity-seasonality	3133895:cycling	Tromsø cycling		NO		Tromsø	es	es-ES							no										none		nasa-power-daily	partial	CC BY 4.0; 'There are no restrictions on the use, access, and/or download of data from the NASA POWER Project' (AWS Open Data Registry entry)	CC BY 4.0 for climate; no venue data for this country	partial, seasonality only and nowhere named	high, the answer differs by city and by activity; Tokyo in July suits swimming and defeats running	HIGH_THIN_CONTENT_RISK	low	medium	out_of_window	medium	NEEDS_DATA	no venue data for this country, so the page can only describe seasonality and cannot name anywhere to go	DEMAND_UNMEASURED	0/1980	
C005088	/fr/sport/tromso-cycling/	sport	sport.city-season	city-activity-seasonality	3133895:cycling	Tromsø cycling		NO		Tromsø	fr	fr-FR							no										none		nasa-power-daily	partial	CC BY 4.0; 'There are no restrictions on the use, access, and/or download of data from the NASA POWER Project' (AWS Open Data Registry entry)	CC BY 4.0 for climate; no venue data for this country	partial, seasonality only and nowhere named	high, the answer differs by city and by activity; Tokyo in July suits swimming and defeats running	HIGH_THIN_CONTENT_RISK	low	medium	out_of_window	medium	NEEDS_DATA	no venue data for this country, so the page can only describe seasonality and cannot name anywhere to go	DEMAND_UNMEASURED	0/1980	
C005089	/it/sport/tromso-cycling/	sport	sport.city-season	city-activity-seasonality	3133895:cycling	Tromsø cycling		NO		Tromsø	it	it-IT							no										none		nasa-power-daily	partial	CC BY 4.0; 'There are no restrictions on the use, access, and/or download of data from the NASA POWER Project' (AWS Open Data Registry entry)	CC BY 4.0 for climate; no venue data for this country	partial, seasonality only and nowhere named	high, the answer differs by city and by activity; Tokyo in July suits swimming and defeats running	HIGH_THIN_CONTENT_RISK	low	medium	out_of_window	medium	NEEDS_DATA	no venue data for this country, so the page can only describe seasonality and cannot name anywhere to go	DEMAND_UNMEASURED	0/1980	
C005090	/ja/sport/tromso-cycling/	sport	sport.city-season	city-activity-seasonality	3133895:cycling	Tromsø cycling		NO		Tromsø	ja	ja-JP							no										none		nasa-power-daily	partial	CC BY 4.0; 'There are no restrictions on the use, access, and/or download of data from the NASA POWER Project' (AWS Open Data Registry entry)	CC BY 4.0 for climate; no venue data for this country	partial, seasonality only and nowhere named	high, the answer differs by city and by activity; Tokyo in July suits swimming and defeats running	HIGH_THIN_CONTENT_RISK	low	medium	out_of_window	medium	NEEDS_DATA	no venue data for this country, so the page can only describe seasonality and cannot name anywhere to go	DEMAND_UNMEASURED	0/1980	
C005091	/nl/sport/tromso-cycling/	sport	sport.city-season	city-activity-seasonality	3133895:cycling	Tromsø cycling		NO		Tromsø	nl	nl-NL							no										none		nasa-power-daily	partial	CC BY 4.0; 'There are no restrictions on the use, access, and/or download of data from the NASA POWER Project' (AWS Open Data Registry entry)	CC BY 4.0 for climate; no venue data for this country	partial, seasonality only and nowhere named	high, the answer differs by city and by activity; Tokyo in July suits swimming and defeats running	HIGH_THIN_CONTENT_RISK	low	medium	out_of_window	medium	NEEDS_DATA	no venue data for this country, so the page can only describe seasonality and cannot name anywhere to go	DEMAND_UNMEASURED	0/1980	
C005092	/pl/sport/tromso-cycling/	sport	sport.city-season	city-activity-seasonality	3133895:cycling	Tromsø cycling		NO		Tromsø	pl	pl-PL							no										none		nasa-power-daily	partial	CC BY 4.0; 'There are no restrictions on the use, access, and/or download of data from the NASA POWER Project' (AWS Open Data Registry entry)	CC BY 4.0 for climate; no venue data for this country	partial, seasonality only and nowhere named	high, the answer differs by city and by activity; Tokyo in July suits swimming and defeats running	HIGH_THIN_CONTENT_RISK	low	medium	out_of_window	medium	NEEDS_DATA	no venue data for this country, so the page can only describe seasonality and cannot name anywhere to go	DEMAND_UNMEASURED	0/1980	
C005093	/pt/desporto/tromso-cycling/	sport	sport.city-season	city-activity-seasonality	3133895:cycling	Tromsø cycling		NO		Tromsø	pt	pt-BR							no										none		nasa-power-daily	partial	CC BY 4.0; 'There are no restrictions on the use, access, and/or download of data from the NASA POWER Project' (AWS Open Data Registry entry)	CC BY 4.0 for climate; no venue data for this country	partial, seasonality only and nowhere named	high, the answer differs by city and by activity; Tokyo in July suits swimming and defeats running	HIGH_THIN_CONTENT_RISK	low	medium	out_of_window	medium	NEEDS_DATA	no venue data for this country, so the page can only describe seasonality and cannot name anywhere to go	DEMAND_UNMEASURED	0/1980	
C005094	/de/sport/tromso-hiking/	sport	sport.city-season	city-activity-seasonality	3133895:hiking	Tromsø hiking		NO		Tromsø	de	de-DE							no										none		nasa-power-daily	partial	CC BY 4.0; 'There are no restrictions on the use, access, and/or download of data from the NASA POWER Project' (AWS Open Data Registry entry)	CC BY 4.0 for climate; no venue data for this country	partial, seasonality only and nowhere named	high, the answer differs by city and by activity; Tokyo in July suits swimming and defeats running	HIGH_THIN_CONTENT_RISK	low	medium	out_of_window	medium	NEEDS_DATA	no venue data for this country, so the page can only describe seasonality and cannot name anywhere to go	DEMAND_UNMEASURED	0/1980	
C005095	/en/sport/tromso-hiking/	sport	sport.city-season	city-activity-seasonality	3133895:hiking	Tromsø hiking		NO		Tromsø	en	en-US							no										none		nasa-power-daily	partial	CC BY 4.0; 'There are no restrictions on the use, access, and/or download of data from the NASA POWER Project' (AWS Open Data Registry entry)	CC BY 4.0 for climate; no venue data for this country	partial, seasonality only and nowhere named	high, the answer differs by city and by activity; Tokyo in July suits swimming and defeats running	HIGH_THIN_CONTENT_RISK	low	medium	out_of_window	medium	NEEDS_DATA	no venue data for this country, so the page can only describe seasonality and cannot name anywhere to go	DEMAND_UNMEASURED	0/1980	
C005096	/es/deporte/tromso-hiking/	sport	sport.city-season	city-activity-seasonality	3133895:hiking	Tromsø hiking		NO		Tromsø	es	es-ES							no										none		nasa-power-daily	partial	CC BY 4.0; 'There are no restrictions on the use, access, and/or download of data from the NASA POWER Project' (AWS Open Data Registry entry)	CC BY 4.0 for climate; no venue data for this country	partial, seasonality only and nowhere named	high, the answer differs by city and by activity; Tokyo in July suits swimming and defeats running	HIGH_THIN_CONTENT_RISK	low	medium	out_of_window	medium	NEEDS_DATA	no venue data for this country, so the page can only describe seasonality and cannot name anywhere to go	DEMAND_UNMEASURED	0/1980	
C005097	/fr/sport/tromso-hiking/	sport	sport.city-season	city-activity-seasonality	3133895:hiking	Tromsø hiking		NO		Tromsø	fr	fr-FR							no										none		nasa-power-daily	partial	CC BY 4.0; 'There are no restrictions on the use, access, and/or download of data from the NASA POWER Project' (AWS Open Data Registry entry)	CC BY 4.0 for climate; no venue data for this country	partial, seasonality only and nowhere named	high, the answer differs by city and by activity; Tokyo in July suits swimming and defeats running	HIGH_THIN_CONTENT_RISK	low	medium	out_of_window	medium	NEEDS_DATA	no venue data for this country, so the page can only describe seasonality and cannot name anywhere to go	DEMAND_UNMEASURED	0/1980	
C005098	/it/sport/tromso-hiking/	sport	sport.city-season	city-activity-seasonality	3133895:hiking	Tromsø hiking		NO		Tromsø	it	it-IT							no										none		nasa-power-daily	partial	CC BY 4.0; 'There are no restrictions on the use, access, and/or download of data from the NASA POWER Project' (AWS Open Data Registry entry)	CC BY 4.0 for climate; no venue data for this country	partial, seasonality only and nowhere named	high, the answer differs by city and by activity; Tokyo in July suits swimming and defeats running	HIGH_THIN_CONTENT_RISK	low	medium	out_of_window	medium	NEEDS_DATA	no venue data for this country, so the page can only describe seasonality and cannot name anywhere to go	DEMAND_UNMEASURED	0/1980	
C005099	/ja/sport/tromso-hiking/	sport	sport.city-season	city-activity-seasonality	3133895:hiking	Tromsø hiking		NO		Tromsø	ja	ja-JP							no										none		nasa-power-daily	partial	CC BY 4.0; 'There are no restrictions on the use, access, and/or download of data from the NASA POWER Project' (AWS Open Data Registry entry)	CC BY 4.0 for climate; no venue data for this country	partial, seasonality only and nowhere named	high, the answer differs by city and by activity; Tokyo in July suits swimming and defeats running	HIGH_THIN_CONTENT_RISK	low	medium	out_of_window	medium	NEEDS_DATA	no venue data for this country, so the page can only describe seasonality and cannot name anywhere to go	DEMAND_UNMEASURED	0/1980	
C005100	/nl/sport/tromso-hiking/	sport	sport.city-season	city-activity-seasonality	3133895:hiking	Tromsø hiking		NO		Tromsø	nl	nl-NL							no										none		nasa-power-daily	partial	CC BY 4.0; 'There are no restrictions on the use, access, and/or download of data from the NASA POWER Project' (AWS Open Data Registry entry)	CC BY 4.0 for climate; no venue data for this country	partial, seasonality only and nowhere named	high, the answer differs by city and by activity; Tokyo in July suits swimming and defeats running	HIGH_THIN_CONTENT_RISK	low	medium	out_of_window	medium	NEEDS_DATA	no venue data for this country, so the page can only describe seasonality and cannot name anywhere to go	DEMAND_UNMEASURED	0/1980	
C005101	/pl/sport/tromso-hiking/	sport	sport.city-season	city-activity-seasonality	3133895:hiking	Tromsø hiking		NO		Tromsø	pl	pl-PL							no										none		nasa-power-daily	partial	CC BY 4.0; 'There are no restrictions on the use, access, and/or download of data from the NASA POWER Project' (AWS Open Data Registry entry)	CC BY 4.0 for climate; no venue data for this country	partial, seasonality only and nowhere named	high, the answer differs by city and by activity; Tokyo in July suits swimming and defeats running	HIGH_THIN_CONTENT_RISK	low	medium	out_of_window	medium	NEEDS_DATA	no venue data for this country, so the page can only describe seasonality and cannot name anywhere to go	DEMAND_UNMEASURED	0/1980	
C005102	/pt/desporto/tromso-hiking/	sport	sport.city-season	city-activity-seasonality	3133895:hiking	Tromsø hiking		NO		Tromsø	pt	pt-BR							no										none		nasa-power-daily	partial	CC BY 4.0; 'There are no restrictions on the use, access, and/or download of data from the NASA POWER Project' (AWS Open Data Registry entry)	CC BY 4.0 for climate; no venue data for this country	partial, seasonality only and nowhere named	high, the answer differs by city and by activity; Tokyo in July suits swimming and defeats running	HIGH_THIN_CONTENT_RISK	low	medium	out_of_window	medium	NEEDS_DATA	no venue data for this country, so the page can only describe seasonality and cannot name anywhere to go	DEMAND_UNMEASURED	0/1980	
C005103	/de/sport/tromso-swimming/	sport	sport.city-season	city-activity-seasonality	3133895:swimming	Tromsø swimming		NO		Tromsø	de	de-DE							no										none		nasa-power-daily	partial	CC BY 4.0; 'There are no restrictions on the use, access, and/or download of data from the NASA POWER Project' (AWS Open Data Registry entry)	CC BY 4.0 for climate; no venue data for this country	partial, seasonality only and nowhere named	high, the answer differs by city and by activity; Tokyo in July suits swimming and defeats running	HIGH_THIN_CONTENT_RISK	low	medium	out_of_window	medium	NEEDS_DATA	no venue data for this country, so the page can only describe seasonality and cannot name anywhere to go	DEMAND_UNMEASURED	0/1980	
C005104	/en/sport/tromso-swimming/	sport	sport.city-season	city-activity-seasonality	3133895:swimming	Tromsø swimming		NO		Tromsø	en	en-US							no										none		nasa-power-daily	partial	CC BY 4.0; 'There are no restrictions on the use, access, and/or download of data from the NASA POWER Project' (AWS Open Data Registry entry)	CC BY 4.0 for climate; no venue data for this country	partial, seasonality only and nowhere named	high, the answer differs by city and by activity; Tokyo in July suits swimming and defeats running	HIGH_THIN_CONTENT_RISK	low	medium	out_of_window	medium	NEEDS_DATA	no venue data for this country, so the page can only describe seasonality and cannot name anywhere to go	DEMAND_UNMEASURED	0/1980	
C005105	/es/deporte/tromso-swimming/	sport	sport.city-season	city-activity-seasonality	3133895:swimming	Tromsø swimming		NO		Tromsø	es	es-ES							no										none		nasa-power-daily	partial	CC BY 4.0; 'There are no restrictions on the use, access, and/or download of data from the NASA POWER Project' (AWS Open Data Registry entry)	CC BY 4.0 for climate; no venue data for this country	partial, seasonality only and nowhere named	high, the answer differs by city and by activity; Tokyo in July suits swimming and defeats running	HIGH_THIN_CONTENT_RISK	low	medium	out_of_window	medium	NEEDS_DATA	no venue data for this country, so the page can only describe seasonality and cannot name anywhere to go	DEMAND_UNMEASURED	0/1980	
C005106	/fr/sport/tromso-swimming/	sport	sport.city-season	city-activity-seasonality	3133895:swimming	Tromsø swimming		NO		Tromsø	fr	fr-FR							no										none		nasa-power-daily	partial	CC BY 4.0; 'There are no restrictions on the use, access, and/or download of data from the NASA POWER Project' (AWS Open Data Registry entry)	CC BY 4.0 for climate; no venue data for this country	partial, seasonality only and nowhere named	high, the answer differs by city and by activity; Tokyo in July suits swimming and defeats running	HIGH_THIN_CONTENT_RISK	low	medium	out_of_window	medium	NEEDS_DATA	no venue data for this country, so the page can only describe seasonality and cannot name anywhere to go	DEMAND_UNMEASURED	0/1980	
C005107	/it/sport/tromso-swimming/	sport	sport.city-season	city-activity-seasonality	3133895:swimming	Tromsø swimming		NO		Tromsø	it	it-IT							no										none		nasa-power-daily	partial	CC BY 4.0; 'There are no restrictions on the use, access, and/or download of data from the NASA POWER Project' (AWS Open Data Registry entry)	CC BY 4.0 for climate; no venue data for this country	partial, seasonality only and nowhere named	high, the answer differs by city and by activity; Tokyo in July suits swimming and defeats running	HIGH_THIN_CONTENT_RISK	low	medium	out_of_window	medium	NEEDS_DATA	no venue data for this country, so the page can only describe seasonality and cannot name anywhere to go	DEMAND_UNMEASURED	0/1980	
C005108	/ja/sport/tromso-swimming/	sport	sport.city-season	city-activity-seasonality	3133895:swimming	Tromsø swimming		NO		Tromsø	ja	ja-JP							no										none		nasa-power-daily	partial	CC BY 4.0; 'There are no restrictions on the use, access, and/or download of data from the NASA POWER Project' (AWS Open Data Registry entry)	CC BY 4.0 for climate; no venue data for this country	partial, seasonality only and nowhere named	high, the answer differs by city and by activity; Tokyo in July suits swimming and defeats running	HIGH_THIN_CONTENT_RISK	low	medium	out_of_window	medium	NEEDS_DATA	no venue data for this country, so the page can only describe seasonality and cannot name anywhere to go	DEMAND_UNMEASURED	0/1980	
C005109	/nl/sport/tromso-swimming/	sport	sport.city-season	city-activity-seasonality	3133895:swimming	Tromsø swimming		NO		Tromsø	nl	nl-NL							no										none		nasa-power-daily	partial	CC BY 4.0; 'There are no restrictions on the use, access, and/or download of data from the NASA POWER Project' (AWS Open Data Registry entry)	CC BY 4.0 for climate; no venue data for this country	partial, seasonality only and nowhere named	high, the answer differs by city and by activity; Tokyo in July suits swimming and defeats running	HIGH_THIN_CONTENT_RISK	low	medium	out_of_window	medium	NEEDS_DATA	no venue data for this country, so the page can only describe seasonality and cannot name anywhere to go	DEMAND_UNMEASURED	0/1980	
C005110	/pl/sport/tromso-swimming/	sport	sport.city-season	city-activity-seasonality	3133895:swimming	Tromsø swimming		NO		Tromsø	pl	pl-PL							no										none		nasa-power-daily	partial	CC BY 4.0; 'There are no restrictions on the use, access, and/or download of data from the NASA POWER Project' (AWS Open Data Registry entry)	CC BY 4.0 for climate; no venue data for this country	partial, seasonality only and nowhere named	high, the answer differs by city and by activity; Tokyo in July suits swimming and defeats running	HIGH_THIN_CONTENT_RISK	low	medium	out_of_window	medium	NEEDS_DATA	no venue data for this country, so the page can only describe seasonality and cannot name anywhere to go	DEMAND_UNMEASURED	0/1980	
C005111	/pt/desporto/tromso-swimming/	sport	sport.city-season	city-activity-seasonality	3133895:swimming	Tromsø swimming		NO		Tromsø	pt	pt-BR							no										none		nasa-power-daily	partial	CC BY 4.0; 'There are no restrictions on the use, access, and/or download of data from the NASA POWER Project' (AWS Open Data Registry entry)	CC BY 4.0 for climate; no venue data for this country	partial, seasonality only and nowhere named	high, the answer differs by city and by activity; Tokyo in July suits swimming and defeats running	HIGH_THIN_CONTENT_RISK	low	medium	out_of_window	medium	NEEDS_DATA	no venue data for this country, so the page can only describe seasonality and cannot name anywhere to go	DEMAND_UNMEASURED	0/1980	
C005112	/de/sport/oslo-running/	sport	sport.city-season	city-activity-seasonality	3143244:running	Oslo running		NO		Oslo	de	de-DE							no										none		nasa-power-daily	partial	CC BY 4.0; 'There are no restrictions on the use, access, and/or download of data from the NASA POWER Project' (AWS Open Data Registry entry)	CC BY 4.0 for climate; no venue data for this country	partial, seasonality only and nowhere named	high, the answer differs by city and by activity; Tokyo in July suits swimming and defeats running	HIGH_THIN_CONTENT_RISK	low	medium	out_of_window	medium	NEEDS_DATA	no venue data for this country, so the page can only describe seasonality and cannot name anywhere to go	DEMAND_UNMEASURED	0/1980	
C005113	/en/sport/oslo-running/	sport	sport.city-season	city-activity-seasonality	3143244:running	Oslo running		NO		Oslo	en	en-US							no										none		nasa-power-daily	partial	CC BY 4.0; 'There are no restrictions on the use, access, and/or download of data from the NASA POWER Project' (AWS Open Data Registry entry)	CC BY 4.0 for climate; no venue data for this country	partial, seasonality only and nowhere named	high, the answer differs by city and by activity; Tokyo in July suits swimming and defeats running	HIGH_THIN_CONTENT_RISK	low	medium	out_of_window	medium	NEEDS_DATA	no venue data for this country, so the page can only describe seasonality and cannot name anywhere to go	DEMAND_UNMEASURED	0/1980	
C005114	/es/deporte/oslo-running/	sport	sport.city-season	city-activity-seasonality	3143244:running	Oslo running		NO		Oslo	es	es-ES							no										none		nasa-power-daily	partial	CC BY 4.0; 'There are no restrictions on the use, access, and/or download of data from the NASA POWER Project' (AWS Open Data Registry entry)	CC BY 4.0 for climate; no venue data for this country	partial, seasonality only and nowhere named	high, the answer differs by city and by activity; Tokyo in July suits swimming and defeats running	HIGH_THIN_CONTENT_RISK	low	medium	out_of_window	medium	NEEDS_DATA	no venue data for this country, so the page can only describe seasonality and cannot name anywhere to go	DEMAND_UNMEASURED	0/1980	
C005115	/fr/sport/oslo-running/	sport	sport.city-season	city-activity-seasonality	3143244:running	Oslo running		NO		Oslo	fr	fr-FR							no										none		nasa-power-daily	partial	CC BY 4.0; 'There are no restrictions on the use, access, and/or download of data from the NASA POWER Project' (AWS Open Data Registry entry)	CC BY 4.0 for climate; no venue data for this country	partial, seasonality only and nowhere named	high, the answer differs by city and by activity; Tokyo in July suits swimming and defeats running	HIGH_THIN_CONTENT_RISK	low	medium	out_of_window	medium	NEEDS_DATA	no venue data for this country, so the page can only describe seasonality and cannot name anywhere to go	DEMAND_UNMEASURED	0/1980	
C005116	/it/sport/oslo-running/	sport	sport.city-season	city-activity-seasonality	3143244:running	Oslo running		NO		Oslo	it	it-IT							no										none		nasa-power-daily	partial	CC BY 4.0; 'There are no restrictions on the use, access, and/or download of data from the NASA POWER Project' (AWS Open Data Registry entry)	CC BY 4.0 for climate; no venue data for this country	partial, seasonality only and nowhere named	high, the answer differs by city and by activity; Tokyo in July suits swimming and defeats running	HIGH_THIN_CONTENT_RISK	low	medium	out_of_window	medium	NEEDS_DATA	no venue data for this country, so the page can only describe seasonality and cannot name anywhere to go	DEMAND_UNMEASURED	0/1980	
C005117	/ja/sport/oslo-running/	sport	sport.city-season	city-activity-seasonality	3143244:running	Oslo running		NO		Oslo	ja	ja-JP							no										none		nasa-power-daily	partial	CC BY 4.0; 'There are no restrictions on the use, access, and/or download of data from the NASA POWER Project' (AWS Open Data Registry entry)	CC BY 4.0 for climate; no venue data for this country	partial, seasonality only and nowhere named	high, the answer differs by city and by activity; Tokyo in July suits swimming and defeats running	HIGH_THIN_CONTENT_RISK	low	medium	out_of_window	medium	NEEDS_DATA	no venue data for this country, so the page can only describe seasonality and cannot name anywhere to go	DEMAND_UNMEASURED	0/1980	
C005118	/nl/sport/oslo-running/	sport	sport.city-season	city-activity-seasonality	3143244:running	Oslo running		NO		Oslo	nl	nl-NL							no										none		nasa-power-daily	partial	CC BY 4.0; 'There are no restrictions on the use, access, and/or download of data from the NASA POWER Project' (AWS Open Data Registry entry)	CC BY 4.0 for climate; no venue data for this country	partial, seasonality only and nowhere named	high, the answer differs by city and by activity; Tokyo in July suits swimming and defeats running	HIGH_THIN_CONTENT_RISK	low	medium	out_of_window	medium	NEEDS_DATA	no venue data for this country, so the page can only describe seasonality and cannot name anywhere to go	DEMAND_UNMEASURED	0/1980	
C005119	/pl/sport/oslo-running/	sport	sport.city-season	city-activity-seasonality	3143244:running	Oslo running		NO		Oslo	pl	pl-PL							no										none		nasa-power-daily	partial	CC BY 4.0; 'There are no restrictions on the use, access, and/or download of data from the NASA POWER Project' (AWS Open Data Registry entry)	CC BY 4.0 for climate; no venue data for this country	partial, seasonality only and nowhere named	high, the answer differs by city and by activity; Tokyo in July suits swimming and defeats running	HIGH_THIN_CONTENT_RISK	low	medium	out_of_window	medium	NEEDS_DATA	no venue data for this country, so the page can only describe seasonality and cannot name anywhere to go	DEMAND_UNMEASURED	0/1980	
C005120	/pt/desporto/oslo-running/	sport	sport.city-season	city-activity-seasonality	3143244:running	Oslo running		NO		Oslo	pt	pt-BR							no										none		nasa-power-daily	partial	CC BY 4.0; 'There are no restrictions on the use, access, and/or download of data from the NASA POWER Project' (AWS Open Data Registry entry)	CC BY 4.0 for climate; no venue data for this country	partial, seasonality only and nowhere named	high, the answer differs by city and by activity; Tokyo in July suits swimming and defeats running	HIGH_THIN_CONTENT_RISK	low	medium	out_of_window	medium	NEEDS_DATA	no venue data for this country, so the page can only describe seasonality and cannot name anywhere to go	DEMAND_UNMEASURED	0/1980	
C005121	/de/sport/oslo-cycling/	sport	sport.city-season	city-activity-seasonality	3143244:cycling	Oslo cycling		NO		Oslo	de	de-DE							no										none		nasa-power-daily	partial	CC BY 4.0; 'There are no restrictions on the use, access, and/or download of data from the NASA POWER Project' (AWS Open Data Registry entry)	CC BY 4.0 for climate; no venue data for this country	partial, seasonality only and nowhere named	high, the answer differs by city and by activity; Tokyo in July suits swimming and defeats running	HIGH_THIN_CONTENT_RISK	low	medium	out_of_window	medium	NEEDS_DATA	no venue data for this country, so the page can only describe seasonality and cannot name anywhere to go	DEMAND_UNMEASURED	0/1980	
C005122	/en/sport/oslo-cycling/	sport	sport.city-season	city-activity-seasonality	3143244:cycling	Oslo cycling		NO		Oslo	en	en-US							no										none		nasa-power-daily	partial	CC BY 4.0; 'There are no restrictions on the use, access, and/or download of data from the NASA POWER Project' (AWS Open Data Registry entry)	CC BY 4.0 for climate; no venue data for this country	partial, seasonality only and nowhere named	high, the answer differs by city and by activity; Tokyo in July suits swimming and defeats running	HIGH_THIN_CONTENT_RISK	low	medium	out_of_window	medium	NEEDS_DATA	no venue data for this country, so the page can only describe seasonality and cannot name anywhere to go	DEMAND_UNMEASURED	0/1980	
C005123	/es/deporte/oslo-cycling/	sport	sport.city-season	city-activity-seasonality	3143244:cycling	Oslo cycling		NO		Oslo	es	es-ES							no										none		nasa-power-daily	partial	CC BY 4.0; 'There are no restrictions on the use, access, and/or download of data from the NASA POWER Project' (AWS Open Data Registry entry)	CC BY 4.0 for climate; no venue data for this country	partial, seasonality only and nowhere named	high, the answer differs by city and by activity; Tokyo in July suits swimming and defeats running	HIGH_THIN_CONTENT_RISK	low	medium	out_of_window	medium	NEEDS_DATA	no venue data for this country, so the page can only describe seasonality and cannot name anywhere to go	DEMAND_UNMEASURED	0/1980	
C005124	/fr/sport/oslo-cycling/	sport	sport.city-season	city-activity-seasonality	3143244:cycling	Oslo cycling		NO		Oslo	fr	fr-FR							no										none		nasa-power-daily	partial	CC BY 4.0; 'There are no restrictions on the use, access, and/or download of data from the NASA POWER Project' (AWS Open Data Registry entry)	CC BY 4.0 for climate; no venue data for this country	partial, seasonality only and nowhere named	high, the answer differs by city and by activity; Tokyo in July suits swimming and defeats running	HIGH_THIN_CONTENT_RISK	low	medium	out_of_window	medium	NEEDS_DATA	no venue data for this country, so the page can only describe seasonality and cannot name anywhere to go	DEMAND_UNMEASURED	0/1980	
C005125	/it/sport/oslo-cycling/	sport	sport.city-season	city-activity-seasonality	3143244:cycling	Oslo cycling		NO		Oslo	it	it-IT							no										none		nasa-power-daily	partial	CC BY 4.0; 'There are no restrictions on the use, access, and/or download of data from the NASA POWER Project' (AWS Open Data Registry entry)	CC BY 4.0 for climate; no venue data for this country	partial, seasonality only and nowhere named	high, the answer differs by city and by activity; Tokyo in July suits swimming and defeats running	HIGH_THIN_CONTENT_RISK	low	medium	out_of_window	medium	NEEDS_DATA	no venue data for this country, so the page can only describe seasonality and cannot name anywhere to go	DEMAND_UNMEASURED	0/1980	
C005126	/ja/sport/oslo-cycling/	sport	sport.city-season	city-activity-seasonality	3143244:cycling	Oslo cycling		NO		Oslo	ja	ja-JP							no										none		nasa-power-daily	partial	CC BY 4.0; 'There are no restrictions on the use, access, and/or download of data from the NASA POWER Project' (AWS Open Data Registry entry)	CC BY 4.0 for climate; no venue data for this country	partial, seasonality only and nowhere named	high, the answer differs by city and by activity; Tokyo in July suits swimming and defeats running	HIGH_THIN_CONTENT_RISK	low	medium	out_of_window	medium	NEEDS_DATA	no venue data for this country, so the page can only describe seasonality and cannot name anywhere to go	DEMAND_UNMEASURED	0/1980	
C005127	/nl/sport/oslo-cycling/	sport	sport.city-season	city-activity-seasonality	3143244:cycling	Oslo cycling		NO		Oslo	nl	nl-NL							no										none		nasa-power-daily	partial	CC BY 4.0; 'There are no restrictions on the use, access, and/or download of data from the NASA POWER Project' (AWS Open Data Registry entry)	CC BY 4.0 for climate; no venue data for this country	partial, seasonality only and nowhere named	high, the answer differs by city and by activity; Tokyo in July suits swimming and defeats running	HIGH_THIN_CONTENT_RISK	low	medium	out_of_window	medium	NEEDS_DATA	no venue data for this country, so the page can only describe seasonality and cannot name anywhere to go	DEMAND_UNMEASURED	0/1980	
C005128	/pl/sport/oslo-cycling/	sport	sport.city-season	city-activity-seasonality	3143244:cycling	Oslo cycling		NO		Oslo	pl	pl-PL							no										none		nasa-power-daily	partial	CC BY 4.0; 'There are no restrictions on the use, access, and/or download of data from the NASA POWER Project' (AWS Open Data Registry entry)	CC BY 4.0 for climate; no venue data for this country	partial, seasonality only and nowhere named	high, the answer differs by city and by activity; Tokyo in July suits swimming and defeats running	HIGH_THIN_CONTENT_RISK	low	medium	out_of_window	medium	NEEDS_DATA	no venue data for this country, so the page can only describe seasonality and cannot name anywhere to go	DEMAND_UNMEASURED	0/1980	
C005129	/pt/desporto/oslo-cycling/	sport	sport.city-season	city-activity-seasonality	3143244:cycling	Oslo cycling		NO		Oslo	pt	pt-BR							no										none		nasa-power-daily	partial	CC BY 4.0; 'There are no restrictions on the use, access, and/or download of data from the NASA POWER Project' (AWS Open Data Registry entry)	CC BY 4.0 for climate; no venue data for this country	partial, seasonality only and nowhere named	high, the answer differs by city and by activity; Tokyo in July suits swimming and defeats running	HIGH_THIN_CONTENT_RISK	low	medium	out_of_window	medium	NEEDS_DATA	no venue data for this country, so the page can only describe seasonality and cannot name anywhere to go	DEMAND_UNMEASURED	0/1980	
C005130	/de/sport/oslo-hiking/	sport	sport.city-season	city-activity-seasonality	3143244:hiking	Oslo hiking		NO		Oslo	de	de-DE							no										none		nasa-power-daily	partial	CC BY 4.0; 'There are no restrictions on the use, access, and/or download of data from the NASA POWER Project' (AWS Open Data Registry entry)	CC BY 4.0 for climate; no venue data for this country	partial, seasonality only and nowhere named	high, the answer differs by city and by activity; Tokyo in July suits swimming and defeats running	HIGH_THIN_CONTENT_RISK	low	medium	out_of_window	medium	NEEDS_DATA	no venue data for this country, so the page can only describe seasonality and cannot name anywhere to go	DEMAND_UNMEASURED	0/1980	
C005131	/en/sport/oslo-hiking/	sport	sport.city-season	city-activity-seasonality	3143244:hiking	Oslo hiking		NO		Oslo	en	en-US							no										none		nasa-power-daily	partial	CC BY 4.0; 'There are no restrictions on the use, access, and/or download of data from the NASA POWER Project' (AWS Open Data Registry entry)	CC BY 4.0 for climate; no venue data for this country	partial, seasonality only and nowhere named	high, the answer differs by city and by activity; Tokyo in July suits swimming and defeats running	HIGH_THIN_CONTENT_RISK	low	medium	out_of_window	medium	NEEDS_DATA	no venue data for this country, so the page can only describe seasonality and cannot name anywhere to go	DEMAND_UNMEASURED	0/1980	
C005132	/es/deporte/oslo-hiking/	sport	sport.city-season	city-activity-seasonality	3143244:hiking	Oslo hiking		NO		Oslo	es	es-ES							no										none		nasa-power-daily	partial	CC BY 4.0; 'There are no restrictions on the use, access, and/or download of data from the NASA POWER Project' (AWS Open Data Registry entry)	CC BY 4.0 for climate; no venue data for this country	partial, seasonality only and nowhere named	high, the answer differs by city and by activity; Tokyo in July suits swimming and defeats running	HIGH_THIN_CONTENT_RISK	low	medium	out_of_window	medium	NEEDS_DATA	no venue data for this country, so the page can only describe seasonality and cannot name anywhere to go	DEMAND_UNMEASURED	0/1980	
C005133	/fr/sport/oslo-hiking/	sport	sport.city-season	city-activity-seasonality	3143244:hiking	Oslo hiking		NO		Oslo	fr	fr-FR							no										none		nasa-power-daily	partial	CC BY 4.0; 'There are no restrictions on the use, access, and/or download of data from the NASA POWER Project' (AWS Open Data Registry entry)	CC BY 4.0 for climate; no venue data for this country	partial, seasonality only and nowhere named	high, the answer differs by city and by activity; Tokyo in July suits swimming and defeats running	HIGH_THIN_CONTENT_RISK	low	medium	out_of_window	medium	NEEDS_DATA	no venue data for this country, so the page can only describe seasonality and cannot name anywhere to go	DEMAND_UNMEASURED	0/1980	
C005134	/it/sport/oslo-hiking/	sport	sport.city-season	city-activity-seasonality	3143244:hiking	Oslo hiking		NO		Oslo	it	it-IT							no										none		nasa-power-daily	partial	CC BY 4.0; 'There are no restrictions on the use, access, and/or download of data from the NASA POWER Project' (AWS Open Data Registry entry)	CC BY 4.0 for climate; no venue data for this country	partial, seasonality only and nowhere named	high, the answer differs by city and by activity; Tokyo in July suits swimming and defeats running	HIGH_THIN_CONTENT_RISK	low	medium	out_of_window	medium	NEEDS_DATA	no venue data for this country, so the page can only describe seasonality and cannot name anywhere to go	DEMAND_UNMEASURED	0/1980	
C005135	/ja/sport/oslo-hiking/	sport	sport.city-season	city-activity-seasonality	3143244:hiking	Oslo hiking		NO		Oslo	ja	ja-JP							no										none		nasa-power-daily	partial	CC BY 4.0; 'There are no restrictions on the use, access, and/or download of data from the NASA POWER Project' (AWS Open Data Registry entry)	CC BY 4.0 for climate; no venue data for this country	partial, seasonality only and nowhere named	high, the answer differs by city and by activity; Tokyo in July suits swimming and defeats running	HIGH_THIN_CONTENT_RISK	low	medium	out_of_window	medium	NEEDS_DATA	no venue data for this country, so the page can only describe seasonality and cannot name anywhere to go	DEMAND_UNMEASURED	0/1980	
C005136	/nl/sport/oslo-hiking/	sport	sport.city-season	city-activity-seasonality	3143244:hiking	Oslo hiking		NO		Oslo	nl	nl-NL							no										none		nasa-power-daily	partial	CC BY 4.0; 'There are no restrictions on the use, access, and/or download of data from the NASA POWER Project' (AWS Open Data Registry entry)	CC BY 4.0 for climate; no venue data for this country	partial, seasonality only and nowhere named	high, the answer differs by city and by activity; Tokyo in July suits swimming and defeats running	HIGH_THIN_CONTENT_RISK	low	medium	out_of_window	medium	NEEDS_DATA	no venue data for this country, so the page can only describe seasonality and cannot name anywhere to go	DEMAND_UNMEASURED	0/1980	
C005137	/pl/sport/oslo-hiking/	sport	sport.city-season	city-activity-seasonality	3143244:hiking	Oslo hiking		NO		Oslo	pl	pl-PL							no										none		nasa-power-daily	partial	CC BY 4.0; 'There are no restrictions on the use, access, and/or download of data from the NASA POWER Project' (AWS Open Data Registry entry)	CC BY 4.0 for climate; no venue data for this country	partial, seasonality only and nowhere named	high, the answer differs by city and by activity; Tokyo in July suits swimming and defeats running	HIGH_THIN_CONTENT_RISK	low	medium	out_of_window	medium	NEEDS_DATA	no venue data for this country, so the page can only describe seasonality and cannot name anywhere to go	DEMAND_UNMEASURED	0/1980	
C005138	/pt/desporto/oslo-hiking/	sport	sport.city-season	city-activity-seasonality	3143244:hiking	Oslo hiking		NO		Oslo	pt	pt-BR							no										none		nasa-power-daily	partial	CC BY 4.0; 'There are no restrictions on the use, access, and/or download of data from the NASA POWER Project' (AWS Open Data Registry entry)	CC BY 4.0 for climate; no venue data for this country	partial, seasonality only and nowhere named	high, the answer differs by city and by activity; Tokyo in July suits swimming and defeats running	HIGH_THIN_CONTENT_RISK	low	medium	out_of_window	medium	NEEDS_DATA	no venue data for this country, so the page can only describe seasonality and cannot name anywhere to go	DEMAND_UNMEASURED	0/1980	
C005139	/de/sport/oslo-swimming/	sport	sport.city-season	city-activity-seasonality	3143244:swimming	Oslo swimming		NO		Oslo	de	de-DE							no										none		nasa-power-daily	partial	CC BY 4.0; 'There are no restrictions on the use, access, and/or download of data from the NASA POWER Project' (AWS Open Data Registry entry)	CC BY 4.0 for climate; no venue data for this country	partial, seasonality only and nowhere named	high, the answer differs by city and by activity; Tokyo in July suits swimming and defeats running	HIGH_THIN_CONTENT_RISK	low	medium	out_of_window	medium	NEEDS_DATA	no venue data for this country, so the page can only describe seasonality and cannot name anywhere to go	DEMAND_UNMEASURED	0/1980	
C005140	/en/sport/oslo-swimming/	sport	sport.city-season	city-activity-seasonality	3143244:swimming	Oslo swimming		NO		Oslo	en	en-US							no										none		nasa-power-daily	partial	CC BY 4.0; 'There are no restrictions on the use, access, and/or download of data from the NASA POWER Project' (AWS Open Data Registry entry)	CC BY 4.0 for climate; no venue data for this country	partial, seasonality only and nowhere named	high, the answer differs by city and by activity; Tokyo in July suits swimming and defeats running	HIGH_THIN_CONTENT_RISK	low	medium	out_of_window	medium	NEEDS_DATA	no venue data for this country, so the page can only describe seasonality and cannot name anywhere to go	DEMAND_UNMEASURED	0/1980	
C005141	/es/deporte/oslo-swimming/	sport	sport.city-season	city-activity-seasonality	3143244:swimming	Oslo swimming		NO		Oslo	es	es-ES							no										none		nasa-power-daily	partial	CC BY 4.0; 'There are no restrictions on the use, access, and/or download of data from the NASA POWER Project' (AWS Open Data Registry entry)	CC BY 4.0 for climate; no venue data for this country	partial, seasonality only and nowhere named	high, the answer differs by city and by activity; Tokyo in July suits swimming and defeats running	HIGH_THIN_CONTENT_RISK	low	medium	out_of_window	medium	NEEDS_DATA	no venue data for this country, so the page can only describe seasonality and cannot name anywhere to go	DEMAND_UNMEASURED	0/1980	
C005142	/fr/sport/oslo-swimming/	sport	sport.city-season	city-activity-seasonality	3143244:swimming	Oslo swimming		NO		Oslo	fr	fr-FR							no										none		nasa-power-daily	partial	CC BY 4.0; 'There are no restrictions on the use, access, and/or download of data from the NASA POWER Project' (AWS Open Data Registry entry)	CC BY 4.0 for climate; no venue data for this country	partial, seasonality only and nowhere named	high, the answer differs by city and by activity; Tokyo in July suits swimming and defeats running	HIGH_THIN_CONTENT_RISK	low	medium	out_of_window	medium	NEEDS_DATA	no venue data for this country, so the page can only describe seasonality and cannot name anywhere to go	DEMAND_UNMEASURED	0/1980	
C005143	/it/sport/oslo-swimming/	sport	sport.city-season	city-activity-seasonality	3143244:swimming	Oslo swimming		NO		Oslo	it	it-IT							no										none		nasa-power-daily	partial	CC BY 4.0; 'There are no restrictions on the use, access, and/or download of data from the NASA POWER Project' (AWS Open Data Registry entry)	CC BY 4.0 for climate; no venue data for this country	partial, seasonality only and nowhere named	high, the answer differs by city and by activity; Tokyo in July suits swimming and defeats running	HIGH_THIN_CONTENT_RISK	low	medium	out_of_window	medium	NEEDS_DATA	no venue data for this country, so the page can only describe seasonality and cannot name anywhere to go	DEMAND_UNMEASURED	0/1980	
C005144	/ja/sport/oslo-swimming/	sport	sport.city-season	city-activity-seasonality	3143244:swimming	Oslo swimming		NO		Oslo	ja	ja-JP							no										none		nasa-power-daily	partial	CC BY 4.0; 'There are no restrictions on the use, access, and/or download of data from the NASA POWER Project' (AWS Open Data Registry entry)	CC BY 4.0 for climate; no venue data for this country	partial, seasonality only and nowhere named	high, the answer differs by city and by activity; Tokyo in July suits swimming and defeats running	HIGH_THIN_CONTENT_RISK	low	medium	out_of_window	medium	NEEDS_DATA	no venue data for this country, so the page can only describe seasonality and cannot name anywhere to go	DEMAND_UNMEASURED	0/1980	
C005145	/nl/sport/oslo-swimming/	sport	sport.city-season	city-activity-seasonality	3143244:swimming	Oslo swimming		NO		Oslo	nl	nl-NL							no										none		nasa-power-daily	partial	CC BY 4.0; 'There are no restrictions on the use, access, and/or download of data from the NASA POWER Project' (AWS Open Data Registry entry)	CC BY 4.0 for climate; no venue data for this country	partial, seasonality only and nowhere named	high, the answer differs by city and by activity; Tokyo in July suits swimming and defeats running	HIGH_THIN_CONTENT_RISK	low	medium	out_of_window	medium	NEEDS_DATA	no venue data for this country, so the page can only describe seasonality and cannot name anywhere to go	DEMAND_UNMEASURED	0/1980	
C005146	/pl/sport/oslo-swimming/	sport	sport.city-season	city-activity-seasonality	3143244:swimming	Oslo swimming		NO		Oslo	pl	pl-PL							no										none		nasa-power-daily	partial	CC BY 4.0; 'There are no restrictions on the use, access, and/or download of data from the NASA POWER Project' (AWS Open Data Registry entry)	CC BY 4.0 for climate; no venue data for this country	partial, seasonality only and nowhere named	high, the answer differs by city and by activity; Tokyo in July suits swimming and defeats running	HIGH_THIN_CONTENT_RISK	low	medium	out_of_window	medium	NEEDS_DATA	no venue data for this country, so the page can only describe seasonality and cannot name anywhere to go	DEMAND_UNMEASURED	0/1980	
C005147	/pt/desporto/oslo-swimming/	sport	sport.city-season	city-activity-seasonality	3143244:swimming	Oslo swimming		NO		Oslo	pt	pt-BR							no										none		nasa-power-daily	partial	CC BY 4.0; 'There are no restrictions on the use, access, and/or download of data from the NASA POWER Project' (AWS Open Data Registry entry)	CC BY 4.0 for climate; no venue data for this country	partial, seasonality only and nowhere named	high, the answer differs by city and by activity; Tokyo in July suits swimming and defeats running	HIGH_THIN_CONTENT_RISK	low	medium	out_of_window	medium	NEEDS_DATA	no venue data for this country, so the page can only describe seasonality and cannot name anywhere to go	DEMAND_UNMEASURED	0/1980	
C005148	/de/sport/bergen-running/	sport	sport.city-season	city-activity-seasonality	3161732:running	Bergen running		NO		Bergen	de	de-DE							no										none		nasa-power-daily	partial	CC BY 4.0; 'There are no restrictions on the use, access, and/or download of data from the NASA POWER Project' (AWS Open Data Registry entry)	CC BY 4.0 for climate; no venue data for this country	partial, seasonality only and nowhere named	high, the answer differs by city and by activity; Tokyo in July suits swimming and defeats running	HIGH_THIN_CONTENT_RISK	low	medium	out_of_window	medium	NEEDS_DATA	no venue data for this country, so the page can only describe seasonality and cannot name anywhere to go	DEMAND_UNMEASURED	0/1980	
C005149	/en/sport/bergen-running/	sport	sport.city-season	city-activity-seasonality	3161732:running	Bergen running		NO		Bergen	en	en-US							no										none		nasa-power-daily	partial	CC BY 4.0; 'There are no restrictions on the use, access, and/or download of data from the NASA POWER Project' (AWS Open Data Registry entry)	CC BY 4.0 for climate; no venue data for this country	partial, seasonality only and nowhere named	high, the answer differs by city and by activity; Tokyo in July suits swimming and defeats running	HIGH_THIN_CONTENT_RISK	low	medium	out_of_window	medium	NEEDS_DATA	no venue data for this country, so the page can only describe seasonality and cannot name anywhere to go	DEMAND_UNMEASURED	0/1980	
C005150	/es/deporte/bergen-running/	sport	sport.city-season	city-activity-seasonality	3161732:running	Bergen running		NO		Bergen	es	es-ES							no										none		nasa-power-daily	partial	CC BY 4.0; 'There are no restrictions on the use, access, and/or download of data from the NASA POWER Project' (AWS Open Data Registry entry)	CC BY 4.0 for climate; no venue data for this country	partial, seasonality only and nowhere named	high, the answer differs by city and by activity; Tokyo in July suits swimming and defeats running	HIGH_THIN_CONTENT_RISK	low	medium	out_of_window	medium	NEEDS_DATA	no venue data for this country, so the page can only describe seasonality and cannot name anywhere to go	DEMAND_UNMEASURED	0/1980	
C005151	/fr/sport/bergen-running/	sport	sport.city-season	city-activity-seasonality	3161732:running	Bergen running		NO		Bergen	fr	fr-FR							no										none		nasa-power-daily	partial	CC BY 4.0; 'There are no restrictions on the use, access, and/or download of data from the NASA POWER Project' (AWS Open Data Registry entry)	CC BY 4.0 for climate; no venue data for this country	partial, seasonality only and nowhere named	high, the answer differs by city and by activity; Tokyo in July suits swimming and defeats running	HIGH_THIN_CONTENT_RISK	low	medium	out_of_window	medium	NEEDS_DATA	no venue data for this country, so the page can only describe seasonality and cannot name anywhere to go	DEMAND_UNMEASURED	0/1980	
C005152	/it/sport/bergen-running/	sport	sport.city-season	city-activity-seasonality	3161732:running	Bergen running		NO		Bergen	it	it-IT							no										none		nasa-power-daily	partial	CC BY 4.0; 'There are no restrictions on the use, access, and/or download of data from the NASA POWER Project' (AWS Open Data Registry entry)	CC BY 4.0 for climate; no venue data for this country	partial, seasonality only and nowhere named	high, the answer differs by city and by activity; Tokyo in July suits swimming and defeats running	HIGH_THIN_CONTENT_RISK	low	medium	out_of_window	medium	NEEDS_DATA	no venue data for this country, so the page can only describe seasonality and cannot name anywhere to go	DEMAND_UNMEASURED	0/1980	
C005153	/ja/sport/bergen-running/	sport	sport.city-season	city-activity-seasonality	3161732:running	Bergen running		NO		Bergen	ja	ja-JP							no										none		nasa-power-daily	partial	CC BY 4.0; 'There are no restrictions on the use, access, and/or download of data from the NASA POWER Project' (AWS Open Data Registry entry)	CC BY 4.0 for climate; no venue data for this country	partial, seasonality only and nowhere named	high, the answer differs by city and by activity; Tokyo in July suits swimming and defeats running	HIGH_THIN_CONTENT_RISK	low	medium	out_of_window	medium	NEEDS_DATA	no venue data for this country, so the page can only describe seasonality and cannot name anywhere to go	DEMAND_UNMEASURED	0/1980	
C005154	/nl/sport/bergen-running/	sport	sport.city-season	city-activity-seasonality	3161732:running	Bergen running		NO		Bergen	nl	nl-NL							no										none		nasa-power-daily	partial	CC BY 4.0; 'There are no restrictions on the use, access, and/or download of data from the NASA POWER Project' (AWS Open Data Registry entry)	CC BY 4.0 for climate; no venue data for this country	partial, seasonality only and nowhere named	high, the answer differs by city and by activity; Tokyo in July suits swimming and defeats running	HIGH_THIN_CONTENT_RISK	low	medium	out_of_window	medium	NEEDS_DATA	no venue data for this country, so the page can only describe seasonality and cannot name anywhere to go	DEMAND_UNMEASURED	0/1980	
C005155	/pl/sport/bergen-running/	sport	sport.city-season	city-activity-seasonality	3161732:running	Bergen running		NO		Bergen	pl	pl-PL							no										none		nasa-power-daily	partial	CC BY 4.0; 'There are no restrictions on the use, access, and/or download of data from the NASA POWER Project' (AWS Open Data Registry entry)	CC BY 4.0 for climate; no venue data for this country	partial, seasonality only and nowhere named	high, the answer differs by city and by activity; Tokyo in July suits swimming and defeats running	HIGH_THIN_CONTENT_RISK	low	medium	out_of_window	medium	NEEDS_DATA	no venue data for this country, so the page can only describe seasonality and cannot name anywhere to go	DEMAND_UNMEASURED	0/1980	
C005156	/pt/desporto/bergen-running/	sport	sport.city-season	city-activity-seasonality	3161732:running	Bergen running		NO		Bergen	pt	pt-BR							no										none		nasa-power-daily	partial	CC BY 4.0; 'There are no restrictions on the use, access, and/or download of data from the NASA POWER Project' (AWS Open Data Registry entry)	CC BY 4.0 for climate; no venue data for this country	partial, seasonality only and nowhere named	high, the answer differs by city and by activity; Tokyo in July suits swimming and defeats running	HIGH_THIN_CONTENT_RISK	low	medium	out_of_window	medium	NEEDS_DATA	no venue data for this country, so the page can only describe seasonality and cannot name anywhere to go	DEMAND_UNMEASURED	0/1980	
C005157	/de/sport/bergen-cycling/	sport	sport.city-season	city-activity-seasonality	3161732:cycling	Bergen cycling		NO		Bergen	de	de-DE							no										none		nasa-power-daily	partial	CC BY 4.0; 'There are no restrictions on the use, access, and/or download of data from the NASA POWER Project' (AWS Open Data Registry entry)	CC BY 4.0 for climate; no venue data for this country	partial, seasonality only and nowhere named	high, the answer differs by city and by activity; Tokyo in July suits swimming and defeats running	HIGH_THIN_CONTENT_RISK	low	medium	out_of_window	medium	NEEDS_DATA	no venue data for this country, so the page can only describe seasonality and cannot name anywhere to go	DEMAND_UNMEASURED	0/1980	
C005158	/en/sport/bergen-cycling/	sport	sport.city-season	city-activity-seasonality	3161732:cycling	Bergen cycling		NO		Bergen	en	en-US							no										none		nasa-power-daily	partial	CC BY 4.0; 'There are no restrictions on the use, access, and/or download of data from the NASA POWER Project' (AWS Open Data Registry entry)	CC BY 4.0 for climate; no venue data for this country	partial, seasonality only and nowhere named	high, the answer differs by city and by activity; Tokyo in July suits swimming and defeats running	HIGH_THIN_CONTENT_RISK	low	medium	out_of_window	medium	NEEDS_DATA	no venue data for this country, so the page can only describe seasonality and cannot name anywhere to go	DEMAND_UNMEASURED	0/1980	
C005159	/es/deporte/bergen-cycling/	sport	sport.city-season	city-activity-seasonality	3161732:cycling	Bergen cycling		NO		Bergen	es	es-ES							no										none		nasa-power-daily	partial	CC BY 4.0; 'There are no restrictions on the use, access, and/or download of data from the NASA POWER Project' (AWS Open Data Registry entry)	CC BY 4.0 for climate; no venue data for this country	partial, seasonality only and nowhere named	high, the answer differs by city and by activity; Tokyo in July suits swimming and defeats running	HIGH_THIN_CONTENT_RISK	low	medium	out_of_window	medium	NEEDS_DATA	no venue data for this country, so the page can only describe seasonality and cannot name anywhere to go	DEMAND_UNMEASURED	0/1980	
C005160	/fr/sport/bergen-cycling/	sport	sport.city-season	city-activity-seasonality	3161732:cycling	Bergen cycling		NO		Bergen	fr	fr-FR							no										none		nasa-power-daily	partial	CC BY 4.0; 'There are no restrictions on the use, access, and/or download of data from the NASA POWER Project' (AWS Open Data Registry entry)	CC BY 4.0 for climate; no venue data for this country	partial, seasonality only and nowhere named	high, the answer differs by city and by activity; Tokyo in July suits swimming and defeats running	HIGH_THIN_CONTENT_RISK	low	medium	out_of_window	medium	NEEDS_DATA	no venue data for this country, so the page can only describe seasonality and cannot name anywhere to go	DEMAND_UNMEASURED	0/1980	
C005161	/it/sport/bergen-cycling/	sport	sport.city-season	city-activity-seasonality	3161732:cycling	Bergen cycling		NO		Bergen	it	it-IT							no										none		nasa-power-daily	partial	CC BY 4.0; 'There are no restrictions on the use, access, and/or download of data from the NASA POWER Project' (AWS Open Data Registry entry)	CC BY 4.0 for climate; no venue data for this country	partial, seasonality only and nowhere named	high, the answer differs by city and by activity; Tokyo in July suits swimming and defeats running	HIGH_THIN_CONTENT_RISK	low	medium	out_of_window	medium	NEEDS_DATA	no venue data for this country, so the page can only describe seasonality and cannot name anywhere to go	DEMAND_UNMEASURED	0/1980	
C005162	/ja/sport/bergen-cycling/	sport	sport.city-season	city-activity-seasonality	3161732:cycling	Bergen cycling		NO		Bergen	ja	ja-JP							no										none		nasa-power-daily	partial	CC BY 4.0; 'There are no restrictions on the use, access, and/or download of data from the NASA POWER Project' (AWS Open Data Registry entry)	CC BY 4.0 for climate; no venue data for this country	partial, seasonality only and nowhere named	high, the answer differs by city and by activity; Tokyo in July suits swimming and defeats running	HIGH_THIN_CONTENT_RISK	low	medium	out_of_window	medium	NEEDS_DATA	no venue data for this country, so the page can only describe seasonality and cannot name anywhere to go	DEMAND_UNMEASURED	0/1980	
C005163	/nl/sport/bergen-cycling/	sport	sport.city-season	city-activity-seasonality	3161732:cycling	Bergen cycling		NO		Bergen	nl	nl-NL							no										none		nasa-power-daily	partial	CC BY 4.0; 'There are no restrictions on the use, access, and/or download of data from the NASA POWER Project' (AWS Open Data Registry entry)	CC BY 4.0 for climate; no venue data for this country	partial, seasonality only and nowhere named	high, the answer differs by city and by activity; Tokyo in July suits swimming and defeats running	HIGH_THIN_CONTENT_RISK	low	medium	out_of_window	medium	NEEDS_DATA	no venue data for this country, so the page can only describe seasonality and cannot name anywhere to go	DEMAND_UNMEASURED	0/1980	
C005164	/pl/sport/bergen-cycling/	sport	sport.city-season	city-activity-seasonality	3161732:cycling	Bergen cycling		NO		Bergen	pl	pl-PL							no										none		nasa-power-daily	partial	CC BY 4.0; 'There are no restrictions on the use, access, and/or download of data from the NASA POWER Project' (AWS Open Data Registry entry)	CC BY 4.0 for climate; no venue data for this country	partial, seasonality only and nowhere named	high, the answer differs by city and by activity; Tokyo in July suits swimming and defeats running	HIGH_THIN_CONTENT_RISK	low	medium	out_of_window	medium	NEEDS_DATA	no venue data for this country, so the page can only describe seasonality and cannot name anywhere to go	DEMAND_UNMEASURED	0/1980	
C005165	/pt/desporto/bergen-cycling/	sport	sport.city-season	city-activity-seasonality	3161732:cycling	Bergen cycling		NO		Bergen	pt	pt-BR							no										none		nasa-power-daily	partial	CC BY 4.0; 'There are no restrictions on the use, access, and/or download of data from the NASA POWER Project' (AWS Open Data Registry entry)	CC BY 4.0 for climate; no venue data for this country	partial, seasonality only and nowhere named	high, the answer differs by city and by activity; Tokyo in July suits swimming and defeats running	HIGH_THIN_CONTENT_RISK	low	medium	out_of_window	medium	NEEDS_DATA	no venue data for this country, so the page can only describe seasonality and cannot name anywhere to go	DEMAND_UNMEASURED	0/1980	
C005166	/de/sport/bergen-hiking/	sport	sport.city-season	city-activity-seasonality	3161732:hiking	Bergen hiking		NO		Bergen	de	de-DE							no										none		nasa-power-daily	partial	CC BY 4.0; 'There are no restrictions on the use, access, and/or download of data from the NASA POWER Project' (AWS Open Data Registry entry)	CC BY 4.0 for climate; no venue data for this country	partial, seasonality only and nowhere named	high, the answer differs by city and by activity; Tokyo in July suits swimming and defeats running	HIGH_THIN_CONTENT_RISK	low	medium	out_of_window	medium	NEEDS_DATA	no venue data for this country, so the page can only describe seasonality and cannot name anywhere to go	DEMAND_UNMEASURED	0/1980	
C005167	/en/sport/bergen-hiking/	sport	sport.city-season	city-activity-seasonality	3161732:hiking	Bergen hiking		NO		Bergen	en	en-US							no										none		nasa-power-daily	partial	CC BY 4.0; 'There are no restrictions on the use, access, and/or download of data from the NASA POWER Project' (AWS Open Data Registry entry)	CC BY 4.0 for climate; no venue data for this country	partial, seasonality only and nowhere named	high, the answer differs by city and by activity; Tokyo in July suits swimming and defeats running	HIGH_THIN_CONTENT_RISK	low	medium	out_of_window	medium	NEEDS_DATA	no venue data for this country, so the page can only describe seasonality and cannot name anywhere to go	DEMAND_UNMEASURED	0/1980	
C005168	/es/deporte/bergen-hiking/	sport	sport.city-season	city-activity-seasonality	3161732:hiking	Bergen hiking		NO		Bergen	es	es-ES							no										none		nasa-power-daily	partial	CC BY 4.0; 'There are no restrictions on the use, access, and/or download of data from the NASA POWER Project' (AWS Open Data Registry entry)	CC BY 4.0 for climate; no venue data for this country	partial, seasonality only and nowhere named	high, the answer differs by city and by activity; Tokyo in July suits swimming and defeats running	HIGH_THIN_CONTENT_RISK	low	medium	out_of_window	medium	NEEDS_DATA	no venue data for this country, so the page can only describe seasonality and cannot name anywhere to go	DEMAND_UNMEASURED	0/1980	
C005169	/fr/sport/bergen-hiking/	sport	sport.city-season	city-activity-seasonality	3161732:hiking	Bergen hiking		NO		Bergen	fr	fr-FR							no										none		nasa-power-daily	partial	CC BY 4.0; 'There are no restrictions on the use, access, and/or download of data from the NASA POWER Project' (AWS Open Data Registry entry)	CC BY 4.0 for climate; no venue data for this country	partial, seasonality only and nowhere named	high, the answer differs by city and by activity; Tokyo in July suits swimming and defeats running	HIGH_THIN_CONTENT_RISK	low	medium	out_of_window	medium	NEEDS_DATA	no venue data for this country, so the page can only describe seasonality and cannot name anywhere to go	DEMAND_UNMEASURED	0/1980	
C005170	/it/sport/bergen-hiking/	sport	sport.city-season	city-activity-seasonality	3161732:hiking	Bergen hiking		NO		Bergen	it	it-IT							no										none		nasa-power-daily	partial	CC BY 4.0; 'There are no restrictions on the use, access, and/or download of data from the NASA POWER Project' (AWS Open Data Registry entry)	CC BY 4.0 for climate; no venue data for this country	partial, seasonality only and nowhere named	high, the answer differs by city and by activity; Tokyo in July suits swimming and defeats running	HIGH_THIN_CONTENT_RISK	low	medium	out_of_window	medium	NEEDS_DATA	no venue data for this country, so the page can only describe seasonality and cannot name anywhere to go	DEMAND_UNMEASURED	0/1980	
C005171	/ja/sport/bergen-hiking/	sport	sport.city-season	city-activity-seasonality	3161732:hiking	Bergen hiking		NO		Bergen	ja	ja-JP							no										none		nasa-power-daily	partial	CC BY 4.0; 'There are no restrictions on the use, access, and/or download of data from the NASA POWER Project' (AWS Open Data Registry entry)	CC BY 4.0 for climate; no venue data for this country	partial, seasonality only and nowhere named	high, the answer differs by city and by activity; Tokyo in July suits swimming and defeats running	HIGH_THIN_CONTENT_RISK	low	medium	out_of_window	medium	NEEDS_DATA	no venue data for this country, so the page can only describe seasonality and cannot name anywhere to go	DEMAND_UNMEASURED	0/1980	
C005172	/nl/sport/bergen-hiking/	sport	sport.city-season	city-activity-seasonality	3161732:hiking	Bergen hiking		NO		Bergen	nl	nl-NL							no										none		nasa-power-daily	partial	CC BY 4.0; 'There are no restrictions on the use, access, and/or download of data from the NASA POWER Project' (AWS Open Data Registry entry)	CC BY 4.0 for climate; no venue data for this country	partial, seasonality only and nowhere named	high, the answer differs by city and by activity; Tokyo in July suits swimming and defeats running	HIGH_THIN_CONTENT_RISK	low	medium	out_of_window	medium	NEEDS_DATA	no venue data for this country, so the page can only describe seasonality and cannot name anywhere to go	DEMAND_UNMEASURED	0/1980	
C005173	/pl/sport/bergen-hiking/	sport	sport.city-season	city-activity-seasonality	3161732:hiking	Bergen hiking		NO		Bergen	pl	pl-PL							no										none		nasa-power-daily	partial	CC BY 4.0; 'There are no restrictions on the use, access, and/or download of data from the NASA POWER Project' (AWS Open Data Registry entry)	CC BY 4.0 for climate; no venue data for this country	partial, seasonality only and nowhere named	high, the answer differs by city and by activity; Tokyo in July suits swimming and defeats running	HIGH_THIN_CONTENT_RISK	low	medium	out_of_window	medium	NEEDS_DATA	no venue data for this country, so the page can only describe seasonality and cannot name anywhere to go	DEMAND_UNMEASURED	0/1980	
C005174	/pt/desporto/bergen-hiking/	sport	sport.city-season	city-activity-seasonality	3161732:hiking	Bergen hiking		NO		Bergen	pt	pt-BR							no										none		nasa-power-daily	partial	CC BY 4.0; 'There are no restrictions on the use, access, and/or download of data from the NASA POWER Project' (AWS Open Data Registry entry)	CC BY 4.0 for climate; no venue data for this country	partial, seasonality only and nowhere named	high, the answer differs by city and by activity; Tokyo in July suits swimming and defeats running	HIGH_THIN_CONTENT_RISK	low	medium	out_of_window	medium	NEEDS_DATA	no venue data for this country, so the page can only describe seasonality and cannot name anywhere to go	DEMAND_UNMEASURED	0/1980	
C005175	/de/sport/bergen-swimming/	sport	sport.city-season	city-activity-seasonality	3161732:swimming	Bergen swimming		NO		Bergen	de	de-DE							no										none		nasa-power-daily	partial	CC BY 4.0; 'There are no restrictions on the use, access, and/or download of data from the NASA POWER Project' (AWS Open Data Registry entry)	CC BY 4.0 for climate; no venue data for this country	partial, seasonality only and nowhere named	high, the answer differs by city and by activity; Tokyo in July suits swimming and defeats running	HIGH_THIN_CONTENT_RISK	low	medium	out_of_window	medium	NEEDS_DATA	no venue data for this country, so the page can only describe seasonality and cannot name anywhere to go	DEMAND_UNMEASURED	0/1980	
C005176	/en/sport/bergen-swimming/	sport	sport.city-season	city-activity-seasonality	3161732:swimming	Bergen swimming		NO		Bergen	en	en-US							no										none		nasa-power-daily	partial	CC BY 4.0; 'There are no restrictions on the use, access, and/or download of data from the NASA POWER Project' (AWS Open Data Registry entry)	CC BY 4.0 for climate; no venue data for this country	partial, seasonality only and nowhere named	high, the answer differs by city and by activity; Tokyo in July suits swimming and defeats running	HIGH_THIN_CONTENT_RISK	low	medium	out_of_window	medium	NEEDS_DATA	no venue data for this country, so the page can only describe seasonality and cannot name anywhere to go	DEMAND_UNMEASURED	0/1980	
C005177	/es/deporte/bergen-swimming/	sport	sport.city-season	city-activity-seasonality	3161732:swimming	Bergen swimming		NO		Bergen	es	es-ES							no										none		nasa-power-daily	partial	CC BY 4.0; 'There are no restrictions on the use, access, and/or download of data from the NASA POWER Project' (AWS Open Data Registry entry)	CC BY 4.0 for climate; no venue data for this country	partial, seasonality only and nowhere named	high, the answer differs by city and by activity; Tokyo in July suits swimming and defeats running	HIGH_THIN_CONTENT_RISK	low	medium	out_of_window	medium	NEEDS_DATA	no venue data for this country, so the page can only describe seasonality and cannot name anywhere to go	DEMAND_UNMEASURED	0/1980	
C005178	/fr/sport/bergen-swimming/	sport	sport.city-season	city-activity-seasonality	3161732:swimming	Bergen swimming		NO		Bergen	fr	fr-FR							no										none		nasa-power-daily	partial	CC BY 4.0; 'There are no restrictions on the use, access, and/or download of data from the NASA POWER Project' (AWS Open Data Registry entry)	CC BY 4.0 for climate; no venue data for this country	partial, seasonality only and nowhere named	high, the answer differs by city and by activity; Tokyo in July suits swimming and defeats running	HIGH_THIN_CONTENT_RISK	low	medium	out_of_window	medium	NEEDS_DATA	no venue data for this country, so the page can only describe seasonality and cannot name anywhere to go	DEMAND_UNMEASURED	0/1980	
C005179	/it/sport/bergen-swimming/	sport	sport.city-season	city-activity-seasonality	3161732:swimming	Bergen swimming		NO		Bergen	it	it-IT							no										none		nasa-power-daily	partial	CC BY 4.0; 'There are no restrictions on the use, access, and/or download of data from the NASA POWER Project' (AWS Open Data Registry entry)	CC BY 4.0 for climate; no venue data for this country	partial, seasonality only and nowhere named	high, the answer differs by city and by activity; Tokyo in July suits swimming and defeats running	HIGH_THIN_CONTENT_RISK	low	medium	out_of_window	medium	NEEDS_DATA	no venue data for this country, so the page can only describe seasonality and cannot name anywhere to go	DEMAND_UNMEASURED	0/1980	
C005180	/ja/sport/bergen-swimming/	sport	sport.city-season	city-activity-seasonality	3161732:swimming	Bergen swimming		NO		Bergen	ja	ja-JP							no										none		nasa-power-daily	partial	CC BY 4.0; 'There are no restrictions on the use, access, and/or download of data from the NASA POWER Project' (AWS Open Data Registry entry)	CC BY 4.0 for climate; no venue data for this country	partial, seasonality only and nowhere named	high, the answer differs by city and by activity; Tokyo in July suits swimming and defeats running	HIGH_THIN_CONTENT_RISK	low	medium	out_of_window	medium	NEEDS_DATA	no venue data for this country, so the page can only describe seasonality and cannot name anywhere to go	DEMAND_UNMEASURED	0/1980	
C005181	/nl/sport/bergen-swimming/	sport	sport.city-season	city-activity-seasonality	3161732:swimming	Bergen swimming		NO		Bergen	nl	nl-NL							no										none		nasa-power-daily	partial	CC BY 4.0; 'There are no restrictions on the use, access, and/or download of data from the NASA POWER Project' (AWS Open Data Registry entry)	CC BY 4.0 for climate; no venue data for this country	partial, seasonality only and nowhere named	high, the answer differs by city and by activity; Tokyo in July suits swimming and defeats running	HIGH_THIN_CONTENT_RISK	low	medium	out_of_window	medium	NEEDS_DATA	no venue data for this country, so the page can only describe seasonality and cannot name anywhere to go	DEMAND_UNMEASURED	0/1980	
C005182	/pl/sport/bergen-swimming/	sport	sport.city-season	city-activity-seasonality	3161732:swimming	Bergen swimming		NO		Bergen	pl	pl-PL							no										none		nasa-power-daily	partial	CC BY 4.0; 'There are no restrictions on the use, access, and/or download of data from the NASA POWER Project' (AWS Open Data Registry entry)	CC BY 4.0 for climate; no venue data for this country	partial, seasonality only and nowhere named	high, the answer differs by city and by activity; Tokyo in July suits swimming and defeats running	HIGH_THIN_CONTENT_RISK	low	medium	out_of_window	medium	NEEDS_DATA	no venue data for this country, so the page can only describe seasonality and cannot name anywhere to go	DEMAND_UNMEASURED	0/1980	
C005183	/pt/desporto/bergen-swimming/	sport	sport.city-season	city-activity-seasonality	3161732:swimming	Bergen swimming		NO		Bergen	pt	pt-BR							no										none		nasa-power-daily	partial	CC BY 4.0; 'There are no restrictions on the use, access, and/or download of data from the NASA POWER Project' (AWS Open Data Registry entry)	CC BY 4.0 for climate; no venue data for this country	partial, seasonality only and nowhere named	high, the answer differs by city and by activity; Tokyo in July suits swimming and defeats running	HIGH_THIN_CONTENT_RISK	low	medium	out_of_window	medium	NEEDS_DATA	no venue data for this country, so the page can only describe seasonality and cannot name anywhere to go	DEMAND_UNMEASURED	0/1980	
C005256	/de/sport/zagreb-running/	sport	sport.city-season	city-activity-seasonality	3186886:running	Zagreb running		HR		Zagreb	de	de-DE							no										none		nasa-power-daily	partial	CC BY 4.0; 'There are no restrictions on the use, access, and/or download of data from the NASA POWER Project' (AWS Open Data Registry entry)	CC BY 4.0 for climate; no venue data for this country	partial, seasonality only and nowhere named	high, the answer differs by city and by activity; Tokyo in July suits swimming and defeats running	HIGH_THIN_CONTENT_RISK	low	medium	out_of_window	medium	NEEDS_DATA	no venue data for this country, so the page can only describe seasonality and cannot name anywhere to go	DEMAND_UNMEASURED	0/1980	
C005257	/en/sport/zagreb-running/	sport	sport.city-season	city-activity-seasonality	3186886:running	Zagreb running		HR		Zagreb	en	en-US							no										none		nasa-power-daily	partial	CC BY 4.0; 'There are no restrictions on the use, access, and/or download of data from the NASA POWER Project' (AWS Open Data Registry entry)	CC BY 4.0 for climate; no venue data for this country	partial, seasonality only and nowhere named	high, the answer differs by city and by activity; Tokyo in July suits swimming and defeats running	HIGH_THIN_CONTENT_RISK	low	medium	out_of_window	medium	NEEDS_DATA	no venue data for this country, so the page can only describe seasonality and cannot name anywhere to go	DEMAND_UNMEASURED	0/1980	
C005258	/es/deporte/zagreb-running/	sport	sport.city-season	city-activity-seasonality	3186886:running	Zagreb running		HR		Zagreb	es	es-ES							no										none		nasa-power-daily	partial	CC BY 4.0; 'There are no restrictions on the use, access, and/or download of data from the NASA POWER Project' (AWS Open Data Registry entry)	CC BY 4.0 for climate; no venue data for this country	partial, seasonality only and nowhere named	high, the answer differs by city and by activity; Tokyo in July suits swimming and defeats running	HIGH_THIN_CONTENT_RISK	low	medium	out_of_window	medium	NEEDS_DATA	no venue data for this country, so the page can only describe seasonality and cannot name anywhere to go	DEMAND_UNMEASURED	0/1980	
C005259	/fr/sport/zagreb-running/	sport	sport.city-season	city-activity-seasonality	3186886:running	Zagreb running		HR		Zagreb	fr	fr-FR							no										none		nasa-power-daily	partial	CC BY 4.0; 'There are no restrictions on the use, access, and/or download of data from the NASA POWER Project' (AWS Open Data Registry entry)	CC BY 4.0 for climate; no venue data for this country	partial, seasonality only and nowhere named	high, the answer differs by city and by activity; Tokyo in July suits swimming and defeats running	HIGH_THIN_CONTENT_RISK	low	medium	out_of_window	medium	NEEDS_DATA	no venue data for this country, so the page can only describe seasonality and cannot name anywhere to go	DEMAND_UNMEASURED	0/1980	
C005260	/it/sport/zagreb-running/	sport	sport.city-season	city-activity-seasonality	3186886:running	Zagreb running		HR		Zagreb	it	it-IT							no										none		nasa-power-daily	partial	CC BY 4.0; 'There are no restrictions on the use, access, and/or download of data from the NASA POWER Project' (AWS Open Data Registry entry)	CC BY 4.0 for climate; no venue data for this country	partial, seasonality only and nowhere named	high, the answer differs by city and by activity; Tokyo in July suits swimming and defeats running	HIGH_THIN_CONTENT_RISK	low	medium	out_of_window	medium	NEEDS_DATA	no venue data for this country, so the page can only describe seasonality and cannot name anywhere to go	DEMAND_UNMEASURED	0/1980	
C005261	/ja/sport/zagreb-running/	sport	sport.city-season	city-activity-seasonality	3186886:running	Zagreb running		HR		Zagreb	ja	ja-JP							no										none		nasa-power-daily	partial	CC BY 4.0; 'There are no restrictions on the use, access, and/or download of data from the NASA POWER Project' (AWS Open Data Registry entry)	CC BY 4.0 for climate; no venue data for this country	partial, seasonality only and nowhere named	high, the answer differs by city and by activity; Tokyo in July suits swimming and defeats running	HIGH_THIN_CONTENT_RISK	low	medium	out_of_window	medium	NEEDS_DATA	no venue data for this country, so the page can only describe seasonality and cannot name anywhere to go	DEMAND_UNMEASURED	0/1980	
C005262	/nl/sport/zagreb-running/	sport	sport.city-season	city-activity-seasonality	3186886:running	Zagreb running		HR		Zagreb	nl	nl-NL							no										none		nasa-power-daily	partial	CC BY 4.0; 'There are no restrictions on the use, access, and/or download of data from the NASA POWER Project' (AWS Open Data Registry entry)	CC BY 4.0 for climate; no venue data for this country	partial, seasonality only and nowhere named	high, the answer differs by city and by activity; Tokyo in July suits swimming and defeats running	HIGH_THIN_CONTENT_RISK	low	medium	out_of_window	medium	NEEDS_DATA	no venue data for this country, so the page can only describe seasonality and cannot name anywhere to go	DEMAND_UNMEASURED	0/1980	
C005263	/pl/sport/zagreb-running/	sport	sport.city-season	city-activity-seasonality	3186886:running	Zagreb running		HR		Zagreb	pl	pl-PL							no										none		nasa-power-daily	partial	CC BY 4.0; 'There are no restrictions on the use, access, and/or download of data from the NASA POWER Project' (AWS Open Data Registry entry)	CC BY 4.0 for climate; no venue data for this country	partial, seasonality only and nowhere named	high, the answer differs by city and by activity; Tokyo in July suits swimming and defeats running	HIGH_THIN_CONTENT_RISK	low	medium	out_of_window	medium	NEEDS_DATA	no venue data for this country, so the page can only describe seasonality and cannot name anywhere to go	DEMAND_UNMEASURED	0/1980	
C005264	/pt/desporto/zagreb-running/	sport	sport.city-season	city-activity-seasonality	3186886:running	Zagreb running		HR		Zagreb	pt	pt-BR							no										none		nasa-power-daily	partial	CC BY 4.0; 'There are no restrictions on the use, access, and/or download of data from the NASA POWER Project' (AWS Open Data Registry entry)	CC BY 4.0 for climate; no venue data for this country	partial, seasonality only and nowhere named	high, the answer differs by city and by activity; Tokyo in July suits swimming and defeats running	HIGH_THIN_CONTENT_RISK	low	medium	out_of_window	medium	NEEDS_DATA	no venue data for this country, so the page can only describe seasonality and cannot name anywhere to go	DEMAND_UNMEASURED	0/1980	
C005265	/de/sport/zagreb-cycling/	sport	sport.city-season	city-activity-seasonality	3186886:cycling	Zagreb cycling		HR		Zagreb	de	de-DE							no										none		nasa-power-daily	partial	CC BY 4.0; 'There are no restrictions on the use, access, and/or download of data from the NASA POWER Project' (AWS Open Data Registry entry)	CC BY 4.0 for climate; no venue data for this country	partial, seasonality only and nowhere named	high, the answer differs by city and by activity; Tokyo in July suits swimming and defeats running	HIGH_THIN_CONTENT_RISK	low	medium	out_of_window	medium	NEEDS_DATA	no venue data for this country, so the page can only describe seasonality and cannot name anywhere to go	DEMAND_UNMEASURED	0/1980	
C005266	/en/sport/zagreb-cycling/	sport	sport.city-season	city-activity-seasonality	3186886:cycling	Zagreb cycling		HR		Zagreb	en	en-US							no										none		nasa-power-daily	partial	CC BY 4.0; 'There are no restrictions on the use, access, and/or download of data from the NASA POWER Project' (AWS Open Data Registry entry)	CC BY 4.0 for climate; no venue data for this country	partial, seasonality only and nowhere named	high, the answer differs by city and by activity; Tokyo in July suits swimming and defeats running	HIGH_THIN_CONTENT_RISK	low	medium	out_of_window	medium	NEEDS_DATA	no venue data for this country, so the page can only describe seasonality and cannot name anywhere to go	DEMAND_UNMEASURED	0/1980	
C005267	/es/deporte/zagreb-cycling/	sport	sport.city-season	city-activity-seasonality	3186886:cycling	Zagreb cycling		HR		Zagreb	es	es-ES							no										none		nasa-power-daily	partial	CC BY 4.0; 'There are no restrictions on the use, access, and/or download of data from the NASA POWER Project' (AWS Open Data Registry entry)	CC BY 4.0 for climate; no venue data for this country	partial, seasonality only and nowhere named	high, the answer differs by city and by activity; Tokyo in July suits swimming and defeats running	HIGH_THIN_CONTENT_RISK	low	medium	out_of_window	medium	NEEDS_DATA	no venue data for this country, so the page can only describe seasonality and cannot name anywhere to go	DEMAND_UNMEASURED	0/1980	
C005268	/fr/sport/zagreb-cycling/	sport	sport.city-season	city-activity-seasonality	3186886:cycling	Zagreb cycling		HR		Zagreb	fr	fr-FR							no										none		nasa-power-daily	partial	CC BY 4.0; 'There are no restrictions on the use, access, and/or download of data from the NASA POWER Project' (AWS Open Data Registry entry)	CC BY 4.0 for climate; no venue data for this country	partial, seasonality only and nowhere named	high, the answer differs by city and by activity; Tokyo in July suits swimming and defeats running	HIGH_THIN_CONTENT_RISK	low	medium	out_of_window	medium	NEEDS_DATA	no venue data for this country, so the page can only describe seasonality and cannot name anywhere to go	DEMAND_UNMEASURED	0/1980	
C005269	/it/sport/zagreb-cycling/	sport	sport.city-season	city-activity-seasonality	3186886:cycling	Zagreb cycling		HR		Zagreb	it	it-IT							no										none		nasa-power-daily	partial	CC BY 4.0; 'There are no restrictions on the use, access, and/or download of data from the NASA POWER Project' (AWS Open Data Registry entry)	CC BY 4.0 for climate; no venue data for this country	partial, seasonality only and nowhere named	high, the answer differs by city and by activity; Tokyo in July suits swimming and defeats running	HIGH_THIN_CONTENT_RISK	low	medium	out_of_window	medium	NEEDS_DATA	no venue data for this country, so the page can only describe seasonality and cannot name anywhere to go	DEMAND_UNMEASURED	0/1980	
C005270	/ja/sport/zagreb-cycling/	sport	sport.city-season	city-activity-seasonality	3186886:cycling	Zagreb cycling		HR		Zagreb	ja	ja-JP							no										none		nasa-power-daily	partial	CC BY 4.0; 'There are no restrictions on the use, access, and/or download of data from the NASA POWER Project' (AWS Open Data Registry entry)	CC BY 4.0 for climate; no venue data for this country	partial, seasonality only and nowhere named	high, the answer differs by city and by activity; Tokyo in July suits swimming and defeats running	HIGH_THIN_CONTENT_RISK	low	medium	out_of_window	medium	NEEDS_DATA	no venue data for this country, so the page can only describe seasonality and cannot name anywhere to go	DEMAND_UNMEASURED	0/1980	
C005271	/nl/sport/zagreb-cycling/	sport	sport.city-season	city-activity-seasonality	3186886:cycling	Zagreb cycling		HR		Zagreb	nl	nl-NL							no										none		nasa-power-daily	partial	CC BY 4.0; 'There are no restrictions on the use, access, and/or download of data from the NASA POWER Project' (AWS Open Data Registry entry)	CC BY 4.0 for climate; no venue data for this country	partial, seasonality only and nowhere named	high, the answer differs by city and by activity; Tokyo in July suits swimming and defeats running	HIGH_THIN_CONTENT_RISK	low	medium	out_of_window	medium	NEEDS_DATA	no venue data for this country, so the page can only describe seasonality and cannot name anywhere to go	DEMAND_UNMEASURED	0/1980	
C005272	/pl/sport/zagreb-cycling/	sport	sport.city-season	city-activity-seasonality	3186886:cycling	Zagreb cycling		HR		Zagreb	pl	pl-PL							no										none		nasa-power-daily	partial	CC BY 4.0; 'There are no restrictions on the use, access, and/or download of data from the NASA POWER Project' (AWS Open Data Registry entry)	CC BY 4.0 for climate; no venue data for this country	partial, seasonality only and nowhere named	high, the answer differs by city and by activity; Tokyo in July suits swimming and defeats running	HIGH_THIN_CONTENT_RISK	low	medium	out_of_window	medium	NEEDS_DATA	no venue data for this country, so the page can only describe seasonality and cannot name anywhere to go	DEMAND_UNMEASURED	0/1980	
C005273	/pt/desporto/zagreb-cycling/	sport	sport.city-season	city-activity-seasonality	3186886:cycling	Zagreb cycling		HR		Zagreb	pt	pt-BR							no										none		nasa-power-daily	partial	CC BY 4.0; 'There are no restrictions on the use, access, and/or download of data from the NASA POWER Project' (AWS Open Data Registry entry)	CC BY 4.0 for climate; no venue data for this country	partial, seasonality only and nowhere named	high, the answer differs by city and by activity; Tokyo in July suits swimming and defeats running	HIGH_THIN_CONTENT_RISK	low	medium	out_of_window	medium	NEEDS_DATA	no venue data for this country, so the page can only describe seasonality and cannot name anywhere to go	DEMAND_UNMEASURED	0/1980	
C005274	/de/sport/zagreb-hiking/	sport	sport.city-season	city-activity-seasonality	3186886:hiking	Zagreb hiking		HR		Zagreb	de	de-DE							no										none		nasa-power-daily	partial	CC BY 4.0; 'There are no restrictions on the use, access, and/or download of data from the NASA POWER Project' (AWS Open Data Registry entry)	CC BY 4.0 for climate; no venue data for this country	partial, seasonality only and nowhere named	high, the answer differs by city and by activity; Tokyo in July suits swimming and defeats running	HIGH_THIN_CONTENT_RISK	low	medium	out_of_window	medium	NEEDS_DATA	no venue data for this country, so the page can only describe seasonality and cannot name anywhere to go	DEMAND_UNMEASURED	0/1980	
C005275	/en/sport/zagreb-hiking/	sport	sport.city-season	city-activity-seasonality	3186886:hiking	Zagreb hiking		HR		Zagreb	en	en-US							no										none		nasa-power-daily	partial	CC BY 4.0; 'There are no restrictions on the use, access, and/or download of data from the NASA POWER Project' (AWS Open Data Registry entry)	CC BY 4.0 for climate; no venue data for this country	partial, seasonality only and nowhere named	high, the answer differs by city and by activity; Tokyo in July suits swimming and defeats running	HIGH_THIN_CONTENT_RISK	low	medium	out_of_window	medium	NEEDS_DATA	no venue data for this country, so the page can only describe seasonality and cannot name anywhere to go	DEMAND_UNMEASURED	0/1980	
C005276	/es/deporte/zagreb-hiking/	sport	sport.city-season	city-activity-seasonality	3186886:hiking	Zagreb hiking		HR		Zagreb	es	es-ES							no										none		nasa-power-daily	partial	CC BY 4.0; 'There are no restrictions on the use, access, and/or download of data from the NASA POWER Project' (AWS Open Data Registry entry)	CC BY 4.0 for climate; no venue data for this country	partial, seasonality only and nowhere named	high, the answer differs by city and by activity; Tokyo in July suits swimming and defeats running	HIGH_THIN_CONTENT_RISK	low	medium	out_of_window	medium	NEEDS_DATA	no venue data for this country, so the page can only describe seasonality and cannot name anywhere to go	DEMAND_UNMEASURED	0/1980	
C005277	/fr/sport/zagreb-hiking/	sport	sport.city-season	city-activity-seasonality	3186886:hiking	Zagreb hiking		HR		Zagreb	fr	fr-FR							no										none		nasa-power-daily	partial	CC BY 4.0; 'There are no restrictions on the use, access, and/or download of data from the NASA POWER Project' (AWS Open Data Registry entry)	CC BY 4.0 for climate; no venue data for this country	partial, seasonality only and nowhere named	high, the answer differs by city and by activity; Tokyo in July suits swimming and defeats running	HIGH_THIN_CONTENT_RISK	low	medium	out_of_window	medium	NEEDS_DATA	no venue data for this country, so the page can only describe seasonality and cannot name anywhere to go	DEMAND_UNMEASURED	0/1980	
C005278	/it/sport/zagreb-hiking/	sport	sport.city-season	city-activity-seasonality	3186886:hiking	Zagreb hiking		HR		Zagreb	it	it-IT							no										none		nasa-power-daily	partial	CC BY 4.0; 'There are no restrictions on the use, access, and/or download of data from the NASA POWER Project' (AWS Open Data Registry entry)	CC BY 4.0 for climate; no venue data for this country	partial, seasonality only and nowhere named	high, the answer differs by city and by activity; Tokyo in July suits swimming and defeats running	HIGH_THIN_CONTENT_RISK	low	medium	out_of_window	medium	NEEDS_DATA	no venue data for this country, so the page can only describe seasonality and cannot name anywhere to go	DEMAND_UNMEASURED	0/1980	
C005279	/ja/sport/zagreb-hiking/	sport	sport.city-season	city-activity-seasonality	3186886:hiking	Zagreb hiking		HR		Zagreb	ja	ja-JP							no										none		nasa-power-daily	partial	CC BY 4.0; 'There are no restrictions on the use, access, and/or download of data from the NASA POWER Project' (AWS Open Data Registry entry)	CC BY 4.0 for climate; no venue data for this country	partial, seasonality only and nowhere named	high, the answer differs by city and by activity; Tokyo in July suits swimming and defeats running	HIGH_THIN_CONTENT_RISK	low	medium	out_of_window	medium	NEEDS_DATA	no venue data for this country, so the page can only describe seasonality and cannot name anywhere to go	DEMAND_UNMEASURED	0/1980	
C005280	/nl/sport/zagreb-hiking/	sport	sport.city-season	city-activity-seasonality	3186886:hiking	Zagreb hiking		HR		Zagreb	nl	nl-NL							no										none		nasa-power-daily	partial	CC BY 4.0; 'There are no restrictions on the use, access, and/or download of data from the NASA POWER Project' (AWS Open Data Registry entry)	CC BY 4.0 for climate; no venue data for this country	partial, seasonality only and nowhere named	high, the answer differs by city and by activity; Tokyo in July suits swimming and defeats running	HIGH_THIN_CONTENT_RISK	low	medium	out_of_window	medium	NEEDS_DATA	no venue data for this country, so the page can only describe seasonality and cannot name anywhere to go	DEMAND_UNMEASURED	0/1980	
C005281	/pl/sport/zagreb-hiking/	sport	sport.city-season	city-activity-seasonality	3186886:hiking	Zagreb hiking		HR		Zagreb	pl	pl-PL							no										none		nasa-power-daily	partial	CC BY 4.0; 'There are no restrictions on the use, access, and/or download of data from the NASA POWER Project' (AWS Open Data Registry entry)	CC BY 4.0 for climate; no venue data for this country	partial, seasonality only and nowhere named	high, the answer differs by city and by activity; Tokyo in July suits swimming and defeats running	HIGH_THIN_CONTENT_RISK	low	medium	out_of_window	medium	NEEDS_DATA	no venue data for this country, so the page can only describe seasonality and cannot name anywhere to go	DEMAND_UNMEASURED	0/1980	
C005282	/pt/desporto/zagreb-hiking/	sport	sport.city-season	city-activity-seasonality	3186886:hiking	Zagreb hiking		HR		Zagreb	pt	pt-BR							no										none		nasa-power-daily	partial	CC BY 4.0; 'There are no restrictions on the use, access, and/or download of data from the NASA POWER Project' (AWS Open Data Registry entry)	CC BY 4.0 for climate; no venue data for this country	partial, seasonality only and nowhere named	high, the answer differs by city and by activity; Tokyo in July suits swimming and defeats running	HIGH_THIN_CONTENT_RISK	low	medium	out_of_window	medium	NEEDS_DATA	no venue data for this country, so the page can only describe seasonality and cannot name anywhere to go	DEMAND_UNMEASURED	0/1980	
C005283	/de/sport/zagreb-swimming/	sport	sport.city-season	city-activity-seasonality	3186886:swimming	Zagreb swimming		HR		Zagreb	de	de-DE							no										none		nasa-power-daily	partial	CC BY 4.0; 'There are no restrictions on the use, access, and/or download of data from the NASA POWER Project' (AWS Open Data Registry entry)	CC BY 4.0 for climate; no venue data for this country	partial, seasonality only and nowhere named	high, the answer differs by city and by activity; Tokyo in July suits swimming and defeats running	HIGH_THIN_CONTENT_RISK	low	medium	out_of_window	medium	NEEDS_DATA	no venue data for this country, so the page can only describe seasonality and cannot name anywhere to go	DEMAND_UNMEASURED	0/1980	
C005284	/en/sport/zagreb-swimming/	sport	sport.city-season	city-activity-seasonality	3186886:swimming	Zagreb swimming		HR		Zagreb	en	en-US							no										none		nasa-power-daily	partial	CC BY 4.0; 'There are no restrictions on the use, access, and/or download of data from the NASA POWER Project' (AWS Open Data Registry entry)	CC BY 4.0 for climate; no venue data for this country	partial, seasonality only and nowhere named	high, the answer differs by city and by activity; Tokyo in July suits swimming and defeats running	HIGH_THIN_CONTENT_RISK	low	medium	out_of_window	medium	NEEDS_DATA	no venue data for this country, so the page can only describe seasonality and cannot name anywhere to go	DEMAND_UNMEASURED	0/1980	
C005285	/es/deporte/zagreb-swimming/	sport	sport.city-season	city-activity-seasonality	3186886:swimming	Zagreb swimming		HR		Zagreb	es	es-ES							no										none		nasa-power-daily	partial	CC BY 4.0; 'There are no restrictions on the use, access, and/or download of data from the NASA POWER Project' (AWS Open Data Registry entry)	CC BY 4.0 for climate; no venue data for this country	partial, seasonality only and nowhere named	high, the answer differs by city and by activity; Tokyo in July suits swimming and defeats running	HIGH_THIN_CONTENT_RISK	low	medium	out_of_window	medium	NEEDS_DATA	no venue data for this country, so the page can only describe seasonality and cannot name anywhere to go	DEMAND_UNMEASURED	0/1980	
C005286	/fr/sport/zagreb-swimming/	sport	sport.city-season	city-activity-seasonality	3186886:swimming	Zagreb swimming		HR		Zagreb	fr	fr-FR							no										none		nasa-power-daily	partial	CC BY 4.0; 'There are no restrictions on the use, access, and/or download of data from the NASA POWER Project' (AWS Open Data Registry entry)	CC BY 4.0 for climate; no venue data for this country	partial, seasonality only and nowhere named	high, the answer differs by city and by activity; Tokyo in July suits swimming and defeats running	HIGH_THIN_CONTENT_RISK	low	medium	out_of_window	medium	NEEDS_DATA	no venue data for this country, so the page can only describe seasonality and cannot name anywhere to go	DEMAND_UNMEASURED	0/1980	
C005287	/it/sport/zagreb-swimming/	sport	sport.city-season	city-activity-seasonality	3186886:swimming	Zagreb swimming		HR		Zagreb	it	it-IT							no										none		nasa-power-daily	partial	CC BY 4.0; 'There are no restrictions on the use, access, and/or download of data from the NASA POWER Project' (AWS Open Data Registry entry)	CC BY 4.0 for climate; no venue data for this country	partial, seasonality only and nowhere named	high, the answer differs by city and by activity; Tokyo in July suits swimming and defeats running	HIGH_THIN_CONTENT_RISK	low	medium	out_of_window	medium	NEEDS_DATA	no venue data for this country, so the page can only describe seasonality and cannot name anywhere to go	DEMAND_UNMEASURED	0/1980	
C005288	/ja/sport/zagreb-swimming/	sport	sport.city-season	city-activity-seasonality	3186886:swimming	Zagreb swimming		HR		Zagreb	ja	ja-JP							no										none		nasa-power-daily	partial	CC BY 4.0; 'There are no restrictions on the use, access, and/or download of data from the NASA POWER Project' (AWS Open Data Registry entry)	CC BY 4.0 for climate; no venue data for this country	partial, seasonality only and nowhere named	high, the answer differs by city and by activity; Tokyo in July suits swimming and defeats running	HIGH_THIN_CONTENT_RISK	low	medium	out_of_window	medium	NEEDS_DATA	no venue data for this country, so the page can only describe seasonality and cannot name anywhere to go	DEMAND_UNMEASURED	0/1980	
C005289	/nl/sport/zagreb-swimming/	sport	sport.city-season	city-activity-seasonality	3186886:swimming	Zagreb swimming		HR		Zagreb	nl	nl-NL							no										none		nasa-power-daily	partial	CC BY 4.0; 'There are no restrictions on the use, access, and/or download of data from the NASA POWER Project' (AWS Open Data Registry entry)	CC BY 4.0 for climate; no venue data for this country	partial, seasonality only and nowhere named	high, the answer differs by city and by activity; Tokyo in July suits swimming and defeats running	HIGH_THIN_CONTENT_RISK	low	medium	out_of_window	medium	NEEDS_DATA	no venue data for this country, so the page can only describe seasonality and cannot name anywhere to go	DEMAND_UNMEASURED	0/1980	
C005290	/pl/sport/zagreb-swimming/	sport	sport.city-season	city-activity-seasonality	3186886:swimming	Zagreb swimming		HR		Zagreb	pl	pl-PL							no										none		nasa-power-daily	partial	CC BY 4.0; 'There are no restrictions on the use, access, and/or download of data from the NASA POWER Project' (AWS Open Data Registry entry)	CC BY 4.0 for climate; no venue data for this country	partial, seasonality only and nowhere named	high, the answer differs by city and by activity; Tokyo in July suits swimming and defeats running	HIGH_THIN_CONTENT_RISK	low	medium	out_of_window	medium	NEEDS_DATA	no venue data for this country, so the page can only describe seasonality and cannot name anywhere to go	DEMAND_UNMEASURED	0/1980	
C005291	/pt/desporto/zagreb-swimming/	sport	sport.city-season	city-activity-seasonality	3186886:swimming	Zagreb swimming		HR		Zagreb	pt	pt-BR							no										none		nasa-power-daily	partial	CC BY 4.0; 'There are no restrictions on the use, access, and/or download of data from the NASA POWER Project' (AWS Open Data Registry entry)	CC BY 4.0 for climate; no venue data for this country	partial, seasonality only and nowhere named	high, the answer differs by city and by activity; Tokyo in July suits swimming and defeats running	HIGH_THIN_CONTENT_RISK	low	medium	out_of_window	medium	NEEDS_DATA	no venue data for this country, so the page can only describe seasonality and cannot name anywhere to go	DEMAND_UNMEASURED	0/1980	
C005292	/de/sport/split-running/	sport	sport.city-season	city-activity-seasonality	3190261:running	Split running		HR		Split	de	de-DE							no										none		nasa-power-daily	partial	CC BY 4.0; 'There are no restrictions on the use, access, and/or download of data from the NASA POWER Project' (AWS Open Data Registry entry)	CC BY 4.0 for climate; no venue data for this country	partial, seasonality only and nowhere named	high, the answer differs by city and by activity; Tokyo in July suits swimming and defeats running	HIGH_THIN_CONTENT_RISK	low	medium	out_of_window	medium	NEEDS_DATA	no venue data for this country, so the page can only describe seasonality and cannot name anywhere to go	DEMAND_UNMEASURED	0/1980	
C005293	/en/sport/split-running/	sport	sport.city-season	city-activity-seasonality	3190261:running	Split running		HR		Split	en	en-US							no										none		nasa-power-daily	partial	CC BY 4.0; 'There are no restrictions on the use, access, and/or download of data from the NASA POWER Project' (AWS Open Data Registry entry)	CC BY 4.0 for climate; no venue data for this country	partial, seasonality only and nowhere named	high, the answer differs by city and by activity; Tokyo in July suits swimming and defeats running	HIGH_THIN_CONTENT_RISK	low	medium	out_of_window	medium	NEEDS_DATA	no venue data for this country, so the page can only describe seasonality and cannot name anywhere to go	DEMAND_UNMEASURED	0/1980	
C005294	/es/deporte/split-running/	sport	sport.city-season	city-activity-seasonality	3190261:running	Split running		HR		Split	es	es-ES							no										none		nasa-power-daily	partial	CC BY 4.0; 'There are no restrictions on the use, access, and/or download of data from the NASA POWER Project' (AWS Open Data Registry entry)	CC BY 4.0 for climate; no venue data for this country	partial, seasonality only and nowhere named	high, the answer differs by city and by activity; Tokyo in July suits swimming and defeats running	HIGH_THIN_CONTENT_RISK	low	medium	out_of_window	medium	NEEDS_DATA	no venue data for this country, so the page can only describe seasonality and cannot name anywhere to go	DEMAND_UNMEASURED	0/1980	
C005295	/fr/sport/split-running/	sport	sport.city-season	city-activity-seasonality	3190261:running	Split running		HR		Split	fr	fr-FR							no										none		nasa-power-daily	partial	CC BY 4.0; 'There are no restrictions on the use, access, and/or download of data from the NASA POWER Project' (AWS Open Data Registry entry)	CC BY 4.0 for climate; no venue data for this country	partial, seasonality only and nowhere named	high, the answer differs by city and by activity; Tokyo in July suits swimming and defeats running	HIGH_THIN_CONTENT_RISK	low	medium	out_of_window	medium	NEEDS_DATA	no venue data for this country, so the page can only describe seasonality and cannot name anywhere to go	DEMAND_UNMEASURED	0/1980	
C005296	/it/sport/split-running/	sport	sport.city-season	city-activity-seasonality	3190261:running	Split running		HR		Split	it	it-IT							no										none		nasa-power-daily	partial	CC BY 4.0; 'There are no restrictions on the use, access, and/or download of data from the NASA POWER Project' (AWS Open Data Registry entry)	CC BY 4.0 for climate; no venue data for this country	partial, seasonality only and nowhere named	high, the answer differs by city and by activity; Tokyo in July suits swimming and defeats running	HIGH_THIN_CONTENT_RISK	low	medium	out_of_window	medium	NEEDS_DATA	no venue data for this country, so the page can only describe seasonality and cannot name anywhere to go	DEMAND_UNMEASURED	0/1980	
C005297	/ja/sport/split-running/	sport	sport.city-season	city-activity-seasonality	3190261:running	Split running		HR		Split	ja	ja-JP							no										none		nasa-power-daily	partial	CC BY 4.0; 'There are no restrictions on the use, access, and/or download of data from the NASA POWER Project' (AWS Open Data Registry entry)	CC BY 4.0 for climate; no venue data for this country	partial, seasonality only and nowhere named	high, the answer differs by city and by activity; Tokyo in July suits swimming and defeats running	HIGH_THIN_CONTENT_RISK	low	medium	out_of_window	medium	NEEDS_DATA	no venue data for this country, so the page can only describe seasonality and cannot name anywhere to go	DEMAND_UNMEASURED	0/1980	
C005298	/nl/sport/split-running/	sport	sport.city-season	city-activity-seasonality	3190261:running	Split running		HR		Split	nl	nl-NL							no										none		nasa-power-daily	partial	CC BY 4.0; 'There are no restrictions on the use, access, and/or download of data from the NASA POWER Project' (AWS Open Data Registry entry)	CC BY 4.0 for climate; no venue data for this country	partial, seasonality only and nowhere named	high, the answer differs by city and by activity; Tokyo in July suits swimming and defeats running	HIGH_THIN_CONTENT_RISK	low	medium	out_of_window	medium	NEEDS_DATA	no venue data for this country, so the page can only describe seasonality and cannot name anywhere to go	DEMAND_UNMEASURED	0/1980	
C005299	/pl/sport/split-running/	sport	sport.city-season	city-activity-seasonality	3190261:running	Split running		HR		Split	pl	pl-PL							no										none		nasa-power-daily	partial	CC BY 4.0; 'There are no restrictions on the use, access, and/or download of data from the NASA POWER Project' (AWS Open Data Registry entry)	CC BY 4.0 for climate; no venue data for this country	partial, seasonality only and nowhere named	high, the answer differs by city and by activity; Tokyo in July suits swimming and defeats running	HIGH_THIN_CONTENT_RISK	low	medium	out_of_window	medium	NEEDS_DATA	no venue data for this country, so the page can only describe seasonality and cannot name anywhere to go	DEMAND_UNMEASURED	0/1980	
C005300	/pt/desporto/split-running/	sport	sport.city-season	city-activity-seasonality	3190261:running	Split running		HR		Split	pt	pt-BR							no										none		nasa-power-daily	partial	CC BY 4.0; 'There are no restrictions on the use, access, and/or download of data from the NASA POWER Project' (AWS Open Data Registry entry)	CC BY 4.0 for climate; no venue data for this country	partial, seasonality only and nowhere named	high, the answer differs by city and by activity; Tokyo in July suits swimming and defeats running	HIGH_THIN_CONTENT_RISK	low	medium	out_of_window	medium	NEEDS_DATA	no venue data for this country, so the page can only describe seasonality and cannot name anywhere to go	DEMAND_UNMEASURED	0/1980	
C005301	/de/sport/split-cycling/	sport	sport.city-season	city-activity-seasonality	3190261:cycling	Split cycling		HR		Split	de	de-DE							no										none		nasa-power-daily	partial	CC BY 4.0; 'There are no restrictions on the use, access, and/or download of data from the NASA POWER Project' (AWS Open Data Registry entry)	CC BY 4.0 for climate; no venue data for this country	partial, seasonality only and nowhere named	high, the answer differs by city and by activity; Tokyo in July suits swimming and defeats running	HIGH_THIN_CONTENT_RISK	low	medium	out_of_window	medium	NEEDS_DATA	no venue data for this country, so the page can only describe seasonality and cannot name anywhere to go	DEMAND_UNMEASURED	0/1980	
C005302	/en/sport/split-cycling/	sport	sport.city-season	city-activity-seasonality	3190261:cycling	Split cycling		HR		Split	en	en-US							no										none		nasa-power-daily	partial	CC BY 4.0; 'There are no restrictions on the use, access, and/or download of data from the NASA POWER Project' (AWS Open Data Registry entry)	CC BY 4.0 for climate; no venue data for this country	partial, seasonality only and nowhere named	high, the answer differs by city and by activity; Tokyo in July suits swimming and defeats running	HIGH_THIN_CONTENT_RISK	low	medium	out_of_window	medium	NEEDS_DATA	no venue data for this country, so the page can only describe seasonality and cannot name anywhere to go	DEMAND_UNMEASURED	0/1980	
C005303	/es/deporte/split-cycling/	sport	sport.city-season	city-activity-seasonality	3190261:cycling	Split cycling		HR		Split	es	es-ES							no										none		nasa-power-daily	partial	CC BY 4.0; 'There are no restrictions on the use, access, and/or download of data from the NASA POWER Project' (AWS Open Data Registry entry)	CC BY 4.0 for climate; no venue data for this country	partial, seasonality only and nowhere named	high, the answer differs by city and by activity; Tokyo in July suits swimming and defeats running	HIGH_THIN_CONTENT_RISK	low	medium	out_of_window	medium	NEEDS_DATA	no venue data for this country, so the page can only describe seasonality and cannot name anywhere to go	DEMAND_UNMEASURED	0/1980	
C005304	/fr/sport/split-cycling/	sport	sport.city-season	city-activity-seasonality	3190261:cycling	Split cycling		HR		Split	fr	fr-FR							no										none		nasa-power-daily	partial	CC BY 4.0; 'There are no restrictions on the use, access, and/or download of data from the NASA POWER Project' (AWS Open Data Registry entry)	CC BY 4.0 for climate; no venue data for this country	partial, seasonality only and nowhere named	high, the answer differs by city and by activity; Tokyo in July suits swimming and defeats running	HIGH_THIN_CONTENT_RISK	low	medium	out_of_window	medium	NEEDS_DATA	no venue data for this country, so the page can only describe seasonality and cannot name anywhere to go	DEMAND_UNMEASURED	0/1980	
C005305	/it/sport/split-cycling/	sport	sport.city-season	city-activity-seasonality	3190261:cycling	Split cycling		HR		Split	it	it-IT							no										none		nasa-power-daily	partial	CC BY 4.0; 'There are no restrictions on the use, access, and/or download of data from the NASA POWER Project' (AWS Open Data Registry entry)	CC BY 4.0 for climate; no venue data for this country	partial, seasonality only and nowhere named	high, the answer differs by city and by activity; Tokyo in July suits swimming and defeats running	HIGH_THIN_CONTENT_RISK	low	medium	out_of_window	medium	NEEDS_DATA	no venue data for this country, so the page can only describe seasonality and cannot name anywhere to go	DEMAND_UNMEASURED	0/1980	
C005306	/ja/sport/split-cycling/	sport	sport.city-season	city-activity-seasonality	3190261:cycling	Split cycling		HR		Split	ja	ja-JP							no										none		nasa-power-daily	partial	CC BY 4.0; 'There are no restrictions on the use, access, and/or download of data from the NASA POWER Project' (AWS Open Data Registry entry)	CC BY 4.0 for climate; no venue data for this country	partial, seasonality only and nowhere named	high, the answer differs by city and by activity; Tokyo in July suits swimming and defeats running	HIGH_THIN_CONTENT_RISK	low	medium	out_of_window	medium	NEEDS_DATA	no venue data for this country, so the page can only describe seasonality and cannot name anywhere to go	DEMAND_UNMEASURED	0/1980	
C005307	/nl/sport/split-cycling/	sport	sport.city-season	city-activity-seasonality	3190261:cycling	Split cycling		HR		Split	nl	nl-NL							no										none		nasa-power-daily	partial	CC BY 4.0; 'There are no restrictions on the use, access, and/or download of data from the NASA POWER Project' (AWS Open Data Registry entry)	CC BY 4.0 for climate; no venue data for this country	partial, seasonality only and nowhere named	high, the answer differs by city and by activity; Tokyo in July suits swimming and defeats running	HIGH_THIN_CONTENT_RISK	low	medium	out_of_window	medium	NEEDS_DATA	no venue data for this country, so the page can only describe seasonality and cannot name anywhere to go	DEMAND_UNMEASURED	0/1980	
C005308	/pl/sport/split-cycling/	sport	sport.city-season	city-activity-seasonality	3190261:cycling	Split cycling		HR		Split	pl	pl-PL							no										none		nasa-power-daily	partial	CC BY 4.0; 'There are no restrictions on the use, access, and/or download of data from the NASA POWER Project' (AWS Open Data Registry entry)	CC BY 4.0 for climate; no venue data for this country	partial, seasonality only and nowhere named	high, the answer differs by city and by activity; Tokyo in July suits swimming and defeats running	HIGH_THIN_CONTENT_RISK	low	medium	out_of_window	medium	NEEDS_DATA	no venue data for this country, so the page can only describe seasonality and cannot name anywhere to go	DEMAND_UNMEASURED	0/1980	
C005309	/pt/desporto/split-cycling/	sport	sport.city-season	city-activity-seasonality	3190261:cycling	Split cycling		HR		Split	pt	pt-BR							no										none		nasa-power-daily	partial	CC BY 4.0; 'There are no restrictions on the use, access, and/or download of data from the NASA POWER Project' (AWS Open Data Registry entry)	CC BY 4.0 for climate; no venue data for this country	partial, seasonality only and nowhere named	high, the answer differs by city and by activity; Tokyo in July suits swimming and defeats running	HIGH_THIN_CONTENT_RISK	low	medium	out_of_window	medium	NEEDS_DATA	no venue data for this country, so the page can only describe seasonality and cannot name anywhere to go	DEMAND_UNMEASURED	0/1980	
C005310	/de/sport/split-hiking/	sport	sport.city-season	city-activity-seasonality	3190261:hiking	Split hiking		HR		Split	de	de-DE							no										none		nasa-power-daily	partial	CC BY 4.0; 'There are no restrictions on the use, access, and/or download of data from the NASA POWER Project' (AWS Open Data Registry entry)	CC BY 4.0 for climate; no venue data for this country	partial, seasonality only and nowhere named	high, the answer differs by city and by activity; Tokyo in July suits swimming and defeats running	HIGH_THIN_CONTENT_RISK	low	medium	out_of_window	medium	NEEDS_DATA	no venue data for this country, so the page can only describe seasonality and cannot name anywhere to go	DEMAND_UNMEASURED	0/1980	
C005311	/en/sport/split-hiking/	sport	sport.city-season	city-activity-seasonality	3190261:hiking	Split hiking		HR		Split	en	en-US							no										none		nasa-power-daily	partial	CC BY 4.0; 'There are no restrictions on the use, access, and/or download of data from the NASA POWER Project' (AWS Open Data Registry entry)	CC BY 4.0 for climate; no venue data for this country	partial, seasonality only and nowhere named	high, the answer differs by city and by activity; Tokyo in July suits swimming and defeats running	HIGH_THIN_CONTENT_RISK	low	medium	out_of_window	medium	NEEDS_DATA	no venue data for this country, so the page can only describe seasonality and cannot name anywhere to go	DEMAND_UNMEASURED	0/1980	
C005312	/es/deporte/split-hiking/	sport	sport.city-season	city-activity-seasonality	3190261:hiking	Split hiking		HR		Split	es	es-ES							no										none		nasa-power-daily	partial	CC BY 4.0; 'There are no restrictions on the use, access, and/or download of data from the NASA POWER Project' (AWS Open Data Registry entry)	CC BY 4.0 for climate; no venue data for this country	partial, seasonality only and nowhere named	high, the answer differs by city and by activity; Tokyo in July suits swimming and defeats running	HIGH_THIN_CONTENT_RISK	low	medium	out_of_window	medium	NEEDS_DATA	no venue data for this country, so the page can only describe seasonality and cannot name anywhere to go	DEMAND_UNMEASURED	0/1980	
C005313	/fr/sport/split-hiking/	sport	sport.city-season	city-activity-seasonality	3190261:hiking	Split hiking		HR		Split	fr	fr-FR							no										none		nasa-power-daily	partial	CC BY 4.0; 'There are no restrictions on the use, access, and/or download of data from the NASA POWER Project' (AWS Open Data Registry entry)	CC BY 4.0 for climate; no venue data for this country	partial, seasonality only and nowhere named	high, the answer differs by city and by activity; Tokyo in July suits swimming and defeats running	HIGH_THIN_CONTENT_RISK	low	medium	out_of_window	medium	NEEDS_DATA	no venue data for this country, so the page can only describe seasonality and cannot name anywhere to go	DEMAND_UNMEASURED	0/1980	
C005314	/it/sport/split-hiking/	sport	sport.city-season	city-activity-seasonality	3190261:hiking	Split hiking		HR		Split	it	it-IT							no										none		nasa-power-daily	partial	CC BY 4.0; 'There are no restrictions on the use, access, and/or download of data from the NASA POWER Project' (AWS Open Data Registry entry)	CC BY 4.0 for climate; no venue data for this country	partial, seasonality only and nowhere named	high, the answer differs by city and by activity; Tokyo in July suits swimming and defeats running	HIGH_THIN_CONTENT_RISK	low	medium	out_of_window	medium	NEEDS_DATA	no venue data for this country, so the page can only describe seasonality and cannot name anywhere to go	DEMAND_UNMEASURED	0/1980	
C005315	/ja/sport/split-hiking/	sport	sport.city-season	city-activity-seasonality	3190261:hiking	Split hiking		HR		Split	ja	ja-JP							no										none		nasa-power-daily	partial	CC BY 4.0; 'There are no restrictions on the use, access, and/or download of data from the NASA POWER Project' (AWS Open Data Registry entry)	CC BY 4.0 for climate; no venue data for this country	partial, seasonality only and nowhere named	high, the answer differs by city and by activity; Tokyo in July suits swimming and defeats running	HIGH_THIN_CONTENT_RISK	low	medium	out_of_window	medium	NEEDS_DATA	no venue data for this country, so the page can only describe seasonality and cannot name anywhere to go	DEMAND_UNMEASURED	0/1980	
C005316	/nl/sport/split-hiking/	sport	sport.city-season	city-activity-seasonality	3190261:hiking	Split hiking		HR		Split	nl	nl-NL							no										none		nasa-power-daily	partial	CC BY 4.0; 'There are no restrictions on the use, access, and/or download of data from the NASA POWER Project' (AWS Open Data Registry entry)	CC BY 4.0 for climate; no venue data for this country	partial, seasonality only and nowhere named	high, the answer differs by city and by activity; Tokyo in July suits swimming and defeats running	HIGH_THIN_CONTENT_RISK	low	medium	out_of_window	medium	NEEDS_DATA	no venue data for this country, so the page can only describe seasonality and cannot name anywhere to go	DEMAND_UNMEASURED	0/1980	
C005317	/pl/sport/split-hiking/	sport	sport.city-season	city-activity-seasonality	3190261:hiking	Split hiking		HR		Split	pl	pl-PL							no										none		nasa-power-daily	partial	CC BY 4.0; 'There are no restrictions on the use, access, and/or download of data from the NASA POWER Project' (AWS Open Data Registry entry)	CC BY 4.0 for climate; no venue data for this country	partial, seasonality only and nowhere named	high, the answer differs by city and by activity; Tokyo in July suits swimming and defeats running	HIGH_THIN_CONTENT_RISK	low	medium	out_of_window	medium	NEEDS_DATA	no venue data for this country, so the page can only describe seasonality and cannot name anywhere to go	DEMAND_UNMEASURED	0/1980	
C005318	/pt/desporto/split-hiking/	sport	sport.city-season	city-activity-seasonality	3190261:hiking	Split hiking		HR		Split	pt	pt-BR							no										none		nasa-power-daily	partial	CC BY 4.0; 'There are no restrictions on the use, access, and/or download of data from the NASA POWER Project' (AWS Open Data Registry entry)	CC BY 4.0 for climate; no venue data for this country	partial, seasonality only and nowhere named	high, the answer differs by city and by activity; Tokyo in July suits swimming and defeats running	HIGH_THIN_CONTENT_RISK	low	medium	out_of_window	medium	NEEDS_DATA	no venue data for this country, so the page can only describe seasonality and cannot name anywhere to go	DEMAND_UNMEASURED	0/1980	
C005319	/de/sport/split-swimming/	sport	sport.city-season	city-activity-seasonality	3190261:swimming	Split swimming		HR		Split	de	de-DE							no										none		nasa-power-daily	partial	CC BY 4.0; 'There are no restrictions on the use, access, and/or download of data from the NASA POWER Project' (AWS Open Data Registry entry)	CC BY 4.0 for climate; no venue data for this country	partial, seasonality only and nowhere named	high, the answer differs by city and by activity; Tokyo in July suits swimming and defeats running	HIGH_THIN_CONTENT_RISK	low	medium	out_of_window	medium	NEEDS_DATA	no venue data for this country, so the page can only describe seasonality and cannot name anywhere to go	DEMAND_UNMEASURED	0/1980	
C005320	/en/sport/split-swimming/	sport	sport.city-season	city-activity-seasonality	3190261:swimming	Split swimming		HR		Split	en	en-US							no										none		nasa-power-daily	partial	CC BY 4.0; 'There are no restrictions on the use, access, and/or download of data from the NASA POWER Project' (AWS Open Data Registry entry)	CC BY 4.0 for climate; no venue data for this country	partial, seasonality only and nowhere named	high, the answer differs by city and by activity; Tokyo in July suits swimming and defeats running	HIGH_THIN_CONTENT_RISK	low	medium	out_of_window	medium	NEEDS_DATA	no venue data for this country, so the page can only describe seasonality and cannot name anywhere to go	DEMAND_UNMEASURED	0/1980	
C005321	/es/deporte/split-swimming/	sport	sport.city-season	city-activity-seasonality	3190261:swimming	Split swimming		HR		Split	es	es-ES							no										none		nasa-power-daily	partial	CC BY 4.0; 'There are no restrictions on the use, access, and/or download of data from the NASA POWER Project' (AWS Open Data Registry entry)	CC BY 4.0 for climate; no venue data for this country	partial, seasonality only and nowhere named	high, the answer differs by city and by activity; Tokyo in July suits swimming and defeats running	HIGH_THIN_CONTENT_RISK	low	medium	out_of_window	medium	NEEDS_DATA	no venue data for this country, so the page can only describe seasonality and cannot name anywhere to go	DEMAND_UNMEASURED	0/1980	
C005322	/fr/sport/split-swimming/	sport	sport.city-season	city-activity-seasonality	3190261:swimming	Split swimming		HR		Split	fr	fr-FR							no										none		nasa-power-daily	partial	CC BY 4.0; 'There are no restrictions on the use, access, and/or download of data from the NASA POWER Project' (AWS Open Data Registry entry)	CC BY 4.0 for climate; no venue data for this country	partial, seasonality only and nowhere named	high, the answer differs by city and by activity; Tokyo in July suits swimming and defeats running	HIGH_THIN_CONTENT_RISK	low	medium	out_of_window	medium	NEEDS_DATA	no venue data for this country, so the page can only describe seasonality and cannot name anywhere to go	DEMAND_UNMEASURED	0/1980	
C005323	/it/sport/split-swimming/	sport	sport.city-season	city-activity-seasonality	3190261:swimming	Split swimming		HR		Split	it	it-IT							no										none		nasa-power-daily	partial	CC BY 4.0; 'There are no restrictions on the use, access, and/or download of data from the NASA POWER Project' (AWS Open Data Registry entry)	CC BY 4.0 for climate; no venue data for this country	partial, seasonality only and nowhere named	high, the answer differs by city and by activity; Tokyo in July suits swimming and defeats running	HIGH_THIN_CONTENT_RISK	low	medium	out_of_window	medium	NEEDS_DATA	no venue data for this country, so the page can only describe seasonality and cannot name anywhere to go	DEMAND_UNMEASURED	0/1980	
C005324	/ja/sport/split-swimming/	sport	sport.city-season	city-activity-seasonality	3190261:swimming	Split swimming		HR		Split	ja	ja-JP							no										none		nasa-power-daily	partial	CC BY 4.0; 'There are no restrictions on the use, access, and/or download of data from the NASA POWER Project' (AWS Open Data Registry entry)	CC BY 4.0 for climate; no venue data for this country	partial, seasonality only and nowhere named	high, the answer differs by city and by activity; Tokyo in July suits swimming and defeats running	HIGH_THIN_CONTENT_RISK	low	medium	out_of_window	medium	NEEDS_DATA	no venue data for this country, so the page can only describe seasonality and cannot name anywhere to go	DEMAND_UNMEASURED	0/1980	
C005325	/nl/sport/split-swimming/	sport	sport.city-season	city-activity-seasonality	3190261:swimming	Split swimming		HR		Split	nl	nl-NL							no										none		nasa-power-daily	partial	CC BY 4.0; 'There are no restrictions on the use, access, and/or download of data from the NASA POWER Project' (AWS Open Data Registry entry)	CC BY 4.0 for climate; no venue data for this country	partial, seasonality only and nowhere named	high, the answer differs by city and by activity; Tokyo in July suits swimming and defeats running	HIGH_THIN_CONTENT_RISK	low	medium	out_of_window	medium	NEEDS_DATA	no venue data for this country, so the page can only describe seasonality and cannot name anywhere to go	DEMAND_UNMEASURED	0/1980	
C005326	/pl/sport/split-swimming/	sport	sport.city-season	city-activity-seasonality	3190261:swimming	Split swimming		HR		Split	pl	pl-PL							no										none		nasa-power-daily	partial	CC BY 4.0; 'There are no restrictions on the use, access, and/or download of data from the NASA POWER Project' (AWS Open Data Registry entry)	CC BY 4.0 for climate; no venue data for this country	partial, seasonality only and nowhere named	high, the answer differs by city and by activity; Tokyo in July suits swimming and defeats running	HIGH_THIN_CONTENT_RISK	low	medium	out_of_window	medium	NEEDS_DATA	no venue data for this country, so the page can only describe seasonality and cannot name anywhere to go	DEMAND_UNMEASURED	0/1980	
C005327	/pt/desporto/split-swimming/	sport	sport.city-season	city-activity-seasonality	3190261:swimming	Split swimming		HR		Split	pt	pt-BR							no										none		nasa-power-daily	partial	CC BY 4.0; 'There are no restrictions on the use, access, and/or download of data from the NASA POWER Project' (AWS Open Data Registry entry)	CC BY 4.0 for climate; no venue data for this country	partial, seasonality only and nowhere named	high, the answer differs by city and by activity; Tokyo in July suits swimming and defeats running	HIGH_THIN_CONTENT_RISK	low	medium	out_of_window	medium	NEEDS_DATA	no venue data for this country, so the page can only describe seasonality and cannot name anywhere to go	DEMAND_UNMEASURED	0/1980	
C005328	/de/sport/dubrovnik-running/	sport	sport.city-season	city-activity-seasonality	3201047:running	Dubrovnik running		HR		Dubrovnik	de	de-DE							no										none		nasa-power-daily	partial	CC BY 4.0; 'There are no restrictions on the use, access, and/or download of data from the NASA POWER Project' (AWS Open Data Registry entry)	CC BY 4.0 for climate; no venue data for this country	partial, seasonality only and nowhere named	high, the answer differs by city and by activity; Tokyo in July suits swimming and defeats running	HIGH_THIN_CONTENT_RISK	low	medium	out_of_window	medium	NEEDS_DATA	no venue data for this country, so the page can only describe seasonality and cannot name anywhere to go	DEMAND_UNMEASURED	0/1980	
C005329	/en/sport/dubrovnik-running/	sport	sport.city-season	city-activity-seasonality	3201047:running	Dubrovnik running		HR		Dubrovnik	en	en-US							no										none		nasa-power-daily	partial	CC BY 4.0; 'There are no restrictions on the use, access, and/or download of data from the NASA POWER Project' (AWS Open Data Registry entry)	CC BY 4.0 for climate; no venue data for this country	partial, seasonality only and nowhere named	high, the answer differs by city and by activity; Tokyo in July suits swimming and defeats running	HIGH_THIN_CONTENT_RISK	low	medium	out_of_window	medium	NEEDS_DATA	no venue data for this country, so the page can only describe seasonality and cannot name anywhere to go	DEMAND_UNMEASURED	0/1980	
C005330	/es/deporte/dubrovnik-running/	sport	sport.city-season	city-activity-seasonality	3201047:running	Dubrovnik running		HR		Dubrovnik	es	es-ES							no										none		nasa-power-daily	partial	CC BY 4.0; 'There are no restrictions on the use, access, and/or download of data from the NASA POWER Project' (AWS Open Data Registry entry)	CC BY 4.0 for climate; no venue data for this country	partial, seasonality only and nowhere named	high, the answer differs by city and by activity; Tokyo in July suits swimming and defeats running	HIGH_THIN_CONTENT_RISK	low	medium	out_of_window	medium	NEEDS_DATA	no venue data for this country, so the page can only describe seasonality and cannot name anywhere to go	DEMAND_UNMEASURED	0/1980	
C005331	/fr/sport/dubrovnik-running/	sport	sport.city-season	city-activity-seasonality	3201047:running	Dubrovnik running		HR		Dubrovnik	fr	fr-FR							no										none		nasa-power-daily	partial	CC BY 4.0; 'There are no restrictions on the use, access, and/or download of data from the NASA POWER Project' (AWS Open Data Registry entry)	CC BY 4.0 for climate; no venue data for this country	partial, seasonality only and nowhere named	high, the answer differs by city and by activity; Tokyo in July suits swimming and defeats running	HIGH_THIN_CONTENT_RISK	low	medium	out_of_window	medium	NEEDS_DATA	no venue data for this country, so the page can only describe seasonality and cannot name anywhere to go	DEMAND_UNMEASURED	0/1980	
C005332	/it/sport/dubrovnik-running/	sport	sport.city-season	city-activity-seasonality	3201047:running	Dubrovnik running		HR		Dubrovnik	it	it-IT							no										none		nasa-power-daily	partial	CC BY 4.0; 'There are no restrictions on the use, access, and/or download of data from the NASA POWER Project' (AWS Open Data Registry entry)	CC BY 4.0 for climate; no venue data for this country	partial, seasonality only and nowhere named	high, the answer differs by city and by activity; Tokyo in July suits swimming and defeats running	HIGH_THIN_CONTENT_RISK	low	medium	out_of_window	medium	NEEDS_DATA	no venue data for this country, so the page can only describe seasonality and cannot name anywhere to go	DEMAND_UNMEASURED	0/1980	
C005333	/ja/sport/dubrovnik-running/	sport	sport.city-season	city-activity-seasonality	3201047:running	Dubrovnik running		HR		Dubrovnik	ja	ja-JP							no										none		nasa-power-daily	partial	CC BY 4.0; 'There are no restrictions on the use, access, and/or download of data from the NASA POWER Project' (AWS Open Data Registry entry)	CC BY 4.0 for climate; no venue data for this country	partial, seasonality only and nowhere named	high, the answer differs by city and by activity; Tokyo in July suits swimming and defeats running	HIGH_THIN_CONTENT_RISK	low	medium	out_of_window	medium	NEEDS_DATA	no venue data for this country, so the page can only describe seasonality and cannot name anywhere to go	DEMAND_UNMEASURED	0/1980	
C005334	/nl/sport/dubrovnik-running/	sport	sport.city-season	city-activity-seasonality	3201047:running	Dubrovnik running		HR		Dubrovnik	nl	nl-NL							no										none		nasa-power-daily	partial	CC BY 4.0; 'There are no restrictions on the use, access, and/or download of data from the NASA POWER Project' (AWS Open Data Registry entry)	CC BY 4.0 for climate; no venue data for this country	partial, seasonality only and nowhere named	high, the answer differs by city and by activity; Tokyo in July suits swimming and defeats running	HIGH_THIN_CONTENT_RISK	low	medium	out_of_window	medium	NEEDS_DATA	no venue data for this country, so the page can only describe seasonality and cannot name anywhere to go	DEMAND_UNMEASURED	0/1980	
C005335	/pl/sport/dubrovnik-running/	sport	sport.city-season	city-activity-seasonality	3201047:running	Dubrovnik running		HR		Dubrovnik	pl	pl-PL							no										none		nasa-power-daily	partial	CC BY 4.0; 'There are no restrictions on the use, access, and/or download of data from the NASA POWER Project' (AWS Open Data Registry entry)	CC BY 4.0 for climate; no venue data for this country	partial, seasonality only and nowhere named	high, the answer differs by city and by activity; Tokyo in July suits swimming and defeats running	HIGH_THIN_CONTENT_RISK	low	medium	out_of_window	medium	NEEDS_DATA	no venue data for this country, so the page can only describe seasonality and cannot name anywhere to go	DEMAND_UNMEASURED	0/1980	
C005336	/pt/desporto/dubrovnik-running/	sport	sport.city-season	city-activity-seasonality	3201047:running	Dubrovnik running		HR		Dubrovnik	pt	pt-BR							no										none		nasa-power-daily	partial	CC BY 4.0; 'There are no restrictions on the use, access, and/or download of data from the NASA POWER Project' (AWS Open Data Registry entry)	CC BY 4.0 for climate; no venue data for this country	partial, seasonality only and nowhere named	high, the answer differs by city and by activity; Tokyo in July suits swimming and defeats running	HIGH_THIN_CONTENT_RISK	low	medium	out_of_window	medium	NEEDS_DATA	no venue data for this country, so the page can only describe seasonality and cannot name anywhere to go	DEMAND_UNMEASURED	0/1980	
C005337	/de/sport/dubrovnik-cycling/	sport	sport.city-season	city-activity-seasonality	3201047:cycling	Dubrovnik cycling		HR		Dubrovnik	de	de-DE							no										none		nasa-power-daily	partial	CC BY 4.0; 'There are no restrictions on the use, access, and/or download of data from the NASA POWER Project' (AWS Open Data Registry entry)	CC BY 4.0 for climate; no venue data for this country	partial, seasonality only and nowhere named	high, the answer differs by city and by activity; Tokyo in July suits swimming and defeats running	HIGH_THIN_CONTENT_RISK	low	medium	out_of_window	medium	NEEDS_DATA	no venue data for this country, so the page can only describe seasonality and cannot name anywhere to go	DEMAND_UNMEASURED	0/1980	
C005338	/en/sport/dubrovnik-cycling/	sport	sport.city-season	city-activity-seasonality	3201047:cycling	Dubrovnik cycling		HR		Dubrovnik	en	en-US							no										none		nasa-power-daily	partial	CC BY 4.0; 'There are no restrictions on the use, access, and/or download of data from the NASA POWER Project' (AWS Open Data Registry entry)	CC BY 4.0 for climate; no venue data for this country	partial, seasonality only and nowhere named	high, the answer differs by city and by activity; Tokyo in July suits swimming and defeats running	HIGH_THIN_CONTENT_RISK	low	medium	out_of_window	medium	NEEDS_DATA	no venue data for this country, so the page can only describe seasonality and cannot name anywhere to go	DEMAND_UNMEASURED	0/1980	
C005339	/es/deporte/dubrovnik-cycling/	sport	sport.city-season	city-activity-seasonality	3201047:cycling	Dubrovnik cycling		HR		Dubrovnik	es	es-ES							no										none		nasa-power-daily	partial	CC BY 4.0; 'There are no restrictions on the use, access, and/or download of data from the NASA POWER Project' (AWS Open Data Registry entry)	CC BY 4.0 for climate; no venue data for this country	partial, seasonality only and nowhere named	high, the answer differs by city and by activity; Tokyo in July suits swimming and defeats running	HIGH_THIN_CONTENT_RISK	low	medium	out_of_window	medium	NEEDS_DATA	no venue data for this country, so the page can only describe seasonality and cannot name anywhere to go	DEMAND_UNMEASURED	0/1980	
C005340	/fr/sport/dubrovnik-cycling/	sport	sport.city-season	city-activity-seasonality	3201047:cycling	Dubrovnik cycling		HR		Dubrovnik	fr	fr-FR							no										none		nasa-power-daily	partial	CC BY 4.0; 'There are no restrictions on the use, access, and/or download of data from the NASA POWER Project' (AWS Open Data Registry entry)	CC BY 4.0 for climate; no venue data for this country	partial, seasonality only and nowhere named	high, the answer differs by city and by activity; Tokyo in July suits swimming and defeats running	HIGH_THIN_CONTENT_RISK	low	medium	out_of_window	medium	NEEDS_DATA	no venue data for this country, so the page can only describe seasonality and cannot name anywhere to go	DEMAND_UNMEASURED	0/1980	
C005341	/it/sport/dubrovnik-cycling/	sport	sport.city-season	city-activity-seasonality	3201047:cycling	Dubrovnik cycling		HR		Dubrovnik	it	it-IT							no										none		nasa-power-daily	partial	CC BY 4.0; 'There are no restrictions on the use, access, and/or download of data from the NASA POWER Project' (AWS Open Data Registry entry)	CC BY 4.0 for climate; no venue data for this country	partial, seasonality only and nowhere named	high, the answer differs by city and by activity; Tokyo in July suits swimming and defeats running	HIGH_THIN_CONTENT_RISK	low	medium	out_of_window	medium	NEEDS_DATA	no venue data for this country, so the page can only describe seasonality and cannot name anywhere to go	DEMAND_UNMEASURED	0/1980	
C005342	/ja/sport/dubrovnik-cycling/	sport	sport.city-season	city-activity-seasonality	3201047:cycling	Dubrovnik cycling		HR		Dubrovnik	ja	ja-JP							no										none		nasa-power-daily	partial	CC BY 4.0; 'There are no restrictions on the use, access, and/or download of data from the NASA POWER Project' (AWS Open Data Registry entry)	CC BY 4.0 for climate; no venue data for this country	partial, seasonality only and nowhere named	high, the answer differs by city and by activity; Tokyo in July suits swimming and defeats running	HIGH_THIN_CONTENT_RISK	low	medium	out_of_window	medium	NEEDS_DATA	no venue data for this country, so the page can only describe seasonality and cannot name anywhere to go	DEMAND_UNMEASURED	0/1980	
C005343	/nl/sport/dubrovnik-cycling/	sport	sport.city-season	city-activity-seasonality	3201047:cycling	Dubrovnik cycling		HR		Dubrovnik	nl	nl-NL							no										none		nasa-power-daily	partial	CC BY 4.0; 'There are no restrictions on the use, access, and/or download of data from the NASA POWER Project' (AWS Open Data Registry entry)	CC BY 4.0 for climate; no venue data for this country	partial, seasonality only and nowhere named	high, the answer differs by city and by activity; Tokyo in July suits swimming and defeats running	HIGH_THIN_CONTENT_RISK	low	medium	out_of_window	medium	NEEDS_DATA	no venue data for this country, so the page can only describe seasonality and cannot name anywhere to go	DEMAND_UNMEASURED	0/1980	
C005344	/pl/sport/dubrovnik-cycling/	sport	sport.city-season	city-activity-seasonality	3201047:cycling	Dubrovnik cycling		HR		Dubrovnik	pl	pl-PL							no										none		nasa-power-daily	partial	CC BY 4.0; 'There are no restrictions on the use, access, and/or download of data from the NASA POWER Project' (AWS Open Data Registry entry)	CC BY 4.0 for climate; no venue data for this country	partial, seasonality only and nowhere named	high, the answer differs by city and by activity; Tokyo in July suits swimming and defeats running	HIGH_THIN_CONTENT_RISK	low	medium	out_of_window	medium	NEEDS_DATA	no venue data for this country, so the page can only describe seasonality and cannot name anywhere to go	DEMAND_UNMEASURED	0/1980	
C005345	/pt/desporto/dubrovnik-cycling/	sport	sport.city-season	city-activity-seasonality	3201047:cycling	Dubrovnik cycling		HR		Dubrovnik	pt	pt-BR							no										none		nasa-power-daily	partial	CC BY 4.0; 'There are no restrictions on the use, access, and/or download of data from the NASA POWER Project' (AWS Open Data Registry entry)	CC BY 4.0 for climate; no venue data for this country	partial, seasonality only and nowhere named	high, the answer differs by city and by activity; Tokyo in July suits swimming and defeats running	HIGH_THIN_CONTENT_RISK	low	medium	out_of_window	medium	NEEDS_DATA	no venue data for this country, so the page can only describe seasonality and cannot name anywhere to go	DEMAND_UNMEASURED	0/1980	
C005346	/de/sport/dubrovnik-hiking/	sport	sport.city-season	city-activity-seasonality	3201047:hiking	Dubrovnik hiking		HR		Dubrovnik	de	de-DE							no										none		nasa-power-daily	partial	CC BY 4.0; 'There are no restrictions on the use, access, and/or download of data from the NASA POWER Project' (AWS Open Data Registry entry)	CC BY 4.0 for climate; no venue data for this country	partial, seasonality only and nowhere named	high, the answer differs by city and by activity; Tokyo in July suits swimming and defeats running	HIGH_THIN_CONTENT_RISK	low	medium	out_of_window	medium	NEEDS_DATA	no venue data for this country, so the page can only describe seasonality and cannot name anywhere to go	DEMAND_UNMEASURED	0/1980	
C005347	/en/sport/dubrovnik-hiking/	sport	sport.city-season	city-activity-seasonality	3201047:hiking	Dubrovnik hiking		HR		Dubrovnik	en	en-US							no										none		nasa-power-daily	partial	CC BY 4.0; 'There are no restrictions on the use, access, and/or download of data from the NASA POWER Project' (AWS Open Data Registry entry)	CC BY 4.0 for climate; no venue data for this country	partial, seasonality only and nowhere named	high, the answer differs by city and by activity; Tokyo in July suits swimming and defeats running	HIGH_THIN_CONTENT_RISK	low	medium	out_of_window	medium	NEEDS_DATA	no venue data for this country, so the page can only describe seasonality and cannot name anywhere to go	DEMAND_UNMEASURED	0/1980	
C005348	/es/deporte/dubrovnik-hiking/	sport	sport.city-season	city-activity-seasonality	3201047:hiking	Dubrovnik hiking		HR		Dubrovnik	es	es-ES							no										none		nasa-power-daily	partial	CC BY 4.0; 'There are no restrictions on the use, access, and/or download of data from the NASA POWER Project' (AWS Open Data Registry entry)	CC BY 4.0 for climate; no venue data for this country	partial, seasonality only and nowhere named	high, the answer differs by city and by activity; Tokyo in July suits swimming and defeats running	HIGH_THIN_CONTENT_RISK	low	medium	out_of_window	medium	NEEDS_DATA	no venue data for this country, so the page can only describe seasonality and cannot name anywhere to go	DEMAND_UNMEASURED	0/1980	
C005349	/fr/sport/dubrovnik-hiking/	sport	sport.city-season	city-activity-seasonality	3201047:hiking	Dubrovnik hiking		HR		Dubrovnik	fr	fr-FR							no										none		nasa-power-daily	partial	CC BY 4.0; 'There are no restrictions on the use, access, and/or download of data from the NASA POWER Project' (AWS Open Data Registry entry)	CC BY 4.0 for climate; no venue data for this country	partial, seasonality only and nowhere named	high, the answer differs by city and by activity; Tokyo in July suits swimming and defeats running	HIGH_THIN_CONTENT_RISK	low	medium	out_of_window	medium	NEEDS_DATA	no venue data for this country, so the page can only describe seasonality and cannot name anywhere to go	DEMAND_UNMEASURED	0/1980	
C005350	/it/sport/dubrovnik-hiking/	sport	sport.city-season	city-activity-seasonality	3201047:hiking	Dubrovnik hiking		HR		Dubrovnik	it	it-IT							no										none		nasa-power-daily	partial	CC BY 4.0; 'There are no restrictions on the use, access, and/or download of data from the NASA POWER Project' (AWS Open Data Registry entry)	CC BY 4.0 for climate; no venue data for this country	partial, seasonality only and nowhere named	high, the answer differs by city and by activity; Tokyo in July suits swimming and defeats running	HIGH_THIN_CONTENT_RISK	low	medium	out_of_window	medium	NEEDS_DATA	no venue data for this country, so the page can only describe seasonality and cannot name anywhere to go	DEMAND_UNMEASURED	0/1980	
C005351	/ja/sport/dubrovnik-hiking/	sport	sport.city-season	city-activity-seasonality	3201047:hiking	Dubrovnik hiking		HR		Dubrovnik	ja	ja-JP							no										none		nasa-power-daily	partial	CC BY 4.0; 'There are no restrictions on the use, access, and/or download of data from the NASA POWER Project' (AWS Open Data Registry entry)	CC BY 4.0 for climate; no venue data for this country	partial, seasonality only and nowhere named	high, the answer differs by city and by activity; Tokyo in July suits swimming and defeats running	HIGH_THIN_CONTENT_RISK	low	medium	out_of_window	medium	NEEDS_DATA	no venue data for this country, so the page can only describe seasonality and cannot name anywhere to go	DEMAND_UNMEASURED	0/1980	
C005352	/nl/sport/dubrovnik-hiking/	sport	sport.city-season	city-activity-seasonality	3201047:hiking	Dubrovnik hiking		HR		Dubrovnik	nl	nl-NL							no										none		nasa-power-daily	partial	CC BY 4.0; 'There are no restrictions on the use, access, and/or download of data from the NASA POWER Project' (AWS Open Data Registry entry)	CC BY 4.0 for climate; no venue data for this country	partial, seasonality only and nowhere named	high, the answer differs by city and by activity; Tokyo in July suits swimming and defeats running	HIGH_THIN_CONTENT_RISK	low	medium	out_of_window	medium	NEEDS_DATA	no venue data for this country, so the page can only describe seasonality and cannot name anywhere to go	DEMAND_UNMEASURED	0/1980	
C005353	/pl/sport/dubrovnik-hiking/	sport	sport.city-season	city-activity-seasonality	3201047:hiking	Dubrovnik hiking		HR		Dubrovnik	pl	pl-PL							no										none		nasa-power-daily	partial	CC BY 4.0; 'There are no restrictions on the use, access, and/or download of data from the NASA POWER Project' (AWS Open Data Registry entry)	CC BY 4.0 for climate; no venue data for this country	partial, seasonality only and nowhere named	high, the answer differs by city and by activity; Tokyo in July suits swimming and defeats running	HIGH_THIN_CONTENT_RISK	low	medium	out_of_window	medium	NEEDS_DATA	no venue data for this country, so the page can only describe seasonality and cannot name anywhere to go	DEMAND_UNMEASURED	0/1980	
C005354	/pt/desporto/dubrovnik-hiking/	sport	sport.city-season	city-activity-seasonality	3201047:hiking	Dubrovnik hiking		HR		Dubrovnik	pt	pt-BR							no										none		nasa-power-daily	partial	CC BY 4.0; 'There are no restrictions on the use, access, and/or download of data from the NASA POWER Project' (AWS Open Data Registry entry)	CC BY 4.0 for climate; no venue data for this country	partial, seasonality only and nowhere named	high, the answer differs by city and by activity; Tokyo in July suits swimming and defeats running	HIGH_THIN_CONTENT_RISK	low	medium	out_of_window	medium	NEEDS_DATA	no venue data for this country, so the page can only describe seasonality and cannot name anywhere to go	DEMAND_UNMEASURED	0/1980	
C005355	/de/sport/dubrovnik-swimming/	sport	sport.city-season	city-activity-seasonality	3201047:swimming	Dubrovnik swimming		HR		Dubrovnik	de	de-DE							no										none		nasa-power-daily	partial	CC BY 4.0; 'There are no restrictions on the use, access, and/or download of data from the NASA POWER Project' (AWS Open Data Registry entry)	CC BY 4.0 for climate; no venue data for this country	partial, seasonality only and nowhere named	high, the answer differs by city and by activity; Tokyo in July suits swimming and defeats running	HIGH_THIN_CONTENT_RISK	low	medium	out_of_window	medium	NEEDS_DATA	no venue data for this country, so the page can only describe seasonality and cannot name anywhere to go	DEMAND_UNMEASURED	0/1980	
C005356	/en/sport/dubrovnik-swimming/	sport	sport.city-season	city-activity-seasonality	3201047:swimming	Dubrovnik swimming		HR		Dubrovnik	en	en-US							no										none		nasa-power-daily	partial	CC BY 4.0; 'There are no restrictions on the use, access, and/or download of data from the NASA POWER Project' (AWS Open Data Registry entry)	CC BY 4.0 for climate; no venue data for this country	partial, seasonality only and nowhere named	high, the answer differs by city and by activity; Tokyo in July suits swimming and defeats running	HIGH_THIN_CONTENT_RISK	low	medium	out_of_window	medium	NEEDS_DATA	no venue data for this country, so the page can only describe seasonality and cannot name anywhere to go	DEMAND_UNMEASURED	0/1980	
C005357	/es/deporte/dubrovnik-swimming/	sport	sport.city-season	city-activity-seasonality	3201047:swimming	Dubrovnik swimming		HR		Dubrovnik	es	es-ES							no										none		nasa-power-daily	partial	CC BY 4.0; 'There are no restrictions on the use, access, and/or download of data from the NASA POWER Project' (AWS Open Data Registry entry)	CC BY 4.0 for climate; no venue data for this country	partial, seasonality only and nowhere named	high, the answer differs by city and by activity; Tokyo in July suits swimming and defeats running	HIGH_THIN_CONTENT_RISK	low	medium	out_of_window	medium	NEEDS_DATA	no venue data for this country, so the page can only describe seasonality and cannot name anywhere to go	DEMAND_UNMEASURED	0/1980	
C005358	/fr/sport/dubrovnik-swimming/	sport	sport.city-season	city-activity-seasonality	3201047:swimming	Dubrovnik swimming		HR		Dubrovnik	fr	fr-FR							no										none		nasa-power-daily	partial	CC BY 4.0; 'There are no restrictions on the use, access, and/or download of data from the NASA POWER Project' (AWS Open Data Registry entry)	CC BY 4.0 for climate; no venue data for this country	partial, seasonality only and nowhere named	high, the answer differs by city and by activity; Tokyo in July suits swimming and defeats running	HIGH_THIN_CONTENT_RISK	low	medium	out_of_window	medium	NEEDS_DATA	no venue data for this country, so the page can only describe seasonality and cannot name anywhere to go	DEMAND_UNMEASURED	0/1980	
C005359	/it/sport/dubrovnik-swimming/	sport	sport.city-season	city-activity-seasonality	3201047:swimming	Dubrovnik swimming		HR		Dubrovnik	it	it-IT							no										none		nasa-power-daily	partial	CC BY 4.0; 'There are no restrictions on the use, access, and/or download of data from the NASA POWER Project' (AWS Open Data Registry entry)	CC BY 4.0 for climate; no venue data for this country	partial, seasonality only and nowhere named	high, the answer differs by city and by activity; Tokyo in July suits swimming and defeats running	HIGH_THIN_CONTENT_RISK	low	medium	out_of_window	medium	NEEDS_DATA	no venue data for this country, so the page can only describe seasonality and cannot name anywhere to go	DEMAND_UNMEASURED	0/1980	
C005360	/ja/sport/dubrovnik-swimming/	sport	sport.city-season	city-activity-seasonality	3201047:swimming	Dubrovnik swimming		HR		Dubrovnik	ja	ja-JP							no										none		nasa-power-daily	partial	CC BY 4.0; 'There are no restrictions on the use, access, and/or download of data from the NASA POWER Project' (AWS Open Data Registry entry)	CC BY 4.0 for climate; no venue data for this country	partial, seasonality only and nowhere named	high, the answer differs by city and by activity; Tokyo in July suits swimming and defeats running	HIGH_THIN_CONTENT_RISK	low	medium	out_of_window	medium	NEEDS_DATA	no venue data for this country, so the page can only describe seasonality and cannot name anywhere to go	DEMAND_UNMEASURED	0/1980	
C005361	/nl/sport/dubrovnik-swimming/	sport	sport.city-season	city-activity-seasonality	3201047:swimming	Dubrovnik swimming		HR		Dubrovnik	nl	nl-NL							no										none		nasa-power-daily	partial	CC BY 4.0; 'There are no restrictions on the use, access, and/or download of data from the NASA POWER Project' (AWS Open Data Registry entry)	CC BY 4.0 for climate; no venue data for this country	partial, seasonality only and nowhere named	high, the answer differs by city and by activity; Tokyo in July suits swimming and defeats running	HIGH_THIN_CONTENT_RISK	low	medium	out_of_window	medium	NEEDS_DATA	no venue data for this country, so the page can only describe seasonality and cannot name anywhere to go	DEMAND_UNMEASURED	0/1980	
C005362	/pl/sport/dubrovnik-swimming/	sport	sport.city-season	city-activity-seasonality	3201047:swimming	Dubrovnik swimming		HR		Dubrovnik	pl	pl-PL							no										none		nasa-power-daily	partial	CC BY 4.0; 'There are no restrictions on the use, access, and/or download of data from the NASA POWER Project' (AWS Open Data Registry entry)	CC BY 4.0 for climate; no venue data for this country	partial, seasonality only and nowhere named	high, the answer differs by city and by activity; Tokyo in July suits swimming and defeats running	HIGH_THIN_CONTENT_RISK	low	medium	out_of_window	medium	NEEDS_DATA	no venue data for this country, so the page can only describe seasonality and cannot name anywhere to go	DEMAND_UNMEASURED	0/1980	
C005363	/pt/desporto/dubrovnik-swimming/	sport	sport.city-season	city-activity-seasonality	3201047:swimming	Dubrovnik swimming		HR		Dubrovnik	pt	pt-BR							no										none		nasa-power-daily	partial	CC BY 4.0; 'There are no restrictions on the use, access, and/or download of data from the NASA POWER Project' (AWS Open Data Registry entry)	CC BY 4.0 for climate; no venue data for this country	partial, seasonality only and nowhere named	high, the answer differs by city and by activity; Tokyo in July suits swimming and defeats running	HIGH_THIN_CONTENT_RISK	low	medium	out_of_window	medium	NEEDS_DATA	no venue data for this country, so the page can only describe seasonality and cannot name anywhere to go	DEMAND_UNMEASURED	0/1980	
C005364	/de/sport/reykjavik-running/	sport	sport.city-season	city-activity-seasonality	3413829:running	Reykjavík running		IS		Reykjavík	de	de-DE							no										none		nasa-power-daily	partial	CC BY 4.0; 'There are no restrictions on the use, access, and/or download of data from the NASA POWER Project' (AWS Open Data Registry entry)	CC BY 4.0 for climate; no venue data for this country	partial, seasonality only and nowhere named	high, the answer differs by city and by activity; Tokyo in July suits swimming and defeats running	HIGH_THIN_CONTENT_RISK	low	medium	out_of_window	medium	NEEDS_DATA	no venue data for this country, so the page can only describe seasonality and cannot name anywhere to go	DEMAND_UNMEASURED	0/1980	
C005365	/en/sport/reykjavik-running/	sport	sport.city-season	city-activity-seasonality	3413829:running	Reykjavík running		IS		Reykjavík	en	en-US							no										none		nasa-power-daily	partial	CC BY 4.0; 'There are no restrictions on the use, access, and/or download of data from the NASA POWER Project' (AWS Open Data Registry entry)	CC BY 4.0 for climate; no venue data for this country	partial, seasonality only and nowhere named	high, the answer differs by city and by activity; Tokyo in July suits swimming and defeats running	HIGH_THIN_CONTENT_RISK	low	medium	out_of_window	medium	NEEDS_DATA	no venue data for this country, so the page can only describe seasonality and cannot name anywhere to go	DEMAND_UNMEASURED	0/1980	
C005366	/es/deporte/reykjavik-running/	sport	sport.city-season	city-activity-seasonality	3413829:running	Reykjavík running		IS		Reykjavík	es	es-ES							no										none		nasa-power-daily	partial	CC BY 4.0; 'There are no restrictions on the use, access, and/or download of data from the NASA POWER Project' (AWS Open Data Registry entry)	CC BY 4.0 for climate; no venue data for this country	partial, seasonality only and nowhere named	high, the answer differs by city and by activity; Tokyo in July suits swimming and defeats running	HIGH_THIN_CONTENT_RISK	low	medium	out_of_window	medium	NEEDS_DATA	no venue data for this country, so the page can only describe seasonality and cannot name anywhere to go	DEMAND_UNMEASURED	0/1980	
C005367	/fr/sport/reykjavik-running/	sport	sport.city-season	city-activity-seasonality	3413829:running	Reykjavík running		IS		Reykjavík	fr	fr-FR							no										none		nasa-power-daily	partial	CC BY 4.0; 'There are no restrictions on the use, access, and/or download of data from the NASA POWER Project' (AWS Open Data Registry entry)	CC BY 4.0 for climate; no venue data for this country	partial, seasonality only and nowhere named	high, the answer differs by city and by activity; Tokyo in July suits swimming and defeats running	HIGH_THIN_CONTENT_RISK	low	medium	out_of_window	medium	NEEDS_DATA	no venue data for this country, so the page can only describe seasonality and cannot name anywhere to go	DEMAND_UNMEASURED	0/1980	
C005368	/it/sport/reykjavik-running/	sport	sport.city-season	city-activity-seasonality	3413829:running	Reykjavík running		IS		Reykjavík	it	it-IT							no										none		nasa-power-daily	partial	CC BY 4.0; 'There are no restrictions on the use, access, and/or download of data from the NASA POWER Project' (AWS Open Data Registry entry)	CC BY 4.0 for climate; no venue data for this country	partial, seasonality only and nowhere named	high, the answer differs by city and by activity; Tokyo in July suits swimming and defeats running	HIGH_THIN_CONTENT_RISK	low	medium	out_of_window	medium	NEEDS_DATA	no venue data for this country, so the page can only describe seasonality and cannot name anywhere to go	DEMAND_UNMEASURED	0/1980	
C005369	/ja/sport/reykjavik-running/	sport	sport.city-season	city-activity-seasonality	3413829:running	Reykjavík running		IS		Reykjavík	ja	ja-JP							no										none		nasa-power-daily	partial	CC BY 4.0; 'There are no restrictions on the use, access, and/or download of data from the NASA POWER Project' (AWS Open Data Registry entry)	CC BY 4.0 for climate; no venue data for this country	partial, seasonality only and nowhere named	high, the answer differs by city and by activity; Tokyo in July suits swimming and defeats running	HIGH_THIN_CONTENT_RISK	low	medium	out_of_window	medium	NEEDS_DATA	no venue data for this country, so the page can only describe seasonality and cannot name anywhere to go	DEMAND_UNMEASURED	0/1980	
C005370	/nl/sport/reykjavik-running/	sport	sport.city-season	city-activity-seasonality	3413829:running	Reykjavík running		IS		Reykjavík	nl	nl-NL							no										none		nasa-power-daily	partial	CC BY 4.0; 'There are no restrictions on the use, access, and/or download of data from the NASA POWER Project' (AWS Open Data Registry entry)	CC BY 4.0 for climate; no venue data for this country	partial, seasonality only and nowhere named	high, the answer differs by city and by activity; Tokyo in July suits swimming and defeats running	HIGH_THIN_CONTENT_RISK	low	medium	out_of_window	medium	NEEDS_DATA	no venue data for this country, so the page can only describe seasonality and cannot name anywhere to go	DEMAND_UNMEASURED	0/1980	
C005371	/pl/sport/reykjavik-running/	sport	sport.city-season	city-activity-seasonality	3413829:running	Reykjavík running		IS		Reykjavík	pl	pl-PL							no										none		nasa-power-daily	partial	CC BY 4.0; 'There are no restrictions on the use, access, and/or download of data from the NASA POWER Project' (AWS Open Data Registry entry)	CC BY 4.0 for climate; no venue data for this country	partial, seasonality only and nowhere named	high, the answer differs by city and by activity; Tokyo in July suits swimming and defeats running	HIGH_THIN_CONTENT_RISK	low	medium	out_of_window	medium	NEEDS_DATA	no venue data for this country, so the page can only describe seasonality and cannot name anywhere to go	DEMAND_UNMEASURED	0/1980	
C005372	/pt/desporto/reykjavik-running/	sport	sport.city-season	city-activity-seasonality	3413829:running	Reykjavík running		IS		Reykjavík	pt	pt-BR							no										none		nasa-power-daily	partial	CC BY 4.0; 'There are no restrictions on the use, access, and/or download of data from the NASA POWER Project' (AWS Open Data Registry entry)	CC BY 4.0 for climate; no venue data for this country	partial, seasonality only and nowhere named	high, the answer differs by city and by activity; Tokyo in July suits swimming and defeats running	HIGH_THIN_CONTENT_RISK	low	medium	out_of_window	medium	NEEDS_DATA	no venue data for this country, so the page can only describe seasonality and cannot name anywhere to go	DEMAND_UNMEASURED	0/1980	
C005373	/de/sport/reykjavik-cycling/	sport	sport.city-season	city-activity-seasonality	3413829:cycling	Reykjavík cycling		IS		Reykjavík	de	de-DE							no										none		nasa-power-daily	partial	CC BY 4.0; 'There are no restrictions on the use, access, and/or download of data from the NASA POWER Project' (AWS Open Data Registry entry)	CC BY 4.0 for climate; no venue data for this country	partial, seasonality only and nowhere named	high, the answer differs by city and by activity; Tokyo in July suits swimming and defeats running	HIGH_THIN_CONTENT_RISK	low	medium	out_of_window	medium	NEEDS_DATA	no venue data for this country, so the page can only describe seasonality and cannot name anywhere to go	DEMAND_UNMEASURED	0/1980	
C005374	/en/sport/reykjavik-cycling/	sport	sport.city-season	city-activity-seasonality	3413829:cycling	Reykjavík cycling		IS		Reykjavík	en	en-US							no										none		nasa-power-daily	partial	CC BY 4.0; 'There are no restrictions on the use, access, and/or download of data from the NASA POWER Project' (AWS Open Data Registry entry)	CC BY 4.0 for climate; no venue data for this country	partial, seasonality only and nowhere named	high, the answer differs by city and by activity; Tokyo in July suits swimming and defeats running	HIGH_THIN_CONTENT_RISK	low	medium	out_of_window	medium	NEEDS_DATA	no venue data for this country, so the page can only describe seasonality and cannot name anywhere to go	DEMAND_UNMEASURED	0/1980	
C005375	/es/deporte/reykjavik-cycling/	sport	sport.city-season	city-activity-seasonality	3413829:cycling	Reykjavík cycling		IS		Reykjavík	es	es-ES							no										none		nasa-power-daily	partial	CC BY 4.0; 'There are no restrictions on the use, access, and/or download of data from the NASA POWER Project' (AWS Open Data Registry entry)	CC BY 4.0 for climate; no venue data for this country	partial, seasonality only and nowhere named	high, the answer differs by city and by activity; Tokyo in July suits swimming and defeats running	HIGH_THIN_CONTENT_RISK	low	medium	out_of_window	medium	NEEDS_DATA	no venue data for this country, so the page can only describe seasonality and cannot name anywhere to go	DEMAND_UNMEASURED	0/1980	
C005376	/fr/sport/reykjavik-cycling/	sport	sport.city-season	city-activity-seasonality	3413829:cycling	Reykjavík cycling		IS		Reykjavík	fr	fr-FR							no										none		nasa-power-daily	partial	CC BY 4.0; 'There are no restrictions on the use, access, and/or download of data from the NASA POWER Project' (AWS Open Data Registry entry)	CC BY 4.0 for climate; no venue data for this country	partial, seasonality only and nowhere named	high, the answer differs by city and by activity; Tokyo in July suits swimming and defeats running	HIGH_THIN_CONTENT_RISK	low	medium	out_of_window	medium	NEEDS_DATA	no venue data for this country, so the page can only describe seasonality and cannot name anywhere to go	DEMAND_UNMEASURED	0/1980	
C005377	/it/sport/reykjavik-cycling/	sport	sport.city-season	city-activity-seasonality	3413829:cycling	Reykjavík cycling		IS		Reykjavík	it	it-IT							no										none		nasa-power-daily	partial	CC BY 4.0; 'There are no restrictions on the use, access, and/or download of data from the NASA POWER Project' (AWS Open Data Registry entry)	CC BY 4.0 for climate; no venue data for this country	partial, seasonality only and nowhere named	high, the answer differs by city and by activity; Tokyo in July suits swimming and defeats running	HIGH_THIN_CONTENT_RISK	low	medium	out_of_window	medium	NEEDS_DATA	no venue data for this country, so the page can only describe seasonality and cannot name anywhere to go	DEMAND_UNMEASURED	0/1980	
C005378	/ja/sport/reykjavik-cycling/	sport	sport.city-season	city-activity-seasonality	3413829:cycling	Reykjavík cycling		IS		Reykjavík	ja	ja-JP							no										none		nasa-power-daily	partial	CC BY 4.0; 'There are no restrictions on the use, access, and/or download of data from the NASA POWER Project' (AWS Open Data Registry entry)	CC BY 4.0 for climate; no venue data for this country	partial, seasonality only and nowhere named	high, the answer differs by city and by activity; Tokyo in July suits swimming and defeats running	HIGH_THIN_CONTENT_RISK	low	medium	out_of_window	medium	NEEDS_DATA	no venue data for this country, so the page can only describe seasonality and cannot name anywhere to go	DEMAND_UNMEASURED	0/1980	
C005379	/nl/sport/reykjavik-cycling/	sport	sport.city-season	city-activity-seasonality	3413829:cycling	Reykjavík cycling		IS		Reykjavík	nl	nl-NL							no										none		nasa-power-daily	partial	CC BY 4.0; 'There are no restrictions on the use, access, and/or download of data from the NASA POWER Project' (AWS Open Data Registry entry)	CC BY 4.0 for climate; no venue data for this country	partial, seasonality only and nowhere named	high, the answer differs by city and by activity; Tokyo in July suits swimming and defeats running	HIGH_THIN_CONTENT_RISK	low	medium	out_of_window	medium	NEEDS_DATA	no venue data for this country, so the page can only describe seasonality and cannot name anywhere to go	DEMAND_UNMEASURED	0/1980	
C005380	/pl/sport/reykjavik-cycling/	sport	sport.city-season	city-activity-seasonality	3413829:cycling	Reykjavík cycling		IS		Reykjavík	pl	pl-PL							no										none		nasa-power-daily	partial	CC BY 4.0; 'There are no restrictions on the use, access, and/or download of data from the NASA POWER Project' (AWS Open Data Registry entry)	CC BY 4.0 for climate; no venue data for this country	partial, seasonality only and nowhere named	high, the answer differs by city and by activity; Tokyo in July suits swimming and defeats running	HIGH_THIN_CONTENT_RISK	low	medium	out_of_window	medium	NEEDS_DATA	no venue data for this country, so the page can only describe seasonality and cannot name anywhere to go	DEMAND_UNMEASURED	0/1980	
C005381	/pt/desporto/reykjavik-cycling/	sport	sport.city-season	city-activity-seasonality	3413829:cycling	Reykjavík cycling		IS		Reykjavík	pt	pt-BR							no										none		nasa-power-daily	partial	CC BY 4.0; 'There are no restrictions on the use, access, and/or download of data from the NASA POWER Project' (AWS Open Data Registry entry)	CC BY 4.0 for climate; no venue data for this country	partial, seasonality only and nowhere named	high, the answer differs by city and by activity; Tokyo in July suits swimming and defeats running	HIGH_THIN_CONTENT_RISK	low	medium	out_of_window	medium	NEEDS_DATA	no venue data for this country, so the page can only describe seasonality and cannot name anywhere to go	DEMAND_UNMEASURED	0/1980	
C005382	/de/sport/reykjavik-hiking/	sport	sport.city-season	city-activity-seasonality	3413829:hiking	Reykjavík hiking		IS		Reykjavík	de	de-DE							no										none		nasa-power-daily	partial	CC BY 4.0; 'There are no restrictions on the use, access, and/or download of data from the NASA POWER Project' (AWS Open Data Registry entry)	CC BY 4.0 for climate; no venue data for this country	partial, seasonality only and nowhere named	high, the answer differs by city and by activity; Tokyo in July suits swimming and defeats running	HIGH_THIN_CONTENT_RISK	low	medium	out_of_window	medium	NEEDS_DATA	no venue data for this country, so the page can only describe seasonality and cannot name anywhere to go	DEMAND_UNMEASURED	0/1980	
C005383	/en/sport/reykjavik-hiking/	sport	sport.city-season	city-activity-seasonality	3413829:hiking	Reykjavík hiking		IS		Reykjavík	en	en-US							no										none		nasa-power-daily	partial	CC BY 4.0; 'There are no restrictions on the use, access, and/or download of data from the NASA POWER Project' (AWS Open Data Registry entry)	CC BY 4.0 for climate; no venue data for this country	partial, seasonality only and nowhere named	high, the answer differs by city and by activity; Tokyo in July suits swimming and defeats running	HIGH_THIN_CONTENT_RISK	low	medium	out_of_window	medium	NEEDS_DATA	no venue data for this country, so the page can only describe seasonality and cannot name anywhere to go	DEMAND_UNMEASURED	0/1980	
C005384	/es/deporte/reykjavik-hiking/	sport	sport.city-season	city-activity-seasonality	3413829:hiking	Reykjavík hiking		IS		Reykjavík	es	es-ES							no										none		nasa-power-daily	partial	CC BY 4.0; 'There are no restrictions on the use, access, and/or download of data from the NASA POWER Project' (AWS Open Data Registry entry)	CC BY 4.0 for climate; no venue data for this country	partial, seasonality only and nowhere named	high, the answer differs by city and by activity; Tokyo in July suits swimming and defeats running	HIGH_THIN_CONTENT_RISK	low	medium	out_of_window	medium	NEEDS_DATA	no venue data for this country, so the page can only describe seasonality and cannot name anywhere to go	DEMAND_UNMEASURED	0/1980	
C005385	/fr/sport/reykjavik-hiking/	sport	sport.city-season	city-activity-seasonality	3413829:hiking	Reykjavík hiking		IS		Reykjavík	fr	fr-FR							no										none		nasa-power-daily	partial	CC BY 4.0; 'There are no restrictions on the use, access, and/or download of data from the NASA POWER Project' (AWS Open Data Registry entry)	CC BY 4.0 for climate; no venue data for this country	partial, seasonality only and nowhere named	high, the answer differs by city and by activity; Tokyo in July suits swimming and defeats running	HIGH_THIN_CONTENT_RISK	low	medium	out_of_window	medium	NEEDS_DATA	no venue data for this country, so the page can only describe seasonality and cannot name anywhere to go	DEMAND_UNMEASURED	0/1980	
C005386	/it/sport/reykjavik-hiking/	sport	sport.city-season	city-activity-seasonality	3413829:hiking	Reykjavík hiking		IS		Reykjavík	it	it-IT							no										none		nasa-power-daily	partial	CC BY 4.0; 'There are no restrictions on the use, access, and/or download of data from the NASA POWER Project' (AWS Open Data Registry entry)	CC BY 4.0 for climate; no venue data for this country	partial, seasonality only and nowhere named	high, the answer differs by city and by activity; Tokyo in July suits swimming and defeats running	HIGH_THIN_CONTENT_RISK	low	medium	out_of_window	medium	NEEDS_DATA	no venue data for this country, so the page can only describe seasonality and cannot name anywhere to go	DEMAND_UNMEASURED	0/1980	
C005387	/ja/sport/reykjavik-hiking/	sport	sport.city-season	city-activity-seasonality	3413829:hiking	Reykjavík hiking		IS		Reykjavík	ja	ja-JP							no										none		nasa-power-daily	partial	CC BY 4.0; 'There are no restrictions on the use, access, and/or download of data from the NASA POWER Project' (AWS Open Data Registry entry)	CC BY 4.0 for climate; no venue data for this country	partial, seasonality only and nowhere named	high, the answer differs by city and by activity; Tokyo in July suits swimming and defeats running	HIGH_THIN_CONTENT_RISK	low	medium	out_of_window	medium	NEEDS_DATA	no venue data for this country, so the page can only describe seasonality and cannot name anywhere to go	DEMAND_UNMEASURED	0/1980	
C005388	/nl/sport/reykjavik-hiking/	sport	sport.city-season	city-activity-seasonality	3413829:hiking	Reykjavík hiking		IS		Reykjavík	nl	nl-NL							no										none		nasa-power-daily	partial	CC BY 4.0; 'There are no restrictions on the use, access, and/or download of data from the NASA POWER Project' (AWS Open Data Registry entry)	CC BY 4.0 for climate; no venue data for this country	partial, seasonality only and nowhere named	high, the answer differs by city and by activity; Tokyo in July suits swimming and defeats running	HIGH_THIN_CONTENT_RISK	low	medium	out_of_window	medium	NEEDS_DATA	no venue data for this country, so the page can only describe seasonality and cannot name anywhere to go	DEMAND_UNMEASURED	0/1980	
C005389	/pl/sport/reykjavik-hiking/	sport	sport.city-season	city-activity-seasonality	3413829:hiking	Reykjavík hiking		IS		Reykjavík	pl	pl-PL							no										none		nasa-power-daily	partial	CC BY 4.0; 'There are no restrictions on the use, access, and/or download of data from the NASA POWER Project' (AWS Open Data Registry entry)	CC BY 4.0 for climate; no venue data for this country	partial, seasonality only and nowhere named	high, the answer differs by city and by activity; Tokyo in July suits swimming and defeats running	HIGH_THIN_CONTENT_RISK	low	medium	out_of_window	medium	NEEDS_DATA	no venue data for this country, so the page can only describe seasonality and cannot name anywhere to go	DEMAND_UNMEASURED	0/1980	
C005390	/pt/desporto/reykjavik-hiking/	sport	sport.city-season	city-activity-seasonality	3413829:hiking	Reykjavík hiking		IS		Reykjavík	pt	pt-BR							no										none		nasa-power-daily	partial	CC BY 4.0; 'There are no restrictions on the use, access, and/or download of data from the NASA POWER Project' (AWS Open Data Registry entry)	CC BY 4.0 for climate; no venue data for this country	partial, seasonality only and nowhere named	high, the answer differs by city and by activity; Tokyo in July suits swimming and defeats running	HIGH_THIN_CONTENT_RISK	low	medium	out_of_window	medium	NEEDS_DATA	no venue data for this country, so the page can only describe seasonality and cannot name anywhere to go	DEMAND_UNMEASURED	0/1980	
C005391	/de/sport/reykjavik-swimming/	sport	sport.city-season	city-activity-seasonality	3413829:swimming	Reykjavík swimming		IS		Reykjavík	de	de-DE							no										none		nasa-power-daily	partial	CC BY 4.0; 'There are no restrictions on the use, access, and/or download of data from the NASA POWER Project' (AWS Open Data Registry entry)	CC BY 4.0 for climate; no venue data for this country	partial, seasonality only and nowhere named	high, the answer differs by city and by activity; Tokyo in July suits swimming and defeats running	HIGH_THIN_CONTENT_RISK	low	medium	out_of_window	medium	NEEDS_DATA	no venue data for this country, so the page can only describe seasonality and cannot name anywhere to go	DEMAND_UNMEASURED	0/1980	
C005392	/en/sport/reykjavik-swimming/	sport	sport.city-season	city-activity-seasonality	3413829:swimming	Reykjavík swimming		IS		Reykjavík	en	en-US							no										none		nasa-power-daily	partial	CC BY 4.0; 'There are no restrictions on the use, access, and/or download of data from the NASA POWER Project' (AWS Open Data Registry entry)	CC BY 4.0 for climate; no venue data for this country	partial, seasonality only and nowhere named	high, the answer differs by city and by activity; Tokyo in July suits swimming and defeats running	HIGH_THIN_CONTENT_RISK	low	medium	out_of_window	medium	NEEDS_DATA	no venue data for this country, so the page can only describe seasonality and cannot name anywhere to go	DEMAND_UNMEASURED	0/1980	
C005393	/es/deporte/reykjavik-swimming/	sport	sport.city-season	city-activity-seasonality	3413829:swimming	Reykjavík swimming		IS		Reykjavík	es	es-ES							no										none		nasa-power-daily	partial	CC BY 4.0; 'There are no restrictions on the use, access, and/or download of data from the NASA POWER Project' (AWS Open Data Registry entry)	CC BY 4.0 for climate; no venue data for this country	partial, seasonality only and nowhere named	high, the answer differs by city and by activity; Tokyo in July suits swimming and defeats running	HIGH_THIN_CONTENT_RISK	low	medium	out_of_window	medium	NEEDS_DATA	no venue data for this country, so the page can only describe seasonality and cannot name anywhere to go	DEMAND_UNMEASURED	0/1980	
C005394	/fr/sport/reykjavik-swimming/	sport	sport.city-season	city-activity-seasonality	3413829:swimming	Reykjavík swimming		IS		Reykjavík	fr	fr-FR							no										none		nasa-power-daily	partial	CC BY 4.0; 'There are no restrictions on the use, access, and/or download of data from the NASA POWER Project' (AWS Open Data Registry entry)	CC BY 4.0 for climate; no venue data for this country	partial, seasonality only and nowhere named	high, the answer differs by city and by activity; Tokyo in July suits swimming and defeats running	HIGH_THIN_CONTENT_RISK	low	medium	out_of_window	medium	NEEDS_DATA	no venue data for this country, so the page can only describe seasonality and cannot name anywhere to go	DEMAND_UNMEASURED	0/1980	
C005395	/it/sport/reykjavik-swimming/	sport	sport.city-season	city-activity-seasonality	3413829:swimming	Reykjavík swimming		IS		Reykjavík	it	it-IT							no										none		nasa-power-daily	partial	CC BY 4.0; 'There are no restrictions on the use, access, and/or download of data from the NASA POWER Project' (AWS Open Data Registry entry)	CC BY 4.0 for climate; no venue data for this country	partial, seasonality only and nowhere named	high, the answer differs by city and by activity; Tokyo in July suits swimming and defeats running	HIGH_THIN_CONTENT_RISK	low	medium	out_of_window	medium	NEEDS_DATA	no venue data for this country, so the page can only describe seasonality and cannot name anywhere to go	DEMAND_UNMEASURED	0/1980	
C005396	/ja/sport/reykjavik-swimming/	sport	sport.city-season	city-activity-seasonality	3413829:swimming	Reykjavík swimming		IS		Reykjavík	ja	ja-JP							no										none		nasa-power-daily	partial	CC BY 4.0; 'There are no restrictions on the use, access, and/or download of data from the NASA POWER Project' (AWS Open Data Registry entry)	CC BY 4.0 for climate; no venue data for this country	partial, seasonality only and nowhere named	high, the answer differs by city and by activity; Tokyo in July suits swimming and defeats running	HIGH_THIN_CONTENT_RISK	low	medium	out_of_window	medium	NEEDS_DATA	no venue data for this country, so the page can only describe seasonality and cannot name anywhere to go	DEMAND_UNMEASURED	0/1980	
C005397	/nl/sport/reykjavik-swimming/	sport	sport.city-season	city-activity-seasonality	3413829:swimming	Reykjavík swimming		IS		Reykjavík	nl	nl-NL							no										none		nasa-power-daily	partial	CC BY 4.0; 'There are no restrictions on the use, access, and/or download of data from the NASA POWER Project' (AWS Open Data Registry entry)	CC BY 4.0 for climate; no venue data for this country	partial, seasonality only and nowhere named	high, the answer differs by city and by activity; Tokyo in July suits swimming and defeats running	HIGH_THIN_CONTENT_RISK	low	medium	out_of_window	medium	NEEDS_DATA	no venue data for this country, so the page can only describe seasonality and cannot name anywhere to go	DEMAND_UNMEASURED	0/1980	
C005398	/pl/sport/reykjavik-swimming/	sport	sport.city-season	city-activity-seasonality	3413829:swimming	Reykjavík swimming		IS		Reykjavík	pl	pl-PL							no										none		nasa-power-daily	partial	CC BY 4.0; 'There are no restrictions on the use, access, and/or download of data from the NASA POWER Project' (AWS Open Data Registry entry)	CC BY 4.0 for climate; no venue data for this country	partial, seasonality only and nowhere named	high, the answer differs by city and by activity; Tokyo in July suits swimming and defeats running	HIGH_THIN_CONTENT_RISK	low	medium	out_of_window	medium	NEEDS_DATA	no venue data for this country, so the page can only describe seasonality and cannot name anywhere to go	DEMAND_UNMEASURED	0/1980	
C005399	/pt/desporto/reykjavik-swimming/	sport	sport.city-season	city-activity-seasonality	3413829:swimming	Reykjavík swimming		IS		Reykjavík	pt	pt-BR							no										none		nasa-power-daily	partial	CC BY 4.0; 'There are no restrictions on the use, access, and/or download of data from the NASA POWER Project' (AWS Open Data Registry entry)	CC BY 4.0 for climate; no venue data for this country	partial, seasonality only and nowhere named	high, the answer differs by city and by activity; Tokyo in July suits swimming and defeats running	HIGH_THIN_CONTENT_RISK	low	medium	out_of_window	medium	NEEDS_DATA	no venue data for this country, so the page can only describe seasonality and cannot name anywhere to go	DEMAND_UNMEASURED	0/1980	
C005400	/de/sport/mexico-city-running/	sport	sport.city-season	city-activity-seasonality	3530597:running	Mexico City running		MX		Mexico City	de	de-DE							no										none		nasa-power-daily	partial	CC BY 4.0; 'There are no restrictions on the use, access, and/or download of data from the NASA POWER Project' (AWS Open Data Registry entry)	CC BY 4.0 for climate; no venue data for this country	partial, seasonality only and nowhere named	high, the answer differs by city and by activity; Tokyo in July suits swimming and defeats running	HIGH_THIN_CONTENT_RISK	low	medium	out_of_window	medium	NEEDS_DATA	no venue data for this country, so the page can only describe seasonality and cannot name anywhere to go	DEMAND_UNMEASURED	0/1980	
C005401	/en/sport/mexico-city-running/	sport	sport.city-season	city-activity-seasonality	3530597:running	Mexico City running		MX		Mexico City	en	en-US							no										none		nasa-power-daily	partial	CC BY 4.0; 'There are no restrictions on the use, access, and/or download of data from the NASA POWER Project' (AWS Open Data Registry entry)	CC BY 4.0 for climate; no venue data for this country	partial, seasonality only and nowhere named	high, the answer differs by city and by activity; Tokyo in July suits swimming and defeats running	HIGH_THIN_CONTENT_RISK	low	medium	out_of_window	medium	NEEDS_DATA	no venue data for this country, so the page can only describe seasonality and cannot name anywhere to go	DEMAND_UNMEASURED	0/1980	
C005402	/es/deporte/mexico-city-running/	sport	sport.city-season	city-activity-seasonality	3530597:running	Mexico City running		MX		Mexico City	es	es-ES							no										none		nasa-power-daily	partial	CC BY 4.0; 'There are no restrictions on the use, access, and/or download of data from the NASA POWER Project' (AWS Open Data Registry entry)	CC BY 4.0 for climate; no venue data for this country	partial, seasonality only and nowhere named	high, the answer differs by city and by activity; Tokyo in July suits swimming and defeats running	HIGH_THIN_CONTENT_RISK	low	medium	out_of_window	medium	NEEDS_DATA	no venue data for this country, so the page can only describe seasonality and cannot name anywhere to go	DEMAND_UNMEASURED	0/1980	
C005403	/fr/sport/mexico-city-running/	sport	sport.city-season	city-activity-seasonality	3530597:running	Mexico City running		MX		Mexico City	fr	fr-FR							no										none		nasa-power-daily	partial	CC BY 4.0; 'There are no restrictions on the use, access, and/or download of data from the NASA POWER Project' (AWS Open Data Registry entry)	CC BY 4.0 for climate; no venue data for this country	partial, seasonality only and nowhere named	high, the answer differs by city and by activity; Tokyo in July suits swimming and defeats running	HIGH_THIN_CONTENT_RISK	low	medium	out_of_window	medium	NEEDS_DATA	no venue data for this country, so the page can only describe seasonality and cannot name anywhere to go	DEMAND_UNMEASURED	0/1980	
C005404	/it/sport/mexico-city-running/	sport	sport.city-season	city-activity-seasonality	3530597:running	Mexico City running		MX		Mexico City	it	it-IT							no										none		nasa-power-daily	partial	CC BY 4.0; 'There are no restrictions on the use, access, and/or download of data from the NASA POWER Project' (AWS Open Data Registry entry)	CC BY 4.0 for climate; no venue data for this country	partial, seasonality only and nowhere named	high, the answer differs by city and by activity; Tokyo in July suits swimming and defeats running	HIGH_THIN_CONTENT_RISK	low	medium	out_of_window	medium	NEEDS_DATA	no venue data for this country, so the page can only describe seasonality and cannot name anywhere to go	DEMAND_UNMEASURED	0/1980	
C005405	/ja/sport/mexico-city-running/	sport	sport.city-season	city-activity-seasonality	3530597:running	Mexico City running		MX		Mexico City	ja	ja-JP							no										none		nasa-power-daily	partial	CC BY 4.0; 'There are no restrictions on the use, access, and/or download of data from the NASA POWER Project' (AWS Open Data Registry entry)	CC BY 4.0 for climate; no venue data for this country	partial, seasonality only and nowhere named	high, the answer differs by city and by activity; Tokyo in July suits swimming and defeats running	HIGH_THIN_CONTENT_RISK	low	medium	out_of_window	medium	NEEDS_DATA	no venue data for this country, so the page can only describe seasonality and cannot name anywhere to go	DEMAND_UNMEASURED	0/1980	
C005406	/nl/sport/mexico-city-running/	sport	sport.city-season	city-activity-seasonality	3530597:running	Mexico City running		MX		Mexico City	nl	nl-NL							no										none		nasa-power-daily	partial	CC BY 4.0; 'There are no restrictions on the use, access, and/or download of data from the NASA POWER Project' (AWS Open Data Registry entry)	CC BY 4.0 for climate; no venue data for this country	partial, seasonality only and nowhere named	high, the answer differs by city and by activity; Tokyo in July suits swimming and defeats running	HIGH_THIN_CONTENT_RISK	low	medium	out_of_window	medium	NEEDS_DATA	no venue data for this country, so the page can only describe seasonality and cannot name anywhere to go	DEMAND_UNMEASURED	0/1980	
C005407	/pl/sport/mexico-city-running/	sport	sport.city-season	city-activity-seasonality	3530597:running	Mexico City running		MX		Mexico City	pl	pl-PL							no										none		nasa-power-daily	partial	CC BY 4.0; 'There are no restrictions on the use, access, and/or download of data from the NASA POWER Project' (AWS Open Data Registry entry)	CC BY 4.0 for climate; no venue data for this country	partial, seasonality only and nowhere named	high, the answer differs by city and by activity; Tokyo in July suits swimming and defeats running	HIGH_THIN_CONTENT_RISK	low	medium	out_of_window	medium	NEEDS_DATA	no venue data for this country, so the page can only describe seasonality and cannot name anywhere to go	DEMAND_UNMEASURED	0/1980	
C005408	/pt/desporto/mexico-city-running/	sport	sport.city-season	city-activity-seasonality	3530597:running	Mexico City running		MX		Mexico City	pt	pt-BR							no										none		nasa-power-daily	partial	CC BY 4.0; 'There are no restrictions on the use, access, and/or download of data from the NASA POWER Project' (AWS Open Data Registry entry)	CC BY 4.0 for climate; no venue data for this country	partial, seasonality only and nowhere named	high, the answer differs by city and by activity; Tokyo in July suits swimming and defeats running	HIGH_THIN_CONTENT_RISK	low	medium	out_of_window	medium	NEEDS_DATA	no venue data for this country, so the page can only describe seasonality and cannot name anywhere to go	DEMAND_UNMEASURED	0/1980	
C005409	/de/sport/mexico-city-cycling/	sport	sport.city-season	city-activity-seasonality	3530597:cycling	Mexico City cycling		MX		Mexico City	de	de-DE							no										none		nasa-power-daily	partial	CC BY 4.0; 'There are no restrictions on the use, access, and/or download of data from the NASA POWER Project' (AWS Open Data Registry entry)	CC BY 4.0 for climate; no venue data for this country	partial, seasonality only and nowhere named	high, the answer differs by city and by activity; Tokyo in July suits swimming and defeats running	HIGH_THIN_CONTENT_RISK	low	medium	out_of_window	medium	NEEDS_DATA	no venue data for this country, so the page can only describe seasonality and cannot name anywhere to go	DEMAND_UNMEASURED	0/1980	
C005410	/en/sport/mexico-city-cycling/	sport	sport.city-season	city-activity-seasonality	3530597:cycling	Mexico City cycling		MX		Mexico City	en	en-US							no										none		nasa-power-daily	partial	CC BY 4.0; 'There are no restrictions on the use, access, and/or download of data from the NASA POWER Project' (AWS Open Data Registry entry)	CC BY 4.0 for climate; no venue data for this country	partial, seasonality only and nowhere named	high, the answer differs by city and by activity; Tokyo in July suits swimming and defeats running	HIGH_THIN_CONTENT_RISK	low	medium	out_of_window	medium	NEEDS_DATA	no venue data for this country, so the page can only describe seasonality and cannot name anywhere to go	DEMAND_UNMEASURED	0/1980	
C005411	/es/deporte/mexico-city-cycling/	sport	sport.city-season	city-activity-seasonality	3530597:cycling	Mexico City cycling		MX		Mexico City	es	es-ES							no										none		nasa-power-daily	partial	CC BY 4.0; 'There are no restrictions on the use, access, and/or download of data from the NASA POWER Project' (AWS Open Data Registry entry)	CC BY 4.0 for climate; no venue data for this country	partial, seasonality only and nowhere named	high, the answer differs by city and by activity; Tokyo in July suits swimming and defeats running	HIGH_THIN_CONTENT_RISK	low	medium	out_of_window	medium	NEEDS_DATA	no venue data for this country, so the page can only describe seasonality and cannot name anywhere to go	DEMAND_UNMEASURED	0/1980	
C005412	/fr/sport/mexico-city-cycling/	sport	sport.city-season	city-activity-seasonality	3530597:cycling	Mexico City cycling		MX		Mexico City	fr	fr-FR							no										none		nasa-power-daily	partial	CC BY 4.0; 'There are no restrictions on the use, access, and/or download of data from the NASA POWER Project' (AWS Open Data Registry entry)	CC BY 4.0 for climate; no venue data for this country	partial, seasonality only and nowhere named	high, the answer differs by city and by activity; Tokyo in July suits swimming and defeats running	HIGH_THIN_CONTENT_RISK	low	medium	out_of_window	medium	NEEDS_DATA	no venue data for this country, so the page can only describe seasonality and cannot name anywhere to go	DEMAND_UNMEASURED	0/1980	
C005413	/it/sport/mexico-city-cycling/	sport	sport.city-season	city-activity-seasonality	3530597:cycling	Mexico City cycling		MX		Mexico City	it	it-IT							no										none		nasa-power-daily	partial	CC BY 4.0; 'There are no restrictions on the use, access, and/or download of data from the NASA POWER Project' (AWS Open Data Registry entry)	CC BY 4.0 for climate; no venue data for this country	partial, seasonality only and nowhere named	high, the answer differs by city and by activity; Tokyo in July suits swimming and defeats running	HIGH_THIN_CONTENT_RISK	low	medium	out_of_window	medium	NEEDS_DATA	no venue data for this country, so the page can only describe seasonality and cannot name anywhere to go	DEMAND_UNMEASURED	0/1980	
C005414	/ja/sport/mexico-city-cycling/	sport	sport.city-season	city-activity-seasonality	3530597:cycling	Mexico City cycling		MX		Mexico City	ja	ja-JP							no										none		nasa-power-daily	partial	CC BY 4.0; 'There are no restrictions on the use, access, and/or download of data from the NASA POWER Project' (AWS Open Data Registry entry)	CC BY 4.0 for climate; no venue data for this country	partial, seasonality only and nowhere named	high, the answer differs by city and by activity; Tokyo in July suits swimming and defeats running	HIGH_THIN_CONTENT_RISK	low	medium	out_of_window	medium	NEEDS_DATA	no venue data for this country, so the page can only describe seasonality and cannot name anywhere to go	DEMAND_UNMEASURED	0/1980	
C005415	/nl/sport/mexico-city-cycling/	sport	sport.city-season	city-activity-seasonality	3530597:cycling	Mexico City cycling		MX		Mexico City	nl	nl-NL							no										none		nasa-power-daily	partial	CC BY 4.0; 'There are no restrictions on the use, access, and/or download of data from the NASA POWER Project' (AWS Open Data Registry entry)	CC BY 4.0 for climate; no venue data for this country	partial, seasonality only and nowhere named	high, the answer differs by city and by activity; Tokyo in July suits swimming and defeats running	HIGH_THIN_CONTENT_RISK	low	medium	out_of_window	medium	NEEDS_DATA	no venue data for this country, so the page can only describe seasonality and cannot name anywhere to go	DEMAND_UNMEASURED	0/1980	
C005416	/pl/sport/mexico-city-cycling/	sport	sport.city-season	city-activity-seasonality	3530597:cycling	Mexico City cycling		MX		Mexico City	pl	pl-PL							no										none		nasa-power-daily	partial	CC BY 4.0; 'There are no restrictions on the use, access, and/or download of data from the NASA POWER Project' (AWS Open Data Registry entry)	CC BY 4.0 for climate; no venue data for this country	partial, seasonality only and nowhere named	high, the answer differs by city and by activity; Tokyo in July suits swimming and defeats running	HIGH_THIN_CONTENT_RISK	low	medium	out_of_window	medium	NEEDS_DATA	no venue data for this country, so the page can only describe seasonality and cannot name anywhere to go	DEMAND_UNMEASURED	0/1980	
C005417	/pt/desporto/mexico-city-cycling/	sport	sport.city-season	city-activity-seasonality	3530597:cycling	Mexico City cycling		MX		Mexico City	pt	pt-BR							no										none		nasa-power-daily	partial	CC BY 4.0; 'There are no restrictions on the use, access, and/or download of data from the NASA POWER Project' (AWS Open Data Registry entry)	CC BY 4.0 for climate; no venue data for this country	partial, seasonality only and nowhere named	high, the answer differs by city and by activity; Tokyo in July suits swimming and defeats running	HIGH_THIN_CONTENT_RISK	low	medium	out_of_window	medium	NEEDS_DATA	no venue data for this country, so the page can only describe seasonality and cannot name anywhere to go	DEMAND_UNMEASURED	0/1980	
C005418	/de/sport/mexico-city-hiking/	sport	sport.city-season	city-activity-seasonality	3530597:hiking	Mexico City hiking		MX		Mexico City	de	de-DE							no										none		nasa-power-daily	partial	CC BY 4.0; 'There are no restrictions on the use, access, and/or download of data from the NASA POWER Project' (AWS Open Data Registry entry)	CC BY 4.0 for climate; no venue data for this country	partial, seasonality only and nowhere named	high, the answer differs by city and by activity; Tokyo in July suits swimming and defeats running	HIGH_THIN_CONTENT_RISK	low	medium	out_of_window	medium	NEEDS_DATA	no venue data for this country, so the page can only describe seasonality and cannot name anywhere to go	DEMAND_UNMEASURED	0/1980	
C005419	/en/sport/mexico-city-hiking/	sport	sport.city-season	city-activity-seasonality	3530597:hiking	Mexico City hiking		MX		Mexico City	en	en-US							no										none		nasa-power-daily	partial	CC BY 4.0; 'There are no restrictions on the use, access, and/or download of data from the NASA POWER Project' (AWS Open Data Registry entry)	CC BY 4.0 for climate; no venue data for this country	partial, seasonality only and nowhere named	high, the answer differs by city and by activity; Tokyo in July suits swimming and defeats running	HIGH_THIN_CONTENT_RISK	low	medium	out_of_window	medium	NEEDS_DATA	no venue data for this country, so the page can only describe seasonality and cannot name anywhere to go	DEMAND_UNMEASURED	0/1980	
C005420	/es/deporte/mexico-city-hiking/	sport	sport.city-season	city-activity-seasonality	3530597:hiking	Mexico City hiking		MX		Mexico City	es	es-ES							no										none		nasa-power-daily	partial	CC BY 4.0; 'There are no restrictions on the use, access, and/or download of data from the NASA POWER Project' (AWS Open Data Registry entry)	CC BY 4.0 for climate; no venue data for this country	partial, seasonality only and nowhere named	high, the answer differs by city and by activity; Tokyo in July suits swimming and defeats running	HIGH_THIN_CONTENT_RISK	low	medium	out_of_window	medium	NEEDS_DATA	no venue data for this country, so the page can only describe seasonality and cannot name anywhere to go	DEMAND_UNMEASURED	0/1980	
C005421	/fr/sport/mexico-city-hiking/	sport	sport.city-season	city-activity-seasonality	3530597:hiking	Mexico City hiking		MX		Mexico City	fr	fr-FR							no										none		nasa-power-daily	partial	CC BY 4.0; 'There are no restrictions on the use, access, and/or download of data from the NASA POWER Project' (AWS Open Data Registry entry)	CC BY 4.0 for climate; no venue data for this country	partial, seasonality only and nowhere named	high, the answer differs by city and by activity; Tokyo in July suits swimming and defeats running	HIGH_THIN_CONTENT_RISK	low	medium	out_of_window	medium	NEEDS_DATA	no venue data for this country, so the page can only describe seasonality and cannot name anywhere to go	DEMAND_UNMEASURED	0/1980	
C005422	/it/sport/mexico-city-hiking/	sport	sport.city-season	city-activity-seasonality	3530597:hiking	Mexico City hiking		MX		Mexico City	it	it-IT							no										none		nasa-power-daily	partial	CC BY 4.0; 'There are no restrictions on the use, access, and/or download of data from the NASA POWER Project' (AWS Open Data Registry entry)	CC BY 4.0 for climate; no venue data for this country	partial, seasonality only and nowhere named	high, the answer differs by city and by activity; Tokyo in July suits swimming and defeats running	HIGH_THIN_CONTENT_RISK	low	medium	out_of_window	medium	NEEDS_DATA	no venue data for this country, so the page can only describe seasonality and cannot name anywhere to go	DEMAND_UNMEASURED	0/1980	
C005423	/ja/sport/mexico-city-hiking/	sport	sport.city-season	city-activity-seasonality	3530597:hiking	Mexico City hiking		MX		Mexico City	ja	ja-JP							no										none		nasa-power-daily	partial	CC BY 4.0; 'There are no restrictions on the use, access, and/or download of data from the NASA POWER Project' (AWS Open Data Registry entry)	CC BY 4.0 for climate; no venue data for this country	partial, seasonality only and nowhere named	high, the answer differs by city and by activity; Tokyo in July suits swimming and defeats running	HIGH_THIN_CONTENT_RISK	low	medium	out_of_window	medium	NEEDS_DATA	no venue data for this country, so the page can only describe seasonality and cannot name anywhere to go	DEMAND_UNMEASURED	0/1980	
C005424	/nl/sport/mexico-city-hiking/	sport	sport.city-season	city-activity-seasonality	3530597:hiking	Mexico City hiking		MX		Mexico City	nl	nl-NL							no										none		nasa-power-daily	partial	CC BY 4.0; 'There are no restrictions on the use, access, and/or download of data from the NASA POWER Project' (AWS Open Data Registry entry)	CC BY 4.0 for climate; no venue data for this country	partial, seasonality only and nowhere named	high, the answer differs by city and by activity; Tokyo in July suits swimming and defeats running	HIGH_THIN_CONTENT_RISK	low	medium	out_of_window	medium	NEEDS_DATA	no venue data for this country, so the page can only describe seasonality and cannot name anywhere to go	DEMAND_UNMEASURED	0/1980	
C005425	/pl/sport/mexico-city-hiking/	sport	sport.city-season	city-activity-seasonality	3530597:hiking	Mexico City hiking		MX		Mexico City	pl	pl-PL							no										none		nasa-power-daily	partial	CC BY 4.0; 'There are no restrictions on the use, access, and/or download of data from the NASA POWER Project' (AWS Open Data Registry entry)	CC BY 4.0 for climate; no venue data for this country	partial, seasonality only and nowhere named	high, the answer differs by city and by activity; Tokyo in July suits swimming and defeats running	HIGH_THIN_CONTENT_RISK	low	medium	out_of_window	medium	NEEDS_DATA	no venue data for this country, so the page can only describe seasonality and cannot name anywhere to go	DEMAND_UNMEASURED	0/1980	
C005426	/pt/desporto/mexico-city-hiking/	sport	sport.city-season	city-activity-seasonality	3530597:hiking	Mexico City hiking		MX		Mexico City	pt	pt-BR							no										none		nasa-power-daily	partial	CC BY 4.0; 'There are no restrictions on the use, access, and/or download of data from the NASA POWER Project' (AWS Open Data Registry entry)	CC BY 4.0 for climate; no venue data for this country	partial, seasonality only and nowhere named	high, the answer differs by city and by activity; Tokyo in July suits swimming and defeats running	HIGH_THIN_CONTENT_RISK	low	medium	out_of_window	medium	NEEDS_DATA	no venue data for this country, so the page can only describe seasonality and cannot name anywhere to go	DEMAND_UNMEASURED	0/1980	
C005427	/de/sport/mexico-city-swimming/	sport	sport.city-season	city-activity-seasonality	3530597:swimming	Mexico City swimming		MX		Mexico City	de	de-DE							no										none		nasa-power-daily	partial	CC BY 4.0; 'There are no restrictions on the use, access, and/or download of data from the NASA POWER Project' (AWS Open Data Registry entry)	CC BY 4.0 for climate; no venue data for this country	partial, seasonality only and nowhere named	high, the answer differs by city and by activity; Tokyo in July suits swimming and defeats running	HIGH_THIN_CONTENT_RISK	low	medium	out_of_window	medium	NEEDS_DATA	no venue data for this country, so the page can only describe seasonality and cannot name anywhere to go	DEMAND_UNMEASURED	0/1980	
C005428	/en/sport/mexico-city-swimming/	sport	sport.city-season	city-activity-seasonality	3530597:swimming	Mexico City swimming		MX		Mexico City	en	en-US							no										none		nasa-power-daily	partial	CC BY 4.0; 'There are no restrictions on the use, access, and/or download of data from the NASA POWER Project' (AWS Open Data Registry entry)	CC BY 4.0 for climate; no venue data for this country	partial, seasonality only and nowhere named	high, the answer differs by city and by activity; Tokyo in July suits swimming and defeats running	HIGH_THIN_CONTENT_RISK	low	medium	out_of_window	medium	NEEDS_DATA	no venue data for this country, so the page can only describe seasonality and cannot name anywhere to go	DEMAND_UNMEASURED	0/1980	
C005429	/es/deporte/mexico-city-swimming/	sport	sport.city-season	city-activity-seasonality	3530597:swimming	Mexico City swimming		MX		Mexico City	es	es-ES							no										none		nasa-power-daily	partial	CC BY 4.0; 'There are no restrictions on the use, access, and/or download of data from the NASA POWER Project' (AWS Open Data Registry entry)	CC BY 4.0 for climate; no venue data for this country	partial, seasonality only and nowhere named	high, the answer differs by city and by activity; Tokyo in July suits swimming and defeats running	HIGH_THIN_CONTENT_RISK	low	medium	out_of_window	medium	NEEDS_DATA	no venue data for this country, so the page can only describe seasonality and cannot name anywhere to go	DEMAND_UNMEASURED	0/1980	
C005430	/fr/sport/mexico-city-swimming/	sport	sport.city-season	city-activity-seasonality	3530597:swimming	Mexico City swimming		MX		Mexico City	fr	fr-FR							no										none		nasa-power-daily	partial	CC BY 4.0; 'There are no restrictions on the use, access, and/or download of data from the NASA POWER Project' (AWS Open Data Registry entry)	CC BY 4.0 for climate; no venue data for this country	partial, seasonality only and nowhere named	high, the answer differs by city and by activity; Tokyo in July suits swimming and defeats running	HIGH_THIN_CONTENT_RISK	low	medium	out_of_window	medium	NEEDS_DATA	no venue data for this country, so the page can only describe seasonality and cannot name anywhere to go	DEMAND_UNMEASURED	0/1980	
C005431	/it/sport/mexico-city-swimming/	sport	sport.city-season	city-activity-seasonality	3530597:swimming	Mexico City swimming		MX		Mexico City	it	it-IT							no										none		nasa-power-daily	partial	CC BY 4.0; 'There are no restrictions on the use, access, and/or download of data from the NASA POWER Project' (AWS Open Data Registry entry)	CC BY 4.0 for climate; no venue data for this country	partial, seasonality only and nowhere named	high, the answer differs by city and by activity; Tokyo in July suits swimming and defeats running	HIGH_THIN_CONTENT_RISK	low	medium	out_of_window	medium	NEEDS_DATA	no venue data for this country, so the page can only describe seasonality and cannot name anywhere to go	DEMAND_UNMEASURED	0/1980	
C005432	/ja/sport/mexico-city-swimming/	sport	sport.city-season	city-activity-seasonality	3530597:swimming	Mexico City swimming		MX		Mexico City	ja	ja-JP							no										none		nasa-power-daily	partial	CC BY 4.0; 'There are no restrictions on the use, access, and/or download of data from the NASA POWER Project' (AWS Open Data Registry entry)	CC BY 4.0 for climate; no venue data for this country	partial, seasonality only and nowhere named	high, the answer differs by city and by activity; Tokyo in July suits swimming and defeats running	HIGH_THIN_CONTENT_RISK	low	medium	out_of_window	medium	NEEDS_DATA	no venue data for this country, so the page can only describe seasonality and cannot name anywhere to go	DEMAND_UNMEASURED	0/1980	
C005433	/nl/sport/mexico-city-swimming/	sport	sport.city-season	city-activity-seasonality	3530597:swimming	Mexico City swimming		MX		Mexico City	nl	nl-NL							no										none		nasa-power-daily	partial	CC BY 4.0; 'There are no restrictions on the use, access, and/or download of data from the NASA POWER Project' (AWS Open Data Registry entry)	CC BY 4.0 for climate; no venue data for this country	partial, seasonality only and nowhere named	high, the answer differs by city and by activity; Tokyo in July suits swimming and defeats running	HIGH_THIN_CONTENT_RISK	low	medium	out_of_window	medium	NEEDS_DATA	no venue data for this country, so the page can only describe seasonality and cannot name anywhere to go	DEMAND_UNMEASURED	0/1980	
C005434	/pl/sport/mexico-city-swimming/	sport	sport.city-season	city-activity-seasonality	3530597:swimming	Mexico City swimming		MX		Mexico City	pl	pl-PL							no										none		nasa-power-daily	partial	CC BY 4.0; 'There are no restrictions on the use, access, and/or download of data from the NASA POWER Project' (AWS Open Data Registry entry)	CC BY 4.0 for climate; no venue data for this country	partial, seasonality only and nowhere named	high, the answer differs by city and by activity; Tokyo in July suits swimming and defeats running	HIGH_THIN_CONTENT_RISK	low	medium	out_of_window	medium	NEEDS_DATA	no venue data for this country, so the page can only describe seasonality and cannot name anywhere to go	DEMAND_UNMEASURED	0/1980	
C005435	/pt/desporto/mexico-city-swimming/	sport	sport.city-season	city-activity-seasonality	3530597:swimming	Mexico City swimming		MX		Mexico City	pt	pt-BR							no										none		nasa-power-daily	partial	CC BY 4.0; 'There are no restrictions on the use, access, and/or download of data from the NASA POWER Project' (AWS Open Data Registry entry)	CC BY 4.0 for climate; no venue data for this country	partial, seasonality only and nowhere named	high, the answer differs by city and by activity; Tokyo in July suits swimming and defeats running	HIGH_THIN_CONTENT_RISK	low	medium	out_of_window	medium	NEEDS_DATA	no venue data for this country, so the page can only describe seasonality and cannot name anywhere to go	DEMAND_UNMEASURED	0/1980	
C005436	/de/sport/cancun-running/	sport	sport.city-season	city-activity-seasonality	3531673:running	Cancún running		MX		Cancún	de	de-DE							no										none		nasa-power-daily	partial	CC BY 4.0; 'There are no restrictions on the use, access, and/or download of data from the NASA POWER Project' (AWS Open Data Registry entry)	CC BY 4.0 for climate; no venue data for this country	partial, seasonality only and nowhere named	high, the answer differs by city and by activity; Tokyo in July suits swimming and defeats running	HIGH_THIN_CONTENT_RISK	low	medium	out_of_window	medium	NEEDS_DATA	no venue data for this country, so the page can only describe seasonality and cannot name anywhere to go	DEMAND_UNMEASURED	0/1980	
C005437	/en/sport/cancun-running/	sport	sport.city-season	city-activity-seasonality	3531673:running	Cancún running		MX		Cancún	en	en-US							no										none		nasa-power-daily	partial	CC BY 4.0; 'There are no restrictions on the use, access, and/or download of data from the NASA POWER Project' (AWS Open Data Registry entry)	CC BY 4.0 for climate; no venue data for this country	partial, seasonality only and nowhere named	high, the answer differs by city and by activity; Tokyo in July suits swimming and defeats running	HIGH_THIN_CONTENT_RISK	low	medium	out_of_window	medium	NEEDS_DATA	no venue data for this country, so the page can only describe seasonality and cannot name anywhere to go	DEMAND_UNMEASURED	0/1980	
C005438	/es/deporte/cancun-running/	sport	sport.city-season	city-activity-seasonality	3531673:running	Cancún running		MX		Cancún	es	es-ES							no										none		nasa-power-daily	partial	CC BY 4.0; 'There are no restrictions on the use, access, and/or download of data from the NASA POWER Project' (AWS Open Data Registry entry)	CC BY 4.0 for climate; no venue data for this country	partial, seasonality only and nowhere named	high, the answer differs by city and by activity; Tokyo in July suits swimming and defeats running	HIGH_THIN_CONTENT_RISK	low	medium	out_of_window	medium	NEEDS_DATA	no venue data for this country, so the page can only describe seasonality and cannot name anywhere to go	DEMAND_UNMEASURED	0/1980	
C005439	/fr/sport/cancun-running/	sport	sport.city-season	city-activity-seasonality	3531673:running	Cancún running		MX		Cancún	fr	fr-FR							no										none		nasa-power-daily	partial	CC BY 4.0; 'There are no restrictions on the use, access, and/or download of data from the NASA POWER Project' (AWS Open Data Registry entry)	CC BY 4.0 for climate; no venue data for this country	partial, seasonality only and nowhere named	high, the answer differs by city and by activity; Tokyo in July suits swimming and defeats running	HIGH_THIN_CONTENT_RISK	low	medium	out_of_window	medium	NEEDS_DATA	no venue data for this country, so the page can only describe seasonality and cannot name anywhere to go	DEMAND_UNMEASURED	0/1980	
C005440	/it/sport/cancun-running/	sport	sport.city-season	city-activity-seasonality	3531673:running	Cancún running		MX		Cancún	it	it-IT							no										none		nasa-power-daily	partial	CC BY 4.0; 'There are no restrictions on the use, access, and/or download of data from the NASA POWER Project' (AWS Open Data Registry entry)	CC BY 4.0 for climate; no venue data for this country	partial, seasonality only and nowhere named	high, the answer differs by city and by activity; Tokyo in July suits swimming and defeats running	HIGH_THIN_CONTENT_RISK	low	medium	out_of_window	medium	NEEDS_DATA	no venue data for this country, so the page can only describe seasonality and cannot name anywhere to go	DEMAND_UNMEASURED	0/1980	
C005441	/ja/sport/cancun-running/	sport	sport.city-season	city-activity-seasonality	3531673:running	Cancún running		MX		Cancún	ja	ja-JP							no										none		nasa-power-daily	partial	CC BY 4.0; 'There are no restrictions on the use, access, and/or download of data from the NASA POWER Project' (AWS Open Data Registry entry)	CC BY 4.0 for climate; no venue data for this country	partial, seasonality only and nowhere named	high, the answer differs by city and by activity; Tokyo in July suits swimming and defeats running	HIGH_THIN_CONTENT_RISK	low	medium	out_of_window	medium	NEEDS_DATA	no venue data for this country, so the page can only describe seasonality and cannot name anywhere to go	DEMAND_UNMEASURED	0/1980	
C005442	/nl/sport/cancun-running/	sport	sport.city-season	city-activity-seasonality	3531673:running	Cancún running		MX		Cancún	nl	nl-NL							no										none		nasa-power-daily	partial	CC BY 4.0; 'There are no restrictions on the use, access, and/or download of data from the NASA POWER Project' (AWS Open Data Registry entry)	CC BY 4.0 for climate; no venue data for this country	partial, seasonality only and nowhere named	high, the answer differs by city and by activity; Tokyo in July suits swimming and defeats running	HIGH_THIN_CONTENT_RISK	low	medium	out_of_window	medium	NEEDS_DATA	no venue data for this country, so the page can only describe seasonality and cannot name anywhere to go	DEMAND_UNMEASURED	0/1980	
C005443	/pl/sport/cancun-running/	sport	sport.city-season	city-activity-seasonality	3531673:running	Cancún running		MX		Cancún	pl	pl-PL							no										none		nasa-power-daily	partial	CC BY 4.0; 'There are no restrictions on the use, access, and/or download of data from the NASA POWER Project' (AWS Open Data Registry entry)	CC BY 4.0 for climate; no venue data for this country	partial, seasonality only and nowhere named	high, the answer differs by city and by activity; Tokyo in July suits swimming and defeats running	HIGH_THIN_CONTENT_RISK	low	medium	out_of_window	medium	NEEDS_DATA	no venue data for this country, so the page can only describe seasonality and cannot name anywhere to go	DEMAND_UNMEASURED	0/1980	
C005444	/pt/desporto/cancun-running/	sport	sport.city-season	city-activity-seasonality	3531673:running	Cancún running		MX		Cancún	pt	pt-BR							no										none		nasa-power-daily	partial	CC BY 4.0; 'There are no restrictions on the use, access, and/or download of data from the NASA POWER Project' (AWS Open Data Registry entry)	CC BY 4.0 for climate; no venue data for this country	partial, seasonality only and nowhere named	high, the answer differs by city and by activity; Tokyo in July suits swimming and defeats running	HIGH_THIN_CONTENT_RISK	low	medium	out_of_window	medium	NEEDS_DATA	no venue data for this country, so the page can only describe seasonality and cannot name anywhere to go	DEMAND_UNMEASURED	0/1980	
C005445	/de/sport/cancun-cycling/	sport	sport.city-season	city-activity-seasonality	3531673:cycling	Cancún cycling		MX		Cancún	de	de-DE							no										none		nasa-power-daily	partial	CC BY 4.0; 'There are no restrictions on the use, access, and/or download of data from the NASA POWER Project' (AWS Open Data Registry entry)	CC BY 4.0 for climate; no venue data for this country	partial, seasonality only and nowhere named	high, the answer differs by city and by activity; Tokyo in July suits swimming and defeats running	HIGH_THIN_CONTENT_RISK	low	medium	out_of_window	medium	NEEDS_DATA	no venue data for this country, so the page can only describe seasonality and cannot name anywhere to go	DEMAND_UNMEASURED	0/1980	
C005446	/en/sport/cancun-cycling/	sport	sport.city-season	city-activity-seasonality	3531673:cycling	Cancún cycling		MX		Cancún	en	en-US							no										none		nasa-power-daily	partial	CC BY 4.0; 'There are no restrictions on the use, access, and/or download of data from the NASA POWER Project' (AWS Open Data Registry entry)	CC BY 4.0 for climate; no venue data for this country	partial, seasonality only and nowhere named	high, the answer differs by city and by activity; Tokyo in July suits swimming and defeats running	HIGH_THIN_CONTENT_RISK	low	medium	out_of_window	medium	NEEDS_DATA	no venue data for this country, so the page can only describe seasonality and cannot name anywhere to go	DEMAND_UNMEASURED	0/1980	
C005447	/es/deporte/cancun-cycling/	sport	sport.city-season	city-activity-seasonality	3531673:cycling	Cancún cycling		MX		Cancún	es	es-ES							no										none		nasa-power-daily	partial	CC BY 4.0; 'There are no restrictions on the use, access, and/or download of data from the NASA POWER Project' (AWS Open Data Registry entry)	CC BY 4.0 for climate; no venue data for this country	partial, seasonality only and nowhere named	high, the answer differs by city and by activity; Tokyo in July suits swimming and defeats running	HIGH_THIN_CONTENT_RISK	low	medium	out_of_window	medium	NEEDS_DATA	no venue data for this country, so the page can only describe seasonality and cannot name anywhere to go	DEMAND_UNMEASURED	0/1980	
C005448	/fr/sport/cancun-cycling/	sport	sport.city-season	city-activity-seasonality	3531673:cycling	Cancún cycling		MX		Cancún	fr	fr-FR							no										none		nasa-power-daily	partial	CC BY 4.0; 'There are no restrictions on the use, access, and/or download of data from the NASA POWER Project' (AWS Open Data Registry entry)	CC BY 4.0 for climate; no venue data for this country	partial, seasonality only and nowhere named	high, the answer differs by city and by activity; Tokyo in July suits swimming and defeats running	HIGH_THIN_CONTENT_RISK	low	medium	out_of_window	medium	NEEDS_DATA	no venue data for this country, so the page can only describe seasonality and cannot name anywhere to go	DEMAND_UNMEASURED	0/1980	
C005449	/it/sport/cancun-cycling/	sport	sport.city-season	city-activity-seasonality	3531673:cycling	Cancún cycling		MX		Cancún	it	it-IT							no										none		nasa-power-daily	partial	CC BY 4.0; 'There are no restrictions on the use, access, and/or download of data from the NASA POWER Project' (AWS Open Data Registry entry)	CC BY 4.0 for climate; no venue data for this country	partial, seasonality only and nowhere named	high, the answer differs by city and by activity; Tokyo in July suits swimming and defeats running	HIGH_THIN_CONTENT_RISK	low	medium	out_of_window	medium	NEEDS_DATA	no venue data for this country, so the page can only describe seasonality and cannot name anywhere to go	DEMAND_UNMEASURED	0/1980	
C005450	/ja/sport/cancun-cycling/	sport	sport.city-season	city-activity-seasonality	3531673:cycling	Cancún cycling		MX		Cancún	ja	ja-JP							no										none		nasa-power-daily	partial	CC BY 4.0; 'There are no restrictions on the use, access, and/or download of data from the NASA POWER Project' (AWS Open Data Registry entry)	CC BY 4.0 for climate; no venue data for this country	partial, seasonality only and nowhere named	high, the answer differs by city and by activity; Tokyo in July suits swimming and defeats running	HIGH_THIN_CONTENT_RISK	low	medium	out_of_window	medium	NEEDS_DATA	no venue data for this country, so the page can only describe seasonality and cannot name anywhere to go	DEMAND_UNMEASURED	0/1980	
C005451	/nl/sport/cancun-cycling/	sport	sport.city-season	city-activity-seasonality	3531673:cycling	Cancún cycling		MX		Cancún	nl	nl-NL							no										none		nasa-power-daily	partial	CC BY 4.0; 'There are no restrictions on the use, access, and/or download of data from the NASA POWER Project' (AWS Open Data Registry entry)	CC BY 4.0 for climate; no venue data for this country	partial, seasonality only and nowhere named	high, the answer differs by city and by activity; Tokyo in July suits swimming and defeats running	HIGH_THIN_CONTENT_RISK	low	medium	out_of_window	medium	NEEDS_DATA	no venue data for this country, so the page can only describe seasonality and cannot name anywhere to go	DEMAND_UNMEASURED	0/1980	
C005452	/pl/sport/cancun-cycling/	sport	sport.city-season	city-activity-seasonality	3531673:cycling	Cancún cycling		MX		Cancún	pl	pl-PL							no										none		nasa-power-daily	partial	CC BY 4.0; 'There are no restrictions on the use, access, and/or download of data from the NASA POWER Project' (AWS Open Data Registry entry)	CC BY 4.0 for climate; no venue data for this country	partial, seasonality only and nowhere named	high, the answer differs by city and by activity; Tokyo in July suits swimming and defeats running	HIGH_THIN_CONTENT_RISK	low	medium	out_of_window	medium	NEEDS_DATA	no venue data for this country, so the page can only describe seasonality and cannot name anywhere to go	DEMAND_UNMEASURED	0/1980	
C005453	/pt/desporto/cancun-cycling/	sport	sport.city-season	city-activity-seasonality	3531673:cycling	Cancún cycling		MX		Cancún	pt	pt-BR							no										none		nasa-power-daily	partial	CC BY 4.0; 'There are no restrictions on the use, access, and/or download of data from the NASA POWER Project' (AWS Open Data Registry entry)	CC BY 4.0 for climate; no venue data for this country	partial, seasonality only and nowhere named	high, the answer differs by city and by activity; Tokyo in July suits swimming and defeats running	HIGH_THIN_CONTENT_RISK	low	medium	out_of_window	medium	NEEDS_DATA	no venue data for this country, so the page can only describe seasonality and cannot name anywhere to go	DEMAND_UNMEASURED	0/1980	
C005454	/de/sport/cancun-hiking/	sport	sport.city-season	city-activity-seasonality	3531673:hiking	Cancún hiking		MX		Cancún	de	de-DE							no										none		nasa-power-daily	partial	CC BY 4.0; 'There are no restrictions on the use, access, and/or download of data from the NASA POWER Project' (AWS Open Data Registry entry)	CC BY 4.0 for climate; no venue data for this country	partial, seasonality only and nowhere named	high, the answer differs by city and by activity; Tokyo in July suits swimming and defeats running	HIGH_THIN_CONTENT_RISK	low	medium	out_of_window	medium	NEEDS_DATA	no venue data for this country, so the page can only describe seasonality and cannot name anywhere to go	DEMAND_UNMEASURED	0/1980	
C005455	/en/sport/cancun-hiking/	sport	sport.city-season	city-activity-seasonality	3531673:hiking	Cancún hiking		MX		Cancún	en	en-US							no										none		nasa-power-daily	partial	CC BY 4.0; 'There are no restrictions on the use, access, and/or download of data from the NASA POWER Project' (AWS Open Data Registry entry)	CC BY 4.0 for climate; no venue data for this country	partial, seasonality only and nowhere named	high, the answer differs by city and by activity; Tokyo in July suits swimming and defeats running	HIGH_THIN_CONTENT_RISK	low	medium	out_of_window	medium	NEEDS_DATA	no venue data for this country, so the page can only describe seasonality and cannot name anywhere to go	DEMAND_UNMEASURED	0/1980	
C005456	/es/deporte/cancun-hiking/	sport	sport.city-season	city-activity-seasonality	3531673:hiking	Cancún hiking		MX		Cancún	es	es-ES							no										none		nasa-power-daily	partial	CC BY 4.0; 'There are no restrictions on the use, access, and/or download of data from the NASA POWER Project' (AWS Open Data Registry entry)	CC BY 4.0 for climate; no venue data for this country	partial, seasonality only and nowhere named	high, the answer differs by city and by activity; Tokyo in July suits swimming and defeats running	HIGH_THIN_CONTENT_RISK	low	medium	out_of_window	medium	NEEDS_DATA	no venue data for this country, so the page can only describe seasonality and cannot name anywhere to go	DEMAND_UNMEASURED	0/1980	
C005457	/fr/sport/cancun-hiking/	sport	sport.city-season	city-activity-seasonality	3531673:hiking	Cancún hiking		MX		Cancún	fr	fr-FR							no										none		nasa-power-daily	partial	CC BY 4.0; 'There are no restrictions on the use, access, and/or download of data from the NASA POWER Project' (AWS Open Data Registry entry)	CC BY 4.0 for climate; no venue data for this country	partial, seasonality only and nowhere named	high, the answer differs by city and by activity; Tokyo in July suits swimming and defeats running	HIGH_THIN_CONTENT_RISK	low	medium	out_of_window	medium	NEEDS_DATA	no venue data for this country, so the page can only describe seasonality and cannot name anywhere to go	DEMAND_UNMEASURED	0/1980	
C005458	/it/sport/cancun-hiking/	sport	sport.city-season	city-activity-seasonality	3531673:hiking	Cancún hiking		MX		Cancún	it	it-IT							no										none		nasa-power-daily	partial	CC BY 4.0; 'There are no restrictions on the use, access, and/or download of data from the NASA POWER Project' (AWS Open Data Registry entry)	CC BY 4.0 for climate; no venue data for this country	partial, seasonality only and nowhere named	high, the answer differs by city and by activity; Tokyo in July suits swimming and defeats running	HIGH_THIN_CONTENT_RISK	low	medium	out_of_window	medium	NEEDS_DATA	no venue data for this country, so the page can only describe seasonality and cannot name anywhere to go	DEMAND_UNMEASURED	0/1980	
C005459	/ja/sport/cancun-hiking/	sport	sport.city-season	city-activity-seasonality	3531673:hiking	Cancún hiking		MX		Cancún	ja	ja-JP							no										none		nasa-power-daily	partial	CC BY 4.0; 'There are no restrictions on the use, access, and/or download of data from the NASA POWER Project' (AWS Open Data Registry entry)	CC BY 4.0 for climate; no venue data for this country	partial, seasonality only and nowhere named	high, the answer differs by city and by activity; Tokyo in July suits swimming and defeats running	HIGH_THIN_CONTENT_RISK	low	medium	out_of_window	medium	NEEDS_DATA	no venue data for this country, so the page can only describe seasonality and cannot name anywhere to go	DEMAND_UNMEASURED	0/1980	
C005460	/nl/sport/cancun-hiking/	sport	sport.city-season	city-activity-seasonality	3531673:hiking	Cancún hiking		MX		Cancún	nl	nl-NL							no										none		nasa-power-daily	partial	CC BY 4.0; 'There are no restrictions on the use, access, and/or download of data from the NASA POWER Project' (AWS Open Data Registry entry)	CC BY 4.0 for climate; no venue data for this country	partial, seasonality only and nowhere named	high, the answer differs by city and by activity; Tokyo in July suits swimming and defeats running	HIGH_THIN_CONTENT_RISK	low	medium	out_of_window	medium	NEEDS_DATA	no venue data for this country, so the page can only describe seasonality and cannot name anywhere to go	DEMAND_UNMEASURED	0/1980	
C005461	/pl/sport/cancun-hiking/	sport	sport.city-season	city-activity-seasonality	3531673:hiking	Cancún hiking		MX		Cancún	pl	pl-PL							no										none		nasa-power-daily	partial	CC BY 4.0; 'There are no restrictions on the use, access, and/or download of data from the NASA POWER Project' (AWS Open Data Registry entry)	CC BY 4.0 for climate; no venue data for this country	partial, seasonality only and nowhere named	high, the answer differs by city and by activity; Tokyo in July suits swimming and defeats running	HIGH_THIN_CONTENT_RISK	low	medium	out_of_window	medium	NEEDS_DATA	no venue data for this country, so the page can only describe seasonality and cannot name anywhere to go	DEMAND_UNMEASURED	0/1980	
C005462	/pt/desporto/cancun-hiking/	sport	sport.city-season	city-activity-seasonality	3531673:hiking	Cancún hiking		MX		Cancún	pt	pt-BR							no										none		nasa-power-daily	partial	CC BY 4.0; 'There are no restrictions on the use, access, and/or download of data from the NASA POWER Project' (AWS Open Data Registry entry)	CC BY 4.0 for climate; no venue data for this country	partial, seasonality only and nowhere named	high, the answer differs by city and by activity; Tokyo in July suits swimming and defeats running	HIGH_THIN_CONTENT_RISK	low	medium	out_of_window	medium	NEEDS_DATA	no venue data for this country, so the page can only describe seasonality and cannot name anywhere to go	DEMAND_UNMEASURED	0/1980	
C005463	/de/sport/cancun-swimming/	sport	sport.city-season	city-activity-seasonality	3531673:swimming	Cancún swimming		MX		Cancún	de	de-DE							no										none		nasa-power-daily	partial	CC BY 4.0; 'There are no restrictions on the use, access, and/or download of data from the NASA POWER Project' (AWS Open Data Registry entry)	CC BY 4.0 for climate; no venue data for this country	partial, seasonality only and nowhere named	high, the answer differs by city and by activity; Tokyo in July suits swimming and defeats running	HIGH_THIN_CONTENT_RISK	low	medium	out_of_window	medium	NEEDS_DATA	no venue data for this country, so the page can only describe seasonality and cannot name anywhere to go	DEMAND_UNMEASURED	0/1980	
C005464	/en/sport/cancun-swimming/	sport	sport.city-season	city-activity-seasonality	3531673:swimming	Cancún swimming		MX		Cancún	en	en-US							no										none		nasa-power-daily	partial	CC BY 4.0; 'There are no restrictions on the use, access, and/or download of data from the NASA POWER Project' (AWS Open Data Registry entry)	CC BY 4.0 for climate; no venue data for this country	partial, seasonality only and nowhere named	high, the answer differs by city and by activity; Tokyo in July suits swimming and defeats running	HIGH_THIN_CONTENT_RISK	low	medium	out_of_window	medium	NEEDS_DATA	no venue data for this country, so the page can only describe seasonality and cannot name anywhere to go	DEMAND_UNMEASURED	0/1980	
C005465	/es/deporte/cancun-swimming/	sport	sport.city-season	city-activity-seasonality	3531673:swimming	Cancún swimming		MX		Cancún	es	es-ES							no										none		nasa-power-daily	partial	CC BY 4.0; 'There are no restrictions on the use, access, and/or download of data from the NASA POWER Project' (AWS Open Data Registry entry)	CC BY 4.0 for climate; no venue data for this country	partial, seasonality only and nowhere named	high, the answer differs by city and by activity; Tokyo in July suits swimming and defeats running	HIGH_THIN_CONTENT_RISK	low	medium	out_of_window	medium	NEEDS_DATA	no venue data for this country, so the page can only describe seasonality and cannot name anywhere to go	DEMAND_UNMEASURED	0/1980	
C005466	/fr/sport/cancun-swimming/	sport	sport.city-season	city-activity-seasonality	3531673:swimming	Cancún swimming		MX		Cancún	fr	fr-FR							no										none		nasa-power-daily	partial	CC BY 4.0; 'There are no restrictions on the use, access, and/or download of data from the NASA POWER Project' (AWS Open Data Registry entry)	CC BY 4.0 for climate; no venue data for this country	partial, seasonality only and nowhere named	high, the answer differs by city and by activity; Tokyo in July suits swimming and defeats running	HIGH_THIN_CONTENT_RISK	low	medium	out_of_window	medium	NEEDS_DATA	no venue data for this country, so the page can only describe seasonality and cannot name anywhere to go	DEMAND_UNMEASURED	0/1980	
C005467	/it/sport/cancun-swimming/	sport	sport.city-season	city-activity-seasonality	3531673:swimming	Cancún swimming		MX		Cancún	it	it-IT							no										none		nasa-power-daily	partial	CC BY 4.0; 'There are no restrictions on the use, access, and/or download of data from the NASA POWER Project' (AWS Open Data Registry entry)	CC BY 4.0 for climate; no venue data for this country	partial, seasonality only and nowhere named	high, the answer differs by city and by activity; Tokyo in July suits swimming and defeats running	HIGH_THIN_CONTENT_RISK	low	medium	out_of_window	medium	NEEDS_DATA	no venue data for this country, so the page can only describe seasonality and cannot name anywhere to go	DEMAND_UNMEASURED	0/1980	
C005468	/ja/sport/cancun-swimming/	sport	sport.city-season	city-activity-seasonality	3531673:swimming	Cancún swimming		MX		Cancún	ja	ja-JP							no										none		nasa-power-daily	partial	CC BY 4.0; 'There are no restrictions on the use, access, and/or download of data from the NASA POWER Project' (AWS Open Data Registry entry)	CC BY 4.0 for climate; no venue data for this country	partial, seasonality only and nowhere named	high, the answer differs by city and by activity; Tokyo in July suits swimming and defeats running	HIGH_THIN_CONTENT_RISK	low	medium	out_of_window	medium	NEEDS_DATA	no venue data for this country, so the page can only describe seasonality and cannot name anywhere to go	DEMAND_UNMEASURED	0/1980	
C005469	/nl/sport/cancun-swimming/	sport	sport.city-season	city-activity-seasonality	3531673:swimming	Cancún swimming		MX		Cancún	nl	nl-NL							no										none		nasa-power-daily	partial	CC BY 4.0; 'There are no restrictions on the use, access, and/or download of data from the NASA POWER Project' (AWS Open Data Registry entry)	CC BY 4.0 for climate; no venue data for this country	partial, seasonality only and nowhere named	high, the answer differs by city and by activity; Tokyo in July suits swimming and defeats running	HIGH_THIN_CONTENT_RISK	low	medium	out_of_window	medium	NEEDS_DATA	no venue data for this country, so the page can only describe seasonality and cannot name anywhere to go	DEMAND_UNMEASURED	0/1980	
C005470	/pl/sport/cancun-swimming/	sport	sport.city-season	city-activity-seasonality	3531673:swimming	Cancún swimming		MX		Cancún	pl	pl-PL							no										none		nasa-power-daily	partial	CC BY 4.0; 'There are no restrictions on the use, access, and/or download of data from the NASA POWER Project' (AWS Open Data Registry entry)	CC BY 4.0 for climate; no venue data for this country	partial, seasonality only and nowhere named	high, the answer differs by city and by activity; Tokyo in July suits swimming and defeats running	HIGH_THIN_CONTENT_RISK	low	medium	out_of_window	medium	NEEDS_DATA	no venue data for this country, so the page can only describe seasonality and cannot name anywhere to go	DEMAND_UNMEASURED	0/1980	
C005471	/pt/desporto/cancun-swimming/	sport	sport.city-season	city-activity-seasonality	3531673:swimming	Cancún swimming		MX		Cancún	pt	pt-BR							no										none		nasa-power-daily	partial	CC BY 4.0; 'There are no restrictions on the use, access, and/or download of data from the NASA POWER Project' (AWS Open Data Registry entry)	CC BY 4.0 for climate; no venue data for this country	partial, seasonality only and nowhere named	high, the answer differs by city and by activity; Tokyo in July suits swimming and defeats running	HIGH_THIN_CONTENT_RISK	low	medium	out_of_window	medium	NEEDS_DATA	no venue data for this country, so the page can only describe seasonality and cannot name anywhere to go	DEMAND_UNMEASURED	0/1980	
C005544	/de/sport/lima-running/	sport	sport.city-season	city-activity-seasonality	3936456:running	Lima running		PE		Lima	de	de-DE							no										none		nasa-power-daily	partial	CC BY 4.0; 'There are no restrictions on the use, access, and/or download of data from the NASA POWER Project' (AWS Open Data Registry entry)	CC BY 4.0 for climate; no venue data for this country	partial, seasonality only and nowhere named	high, the answer differs by city and by activity; Tokyo in July suits swimming and defeats running	HIGH_THIN_CONTENT_RISK	low	medium	out_of_window	medium	NEEDS_DATA	no venue data for this country, so the page can only describe seasonality and cannot name anywhere to go	DEMAND_UNMEASURED	0/1980	
C005545	/en/sport/lima-running/	sport	sport.city-season	city-activity-seasonality	3936456:running	Lima running		PE		Lima	en	en-US							no										none		nasa-power-daily	partial	CC BY 4.0; 'There are no restrictions on the use, access, and/or download of data from the NASA POWER Project' (AWS Open Data Registry entry)	CC BY 4.0 for climate; no venue data for this country	partial, seasonality only and nowhere named	high, the answer differs by city and by activity; Tokyo in July suits swimming and defeats running	HIGH_THIN_CONTENT_RISK	low	medium	out_of_window	medium	NEEDS_DATA	no venue data for this country, so the page can only describe seasonality and cannot name anywhere to go	DEMAND_UNMEASURED	0/1980	
C005546	/es/deporte/lima-running/	sport	sport.city-season	city-activity-seasonality	3936456:running	Lima running		PE		Lima	es	es-ES							no										none		nasa-power-daily	partial	CC BY 4.0; 'There are no restrictions on the use, access, and/or download of data from the NASA POWER Project' (AWS Open Data Registry entry)	CC BY 4.0 for climate; no venue data for this country	partial, seasonality only and nowhere named	high, the answer differs by city and by activity; Tokyo in July suits swimming and defeats running	HIGH_THIN_CONTENT_RISK	low	medium	out_of_window	medium	NEEDS_DATA	no venue data for this country, so the page can only describe seasonality and cannot name anywhere to go	DEMAND_UNMEASURED	0/1980	
C005547	/fr/sport/lima-running/	sport	sport.city-season	city-activity-seasonality	3936456:running	Lima running		PE		Lima	fr	fr-FR							no										none		nasa-power-daily	partial	CC BY 4.0; 'There are no restrictions on the use, access, and/or download of data from the NASA POWER Project' (AWS Open Data Registry entry)	CC BY 4.0 for climate; no venue data for this country	partial, seasonality only and nowhere named	high, the answer differs by city and by activity; Tokyo in July suits swimming and defeats running	HIGH_THIN_CONTENT_RISK	low	medium	out_of_window	medium	NEEDS_DATA	no venue data for this country, so the page can only describe seasonality and cannot name anywhere to go	DEMAND_UNMEASURED	0/1980	
C005548	/it/sport/lima-running/	sport	sport.city-season	city-activity-seasonality	3936456:running	Lima running		PE		Lima	it	it-IT							no										none		nasa-power-daily	partial	CC BY 4.0; 'There are no restrictions on the use, access, and/or download of data from the NASA POWER Project' (AWS Open Data Registry entry)	CC BY 4.0 for climate; no venue data for this country	partial, seasonality only and nowhere named	high, the answer differs by city and by activity; Tokyo in July suits swimming and defeats running	HIGH_THIN_CONTENT_RISK	low	medium	out_of_window	medium	NEEDS_DATA	no venue data for this country, so the page can only describe seasonality and cannot name anywhere to go	DEMAND_UNMEASURED	0/1980	
C005549	/ja/sport/lima-running/	sport	sport.city-season	city-activity-seasonality	3936456:running	Lima running		PE		Lima	ja	ja-JP							no										none		nasa-power-daily	partial	CC BY 4.0; 'There are no restrictions on the use, access, and/or download of data from the NASA POWER Project' (AWS Open Data Registry entry)	CC BY 4.0 for climate; no venue data for this country	partial, seasonality only and nowhere named	high, the answer differs by city and by activity; Tokyo in July suits swimming and defeats running	HIGH_THIN_CONTENT_RISK	low	medium	out_of_window	medium	NEEDS_DATA	no venue data for this country, so the page can only describe seasonality and cannot name anywhere to go	DEMAND_UNMEASURED	0/1980	
C005550	/nl/sport/lima-running/	sport	sport.city-season	city-activity-seasonality	3936456:running	Lima running		PE		Lima	nl	nl-NL							no										none		nasa-power-daily	partial	CC BY 4.0; 'There are no restrictions on the use, access, and/or download of data from the NASA POWER Project' (AWS Open Data Registry entry)	CC BY 4.0 for climate; no venue data for this country	partial, seasonality only and nowhere named	high, the answer differs by city and by activity; Tokyo in July suits swimming and defeats running	HIGH_THIN_CONTENT_RISK	low	medium	out_of_window	medium	NEEDS_DATA	no venue data for this country, so the page can only describe seasonality and cannot name anywhere to go	DEMAND_UNMEASURED	0/1980	
C005551	/pl/sport/lima-running/	sport	sport.city-season	city-activity-seasonality	3936456:running	Lima running		PE		Lima	pl	pl-PL							no										none		nasa-power-daily	partial	CC BY 4.0; 'There are no restrictions on the use, access, and/or download of data from the NASA POWER Project' (AWS Open Data Registry entry)	CC BY 4.0 for climate; no venue data for this country	partial, seasonality only and nowhere named	high, the answer differs by city and by activity; Tokyo in July suits swimming and defeats running	HIGH_THIN_CONTENT_RISK	low	medium	out_of_window	medium	NEEDS_DATA	no venue data for this country, so the page can only describe seasonality and cannot name anywhere to go	DEMAND_UNMEASURED	0/1980	
C005552	/pt/desporto/lima-running/	sport	sport.city-season	city-activity-seasonality	3936456:running	Lima running		PE		Lima	pt	pt-BR							no										none		nasa-power-daily	partial	CC BY 4.0; 'There are no restrictions on the use, access, and/or download of data from the NASA POWER Project' (AWS Open Data Registry entry)	CC BY 4.0 for climate; no venue data for this country	partial, seasonality only and nowhere named	high, the answer differs by city and by activity; Tokyo in July suits swimming and defeats running	HIGH_THIN_CONTENT_RISK	low	medium	out_of_window	medium	NEEDS_DATA	no venue data for this country, so the page can only describe seasonality and cannot name anywhere to go	DEMAND_UNMEASURED	0/1980	
C005553	/de/sport/lima-cycling/	sport	sport.city-season	city-activity-seasonality	3936456:cycling	Lima cycling		PE		Lima	de	de-DE							no										none		nasa-power-daily	partial	CC BY 4.0; 'There are no restrictions on the use, access, and/or download of data from the NASA POWER Project' (AWS Open Data Registry entry)	CC BY 4.0 for climate; no venue data for this country	partial, seasonality only and nowhere named	high, the answer differs by city and by activity; Tokyo in July suits swimming and defeats running	HIGH_THIN_CONTENT_RISK	low	medium	out_of_window	medium	NEEDS_DATA	no venue data for this country, so the page can only describe seasonality and cannot name anywhere to go	DEMAND_UNMEASURED	0/1980	
C005554	/en/sport/lima-cycling/	sport	sport.city-season	city-activity-seasonality	3936456:cycling	Lima cycling		PE		Lima	en	en-US							no										none		nasa-power-daily	partial	CC BY 4.0; 'There are no restrictions on the use, access, and/or download of data from the NASA POWER Project' (AWS Open Data Registry entry)	CC BY 4.0 for climate; no venue data for this country	partial, seasonality only and nowhere named	high, the answer differs by city and by activity; Tokyo in July suits swimming and defeats running	HIGH_THIN_CONTENT_RISK	low	medium	out_of_window	medium	NEEDS_DATA	no venue data for this country, so the page can only describe seasonality and cannot name anywhere to go	DEMAND_UNMEASURED	0/1980	
C005555	/es/deporte/lima-cycling/	sport	sport.city-season	city-activity-seasonality	3936456:cycling	Lima cycling		PE		Lima	es	es-ES							no										none		nasa-power-daily	partial	CC BY 4.0; 'There are no restrictions on the use, access, and/or download of data from the NASA POWER Project' (AWS Open Data Registry entry)	CC BY 4.0 for climate; no venue data for this country	partial, seasonality only and nowhere named	high, the answer differs by city and by activity; Tokyo in July suits swimming and defeats running	HIGH_THIN_CONTENT_RISK	low	medium	out_of_window	medium	NEEDS_DATA	no venue data for this country, so the page can only describe seasonality and cannot name anywhere to go	DEMAND_UNMEASURED	0/1980	
C005556	/fr/sport/lima-cycling/	sport	sport.city-season	city-activity-seasonality	3936456:cycling	Lima cycling		PE		Lima	fr	fr-FR							no										none		nasa-power-daily	partial	CC BY 4.0; 'There are no restrictions on the use, access, and/or download of data from the NASA POWER Project' (AWS Open Data Registry entry)	CC BY 4.0 for climate; no venue data for this country	partial, seasonality only and nowhere named	high, the answer differs by city and by activity; Tokyo in July suits swimming and defeats running	HIGH_THIN_CONTENT_RISK	low	medium	out_of_window	medium	NEEDS_DATA	no venue data for this country, so the page can only describe seasonality and cannot name anywhere to go	DEMAND_UNMEASURED	0/1980	
C005557	/it/sport/lima-cycling/	sport	sport.city-season	city-activity-seasonality	3936456:cycling	Lima cycling		PE		Lima	it	it-IT							no										none		nasa-power-daily	partial	CC BY 4.0; 'There are no restrictions on the use, access, and/or download of data from the NASA POWER Project' (AWS Open Data Registry entry)	CC BY 4.0 for climate; no venue data for this country	partial, seasonality only and nowhere named	high, the answer differs by city and by activity; Tokyo in July suits swimming and defeats running	HIGH_THIN_CONTENT_RISK	low	medium	out_of_window	medium	NEEDS_DATA	no venue data for this country, so the page can only describe seasonality and cannot name anywhere to go	DEMAND_UNMEASURED	0/1980	
C005558	/ja/sport/lima-cycling/	sport	sport.city-season	city-activity-seasonality	3936456:cycling	Lima cycling		PE		Lima	ja	ja-JP							no										none		nasa-power-daily	partial	CC BY 4.0; 'There are no restrictions on the use, access, and/or download of data from the NASA POWER Project' (AWS Open Data Registry entry)	CC BY 4.0 for climate; no venue data for this country	partial, seasonality only and nowhere named	high, the answer differs by city and by activity; Tokyo in July suits swimming and defeats running	HIGH_THIN_CONTENT_RISK	low	medium	out_of_window	medium	NEEDS_DATA	no venue data for this country, so the page can only describe seasonality and cannot name anywhere to go	DEMAND_UNMEASURED	0/1980	
C005559	/nl/sport/lima-cycling/	sport	sport.city-season	city-activity-seasonality	3936456:cycling	Lima cycling		PE		Lima	nl	nl-NL							no										none		nasa-power-daily	partial	CC BY 4.0; 'There are no restrictions on the use, access, and/or download of data from the NASA POWER Project' (AWS Open Data Registry entry)	CC BY 4.0 for climate; no venue data for this country	partial, seasonality only and nowhere named	high, the answer differs by city and by activity; Tokyo in July suits swimming and defeats running	HIGH_THIN_CONTENT_RISK	low	medium	out_of_window	medium	NEEDS_DATA	no venue data for this country, so the page can only describe seasonality and cannot name anywhere to go	DEMAND_UNMEASURED	0/1980	
C005560	/pl/sport/lima-cycling/	sport	sport.city-season	city-activity-seasonality	3936456:cycling	Lima cycling		PE		Lima	pl	pl-PL							no										none		nasa-power-daily	partial	CC BY 4.0; 'There are no restrictions on the use, access, and/or download of data from the NASA POWER Project' (AWS Open Data Registry entry)	CC BY 4.0 for climate; no venue data for this country	partial, seasonality only and nowhere named	high, the answer differs by city and by activity; Tokyo in July suits swimming and defeats running	HIGH_THIN_CONTENT_RISK	low	medium	out_of_window	medium	NEEDS_DATA	no venue data for this country, so the page can only describe seasonality and cannot name anywhere to go	DEMAND_UNMEASURED	0/1980	
C005561	/pt/desporto/lima-cycling/	sport	sport.city-season	city-activity-seasonality	3936456:cycling	Lima cycling		PE		Lima	pt	pt-BR							no										none		nasa-power-daily	partial	CC BY 4.0; 'There are no restrictions on the use, access, and/or download of data from the NASA POWER Project' (AWS Open Data Registry entry)	CC BY 4.0 for climate; no venue data for this country	partial, seasonality only and nowhere named	high, the answer differs by city and by activity; Tokyo in July suits swimming and defeats running	HIGH_THIN_CONTENT_RISK	low	medium	out_of_window	medium	NEEDS_DATA	no venue data for this country, so the page can only describe seasonality and cannot name anywhere to go	DEMAND_UNMEASURED	0/1980	
C005562	/de/sport/lima-hiking/	sport	sport.city-season	city-activity-seasonality	3936456:hiking	Lima hiking		PE		Lima	de	de-DE							no										none		nasa-power-daily	partial	CC BY 4.0; 'There are no restrictions on the use, access, and/or download of data from the NASA POWER Project' (AWS Open Data Registry entry)	CC BY 4.0 for climate; no venue data for this country	partial, seasonality only and nowhere named	high, the answer differs by city and by activity; Tokyo in July suits swimming and defeats running	HIGH_THIN_CONTENT_RISK	low	medium	out_of_window	medium	NEEDS_DATA	no venue data for this country, so the page can only describe seasonality and cannot name anywhere to go	DEMAND_UNMEASURED	0/1980	
C005563	/en/sport/lima-hiking/	sport	sport.city-season	city-activity-seasonality	3936456:hiking	Lima hiking		PE		Lima	en	en-US							no										none		nasa-power-daily	partial	CC BY 4.0; 'There are no restrictions on the use, access, and/or download of data from the NASA POWER Project' (AWS Open Data Registry entry)	CC BY 4.0 for climate; no venue data for this country	partial, seasonality only and nowhere named	high, the answer differs by city and by activity; Tokyo in July suits swimming and defeats running	HIGH_THIN_CONTENT_RISK	low	medium	out_of_window	medium	NEEDS_DATA	no venue data for this country, so the page can only describe seasonality and cannot name anywhere to go	DEMAND_UNMEASURED	0/1980	
C005564	/es/deporte/lima-hiking/	sport	sport.city-season	city-activity-seasonality	3936456:hiking	Lima hiking		PE		Lima	es	es-ES							no										none		nasa-power-daily	partial	CC BY 4.0; 'There are no restrictions on the use, access, and/or download of data from the NASA POWER Project' (AWS Open Data Registry entry)	CC BY 4.0 for climate; no venue data for this country	partial, seasonality only and nowhere named	high, the answer differs by city and by activity; Tokyo in July suits swimming and defeats running	HIGH_THIN_CONTENT_RISK	low	medium	out_of_window	medium	NEEDS_DATA	no venue data for this country, so the page can only describe seasonality and cannot name anywhere to go	DEMAND_UNMEASURED	0/1980	
C005565	/fr/sport/lima-hiking/	sport	sport.city-season	city-activity-seasonality	3936456:hiking	Lima hiking		PE		Lima	fr	fr-FR							no										none		nasa-power-daily	partial	CC BY 4.0; 'There are no restrictions on the use, access, and/or download of data from the NASA POWER Project' (AWS Open Data Registry entry)	CC BY 4.0 for climate; no venue data for this country	partial, seasonality only and nowhere named	high, the answer differs by city and by activity; Tokyo in July suits swimming and defeats running	HIGH_THIN_CONTENT_RISK	low	medium	out_of_window	medium	NEEDS_DATA	no venue data for this country, so the page can only describe seasonality and cannot name anywhere to go	DEMAND_UNMEASURED	0/1980	
C005566	/it/sport/lima-hiking/	sport	sport.city-season	city-activity-seasonality	3936456:hiking	Lima hiking		PE		Lima	it	it-IT							no										none		nasa-power-daily	partial	CC BY 4.0; 'There are no restrictions on the use, access, and/or download of data from the NASA POWER Project' (AWS Open Data Registry entry)	CC BY 4.0 for climate; no venue data for this country	partial, seasonality only and nowhere named	high, the answer differs by city and by activity; Tokyo in July suits swimming and defeats running	HIGH_THIN_CONTENT_RISK	low	medium	out_of_window	medium	NEEDS_DATA	no venue data for this country, so the page can only describe seasonality and cannot name anywhere to go	DEMAND_UNMEASURED	0/1980	
C005567	/ja/sport/lima-hiking/	sport	sport.city-season	city-activity-seasonality	3936456:hiking	Lima hiking		PE		Lima	ja	ja-JP							no										none		nasa-power-daily	partial	CC BY 4.0; 'There are no restrictions on the use, access, and/or download of data from the NASA POWER Project' (AWS Open Data Registry entry)	CC BY 4.0 for climate; no venue data for this country	partial, seasonality only and nowhere named	high, the answer differs by city and by activity; Tokyo in July suits swimming and defeats running	HIGH_THIN_CONTENT_RISK	low	medium	out_of_window	medium	NEEDS_DATA	no venue data for this country, so the page can only describe seasonality and cannot name anywhere to go	DEMAND_UNMEASURED	0/1980	
C005568	/nl/sport/lima-hiking/	sport	sport.city-season	city-activity-seasonality	3936456:hiking	Lima hiking		PE		Lima	nl	nl-NL							no										none		nasa-power-daily	partial	CC BY 4.0; 'There are no restrictions on the use, access, and/or download of data from the NASA POWER Project' (AWS Open Data Registry entry)	CC BY 4.0 for climate; no venue data for this country	partial, seasonality only and nowhere named	high, the answer differs by city and by activity; Tokyo in July suits swimming and defeats running	HIGH_THIN_CONTENT_RISK	low	medium	out_of_window	medium	NEEDS_DATA	no venue data for this country, so the page can only describe seasonality and cannot name anywhere to go	DEMAND_UNMEASURED	0/1980	
C005569	/pl/sport/lima-hiking/	sport	sport.city-season	city-activity-seasonality	3936456:hiking	Lima hiking		PE		Lima	pl	pl-PL							no										none		nasa-power-daily	partial	CC BY 4.0; 'There are no restrictions on the use, access, and/or download of data from the NASA POWER Project' (AWS Open Data Registry entry)	CC BY 4.0 for climate; no venue data for this country	partial, seasonality only and nowhere named	high, the answer differs by city and by activity; Tokyo in July suits swimming and defeats running	HIGH_THIN_CONTENT_RISK	low	medium	out_of_window	medium	NEEDS_DATA	no venue data for this country, so the page can only describe seasonality and cannot name anywhere to go	DEMAND_UNMEASURED	0/1980	
C005570	/pt/desporto/lima-hiking/	sport	sport.city-season	city-activity-seasonality	3936456:hiking	Lima hiking		PE		Lima	pt	pt-BR							no										none		nasa-power-daily	partial	CC BY 4.0; 'There are no restrictions on the use, access, and/or download of data from the NASA POWER Project' (AWS Open Data Registry entry)	CC BY 4.0 for climate; no venue data for this country	partial, seasonality only and nowhere named	high, the answer differs by city and by activity; Tokyo in July suits swimming and defeats running	HIGH_THIN_CONTENT_RISK	low	medium	out_of_window	medium	NEEDS_DATA	no venue data for this country, so the page can only describe seasonality and cannot name anywhere to go	DEMAND_UNMEASURED	0/1980	
C005571	/de/sport/lima-swimming/	sport	sport.city-season	city-activity-seasonality	3936456:swimming	Lima swimming		PE		Lima	de	de-DE							no										none		nasa-power-daily	partial	CC BY 4.0; 'There are no restrictions on the use, access, and/or download of data from the NASA POWER Project' (AWS Open Data Registry entry)	CC BY 4.0 for climate; no venue data for this country	partial, seasonality only and nowhere named	high, the answer differs by city and by activity; Tokyo in July suits swimming and defeats running	HIGH_THIN_CONTENT_RISK	low	medium	out_of_window	medium	NEEDS_DATA	no venue data for this country, so the page can only describe seasonality and cannot name anywhere to go	DEMAND_UNMEASURED	0/1980	
C005572	/en/sport/lima-swimming/	sport	sport.city-season	city-activity-seasonality	3936456:swimming	Lima swimming		PE		Lima	en	en-US							no										none		nasa-power-daily	partial	CC BY 4.0; 'There are no restrictions on the use, access, and/or download of data from the NASA POWER Project' (AWS Open Data Registry entry)	CC BY 4.0 for climate; no venue data for this country	partial, seasonality only and nowhere named	high, the answer differs by city and by activity; Tokyo in July suits swimming and defeats running	HIGH_THIN_CONTENT_RISK	low	medium	out_of_window	medium	NEEDS_DATA	no venue data for this country, so the page can only describe seasonality and cannot name anywhere to go	DEMAND_UNMEASURED	0/1980	
C005573	/es/deporte/lima-swimming/	sport	sport.city-season	city-activity-seasonality	3936456:swimming	Lima swimming		PE		Lima	es	es-ES							no										none		nasa-power-daily	partial	CC BY 4.0; 'There are no restrictions on the use, access, and/or download of data from the NASA POWER Project' (AWS Open Data Registry entry)	CC BY 4.0 for climate; no venue data for this country	partial, seasonality only and nowhere named	high, the answer differs by city and by activity; Tokyo in July suits swimming and defeats running	HIGH_THIN_CONTENT_RISK	low	medium	out_of_window	medium	NEEDS_DATA	no venue data for this country, so the page can only describe seasonality and cannot name anywhere to go	DEMAND_UNMEASURED	0/1980	
C005574	/fr/sport/lima-swimming/	sport	sport.city-season	city-activity-seasonality	3936456:swimming	Lima swimming		PE		Lima	fr	fr-FR							no										none		nasa-power-daily	partial	CC BY 4.0; 'There are no restrictions on the use, access, and/or download of data from the NASA POWER Project' (AWS Open Data Registry entry)	CC BY 4.0 for climate; no venue data for this country	partial, seasonality only and nowhere named	high, the answer differs by city and by activity; Tokyo in July suits swimming and defeats running	HIGH_THIN_CONTENT_RISK	low	medium	out_of_window	medium	NEEDS_DATA	no venue data for this country, so the page can only describe seasonality and cannot name anywhere to go	DEMAND_UNMEASURED	0/1980	
C005575	/it/sport/lima-swimming/	sport	sport.city-season	city-activity-seasonality	3936456:swimming	Lima swimming		PE		Lima	it	it-IT							no										none		nasa-power-daily	partial	CC BY 4.0; 'There are no restrictions on the use, access, and/or download of data from the NASA POWER Project' (AWS Open Data Registry entry)	CC BY 4.0 for climate; no venue data for this country	partial, seasonality only and nowhere named	high, the answer differs by city and by activity; Tokyo in July suits swimming and defeats running	HIGH_THIN_CONTENT_RISK	low	medium	out_of_window	medium	NEEDS_DATA	no venue data for this country, so the page can only describe seasonality and cannot name anywhere to go	DEMAND_UNMEASURED	0/1980	
C005576	/ja/sport/lima-swimming/	sport	sport.city-season	city-activity-seasonality	3936456:swimming	Lima swimming		PE		Lima	ja	ja-JP							no										none		nasa-power-daily	partial	CC BY 4.0; 'There are no restrictions on the use, access, and/or download of data from the NASA POWER Project' (AWS Open Data Registry entry)	CC BY 4.0 for climate; no venue data for this country	partial, seasonality only and nowhere named	high, the answer differs by city and by activity; Tokyo in July suits swimming and defeats running	HIGH_THIN_CONTENT_RISK	low	medium	out_of_window	medium	NEEDS_DATA	no venue data for this country, so the page can only describe seasonality and cannot name anywhere to go	DEMAND_UNMEASURED	0/1980	
C005577	/nl/sport/lima-swimming/	sport	sport.city-season	city-activity-seasonality	3936456:swimming	Lima swimming		PE		Lima	nl	nl-NL							no										none		nasa-power-daily	partial	CC BY 4.0; 'There are no restrictions on the use, access, and/or download of data from the NASA POWER Project' (AWS Open Data Registry entry)	CC BY 4.0 for climate; no venue data for this country	partial, seasonality only and nowhere named	high, the answer differs by city and by activity; Tokyo in July suits swimming and defeats running	HIGH_THIN_CONTENT_RISK	low	medium	out_of_window	medium	NEEDS_DATA	no venue data for this country, so the page can only describe seasonality and cannot name anywhere to go	DEMAND_UNMEASURED	0/1980	
C005578	/pl/sport/lima-swimming/	sport	sport.city-season	city-activity-seasonality	3936456:swimming	Lima swimming		PE		Lima	pl	pl-PL							no										none		nasa-power-daily	partial	CC BY 4.0; 'There are no restrictions on the use, access, and/or download of data from the NASA POWER Project' (AWS Open Data Registry entry)	CC BY 4.0 for climate; no venue data for this country	partial, seasonality only and nowhere named	high, the answer differs by city and by activity; Tokyo in July suits swimming and defeats running	HIGH_THIN_CONTENT_RISK	low	medium	out_of_window	medium	NEEDS_DATA	no venue data for this country, so the page can only describe seasonality and cannot name anywhere to go	DEMAND_UNMEASURED	0/1980	
C005579	/pt/desporto/lima-swimming/	sport	sport.city-season	city-activity-seasonality	3936456:swimming	Lima swimming		PE		Lima	pt	pt-BR							no										none		nasa-power-daily	partial	CC BY 4.0; 'There are no restrictions on the use, access, and/or download of data from the NASA POWER Project' (AWS Open Data Registry entry)	CC BY 4.0 for climate; no venue data for this country	partial, seasonality only and nowhere named	high, the answer differs by city and by activity; Tokyo in July suits swimming and defeats running	HIGH_THIN_CONTENT_RISK	low	medium	out_of_window	medium	NEEDS_DATA	no venue data for this country, so the page can only describe seasonality and cannot name anywhere to go	DEMAND_UNMEASURED	0/1980	
C005580	/de/sport/cusco-running/	sport	sport.city-season	city-activity-seasonality	3941584:running	Cusco running		PE		Cusco	de	de-DE							no										none		nasa-power-daily	partial	CC BY 4.0; 'There are no restrictions on the use, access, and/or download of data from the NASA POWER Project' (AWS Open Data Registry entry)	CC BY 4.0 for climate; no venue data for this country	partial, seasonality only and nowhere named	high, the answer differs by city and by activity; Tokyo in July suits swimming and defeats running	HIGH_THIN_CONTENT_RISK	low	medium	out_of_window	medium	NEEDS_DATA	no venue data for this country, so the page can only describe seasonality and cannot name anywhere to go	DEMAND_UNMEASURED	0/1980	
C005581	/en/sport/cusco-running/	sport	sport.city-season	city-activity-seasonality	3941584:running	Cusco running		PE		Cusco	en	en-US							no										none		nasa-power-daily	partial	CC BY 4.0; 'There are no restrictions on the use, access, and/or download of data from the NASA POWER Project' (AWS Open Data Registry entry)	CC BY 4.0 for climate; no venue data for this country	partial, seasonality only and nowhere named	high, the answer differs by city and by activity; Tokyo in July suits swimming and defeats running	HIGH_THIN_CONTENT_RISK	low	medium	out_of_window	medium	NEEDS_DATA	no venue data for this country, so the page can only describe seasonality and cannot name anywhere to go	DEMAND_UNMEASURED	0/1980	
C005582	/es/deporte/cusco-running/	sport	sport.city-season	city-activity-seasonality	3941584:running	Cusco running		PE		Cusco	es	es-ES							no										none		nasa-power-daily	partial	CC BY 4.0; 'There are no restrictions on the use, access, and/or download of data from the NASA POWER Project' (AWS Open Data Registry entry)	CC BY 4.0 for climate; no venue data for this country	partial, seasonality only and nowhere named	high, the answer differs by city and by activity; Tokyo in July suits swimming and defeats running	HIGH_THIN_CONTENT_RISK	low	medium	out_of_window	medium	NEEDS_DATA	no venue data for this country, so the page can only describe seasonality and cannot name anywhere to go	DEMAND_UNMEASURED	0/1980	
C005583	/fr/sport/cusco-running/	sport	sport.city-season	city-activity-seasonality	3941584:running	Cusco running		PE		Cusco	fr	fr-FR							no										none		nasa-power-daily	partial	CC BY 4.0; 'There are no restrictions on the use, access, and/or download of data from the NASA POWER Project' (AWS Open Data Registry entry)	CC BY 4.0 for climate; no venue data for this country	partial, seasonality only and nowhere named	high, the answer differs by city and by activity; Tokyo in July suits swimming and defeats running	HIGH_THIN_CONTENT_RISK	low	medium	out_of_window	medium	NEEDS_DATA	no venue data for this country, so the page can only describe seasonality and cannot name anywhere to go	DEMAND_UNMEASURED	0/1980	
C005584	/it/sport/cusco-running/	sport	sport.city-season	city-activity-seasonality	3941584:running	Cusco running		PE		Cusco	it	it-IT							no										none		nasa-power-daily	partial	CC BY 4.0; 'There are no restrictions on the use, access, and/or download of data from the NASA POWER Project' (AWS Open Data Registry entry)	CC BY 4.0 for climate; no venue data for this country	partial, seasonality only and nowhere named	high, the answer differs by city and by activity; Tokyo in July suits swimming and defeats running	HIGH_THIN_CONTENT_RISK	low	medium	out_of_window	medium	NEEDS_DATA	no venue data for this country, so the page can only describe seasonality and cannot name anywhere to go	DEMAND_UNMEASURED	0/1980	
C005585	/ja/sport/cusco-running/	sport	sport.city-season	city-activity-seasonality	3941584:running	Cusco running		PE		Cusco	ja	ja-JP							no										none		nasa-power-daily	partial	CC BY 4.0; 'There are no restrictions on the use, access, and/or download of data from the NASA POWER Project' (AWS Open Data Registry entry)	CC BY 4.0 for climate; no venue data for this country	partial, seasonality only and nowhere named	high, the answer differs by city and by activity; Tokyo in July suits swimming and defeats running	HIGH_THIN_CONTENT_RISK	low	medium	out_of_window	medium	NEEDS_DATA	no venue data for this country, so the page can only describe seasonality and cannot name anywhere to go	DEMAND_UNMEASURED	0/1980	
C005586	/nl/sport/cusco-running/	sport	sport.city-season	city-activity-seasonality	3941584:running	Cusco running		PE		Cusco	nl	nl-NL							no										none		nasa-power-daily	partial	CC BY 4.0; 'There are no restrictions on the use, access, and/or download of data from the NASA POWER Project' (AWS Open Data Registry entry)	CC BY 4.0 for climate; no venue data for this country	partial, seasonality only and nowhere named	high, the answer differs by city and by activity; Tokyo in July suits swimming and defeats running	HIGH_THIN_CONTENT_RISK	low	medium	out_of_window	medium	NEEDS_DATA	no venue data for this country, so the page can only describe seasonality and cannot name anywhere to go	DEMAND_UNMEASURED	0/1980	
C005587	/pl/sport/cusco-running/	sport	sport.city-season	city-activity-seasonality	3941584:running	Cusco running		PE		Cusco	pl	pl-PL							no										none		nasa-power-daily	partial	CC BY 4.0; 'There are no restrictions on the use, access, and/or download of data from the NASA POWER Project' (AWS Open Data Registry entry)	CC BY 4.0 for climate; no venue data for this country	partial, seasonality only and nowhere named	high, the answer differs by city and by activity; Tokyo in July suits swimming and defeats running	HIGH_THIN_CONTENT_RISK	low	medium	out_of_window	medium	NEEDS_DATA	no venue data for this country, so the page can only describe seasonality and cannot name anywhere to go	DEMAND_UNMEASURED	0/1980	
C005588	/pt/desporto/cusco-running/	sport	sport.city-season	city-activity-seasonality	3941584:running	Cusco running		PE		Cusco	pt	pt-BR							no										none		nasa-power-daily	partial	CC BY 4.0; 'There are no restrictions on the use, access, and/or download of data from the NASA POWER Project' (AWS Open Data Registry entry)	CC BY 4.0 for climate; no venue data for this country	partial, seasonality only and nowhere named	high, the answer differs by city and by activity; Tokyo in July suits swimming and defeats running	HIGH_THIN_CONTENT_RISK	low	medium	out_of_window	medium	NEEDS_DATA	no venue data for this country, so the page can only describe seasonality and cannot name anywhere to go	DEMAND_UNMEASURED	0/1980	
C005589	/de/sport/cusco-cycling/	sport	sport.city-season	city-activity-seasonality	3941584:cycling	Cusco cycling		PE		Cusco	de	de-DE							no										none		nasa-power-daily	partial	CC BY 4.0; 'There are no restrictions on the use, access, and/or download of data from the NASA POWER Project' (AWS Open Data Registry entry)	CC BY 4.0 for climate; no venue data for this country	partial, seasonality only and nowhere named	high, the answer differs by city and by activity; Tokyo in July suits swimming and defeats running	HIGH_THIN_CONTENT_RISK	low	medium	out_of_window	medium	NEEDS_DATA	no venue data for this country, so the page can only describe seasonality and cannot name anywhere to go	DEMAND_UNMEASURED	0/1980	
C005590	/en/sport/cusco-cycling/	sport	sport.city-season	city-activity-seasonality	3941584:cycling	Cusco cycling		PE		Cusco	en	en-US							no										none		nasa-power-daily	partial	CC BY 4.0; 'There are no restrictions on the use, access, and/or download of data from the NASA POWER Project' (AWS Open Data Registry entry)	CC BY 4.0 for climate; no venue data for this country	partial, seasonality only and nowhere named	high, the answer differs by city and by activity; Tokyo in July suits swimming and defeats running	HIGH_THIN_CONTENT_RISK	low	medium	out_of_window	medium	NEEDS_DATA	no venue data for this country, so the page can only describe seasonality and cannot name anywhere to go	DEMAND_UNMEASURED	0/1980	
C005591	/es/deporte/cusco-cycling/	sport	sport.city-season	city-activity-seasonality	3941584:cycling	Cusco cycling		PE		Cusco	es	es-ES							no										none		nasa-power-daily	partial	CC BY 4.0; 'There are no restrictions on the use, access, and/or download of data from the NASA POWER Project' (AWS Open Data Registry entry)	CC BY 4.0 for climate; no venue data for this country	partial, seasonality only and nowhere named	high, the answer differs by city and by activity; Tokyo in July suits swimming and defeats running	HIGH_THIN_CONTENT_RISK	low	medium	out_of_window	medium	NEEDS_DATA	no venue data for this country, so the page can only describe seasonality and cannot name anywhere to go	DEMAND_UNMEASURED	0/1980	
C005592	/fr/sport/cusco-cycling/	sport	sport.city-season	city-activity-seasonality	3941584:cycling	Cusco cycling		PE		Cusco	fr	fr-FR							no										none		nasa-power-daily	partial	CC BY 4.0; 'There are no restrictions on the use, access, and/or download of data from the NASA POWER Project' (AWS Open Data Registry entry)	CC BY 4.0 for climate; no venue data for this country	partial, seasonality only and nowhere named	high, the answer differs by city and by activity; Tokyo in July suits swimming and defeats running	HIGH_THIN_CONTENT_RISK	low	medium	out_of_window	medium	NEEDS_DATA	no venue data for this country, so the page can only describe seasonality and cannot name anywhere to go	DEMAND_UNMEASURED	0/1980	
C005593	/it/sport/cusco-cycling/	sport	sport.city-season	city-activity-seasonality	3941584:cycling	Cusco cycling		PE		Cusco	it	it-IT							no										none		nasa-power-daily	partial	CC BY 4.0; 'There are no restrictions on the use, access, and/or download of data from the NASA POWER Project' (AWS Open Data Registry entry)	CC BY 4.0 for climate; no venue data for this country	partial, seasonality only and nowhere named	high, the answer differs by city and by activity; Tokyo in July suits swimming and defeats running	HIGH_THIN_CONTENT_RISK	low	medium	out_of_window	medium	NEEDS_DATA	no venue data for this country, so the page can only describe seasonality and cannot name anywhere to go	DEMAND_UNMEASURED	0/1980	
C005594	/ja/sport/cusco-cycling/	sport	sport.city-season	city-activity-seasonality	3941584:cycling	Cusco cycling		PE		Cusco	ja	ja-JP							no										none		nasa-power-daily	partial	CC BY 4.0; 'There are no restrictions on the use, access, and/or download of data from the NASA POWER Project' (AWS Open Data Registry entry)	CC BY 4.0 for climate; no venue data for this country	partial, seasonality only and nowhere named	high, the answer differs by city and by activity; Tokyo in July suits swimming and defeats running	HIGH_THIN_CONTENT_RISK	low	medium	out_of_window	medium	NEEDS_DATA	no venue data for this country, so the page can only describe seasonality and cannot name anywhere to go	DEMAND_UNMEASURED	0/1980	
C005595	/nl/sport/cusco-cycling/	sport	sport.city-season	city-activity-seasonality	3941584:cycling	Cusco cycling		PE		Cusco	nl	nl-NL							no										none		nasa-power-daily	partial	CC BY 4.0; 'There are no restrictions on the use, access, and/or download of data from the NASA POWER Project' (AWS Open Data Registry entry)	CC BY 4.0 for climate; no venue data for this country	partial, seasonality only and nowhere named	high, the answer differs by city and by activity; Tokyo in July suits swimming and defeats running	HIGH_THIN_CONTENT_RISK	low	medium	out_of_window	medium	NEEDS_DATA	no venue data for this country, so the page can only describe seasonality and cannot name anywhere to go	DEMAND_UNMEASURED	0/1980	
C005596	/pl/sport/cusco-cycling/	sport	sport.city-season	city-activity-seasonality	3941584:cycling	Cusco cycling		PE		Cusco	pl	pl-PL							no										none		nasa-power-daily	partial	CC BY 4.0; 'There are no restrictions on the use, access, and/or download of data from the NASA POWER Project' (AWS Open Data Registry entry)	CC BY 4.0 for climate; no venue data for this country	partial, seasonality only and nowhere named	high, the answer differs by city and by activity; Tokyo in July suits swimming and defeats running	HIGH_THIN_CONTENT_RISK	low	medium	out_of_window	medium	NEEDS_DATA	no venue data for this country, so the page can only describe seasonality and cannot name anywhere to go	DEMAND_UNMEASURED	0/1980	
C005597	/pt/desporto/cusco-cycling/	sport	sport.city-season	city-activity-seasonality	3941584:cycling	Cusco cycling		PE		Cusco	pt	pt-BR							no										none		nasa-power-daily	partial	CC BY 4.0; 'There are no restrictions on the use, access, and/or download of data from the NASA POWER Project' (AWS Open Data Registry entry)	CC BY 4.0 for climate; no venue data for this country	partial, seasonality only and nowhere named	high, the answer differs by city and by activity; Tokyo in July suits swimming and defeats running	HIGH_THIN_CONTENT_RISK	low	medium	out_of_window	medium	NEEDS_DATA	no venue data for this country, so the page can only describe seasonality and cannot name anywhere to go	DEMAND_UNMEASURED	0/1980	
C005598	/de/sport/cusco-hiking/	sport	sport.city-season	city-activity-seasonality	3941584:hiking	Cusco hiking		PE		Cusco	de	de-DE							no										none		nasa-power-daily	partial	CC BY 4.0; 'There are no restrictions on the use, access, and/or download of data from the NASA POWER Project' (AWS Open Data Registry entry)	CC BY 4.0 for climate; no venue data for this country	partial, seasonality only and nowhere named	high, the answer differs by city and by activity; Tokyo in July suits swimming and defeats running	HIGH_THIN_CONTENT_RISK	low	medium	out_of_window	medium	NEEDS_DATA	no venue data for this country, so the page can only describe seasonality and cannot name anywhere to go	DEMAND_UNMEASURED	0/1980	
C005599	/en/sport/cusco-hiking/	sport	sport.city-season	city-activity-seasonality	3941584:hiking	Cusco hiking		PE		Cusco	en	en-US							no										none		nasa-power-daily	partial	CC BY 4.0; 'There are no restrictions on the use, access, and/or download of data from the NASA POWER Project' (AWS Open Data Registry entry)	CC BY 4.0 for climate; no venue data for this country	partial, seasonality only and nowhere named	high, the answer differs by city and by activity; Tokyo in July suits swimming and defeats running	HIGH_THIN_CONTENT_RISK	low	medium	out_of_window	medium	NEEDS_DATA	no venue data for this country, so the page can only describe seasonality and cannot name anywhere to go	DEMAND_UNMEASURED	0/1980	
C005600	/es/deporte/cusco-hiking/	sport	sport.city-season	city-activity-seasonality	3941584:hiking	Cusco hiking		PE		Cusco	es	es-ES							no										none		nasa-power-daily	partial	CC BY 4.0; 'There are no restrictions on the use, access, and/or download of data from the NASA POWER Project' (AWS Open Data Registry entry)	CC BY 4.0 for climate; no venue data for this country	partial, seasonality only and nowhere named	high, the answer differs by city and by activity; Tokyo in July suits swimming and defeats running	HIGH_THIN_CONTENT_RISK	low	medium	out_of_window	medium	NEEDS_DATA	no venue data for this country, so the page can only describe seasonality and cannot name anywhere to go	DEMAND_UNMEASURED	0/1980	
C005601	/fr/sport/cusco-hiking/	sport	sport.city-season	city-activity-seasonality	3941584:hiking	Cusco hiking		PE		Cusco	fr	fr-FR							no										none		nasa-power-daily	partial	CC BY 4.0; 'There are no restrictions on the use, access, and/or download of data from the NASA POWER Project' (AWS Open Data Registry entry)	CC BY 4.0 for climate; no venue data for this country	partial, seasonality only and nowhere named	high, the answer differs by city and by activity; Tokyo in July suits swimming and defeats running	HIGH_THIN_CONTENT_RISK	low	medium	out_of_window	medium	NEEDS_DATA	no venue data for this country, so the page can only describe seasonality and cannot name anywhere to go	DEMAND_UNMEASURED	0/1980	
C005602	/it/sport/cusco-hiking/	sport	sport.city-season	city-activity-seasonality	3941584:hiking	Cusco hiking		PE		Cusco	it	it-IT							no										none		nasa-power-daily	partial	CC BY 4.0; 'There are no restrictions on the use, access, and/or download of data from the NASA POWER Project' (AWS Open Data Registry entry)	CC BY 4.0 for climate; no venue data for this country	partial, seasonality only and nowhere named	high, the answer differs by city and by activity; Tokyo in July suits swimming and defeats running	HIGH_THIN_CONTENT_RISK	low	medium	out_of_window	medium	NEEDS_DATA	no venue data for this country, so the page can only describe seasonality and cannot name anywhere to go	DEMAND_UNMEASURED	0/1980	
C005603	/ja/sport/cusco-hiking/	sport	sport.city-season	city-activity-seasonality	3941584:hiking	Cusco hiking		PE		Cusco	ja	ja-JP							no										none		nasa-power-daily	partial	CC BY 4.0; 'There are no restrictions on the use, access, and/or download of data from the NASA POWER Project' (AWS Open Data Registry entry)	CC BY 4.0 for climate; no venue data for this country	partial, seasonality only and nowhere named	high, the answer differs by city and by activity; Tokyo in July suits swimming and defeats running	HIGH_THIN_CONTENT_RISK	low	medium	out_of_window	medium	NEEDS_DATA	no venue data for this country, so the page can only describe seasonality and cannot name anywhere to go	DEMAND_UNMEASURED	0/1980	
C005604	/nl/sport/cusco-hiking/	sport	sport.city-season	city-activity-seasonality	3941584:hiking	Cusco hiking		PE		Cusco	nl	nl-NL							no										none		nasa-power-daily	partial	CC BY 4.0; 'There are no restrictions on the use, access, and/or download of data from the NASA POWER Project' (AWS Open Data Registry entry)	CC BY 4.0 for climate; no venue data for this country	partial, seasonality only and nowhere named	high, the answer differs by city and by activity; Tokyo in July suits swimming and defeats running	HIGH_THIN_CONTENT_RISK	low	medium	out_of_window	medium	NEEDS_DATA	no venue data for this country, so the page can only describe seasonality and cannot name anywhere to go	DEMAND_UNMEASURED	0/1980	
C005605	/pl/sport/cusco-hiking/	sport	sport.city-season	city-activity-seasonality	3941584:hiking	Cusco hiking		PE		Cusco	pl	pl-PL							no										none		nasa-power-daily	partial	CC BY 4.0; 'There are no restrictions on the use, access, and/or download of data from the NASA POWER Project' (AWS Open Data Registry entry)	CC BY 4.0 for climate; no venue data for this country	partial, seasonality only and nowhere named	high, the answer differs by city and by activity; Tokyo in July suits swimming and defeats running	HIGH_THIN_CONTENT_RISK	low	medium	out_of_window	medium	NEEDS_DATA	no venue data for this country, so the page can only describe seasonality and cannot name anywhere to go	DEMAND_UNMEASURED	0/1980	
C005606	/pt/desporto/cusco-hiking/	sport	sport.city-season	city-activity-seasonality	3941584:hiking	Cusco hiking		PE		Cusco	pt	pt-BR							no										none		nasa-power-daily	partial	CC BY 4.0; 'There are no restrictions on the use, access, and/or download of data from the NASA POWER Project' (AWS Open Data Registry entry)	CC BY 4.0 for climate; no venue data for this country	partial, seasonality only and nowhere named	high, the answer differs by city and by activity; Tokyo in July suits swimming and defeats running	HIGH_THIN_CONTENT_RISK	low	medium	out_of_window	medium	NEEDS_DATA	no venue data for this country, so the page can only describe seasonality and cannot name anywhere to go	DEMAND_UNMEASURED	0/1980	
C005607	/de/sport/cusco-swimming/	sport	sport.city-season	city-activity-seasonality	3941584:swimming	Cusco swimming		PE		Cusco	de	de-DE							no										none		nasa-power-daily	partial	CC BY 4.0; 'There are no restrictions on the use, access, and/or download of data from the NASA POWER Project' (AWS Open Data Registry entry)	CC BY 4.0 for climate; no venue data for this country	partial, seasonality only and nowhere named	high, the answer differs by city and by activity; Tokyo in July suits swimming and defeats running	HIGH_THIN_CONTENT_RISK	low	medium	out_of_window	medium	NEEDS_DATA	no venue data for this country, so the page can only describe seasonality and cannot name anywhere to go	DEMAND_UNMEASURED	0/1980	
C005608	/en/sport/cusco-swimming/	sport	sport.city-season	city-activity-seasonality	3941584:swimming	Cusco swimming		PE		Cusco	en	en-US							no										none		nasa-power-daily	partial	CC BY 4.0; 'There are no restrictions on the use, access, and/or download of data from the NASA POWER Project' (AWS Open Data Registry entry)	CC BY 4.0 for climate; no venue data for this country	partial, seasonality only and nowhere named	high, the answer differs by city and by activity; Tokyo in July suits swimming and defeats running	HIGH_THIN_CONTENT_RISK	low	medium	out_of_window	medium	NEEDS_DATA	no venue data for this country, so the page can only describe seasonality and cannot name anywhere to go	DEMAND_UNMEASURED	0/1980	
C005609	/es/deporte/cusco-swimming/	sport	sport.city-season	city-activity-seasonality	3941584:swimming	Cusco swimming		PE		Cusco	es	es-ES							no										none		nasa-power-daily	partial	CC BY 4.0; 'There are no restrictions on the use, access, and/or download of data from the NASA POWER Project' (AWS Open Data Registry entry)	CC BY 4.0 for climate; no venue data for this country	partial, seasonality only and nowhere named	high, the answer differs by city and by activity; Tokyo in July suits swimming and defeats running	HIGH_THIN_CONTENT_RISK	low	medium	out_of_window	medium	NEEDS_DATA	no venue data for this country, so the page can only describe seasonality and cannot name anywhere to go	DEMAND_UNMEASURED	0/1980	
C005610	/fr/sport/cusco-swimming/	sport	sport.city-season	city-activity-seasonality	3941584:swimming	Cusco swimming		PE		Cusco	fr	fr-FR							no										none		nasa-power-daily	partial	CC BY 4.0; 'There are no restrictions on the use, access, and/or download of data from the NASA POWER Project' (AWS Open Data Registry entry)	CC BY 4.0 for climate; no venue data for this country	partial, seasonality only and nowhere named	high, the answer differs by city and by activity; Tokyo in July suits swimming and defeats running	HIGH_THIN_CONTENT_RISK	low	medium	out_of_window	medium	NEEDS_DATA	no venue data for this country, so the page can only describe seasonality and cannot name anywhere to go	DEMAND_UNMEASURED	0/1980	
C005611	/it/sport/cusco-swimming/	sport	sport.city-season	city-activity-seasonality	3941584:swimming	Cusco swimming		PE		Cusco	it	it-IT							no										none		nasa-power-daily	partial	CC BY 4.0; 'There are no restrictions on the use, access, and/or download of data from the NASA POWER Project' (AWS Open Data Registry entry)	CC BY 4.0 for climate; no venue data for this country	partial, seasonality only and nowhere named	high, the answer differs by city and by activity; Tokyo in July suits swimming and defeats running	HIGH_THIN_CONTENT_RISK	low	medium	out_of_window	medium	NEEDS_DATA	no venue data for this country, so the page can only describe seasonality and cannot name anywhere to go	DEMAND_UNMEASURED	0/1980	
C005612	/ja/sport/cusco-swimming/	sport	sport.city-season	city-activity-seasonality	3941584:swimming	Cusco swimming		PE		Cusco	ja	ja-JP							no										none		nasa-power-daily	partial	CC BY 4.0; 'There are no restrictions on the use, access, and/or download of data from the NASA POWER Project' (AWS Open Data Registry entry)	CC BY 4.0 for climate; no venue data for this country	partial, seasonality only and nowhere named	high, the answer differs by city and by activity; Tokyo in July suits swimming and defeats running	HIGH_THIN_CONTENT_RISK	low	medium	out_of_window	medium	NEEDS_DATA	no venue data for this country, so the page can only describe seasonality and cannot name anywhere to go	DEMAND_UNMEASURED	0/1980	
C005613	/nl/sport/cusco-swimming/	sport	sport.city-season	city-activity-seasonality	3941584:swimming	Cusco swimming		PE		Cusco	nl	nl-NL							no										none		nasa-power-daily	partial	CC BY 4.0; 'There are no restrictions on the use, access, and/or download of data from the NASA POWER Project' (AWS Open Data Registry entry)	CC BY 4.0 for climate; no venue data for this country	partial, seasonality only and nowhere named	high, the answer differs by city and by activity; Tokyo in July suits swimming and defeats running	HIGH_THIN_CONTENT_RISK	low	medium	out_of_window	medium	NEEDS_DATA	no venue data for this country, so the page can only describe seasonality and cannot name anywhere to go	DEMAND_UNMEASURED	0/1980	
C005614	/pl/sport/cusco-swimming/	sport	sport.city-season	city-activity-seasonality	3941584:swimming	Cusco swimming		PE		Cusco	pl	pl-PL							no										none		nasa-power-daily	partial	CC BY 4.0; 'There are no restrictions on the use, access, and/or download of data from the NASA POWER Project' (AWS Open Data Registry entry)	CC BY 4.0 for climate; no venue data for this country	partial, seasonality only and nowhere named	high, the answer differs by city and by activity; Tokyo in July suits swimming and defeats running	HIGH_THIN_CONTENT_RISK	low	medium	out_of_window	medium	NEEDS_DATA	no venue data for this country, so the page can only describe seasonality and cannot name anywhere to go	DEMAND_UNMEASURED	0/1980	
C005615	/pt/desporto/cusco-swimming/	sport	sport.city-season	city-activity-seasonality	3941584:swimming	Cusco swimming		PE		Cusco	pt	pt-BR							no										none		nasa-power-daily	partial	CC BY 4.0; 'There are no restrictions on the use, access, and/or download of data from the NASA POWER Project' (AWS Open Data Registry entry)	CC BY 4.0 for climate; no venue data for this country	partial, seasonality only and nowhere named	high, the answer differs by city and by activity; Tokyo in July suits swimming and defeats running	HIGH_THIN_CONTENT_RISK	low	medium	out_of_window	medium	NEEDS_DATA	no venue data for this country, so the page can only describe seasonality and cannot name anywhere to go	DEMAND_UNMEASURED	0/1980	
C006426	/de/mietpreisentwicklung/albanien/	stay	rents.country-inflation	country-rent-trend	AL	Albania		AL			de	de-DE	mietpreisentwicklung Albanien						no										none		rent-index-verified	yes	Eurostat reuse policy, commercial reuse permitted with attribution	Eurostat reuse policy, commercial reuse permitted with attribution	high	medium, an index series per country	HIGH_THIN_CONTENT_RISK	medium	medium	out_of_window	medium	PROMISING	index only, no listings. Eurostat coverage is 36 countries. Demand is low and the page is structurally thin, so scaling this family risks thin content for little return.	DEMAND_LOW	4/324	165
C006427	/en/rent-increase/albania/	stay	rents.country-inflation	country-rent-trend	AL	Albania		AL			en	en-US	rent increase Albania						no										none		rent-index-verified	yes	Eurostat reuse policy, commercial reuse permitted with attribution	Eurostat reuse policy, commercial reuse permitted with attribution	high	medium, an index series per country	HIGH_THIN_CONTENT_RISK	medium	medium	out_of_window	medium	PROMISING	index only, no listings. Eurostat coverage is 36 countries. Demand is low and the page is structurally thin, so scaling this family risks thin content for little return.	DEMAND_LOW	4/324	165
C006428	/es/subida-del-alquiler/albania/	stay	rents.country-inflation	country-rent-trend	AL	Albania		AL			es	es-ES	subida del alquiler Albania						no										none		rent-index-verified	yes	Eurostat reuse policy, commercial reuse permitted with attribution	Eurostat reuse policy, commercial reuse permitted with attribution	high	medium, an index series per country	HIGH_THIN_CONTENT_RISK	medium	medium	out_of_window	medium	PROMISING	index only, no listings. Eurostat coverage is 36 countries. Demand is low and the page is structurally thin, so scaling this family risks thin content for little return.	DEMAND_LOW	4/324	165
C006429	/fr/augmentation-des-loyers/albanie/	stay	rents.country-inflation	country-rent-trend	AL	Albania		AL			fr	fr-FR	augmentation des loyers Albanie						no										none		rent-index-verified	yes	Eurostat reuse policy, commercial reuse permitted with attribution	Eurostat reuse policy, commercial reuse permitted with attribution	high	medium, an index series per country	HIGH_THIN_CONTENT_RISK	medium	medium	out_of_window	medium	PROMISING	index only, no listings. Eurostat coverage is 36 countries. Demand is low and the page is structurally thin, so scaling this family risks thin content for little return.	DEMAND_LOW	4/324	165
C006430	/it/aumento-affitti/albania/	stay	rents.country-inflation	country-rent-trend	AL	Albania		AL			it	it-IT	aumento affitti Albania						no										none		rent-index-verified	yes	Eurostat reuse policy, commercial reuse permitted with attribution	Eurostat reuse policy, commercial reuse permitted with attribution	high	medium, an index series per country	HIGH_THIN_CONTENT_RISK	medium	medium	out_of_window	medium	PROMISING	index only, no listings. Eurostat coverage is 36 countries. Demand is low and the page is structurally thin, so scaling this family risks thin content for little return.	DEMAND_LOW	4/324	165
C006431	/ja/rent-trend/albania/	stay	rents.country-inflation	country-rent-trend	AL	Albania		AL			ja	ja-JP							no										none		rent-index-verified	yes	Eurostat reuse policy, commercial reuse permitted with attribution	Eurostat reuse policy, commercial reuse permitted with attribution	high	medium, an index series per country	HIGH_THIN_CONTENT_RISK	medium	medium	out_of_window	medium	PROMISING	index only, no listings. Eurostat coverage is 36 countries. Demand is low and the page is structurally thin, so scaling this family risks thin content for little return.	DEMAND_LOW	4/324	165
C006432	/nl/huurverhoging/albanie/	stay	rents.country-inflation	country-rent-trend	AL	Albania		AL			nl	nl-NL	huurverhoging Albanië						no										none		rent-index-verified	yes	Eurostat reuse policy, commercial reuse permitted with attribution	Eurostat reuse policy, commercial reuse permitted with attribution	high	medium, an index series per country	HIGH_THIN_CONTENT_RISK	medium	medium	out_of_window	medium	PROMISING	index only, no listings. Eurostat coverage is 36 countries. Demand is low and the page is structurally thin, so scaling this family risks thin content for little return.	DEMAND_LOW	4/324	165
C006433	/pl/wzrost-czynszu/albania/	stay	rents.country-inflation	country-rent-trend	AL	Albania		AL			pl	pl-PL	wzrost czynszu Albania						no										none		rent-index-verified	yes	Eurostat reuse policy, commercial reuse permitted with attribution	Eurostat reuse policy, commercial reuse permitted with attribution	high	medium, an index series per country	HIGH_THIN_CONTENT_RISK	medium	medium	out_of_window	medium	PROMISING	index only, no listings. Eurostat coverage is 36 countries. Demand is low and the page is structurally thin, so scaling this family risks thin content for little return.	DEMAND_LOW	4/324	165
C006434	/pt/aumento-de-rendas/albania/	stay	rents.country-inflation	country-rent-trend	AL	Albania		AL			pt	pt-BR	aumento de rendas Albânia						no										none		rent-index-verified	yes	Eurostat reuse policy, commercial reuse permitted with attribution	Eurostat reuse policy, commercial reuse permitted with attribution	high	medium, an index series per country	HIGH_THIN_CONTENT_RISK	medium	medium	out_of_window	medium	PROMISING	index only, no listings. Eurostat coverage is 36 countries. Demand is low and the page is structurally thin, so scaling this family risks thin content for little return.	DEMAND_LOW	4/324	165
C006435	/de/mietpreisentwicklung/oesterreich/	stay	rents.country-inflation	country-rent-trend	AT	Austria		AT			de	de-DE	mietpreisentwicklung Österreich		2				yes	keywords-explorer-overview 2026-09-29									none		rent-index-verified	yes	Eurostat reuse policy, commercial reuse permitted with attribution	Eurostat reuse policy, commercial reuse permitted with attribution	high	medium, an index series per country	HIGH_THIN_CONTENT_RISK	medium	medium	out_of_window	medium	PROMISING	index only, no listings. Eurostat coverage is 36 countries. Global volume 20. Demand is low and the page is structurally thin, so scaling this family risks thin content for little return. Global volume 20.	DEMAND_LOW	4/324	165
C006436	/en/rent-increase/austria/	stay	rents.country-inflation	country-rent-trend	AT	Austria		AT			en	en-US	rent increase Austria						no										none		rent-index-verified	yes	Eurostat reuse policy, commercial reuse permitted with attribution	Eurostat reuse policy, commercial reuse permitted with attribution	high	medium, an index series per country	HIGH_THIN_CONTENT_RISK	medium	medium	out_of_window	medium	PROMISING	index only, no listings. Eurostat coverage is 36 countries. Demand is low and the page is structurally thin, so scaling this family risks thin content for little return.	DEMAND_LOW	4/324	165
C006437	/es/subida-del-alquiler/austria/	stay	rents.country-inflation	country-rent-trend	AT	Austria		AT			es	es-ES	subida del alquiler Austria						no										none		rent-index-verified	yes	Eurostat reuse policy, commercial reuse permitted with attribution	Eurostat reuse policy, commercial reuse permitted with attribution	high	medium, an index series per country	HIGH_THIN_CONTENT_RISK	medium	medium	out_of_window	medium	PROMISING	index only, no listings. Eurostat coverage is 36 countries. Demand is low and the page is structurally thin, so scaling this family risks thin content for little return.	DEMAND_LOW	4/324	165
C006438	/fr/augmentation-des-loyers/autriche/	stay	rents.country-inflation	country-rent-trend	AT	Austria		AT			fr	fr-FR	augmentation des loyers Autriche						no										none		rent-index-verified	yes	Eurostat reuse policy, commercial reuse permitted with attribution	Eurostat reuse policy, commercial reuse permitted with attribution	high	medium, an index series per country	HIGH_THIN_CONTENT_RISK	medium	medium	out_of_window	medium	PROMISING	index only, no listings. Eurostat coverage is 36 countries. Demand is low and the page is structurally thin, so scaling this family risks thin content for little return.	DEMAND_LOW	4/324	165
C006439	/it/aumento-affitti/austria/	stay	rents.country-inflation	country-rent-trend	AT	Austria		AT			it	it-IT	aumento affitti Austria						no										none		rent-index-verified	yes	Eurostat reuse policy, commercial reuse permitted with attribution	Eurostat reuse policy, commercial reuse permitted with attribution	high	medium, an index series per country	HIGH_THIN_CONTENT_RISK	medium	medium	out_of_window	medium	PROMISING	index only, no listings. Eurostat coverage is 36 countries. Demand is low and the page is structurally thin, so scaling this family risks thin content for little return.	DEMAND_LOW	4/324	165
C006440	/ja/rent-trend/austria/	stay	rents.country-inflation	country-rent-trend	AT	Austria		AT			ja	ja-JP							no										none		rent-index-verified	yes	Eurostat reuse policy, commercial reuse permitted with attribution	Eurostat reuse policy, commercial reuse permitted with attribution	high	medium, an index series per country	HIGH_THIN_CONTENT_RISK	medium	medium	out_of_window	medium	PROMISING	index only, no listings. Eurostat coverage is 36 countries. Demand is low and the page is structurally thin, so scaling this family risks thin content for little return.	DEMAND_LOW	4/324	165
C006441	/nl/huurverhoging/oostenrijk/	stay	rents.country-inflation	country-rent-trend	AT	Austria		AT			nl	nl-NL	huurverhoging Oostenrijk						no										none		rent-index-verified	yes	Eurostat reuse policy, commercial reuse permitted with attribution	Eurostat reuse policy, commercial reuse permitted with attribution	high	medium, an index series per country	HIGH_THIN_CONTENT_RISK	medium	medium	out_of_window	medium	PROMISING	index only, no listings. Eurostat coverage is 36 countries. Demand is low and the page is structurally thin, so scaling this family risks thin content for little return.	DEMAND_LOW	4/324	165
C006442	/pl/wzrost-czynszu/austria/	stay	rents.country-inflation	country-rent-trend	AT	Austria		AT			pl	pl-PL	wzrost czynszu Austria						no										none		rent-index-verified	yes	Eurostat reuse policy, commercial reuse permitted with attribution	Eurostat reuse policy, commercial reuse permitted with attribution	high	medium, an index series per country	HIGH_THIN_CONTENT_RISK	medium	medium	out_of_window	medium	PROMISING	index only, no listings. Eurostat coverage is 36 countries. Demand is low and the page is structurally thin, so scaling this family risks thin content for little return.	DEMAND_LOW	4/324	165
C006443	/pt/aumento-de-rendas/austria/	stay	rents.country-inflation	country-rent-trend	AT	Austria		AT			pt	pt-BR	aumento de rendas Áustria						no										none		rent-index-verified	yes	Eurostat reuse policy, commercial reuse permitted with attribution	Eurostat reuse policy, commercial reuse permitted with attribution	high	medium, an index series per country	HIGH_THIN_CONTENT_RISK	medium	medium	out_of_window	medium	PROMISING	index only, no listings. Eurostat coverage is 36 countries. Demand is low and the page is structurally thin, so scaling this family risks thin content for little return.	DEMAND_LOW	4/324	165
C006444	/de/mietpreisentwicklung/belgien/	stay	rents.country-inflation	country-rent-trend	BE	Belgium		BE			de	de-DE	mietpreisentwicklung Belgien						no										none		rent-index-verified	yes	Eurostat reuse policy, commercial reuse permitted with attribution	Eurostat reuse policy, commercial reuse permitted with attribution	high	medium, an index series per country	HIGH_THIN_CONTENT_RISK	medium	medium	out_of_window	medium	PROMISING	index only, no listings. Eurostat coverage is 36 countries. Demand is low and the page is structurally thin, so scaling this family risks thin content for little return.	DEMAND_LOW	4/324	165
C006445	/en/rent-increase/belgium/	stay	rents.country-inflation	country-rent-trend	BE	Belgium		BE			en	en-US	rent increase Belgium						no										none		rent-index-verified	yes	Eurostat reuse policy, commercial reuse permitted with attribution	Eurostat reuse policy, commercial reuse permitted with attribution	high	medium, an index series per country	HIGH_THIN_CONTENT_RISK	medium	medium	out_of_window	medium	PROMISING	index only, no listings. Eurostat coverage is 36 countries. Demand is low and the page is structurally thin, so scaling this family risks thin content for little return.	DEMAND_LOW	4/324	165
C006446	/es/subida-del-alquiler/belgica/	stay	rents.country-inflation	country-rent-trend	BE	Belgium		BE			es	es-ES	subida del alquiler Bélgica						no										none		rent-index-verified	yes	Eurostat reuse policy, commercial reuse permitted with attribution	Eurostat reuse policy, commercial reuse permitted with attribution	high	medium, an index series per country	HIGH_THIN_CONTENT_RISK	medium	medium	out_of_window	medium	PROMISING	index only, no listings. Eurostat coverage is 36 countries. Demand is low and the page is structurally thin, so scaling this family risks thin content for little return.	DEMAND_LOW	4/324	165
C006447	/fr/augmentation-des-loyers/belgique/	stay	rents.country-inflation	country-rent-trend	BE	Belgium		BE			fr	fr-FR	augmentation des loyers Belgique						no										none		rent-index-verified	yes	Eurostat reuse policy, commercial reuse permitted with attribution	Eurostat reuse policy, commercial reuse permitted with attribution	high	medium, an index series per country	HIGH_THIN_CONTENT_RISK	medium	medium	out_of_window	medium	PROMISING	index only, no listings. Eurostat coverage is 36 countries. Demand is low and the page is structurally thin, so scaling this family risks thin content for little return.	DEMAND_LOW	4/324	165
C006448	/it/aumento-affitti/belgio/	stay	rents.country-inflation	country-rent-trend	BE	Belgium		BE			it	it-IT	aumento affitti Belgio						no										none		rent-index-verified	yes	Eurostat reuse policy, commercial reuse permitted with attribution	Eurostat reuse policy, commercial reuse permitted with attribution	high	medium, an index series per country	HIGH_THIN_CONTENT_RISK	medium	medium	out_of_window	medium	PROMISING	index only, no listings. Eurostat coverage is 36 countries. Demand is low and the page is structurally thin, so scaling this family risks thin content for little return.	DEMAND_LOW	4/324	165
C006449	/ja/rent-trend/belgium/	stay	rents.country-inflation	country-rent-trend	BE	Belgium		BE			ja	ja-JP							no										none		rent-index-verified	yes	Eurostat reuse policy, commercial reuse permitted with attribution	Eurostat reuse policy, commercial reuse permitted with attribution	high	medium, an index series per country	HIGH_THIN_CONTENT_RISK	medium	medium	out_of_window	medium	PROMISING	index only, no listings. Eurostat coverage is 36 countries. Demand is low and the page is structurally thin, so scaling this family risks thin content for little return.	DEMAND_LOW	4/324	165
C006450	/nl/huurverhoging/belgie/	stay	rents.country-inflation	country-rent-trend	BE	Belgium		BE			nl	nl-NL	huurverhoging België						no										none		rent-index-verified	yes	Eurostat reuse policy, commercial reuse permitted with attribution	Eurostat reuse policy, commercial reuse permitted with attribution	high	medium, an index series per country	HIGH_THIN_CONTENT_RISK	medium	medium	out_of_window	medium	PROMISING	index only, no listings. Eurostat coverage is 36 countries. Demand is low and the page is structurally thin, so scaling this family risks thin content for little return.	DEMAND_LOW	4/324	165
C006451	/pl/wzrost-czynszu/belgia/	stay	rents.country-inflation	country-rent-trend	BE	Belgium		BE			pl	pl-PL	wzrost czynszu Belgia						no										none		rent-index-verified	yes	Eurostat reuse policy, commercial reuse permitted with attribution	Eurostat reuse policy, commercial reuse permitted with attribution	high	medium, an index series per country	HIGH_THIN_CONTENT_RISK	medium	medium	out_of_window	medium	PROMISING	index only, no listings. Eurostat coverage is 36 countries. Demand is low and the page is structurally thin, so scaling this family risks thin content for little return.	DEMAND_LOW	4/324	165
C006452	/pt/aumento-de-rendas/belgica/	stay	rents.country-inflation	country-rent-trend	BE	Belgium		BE			pt	pt-BR	aumento de rendas Bélgica						no										none		rent-index-verified	yes	Eurostat reuse policy, commercial reuse permitted with attribution	Eurostat reuse policy, commercial reuse permitted with attribution	high	medium, an index series per country	HIGH_THIN_CONTENT_RISK	medium	medium	out_of_window	medium	PROMISING	index only, no listings. Eurostat coverage is 36 countries. Demand is low and the page is structurally thin, so scaling this family risks thin content for little return.	DEMAND_LOW	4/324	165
C006453	/de/mietpreisentwicklung/bulgarien/	stay	rents.country-inflation	country-rent-trend	BG	Bulgaria		BG			de	de-DE	mietpreisentwicklung Bulgarien						no										none		rent-index-verified	yes	Eurostat reuse policy, commercial reuse permitted with attribution	Eurostat reuse policy, commercial reuse permitted with attribution	high	medium, an index series per country	HIGH_THIN_CONTENT_RISK	medium	medium	out_of_window	medium	PROMISING	index only, no listings. Eurostat coverage is 36 countries. Demand is low and the page is structurally thin, so scaling this family risks thin content for little return.	DEMAND_LOW	4/324	165
C006454	/en/rent-increase/bulgaria/	stay	rents.country-inflation	country-rent-trend	BG	Bulgaria		BG			en	en-US	rent increase Bulgaria						no										none		rent-index-verified	yes	Eurostat reuse policy, commercial reuse permitted with attribution	Eurostat reuse policy, commercial reuse permitted with attribution	high	medium, an index series per country	HIGH_THIN_CONTENT_RISK	medium	medium	out_of_window	medium	PROMISING	index only, no listings. Eurostat coverage is 36 countries. Demand is low and the page is structurally thin, so scaling this family risks thin content for little return.	DEMAND_LOW	4/324	165
C006455	/es/subida-del-alquiler/bulgaria/	stay	rents.country-inflation	country-rent-trend	BG	Bulgaria		BG			es	es-ES	subida del alquiler Bulgaria						no										none		rent-index-verified	yes	Eurostat reuse policy, commercial reuse permitted with attribution	Eurostat reuse policy, commercial reuse permitted with attribution	high	medium, an index series per country	HIGH_THIN_CONTENT_RISK	medium	medium	out_of_window	medium	PROMISING	index only, no listings. Eurostat coverage is 36 countries. Demand is low and the page is structurally thin, so scaling this family risks thin content for little return.	DEMAND_LOW	4/324	165
C006456	/fr/augmentation-des-loyers/bulgarie/	stay	rents.country-inflation	country-rent-trend	BG	Bulgaria		BG			fr	fr-FR	augmentation des loyers Bulgarie						no										none		rent-index-verified	yes	Eurostat reuse policy, commercial reuse permitted with attribution	Eurostat reuse policy, commercial reuse permitted with attribution	high	medium, an index series per country	HIGH_THIN_CONTENT_RISK	medium	medium	out_of_window	medium	PROMISING	index only, no listings. Eurostat coverage is 36 countries. Demand is low and the page is structurally thin, so scaling this family risks thin content for little return.	DEMAND_LOW	4/324	165
C006457	/it/aumento-affitti/bulgaria/	stay	rents.country-inflation	country-rent-trend	BG	Bulgaria		BG			it	it-IT	aumento affitti Bulgaria						no										none		rent-index-verified	yes	Eurostat reuse policy, commercial reuse permitted with attribution	Eurostat reuse policy, commercial reuse permitted with attribution	high	medium, an index series per country	HIGH_THIN_CONTENT_RISK	medium	medium	out_of_window	medium	PROMISING	index only, no listings. Eurostat coverage is 36 countries. Demand is low and the page is structurally thin, so scaling this family risks thin content for little return.	DEMAND_LOW	4/324	165
C006458	/ja/rent-trend/bulgaria/	stay	rents.country-inflation	country-rent-trend	BG	Bulgaria		BG			ja	ja-JP							no										none		rent-index-verified	yes	Eurostat reuse policy, commercial reuse permitted with attribution	Eurostat reuse policy, commercial reuse permitted with attribution	high	medium, an index series per country	HIGH_THIN_CONTENT_RISK	medium	medium	out_of_window	medium	PROMISING	index only, no listings. Eurostat coverage is 36 countries. Demand is low and the page is structurally thin, so scaling this family risks thin content for little return.	DEMAND_LOW	4/324	165
C006459	/nl/huurverhoging/bulgarije/	stay	rents.country-inflation	country-rent-trend	BG	Bulgaria		BG			nl	nl-NL	huurverhoging Bulgarije						no										none		rent-index-verified	yes	Eurostat reuse policy, commercial reuse permitted with attribution	Eurostat reuse policy, commercial reuse permitted with attribution	high	medium, an index series per country	HIGH_THIN_CONTENT_RISK	medium	medium	out_of_window	medium	PROMISING	index only, no listings. Eurostat coverage is 36 countries. Demand is low and the page is structurally thin, so scaling this family risks thin content for little return.	DEMAND_LOW	4/324	165
C006460	/pl/wzrost-czynszu/bulgaria/	stay	rents.country-inflation	country-rent-trend	BG	Bulgaria		BG			pl	pl-PL	wzrost czynszu Bułgaria						no										none		rent-index-verified	yes	Eurostat reuse policy, commercial reuse permitted with attribution	Eurostat reuse policy, commercial reuse permitted with attribution	high	medium, an index series per country	HIGH_THIN_CONTENT_RISK	medium	medium	out_of_window	medium	PROMISING	index only, no listings. Eurostat coverage is 36 countries. Demand is low and the page is structurally thin, so scaling this family risks thin content for little return.	DEMAND_LOW	4/324	165
C006461	/pt/aumento-de-rendas/bulgaria/	stay	rents.country-inflation	country-rent-trend	BG	Bulgaria		BG			pt	pt-BR	aumento de rendas Bulgária						no										none		rent-index-verified	yes	Eurostat reuse policy, commercial reuse permitted with attribution	Eurostat reuse policy, commercial reuse permitted with attribution	high	medium, an index series per country	HIGH_THIN_CONTENT_RISK	medium	medium	out_of_window	medium	PROMISING	index only, no listings. Eurostat coverage is 36 countries. Demand is low and the page is structurally thin, so scaling this family risks thin content for little return.	DEMAND_LOW	4/324	165
C006462	/de/mietpreisentwicklung/schweiz/	stay	rents.country-inflation	country-rent-trend	CH	Switzerland		CH			de	de-DE	mietpreisentwicklung Schweiz						no										none		rent-index-verified	yes	Eurostat reuse policy, commercial reuse permitted with attribution	Eurostat reuse policy, commercial reuse permitted with attribution	high	medium, an index series per country	HIGH_THIN_CONTENT_RISK	medium	medium	out_of_window	medium	PROMISING	index only, no listings. Eurostat coverage is 36 countries. Demand is low and the page is structurally thin, so scaling this family risks thin content for little return.	DEMAND_LOW	4/324	165
C006463	/en/rent-increase/switzerland/	stay	rents.country-inflation	country-rent-trend	CH	Switzerland		CH			en	en-US	rent increase Switzerland						no										none		rent-index-verified	yes	Eurostat reuse policy, commercial reuse permitted with attribution	Eurostat reuse policy, commercial reuse permitted with attribution	high	medium, an index series per country	HIGH_THIN_CONTENT_RISK	medium	medium	out_of_window	medium	PROMISING	index only, no listings. Eurostat coverage is 36 countries. Demand is low and the page is structurally thin, so scaling this family risks thin content for little return.	DEMAND_LOW	4/324	165
C006464	/es/subida-del-alquiler/suiza/	stay	rents.country-inflation	country-rent-trend	CH	Switzerland		CH			es	es-ES	subida del alquiler Suiza						no										none		rent-index-verified	yes	Eurostat reuse policy, commercial reuse permitted with attribution	Eurostat reuse policy, commercial reuse permitted with attribution	high	medium, an index series per country	HIGH_THIN_CONTENT_RISK	medium	medium	out_of_window	medium	PROMISING	index only, no listings. Eurostat coverage is 36 countries. Demand is low and the page is structurally thin, so scaling this family risks thin content for little return.	DEMAND_LOW	4/324	165
C006465	/fr/augmentation-des-loyers/suisse/	stay	rents.country-inflation	country-rent-trend	CH	Switzerland		CH			fr	fr-FR	augmentation des loyers Suisse						no										none		rent-index-verified	yes	Eurostat reuse policy, commercial reuse permitted with attribution	Eurostat reuse policy, commercial reuse permitted with attribution	high	medium, an index series per country	HIGH_THIN_CONTENT_RISK	medium	medium	out_of_window	medium	PROMISING	index only, no listings. Eurostat coverage is 36 countries. Demand is low and the page is structurally thin, so scaling this family risks thin content for little return.	DEMAND_LOW	4/324	165
C006466	/it/aumento-affitti/svizzera/	stay	rents.country-inflation	country-rent-trend	CH	Switzerland		CH			it	it-IT	aumento affitti Svizzera						no										none		rent-index-verified	yes	Eurostat reuse policy, commercial reuse permitted with attribution	Eurostat reuse policy, commercial reuse permitted with attribution	high	medium, an index series per country	HIGH_THIN_CONTENT_RISK	medium	medium	out_of_window	medium	PROMISING	index only, no listings. Eurostat coverage is 36 countries. Demand is low and the page is structurally thin, so scaling this family risks thin content for little return.	DEMAND_LOW	4/324	165
C006467	/ja/rent-trend/switzerland/	stay	rents.country-inflation	country-rent-trend	CH	Switzerland		CH			ja	ja-JP							no										none		rent-index-verified	yes	Eurostat reuse policy, commercial reuse permitted with attribution	Eurostat reuse policy, commercial reuse permitted with attribution	high	medium, an index series per country	HIGH_THIN_CONTENT_RISK	medium	medium	out_of_window	medium	PROMISING	index only, no listings. Eurostat coverage is 36 countries. Demand is low and the page is structurally thin, so scaling this family risks thin content for little return.	DEMAND_LOW	4/324	165
C006468	/nl/huurverhoging/zwitserland/	stay	rents.country-inflation	country-rent-trend	CH	Switzerland		CH			nl	nl-NL	huurverhoging Zwitserland						no										none		rent-index-verified	yes	Eurostat reuse policy, commercial reuse permitted with attribution	Eurostat reuse policy, commercial reuse permitted with attribution	high	medium, an index series per country	HIGH_THIN_CONTENT_RISK	medium	medium	out_of_window	medium	PROMISING	index only, no listings. Eurostat coverage is 36 countries. Demand is low and the page is structurally thin, so scaling this family risks thin content for little return.	DEMAND_LOW	4/324	165
C006469	/pl/wzrost-czynszu/szwajcaria/	stay	rents.country-inflation	country-rent-trend	CH	Switzerland		CH			pl	pl-PL	wzrost czynszu Szwajcaria						no										none		rent-index-verified	yes	Eurostat reuse policy, commercial reuse permitted with attribution	Eurostat reuse policy, commercial reuse permitted with attribution	high	medium, an index series per country	HIGH_THIN_CONTENT_RISK	medium	medium	out_of_window	medium	PROMISING	index only, no listings. Eurostat coverage is 36 countries. Demand is low and the page is structurally thin, so scaling this family risks thin content for little return.	DEMAND_LOW	4/324	165
C006470	/pt/aumento-de-rendas/suica/	stay	rents.country-inflation	country-rent-trend	CH	Switzerland		CH			pt	pt-BR	aumento de rendas Suíça						no										none		rent-index-verified	yes	Eurostat reuse policy, commercial reuse permitted with attribution	Eurostat reuse policy, commercial reuse permitted with attribution	high	medium, an index series per country	HIGH_THIN_CONTENT_RISK	medium	medium	out_of_window	medium	PROMISING	index only, no listings. Eurostat coverage is 36 countries. Demand is low and the page is structurally thin, so scaling this family risks thin content for little return.	DEMAND_LOW	4/324	165
C006471	/de/mietpreisentwicklung/zypern/	stay	rents.country-inflation	country-rent-trend	CY	Cyprus		CY			de	de-DE	mietpreisentwicklung Zypern						no										none		rent-index-verified	yes	Eurostat reuse policy, commercial reuse permitted with attribution	Eurostat reuse policy, commercial reuse permitted with attribution	high	medium, an index series per country	HIGH_THIN_CONTENT_RISK	medium	medium	out_of_window	medium	PROMISING	index only, no listings. Eurostat coverage is 36 countries. Demand is low and the page is structurally thin, so scaling this family risks thin content for little return.	DEMAND_LOW	4/324	165
C006472	/en/rent-increase/cyprus/	stay	rents.country-inflation	country-rent-trend	CY	Cyprus		CY			en	en-US	rent increase Cyprus						no										none		rent-index-verified	yes	Eurostat reuse policy, commercial reuse permitted with attribution	Eurostat reuse policy, commercial reuse permitted with attribution	high	medium, an index series per country	HIGH_THIN_CONTENT_RISK	medium	medium	out_of_window	medium	PROMISING	index only, no listings. Eurostat coverage is 36 countries. Demand is low and the page is structurally thin, so scaling this family risks thin content for little return.	DEMAND_LOW	4/324	165
C006473	/es/subida-del-alquiler/chipre/	stay	rents.country-inflation	country-rent-trend	CY	Cyprus		CY			es	es-ES	subida del alquiler Chipre						no										none		rent-index-verified	yes	Eurostat reuse policy, commercial reuse permitted with attribution	Eurostat reuse policy, commercial reuse permitted with attribution	high	medium, an index series per country	HIGH_THIN_CONTENT_RISK	medium	medium	out_of_window	medium	PROMISING	index only, no listings. Eurostat coverage is 36 countries. Demand is low and the page is structurally thin, so scaling this family risks thin content for little return.	DEMAND_LOW	4/324	165
C006474	/fr/augmentation-des-loyers/chypre/	stay	rents.country-inflation	country-rent-trend	CY	Cyprus		CY			fr	fr-FR	augmentation des loyers Chypre						no										none		rent-index-verified	yes	Eurostat reuse policy, commercial reuse permitted with attribution	Eurostat reuse policy, commercial reuse permitted with attribution	high	medium, an index series per country	HIGH_THIN_CONTENT_RISK	medium	medium	out_of_window	medium	PROMISING	index only, no listings. Eurostat coverage is 36 countries. Demand is low and the page is structurally thin, so scaling this family risks thin content for little return.	DEMAND_LOW	4/324	165
C006475	/it/aumento-affitti/cipro/	stay	rents.country-inflation	country-rent-trend	CY	Cyprus		CY			it	it-IT	aumento affitti Cipro						no										none		rent-index-verified	yes	Eurostat reuse policy, commercial reuse permitted with attribution	Eurostat reuse policy, commercial reuse permitted with attribution	high	medium, an index series per country	HIGH_THIN_CONTENT_RISK	medium	medium	out_of_window	medium	PROMISING	index only, no listings. Eurostat coverage is 36 countries. Demand is low and the page is structurally thin, so scaling this family risks thin content for little return.	DEMAND_LOW	4/324	165
C006476	/ja/rent-trend/cyprus/	stay	rents.country-inflation	country-rent-trend	CY	Cyprus		CY			ja	ja-JP							no										none		rent-index-verified	yes	Eurostat reuse policy, commercial reuse permitted with attribution	Eurostat reuse policy, commercial reuse permitted with attribution	high	medium, an index series per country	HIGH_THIN_CONTENT_RISK	medium	medium	out_of_window	medium	PROMISING	index only, no listings. Eurostat coverage is 36 countries. Demand is low and the page is structurally thin, so scaling this family risks thin content for little return.	DEMAND_LOW	4/324	165
C006477	/nl/huurverhoging/cyprus/	stay	rents.country-inflation	country-rent-trend	CY	Cyprus		CY			nl	nl-NL	huurverhoging Cyprus						no										none		rent-index-verified	yes	Eurostat reuse policy, commercial reuse permitted with attribution	Eurostat reuse policy, commercial reuse permitted with attribution	high	medium, an index series per country	HIGH_THIN_CONTENT_RISK	medium	medium	out_of_window	medium	PROMISING	index only, no listings. Eurostat coverage is 36 countries. Demand is low and the page is structurally thin, so scaling this family risks thin content for little return.	DEMAND_LOW	4/324	165
C006478	/pl/wzrost-czynszu/cypr/	stay	rents.country-inflation	country-rent-trend	CY	Cyprus		CY			pl	pl-PL	wzrost czynszu Cypr						no										none		rent-index-verified	yes	Eurostat reuse policy, commercial reuse permitted with attribution	Eurostat reuse policy, commercial reuse permitted with attribution	high	medium, an index series per country	HIGH_THIN_CONTENT_RISK	medium	medium	out_of_window	medium	PROMISING	index only, no listings. Eurostat coverage is 36 countries. Demand is low and the page is structurally thin, so scaling this family risks thin content for little return.	DEMAND_LOW	4/324	165
C006479	/pt/aumento-de-rendas/chipre/	stay	rents.country-inflation	country-rent-trend	CY	Cyprus		CY			pt	pt-BR	aumento de rendas Chipre						no										none		rent-index-verified	yes	Eurostat reuse policy, commercial reuse permitted with attribution	Eurostat reuse policy, commercial reuse permitted with attribution	high	medium, an index series per country	HIGH_THIN_CONTENT_RISK	medium	medium	out_of_window	medium	PROMISING	index only, no listings. Eurostat coverage is 36 countries. Demand is low and the page is structurally thin, so scaling this family risks thin content for little return.	DEMAND_LOW	4/324	165
C006480	/de/mietpreisentwicklung/tschechien/	stay	rents.country-inflation	country-rent-trend	CZ	Czech Republic		CZ			de	de-DE	mietpreisentwicklung Tschechien						no										none		rent-index-verified	yes	Eurostat reuse policy, commercial reuse permitted with attribution	Eurostat reuse policy, commercial reuse permitted with attribution	high	medium, an index series per country	HIGH_THIN_CONTENT_RISK	medium	medium	out_of_window	medium	PROMISING	index only, no listings. Eurostat coverage is 36 countries. Demand is low and the page is structurally thin, so scaling this family risks thin content for little return.	DEMAND_LOW	4/324	165
C006481	/en/rent-increase/czechia/	stay	rents.country-inflation	country-rent-trend	CZ	Czech Republic		CZ			en	en-US	rent increase Czechia						no										none		rent-index-verified	yes	Eurostat reuse policy, commercial reuse permitted with attribution	Eurostat reuse policy, commercial reuse permitted with attribution	high	medium, an index series per country	HIGH_THIN_CONTENT_RISK	medium	medium	out_of_window	medium	PROMISING	index only, no listings. Eurostat coverage is 36 countries. Demand is low and the page is structurally thin, so scaling this family risks thin content for little return.	DEMAND_LOW	4/324	165
C006482	/es/subida-del-alquiler/chequia/	stay	rents.country-inflation	country-rent-trend	CZ	Czech Republic		CZ			es	es-ES	subida del alquiler Chequia						no										none		rent-index-verified	yes	Eurostat reuse policy, commercial reuse permitted with attribution	Eurostat reuse policy, commercial reuse permitted with attribution	high	medium, an index series per country	HIGH_THIN_CONTENT_RISK	medium	medium	out_of_window	medium	PROMISING	index only, no listings. Eurostat coverage is 36 countries. Demand is low and the page is structurally thin, so scaling this family risks thin content for little return.	DEMAND_LOW	4/324	165
C006483	/fr/augmentation-des-loyers/tchequie/	stay	rents.country-inflation	country-rent-trend	CZ	Czech Republic		CZ			fr	fr-FR	augmentation des loyers Tchéquie						no										none		rent-index-verified	yes	Eurostat reuse policy, commercial reuse permitted with attribution	Eurostat reuse policy, commercial reuse permitted with attribution	high	medium, an index series per country	HIGH_THIN_CONTENT_RISK	medium	medium	out_of_window	medium	PROMISING	index only, no listings. Eurostat coverage is 36 countries. Demand is low and the page is structurally thin, so scaling this family risks thin content for little return.	DEMAND_LOW	4/324	165
C006484	/it/aumento-affitti/cechia/	stay	rents.country-inflation	country-rent-trend	CZ	Czech Republic		CZ			it	it-IT	aumento affitti Cechia						no										none		rent-index-verified	yes	Eurostat reuse policy, commercial reuse permitted with attribution	Eurostat reuse policy, commercial reuse permitted with attribution	high	medium, an index series per country	HIGH_THIN_CONTENT_RISK	medium	medium	out_of_window	medium	PROMISING	index only, no listings. Eurostat coverage is 36 countries. Demand is low and the page is structurally thin, so scaling this family risks thin content for little return.	DEMAND_LOW	4/324	165
C006485	/ja/rent-trend/czechia/	stay	rents.country-inflation	country-rent-trend	CZ	Czech Republic		CZ			ja	ja-JP							no										none		rent-index-verified	yes	Eurostat reuse policy, commercial reuse permitted with attribution	Eurostat reuse policy, commercial reuse permitted with attribution	high	medium, an index series per country	HIGH_THIN_CONTENT_RISK	medium	medium	out_of_window	medium	PROMISING	index only, no listings. Eurostat coverage is 36 countries. Demand is low and the page is structurally thin, so scaling this family risks thin content for little return.	DEMAND_LOW	4/324	165
C006486	/nl/huurverhoging/tsjechie/	stay	rents.country-inflation	country-rent-trend	CZ	Czech Republic		CZ			nl	nl-NL	huurverhoging Tsjechië						no										none		rent-index-verified	yes	Eurostat reuse policy, commercial reuse permitted with attribution	Eurostat reuse policy, commercial reuse permitted with attribution	high	medium, an index series per country	HIGH_THIN_CONTENT_RISK	medium	medium	out_of_window	medium	PROMISING	index only, no listings. Eurostat coverage is 36 countries. Demand is low and the page is structurally thin, so scaling this family risks thin content for little return.	DEMAND_LOW	4/324	165
C006487	/pl/wzrost-czynszu/czechy/	stay	rents.country-inflation	country-rent-trend	CZ	Czech Republic		CZ			pl	pl-PL	wzrost czynszu Czechy						no										none		rent-index-verified	yes	Eurostat reuse policy, commercial reuse permitted with attribution	Eurostat reuse policy, commercial reuse permitted with attribution	high	medium, an index series per country	HIGH_THIN_CONTENT_RISK	medium	medium	out_of_window	medium	PROMISING	index only, no listings. Eurostat coverage is 36 countries. Demand is low and the page is structurally thin, so scaling this family risks thin content for little return.	DEMAND_LOW	4/324	165
C006488	/pt/aumento-de-rendas/tchequia/	stay	rents.country-inflation	country-rent-trend	CZ	Czech Republic		CZ			pt	pt-BR	aumento de rendas Tchéquia						no										none		rent-index-verified	yes	Eurostat reuse policy, commercial reuse permitted with attribution	Eurostat reuse policy, commercial reuse permitted with attribution	high	medium, an index series per country	HIGH_THIN_CONTENT_RISK	medium	medium	out_of_window	medium	PROMISING	index only, no listings. Eurostat coverage is 36 countries. Demand is low and the page is structurally thin, so scaling this family risks thin content for little return.	DEMAND_LOW	4/324	165
C006490	/en/rent-increase/germany/	stay	rents.country-inflation	country-rent-trend	DE	Germany		DE			en	en-US	rent increase Germany		1				yes	keywords-explorer-overview 2026-09-29									none		rent-index-verified	yes	Eurostat reuse policy, commercial reuse permitted with attribution	Eurostat reuse policy, commercial reuse permitted with attribution	high	medium, an index series per country	HIGH_THIN_CONTENT_RISK	medium	medium	out_of_window	medium	PROMISING	index only, no listings. Eurostat coverage is 36 countries. Global volume 10. Demand is low and the page is structurally thin, so scaling this family risks thin content for little return. Global volume 10.	DEMAND_LOW	4/324	165
C006491	/es/subida-del-alquiler/alemania/	stay	rents.country-inflation	country-rent-trend	DE	Germany		DE			es	es-ES	subida del alquiler Alemania						no										none		rent-index-verified	yes	Eurostat reuse policy, commercial reuse permitted with attribution	Eurostat reuse policy, commercial reuse permitted with attribution	high	medium, an index series per country	HIGH_THIN_CONTENT_RISK	medium	medium	out_of_window	medium	PROMISING	index only, no listings. Eurostat coverage is 36 countries. Demand is low and the page is structurally thin, so scaling this family risks thin content for little return.	DEMAND_LOW	4/324	165
C006492	/fr/augmentation-des-loyers/allemagne/	stay	rents.country-inflation	country-rent-trend	DE	Germany		DE			fr	fr-FR	augmentation des loyers Allemagne						no										none		rent-index-verified	yes	Eurostat reuse policy, commercial reuse permitted with attribution	Eurostat reuse policy, commercial reuse permitted with attribution	high	medium, an index series per country	HIGH_THIN_CONTENT_RISK	medium	medium	out_of_window	medium	PROMISING	index only, no listings. Eurostat coverage is 36 countries. Demand is low and the page is structurally thin, so scaling this family risks thin content for little return.	DEMAND_LOW	4/324	165
C006493	/it/aumento-affitti/germania/	stay	rents.country-inflation	country-rent-trend	DE	Germany		DE			it	it-IT	aumento affitti Germania						no										none		rent-index-verified	yes	Eurostat reuse policy, commercial reuse permitted with attribution	Eurostat reuse policy, commercial reuse permitted with attribution	high	medium, an index series per country	HIGH_THIN_CONTENT_RISK	medium	medium	out_of_window	medium	PROMISING	index only, no listings. Eurostat coverage is 36 countries. Demand is low and the page is structurally thin, so scaling this family risks thin content for little return.	DEMAND_LOW	4/324	165
C006494	/ja/rent-trend/germany/	stay	rents.country-inflation	country-rent-trend	DE	Germany		DE			ja	ja-JP							no										none		rent-index-verified	yes	Eurostat reuse policy, commercial reuse permitted with attribution	Eurostat reuse policy, commercial reuse permitted with attribution	high	medium, an index series per country	HIGH_THIN_CONTENT_RISK	medium	medium	out_of_window	medium	PROMISING	index only, no listings. Eurostat coverage is 36 countries. Demand is low and the page is structurally thin, so scaling this family risks thin content for little return.	DEMAND_LOW	4/324	165
C006495	/nl/huurverhoging/duitsland/	stay	rents.country-inflation	country-rent-trend	DE	Germany		DE			nl	nl-NL	huurverhoging Duitsland						no										none		rent-index-verified	yes	Eurostat reuse policy, commercial reuse permitted with attribution	Eurostat reuse policy, commercial reuse permitted with attribution	high	medium, an index series per country	HIGH_THIN_CONTENT_RISK	medium	medium	out_of_window	medium	PROMISING	index only, no listings. Eurostat coverage is 36 countries. Demand is low and the page is structurally thin, so scaling this family risks thin content for little return.	DEMAND_LOW	4/324	165
C006496	/pl/wzrost-czynszu/niemcy/	stay	rents.country-inflation	country-rent-trend	DE	Germany		DE			pl	pl-PL	wzrost czynszu Niemcy						no										none		rent-index-verified	yes	Eurostat reuse policy, commercial reuse permitted with attribution	Eurostat reuse policy, commercial reuse permitted with attribution	high	medium, an index series per country	HIGH_THIN_CONTENT_RISK	medium	medium	out_of_window	medium	PROMISING	index only, no listings. Eurostat coverage is 36 countries. Demand is low and the page is structurally thin, so scaling this family risks thin content for little return.	DEMAND_LOW	4/324	165
C006497	/pt/aumento-de-rendas/alemanha/	stay	rents.country-inflation	country-rent-trend	DE	Germany		DE			pt	pt-BR	aumento de rendas Alemanha						no										none		rent-index-verified	yes	Eurostat reuse policy, commercial reuse permitted with attribution	Eurostat reuse policy, commercial reuse permitted with attribution	high	medium, an index series per country	HIGH_THIN_CONTENT_RISK	medium	medium	out_of_window	medium	PROMISING	index only, no listings. Eurostat coverage is 36 countries. Demand is low and the page is structurally thin, so scaling this family risks thin content for little return.	DEMAND_LOW	4/324	165
C006498	/de/mietpreisentwicklung/daenemark/	stay	rents.country-inflation	country-rent-trend	DK	Denmark		DK			de	de-DE	mietpreisentwicklung Dänemark						no										none		rent-index-verified	yes	Eurostat reuse policy, commercial reuse permitted with attribution	Eurostat reuse policy, commercial reuse permitted with attribution	high	medium, an index series per country	HIGH_THIN_CONTENT_RISK	medium	medium	out_of_window	medium	PROMISING	index only, no listings. Eurostat coverage is 36 countries. Demand is low and the page is structurally thin, so scaling this family risks thin content for little return.	DEMAND_LOW	4/324	165
C006499	/en/rent-increase/denmark/	stay	rents.country-inflation	country-rent-trend	DK	Denmark		DK			en	en-US	rent increase Denmark						no										none		rent-index-verified	yes	Eurostat reuse policy, commercial reuse permitted with attribution	Eurostat reuse policy, commercial reuse permitted with attribution	high	medium, an index series per country	HIGH_THIN_CONTENT_RISK	medium	medium	out_of_window	medium	PROMISING	index only, no listings. Eurostat coverage is 36 countries. Demand is low and the page is structurally thin, so scaling this family risks thin content for little return.	DEMAND_LOW	4/324	165
C006500	/es/subida-del-alquiler/dinamarca/	stay	rents.country-inflation	country-rent-trend	DK	Denmark		DK			es	es-ES	subida del alquiler Dinamarca						no										none		rent-index-verified	yes	Eurostat reuse policy, commercial reuse permitted with attribution	Eurostat reuse policy, commercial reuse permitted with attribution	high	medium, an index series per country	HIGH_THIN_CONTENT_RISK	medium	medium	out_of_window	medium	PROMISING	index only, no listings. Eurostat coverage is 36 countries. Demand is low and the page is structurally thin, so scaling this family risks thin content for little return.	DEMAND_LOW	4/324	165
C006501	/fr/augmentation-des-loyers/danemark/	stay	rents.country-inflation	country-rent-trend	DK	Denmark		DK			fr	fr-FR	augmentation des loyers Danemark						no										none		rent-index-verified	yes	Eurostat reuse policy, commercial reuse permitted with attribution	Eurostat reuse policy, commercial reuse permitted with attribution	high	medium, an index series per country	HIGH_THIN_CONTENT_RISK	medium	medium	out_of_window	medium	PROMISING	index only, no listings. Eurostat coverage is 36 countries. Demand is low and the page is structurally thin, so scaling this family risks thin content for little return.	DEMAND_LOW	4/324	165
C006502	/it/aumento-affitti/danimarca/	stay	rents.country-inflation	country-rent-trend	DK	Denmark		DK			it	it-IT	aumento affitti Danimarca						no										none		rent-index-verified	yes	Eurostat reuse policy, commercial reuse permitted with attribution	Eurostat reuse policy, commercial reuse permitted with attribution	high	medium, an index series per country	HIGH_THIN_CONTENT_RISK	medium	medium	out_of_window	medium	PROMISING	index only, no listings. Eurostat coverage is 36 countries. Demand is low and the page is structurally thin, so scaling this family risks thin content for little return.	DEMAND_LOW	4/324	165
C006503	/ja/rent-trend/denmark/	stay	rents.country-inflation	country-rent-trend	DK	Denmark		DK			ja	ja-JP							no										none		rent-index-verified	yes	Eurostat reuse policy, commercial reuse permitted with attribution	Eurostat reuse policy, commercial reuse permitted with attribution	high	medium, an index series per country	HIGH_THIN_CONTENT_RISK	medium	medium	out_of_window	medium	PROMISING	index only, no listings. Eurostat coverage is 36 countries. Demand is low and the page is structurally thin, so scaling this family risks thin content for little return.	DEMAND_LOW	4/324	165
C006504	/nl/huurverhoging/denemarken/	stay	rents.country-inflation	country-rent-trend	DK	Denmark		DK			nl	nl-NL	huurverhoging Denemarken						no										none		rent-index-verified	yes	Eurostat reuse policy, commercial reuse permitted with attribution	Eurostat reuse policy, commercial reuse permitted with attribution	high	medium, an index series per country	HIGH_THIN_CONTENT_RISK	medium	medium	out_of_window	medium	PROMISING	index only, no listings. Eurostat coverage is 36 countries. Demand is low and the page is structurally thin, so scaling this family risks thin content for little return.	DEMAND_LOW	4/324	165
C006505	/pl/wzrost-czynszu/dania/	stay	rents.country-inflation	country-rent-trend	DK	Denmark		DK			pl	pl-PL	wzrost czynszu Dania						no										none		rent-index-verified	yes	Eurostat reuse policy, commercial reuse permitted with attribution	Eurostat reuse policy, commercial reuse permitted with attribution	high	medium, an index series per country	HIGH_THIN_CONTENT_RISK	medium	medium	out_of_window	medium	PROMISING	index only, no listings. Eurostat coverage is 36 countries. Demand is low and the page is structurally thin, so scaling this family risks thin content for little return.	DEMAND_LOW	4/324	165
C006506	/pt/aumento-de-rendas/dinamarca/	stay	rents.country-inflation	country-rent-trend	DK	Denmark		DK			pt	pt-BR	aumento de rendas Dinamarca						no										none		rent-index-verified	yes	Eurostat reuse policy, commercial reuse permitted with attribution	Eurostat reuse policy, commercial reuse permitted with attribution	high	medium, an index series per country	HIGH_THIN_CONTENT_RISK	medium	medium	out_of_window	medium	PROMISING	index only, no listings. Eurostat coverage is 36 countries. Demand is low and the page is structurally thin, so scaling this family risks thin content for little return.	DEMAND_LOW	4/324	165
C006507	/de/mietpreisentwicklung/estland/	stay	rents.country-inflation	country-rent-trend	EE	Estonia		EE			de	de-DE	mietpreisentwicklung Estland						no										none		rent-index-verified	yes	Eurostat reuse policy, commercial reuse permitted with attribution	Eurostat reuse policy, commercial reuse permitted with attribution	high	medium, an index series per country	HIGH_THIN_CONTENT_RISK	medium	medium	out_of_window	medium	PROMISING	index only, no listings. Eurostat coverage is 36 countries. Demand is low and the page is structurally thin, so scaling this family risks thin content for little return.	DEMAND_LOW	4/324	165
C006508	/en/rent-increase/estonia/	stay	rents.country-inflation	country-rent-trend	EE	Estonia		EE			en	en-US	rent increase Estonia						no										none		rent-index-verified	yes	Eurostat reuse policy, commercial reuse permitted with attribution	Eurostat reuse policy, commercial reuse permitted with attribution	high	medium, an index series per country	HIGH_THIN_CONTENT_RISK	medium	medium	out_of_window	medium	PROMISING	index only, no listings. Eurostat coverage is 36 countries. Demand is low and the page is structurally thin, so scaling this family risks thin content for little return.	DEMAND_LOW	4/324	165
C006509	/es/subida-del-alquiler/estonia/	stay	rents.country-inflation	country-rent-trend	EE	Estonia		EE			es	es-ES	subida del alquiler Estonia						no										none		rent-index-verified	yes	Eurostat reuse policy, commercial reuse permitted with attribution	Eurostat reuse policy, commercial reuse permitted with attribution	high	medium, an index series per country	HIGH_THIN_CONTENT_RISK	medium	medium	out_of_window	medium	PROMISING	index only, no listings. Eurostat coverage is 36 countries. Demand is low and the page is structurally thin, so scaling this family risks thin content for little return.	DEMAND_LOW	4/324	165
C006510	/fr/augmentation-des-loyers/estonie/	stay	rents.country-inflation	country-rent-trend	EE	Estonia		EE			fr	fr-FR	augmentation des loyers Estonie						no										none		rent-index-verified	yes	Eurostat reuse policy, commercial reuse permitted with attribution	Eurostat reuse policy, commercial reuse permitted with attribution	high	medium, an index series per country	HIGH_THIN_CONTENT_RISK	medium	medium	out_of_window	medium	PROMISING	index only, no listings. Eurostat coverage is 36 countries. Demand is low and the page is structurally thin, so scaling this family risks thin content for little return.	DEMAND_LOW	4/324	165
C006511	/it/aumento-affitti/estonia/	stay	rents.country-inflation	country-rent-trend	EE	Estonia		EE			it	it-IT	aumento affitti Estonia						no										none		rent-index-verified	yes	Eurostat reuse policy, commercial reuse permitted with attribution	Eurostat reuse policy, commercial reuse permitted with attribution	high	medium, an index series per country	HIGH_THIN_CONTENT_RISK	medium	medium	out_of_window	medium	PROMISING	index only, no listings. Eurostat coverage is 36 countries. Demand is low and the page is structurally thin, so scaling this family risks thin content for little return.	DEMAND_LOW	4/324	165
C006512	/ja/rent-trend/estonia/	stay	rents.country-inflation	country-rent-trend	EE	Estonia		EE			ja	ja-JP							no										none		rent-index-verified	yes	Eurostat reuse policy, commercial reuse permitted with attribution	Eurostat reuse policy, commercial reuse permitted with attribution	high	medium, an index series per country	HIGH_THIN_CONTENT_RISK	medium	medium	out_of_window	medium	PROMISING	index only, no listings. Eurostat coverage is 36 countries. Demand is low and the page is structurally thin, so scaling this family risks thin content for little return.	DEMAND_LOW	4/324	165
C006513	/nl/huurverhoging/estland/	stay	rents.country-inflation	country-rent-trend	EE	Estonia		EE			nl	nl-NL	huurverhoging Estland						no										none		rent-index-verified	yes	Eurostat reuse policy, commercial reuse permitted with attribution	Eurostat reuse policy, commercial reuse permitted with attribution	high	medium, an index series per country	HIGH_THIN_CONTENT_RISK	medium	medium	out_of_window	medium	PROMISING	index only, no listings. Eurostat coverage is 36 countries. Demand is low and the page is structurally thin, so scaling this family risks thin content for little return.	DEMAND_LOW	4/324	165
C006514	/pl/wzrost-czynszu/estonia/	stay	rents.country-inflation	country-rent-trend	EE	Estonia		EE			pl	pl-PL	wzrost czynszu Estonia						no										none		rent-index-verified	yes	Eurostat reuse policy, commercial reuse permitted with attribution	Eurostat reuse policy, commercial reuse permitted with attribution	high	medium, an index series per country	HIGH_THIN_CONTENT_RISK	medium	medium	out_of_window	medium	PROMISING	index only, no listings. Eurostat coverage is 36 countries. Demand is low and the page is structurally thin, so scaling this family risks thin content for little return.	DEMAND_LOW	4/324	165
C006515	/pt/aumento-de-rendas/estonia/	stay	rents.country-inflation	country-rent-trend	EE	Estonia		EE			pt	pt-BR	aumento de rendas Estônia						no										none		rent-index-verified	yes	Eurostat reuse policy, commercial reuse permitted with attribution	Eurostat reuse policy, commercial reuse permitted with attribution	high	medium, an index series per country	HIGH_THIN_CONTENT_RISK	medium	medium	out_of_window	medium	PROMISING	index only, no listings. Eurostat coverage is 36 countries. Demand is low and the page is structurally thin, so scaling this family risks thin content for little return.	DEMAND_LOW	4/324	165
C006516	/de/mietpreisentwicklung/griechenland/	stay	rents.country-inflation	country-rent-trend	GR	Greece		GR			de	de-DE	mietpreisentwicklung Griechenland						no										none		rent-index-verified	yes	Eurostat reuse policy, commercial reuse permitted with attribution	Eurostat reuse policy, commercial reuse permitted with attribution	high	medium, an index series per country	HIGH_THIN_CONTENT_RISK	medium	medium	out_of_window	medium	PROMISING	index only, no listings. Eurostat coverage is 36 countries. Demand is low and the page is structurally thin, so scaling this family risks thin content for little return.	DEMAND_LOW	4/324	165
C006517	/en/rent-increase/greece/	stay	rents.country-inflation	country-rent-trend	GR	Greece		GR			en	en-US	rent increase Greece						no										none		rent-index-verified	yes	Eurostat reuse policy, commercial reuse permitted with attribution	Eurostat reuse policy, commercial reuse permitted with attribution	high	medium, an index series per country	HIGH_THIN_CONTENT_RISK	medium	medium	out_of_window	medium	PROMISING	index only, no listings. Eurostat coverage is 36 countries. Demand is low and the page is structurally thin, so scaling this family risks thin content for little return.	DEMAND_LOW	4/324	165
C006518	/es/subida-del-alquiler/grecia/	stay	rents.country-inflation	country-rent-trend	GR	Greece		GR			es	es-ES	subida del alquiler Grecia						no										none		rent-index-verified	yes	Eurostat reuse policy, commercial reuse permitted with attribution	Eurostat reuse policy, commercial reuse permitted with attribution	high	medium, an index series per country	HIGH_THIN_CONTENT_RISK	medium	medium	out_of_window	medium	PROMISING	index only, no listings. Eurostat coverage is 36 countries. Demand is low and the page is structurally thin, so scaling this family risks thin content for little return.	DEMAND_LOW	4/324	165
C006519	/fr/augmentation-des-loyers/grece/	stay	rents.country-inflation	country-rent-trend	GR	Greece		GR			fr	fr-FR	augmentation des loyers Grèce						no										none		rent-index-verified	yes	Eurostat reuse policy, commercial reuse permitted with attribution	Eurostat reuse policy, commercial reuse permitted with attribution	high	medium, an index series per country	HIGH_THIN_CONTENT_RISK	medium	medium	out_of_window	medium	PROMISING	index only, no listings. Eurostat coverage is 36 countries. Demand is low and the page is structurally thin, so scaling this family risks thin content for little return.	DEMAND_LOW	4/324	165
C006520	/it/aumento-affitti/grecia/	stay	rents.country-inflation	country-rent-trend	GR	Greece		GR			it	it-IT	aumento affitti Grecia						no										none		rent-index-verified	yes	Eurostat reuse policy, commercial reuse permitted with attribution	Eurostat reuse policy, commercial reuse permitted with attribution	high	medium, an index series per country	HIGH_THIN_CONTENT_RISK	medium	medium	out_of_window	medium	PROMISING	index only, no listings. Eurostat coverage is 36 countries. Demand is low and the page is structurally thin, so scaling this family risks thin content for little return.	DEMAND_LOW	4/324	165
C006521	/ja/rent-trend/greece/	stay	rents.country-inflation	country-rent-trend	GR	Greece		GR			ja	ja-JP							no										none		rent-index-verified	yes	Eurostat reuse policy, commercial reuse permitted with attribution	Eurostat reuse policy, commercial reuse permitted with attribution	high	medium, an index series per country	HIGH_THIN_CONTENT_RISK	medium	medium	out_of_window	medium	PROMISING	index only, no listings. Eurostat coverage is 36 countries. Demand is low and the page is structurally thin, so scaling this family risks thin content for little return.	DEMAND_LOW	4/324	165
C006522	/nl/huurverhoging/griekenland/	stay	rents.country-inflation	country-rent-trend	GR	Greece		GR			nl	nl-NL	huurverhoging Griekenland						no										none		rent-index-verified	yes	Eurostat reuse policy, commercial reuse permitted with attribution	Eurostat reuse policy, commercial reuse permitted with attribution	high	medium, an index series per country	HIGH_THIN_CONTENT_RISK	medium	medium	out_of_window	medium	PROMISING	index only, no listings. Eurostat coverage is 36 countries. Demand is low and the page is structurally thin, so scaling this family risks thin content for little return.	DEMAND_LOW	4/324	165
C006523	/pl/wzrost-czynszu/grecja/	stay	rents.country-inflation	country-rent-trend	GR	Greece		GR			pl	pl-PL	wzrost czynszu Grecja						no										none		rent-index-verified	yes	Eurostat reuse policy, commercial reuse permitted with attribution	Eurostat reuse policy, commercial reuse permitted with attribution	high	medium, an index series per country	HIGH_THIN_CONTENT_RISK	medium	medium	out_of_window	medium	PROMISING	index only, no listings. Eurostat coverage is 36 countries. Demand is low and the page is structurally thin, so scaling this family risks thin content for little return.	DEMAND_LOW	4/324	165
C006524	/pt/aumento-de-rendas/grecia/	stay	rents.country-inflation	country-rent-trend	GR	Greece		GR			pt	pt-BR	aumento de rendas Grécia						no										none		rent-index-verified	yes	Eurostat reuse policy, commercial reuse permitted with attribution	Eurostat reuse policy, commercial reuse permitted with attribution	high	medium, an index series per country	HIGH_THIN_CONTENT_RISK	medium	medium	out_of_window	medium	PROMISING	index only, no listings. Eurostat coverage is 36 countries. Demand is low and the page is structurally thin, so scaling this family risks thin content for little return.	DEMAND_LOW	4/324	165
C006525	/de/mietpreisentwicklung/spanien/	stay	rents.country-inflation	country-rent-trend	ES	Spain		ES			de	de-DE	mietpreisentwicklung Spanien						no										none		rent-index-verified	yes	Eurostat reuse policy, commercial reuse permitted with attribution	Eurostat reuse policy, commercial reuse permitted with attribution	high	medium, an index series per country	HIGH_THIN_CONTENT_RISK	medium	medium	out_of_window	medium	PROMISING	index only, no listings. Eurostat coverage is 36 countries. Demand is low and the page is structurally thin, so scaling this family risks thin content for little return.	DEMAND_LOW	4/324	165
C006526	/en/rent-increase/spain/	stay	rents.country-inflation	country-rent-trend	ES	Spain		ES			en	en-US	rent increase Spain						no										none		rent-index-verified	yes	Eurostat reuse policy, commercial reuse permitted with attribution	Eurostat reuse policy, commercial reuse permitted with attribution	high	medium, an index series per country	HIGH_THIN_CONTENT_RISK	medium	medium	out_of_window	medium	PROMISING	index only, no listings. Eurostat coverage is 36 countries. Demand is low and the page is structurally thin, so scaling this family risks thin content for little return.	DEMAND_LOW	4/324	165
C006528	/fr/augmentation-des-loyers/espagne/	stay	rents.country-inflation	country-rent-trend	ES	Spain		ES			fr	fr-FR	augmentation des loyers Espagne						no										none		rent-index-verified	yes	Eurostat reuse policy, commercial reuse permitted with attribution	Eurostat reuse policy, commercial reuse permitted with attribution	high	medium, an index series per country	HIGH_THIN_CONTENT_RISK	medium	medium	out_of_window	medium	PROMISING	index only, no listings. Eurostat coverage is 36 countries. Demand is low and the page is structurally thin, so scaling this family risks thin content for little return.	DEMAND_LOW	4/324	165
C006529	/it/aumento-affitti/spagna/	stay	rents.country-inflation	country-rent-trend	ES	Spain		ES			it	it-IT	aumento affitti Spagna						no										none		rent-index-verified	yes	Eurostat reuse policy, commercial reuse permitted with attribution	Eurostat reuse policy, commercial reuse permitted with attribution	high	medium, an index series per country	HIGH_THIN_CONTENT_RISK	medium	medium	out_of_window	medium	PROMISING	index only, no listings. Eurostat coverage is 36 countries. Demand is low and the page is structurally thin, so scaling this family risks thin content for little return.	DEMAND_LOW	4/324	165
C006530	/ja/rent-trend/spain/	stay	rents.country-inflation	country-rent-trend	ES	Spain		ES			ja	ja-JP							no										none		rent-index-verified	yes	Eurostat reuse policy, commercial reuse permitted with attribution	Eurostat reuse policy, commercial reuse permitted with attribution	high	medium, an index series per country	HIGH_THIN_CONTENT_RISK	medium	medium	out_of_window	medium	PROMISING	index only, no listings. Eurostat coverage is 36 countries. Demand is low and the page is structurally thin, so scaling this family risks thin content for little return.	DEMAND_LOW	4/324	165
C006531	/nl/huurverhoging/spanje/	stay	rents.country-inflation	country-rent-trend	ES	Spain		ES			nl	nl-NL	huurverhoging Spanje						no										none		rent-index-verified	yes	Eurostat reuse policy, commercial reuse permitted with attribution	Eurostat reuse policy, commercial reuse permitted with attribution	high	medium, an index series per country	HIGH_THIN_CONTENT_RISK	medium	medium	out_of_window	medium	PROMISING	index only, no listings. Eurostat coverage is 36 countries. Demand is low and the page is structurally thin, so scaling this family risks thin content for little return.	DEMAND_LOW	4/324	165
C006532	/pl/wzrost-czynszu/hiszpania/	stay	rents.country-inflation	country-rent-trend	ES	Spain		ES			pl	pl-PL	wzrost czynszu Hiszpania						no										none		rent-index-verified	yes	Eurostat reuse policy, commercial reuse permitted with attribution	Eurostat reuse policy, commercial reuse permitted with attribution	high	medium, an index series per country	HIGH_THIN_CONTENT_RISK	medium	medium	out_of_window	medium	PROMISING	index only, no listings. Eurostat coverage is 36 countries. Demand is low and the page is structurally thin, so scaling this family risks thin content for little return.	DEMAND_LOW	4/324	165
C006533	/pt/aumento-de-rendas/espanha/	stay	rents.country-inflation	country-rent-trend	ES	Spain		ES			pt	pt-BR	aumento de rendas Espanha						no										none		rent-index-verified	yes	Eurostat reuse policy, commercial reuse permitted with attribution	Eurostat reuse policy, commercial reuse permitted with attribution	high	medium, an index series per country	HIGH_THIN_CONTENT_RISK	medium	medium	out_of_window	medium	PROMISING	index only, no listings. Eurostat coverage is 36 countries. Demand is low and the page is structurally thin, so scaling this family risks thin content for little return.	DEMAND_LOW	4/324	165
C006534	/de/mietpreisentwicklung/finnland/	stay	rents.country-inflation	country-rent-trend	FI	Finland		FI			de	de-DE	mietpreisentwicklung Finnland						no										none		rent-index-verified	yes	Eurostat reuse policy, commercial reuse permitted with attribution	Eurostat reuse policy, commercial reuse permitted with attribution	high	medium, an index series per country	HIGH_THIN_CONTENT_RISK	medium	medium	out_of_window	medium	PROMISING	index only, no listings. Eurostat coverage is 36 countries. Demand is low and the page is structurally thin, so scaling this family risks thin content for little return.	DEMAND_LOW	4/324	165
C006535	/en/rent-increase/finland/	stay	rents.country-inflation	country-rent-trend	FI	Finland		FI			en	en-US	rent increase Finland						no										none		rent-index-verified	yes	Eurostat reuse policy, commercial reuse permitted with attribution	Eurostat reuse policy, commercial reuse permitted with attribution	high	medium, an index series per country	HIGH_THIN_CONTENT_RISK	medium	medium	out_of_window	medium	PROMISING	index only, no listings. Eurostat coverage is 36 countries. Demand is low and the page is structurally thin, so scaling this family risks thin content for little return.	DEMAND_LOW	4/324	165
C006536	/es/subida-del-alquiler/finlandia/	stay	rents.country-inflation	country-rent-trend	FI	Finland		FI			es	es-ES	subida del alquiler Finlandia						no										none		rent-index-verified	yes	Eurostat reuse policy, commercial reuse permitted with attribution	Eurostat reuse policy, commercial reuse permitted with attribution	high	medium, an index series per country	HIGH_THIN_CONTENT_RISK	medium	medium	out_of_window	medium	PROMISING	index only, no listings. Eurostat coverage is 36 countries. Demand is low and the page is structurally thin, so scaling this family risks thin content for little return.	DEMAND_LOW	4/324	165
C006537	/fr/augmentation-des-loyers/finlande/	stay	rents.country-inflation	country-rent-trend	FI	Finland		FI			fr	fr-FR	augmentation des loyers Finlande						no										none		rent-index-verified	yes	Eurostat reuse policy, commercial reuse permitted with attribution	Eurostat reuse policy, commercial reuse permitted with attribution	high	medium, an index series per country	HIGH_THIN_CONTENT_RISK	medium	medium	out_of_window	medium	PROMISING	index only, no listings. Eurostat coverage is 36 countries. Demand is low and the page is structurally thin, so scaling this family risks thin content for little return.	DEMAND_LOW	4/324	165
C006538	/it/aumento-affitti/finlandia/	stay	rents.country-inflation	country-rent-trend	FI	Finland		FI			it	it-IT	aumento affitti Finlandia						no										none		rent-index-verified	yes	Eurostat reuse policy, commercial reuse permitted with attribution	Eurostat reuse policy, commercial reuse permitted with attribution	high	medium, an index series per country	HIGH_THIN_CONTENT_RISK	medium	medium	out_of_window	medium	PROMISING	index only, no listings. Eurostat coverage is 36 countries. Demand is low and the page is structurally thin, so scaling this family risks thin content for little return.	DEMAND_LOW	4/324	165
C006539	/ja/rent-trend/finland/	stay	rents.country-inflation	country-rent-trend	FI	Finland		FI			ja	ja-JP							no										none		rent-index-verified	yes	Eurostat reuse policy, commercial reuse permitted with attribution	Eurostat reuse policy, commercial reuse permitted with attribution	high	medium, an index series per country	HIGH_THIN_CONTENT_RISK	medium	medium	out_of_window	medium	PROMISING	index only, no listings. Eurostat coverage is 36 countries. Demand is low and the page is structurally thin, so scaling this family risks thin content for little return.	DEMAND_LOW	4/324	165
C006540	/nl/huurverhoging/finland/	stay	rents.country-inflation	country-rent-trend	FI	Finland		FI			nl	nl-NL	huurverhoging Finland						no										none		rent-index-verified	yes	Eurostat reuse policy, commercial reuse permitted with attribution	Eurostat reuse policy, commercial reuse permitted with attribution	high	medium, an index series per country	HIGH_THIN_CONTENT_RISK	medium	medium	out_of_window	medium	PROMISING	index only, no listings. Eurostat coverage is 36 countries. Demand is low and the page is structurally thin, so scaling this family risks thin content for little return.	DEMAND_LOW	4/324	165
C006541	/pl/wzrost-czynszu/finlandia/	stay	rents.country-inflation	country-rent-trend	FI	Finland		FI			pl	pl-PL	wzrost czynszu Finlandia						no										none		rent-index-verified	yes	Eurostat reuse policy, commercial reuse permitted with attribution	Eurostat reuse policy, commercial reuse permitted with attribution	high	medium, an index series per country	HIGH_THIN_CONTENT_RISK	medium	medium	out_of_window	medium	PROMISING	index only, no listings. Eurostat coverage is 36 countries. Demand is low and the page is structurally thin, so scaling this family risks thin content for little return.	DEMAND_LOW	4/324	165
C006542	/pt/aumento-de-rendas/finlandia/	stay	rents.country-inflation	country-rent-trend	FI	Finland		FI			pt	pt-BR	aumento de rendas Finlândia						no										none		rent-index-verified	yes	Eurostat reuse policy, commercial reuse permitted with attribution	Eurostat reuse policy, commercial reuse permitted with attribution	high	medium, an index series per country	HIGH_THIN_CONTENT_RISK	medium	medium	out_of_window	medium	PROMISING	index only, no listings. Eurostat coverage is 36 countries. Demand is low and the page is structurally thin, so scaling this family risks thin content for little return.	DEMAND_LOW	4/324	165
C006543	/de/mietpreisentwicklung/frankreich/	stay	rents.country-inflation	country-rent-trend	FR	France		FR			de	de-DE	mietpreisentwicklung Frankreich						no										none		rent-index-verified	yes	Eurostat reuse policy, commercial reuse permitted with attribution	Eurostat reuse policy, commercial reuse permitted with attribution	high	medium, an index series per country	HIGH_THIN_CONTENT_RISK	medium	medium	out_of_window	medium	PROMISING	index only, no listings. Eurostat coverage is 36 countries. Demand is low and the page is structurally thin, so scaling this family risks thin content for little return.	DEMAND_LOW	4/324	165
C006544	/en/rent-increase/france/	stay	rents.country-inflation	country-rent-trend	FR	France		FR			en	en-US	rent increase France						no										none		rent-index-verified	yes	Eurostat reuse policy, commercial reuse permitted with attribution	Eurostat reuse policy, commercial reuse permitted with attribution	high	medium, an index series per country	HIGH_THIN_CONTENT_RISK	medium	medium	out_of_window	medium	PROMISING	index only, no listings. Eurostat coverage is 36 countries. Demand is low and the page is structurally thin, so scaling this family risks thin content for little return.	DEMAND_LOW	4/324	165
C006545	/es/subida-del-alquiler/francia/	stay	rents.country-inflation	country-rent-trend	FR	France		FR			es	es-ES	subida del alquiler Francia						no										none		rent-index-verified	yes	Eurostat reuse policy, commercial reuse permitted with attribution	Eurostat reuse policy, commercial reuse permitted with attribution	high	medium, an index series per country	HIGH_THIN_CONTENT_RISK	medium	medium	out_of_window	medium	PROMISING	index only, no listings. Eurostat coverage is 36 countries. Demand is low and the page is structurally thin, so scaling this family risks thin content for little return.	DEMAND_LOW	4/324	165
C006547	/it/aumento-affitti/francia/	stay	rents.country-inflation	country-rent-trend	FR	France		FR			it	it-IT	aumento affitti Francia						no										none		rent-index-verified	yes	Eurostat reuse policy, commercial reuse permitted with attribution	Eurostat reuse policy, commercial reuse permitted with attribution	high	medium, an index series per country	HIGH_THIN_CONTENT_RISK	medium	medium	out_of_window	medium	PROMISING	index only, no listings. Eurostat coverage is 36 countries. Demand is low and the page is structurally thin, so scaling this family risks thin content for little return.	DEMAND_LOW	4/324	165
C006548	/ja/rent-trend/france/	stay	rents.country-inflation	country-rent-trend	FR	France		FR			ja	ja-JP							no										none		rent-index-verified	yes	Eurostat reuse policy, commercial reuse permitted with attribution	Eurostat reuse policy, commercial reuse permitted with attribution	high	medium, an index series per country	HIGH_THIN_CONTENT_RISK	medium	medium	out_of_window	medium	PROMISING	index only, no listings. Eurostat coverage is 36 countries. Demand is low and the page is structurally thin, so scaling this family risks thin content for little return.	DEMAND_LOW	4/324	165
C006549	/nl/huurverhoging/frankrijk/	stay	rents.country-inflation	country-rent-trend	FR	France		FR			nl	nl-NL	huurverhoging Frankrijk						no										none		rent-index-verified	yes	Eurostat reuse policy, commercial reuse permitted with attribution	Eurostat reuse policy, commercial reuse permitted with attribution	high	medium, an index series per country	HIGH_THIN_CONTENT_RISK	medium	medium	out_of_window	medium	PROMISING	index only, no listings. Eurostat coverage is 36 countries. Demand is low and the page is structurally thin, so scaling this family risks thin content for little return.	DEMAND_LOW	4/324	165
C006550	/pl/wzrost-czynszu/francja/	stay	rents.country-inflation	country-rent-trend	FR	France		FR			pl	pl-PL	wzrost czynszu Francja						no										none		rent-index-verified	yes	Eurostat reuse policy, commercial reuse permitted with attribution	Eurostat reuse policy, commercial reuse permitted with attribution	high	medium, an index series per country	HIGH_THIN_CONTENT_RISK	medium	medium	out_of_window	medium	PROMISING	index only, no listings. Eurostat coverage is 36 countries. Demand is low and the page is structurally thin, so scaling this family risks thin content for little return.	DEMAND_LOW	4/324	165
C006551	/pt/aumento-de-rendas/franca/	stay	rents.country-inflation	country-rent-trend	FR	France		FR			pt	pt-BR	aumento de rendas França						no										none		rent-index-verified	yes	Eurostat reuse policy, commercial reuse permitted with attribution	Eurostat reuse policy, commercial reuse permitted with attribution	high	medium, an index series per country	HIGH_THIN_CONTENT_RISK	medium	medium	out_of_window	medium	PROMISING	index only, no listings. Eurostat coverage is 36 countries. Demand is low and the page is structurally thin, so scaling this family risks thin content for little return.	DEMAND_LOW	4/324	165
C006552	/de/mietpreisentwicklung/kroatien/	stay	rents.country-inflation	country-rent-trend	HR	Croatia		HR			de	de-DE	mietpreisentwicklung Kroatien						no										none		rent-index-verified	yes	Eurostat reuse policy, commercial reuse permitted with attribution	Eurostat reuse policy, commercial reuse permitted with attribution	high	medium, an index series per country	HIGH_THIN_CONTENT_RISK	medium	medium	out_of_window	medium	PROMISING	index only, no listings. Eurostat coverage is 36 countries. Demand is low and the page is structurally thin, so scaling this family risks thin content for little return.	DEMAND_LOW	4/324	165
C006553	/en/rent-increase/croatia/	stay	rents.country-inflation	country-rent-trend	HR	Croatia		HR			en	en-US	rent increase Croatia						no										none		rent-index-verified	yes	Eurostat reuse policy, commercial reuse permitted with attribution	Eurostat reuse policy, commercial reuse permitted with attribution	high	medium, an index series per country	HIGH_THIN_CONTENT_RISK	medium	medium	out_of_window	medium	PROMISING	index only, no listings. Eurostat coverage is 36 countries. Demand is low and the page is structurally thin, so scaling this family risks thin content for little return.	DEMAND_LOW	4/324	165
C006554	/es/subida-del-alquiler/croacia/	stay	rents.country-inflation	country-rent-trend	HR	Croatia		HR			es	es-ES	subida del alquiler Croacia						no										none		rent-index-verified	yes	Eurostat reuse policy, commercial reuse permitted with attribution	Eurostat reuse policy, commercial reuse permitted with attribution	high	medium, an index series per country	HIGH_THIN_CONTENT_RISK	medium	medium	out_of_window	medium	PROMISING	index only, no listings. Eurostat coverage is 36 countries. Demand is low and the page is structurally thin, so scaling this family risks thin content for little return.	DEMAND_LOW	4/324	165
C006555	/fr/augmentation-des-loyers/croatie/	stay	rents.country-inflation	country-rent-trend	HR	Croatia		HR			fr	fr-FR	augmentation des loyers Croatie						no										none		rent-index-verified	yes	Eurostat reuse policy, commercial reuse permitted with attribution	Eurostat reuse policy, commercial reuse permitted with attribution	high	medium, an index series per country	HIGH_THIN_CONTENT_RISK	medium	medium	out_of_window	medium	PROMISING	index only, no listings. Eurostat coverage is 36 countries. Demand is low and the page is structurally thin, so scaling this family risks thin content for little return.	DEMAND_LOW	4/324	165
C006556	/it/aumento-affitti/croazia/	stay	rents.country-inflation	country-rent-trend	HR	Croatia		HR			it	it-IT	aumento affitti Croazia						no										none		rent-index-verified	yes	Eurostat reuse policy, commercial reuse permitted with attribution	Eurostat reuse policy, commercial reuse permitted with attribution	high	medium, an index series per country	HIGH_THIN_CONTENT_RISK	medium	medium	out_of_window	medium	PROMISING	index only, no listings. Eurostat coverage is 36 countries. Demand is low and the page is structurally thin, so scaling this family risks thin content for little return.	DEMAND_LOW	4/324	165
C006557	/ja/rent-trend/croatia/	stay	rents.country-inflation	country-rent-trend	HR	Croatia		HR			ja	ja-JP							no										none		rent-index-verified	yes	Eurostat reuse policy, commercial reuse permitted with attribution	Eurostat reuse policy, commercial reuse permitted with attribution	high	medium, an index series per country	HIGH_THIN_CONTENT_RISK	medium	medium	out_of_window	medium	PROMISING	index only, no listings. Eurostat coverage is 36 countries. Demand is low and the page is structurally thin, so scaling this family risks thin content for little return.	DEMAND_LOW	4/324	165
C006558	/nl/huurverhoging/kroatie/	stay	rents.country-inflation	country-rent-trend	HR	Croatia		HR			nl	nl-NL	huurverhoging Kroatië						no										none		rent-index-verified	yes	Eurostat reuse policy, commercial reuse permitted with attribution	Eurostat reuse policy, commercial reuse permitted with attribution	high	medium, an index series per country	HIGH_THIN_CONTENT_RISK	medium	medium	out_of_window	medium	PROMISING	index only, no listings. Eurostat coverage is 36 countries. Demand is low and the page is structurally thin, so scaling this family risks thin content for little return.	DEMAND_LOW	4/324	165
C006559	/pl/wzrost-czynszu/chorwacja/	stay	rents.country-inflation	country-rent-trend	HR	Croatia		HR			pl	pl-PL	wzrost czynszu Chorwacja						no										none		rent-index-verified	yes	Eurostat reuse policy, commercial reuse permitted with attribution	Eurostat reuse policy, commercial reuse permitted with attribution	high	medium, an index series per country	HIGH_THIN_CONTENT_RISK	medium	medium	out_of_window	medium	PROMISING	index only, no listings. Eurostat coverage is 36 countries. Demand is low and the page is structurally thin, so scaling this family risks thin content for little return.	DEMAND_LOW	4/324	165
C006560	/pt/aumento-de-rendas/croacia/	stay	rents.country-inflation	country-rent-trend	HR	Croatia		HR			pt	pt-BR	aumento de rendas Croácia						no										none		rent-index-verified	yes	Eurostat reuse policy, commercial reuse permitted with attribution	Eurostat reuse policy, commercial reuse permitted with attribution	high	medium, an index series per country	HIGH_THIN_CONTENT_RISK	medium	medium	out_of_window	medium	PROMISING	index only, no listings. Eurostat coverage is 36 countries. Demand is low and the page is structurally thin, so scaling this family risks thin content for little return.	DEMAND_LOW	4/324	165
C006561	/de/mietpreisentwicklung/ungarn/	stay	rents.country-inflation	country-rent-trend	HU	Hungary		HU			de	de-DE	mietpreisentwicklung Ungarn						no										none		rent-index-verified	yes	Eurostat reuse policy, commercial reuse permitted with attribution	Eurostat reuse policy, commercial reuse permitted with attribution	high	medium, an index series per country	HIGH_THIN_CONTENT_RISK	medium	medium	out_of_window	medium	PROMISING	index only, no listings. Eurostat coverage is 36 countries. Demand is low and the page is structurally thin, so scaling this family risks thin content for little return.	DEMAND_LOW	4/324	165
C006562	/en/rent-increase/hungary/	stay	rents.country-inflation	country-rent-trend	HU	Hungary		HU			en	en-US	rent increase Hungary						no										none		rent-index-verified	yes	Eurostat reuse policy, commercial reuse permitted with attribution	Eurostat reuse policy, commercial reuse permitted with attribution	high	medium, an index series per country	HIGH_THIN_CONTENT_RISK	medium	medium	out_of_window	medium	PROMISING	index only, no listings. Eurostat coverage is 36 countries. Demand is low and the page is structurally thin, so scaling this family risks thin content for little return.	DEMAND_LOW	4/324	165
C006563	/es/subida-del-alquiler/hungria/	stay	rents.country-inflation	country-rent-trend	HU	Hungary		HU			es	es-ES	subida del alquiler Hungría						no										none		rent-index-verified	yes	Eurostat reuse policy, commercial reuse permitted with attribution	Eurostat reuse policy, commercial reuse permitted with attribution	high	medium, an index series per country	HIGH_THIN_CONTENT_RISK	medium	medium	out_of_window	medium	PROMISING	index only, no listings. Eurostat coverage is 36 countries. Demand is low and the page is structurally thin, so scaling this family risks thin content for little return.	DEMAND_LOW	4/324	165
C006564	/fr/augmentation-des-loyers/hongrie/	stay	rents.country-inflation	country-rent-trend	HU	Hungary		HU			fr	fr-FR	augmentation des loyers Hongrie						no										none		rent-index-verified	yes	Eurostat reuse policy, commercial reuse permitted with attribution	Eurostat reuse policy, commercial reuse permitted with attribution	high	medium, an index series per country	HIGH_THIN_CONTENT_RISK	medium	medium	out_of_window	medium	PROMISING	index only, no listings. Eurostat coverage is 36 countries. Demand is low and the page is structurally thin, so scaling this family risks thin content for little return.	DEMAND_LOW	4/324	165
C006565	/it/aumento-affitti/ungheria/	stay	rents.country-inflation	country-rent-trend	HU	Hungary		HU			it	it-IT	aumento affitti Ungheria						no										none		rent-index-verified	yes	Eurostat reuse policy, commercial reuse permitted with attribution	Eurostat reuse policy, commercial reuse permitted with attribution	high	medium, an index series per country	HIGH_THIN_CONTENT_RISK	medium	medium	out_of_window	medium	PROMISING	index only, no listings. Eurostat coverage is 36 countries. Demand is low and the page is structurally thin, so scaling this family risks thin content for little return.	DEMAND_LOW	4/324	165
C006566	/ja/rent-trend/hungary/	stay	rents.country-inflation	country-rent-trend	HU	Hungary		HU			ja	ja-JP							no										none		rent-index-verified	yes	Eurostat reuse policy, commercial reuse permitted with attribution	Eurostat reuse policy, commercial reuse permitted with attribution	high	medium, an index series per country	HIGH_THIN_CONTENT_RISK	medium	medium	out_of_window	medium	PROMISING	index only, no listings. Eurostat coverage is 36 countries. Demand is low and the page is structurally thin, so scaling this family risks thin content for little return.	DEMAND_LOW	4/324	165
C006567	/nl/huurverhoging/hongarije/	stay	rents.country-inflation	country-rent-trend	HU	Hungary		HU			nl	nl-NL	huurverhoging Hongarije						no										none		rent-index-verified	yes	Eurostat reuse policy, commercial reuse permitted with attribution	Eurostat reuse policy, commercial reuse permitted with attribution	high	medium, an index series per country	HIGH_THIN_CONTENT_RISK	medium	medium	out_of_window	medium	PROMISING	index only, no listings. Eurostat coverage is 36 countries. Demand is low and the page is structurally thin, so scaling this family risks thin content for little return.	DEMAND_LOW	4/324	165
C006568	/pl/wzrost-czynszu/wegry/	stay	rents.country-inflation	country-rent-trend	HU	Hungary		HU			pl	pl-PL	wzrost czynszu Węgry						no										none		rent-index-verified	yes	Eurostat reuse policy, commercial reuse permitted with attribution	Eurostat reuse policy, commercial reuse permitted with attribution	high	medium, an index series per country	HIGH_THIN_CONTENT_RISK	medium	medium	out_of_window	medium	PROMISING	index only, no listings. Eurostat coverage is 36 countries. Demand is low and the page is structurally thin, so scaling this family risks thin content for little return.	DEMAND_LOW	4/324	165
C006569	/pt/aumento-de-rendas/hungria/	stay	rents.country-inflation	country-rent-trend	HU	Hungary		HU			pt	pt-BR	aumento de rendas Hungria						no										none		rent-index-verified	yes	Eurostat reuse policy, commercial reuse permitted with attribution	Eurostat reuse policy, commercial reuse permitted with attribution	high	medium, an index series per country	HIGH_THIN_CONTENT_RISK	medium	medium	out_of_window	medium	PROMISING	index only, no listings. Eurostat coverage is 36 countries. Demand is low and the page is structurally thin, so scaling this family risks thin content for little return.	DEMAND_LOW	4/324	165
C006570	/de/mietpreisentwicklung/irland/	stay	rents.country-inflation	country-rent-trend	IE	Ireland		IE			de	de-DE	mietpreisentwicklung Irland						no										none		rent-index-verified	yes	Eurostat reuse policy, commercial reuse permitted with attribution	Eurostat reuse policy, commercial reuse permitted with attribution	high	medium, an index series per country	HIGH_THIN_CONTENT_RISK	medium	medium	out_of_window	medium	PROMISING	index only, no listings. Eurostat coverage is 36 countries. Demand is low and the page is structurally thin, so scaling this family risks thin content for little return.	DEMAND_LOW	4/324	165
C006571	/en/rent-increase/ireland/	stay	rents.country-inflation	country-rent-trend	IE	Ireland		IE			en	en-US	rent increase Ireland						no										none		rent-index-verified	yes	Eurostat reuse policy, commercial reuse permitted with attribution	Eurostat reuse policy, commercial reuse permitted with attribution	high	medium, an index series per country	HIGH_THIN_CONTENT_RISK	medium	medium	out_of_window	medium	PROMISING	index only, no listings. Eurostat coverage is 36 countries. Demand is low and the page is structurally thin, so scaling this family risks thin content for little return.	DEMAND_LOW	4/324	165
C006572	/es/subida-del-alquiler/irlanda/	stay	rents.country-inflation	country-rent-trend	IE	Ireland		IE			es	es-ES	subida del alquiler Irlanda						no										none		rent-index-verified	yes	Eurostat reuse policy, commercial reuse permitted with attribution	Eurostat reuse policy, commercial reuse permitted with attribution	high	medium, an index series per country	HIGH_THIN_CONTENT_RISK	medium	medium	out_of_window	medium	PROMISING	index only, no listings. Eurostat coverage is 36 countries. Demand is low and the page is structurally thin, so scaling this family risks thin content for little return.	DEMAND_LOW	4/324	165
C006573	/fr/augmentation-des-loyers/irlande/	stay	rents.country-inflation	country-rent-trend	IE	Ireland		IE			fr	fr-FR	augmentation des loyers Irlande						no										none		rent-index-verified	yes	Eurostat reuse policy, commercial reuse permitted with attribution	Eurostat reuse policy, commercial reuse permitted with attribution	high	medium, an index series per country	HIGH_THIN_CONTENT_RISK	medium	medium	out_of_window	medium	PROMISING	index only, no listings. Eurostat coverage is 36 countries. Demand is low and the page is structurally thin, so scaling this family risks thin content for little return.	DEMAND_LOW	4/324	165
C006574	/it/aumento-affitti/irlanda/	stay	rents.country-inflation	country-rent-trend	IE	Ireland		IE			it	it-IT	aumento affitti Irlanda						no										none		rent-index-verified	yes	Eurostat reuse policy, commercial reuse permitted with attribution	Eurostat reuse policy, commercial reuse permitted with attribution	high	medium, an index series per country	HIGH_THIN_CONTENT_RISK	medium	medium	out_of_window	medium	PROMISING	index only, no listings. Eurostat coverage is 36 countries. Demand is low and the page is structurally thin, so scaling this family risks thin content for little return.	DEMAND_LOW	4/324	165
C006575	/ja/rent-trend/ireland/	stay	rents.country-inflation	country-rent-trend	IE	Ireland		IE			ja	ja-JP							no										none		rent-index-verified	yes	Eurostat reuse policy, commercial reuse permitted with attribution	Eurostat reuse policy, commercial reuse permitted with attribution	high	medium, an index series per country	HIGH_THIN_CONTENT_RISK	medium	medium	out_of_window	medium	PROMISING	index only, no listings. Eurostat coverage is 36 countries. Demand is low and the page is structurally thin, so scaling this family risks thin content for little return.	DEMAND_LOW	4/324	165
C006576	/nl/huurverhoging/ierland/	stay	rents.country-inflation	country-rent-trend	IE	Ireland		IE			nl	nl-NL	huurverhoging Ierland						no										none		rent-index-verified	yes	Eurostat reuse policy, commercial reuse permitted with attribution	Eurostat reuse policy, commercial reuse permitted with attribution	high	medium, an index series per country	HIGH_THIN_CONTENT_RISK	medium	medium	out_of_window	medium	PROMISING	index only, no listings. Eurostat coverage is 36 countries. Demand is low and the page is structurally thin, so scaling this family risks thin content for little return.	DEMAND_LOW	4/324	165
C006577	/pl/wzrost-czynszu/irlandia/	stay	rents.country-inflation	country-rent-trend	IE	Ireland		IE			pl	pl-PL	wzrost czynszu Irlandia						no										none		rent-index-verified	yes	Eurostat reuse policy, commercial reuse permitted with attribution	Eurostat reuse policy, commercial reuse permitted with attribution	high	medium, an index series per country	HIGH_THIN_CONTENT_RISK	medium	medium	out_of_window	medium	PROMISING	index only, no listings. Eurostat coverage is 36 countries. Demand is low and the page is structurally thin, so scaling this family risks thin content for little return.	DEMAND_LOW	4/324	165
C006578	/pt/aumento-de-rendas/irlanda/	stay	rents.country-inflation	country-rent-trend	IE	Ireland		IE			pt	pt-BR	aumento de rendas Irlanda						no										none		rent-index-verified	yes	Eurostat reuse policy, commercial reuse permitted with attribution	Eurostat reuse policy, commercial reuse permitted with attribution	high	medium, an index series per country	HIGH_THIN_CONTENT_RISK	medium	medium	out_of_window	medium	PROMISING	index only, no listings. Eurostat coverage is 36 countries. Demand is low and the page is structurally thin, so scaling this family risks thin content for little return.	DEMAND_LOW	4/324	165
C006579	/de/mietpreisentwicklung/island/	stay	rents.country-inflation	country-rent-trend	IS	Iceland		IS			de	de-DE	mietpreisentwicklung Island						no										none		rent-index-verified	yes	Eurostat reuse policy, commercial reuse permitted with attribution	Eurostat reuse policy, commercial reuse permitted with attribution	high	medium, an index series per country	HIGH_THIN_CONTENT_RISK	medium	medium	out_of_window	medium	PROMISING	index only, no listings. Eurostat coverage is 36 countries. Demand is low and the page is structurally thin, so scaling this family risks thin content for little return.	DEMAND_LOW	4/324	165
C006580	/en/rent-increase/iceland/	stay	rents.country-inflation	country-rent-trend	IS	Iceland		IS			en	en-US	rent increase Iceland						no										none		rent-index-verified	yes	Eurostat reuse policy, commercial reuse permitted with attribution	Eurostat reuse policy, commercial reuse permitted with attribution	high	medium, an index series per country	HIGH_THIN_CONTENT_RISK	medium	medium	out_of_window	medium	PROMISING	index only, no listings. Eurostat coverage is 36 countries. Demand is low and the page is structurally thin, so scaling this family risks thin content for little return.	DEMAND_LOW	4/324	165
C006581	/es/subida-del-alquiler/islandia/	stay	rents.country-inflation	country-rent-trend	IS	Iceland		IS			es	es-ES	subida del alquiler Islandia						no										none		rent-index-verified	yes	Eurostat reuse policy, commercial reuse permitted with attribution	Eurostat reuse policy, commercial reuse permitted with attribution	high	medium, an index series per country	HIGH_THIN_CONTENT_RISK	medium	medium	out_of_window	medium	PROMISING	index only, no listings. Eurostat coverage is 36 countries. Demand is low and the page is structurally thin, so scaling this family risks thin content for little return.	DEMAND_LOW	4/324	165
C006582	/fr/augmentation-des-loyers/islande/	stay	rents.country-inflation	country-rent-trend	IS	Iceland		IS			fr	fr-FR	augmentation des loyers Islande						no										none		rent-index-verified	yes	Eurostat reuse policy, commercial reuse permitted with attribution	Eurostat reuse policy, commercial reuse permitted with attribution	high	medium, an index series per country	HIGH_THIN_CONTENT_RISK	medium	medium	out_of_window	medium	PROMISING	index only, no listings. Eurostat coverage is 36 countries. Demand is low and the page is structurally thin, so scaling this family risks thin content for little return.	DEMAND_LOW	4/324	165
C006583	/it/aumento-affitti/islanda/	stay	rents.country-inflation	country-rent-trend	IS	Iceland		IS			it	it-IT	aumento affitti Islanda						no										none		rent-index-verified	yes	Eurostat reuse policy, commercial reuse permitted with attribution	Eurostat reuse policy, commercial reuse permitted with attribution	high	medium, an index series per country	HIGH_THIN_CONTENT_RISK	medium	medium	out_of_window	medium	PROMISING	index only, no listings. Eurostat coverage is 36 countries. Demand is low and the page is structurally thin, so scaling this family risks thin content for little return.	DEMAND_LOW	4/324	165
C006584	/ja/rent-trend/iceland/	stay	rents.country-inflation	country-rent-trend	IS	Iceland		IS			ja	ja-JP							no										none		rent-index-verified	yes	Eurostat reuse policy, commercial reuse permitted with attribution	Eurostat reuse policy, commercial reuse permitted with attribution	high	medium, an index series per country	HIGH_THIN_CONTENT_RISK	medium	medium	out_of_window	medium	PROMISING	index only, no listings. Eurostat coverage is 36 countries. Demand is low and the page is structurally thin, so scaling this family risks thin content for little return.	DEMAND_LOW	4/324	165
C006585	/nl/huurverhoging/ijsland/	stay	rents.country-inflation	country-rent-trend	IS	Iceland		IS			nl	nl-NL	huurverhoging IJsland						no										none		rent-index-verified	yes	Eurostat reuse policy, commercial reuse permitted with attribution	Eurostat reuse policy, commercial reuse permitted with attribution	high	medium, an index series per country	HIGH_THIN_CONTENT_RISK	medium	medium	out_of_window	medium	PROMISING	index only, no listings. Eurostat coverage is 36 countries. Demand is low and the page is structurally thin, so scaling this family risks thin content for little return.	DEMAND_LOW	4/324	165
C006586	/pl/wzrost-czynszu/islandia/	stay	rents.country-inflation	country-rent-trend	IS	Iceland		IS			pl	pl-PL	wzrost czynszu Islandia						no										none		rent-index-verified	yes	Eurostat reuse policy, commercial reuse permitted with attribution	Eurostat reuse policy, commercial reuse permitted with attribution	high	medium, an index series per country	HIGH_THIN_CONTENT_RISK	medium	medium	out_of_window	medium	PROMISING	index only, no listings. Eurostat coverage is 36 countries. Demand is low and the page is structurally thin, so scaling this family risks thin content for little return.	DEMAND_LOW	4/324	165
C006587	/pt/aumento-de-rendas/islandia/	stay	rents.country-inflation	country-rent-trend	IS	Iceland		IS			pt	pt-BR	aumento de rendas Islândia						no										none		rent-index-verified	yes	Eurostat reuse policy, commercial reuse permitted with attribution	Eurostat reuse policy, commercial reuse permitted with attribution	high	medium, an index series per country	HIGH_THIN_CONTENT_RISK	medium	medium	out_of_window	medium	PROMISING	index only, no listings. Eurostat coverage is 36 countries. Demand is low and the page is structurally thin, so scaling this family risks thin content for little return.	DEMAND_LOW	4/324	165
C006588	/de/mietpreisentwicklung/italien/	stay	rents.country-inflation	country-rent-trend	IT	Italy		IT			de	de-DE	mietpreisentwicklung Italien						no										none		rent-index-verified	yes	Eurostat reuse policy, commercial reuse permitted with attribution	Eurostat reuse policy, commercial reuse permitted with attribution	high	medium, an index series per country	HIGH_THIN_CONTENT_RISK	medium	medium	out_of_window	medium	PROMISING	index only, no listings. Eurostat coverage is 36 countries. Demand is low and the page is structurally thin, so scaling this family risks thin content for little return.	DEMAND_LOW	4/324	165
C006589	/en/rent-increase/italy/	stay	rents.country-inflation	country-rent-trend	IT	Italy		IT			en	en-US	rent increase Italy						no										none		rent-index-verified	yes	Eurostat reuse policy, commercial reuse permitted with attribution	Eurostat reuse policy, commercial reuse permitted with attribution	high	medium, an index series per country	HIGH_THIN_CONTENT_RISK	medium	medium	out_of_window	medium	PROMISING	index only, no listings. Eurostat coverage is 36 countries. Demand is low and the page is structurally thin, so scaling this family risks thin content for little return.	DEMAND_LOW	4/324	165
C006590	/es/subida-del-alquiler/italia/	stay	rents.country-inflation	country-rent-trend	IT	Italy		IT			es	es-ES	subida del alquiler Italia						no										none		rent-index-verified	yes	Eurostat reuse policy, commercial reuse permitted with attribution	Eurostat reuse policy, commercial reuse permitted with attribution	high	medium, an index series per country	HIGH_THIN_CONTENT_RISK	medium	medium	out_of_window	medium	PROMISING	index only, no listings. Eurostat coverage is 36 countries. Demand is low and the page is structurally thin, so scaling this family risks thin content for little return.	DEMAND_LOW	4/324	165
C006591	/fr/augmentation-des-loyers/italie/	stay	rents.country-inflation	country-rent-trend	IT	Italy		IT			fr	fr-FR	augmentation des loyers Italie						no										none		rent-index-verified	yes	Eurostat reuse policy, commercial reuse permitted with attribution	Eurostat reuse policy, commercial reuse permitted with attribution	high	medium, an index series per country	HIGH_THIN_CONTENT_RISK	medium	medium	out_of_window	medium	PROMISING	index only, no listings. Eurostat coverage is 36 countries. Demand is low and the page is structurally thin, so scaling this family risks thin content for little return.	DEMAND_LOW	4/324	165
C006593	/ja/rent-trend/italy/	stay	rents.country-inflation	country-rent-trend	IT	Italy		IT			ja	ja-JP							no										none		rent-index-verified	yes	Eurostat reuse policy, commercial reuse permitted with attribution	Eurostat reuse policy, commercial reuse permitted with attribution	high	medium, an index series per country	HIGH_THIN_CONTENT_RISK	medium	medium	out_of_window	medium	PROMISING	index only, no listings. Eurostat coverage is 36 countries. Demand is low and the page is structurally thin, so scaling this family risks thin content for little return.	DEMAND_LOW	4/324	165
C006594	/nl/huurverhoging/italie/	stay	rents.country-inflation	country-rent-trend	IT	Italy		IT			nl	nl-NL	huurverhoging Italië						no										none		rent-index-verified	yes	Eurostat reuse policy, commercial reuse permitted with attribution	Eurostat reuse policy, commercial reuse permitted with attribution	high	medium, an index series per country	HIGH_THIN_CONTENT_RISK	medium	medium	out_of_window	medium	PROMISING	index only, no listings. Eurostat coverage is 36 countries. Demand is low and the page is structurally thin, so scaling this family risks thin content for little return.	DEMAND_LOW	4/324	165
C006595	/pl/wzrost-czynszu/wlochy/	stay	rents.country-inflation	country-rent-trend	IT	Italy		IT			pl	pl-PL	wzrost czynszu Włochy						no										none		rent-index-verified	yes	Eurostat reuse policy, commercial reuse permitted with attribution	Eurostat reuse policy, commercial reuse permitted with attribution	high	medium, an index series per country	HIGH_THIN_CONTENT_RISK	medium	medium	out_of_window	medium	PROMISING	index only, no listings. Eurostat coverage is 36 countries. Demand is low and the page is structurally thin, so scaling this family risks thin content for little return.	DEMAND_LOW	4/324	165
C006596	/pt/aumento-de-rendas/italia/	stay	rents.country-inflation	country-rent-trend	IT	Italy		IT			pt	pt-BR	aumento de rendas Itália						no										none		rent-index-verified	yes	Eurostat reuse policy, commercial reuse permitted with attribution	Eurostat reuse policy, commercial reuse permitted with attribution	high	medium, an index series per country	HIGH_THIN_CONTENT_RISK	medium	medium	out_of_window	medium	PROMISING	index only, no listings. Eurostat coverage is 36 countries. Demand is low and the page is structurally thin, so scaling this family risks thin content for little return.	DEMAND_LOW	4/324	165
C006597	/de/mietpreisentwicklung/litauen/	stay	rents.country-inflation	country-rent-trend	LT	Lithuania		LT			de	de-DE	mietpreisentwicklung Litauen						no										none		rent-index-verified	yes	Eurostat reuse policy, commercial reuse permitted with attribution	Eurostat reuse policy, commercial reuse permitted with attribution	high	medium, an index series per country	HIGH_THIN_CONTENT_RISK	medium	medium	out_of_window	medium	PROMISING	index only, no listings. Eurostat coverage is 36 countries. Demand is low and the page is structurally thin, so scaling this family risks thin content for little return.	DEMAND_LOW	4/324	165
C006598	/en/rent-increase/lithuania/	stay	rents.country-inflation	country-rent-trend	LT	Lithuania		LT			en	en-US	rent increase Lithuania						no										none		rent-index-verified	yes	Eurostat reuse policy, commercial reuse permitted with attribution	Eurostat reuse policy, commercial reuse permitted with attribution	high	medium, an index series per country	HIGH_THIN_CONTENT_RISK	medium	medium	out_of_window	medium	PROMISING	index only, no listings. Eurostat coverage is 36 countries. Demand is low and the page is structurally thin, so scaling this family risks thin content for little return.	DEMAND_LOW	4/324	165
C006599	/es/subida-del-alquiler/lituania/	stay	rents.country-inflation	country-rent-trend	LT	Lithuania		LT			es	es-ES	subida del alquiler Lituania						no										none		rent-index-verified	yes	Eurostat reuse policy, commercial reuse permitted with attribution	Eurostat reuse policy, commercial reuse permitted with attribution	high	medium, an index series per country	HIGH_THIN_CONTENT_RISK	medium	medium	out_of_window	medium	PROMISING	index only, no listings. Eurostat coverage is 36 countries. Demand is low and the page is structurally thin, so scaling this family risks thin content for little return.	DEMAND_LOW	4/324	165
C006600	/fr/augmentation-des-loyers/lituanie/	stay	rents.country-inflation	country-rent-trend	LT	Lithuania		LT			fr	fr-FR	augmentation des loyers Lituanie						no										none		rent-index-verified	yes	Eurostat reuse policy, commercial reuse permitted with attribution	Eurostat reuse policy, commercial reuse permitted with attribution	high	medium, an index series per country	HIGH_THIN_CONTENT_RISK	medium	medium	out_of_window	medium	PROMISING	index only, no listings. Eurostat coverage is 36 countries. Demand is low and the page is structurally thin, so scaling this family risks thin content for little return.	DEMAND_LOW	4/324	165
C006601	/it/aumento-affitti/lituania/	stay	rents.country-inflation	country-rent-trend	LT	Lithuania		LT			it	it-IT	aumento affitti Lituania						no										none		rent-index-verified	yes	Eurostat reuse policy, commercial reuse permitted with attribution	Eurostat reuse policy, commercial reuse permitted with attribution	high	medium, an index series per country	HIGH_THIN_CONTENT_RISK	medium	medium	out_of_window	medium	PROMISING	index only, no listings. Eurostat coverage is 36 countries. Demand is low and the page is structurally thin, so scaling this family risks thin content for little return.	DEMAND_LOW	4/324	165
C006602	/ja/rent-trend/lithuania/	stay	rents.country-inflation	country-rent-trend	LT	Lithuania		LT			ja	ja-JP							no										none		rent-index-verified	yes	Eurostat reuse policy, commercial reuse permitted with attribution	Eurostat reuse policy, commercial reuse permitted with attribution	high	medium, an index series per country	HIGH_THIN_CONTENT_RISK	medium	medium	out_of_window	medium	PROMISING	index only, no listings. Eurostat coverage is 36 countries. Demand is low and the page is structurally thin, so scaling this family risks thin content for little return.	DEMAND_LOW	4/324	165
C006603	/nl/huurverhoging/litouwen/	stay	rents.country-inflation	country-rent-trend	LT	Lithuania		LT			nl	nl-NL	huurverhoging Litouwen						no										none		rent-index-verified	yes	Eurostat reuse policy, commercial reuse permitted with attribution	Eurostat reuse policy, commercial reuse permitted with attribution	high	medium, an index series per country	HIGH_THIN_CONTENT_RISK	medium	medium	out_of_window	medium	PROMISING	index only, no listings. Eurostat coverage is 36 countries. Demand is low and the page is structurally thin, so scaling this family risks thin content for little return.	DEMAND_LOW	4/324	165
C006604	/pl/wzrost-czynszu/litwa/	stay	rents.country-inflation	country-rent-trend	LT	Lithuania		LT			pl	pl-PL	wzrost czynszu Litwa						no										none		rent-index-verified	yes	Eurostat reuse policy, commercial reuse permitted with attribution	Eurostat reuse policy, commercial reuse permitted with attribution	high	medium, an index series per country	HIGH_THIN_CONTENT_RISK	medium	medium	out_of_window	medium	PROMISING	index only, no listings. Eurostat coverage is 36 countries. Demand is low and the page is structurally thin, so scaling this family risks thin content for little return.	DEMAND_LOW	4/324	165
C006605	/pt/aumento-de-rendas/lituania/	stay	rents.country-inflation	country-rent-trend	LT	Lithuania		LT			pt	pt-BR	aumento de rendas Lituânia						no										none		rent-index-verified	yes	Eurostat reuse policy, commercial reuse permitted with attribution	Eurostat reuse policy, commercial reuse permitted with attribution	high	medium, an index series per country	HIGH_THIN_CONTENT_RISK	medium	medium	out_of_window	medium	PROMISING	index only, no listings. Eurostat coverage is 36 countries. Demand is low and the page is structurally thin, so scaling this family risks thin content for little return.	DEMAND_LOW	4/324	165
C006606	/de/mietpreisentwicklung/luxemburg/	stay	rents.country-inflation	country-rent-trend	LU	Luxembourg		LU			de	de-DE	mietpreisentwicklung Luxemburg						no										none		rent-index-verified	yes	Eurostat reuse policy, commercial reuse permitted with attribution	Eurostat reuse policy, commercial reuse permitted with attribution	high	medium, an index series per country	HIGH_THIN_CONTENT_RISK	medium	medium	out_of_window	medium	PROMISING	index only, no listings. Eurostat coverage is 36 countries. Demand is low and the page is structurally thin, so scaling this family risks thin content for little return.	DEMAND_LOW	4/324	165
C006607	/en/rent-increase/luxembourg/	stay	rents.country-inflation	country-rent-trend	LU	Luxembourg		LU			en	en-US	rent increase Luxembourg						no										none		rent-index-verified	yes	Eurostat reuse policy, commercial reuse permitted with attribution	Eurostat reuse policy, commercial reuse permitted with attribution	high	medium, an index series per country	HIGH_THIN_CONTENT_RISK	medium	medium	out_of_window	medium	PROMISING	index only, no listings. Eurostat coverage is 36 countries. Demand is low and the page is structurally thin, so scaling this family risks thin content for little return.	DEMAND_LOW	4/324	165
C006608	/es/subida-del-alquiler/luxemburgo/	stay	rents.country-inflation	country-rent-trend	LU	Luxembourg		LU			es	es-ES	subida del alquiler Luxemburgo						no										none		rent-index-verified	yes	Eurostat reuse policy, commercial reuse permitted with attribution	Eurostat reuse policy, commercial reuse permitted with attribution	high	medium, an index series per country	HIGH_THIN_CONTENT_RISK	medium	medium	out_of_window	medium	PROMISING	index only, no listings. Eurostat coverage is 36 countries. Demand is low and the page is structurally thin, so scaling this family risks thin content for little return.	DEMAND_LOW	4/324	165
C006609	/fr/augmentation-des-loyers/luxembourg/	stay	rents.country-inflation	country-rent-trend	LU	Luxembourg		LU			fr	fr-FR	augmentation des loyers Luxembourg						no										none		rent-index-verified	yes	Eurostat reuse policy, commercial reuse permitted with attribution	Eurostat reuse policy, commercial reuse permitted with attribution	high	medium, an index series per country	HIGH_THIN_CONTENT_RISK	medium	medium	out_of_window	medium	PROMISING	index only, no listings. Eurostat coverage is 36 countries. Demand is low and the page is structurally thin, so scaling this family risks thin content for little return.	DEMAND_LOW	4/324	165
C006610	/it/aumento-affitti/lussemburgo/	stay	rents.country-inflation	country-rent-trend	LU	Luxembourg		LU			it	it-IT	aumento affitti Lussemburgo						no										none		rent-index-verified	yes	Eurostat reuse policy, commercial reuse permitted with attribution	Eurostat reuse policy, commercial reuse permitted with attribution	high	medium, an index series per country	HIGH_THIN_CONTENT_RISK	medium	medium	out_of_window	medium	PROMISING	index only, no listings. Eurostat coverage is 36 countries. Demand is low and the page is structurally thin, so scaling this family risks thin content for little return.	DEMAND_LOW	4/324	165
C006611	/ja/rent-trend/luxembourg/	stay	rents.country-inflation	country-rent-trend	LU	Luxembourg		LU			ja	ja-JP							no										none		rent-index-verified	yes	Eurostat reuse policy, commercial reuse permitted with attribution	Eurostat reuse policy, commercial reuse permitted with attribution	high	medium, an index series per country	HIGH_THIN_CONTENT_RISK	medium	medium	out_of_window	medium	PROMISING	index only, no listings. Eurostat coverage is 36 countries. Demand is low and the page is structurally thin, so scaling this family risks thin content for little return.	DEMAND_LOW	4/324	165
C006612	/nl/huurverhoging/luxemburg/	stay	rents.country-inflation	country-rent-trend	LU	Luxembourg		LU			nl	nl-NL	huurverhoging Luxemburg						no										none		rent-index-verified	yes	Eurostat reuse policy, commercial reuse permitted with attribution	Eurostat reuse policy, commercial reuse permitted with attribution	high	medium, an index series per country	HIGH_THIN_CONTENT_RISK	medium	medium	out_of_window	medium	PROMISING	index only, no listings. Eurostat coverage is 36 countries. Demand is low and the page is structurally thin, so scaling this family risks thin content for little return.	DEMAND_LOW	4/324	165
C006613	/pl/wzrost-czynszu/luksemburg/	stay	rents.country-inflation	country-rent-trend	LU	Luxembourg		LU			pl	pl-PL	wzrost czynszu Luksemburg						no										none		rent-index-verified	yes	Eurostat reuse policy, commercial reuse permitted with attribution	Eurostat reuse policy, commercial reuse permitted with attribution	high	medium, an index series per country	HIGH_THIN_CONTENT_RISK	medium	medium	out_of_window	medium	PROMISING	index only, no listings. Eurostat coverage is 36 countries. Demand is low and the page is structurally thin, so scaling this family risks thin content for little return.	DEMAND_LOW	4/324	165
C006614	/pt/aumento-de-rendas/luxemburgo/	stay	rents.country-inflation	country-rent-trend	LU	Luxembourg		LU			pt	pt-BR	aumento de rendas Luxemburgo						no										none		rent-index-verified	yes	Eurostat reuse policy, commercial reuse permitted with attribution	Eurostat reuse policy, commercial reuse permitted with attribution	high	medium, an index series per country	HIGH_THIN_CONTENT_RISK	medium	medium	out_of_window	medium	PROMISING	index only, no listings. Eurostat coverage is 36 countries. Demand is low and the page is structurally thin, so scaling this family risks thin content for little return.	DEMAND_LOW	4/324	165
C006615	/de/mietpreisentwicklung/lettland/	stay	rents.country-inflation	country-rent-trend	LV	Latvia		LV			de	de-DE	mietpreisentwicklung Lettland						no										none		rent-index-verified	yes	Eurostat reuse policy, commercial reuse permitted with attribution	Eurostat reuse policy, commercial reuse permitted with attribution	high	medium, an index series per country	HIGH_THIN_CONTENT_RISK	medium	medium	out_of_window	medium	PROMISING	index only, no listings. Eurostat coverage is 36 countries. Demand is low and the page is structurally thin, so scaling this family risks thin content for little return.	DEMAND_LOW	4/324	165
C006616	/en/rent-increase/latvia/	stay	rents.country-inflation	country-rent-trend	LV	Latvia		LV			en	en-US	rent increase Latvia						no										none		rent-index-verified	yes	Eurostat reuse policy, commercial reuse permitted with attribution	Eurostat reuse policy, commercial reuse permitted with attribution	high	medium, an index series per country	HIGH_THIN_CONTENT_RISK	medium	medium	out_of_window	medium	PROMISING	index only, no listings. Eurostat coverage is 36 countries. Demand is low and the page is structurally thin, so scaling this family risks thin content for little return.	DEMAND_LOW	4/324	165
C006617	/es/subida-del-alquiler/letonia/	stay	rents.country-inflation	country-rent-trend	LV	Latvia		LV			es	es-ES	subida del alquiler Letonia						no										none		rent-index-verified	yes	Eurostat reuse policy, commercial reuse permitted with attribution	Eurostat reuse policy, commercial reuse permitted with attribution	high	medium, an index series per country	HIGH_THIN_CONTENT_RISK	medium	medium	out_of_window	medium	PROMISING	index only, no listings. Eurostat coverage is 36 countries. Demand is low and the page is structurally thin, so scaling this family risks thin content for little return.	DEMAND_LOW	4/324	165
C006618	/fr/augmentation-des-loyers/lettonie/	stay	rents.country-inflation	country-rent-trend	LV	Latvia		LV			fr	fr-FR	augmentation des loyers Lettonie						no										none		rent-index-verified	yes	Eurostat reuse policy, commercial reuse permitted with attribution	Eurostat reuse policy, commercial reuse permitted with attribution	high	medium, an index series per country	HIGH_THIN_CONTENT_RISK	medium	medium	out_of_window	medium	PROMISING	index only, no listings. Eurostat coverage is 36 countries. Demand is low and the page is structurally thin, so scaling this family risks thin content for little return.	DEMAND_LOW	4/324	165
C006619	/it/aumento-affitti/lettonia/	stay	rents.country-inflation	country-rent-trend	LV	Latvia		LV			it	it-IT	aumento affitti Lettonia						no										none		rent-index-verified	yes	Eurostat reuse policy, commercial reuse permitted with attribution	Eurostat reuse policy, commercial reuse permitted with attribution	high	medium, an index series per country	HIGH_THIN_CONTENT_RISK	medium	medium	out_of_window	medium	PROMISING	index only, no listings. Eurostat coverage is 36 countries. Demand is low and the page is structurally thin, so scaling this family risks thin content for little return.	DEMAND_LOW	4/324	165
C006620	/ja/rent-trend/latvia/	stay	rents.country-inflation	country-rent-trend	LV	Latvia		LV			ja	ja-JP							no										none		rent-index-verified	yes	Eurostat reuse policy, commercial reuse permitted with attribution	Eurostat reuse policy, commercial reuse permitted with attribution	high	medium, an index series per country	HIGH_THIN_CONTENT_RISK	medium	medium	out_of_window	medium	PROMISING	index only, no listings. Eurostat coverage is 36 countries. Demand is low and the page is structurally thin, so scaling this family risks thin content for little return.	DEMAND_LOW	4/324	165
C006621	/nl/huurverhoging/letland/	stay	rents.country-inflation	country-rent-trend	LV	Latvia		LV			nl	nl-NL	huurverhoging Letland						no										none		rent-index-verified	yes	Eurostat reuse policy, commercial reuse permitted with attribution	Eurostat reuse policy, commercial reuse permitted with attribution	high	medium, an index series per country	HIGH_THIN_CONTENT_RISK	medium	medium	out_of_window	medium	PROMISING	index only, no listings. Eurostat coverage is 36 countries. Demand is low and the page is structurally thin, so scaling this family risks thin content for little return.	DEMAND_LOW	4/324	165
C006622	/pl/wzrost-czynszu/lotwa/	stay	rents.country-inflation	country-rent-trend	LV	Latvia		LV			pl	pl-PL	wzrost czynszu Łotwa						no										none		rent-index-verified	yes	Eurostat reuse policy, commercial reuse permitted with attribution	Eurostat reuse policy, commercial reuse permitted with attribution	high	medium, an index series per country	HIGH_THIN_CONTENT_RISK	medium	medium	out_of_window	medium	PROMISING	index only, no listings. Eurostat coverage is 36 countries. Demand is low and the page is structurally thin, so scaling this family risks thin content for little return.	DEMAND_LOW	4/324	165
C006623	/pt/aumento-de-rendas/letonia/	stay	rents.country-inflation	country-rent-trend	LV	Latvia		LV			pt	pt-BR	aumento de rendas Letônia						no										none		rent-index-verified	yes	Eurostat reuse policy, commercial reuse permitted with attribution	Eurostat reuse policy, commercial reuse permitted with attribution	high	medium, an index series per country	HIGH_THIN_CONTENT_RISK	medium	medium	out_of_window	medium	PROMISING	index only, no listings. Eurostat coverage is 36 countries. Demand is low and the page is structurally thin, so scaling this family risks thin content for little return.	DEMAND_LOW	4/324	165
C006624	/de/mietpreisentwicklung/montenegro/	stay	rents.country-inflation	country-rent-trend	ME	Montenegro		ME			de	de-DE	mietpreisentwicklung Montenegro						no										none		rent-index-verified	yes	Eurostat reuse policy, commercial reuse permitted with attribution	Eurostat reuse policy, commercial reuse permitted with attribution	high	medium, an index series per country	HIGH_THIN_CONTENT_RISK	medium	medium	out_of_window	medium	PROMISING	index only, no listings. Eurostat coverage is 36 countries. Demand is low and the page is structurally thin, so scaling this family risks thin content for little return.	DEMAND_LOW	4/324	165
C006625	/en/rent-increase/montenegro/	stay	rents.country-inflation	country-rent-trend	ME	Montenegro		ME			en	en-US	rent increase Montenegro						no										none		rent-index-verified	yes	Eurostat reuse policy, commercial reuse permitted with attribution	Eurostat reuse policy, commercial reuse permitted with attribution	high	medium, an index series per country	HIGH_THIN_CONTENT_RISK	medium	medium	out_of_window	medium	PROMISING	index only, no listings. Eurostat coverage is 36 countries. Demand is low and the page is structurally thin, so scaling this family risks thin content for little return.	DEMAND_LOW	4/324	165
C006626	/es/subida-del-alquiler/montenegro/	stay	rents.country-inflation	country-rent-trend	ME	Montenegro		ME			es	es-ES	subida del alquiler Montenegro						no										none		rent-index-verified	yes	Eurostat reuse policy, commercial reuse permitted with attribution	Eurostat reuse policy, commercial reuse permitted with attribution	high	medium, an index series per country	HIGH_THIN_CONTENT_RISK	medium	medium	out_of_window	medium	PROMISING	index only, no listings. Eurostat coverage is 36 countries. Demand is low and the page is structurally thin, so scaling this family risks thin content for little return.	DEMAND_LOW	4/324	165
C006627	/fr/augmentation-des-loyers/montenegro/	stay	rents.country-inflation	country-rent-trend	ME	Montenegro		ME			fr	fr-FR	augmentation des loyers Monténégro						no										none		rent-index-verified	yes	Eurostat reuse policy, commercial reuse permitted with attribution	Eurostat reuse policy, commercial reuse permitted with attribution	high	medium, an index series per country	HIGH_THIN_CONTENT_RISK	medium	medium	out_of_window	medium	PROMISING	index only, no listings. Eurostat coverage is 36 countries. Demand is low and the page is structurally thin, so scaling this family risks thin content for little return.	DEMAND_LOW	4/324	165
C006628	/it/aumento-affitti/montenegro/	stay	rents.country-inflation	country-rent-trend	ME	Montenegro		ME			it	it-IT	aumento affitti Montenegro						no										none		rent-index-verified	yes	Eurostat reuse policy, commercial reuse permitted with attribution	Eurostat reuse policy, commercial reuse permitted with attribution	high	medium, an index series per country	HIGH_THIN_CONTENT_RISK	medium	medium	out_of_window	medium	PROMISING	index only, no listings. Eurostat coverage is 36 countries. Demand is low and the page is structurally thin, so scaling this family risks thin content for little return.	DEMAND_LOW	4/324	165
C006629	/ja/rent-trend/montenegro/	stay	rents.country-inflation	country-rent-trend	ME	Montenegro		ME			ja	ja-JP							no										none		rent-index-verified	yes	Eurostat reuse policy, commercial reuse permitted with attribution	Eurostat reuse policy, commercial reuse permitted with attribution	high	medium, an index series per country	HIGH_THIN_CONTENT_RISK	medium	medium	out_of_window	medium	PROMISING	index only, no listings. Eurostat coverage is 36 countries. Demand is low and the page is structurally thin, so scaling this family risks thin content for little return.	DEMAND_LOW	4/324	165
C006630	/nl/huurverhoging/montenegro/	stay	rents.country-inflation	country-rent-trend	ME	Montenegro		ME			nl	nl-NL	huurverhoging Montenegro						no										none		rent-index-verified	yes	Eurostat reuse policy, commercial reuse permitted with attribution	Eurostat reuse policy, commercial reuse permitted with attribution	high	medium, an index series per country	HIGH_THIN_CONTENT_RISK	medium	medium	out_of_window	medium	PROMISING	index only, no listings. Eurostat coverage is 36 countries. Demand is low and the page is structurally thin, so scaling this family risks thin content for little return.	DEMAND_LOW	4/324	165
C006631	/pl/wzrost-czynszu/czarnogora/	stay	rents.country-inflation	country-rent-trend	ME	Montenegro		ME			pl	pl-PL	wzrost czynszu Czarnogóra						no										none		rent-index-verified	yes	Eurostat reuse policy, commercial reuse permitted with attribution	Eurostat reuse policy, commercial reuse permitted with attribution	high	medium, an index series per country	HIGH_THIN_CONTENT_RISK	medium	medium	out_of_window	medium	PROMISING	index only, no listings. Eurostat coverage is 36 countries. Demand is low and the page is structurally thin, so scaling this family risks thin content for little return.	DEMAND_LOW	4/324	165
C006632	/pt/aumento-de-rendas/montenegro/	stay	rents.country-inflation	country-rent-trend	ME	Montenegro		ME			pt	pt-BR	aumento de rendas Montenegro						no										none		rent-index-verified	yes	Eurostat reuse policy, commercial reuse permitted with attribution	Eurostat reuse policy, commercial reuse permitted with attribution	high	medium, an index series per country	HIGH_THIN_CONTENT_RISK	medium	medium	out_of_window	medium	PROMISING	index only, no listings. Eurostat coverage is 36 countries. Demand is low and the page is structurally thin, so scaling this family risks thin content for little return.	DEMAND_LOW	4/324	165
C006633	/de/mietpreisentwicklung/nordmazedonien/	stay	rents.country-inflation	country-rent-trend	MK	North Macedonia		MK			de	de-DE	mietpreisentwicklung Nordmazedonien						no										none		rent-index-verified	yes	Eurostat reuse policy, commercial reuse permitted with attribution	Eurostat reuse policy, commercial reuse permitted with attribution	high	medium, an index series per country	HIGH_THIN_CONTENT_RISK	medium	medium	out_of_window	medium	PROMISING	index only, no listings. Eurostat coverage is 36 countries. Demand is low and the page is structurally thin, so scaling this family risks thin content for little return.	DEMAND_LOW	4/324	165
C006634	/en/rent-increase/north-macedonia/	stay	rents.country-inflation	country-rent-trend	MK	North Macedonia		MK			en	en-US	rent increase North Macedonia						no										none		rent-index-verified	yes	Eurostat reuse policy, commercial reuse permitted with attribution	Eurostat reuse policy, commercial reuse permitted with attribution	high	medium, an index series per country	HIGH_THIN_CONTENT_RISK	medium	medium	out_of_window	medium	PROMISING	index only, no listings. Eurostat coverage is 36 countries. Demand is low and the page is structurally thin, so scaling this family risks thin content for little return.	DEMAND_LOW	4/324	165
C006635	/es/subida-del-alquiler/macedonia-del-norte/	stay	rents.country-inflation	country-rent-trend	MK	North Macedonia		MK			es	es-ES	subida del alquiler Macedonia del Norte						no										none		rent-index-verified	yes	Eurostat reuse policy, commercial reuse permitted with attribution	Eurostat reuse policy, commercial reuse permitted with attribution	high	medium, an index series per country	HIGH_THIN_CONTENT_RISK	medium	medium	out_of_window	medium	PROMISING	index only, no listings. Eurostat coverage is 36 countries. Demand is low and the page is structurally thin, so scaling this family risks thin content for little return.	DEMAND_LOW	4/324	165
C006636	/fr/augmentation-des-loyers/macedoine-du-nord/	stay	rents.country-inflation	country-rent-trend	MK	North Macedonia		MK			fr	fr-FR	augmentation des loyers Macédoine du Nord						no										none		rent-index-verified	yes	Eurostat reuse policy, commercial reuse permitted with attribution	Eurostat reuse policy, commercial reuse permitted with attribution	high	medium, an index series per country	HIGH_THIN_CONTENT_RISK	medium	medium	out_of_window	medium	PROMISING	index only, no listings. Eurostat coverage is 36 countries. Demand is low and the page is structurally thin, so scaling this family risks thin content for little return.	DEMAND_LOW	4/324	165
C006637	/it/aumento-affitti/macedonia-del-nord/	stay	rents.country-inflation	country-rent-trend	MK	North Macedonia		MK			it	it-IT	aumento affitti Macedonia del Nord						no										none		rent-index-verified	yes	Eurostat reuse policy, commercial reuse permitted with attribution	Eurostat reuse policy, commercial reuse permitted with attribution	high	medium, an index series per country	HIGH_THIN_CONTENT_RISK	medium	medium	out_of_window	medium	PROMISING	index only, no listings. Eurostat coverage is 36 countries. Demand is low and the page is structurally thin, so scaling this family risks thin content for little return.	DEMAND_LOW	4/324	165
C006638	/ja/rent-trend/north-macedonia/	stay	rents.country-inflation	country-rent-trend	MK	North Macedonia		MK			ja	ja-JP							no										none		rent-index-verified	yes	Eurostat reuse policy, commercial reuse permitted with attribution	Eurostat reuse policy, commercial reuse permitted with attribution	high	medium, an index series per country	HIGH_THIN_CONTENT_RISK	medium	medium	out_of_window	medium	PROMISING	index only, no listings. Eurostat coverage is 36 countries. Demand is low and the page is structurally thin, so scaling this family risks thin content for little return.	DEMAND_LOW	4/324	165
C006639	/nl/huurverhoging/noord-macedonie/	stay	rents.country-inflation	country-rent-trend	MK	North Macedonia		MK			nl	nl-NL	huurverhoging Noord-Macedonië						no										none		rent-index-verified	yes	Eurostat reuse policy, commercial reuse permitted with attribution	Eurostat reuse policy, commercial reuse permitted with attribution	high	medium, an index series per country	HIGH_THIN_CONTENT_RISK	medium	medium	out_of_window	medium	PROMISING	index only, no listings. Eurostat coverage is 36 countries. Demand is low and the page is structurally thin, so scaling this family risks thin content for little return.	DEMAND_LOW	4/324	165
C006640	/pl/wzrost-czynszu/macedonia-polnocna/	stay	rents.country-inflation	country-rent-trend	MK	North Macedonia		MK			pl	pl-PL	wzrost czynszu Macedonia Północna						no										none		rent-index-verified	yes	Eurostat reuse policy, commercial reuse permitted with attribution	Eurostat reuse policy, commercial reuse permitted with attribution	high	medium, an index series per country	HIGH_THIN_CONTENT_RISK	medium	medium	out_of_window	medium	PROMISING	index only, no listings. Eurostat coverage is 36 countries. Demand is low and the page is structurally thin, so scaling this family risks thin content for little return.	DEMAND_LOW	4/324	165
C006641	/pt/aumento-de-rendas/macedonia-do-norte/	stay	rents.country-inflation	country-rent-trend	MK	North Macedonia		MK			pt	pt-BR	aumento de rendas Macedônia do Norte						no										none		rent-index-verified	yes	Eurostat reuse policy, commercial reuse permitted with attribution	Eurostat reuse policy, commercial reuse permitted with attribution	high	medium, an index series per country	HIGH_THIN_CONTENT_RISK	medium	medium	out_of_window	medium	PROMISING	index only, no listings. Eurostat coverage is 36 countries. Demand is low and the page is structurally thin, so scaling this family risks thin content for little return.	DEMAND_LOW	4/324	165
C006642	/de/mietpreisentwicklung/malta/	stay	rents.country-inflation	country-rent-trend	MT	Malta		MT			de	de-DE	mietpreisentwicklung Malta						no										none		rent-index-verified	yes	Eurostat reuse policy, commercial reuse permitted with attribution	Eurostat reuse policy, commercial reuse permitted with attribution	high	medium, an index series per country	HIGH_THIN_CONTENT_RISK	medium	medium	out_of_window	medium	PROMISING	index only, no listings. Eurostat coverage is 36 countries. Demand is low and the page is structurally thin, so scaling this family risks thin content for little return.	DEMAND_LOW	4/324	165
C006643	/en/rent-increase/malta/	stay	rents.country-inflation	country-rent-trend	MT	Malta		MT			en	en-US	rent increase Malta						no										none		rent-index-verified	yes	Eurostat reuse policy, commercial reuse permitted with attribution	Eurostat reuse policy, commercial reuse permitted with attribution	high	medium, an index series per country	HIGH_THIN_CONTENT_RISK	medium	medium	out_of_window	medium	PROMISING	index only, no listings. Eurostat coverage is 36 countries. Demand is low and the page is structurally thin, so scaling this family risks thin content for little return.	DEMAND_LOW	4/324	165
C006644	/es/subida-del-alquiler/malta/	stay	rents.country-inflation	country-rent-trend	MT	Malta		MT			es	es-ES	subida del alquiler Malta						no										none		rent-index-verified	yes	Eurostat reuse policy, commercial reuse permitted with attribution	Eurostat reuse policy, commercial reuse permitted with attribution	high	medium, an index series per country	HIGH_THIN_CONTENT_RISK	medium	medium	out_of_window	medium	PROMISING	index only, no listings. Eurostat coverage is 36 countries. Demand is low and the page is structurally thin, so scaling this family risks thin content for little return.	DEMAND_LOW	4/324	165
C006645	/fr/augmentation-des-loyers/malte/	stay	rents.country-inflation	country-rent-trend	MT	Malta		MT			fr	fr-FR	augmentation des loyers Malte						no										none		rent-index-verified	yes	Eurostat reuse policy, commercial reuse permitted with attribution	Eurostat reuse policy, commercial reuse permitted with attribution	high	medium, an index series per country	HIGH_THIN_CONTENT_RISK	medium	medium	out_of_window	medium	PROMISING	index only, no listings. Eurostat coverage is 36 countries. Demand is low and the page is structurally thin, so scaling this family risks thin content for little return.	DEMAND_LOW	4/324	165
C006646	/it/aumento-affitti/malta/	stay	rents.country-inflation	country-rent-trend	MT	Malta		MT			it	it-IT	aumento affitti Malta						no										none		rent-index-verified	yes	Eurostat reuse policy, commercial reuse permitted with attribution	Eurostat reuse policy, commercial reuse permitted with attribution	high	medium, an index series per country	HIGH_THIN_CONTENT_RISK	medium	medium	out_of_window	medium	PROMISING	index only, no listings. Eurostat coverage is 36 countries. Demand is low and the page is structurally thin, so scaling this family risks thin content for little return.	DEMAND_LOW	4/324	165
C006647	/ja/rent-trend/malta/	stay	rents.country-inflation	country-rent-trend	MT	Malta		MT			ja	ja-JP							no										none		rent-index-verified	yes	Eurostat reuse policy, commercial reuse permitted with attribution	Eurostat reuse policy, commercial reuse permitted with attribution	high	medium, an index series per country	HIGH_THIN_CONTENT_RISK	medium	medium	out_of_window	medium	PROMISING	index only, no listings. Eurostat coverage is 36 countries. Demand is low and the page is structurally thin, so scaling this family risks thin content for little return.	DEMAND_LOW	4/324	165
C006648	/nl/huurverhoging/malta/	stay	rents.country-inflation	country-rent-trend	MT	Malta		MT			nl	nl-NL	huurverhoging Malta						no										none		rent-index-verified	yes	Eurostat reuse policy, commercial reuse permitted with attribution	Eurostat reuse policy, commercial reuse permitted with attribution	high	medium, an index series per country	HIGH_THIN_CONTENT_RISK	medium	medium	out_of_window	medium	PROMISING	index only, no listings. Eurostat coverage is 36 countries. Demand is low and the page is structurally thin, so scaling this family risks thin content for little return.	DEMAND_LOW	4/324	165
C006649	/pl/wzrost-czynszu/malta/	stay	rents.country-inflation	country-rent-trend	MT	Malta		MT			pl	pl-PL	wzrost czynszu Malta						no										none		rent-index-verified	yes	Eurostat reuse policy, commercial reuse permitted with attribution	Eurostat reuse policy, commercial reuse permitted with attribution	high	medium, an index series per country	HIGH_THIN_CONTENT_RISK	medium	medium	out_of_window	medium	PROMISING	index only, no listings. Eurostat coverage is 36 countries. Demand is low and the page is structurally thin, so scaling this family risks thin content for little return.	DEMAND_LOW	4/324	165
C006650	/pt/aumento-de-rendas/malta/	stay	rents.country-inflation	country-rent-trend	MT	Malta		MT			pt	pt-BR	aumento de rendas Malta						no										none		rent-index-verified	yes	Eurostat reuse policy, commercial reuse permitted with attribution	Eurostat reuse policy, commercial reuse permitted with attribution	high	medium, an index series per country	HIGH_THIN_CONTENT_RISK	medium	medium	out_of_window	medium	PROMISING	index only, no listings. Eurostat coverage is 36 countries. Demand is low and the page is structurally thin, so scaling this family risks thin content for little return.	DEMAND_LOW	4/324	165
C006651	/de/mietpreisentwicklung/niederlande/	stay	rents.country-inflation	country-rent-trend	NL	Netherlands		NL			de	de-DE	mietpreisentwicklung Niederlande						no										none		rent-index-verified	yes	Eurostat reuse policy, commercial reuse permitted with attribution	Eurostat reuse policy, commercial reuse permitted with attribution	high	medium, an index series per country	HIGH_THIN_CONTENT_RISK	medium	medium	out_of_window	medium	PROMISING	index only, no listings. Eurostat coverage is 36 countries. Demand is low and the page is structurally thin, so scaling this family risks thin content for little return.	DEMAND_LOW	4/324	165
C006652	/en/rent-increase/netherlands/	stay	rents.country-inflation	country-rent-trend	NL	Netherlands		NL			en	en-US	rent increase Netherlands						no										none		rent-index-verified	yes	Eurostat reuse policy, commercial reuse permitted with attribution	Eurostat reuse policy, commercial reuse permitted with attribution	high	medium, an index series per country	HIGH_THIN_CONTENT_RISK	medium	medium	out_of_window	medium	PROMISING	index only, no listings. Eurostat coverage is 36 countries. Demand is low and the page is structurally thin, so scaling this family risks thin content for little return.	DEMAND_LOW	4/324	165
C006653	/es/subida-del-alquiler/paises-bajos/	stay	rents.country-inflation	country-rent-trend	NL	Netherlands		NL			es	es-ES	subida del alquiler Países Bajos						no										none		rent-index-verified	yes	Eurostat reuse policy, commercial reuse permitted with attribution	Eurostat reuse policy, commercial reuse permitted with attribution	high	medium, an index series per country	HIGH_THIN_CONTENT_RISK	medium	medium	out_of_window	medium	PROMISING	index only, no listings. Eurostat coverage is 36 countries. Demand is low and the page is structurally thin, so scaling this family risks thin content for little return.	DEMAND_LOW	4/324	165
C006654	/fr/augmentation-des-loyers/pays-bas/	stay	rents.country-inflation	country-rent-trend	NL	Netherlands		NL			fr	fr-FR	augmentation des loyers Pays-Bas						no										none		rent-index-verified	yes	Eurostat reuse policy, commercial reuse permitted with attribution	Eurostat reuse policy, commercial reuse permitted with attribution	high	medium, an index series per country	HIGH_THIN_CONTENT_RISK	medium	medium	out_of_window	medium	PROMISING	index only, no listings. Eurostat coverage is 36 countries. Demand is low and the page is structurally thin, so scaling this family risks thin content for little return.	DEMAND_LOW	4/324	165
C006655	/it/aumento-affitti/paesi-bassi/	stay	rents.country-inflation	country-rent-trend	NL	Netherlands		NL			it	it-IT	aumento affitti Paesi Bassi						no										none		rent-index-verified	yes	Eurostat reuse policy, commercial reuse permitted with attribution	Eurostat reuse policy, commercial reuse permitted with attribution	high	medium, an index series per country	HIGH_THIN_CONTENT_RISK	medium	medium	out_of_window	medium	PROMISING	index only, no listings. Eurostat coverage is 36 countries. Demand is low and the page is structurally thin, so scaling this family risks thin content for little return.	DEMAND_LOW	4/324	165
C006656	/ja/rent-trend/netherlands/	stay	rents.country-inflation	country-rent-trend	NL	Netherlands		NL			ja	ja-JP							no										none		rent-index-verified	yes	Eurostat reuse policy, commercial reuse permitted with attribution	Eurostat reuse policy, commercial reuse permitted with attribution	high	medium, an index series per country	HIGH_THIN_CONTENT_RISK	medium	medium	out_of_window	medium	PROMISING	index only, no listings. Eurostat coverage is 36 countries. Demand is low and the page is structurally thin, so scaling this family risks thin content for little return.	DEMAND_LOW	4/324	165
C006658	/pl/wzrost-czynszu/holandia/	stay	rents.country-inflation	country-rent-trend	NL	Netherlands		NL			pl	pl-PL	wzrost czynszu Holandia						no										none		rent-index-verified	yes	Eurostat reuse policy, commercial reuse permitted with attribution	Eurostat reuse policy, commercial reuse permitted with attribution	high	medium, an index series per country	HIGH_THIN_CONTENT_RISK	medium	medium	out_of_window	medium	PROMISING	index only, no listings. Eurostat coverage is 36 countries. Demand is low and the page is structurally thin, so scaling this family risks thin content for little return.	DEMAND_LOW	4/324	165
C006659	/pt/aumento-de-rendas/paises-baixos/	stay	rents.country-inflation	country-rent-trend	NL	Netherlands		NL			pt	pt-BR	aumento de rendas Países Baixos						no										none		rent-index-verified	yes	Eurostat reuse policy, commercial reuse permitted with attribution	Eurostat reuse policy, commercial reuse permitted with attribution	high	medium, an index series per country	HIGH_THIN_CONTENT_RISK	medium	medium	out_of_window	medium	PROMISING	index only, no listings. Eurostat coverage is 36 countries. Demand is low and the page is structurally thin, so scaling this family risks thin content for little return.	DEMAND_LOW	4/324	165
C006660	/de/mietpreisentwicklung/norwegen/	stay	rents.country-inflation	country-rent-trend	NO	Norway		NO			de	de-DE	mietpreisentwicklung Norwegen						no										none		rent-index-verified	yes	Eurostat reuse policy, commercial reuse permitted with attribution	Eurostat reuse policy, commercial reuse permitted with attribution	high	medium, an index series per country	HIGH_THIN_CONTENT_RISK	medium	medium	out_of_window	medium	PROMISING	index only, no listings. Eurostat coverage is 36 countries. Demand is low and the page is structurally thin, so scaling this family risks thin content for little return.	DEMAND_LOW	4/324	165
C006661	/en/rent-increase/norway/	stay	rents.country-inflation	country-rent-trend	NO	Norway		NO			en	en-US	rent increase Norway						no										none		rent-index-verified	yes	Eurostat reuse policy, commercial reuse permitted with attribution	Eurostat reuse policy, commercial reuse permitted with attribution	high	medium, an index series per country	HIGH_THIN_CONTENT_RISK	medium	medium	out_of_window	medium	PROMISING	index only, no listings. Eurostat coverage is 36 countries. Demand is low and the page is structurally thin, so scaling this family risks thin content for little return.	DEMAND_LOW	4/324	165
C006662	/es/subida-del-alquiler/noruega/	stay	rents.country-inflation	country-rent-trend	NO	Norway		NO			es	es-ES	subida del alquiler Noruega						no										none		rent-index-verified	yes	Eurostat reuse policy, commercial reuse permitted with attribution	Eurostat reuse policy, commercial reuse permitted with attribution	high	medium, an index series per country	HIGH_THIN_CONTENT_RISK	medium	medium	out_of_window	medium	PROMISING	index only, no listings. Eurostat coverage is 36 countries. Demand is low and the page is structurally thin, so scaling this family risks thin content for little return.	DEMAND_LOW	4/324	165
C006663	/fr/augmentation-des-loyers/norvege/	stay	rents.country-inflation	country-rent-trend	NO	Norway		NO			fr	fr-FR	augmentation des loyers Norvège						no										none		rent-index-verified	yes	Eurostat reuse policy, commercial reuse permitted with attribution	Eurostat reuse policy, commercial reuse permitted with attribution	high	medium, an index series per country	HIGH_THIN_CONTENT_RISK	medium	medium	out_of_window	medium	PROMISING	index only, no listings. Eurostat coverage is 36 countries. Demand is low and the page is structurally thin, so scaling this family risks thin content for little return.	DEMAND_LOW	4/324	165
C006664	/it/aumento-affitti/norvegia/	stay	rents.country-inflation	country-rent-trend	NO	Norway		NO			it	it-IT	aumento affitti Norvegia						no										none		rent-index-verified	yes	Eurostat reuse policy, commercial reuse permitted with attribution	Eurostat reuse policy, commercial reuse permitted with attribution	high	medium, an index series per country	HIGH_THIN_CONTENT_RISK	medium	medium	out_of_window	medium	PROMISING	index only, no listings. Eurostat coverage is 36 countries. Demand is low and the page is structurally thin, so scaling this family risks thin content for little return.	DEMAND_LOW	4/324	165
C006665	/ja/rent-trend/norway/	stay	rents.country-inflation	country-rent-trend	NO	Norway		NO			ja	ja-JP							no										none		rent-index-verified	yes	Eurostat reuse policy, commercial reuse permitted with attribution	Eurostat reuse policy, commercial reuse permitted with attribution	high	medium, an index series per country	HIGH_THIN_CONTENT_RISK	medium	medium	out_of_window	medium	PROMISING	index only, no listings. Eurostat coverage is 36 countries. Demand is low and the page is structurally thin, so scaling this family risks thin content for little return.	DEMAND_LOW	4/324	165
C006666	/nl/huurverhoging/noorwegen/	stay	rents.country-inflation	country-rent-trend	NO	Norway		NO			nl	nl-NL	huurverhoging Noorwegen						no										none		rent-index-verified	yes	Eurostat reuse policy, commercial reuse permitted with attribution	Eurostat reuse policy, commercial reuse permitted with attribution	high	medium, an index series per country	HIGH_THIN_CONTENT_RISK	medium	medium	out_of_window	medium	PROMISING	index only, no listings. Eurostat coverage is 36 countries. Demand is low and the page is structurally thin, so scaling this family risks thin content for little return.	DEMAND_LOW	4/324	165
C006667	/pl/wzrost-czynszu/norwegia/	stay	rents.country-inflation	country-rent-trend	NO	Norway		NO			pl	pl-PL	wzrost czynszu Norwegia						no										none		rent-index-verified	yes	Eurostat reuse policy, commercial reuse permitted with attribution	Eurostat reuse policy, commercial reuse permitted with attribution	high	medium, an index series per country	HIGH_THIN_CONTENT_RISK	medium	medium	out_of_window	medium	PROMISING	index only, no listings. Eurostat coverage is 36 countries. Demand is low and the page is structurally thin, so scaling this family risks thin content for little return.	DEMAND_LOW	4/324	165
C006668	/pt/aumento-de-rendas/noruega/	stay	rents.country-inflation	country-rent-trend	NO	Norway		NO			pt	pt-BR	aumento de rendas Noruega						no										none		rent-index-verified	yes	Eurostat reuse policy, commercial reuse permitted with attribution	Eurostat reuse policy, commercial reuse permitted with attribution	high	medium, an index series per country	HIGH_THIN_CONTENT_RISK	medium	medium	out_of_window	medium	PROMISING	index only, no listings. Eurostat coverage is 36 countries. Demand is low and the page is structurally thin, so scaling this family risks thin content for little return.	DEMAND_LOW	4/324	165
C006669	/de/mietpreisentwicklung/polen/	stay	rents.country-inflation	country-rent-trend	PL	Poland		PL			de	de-DE	mietpreisentwicklung Polen						no										none		rent-index-verified	yes	Eurostat reuse policy, commercial reuse permitted with attribution	Eurostat reuse policy, commercial reuse permitted with attribution	high	medium, an index series per country	HIGH_THIN_CONTENT_RISK	medium	medium	out_of_window	medium	PROMISING	index only, no listings. Eurostat coverage is 36 countries. Demand is low and the page is structurally thin, so scaling this family risks thin content for little return.	DEMAND_LOW	4/324	165
C006670	/en/rent-increase/poland/	stay	rents.country-inflation	country-rent-trend	PL	Poland		PL			en	en-US	rent increase Poland						no										none		rent-index-verified	yes	Eurostat reuse policy, commercial reuse permitted with attribution	Eurostat reuse policy, commercial reuse permitted with attribution	high	medium, an index series per country	HIGH_THIN_CONTENT_RISK	medium	medium	out_of_window	medium	PROMISING	index only, no listings. Eurostat coverage is 36 countries. Demand is low and the page is structurally thin, so scaling this family risks thin content for little return.	DEMAND_LOW	4/324	165
C006671	/es/subida-del-alquiler/polonia/	stay	rents.country-inflation	country-rent-trend	PL	Poland		PL			es	es-ES	subida del alquiler Polonia						no										none		rent-index-verified	yes	Eurostat reuse policy, commercial reuse permitted with attribution	Eurostat reuse policy, commercial reuse permitted with attribution	high	medium, an index series per country	HIGH_THIN_CONTENT_RISK	medium	medium	out_of_window	medium	PROMISING	index only, no listings. Eurostat coverage is 36 countries. Demand is low and the page is structurally thin, so scaling this family risks thin content for little return.	DEMAND_LOW	4/324	165
C006672	/fr/augmentation-des-loyers/pologne/	stay	rents.country-inflation	country-rent-trend	PL	Poland		PL			fr	fr-FR	augmentation des loyers Pologne						no										none		rent-index-verified	yes	Eurostat reuse policy, commercial reuse permitted with attribution	Eurostat reuse policy, commercial reuse permitted with attribution	high	medium, an index series per country	HIGH_THIN_CONTENT_RISK	medium	medium	out_of_window	medium	PROMISING	index only, no listings. Eurostat coverage is 36 countries. Demand is low and the page is structurally thin, so scaling this family risks thin content for little return.	DEMAND_LOW	4/324	165
C006673	/it/aumento-affitti/polonia/	stay	rents.country-inflation	country-rent-trend	PL	Poland		PL			it	it-IT	aumento affitti Polonia						no										none		rent-index-verified	yes	Eurostat reuse policy, commercial reuse permitted with attribution	Eurostat reuse policy, commercial reuse permitted with attribution	high	medium, an index series per country	HIGH_THIN_CONTENT_RISK	medium	medium	out_of_window	medium	PROMISING	index only, no listings. Eurostat coverage is 36 countries. Demand is low and the page is structurally thin, so scaling this family risks thin content for little return.	DEMAND_LOW	4/324	165
C006674	/ja/rent-trend/poland/	stay	rents.country-inflation	country-rent-trend	PL	Poland		PL			ja	ja-JP							no										none		rent-index-verified	yes	Eurostat reuse policy, commercial reuse permitted with attribution	Eurostat reuse policy, commercial reuse permitted with attribution	high	medium, an index series per country	HIGH_THIN_CONTENT_RISK	medium	medium	out_of_window	medium	PROMISING	index only, no listings. Eurostat coverage is 36 countries. Demand is low and the page is structurally thin, so scaling this family risks thin content for little return.	DEMAND_LOW	4/324	165
C006675	/nl/huurverhoging/polen/	stay	rents.country-inflation	country-rent-trend	PL	Poland		PL			nl	nl-NL	huurverhoging Polen						no										none		rent-index-verified	yes	Eurostat reuse policy, commercial reuse permitted with attribution	Eurostat reuse policy, commercial reuse permitted with attribution	high	medium, an index series per country	HIGH_THIN_CONTENT_RISK	medium	medium	out_of_window	medium	PROMISING	index only, no listings. Eurostat coverage is 36 countries. Demand is low and the page is structurally thin, so scaling this family risks thin content for little return.	DEMAND_LOW	4/324	165
C006676	/pl/wzrost-czynszu/polska/	stay	rents.country-inflation	country-rent-trend	PL	Poland		PL			pl	pl-PL	wzrost czynszu Polska						no										none		rent-index-verified	yes	Eurostat reuse policy, commercial reuse permitted with attribution	Eurostat reuse policy, commercial reuse permitted with attribution	high	medium, an index series per country	HIGH_THIN_CONTENT_RISK	medium	medium	out_of_window	medium	PROMISING	index only, no listings. Eurostat coverage is 36 countries. Demand is low and the page is structurally thin, so scaling this family risks thin content for little return.	DEMAND_LOW	4/324	165
C006677	/pt/aumento-de-rendas/polonia/	stay	rents.country-inflation	country-rent-trend	PL	Poland		PL			pt	pt-BR	aumento de rendas Polônia						no										none		rent-index-verified	yes	Eurostat reuse policy, commercial reuse permitted with attribution	Eurostat reuse policy, commercial reuse permitted with attribution	high	medium, an index series per country	HIGH_THIN_CONTENT_RISK	medium	medium	out_of_window	medium	PROMISING	index only, no listings. Eurostat coverage is 36 countries. Demand is low and the page is structurally thin, so scaling this family risks thin content for little return.	DEMAND_LOW	4/324	165
C006678	/de/mietpreisentwicklung/portugal/	stay	rents.country-inflation	country-rent-trend	PT	Portugal		PT			de	de-DE	mietpreisentwicklung Portugal						no										none		rent-index-verified	yes	Eurostat reuse policy, commercial reuse permitted with attribution	Eurostat reuse policy, commercial reuse permitted with attribution	high	medium, an index series per country	HIGH_THIN_CONTENT_RISK	medium	medium	out_of_window	medium	PROMISING	index only, no listings. Eurostat coverage is 36 countries. Demand is low and the page is structurally thin, so scaling this family risks thin content for little return.	DEMAND_LOW	4/324	165
C006679	/en/rent-increase/portugal/	stay	rents.country-inflation	country-rent-trend	PT	Portugal		PT			en	en-US	rent increase Portugal						no										none		rent-index-verified	yes	Eurostat reuse policy, commercial reuse permitted with attribution	Eurostat reuse policy, commercial reuse permitted with attribution	high	medium, an index series per country	HIGH_THIN_CONTENT_RISK	medium	medium	out_of_window	medium	PROMISING	index only, no listings. Eurostat coverage is 36 countries. Demand is low and the page is structurally thin, so scaling this family risks thin content for little return.	DEMAND_LOW	4/324	165
C006680	/es/subida-del-alquiler/portugal/	stay	rents.country-inflation	country-rent-trend	PT	Portugal		PT			es	es-ES	subida del alquiler Portugal						no										none		rent-index-verified	yes	Eurostat reuse policy, commercial reuse permitted with attribution	Eurostat reuse policy, commercial reuse permitted with attribution	high	medium, an index series per country	HIGH_THIN_CONTENT_RISK	medium	medium	out_of_window	medium	PROMISING	index only, no listings. Eurostat coverage is 36 countries. Demand is low and the page is structurally thin, so scaling this family risks thin content for little return.	DEMAND_LOW	4/324	165
C006681	/fr/augmentation-des-loyers/portugal/	stay	rents.country-inflation	country-rent-trend	PT	Portugal		PT			fr	fr-FR	augmentation des loyers Portugal						no										none		rent-index-verified	yes	Eurostat reuse policy, commercial reuse permitted with attribution	Eurostat reuse policy, commercial reuse permitted with attribution	high	medium, an index series per country	HIGH_THIN_CONTENT_RISK	medium	medium	out_of_window	medium	PROMISING	index only, no listings. Eurostat coverage is 36 countries. Demand is low and the page is structurally thin, so scaling this family risks thin content for little return.	DEMAND_LOW	4/324	165
C006682	/it/aumento-affitti/portogallo/	stay	rents.country-inflation	country-rent-trend	PT	Portugal		PT			it	it-IT	aumento affitti Portogallo						no										none		rent-index-verified	yes	Eurostat reuse policy, commercial reuse permitted with attribution	Eurostat reuse policy, commercial reuse permitted with attribution	high	medium, an index series per country	HIGH_THIN_CONTENT_RISK	medium	medium	out_of_window	medium	PROMISING	index only, no listings. Eurostat coverage is 36 countries. Demand is low and the page is structurally thin, so scaling this family risks thin content for little return.	DEMAND_LOW	4/324	165
C006683	/ja/rent-trend/portugal/	stay	rents.country-inflation	country-rent-trend	PT	Portugal		PT			ja	ja-JP							no										none		rent-index-verified	yes	Eurostat reuse policy, commercial reuse permitted with attribution	Eurostat reuse policy, commercial reuse permitted with attribution	high	medium, an index series per country	HIGH_THIN_CONTENT_RISK	medium	medium	out_of_window	medium	PROMISING	index only, no listings. Eurostat coverage is 36 countries. Demand is low and the page is structurally thin, so scaling this family risks thin content for little return.	DEMAND_LOW	4/324	165
C006684	/nl/huurverhoging/portugal/	stay	rents.country-inflation	country-rent-trend	PT	Portugal		PT			nl	nl-NL	huurverhoging Portugal						no										none		rent-index-verified	yes	Eurostat reuse policy, commercial reuse permitted with attribution	Eurostat reuse policy, commercial reuse permitted with attribution	high	medium, an index series per country	HIGH_THIN_CONTENT_RISK	medium	medium	out_of_window	medium	PROMISING	index only, no listings. Eurostat coverage is 36 countries. Demand is low and the page is structurally thin, so scaling this family risks thin content for little return.	DEMAND_LOW	4/324	165
C006685	/pl/wzrost-czynszu/portugalia/	stay	rents.country-inflation	country-rent-trend	PT	Portugal		PT			pl	pl-PL	wzrost czynszu Portugalia						no										none		rent-index-verified	yes	Eurostat reuse policy, commercial reuse permitted with attribution	Eurostat reuse policy, commercial reuse permitted with attribution	high	medium, an index series per country	HIGH_THIN_CONTENT_RISK	medium	medium	out_of_window	medium	PROMISING	index only, no listings. Eurostat coverage is 36 countries. Demand is low and the page is structurally thin, so scaling this family risks thin content for little return.	DEMAND_LOW	4/324	165
C006686	/pt/aumento-de-rendas/portugal/	stay	rents.country-inflation	country-rent-trend	PT	Portugal		PT			pt	pt-BR	aumento de rendas Portugal						no										none		rent-index-verified	yes	Eurostat reuse policy, commercial reuse permitted with attribution	Eurostat reuse policy, commercial reuse permitted with attribution	high	medium, an index series per country	HIGH_THIN_CONTENT_RISK	medium	medium	out_of_window	medium	PROMISING	index only, no listings. Eurostat coverage is 36 countries. Demand is low and the page is structurally thin, so scaling this family risks thin content for little return.	DEMAND_LOW	4/324	165
C006687	/de/mietpreisentwicklung/rumaenien/	stay	rents.country-inflation	country-rent-trend	RO	Romania		RO			de	de-DE	mietpreisentwicklung Rumänien						no										none		rent-index-verified	yes	Eurostat reuse policy, commercial reuse permitted with attribution	Eurostat reuse policy, commercial reuse permitted with attribution	high	medium, an index series per country	HIGH_THIN_CONTENT_RISK	medium	medium	out_of_window	medium	PROMISING	index only, no listings. Eurostat coverage is 36 countries. Demand is low and the page is structurally thin, so scaling this family risks thin content for little return.	DEMAND_LOW	4/324	165
C006688	/en/rent-increase/romania/	stay	rents.country-inflation	country-rent-trend	RO	Romania		RO			en	en-US	rent increase Romania						no										none		rent-index-verified	yes	Eurostat reuse policy, commercial reuse permitted with attribution	Eurostat reuse policy, commercial reuse permitted with attribution	high	medium, an index series per country	HIGH_THIN_CONTENT_RISK	medium	medium	out_of_window	medium	PROMISING	index only, no listings. Eurostat coverage is 36 countries. Demand is low and the page is structurally thin, so scaling this family risks thin content for little return.	DEMAND_LOW	4/324	165
C006689	/es/subida-del-alquiler/rumania/	stay	rents.country-inflation	country-rent-trend	RO	Romania		RO			es	es-ES	subida del alquiler Rumanía						no										none		rent-index-verified	yes	Eurostat reuse policy, commercial reuse permitted with attribution	Eurostat reuse policy, commercial reuse permitted with attribution	high	medium, an index series per country	HIGH_THIN_CONTENT_RISK	medium	medium	out_of_window	medium	PROMISING	index only, no listings. Eurostat coverage is 36 countries. Demand is low and the page is structurally thin, so scaling this family risks thin content for little return.	DEMAND_LOW	4/324	165
C006690	/fr/augmentation-des-loyers/roumanie/	stay	rents.country-inflation	country-rent-trend	RO	Romania		RO			fr	fr-FR	augmentation des loyers Roumanie						no										none		rent-index-verified	yes	Eurostat reuse policy, commercial reuse permitted with attribution	Eurostat reuse policy, commercial reuse permitted with attribution	high	medium, an index series per country	HIGH_THIN_CONTENT_RISK	medium	medium	out_of_window	medium	PROMISING	index only, no listings. Eurostat coverage is 36 countries. Demand is low and the page is structurally thin, so scaling this family risks thin content for little return.	DEMAND_LOW	4/324	165
C006691	/it/aumento-affitti/romania/	stay	rents.country-inflation	country-rent-trend	RO	Romania		RO			it	it-IT	aumento affitti Romania						no										none		rent-index-verified	yes	Eurostat reuse policy, commercial reuse permitted with attribution	Eurostat reuse policy, commercial reuse permitted with attribution	high	medium, an index series per country	HIGH_THIN_CONTENT_RISK	medium	medium	out_of_window	medium	PROMISING	index only, no listings. Eurostat coverage is 36 countries. Demand is low and the page is structurally thin, so scaling this family risks thin content for little return.	DEMAND_LOW	4/324	165
C006692	/ja/rent-trend/romania/	stay	rents.country-inflation	country-rent-trend	RO	Romania		RO			ja	ja-JP							no										none		rent-index-verified	yes	Eurostat reuse policy, commercial reuse permitted with attribution	Eurostat reuse policy, commercial reuse permitted with attribution	high	medium, an index series per country	HIGH_THIN_CONTENT_RISK	medium	medium	out_of_window	medium	PROMISING	index only, no listings. Eurostat coverage is 36 countries. Demand is low and the page is structurally thin, so scaling this family risks thin content for little return.	DEMAND_LOW	4/324	165
C006693	/nl/huurverhoging/roemenie/	stay	rents.country-inflation	country-rent-trend	RO	Romania		RO			nl	nl-NL	huurverhoging Roemenië						no										none		rent-index-verified	yes	Eurostat reuse policy, commercial reuse permitted with attribution	Eurostat reuse policy, commercial reuse permitted with attribution	high	medium, an index series per country	HIGH_THIN_CONTENT_RISK	medium	medium	out_of_window	medium	PROMISING	index only, no listings. Eurostat coverage is 36 countries. Demand is low and the page is structurally thin, so scaling this family risks thin content for little return.	DEMAND_LOW	4/324	165
C006694	/pl/wzrost-czynszu/rumunia/	stay	rents.country-inflation	country-rent-trend	RO	Romania		RO			pl	pl-PL	wzrost czynszu Rumunia						no										none		rent-index-verified	yes	Eurostat reuse policy, commercial reuse permitted with attribution	Eurostat reuse policy, commercial reuse permitted with attribution	high	medium, an index series per country	HIGH_THIN_CONTENT_RISK	medium	medium	out_of_window	medium	PROMISING	index only, no listings. Eurostat coverage is 36 countries. Demand is low and the page is structurally thin, so scaling this family risks thin content for little return.	DEMAND_LOW	4/324	165
C006695	/pt/aumento-de-rendas/romenia/	stay	rents.country-inflation	country-rent-trend	RO	Romania		RO			pt	pt-BR	aumento de rendas Romênia						no										none		rent-index-verified	yes	Eurostat reuse policy, commercial reuse permitted with attribution	Eurostat reuse policy, commercial reuse permitted with attribution	high	medium, an index series per country	HIGH_THIN_CONTENT_RISK	medium	medium	out_of_window	medium	PROMISING	index only, no listings. Eurostat coverage is 36 countries. Demand is low and the page is structurally thin, so scaling this family risks thin content for little return.	DEMAND_LOW	4/324	165
C006696	/de/mietpreisentwicklung/serbien/	stay	rents.country-inflation	country-rent-trend	RS	Serbia		RS			de	de-DE	mietpreisentwicklung Serbien						no										none		rent-index-verified	yes	Eurostat reuse policy, commercial reuse permitted with attribution	Eurostat reuse policy, commercial reuse permitted with attribution	high	medium, an index series per country	HIGH_THIN_CONTENT_RISK	medium	medium	out_of_window	medium	PROMISING	index only, no listings. Eurostat coverage is 36 countries. Demand is low and the page is structurally thin, so scaling this family risks thin content for little return.	DEMAND_LOW	4/324	165
C006697	/en/rent-increase/serbia/	stay	rents.country-inflation	country-rent-trend	RS	Serbia		RS			en	en-US	rent increase Serbia						no										none		rent-index-verified	yes	Eurostat reuse policy, commercial reuse permitted with attribution	Eurostat reuse policy, commercial reuse permitted with attribution	high	medium, an index series per country	HIGH_THIN_CONTENT_RISK	medium	medium	out_of_window	medium	PROMISING	index only, no listings. Eurostat coverage is 36 countries. Demand is low and the page is structurally thin, so scaling this family risks thin content for little return.	DEMAND_LOW	4/324	165
C006698	/es/subida-del-alquiler/serbia/	stay	rents.country-inflation	country-rent-trend	RS	Serbia		RS			es	es-ES	subida del alquiler Serbia						no										none		rent-index-verified	yes	Eurostat reuse policy, commercial reuse permitted with attribution	Eurostat reuse policy, commercial reuse permitted with attribution	high	medium, an index series per country	HIGH_THIN_CONTENT_RISK	medium	medium	out_of_window	medium	PROMISING	index only, no listings. Eurostat coverage is 36 countries. Demand is low and the page is structurally thin, so scaling this family risks thin content for little return.	DEMAND_LOW	4/324	165
C006699	/fr/augmentation-des-loyers/serbie/	stay	rents.country-inflation	country-rent-trend	RS	Serbia		RS			fr	fr-FR	augmentation des loyers Serbie						no										none		rent-index-verified	yes	Eurostat reuse policy, commercial reuse permitted with attribution	Eurostat reuse policy, commercial reuse permitted with attribution	high	medium, an index series per country	HIGH_THIN_CONTENT_RISK	medium	medium	out_of_window	medium	PROMISING	index only, no listings. Eurostat coverage is 36 countries. Demand is low and the page is structurally thin, so scaling this family risks thin content for little return.	DEMAND_LOW	4/324	165
C006700	/it/aumento-affitti/serbia/	stay	rents.country-inflation	country-rent-trend	RS	Serbia		RS			it	it-IT	aumento affitti Serbia						no										none		rent-index-verified	yes	Eurostat reuse policy, commercial reuse permitted with attribution	Eurostat reuse policy, commercial reuse permitted with attribution	high	medium, an index series per country	HIGH_THIN_CONTENT_RISK	medium	medium	out_of_window	medium	PROMISING	index only, no listings. Eurostat coverage is 36 countries. Demand is low and the page is structurally thin, so scaling this family risks thin content for little return.	DEMAND_LOW	4/324	165
C006701	/ja/rent-trend/serbia/	stay	rents.country-inflation	country-rent-trend	RS	Serbia		RS			ja	ja-JP							no										none		rent-index-verified	yes	Eurostat reuse policy, commercial reuse permitted with attribution	Eurostat reuse policy, commercial reuse permitted with attribution	high	medium, an index series per country	HIGH_THIN_CONTENT_RISK	medium	medium	out_of_window	medium	PROMISING	index only, no listings. Eurostat coverage is 36 countries. Demand is low and the page is structurally thin, so scaling this family risks thin content for little return.	DEMAND_LOW	4/324	165
C006702	/nl/huurverhoging/servie/	stay	rents.country-inflation	country-rent-trend	RS	Serbia		RS			nl	nl-NL	huurverhoging Servië						no										none		rent-index-verified	yes	Eurostat reuse policy, commercial reuse permitted with attribution	Eurostat reuse policy, commercial reuse permitted with attribution	high	medium, an index series per country	HIGH_THIN_CONTENT_RISK	medium	medium	out_of_window	medium	PROMISING	index only, no listings. Eurostat coverage is 36 countries. Demand is low and the page is structurally thin, so scaling this family risks thin content for little return.	DEMAND_LOW	4/324	165
C006703	/pl/wzrost-czynszu/serbia/	stay	rents.country-inflation	country-rent-trend	RS	Serbia		RS			pl	pl-PL	wzrost czynszu Serbia						no										none		rent-index-verified	yes	Eurostat reuse policy, commercial reuse permitted with attribution	Eurostat reuse policy, commercial reuse permitted with attribution	high	medium, an index series per country	HIGH_THIN_CONTENT_RISK	medium	medium	out_of_window	medium	PROMISING	index only, no listings. Eurostat coverage is 36 countries. Demand is low and the page is structurally thin, so scaling this family risks thin content for little return.	DEMAND_LOW	4/324	165
C006704	/pt/aumento-de-rendas/servia/	stay	rents.country-inflation	country-rent-trend	RS	Serbia		RS			pt	pt-BR	aumento de rendas Sérvia						no										none		rent-index-verified	yes	Eurostat reuse policy, commercial reuse permitted with attribution	Eurostat reuse policy, commercial reuse permitted with attribution	high	medium, an index series per country	HIGH_THIN_CONTENT_RISK	medium	medium	out_of_window	medium	PROMISING	index only, no listings. Eurostat coverage is 36 countries. Demand is low and the page is structurally thin, so scaling this family risks thin content for little return.	DEMAND_LOW	4/324	165
C006705	/de/mietpreisentwicklung/schweden/	stay	rents.country-inflation	country-rent-trend	SE	Sweden		SE			de	de-DE	mietpreisentwicklung Schweden						no										none		rent-index-verified	yes	Eurostat reuse policy, commercial reuse permitted with attribution	Eurostat reuse policy, commercial reuse permitted with attribution	high	medium, an index series per country	HIGH_THIN_CONTENT_RISK	medium	medium	out_of_window	medium	PROMISING	index only, no listings. Eurostat coverage is 36 countries. Demand is low and the page is structurally thin, so scaling this family risks thin content for little return.	DEMAND_LOW	4/324	165
C006706	/en/rent-increase/sweden/	stay	rents.country-inflation	country-rent-trend	SE	Sweden		SE			en	en-US	rent increase Sweden						no										none		rent-index-verified	yes	Eurostat reuse policy, commercial reuse permitted with attribution	Eurostat reuse policy, commercial reuse permitted with attribution	high	medium, an index series per country	HIGH_THIN_CONTENT_RISK	medium	medium	out_of_window	medium	PROMISING	index only, no listings. Eurostat coverage is 36 countries. Demand is low and the page is structurally thin, so scaling this family risks thin content for little return.	DEMAND_LOW	4/324	165
C006707	/es/subida-del-alquiler/suecia/	stay	rents.country-inflation	country-rent-trend	SE	Sweden		SE			es	es-ES	subida del alquiler Suecia						no										none		rent-index-verified	yes	Eurostat reuse policy, commercial reuse permitted with attribution	Eurostat reuse policy, commercial reuse permitted with attribution	high	medium, an index series per country	HIGH_THIN_CONTENT_RISK	medium	medium	out_of_window	medium	PROMISING	index only, no listings. Eurostat coverage is 36 countries. Demand is low and the page is structurally thin, so scaling this family risks thin content for little return.	DEMAND_LOW	4/324	165
C006708	/fr/augmentation-des-loyers/suede/	stay	rents.country-inflation	country-rent-trend	SE	Sweden		SE			fr	fr-FR	augmentation des loyers Suède						no										none		rent-index-verified	yes	Eurostat reuse policy, commercial reuse permitted with attribution	Eurostat reuse policy, commercial reuse permitted with attribution	high	medium, an index series per country	HIGH_THIN_CONTENT_RISK	medium	medium	out_of_window	medium	PROMISING	index only, no listings. Eurostat coverage is 36 countries. Demand is low and the page is structurally thin, so scaling this family risks thin content for little return.	DEMAND_LOW	4/324	165
C006709	/it/aumento-affitti/svezia/	stay	rents.country-inflation	country-rent-trend	SE	Sweden		SE			it	it-IT	aumento affitti Svezia						no										none		rent-index-verified	yes	Eurostat reuse policy, commercial reuse permitted with attribution	Eurostat reuse policy, commercial reuse permitted with attribution	high	medium, an index series per country	HIGH_THIN_CONTENT_RISK	medium	medium	out_of_window	medium	PROMISING	index only, no listings. Eurostat coverage is 36 countries. Demand is low and the page is structurally thin, so scaling this family risks thin content for little return.	DEMAND_LOW	4/324	165
C006710	/ja/rent-trend/sweden/	stay	rents.country-inflation	country-rent-trend	SE	Sweden		SE			ja	ja-JP							no										none		rent-index-verified	yes	Eurostat reuse policy, commercial reuse permitted with attribution	Eurostat reuse policy, commercial reuse permitted with attribution	high	medium, an index series per country	HIGH_THIN_CONTENT_RISK	medium	medium	out_of_window	medium	PROMISING	index only, no listings. Eurostat coverage is 36 countries. Demand is low and the page is structurally thin, so scaling this family risks thin content for little return.	DEMAND_LOW	4/324	165
C006711	/nl/huurverhoging/zweden/	stay	rents.country-inflation	country-rent-trend	SE	Sweden		SE			nl	nl-NL	huurverhoging Zweden						no										none		rent-index-verified	yes	Eurostat reuse policy, commercial reuse permitted with attribution	Eurostat reuse policy, commercial reuse permitted with attribution	high	medium, an index series per country	HIGH_THIN_CONTENT_RISK	medium	medium	out_of_window	medium	PROMISING	index only, no listings. Eurostat coverage is 36 countries. Demand is low and the page is structurally thin, so scaling this family risks thin content for little return.	DEMAND_LOW	4/324	165
C006712	/pl/wzrost-czynszu/szwecja/	stay	rents.country-inflation	country-rent-trend	SE	Sweden		SE			pl	pl-PL	wzrost czynszu Szwecja						no										none		rent-index-verified	yes	Eurostat reuse policy, commercial reuse permitted with attribution	Eurostat reuse policy, commercial reuse permitted with attribution	high	medium, an index series per country	HIGH_THIN_CONTENT_RISK	medium	medium	out_of_window	medium	PROMISING	index only, no listings. Eurostat coverage is 36 countries. Demand is low and the page is structurally thin, so scaling this family risks thin content for little return.	DEMAND_LOW	4/324	165
C006713	/pt/aumento-de-rendas/suecia/	stay	rents.country-inflation	country-rent-trend	SE	Sweden		SE			pt	pt-BR	aumento de rendas Suécia						no										none		rent-index-verified	yes	Eurostat reuse policy, commercial reuse permitted with attribution	Eurostat reuse policy, commercial reuse permitted with attribution	high	medium, an index series per country	HIGH_THIN_CONTENT_RISK	medium	medium	out_of_window	medium	PROMISING	index only, no listings. Eurostat coverage is 36 countries. Demand is low and the page is structurally thin, so scaling this family risks thin content for little return.	DEMAND_LOW	4/324	165
C006714	/de/mietpreisentwicklung/slowenien/	stay	rents.country-inflation	country-rent-trend	SI	Slovenia		SI			de	de-DE	mietpreisentwicklung Slowenien						no										none		rent-index-verified	yes	Eurostat reuse policy, commercial reuse permitted with attribution	Eurostat reuse policy, commercial reuse permitted with attribution	high	medium, an index series per country	HIGH_THIN_CONTENT_RISK	medium	medium	out_of_window	medium	PROMISING	index only, no listings. Eurostat coverage is 36 countries. Demand is low and the page is structurally thin, so scaling this family risks thin content for little return.	DEMAND_LOW	4/324	165
C006715	/en/rent-increase/slovenia/	stay	rents.country-inflation	country-rent-trend	SI	Slovenia		SI			en	en-US	rent increase Slovenia						no										none		rent-index-verified	yes	Eurostat reuse policy, commercial reuse permitted with attribution	Eurostat reuse policy, commercial reuse permitted with attribution	high	medium, an index series per country	HIGH_THIN_CONTENT_RISK	medium	medium	out_of_window	medium	PROMISING	index only, no listings. Eurostat coverage is 36 countries. Demand is low and the page is structurally thin, so scaling this family risks thin content for little return.	DEMAND_LOW	4/324	165
C006716	/es/subida-del-alquiler/eslovenia/	stay	rents.country-inflation	country-rent-trend	SI	Slovenia		SI			es	es-ES	subida del alquiler Eslovenia						no										none		rent-index-verified	yes	Eurostat reuse policy, commercial reuse permitted with attribution	Eurostat reuse policy, commercial reuse permitted with attribution	high	medium, an index series per country	HIGH_THIN_CONTENT_RISK	medium	medium	out_of_window	medium	PROMISING	index only, no listings. Eurostat coverage is 36 countries. Demand is low and the page is structurally thin, so scaling this family risks thin content for little return.	DEMAND_LOW	4/324	165
C006717	/fr/augmentation-des-loyers/slovenie/	stay	rents.country-inflation	country-rent-trend	SI	Slovenia		SI			fr	fr-FR	augmentation des loyers Slovénie						no										none		rent-index-verified	yes	Eurostat reuse policy, commercial reuse permitted with attribution	Eurostat reuse policy, commercial reuse permitted with attribution	high	medium, an index series per country	HIGH_THIN_CONTENT_RISK	medium	medium	out_of_window	medium	PROMISING	index only, no listings. Eurostat coverage is 36 countries. Demand is low and the page is structurally thin, so scaling this family risks thin content for little return.	DEMAND_LOW	4/324	165
C006718	/it/aumento-affitti/slovenia/	stay	rents.country-inflation	country-rent-trend	SI	Slovenia		SI			it	it-IT	aumento affitti Slovenia						no										none		rent-index-verified	yes	Eurostat reuse policy, commercial reuse permitted with attribution	Eurostat reuse policy, commercial reuse permitted with attribution	high	medium, an index series per country	HIGH_THIN_CONTENT_RISK	medium	medium	out_of_window	medium	PROMISING	index only, no listings. Eurostat coverage is 36 countries. Demand is low and the page is structurally thin, so scaling this family risks thin content for little return.	DEMAND_LOW	4/324	165
C006719	/ja/rent-trend/slovenia/	stay	rents.country-inflation	country-rent-trend	SI	Slovenia		SI			ja	ja-JP							no										none		rent-index-verified	yes	Eurostat reuse policy, commercial reuse permitted with attribution	Eurostat reuse policy, commercial reuse permitted with attribution	high	medium, an index series per country	HIGH_THIN_CONTENT_RISK	medium	medium	out_of_window	medium	PROMISING	index only, no listings. Eurostat coverage is 36 countries. Demand is low and the page is structurally thin, so scaling this family risks thin content for little return.	DEMAND_LOW	4/324	165
C006720	/nl/huurverhoging/slovenie/	stay	rents.country-inflation	country-rent-trend	SI	Slovenia		SI			nl	nl-NL	huurverhoging Slovenië						no										none		rent-index-verified	yes	Eurostat reuse policy, commercial reuse permitted with attribution	Eurostat reuse policy, commercial reuse permitted with attribution	high	medium, an index series per country	HIGH_THIN_CONTENT_RISK	medium	medium	out_of_window	medium	PROMISING	index only, no listings. Eurostat coverage is 36 countries. Demand is low and the page is structurally thin, so scaling this family risks thin content for little return.	DEMAND_LOW	4/324	165
C006721	/pl/wzrost-czynszu/slowenia/	stay	rents.country-inflation	country-rent-trend	SI	Slovenia		SI			pl	pl-PL	wzrost czynszu Słowenia						no										none		rent-index-verified	yes	Eurostat reuse policy, commercial reuse permitted with attribution	Eurostat reuse policy, commercial reuse permitted with attribution	high	medium, an index series per country	HIGH_THIN_CONTENT_RISK	medium	medium	out_of_window	medium	PROMISING	index only, no listings. Eurostat coverage is 36 countries. Demand is low and the page is structurally thin, so scaling this family risks thin content for little return.	DEMAND_LOW	4/324	165
C006722	/pt/aumento-de-rendas/eslovenia/	stay	rents.country-inflation	country-rent-trend	SI	Slovenia		SI			pt	pt-BR	aumento de rendas Eslovênia						no										none		rent-index-verified	yes	Eurostat reuse policy, commercial reuse permitted with attribution	Eurostat reuse policy, commercial reuse permitted with attribution	high	medium, an index series per country	HIGH_THIN_CONTENT_RISK	medium	medium	out_of_window	medium	PROMISING	index only, no listings. Eurostat coverage is 36 countries. Demand is low and the page is structurally thin, so scaling this family risks thin content for little return.	DEMAND_LOW	4/324	165
C006723	/de/mietpreisentwicklung/slowakei/	stay	rents.country-inflation	country-rent-trend	SK	Slovakia		SK			de	de-DE	mietpreisentwicklung Slowakei						no										none		rent-index-verified	yes	Eurostat reuse policy, commercial reuse permitted with attribution	Eurostat reuse policy, commercial reuse permitted with attribution	high	medium, an index series per country	HIGH_THIN_CONTENT_RISK	medium	medium	out_of_window	medium	PROMISING	index only, no listings. Eurostat coverage is 36 countries. Demand is low and the page is structurally thin, so scaling this family risks thin content for little return.	DEMAND_LOW	4/324	165
C006724	/en/rent-increase/slovakia/	stay	rents.country-inflation	country-rent-trend	SK	Slovakia		SK			en	en-US	rent increase Slovakia						no										none		rent-index-verified	yes	Eurostat reuse policy, commercial reuse permitted with attribution	Eurostat reuse policy, commercial reuse permitted with attribution	high	medium, an index series per country	HIGH_THIN_CONTENT_RISK	medium	medium	out_of_window	medium	PROMISING	index only, no listings. Eurostat coverage is 36 countries. Demand is low and the page is structurally thin, so scaling this family risks thin content for little return.	DEMAND_LOW	4/324	165
C006725	/es/subida-del-alquiler/eslovaquia/	stay	rents.country-inflation	country-rent-trend	SK	Slovakia		SK			es	es-ES	subida del alquiler Eslovaquia						no										none		rent-index-verified	yes	Eurostat reuse policy, commercial reuse permitted with attribution	Eurostat reuse policy, commercial reuse permitted with attribution	high	medium, an index series per country	HIGH_THIN_CONTENT_RISK	medium	medium	out_of_window	medium	PROMISING	index only, no listings. Eurostat coverage is 36 countries. Demand is low and the page is structurally thin, so scaling this family risks thin content for little return.	DEMAND_LOW	4/324	165
C006726	/fr/augmentation-des-loyers/slovaquie/	stay	rents.country-inflation	country-rent-trend	SK	Slovakia		SK			fr	fr-FR	augmentation des loyers Slovaquie						no										none		rent-index-verified	yes	Eurostat reuse policy, commercial reuse permitted with attribution	Eurostat reuse policy, commercial reuse permitted with attribution	high	medium, an index series per country	HIGH_THIN_CONTENT_RISK	medium	medium	out_of_window	medium	PROMISING	index only, no listings. Eurostat coverage is 36 countries. Demand is low and the page is structurally thin, so scaling this family risks thin content for little return.	DEMAND_LOW	4/324	165
C006727	/it/aumento-affitti/slovacchia/	stay	rents.country-inflation	country-rent-trend	SK	Slovakia		SK			it	it-IT	aumento affitti Slovacchia						no										none		rent-index-verified	yes	Eurostat reuse policy, commercial reuse permitted with attribution	Eurostat reuse policy, commercial reuse permitted with attribution	high	medium, an index series per country	HIGH_THIN_CONTENT_RISK	medium	medium	out_of_window	medium	PROMISING	index only, no listings. Eurostat coverage is 36 countries. Demand is low and the page is structurally thin, so scaling this family risks thin content for little return.	DEMAND_LOW	4/324	165
C006728	/ja/rent-trend/slovakia/	stay	rents.country-inflation	country-rent-trend	SK	Slovakia		SK			ja	ja-JP							no										none		rent-index-verified	yes	Eurostat reuse policy, commercial reuse permitted with attribution	Eurostat reuse policy, commercial reuse permitted with attribution	high	medium, an index series per country	HIGH_THIN_CONTENT_RISK	medium	medium	out_of_window	medium	PROMISING	index only, no listings. Eurostat coverage is 36 countries. Demand is low and the page is structurally thin, so scaling this family risks thin content for little return.	DEMAND_LOW	4/324	165
C006729	/nl/huurverhoging/slowakije/	stay	rents.country-inflation	country-rent-trend	SK	Slovakia		SK			nl	nl-NL	huurverhoging Slowakije						no										none		rent-index-verified	yes	Eurostat reuse policy, commercial reuse permitted with attribution	Eurostat reuse policy, commercial reuse permitted with attribution	high	medium, an index series per country	HIGH_THIN_CONTENT_RISK	medium	medium	out_of_window	medium	PROMISING	index only, no listings. Eurostat coverage is 36 countries. Demand is low and the page is structurally thin, so scaling this family risks thin content for little return.	DEMAND_LOW	4/324	165
C006730	/pl/wzrost-czynszu/slowacja/	stay	rents.country-inflation	country-rent-trend	SK	Slovakia		SK			pl	pl-PL	wzrost czynszu Słowacja						no										none		rent-index-verified	yes	Eurostat reuse policy, commercial reuse permitted with attribution	Eurostat reuse policy, commercial reuse permitted with attribution	high	medium, an index series per country	HIGH_THIN_CONTENT_RISK	medium	medium	out_of_window	medium	PROMISING	index only, no listings. Eurostat coverage is 36 countries. Demand is low and the page is structurally thin, so scaling this family risks thin content for little return.	DEMAND_LOW	4/324	165
C006731	/pt/aumento-de-rendas/eslovaquia/	stay	rents.country-inflation	country-rent-trend	SK	Slovakia		SK			pt	pt-BR	aumento de rendas Eslováquia						no										none		rent-index-verified	yes	Eurostat reuse policy, commercial reuse permitted with attribution	Eurostat reuse policy, commercial reuse permitted with attribution	high	medium, an index series per country	HIGH_THIN_CONTENT_RISK	medium	medium	out_of_window	medium	PROMISING	index only, no listings. Eurostat coverage is 36 countries. Demand is low and the page is structurally thin, so scaling this family risks thin content for little return.	DEMAND_LOW	4/324	165
C006732	/de/mietpreisentwicklung/tuerkei/	stay	rents.country-inflation	country-rent-trend	TR	Turkey		TR			de	de-DE	mietpreisentwicklung Türkei						no										none		rent-index-verified	yes	Eurostat reuse policy, commercial reuse permitted with attribution	Eurostat reuse policy, commercial reuse permitted with attribution	high	medium, an index series per country	HIGH_THIN_CONTENT_RISK	medium	medium	out_of_window	medium	PROMISING	index only, no listings. Eurostat coverage is 36 countries. Demand is low and the page is structurally thin, so scaling this family risks thin content for little return.	DEMAND_LOW	4/324	165
C006733	/en/rent-increase/tuerkiye/	stay	rents.country-inflation	country-rent-trend	TR	Turkey		TR			en	en-US	rent increase Türkiye						no										none		rent-index-verified	yes	Eurostat reuse policy, commercial reuse permitted with attribution	Eurostat reuse policy, commercial reuse permitted with attribution	high	medium, an index series per country	HIGH_THIN_CONTENT_RISK	medium	medium	out_of_window	medium	PROMISING	index only, no listings. Eurostat coverage is 36 countries. Demand is low and the page is structurally thin, so scaling this family risks thin content for little return.	DEMAND_LOW	4/324	165
C006734	/es/subida-del-alquiler/turquia/	stay	rents.country-inflation	country-rent-trend	TR	Turkey		TR			es	es-ES	subida del alquiler Turquía						no										none		rent-index-verified	yes	Eurostat reuse policy, commercial reuse permitted with attribution	Eurostat reuse policy, commercial reuse permitted with attribution	high	medium, an index series per country	HIGH_THIN_CONTENT_RISK	medium	medium	out_of_window	medium	PROMISING	index only, no listings. Eurostat coverage is 36 countries. Demand is low and the page is structurally thin, so scaling this family risks thin content for little return.	DEMAND_LOW	4/324	165
C006735	/fr/augmentation-des-loyers/turquie/	stay	rents.country-inflation	country-rent-trend	TR	Turkey		TR			fr	fr-FR	augmentation des loyers Turquie						no										none		rent-index-verified	yes	Eurostat reuse policy, commercial reuse permitted with attribution	Eurostat reuse policy, commercial reuse permitted with attribution	high	medium, an index series per country	HIGH_THIN_CONTENT_RISK	medium	medium	out_of_window	medium	PROMISING	index only, no listings. Eurostat coverage is 36 countries. Demand is low and the page is structurally thin, so scaling this family risks thin content for little return.	DEMAND_LOW	4/324	165
C006736	/it/aumento-affitti/turchia/	stay	rents.country-inflation	country-rent-trend	TR	Turkey		TR			it	it-IT	aumento affitti Turchia						no										none		rent-index-verified	yes	Eurostat reuse policy, commercial reuse permitted with attribution	Eurostat reuse policy, commercial reuse permitted with attribution	high	medium, an index series per country	HIGH_THIN_CONTENT_RISK	medium	medium	out_of_window	medium	PROMISING	index only, no listings. Eurostat coverage is 36 countries. Demand is low and the page is structurally thin, so scaling this family risks thin content for little return.	DEMAND_LOW	4/324	165
C006737	/ja/rent-trend/tuerkiye/	stay	rents.country-inflation	country-rent-trend	TR	Turkey		TR			ja	ja-JP							no										none		rent-index-verified	yes	Eurostat reuse policy, commercial reuse permitted with attribution	Eurostat reuse policy, commercial reuse permitted with attribution	high	medium, an index series per country	HIGH_THIN_CONTENT_RISK	medium	medium	out_of_window	medium	PROMISING	index only, no listings. Eurostat coverage is 36 countries. Demand is low and the page is structurally thin, so scaling this family risks thin content for little return.	DEMAND_LOW	4/324	165
C006738	/nl/huurverhoging/turkije/	stay	rents.country-inflation	country-rent-trend	TR	Turkey		TR			nl	nl-NL	huurverhoging Turkije						no										none		rent-index-verified	yes	Eurostat reuse policy, commercial reuse permitted with attribution	Eurostat reuse policy, commercial reuse permitted with attribution	high	medium, an index series per country	HIGH_THIN_CONTENT_RISK	medium	medium	out_of_window	medium	PROMISING	index only, no listings. Eurostat coverage is 36 countries. Demand is low and the page is structurally thin, so scaling this family risks thin content for little return.	DEMAND_LOW	4/324	165
C006739	/pl/wzrost-czynszu/turcja/	stay	rents.country-inflation	country-rent-trend	TR	Turkey		TR			pl	pl-PL	wzrost czynszu Turcja						no										none		rent-index-verified	yes	Eurostat reuse policy, commercial reuse permitted with attribution	Eurostat reuse policy, commercial reuse permitted with attribution	high	medium, an index series per country	HIGH_THIN_CONTENT_RISK	medium	medium	out_of_window	medium	PROMISING	index only, no listings. Eurostat coverage is 36 countries. Demand is low and the page is structurally thin, so scaling this family risks thin content for little return.	DEMAND_LOW	4/324	165
C006740	/pt/aumento-de-rendas/turquia/	stay	rents.country-inflation	country-rent-trend	TR	Turkey		TR			pt	pt-BR	aumento de rendas Turquia						no										none		rent-index-verified	yes	Eurostat reuse policy, commercial reuse permitted with attribution	Eurostat reuse policy, commercial reuse permitted with attribution	high	medium, an index series per country	HIGH_THIN_CONTENT_RISK	medium	medium	out_of_window	medium	PROMISING	index only, no listings. Eurostat coverage is 36 countries. Demand is low and the page is structurally thin, so scaling this family risks thin content for little return.	DEMAND_LOW	4/324	165
C006741	/de/mietpreisentwicklung/kosovo/	stay	rents.country-inflation	country-rent-trend	XK	Kosovo		XK			de	de-DE	mietpreisentwicklung Kosovo						no										none		rent-index-verified	yes	Eurostat reuse policy, commercial reuse permitted with attribution	Eurostat reuse policy, commercial reuse permitted with attribution	high	medium, an index series per country	HIGH_THIN_CONTENT_RISK	medium	medium	out_of_window	medium	PROMISING	index only, no listings. Eurostat coverage is 36 countries. Demand is low and the page is structurally thin, so scaling this family risks thin content for little return.	DEMAND_LOW	4/324	165
C006742	/en/rent-increase/kosovo/	stay	rents.country-inflation	country-rent-trend	XK	Kosovo		XK			en	en-US	rent increase Kosovo						no										none		rent-index-verified	yes	Eurostat reuse policy, commercial reuse permitted with attribution	Eurostat reuse policy, commercial reuse permitted with attribution	high	medium, an index series per country	HIGH_THIN_CONTENT_RISK	medium	medium	out_of_window	medium	PROMISING	index only, no listings. Eurostat coverage is 36 countries. Demand is low and the page is structurally thin, so scaling this family risks thin content for little return.	DEMAND_LOW	4/324	165
C006743	/es/subida-del-alquiler/kosovo/	stay	rents.country-inflation	country-rent-trend	XK	Kosovo		XK			es	es-ES	subida del alquiler Kosovo						no										none		rent-index-verified	yes	Eurostat reuse policy, commercial reuse permitted with attribution	Eurostat reuse policy, commercial reuse permitted with attribution	high	medium, an index series per country	HIGH_THIN_CONTENT_RISK	medium	medium	out_of_window	medium	PROMISING	index only, no listings. Eurostat coverage is 36 countries. Demand is low and the page is structurally thin, so scaling this family risks thin content for little return.	DEMAND_LOW	4/324	165
C006744	/fr/augmentation-des-loyers/kosovo/	stay	rents.country-inflation	country-rent-trend	XK	Kosovo		XK			fr	fr-FR	augmentation des loyers Kosovo						no										none		rent-index-verified	yes	Eurostat reuse policy, commercial reuse permitted with attribution	Eurostat reuse policy, commercial reuse permitted with attribution	high	medium, an index series per country	HIGH_THIN_CONTENT_RISK	medium	medium	out_of_window	medium	PROMISING	index only, no listings. Eurostat coverage is 36 countries. Demand is low and the page is structurally thin, so scaling this family risks thin content for little return.	DEMAND_LOW	4/324	165
C006745	/it/aumento-affitti/kosovo/	stay	rents.country-inflation	country-rent-trend	XK	Kosovo		XK			it	it-IT	aumento affitti Kosovo						no										none		rent-index-verified	yes	Eurostat reuse policy, commercial reuse permitted with attribution	Eurostat reuse policy, commercial reuse permitted with attribution	high	medium, an index series per country	HIGH_THIN_CONTENT_RISK	medium	medium	out_of_window	medium	PROMISING	index only, no listings. Eurostat coverage is 36 countries. Demand is low and the page is structurally thin, so scaling this family risks thin content for little return.	DEMAND_LOW	4/324	165
C006746	/ja/rent-trend/kosovo/	stay	rents.country-inflation	country-rent-trend	XK	Kosovo		XK			ja	ja-JP							no										none		rent-index-verified	yes	Eurostat reuse policy, commercial reuse permitted with attribution	Eurostat reuse policy, commercial reuse permitted with attribution	high	medium, an index series per country	HIGH_THIN_CONTENT_RISK	medium	medium	out_of_window	medium	PROMISING	index only, no listings. Eurostat coverage is 36 countries. Demand is low and the page is structurally thin, so scaling this family risks thin content for little return.	DEMAND_LOW	4/324	165
C006747	/nl/huurverhoging/kosovo/	stay	rents.country-inflation	country-rent-trend	XK	Kosovo		XK			nl	nl-NL	huurverhoging Kosovo						no										none		rent-index-verified	yes	Eurostat reuse policy, commercial reuse permitted with attribution	Eurostat reuse policy, commercial reuse permitted with attribution	high	medium, an index series per country	HIGH_THIN_CONTENT_RISK	medium	medium	out_of_window	medium	PROMISING	index only, no listings. Eurostat coverage is 36 countries. Demand is low and the page is structurally thin, so scaling this family risks thin content for little return.	DEMAND_LOW	4/324	165
C006748	/pl/wzrost-czynszu/kosowo/	stay	rents.country-inflation	country-rent-trend	XK	Kosovo		XK			pl	pl-PL	wzrost czynszu Kosowo						no										none		rent-index-verified	yes	Eurostat reuse policy, commercial reuse permitted with attribution	Eurostat reuse policy, commercial reuse permitted with attribution	high	medium, an index series per country	HIGH_THIN_CONTENT_RISK	medium	medium	out_of_window	medium	PROMISING	index only, no listings. Eurostat coverage is 36 countries. Demand is low and the page is structurally thin, so scaling this family risks thin content for little return.	DEMAND_LOW	4/324	165
C006749	/pt/aumento-de-rendas/kosovo/	stay	rents.country-inflation	country-rent-trend	XK	Kosovo		XK			pt	pt-BR	aumento de rendas Kosovo						no										none		rent-index-verified	yes	Eurostat reuse policy, commercial reuse permitted with attribution	Eurostat reuse policy, commercial reuse permitted with attribution	high	medium, an index series per country	HIGH_THIN_CONTENT_RISK	medium	medium	out_of_window	medium	PROMISING	index only, no listings. Eurostat coverage is 36 countries. Demand is low and the page is structurally thin, so scaling this family risks thin content for little return.	DEMAND_LOW	4/324	165
