id	proposed_url	surface	family	page_type	entity	entity_label	destination	country	subdivision	city	language	search_market	primary_keyword	secondary_keywords	monthly_volume	kd	traffic_potential	cpc_cents	measured	measured_via	serp_intent	serp_features	top_ranking_urls	weakest_top10_competitor	weakest_competitor_dr	weakest_competitor_ur	weakest_competitor_refdomains	competitor_traffic	livdar_coverage_now	current_live_equivalent	source_id	source_data_available	source_licence	source_licensing_status	programmatic_feasibility	uniqueness_potential	quality_risk	monetization_fit	internal_link_fit	gsc_evidence	confidence	status	notes	family_demand_tier	family_measured_coverage	family_best_measured_volume
C009522	/de/beste-reisezeit/264371/	climate	weather.country-best-time	best-time-to-visit	264371	264371				264371	de	de-DE							no										none		nasa-power-daily	yes	CC BY 4.0; 'There are no restrictions on the use, access, and/or download of data from the NASA POWER Project' (AWS Open Data Registry entry)	CC BY 4.0, no restrictions on reuse	high	medium, monthly normals per city	REJECT	low	medium	out_of_window	high	REJECTED	REJECTED on SERP validation: KD 1.5 but Reddit and Conde Nast hold the results. 24 pages are already live and can stay; this is not an expansion target.	DEMAND_UNMEASURED	0/495	
C009523	/en/best-time-to-visit/264371/	climate	weather.country-best-time	best-time-to-visit	264371	264371				264371	en	en-US							no										none		nasa-power-daily	yes	CC BY 4.0; 'There are no restrictions on the use, access, and/or download of data from the NASA POWER Project' (AWS Open Data Registry entry)	CC BY 4.0, no restrictions on reuse	high	medium, monthly normals per city	REJECT	low	medium	out_of_window	high	REJECTED	REJECTED on SERP validation: KD 1.5 but Reddit and Conde Nast hold the results. 24 pages are already live and can stay; this is not an expansion target.	DEMAND_UNMEASURED	0/495	
C009524	/es/mejor-epoca-para-viajar/264371/	climate	weather.country-best-time	best-time-to-visit	264371	264371				264371	es	es-ES							no										none		nasa-power-daily	yes	CC BY 4.0; 'There are no restrictions on the use, access, and/or download of data from the NASA POWER Project' (AWS Open Data Registry entry)	CC BY 4.0, no restrictions on reuse	high	medium, monthly normals per city	REJECT	low	medium	out_of_window	high	REJECTED	REJECTED on SERP validation: KD 1.5 but Reddit and Conde Nast hold the results. 24 pages are already live and can stay; this is not an expansion target.	DEMAND_UNMEASURED	0/495	
C009525	/fr/quand-partir/264371/	climate	weather.country-best-time	best-time-to-visit	264371	264371				264371	fr	fr-FR							no										none		nasa-power-daily	yes	CC BY 4.0; 'There are no restrictions on the use, access, and/or download of data from the NASA POWER Project' (AWS Open Data Registry entry)	CC BY 4.0, no restrictions on reuse	high	medium, monthly normals per city	REJECT	low	medium	out_of_window	high	REJECTED	REJECTED on SERP validation: KD 1.5 but Reddit and Conde Nast hold the results. 24 pages are already live and can stay; this is not an expansion target.	DEMAND_UNMEASURED	0/495	
C009526	/it/quando-andare/264371/	climate	weather.country-best-time	best-time-to-visit	264371	264371				264371	it	it-IT							no										none		nasa-power-daily	yes	CC BY 4.0; 'There are no restrictions on the use, access, and/or download of data from the NASA POWER Project' (AWS Open Data Registry entry)	CC BY 4.0, no restrictions on reuse	high	medium, monthly normals per city	REJECT	low	medium	out_of_window	high	REJECTED	REJECTED on SERP validation: KD 1.5 but Reddit and Conde Nast hold the results. 24 pages are already live and can stay; this is not an expansion target.	DEMAND_UNMEASURED	0/495	
C009527	/ja/best-season/264371/	climate	weather.country-best-time	best-time-to-visit	264371	264371				264371	ja	ja-JP							no										none		nasa-power-daily	yes	CC BY 4.0; 'There are no restrictions on the use, access, and/or download of data from the NASA POWER Project' (AWS Open Data Registry entry)	CC BY 4.0, no restrictions on reuse	high	medium, monthly normals per city	REJECT	low	medium	out_of_window	high	REJECTED	REJECTED on SERP validation: KD 1.5 but Reddit and Conde Nast hold the results. 24 pages are already live and can stay; this is not an expansion target.	DEMAND_UNMEASURED	0/495	
C009528	/nl/beste-reistijd/264371/	climate	weather.country-best-time	best-time-to-visit	264371	264371				264371	nl	nl-NL							no										none		nasa-power-daily	yes	CC BY 4.0; 'There are no restrictions on the use, access, and/or download of data from the NASA POWER Project' (AWS Open Data Registry entry)	CC BY 4.0, no restrictions on reuse	high	medium, monthly normals per city	REJECT	low	medium	out_of_window	high	REJECTED	REJECTED on SERP validation: KD 1.5 but Reddit and Conde Nast hold the results. 24 pages are already live and can stay; this is not an expansion target.	DEMAND_UNMEASURED	0/495	
C009529	/pl/kiedy-jechac/264371/	climate	weather.country-best-time	best-time-to-visit	264371	264371				264371	pl	pl-PL							no										none		nasa-power-daily	yes	CC BY 4.0; 'There are no restrictions on the use, access, and/or download of data from the NASA POWER Project' (AWS Open Data Registry entry)	CC BY 4.0, no restrictions on reuse	high	medium, monthly normals per city	REJECT	low	medium	out_of_window	high	REJECTED	REJECTED on SERP validation: KD 1.5 but Reddit and Conde Nast hold the results. 24 pages are already live and can stay; this is not an expansion target.	DEMAND_UNMEASURED	0/495	
C009530	/pt/melhor-epoca-para-viajar/264371/	climate	weather.country-best-time	best-time-to-visit	264371	264371				264371	pt	pt-BR							no										none		nasa-power-daily	yes	CC BY 4.0; 'There are no restrictions on the use, access, and/or download of data from the NASA POWER Project' (AWS Open Data Registry entry)	CC BY 4.0, no restrictions on reuse	high	medium, monthly normals per city	REJECT	low	medium	out_of_window	high	REJECTED	REJECTED on SERP validation: KD 1.5 but Reddit and Conde Nast hold the results. 24 pages are already live and can stay; this is not an expansion target.	DEMAND_UNMEASURED	0/495	
C009531	/de/beste-reisezeit/292223/	climate	weather.country-best-time	best-time-to-visit	292223	292223				292223	de	de-DE							no										none		nasa-power-daily	yes	CC BY 4.0; 'There are no restrictions on the use, access, and/or download of data from the NASA POWER Project' (AWS Open Data Registry entry)	CC BY 4.0, no restrictions on reuse	high	medium, monthly normals per city	REJECT	low	medium	out_of_window	high	REJECTED	REJECTED on SERP validation: KD 1.5 but Reddit and Conde Nast hold the results. 24 pages are already live and can stay; this is not an expansion target.	DEMAND_UNMEASURED	0/495	
C009532	/en/best-time-to-visit/292223/	climate	weather.country-best-time	best-time-to-visit	292223	292223				292223	en	en-US							no										none		nasa-power-daily	yes	CC BY 4.0; 'There are no restrictions on the use, access, and/or download of data from the NASA POWER Project' (AWS Open Data Registry entry)	CC BY 4.0, no restrictions on reuse	high	medium, monthly normals per city	REJECT	low	medium	out_of_window	high	REJECTED	REJECTED on SERP validation: KD 1.5 but Reddit and Conde Nast hold the results. 24 pages are already live and can stay; this is not an expansion target.	DEMAND_UNMEASURED	0/495	
C009533	/es/mejor-epoca-para-viajar/292223/	climate	weather.country-best-time	best-time-to-visit	292223	292223				292223	es	es-ES							no										none		nasa-power-daily	yes	CC BY 4.0; 'There are no restrictions on the use, access, and/or download of data from the NASA POWER Project' (AWS Open Data Registry entry)	CC BY 4.0, no restrictions on reuse	high	medium, monthly normals per city	REJECT	low	medium	out_of_window	high	REJECTED	REJECTED on SERP validation: KD 1.5 but Reddit and Conde Nast hold the results. 24 pages are already live and can stay; this is not an expansion target.	DEMAND_UNMEASURED	0/495	
C009534	/fr/quand-partir/292223/	climate	weather.country-best-time	best-time-to-visit	292223	292223				292223	fr	fr-FR							no										none		nasa-power-daily	yes	CC BY 4.0; 'There are no restrictions on the use, access, and/or download of data from the NASA POWER Project' (AWS Open Data Registry entry)	CC BY 4.0, no restrictions on reuse	high	medium, monthly normals per city	REJECT	low	medium	out_of_window	high	REJECTED	REJECTED on SERP validation: KD 1.5 but Reddit and Conde Nast hold the results. 24 pages are already live and can stay; this is not an expansion target.	DEMAND_UNMEASURED	0/495	
C009535	/it/quando-andare/292223/	climate	weather.country-best-time	best-time-to-visit	292223	292223				292223	it	it-IT							no										none		nasa-power-daily	yes	CC BY 4.0; 'There are no restrictions on the use, access, and/or download of data from the NASA POWER Project' (AWS Open Data Registry entry)	CC BY 4.0, no restrictions on reuse	high	medium, monthly normals per city	REJECT	low	medium	out_of_window	high	REJECTED	REJECTED on SERP validation: KD 1.5 but Reddit and Conde Nast hold the results. 24 pages are already live and can stay; this is not an expansion target.	DEMAND_UNMEASURED	0/495	
C009536	/ja/best-season/292223/	climate	weather.country-best-time	best-time-to-visit	292223	292223				292223	ja	ja-JP							no										none		nasa-power-daily	yes	CC BY 4.0; 'There are no restrictions on the use, access, and/or download of data from the NASA POWER Project' (AWS Open Data Registry entry)	CC BY 4.0, no restrictions on reuse	high	medium, monthly normals per city	REJECT	low	medium	out_of_window	high	REJECTED	REJECTED on SERP validation: KD 1.5 but Reddit and Conde Nast hold the results. 24 pages are already live and can stay; this is not an expansion target.	DEMAND_UNMEASURED	0/495	
C009537	/nl/beste-reistijd/292223/	climate	weather.country-best-time	best-time-to-visit	292223	292223				292223	nl	nl-NL							no										none		nasa-power-daily	yes	CC BY 4.0; 'There are no restrictions on the use, access, and/or download of data from the NASA POWER Project' (AWS Open Data Registry entry)	CC BY 4.0, no restrictions on reuse	high	medium, monthly normals per city	REJECT	low	medium	out_of_window	high	REJECTED	REJECTED on SERP validation: KD 1.5 but Reddit and Conde Nast hold the results. 24 pages are already live and can stay; this is not an expansion target.	DEMAND_UNMEASURED	0/495	
C009538	/pl/kiedy-jechac/292223/	climate	weather.country-best-time	best-time-to-visit	292223	292223				292223	pl	pl-PL							no										none		nasa-power-daily	yes	CC BY 4.0; 'There are no restrictions on the use, access, and/or download of data from the NASA POWER Project' (AWS Open Data Registry entry)	CC BY 4.0, no restrictions on reuse	high	medium, monthly normals per city	REJECT	low	medium	out_of_window	high	REJECTED	REJECTED on SERP validation: KD 1.5 but Reddit and Conde Nast hold the results. 24 pages are already live and can stay; this is not an expansion target.	DEMAND_UNMEASURED	0/495	
C009539	/pt/melhor-epoca-para-viajar/292223/	climate	weather.country-best-time	best-time-to-visit	292223	292223				292223	pt	pt-BR							no										none		nasa-power-daily	yes	CC BY 4.0; 'There are no restrictions on the use, access, and/or download of data from the NASA POWER Project' (AWS Open Data Registry entry)	CC BY 4.0, no restrictions on reuse	high	medium, monthly normals per city	REJECT	low	medium	out_of_window	high	REJECTED	REJECTED on SERP validation: KD 1.5 but Reddit and Conde Nast hold the results. 24 pages are already live and can stay; this is not an expansion target.	DEMAND_UNMEASURED	0/495	
C009540	/de/beste-reisezeit/323777/	climate	weather.country-best-time	best-time-to-visit	323777	323777				323777	de	de-DE							no										none		nasa-power-daily	yes	CC BY 4.0; 'There are no restrictions on the use, access, and/or download of data from the NASA POWER Project' (AWS Open Data Registry entry)	CC BY 4.0, no restrictions on reuse	high	medium, monthly normals per city	REJECT	low	medium	out_of_window	high	REJECTED	REJECTED on SERP validation: KD 1.5 but Reddit and Conde Nast hold the results. 24 pages are already live and can stay; this is not an expansion target.	DEMAND_UNMEASURED	0/495	
C009541	/en/best-time-to-visit/323777/	climate	weather.country-best-time	best-time-to-visit	323777	323777				323777	en	en-US							no										none		nasa-power-daily	yes	CC BY 4.0; 'There are no restrictions on the use, access, and/or download of data from the NASA POWER Project' (AWS Open Data Registry entry)	CC BY 4.0, no restrictions on reuse	high	medium, monthly normals per city	REJECT	low	medium	out_of_window	high	REJECTED	REJECTED on SERP validation: KD 1.5 but Reddit and Conde Nast hold the results. 24 pages are already live and can stay; this is not an expansion target.	DEMAND_UNMEASURED	0/495	
C009542	/es/mejor-epoca-para-viajar/323777/	climate	weather.country-best-time	best-time-to-visit	323777	323777				323777	es	es-ES							no										none		nasa-power-daily	yes	CC BY 4.0; 'There are no restrictions on the use, access, and/or download of data from the NASA POWER Project' (AWS Open Data Registry entry)	CC BY 4.0, no restrictions on reuse	high	medium, monthly normals per city	REJECT	low	medium	out_of_window	high	REJECTED	REJECTED on SERP validation: KD 1.5 but Reddit and Conde Nast hold the results. 24 pages are already live and can stay; this is not an expansion target.	DEMAND_UNMEASURED	0/495	
C009543	/fr/quand-partir/323777/	climate	weather.country-best-time	best-time-to-visit	323777	323777				323777	fr	fr-FR							no										none		nasa-power-daily	yes	CC BY 4.0; 'There are no restrictions on the use, access, and/or download of data from the NASA POWER Project' (AWS Open Data Registry entry)	CC BY 4.0, no restrictions on reuse	high	medium, monthly normals per city	REJECT	low	medium	out_of_window	high	REJECTED	REJECTED on SERP validation: KD 1.5 but Reddit and Conde Nast hold the results. 24 pages are already live and can stay; this is not an expansion target.	DEMAND_UNMEASURED	0/495	
C009544	/it/quando-andare/323777/	climate	weather.country-best-time	best-time-to-visit	323777	323777				323777	it	it-IT							no										none		nasa-power-daily	yes	CC BY 4.0; 'There are no restrictions on the use, access, and/or download of data from the NASA POWER Project' (AWS Open Data Registry entry)	CC BY 4.0, no restrictions on reuse	high	medium, monthly normals per city	REJECT	low	medium	out_of_window	high	REJECTED	REJECTED on SERP validation: KD 1.5 but Reddit and Conde Nast hold the results. 24 pages are already live and can stay; this is not an expansion target.	DEMAND_UNMEASURED	0/495	
C009545	/ja/best-season/323777/	climate	weather.country-best-time	best-time-to-visit	323777	323777				323777	ja	ja-JP							no										none		nasa-power-daily	yes	CC BY 4.0; 'There are no restrictions on the use, access, and/or download of data from the NASA POWER Project' (AWS Open Data Registry entry)	CC BY 4.0, no restrictions on reuse	high	medium, monthly normals per city	REJECT	low	medium	out_of_window	high	REJECTED	REJECTED on SERP validation: KD 1.5 but Reddit and Conde Nast hold the results. 24 pages are already live and can stay; this is not an expansion target.	DEMAND_UNMEASURED	0/495	
C009546	/nl/beste-reistijd/323777/	climate	weather.country-best-time	best-time-to-visit	323777	323777				323777	nl	nl-NL							no										none		nasa-power-daily	yes	CC BY 4.0; 'There are no restrictions on the use, access, and/or download of data from the NASA POWER Project' (AWS Open Data Registry entry)	CC BY 4.0, no restrictions on reuse	high	medium, monthly normals per city	REJECT	low	medium	out_of_window	high	REJECTED	REJECTED on SERP validation: KD 1.5 but Reddit and Conde Nast hold the results. 24 pages are already live and can stay; this is not an expansion target.	DEMAND_UNMEASURED	0/495	
C009547	/pl/kiedy-jechac/323777/	climate	weather.country-best-time	best-time-to-visit	323777	323777				323777	pl	pl-PL							no										none		nasa-power-daily	yes	CC BY 4.0; 'There are no restrictions on the use, access, and/or download of data from the NASA POWER Project' (AWS Open Data Registry entry)	CC BY 4.0, no restrictions on reuse	high	medium, monthly normals per city	REJECT	low	medium	out_of_window	high	REJECTED	REJECTED on SERP validation: KD 1.5 but Reddit and Conde Nast hold the results. 24 pages are already live and can stay; this is not an expansion target.	DEMAND_UNMEASURED	0/495	
C009548	/pt/melhor-epoca-para-viajar/323777/	climate	weather.country-best-time	best-time-to-visit	323777	323777				323777	pt	pt-BR							no										none		nasa-power-daily	yes	CC BY 4.0; 'There are no restrictions on the use, access, and/or download of data from the NASA POWER Project' (AWS Open Data Registry entry)	CC BY 4.0, no restrictions on reuse	high	medium, monthly normals per city	REJECT	low	medium	out_of_window	high	REJECTED	REJECTED on SERP validation: KD 1.5 but Reddit and Conde Nast hold the results. 24 pages are already live and can stay; this is not an expansion target.	DEMAND_UNMEASURED	0/495	
C009549	/de/beste-reisezeit/734077/	climate	weather.country-best-time	best-time-to-visit	734077	734077				734077	de	de-DE							no										none		nasa-power-daily	yes	CC BY 4.0; 'There are no restrictions on the use, access, and/or download of data from the NASA POWER Project' (AWS Open Data Registry entry)	CC BY 4.0, no restrictions on reuse	high	medium, monthly normals per city	REJECT	low	medium	out_of_window	high	REJECTED	REJECTED on SERP validation: KD 1.5 but Reddit and Conde Nast hold the results. 24 pages are already live and can stay; this is not an expansion target.	DEMAND_UNMEASURED	0/495	
C009550	/en/best-time-to-visit/734077/	climate	weather.country-best-time	best-time-to-visit	734077	734077				734077	en	en-US							no										none		nasa-power-daily	yes	CC BY 4.0; 'There are no restrictions on the use, access, and/or download of data from the NASA POWER Project' (AWS Open Data Registry entry)	CC BY 4.0, no restrictions on reuse	high	medium, monthly normals per city	REJECT	low	medium	out_of_window	high	REJECTED	REJECTED on SERP validation: KD 1.5 but Reddit and Conde Nast hold the results. 24 pages are already live and can stay; this is not an expansion target.	DEMAND_UNMEASURED	0/495	
C009551	/es/mejor-epoca-para-viajar/734077/	climate	weather.country-best-time	best-time-to-visit	734077	734077				734077	es	es-ES							no										none		nasa-power-daily	yes	CC BY 4.0; 'There are no restrictions on the use, access, and/or download of data from the NASA POWER Project' (AWS Open Data Registry entry)	CC BY 4.0, no restrictions on reuse	high	medium, monthly normals per city	REJECT	low	medium	out_of_window	high	REJECTED	REJECTED on SERP validation: KD 1.5 but Reddit and Conde Nast hold the results. 24 pages are already live and can stay; this is not an expansion target.	DEMAND_UNMEASURED	0/495	
C009552	/fr/quand-partir/734077/	climate	weather.country-best-time	best-time-to-visit	734077	734077				734077	fr	fr-FR							no										none		nasa-power-daily	yes	CC BY 4.0; 'There are no restrictions on the use, access, and/or download of data from the NASA POWER Project' (AWS Open Data Registry entry)	CC BY 4.0, no restrictions on reuse	high	medium, monthly normals per city	REJECT	low	medium	out_of_window	high	REJECTED	REJECTED on SERP validation: KD 1.5 but Reddit and Conde Nast hold the results. 24 pages are already live and can stay; this is not an expansion target.	DEMAND_UNMEASURED	0/495	
C009553	/it/quando-andare/734077/	climate	weather.country-best-time	best-time-to-visit	734077	734077				734077	it	it-IT							no										none		nasa-power-daily	yes	CC BY 4.0; 'There are no restrictions on the use, access, and/or download of data from the NASA POWER Project' (AWS Open Data Registry entry)	CC BY 4.0, no restrictions on reuse	high	medium, monthly normals per city	REJECT	low	medium	out_of_window	high	REJECTED	REJECTED on SERP validation: KD 1.5 but Reddit and Conde Nast hold the results. 24 pages are already live and can stay; this is not an expansion target.	DEMAND_UNMEASURED	0/495	
C009554	/ja/best-season/734077/	climate	weather.country-best-time	best-time-to-visit	734077	734077				734077	ja	ja-JP							no										none		nasa-power-daily	yes	CC BY 4.0; 'There are no restrictions on the use, access, and/or download of data from the NASA POWER Project' (AWS Open Data Registry entry)	CC BY 4.0, no restrictions on reuse	high	medium, monthly normals per city	REJECT	low	medium	out_of_window	high	REJECTED	REJECTED on SERP validation: KD 1.5 but Reddit and Conde Nast hold the results. 24 pages are already live and can stay; this is not an expansion target.	DEMAND_UNMEASURED	0/495	
C009555	/nl/beste-reistijd/734077/	climate	weather.country-best-time	best-time-to-visit	734077	734077				734077	nl	nl-NL							no										none		nasa-power-daily	yes	CC BY 4.0; 'There are no restrictions on the use, access, and/or download of data from the NASA POWER Project' (AWS Open Data Registry entry)	CC BY 4.0, no restrictions on reuse	high	medium, monthly normals per city	REJECT	low	medium	out_of_window	high	REJECTED	REJECTED on SERP validation: KD 1.5 but Reddit and Conde Nast hold the results. 24 pages are already live and can stay; this is not an expansion target.	DEMAND_UNMEASURED	0/495	
C009556	/pl/kiedy-jechac/734077/	climate	weather.country-best-time	best-time-to-visit	734077	734077				734077	pl	pl-PL							no										none		nasa-power-daily	yes	CC BY 4.0; 'There are no restrictions on the use, access, and/or download of data from the NASA POWER Project' (AWS Open Data Registry entry)	CC BY 4.0, no restrictions on reuse	high	medium, monthly normals per city	REJECT	low	medium	out_of_window	high	REJECTED	REJECTED on SERP validation: KD 1.5 but Reddit and Conde Nast hold the results. 24 pages are already live and can stay; this is not an expansion target.	DEMAND_UNMEASURED	0/495	
C009557	/pt/melhor-epoca-para-viajar/734077/	climate	weather.country-best-time	best-time-to-visit	734077	734077				734077	pt	pt-BR							no										none		nasa-power-daily	yes	CC BY 4.0; 'There are no restrictions on the use, access, and/or download of data from the NASA POWER Project' (AWS Open Data Registry entry)	CC BY 4.0, no restrictions on reuse	high	medium, monthly normals per city	REJECT	low	medium	out_of_window	high	REJECTED	REJECTED on SERP validation: KD 1.5 but Reddit and Conde Nast hold the results. 24 pages are already live and can stay; this is not an expansion target.	DEMAND_UNMEASURED	0/495	
C009558	/de/beste-reisezeit/745044/	climate	weather.country-best-time	best-time-to-visit	745044	745044				745044	de	de-DE							no										none		nasa-power-daily	yes	CC BY 4.0; 'There are no restrictions on the use, access, and/or download of data from the NASA POWER Project' (AWS Open Data Registry entry)	CC BY 4.0, no restrictions on reuse	high	medium, monthly normals per city	REJECT	low	medium	out_of_window	high	REJECTED	REJECTED on SERP validation: KD 1.5 but Reddit and Conde Nast hold the results. 24 pages are already live and can stay; this is not an expansion target.	DEMAND_UNMEASURED	0/495	
C009559	/en/best-time-to-visit/745044/	climate	weather.country-best-time	best-time-to-visit	745044	745044				745044	en	en-US							no										none		nasa-power-daily	yes	CC BY 4.0; 'There are no restrictions on the use, access, and/or download of data from the NASA POWER Project' (AWS Open Data Registry entry)	CC BY 4.0, no restrictions on reuse	high	medium, monthly normals per city	REJECT	low	medium	out_of_window	high	REJECTED	REJECTED on SERP validation: KD 1.5 but Reddit and Conde Nast hold the results. 24 pages are already live and can stay; this is not an expansion target.	DEMAND_UNMEASURED	0/495	
C009560	/es/mejor-epoca-para-viajar/745044/	climate	weather.country-best-time	best-time-to-visit	745044	745044				745044	es	es-ES							no										none		nasa-power-daily	yes	CC BY 4.0; 'There are no restrictions on the use, access, and/or download of data from the NASA POWER Project' (AWS Open Data Registry entry)	CC BY 4.0, no restrictions on reuse	high	medium, monthly normals per city	REJECT	low	medium	out_of_window	high	REJECTED	REJECTED on SERP validation: KD 1.5 but Reddit and Conde Nast hold the results. 24 pages are already live and can stay; this is not an expansion target.	DEMAND_UNMEASURED	0/495	
C009561	/fr/quand-partir/745044/	climate	weather.country-best-time	best-time-to-visit	745044	745044				745044	fr	fr-FR							no										none		nasa-power-daily	yes	CC BY 4.0; 'There are no restrictions on the use, access, and/or download of data from the NASA POWER Project' (AWS Open Data Registry entry)	CC BY 4.0, no restrictions on reuse	high	medium, monthly normals per city	REJECT	low	medium	out_of_window	high	REJECTED	REJECTED on SERP validation: KD 1.5 but Reddit and Conde Nast hold the results. 24 pages are already live and can stay; this is not an expansion target.	DEMAND_UNMEASURED	0/495	
C009562	/it/quando-andare/745044/	climate	weather.country-best-time	best-time-to-visit	745044	745044				745044	it	it-IT							no										none		nasa-power-daily	yes	CC BY 4.0; 'There are no restrictions on the use, access, and/or download of data from the NASA POWER Project' (AWS Open Data Registry entry)	CC BY 4.0, no restrictions on reuse	high	medium, monthly normals per city	REJECT	low	medium	out_of_window	high	REJECTED	REJECTED on SERP validation: KD 1.5 but Reddit and Conde Nast hold the results. 24 pages are already live and can stay; this is not an expansion target.	DEMAND_UNMEASURED	0/495	
C009563	/ja/best-season/745044/	climate	weather.country-best-time	best-time-to-visit	745044	745044				745044	ja	ja-JP							no										none		nasa-power-daily	yes	CC BY 4.0; 'There are no restrictions on the use, access, and/or download of data from the NASA POWER Project' (AWS Open Data Registry entry)	CC BY 4.0, no restrictions on reuse	high	medium, monthly normals per city	REJECT	low	medium	out_of_window	high	REJECTED	REJECTED on SERP validation: KD 1.5 but Reddit and Conde Nast hold the results. 24 pages are already live and can stay; this is not an expansion target.	DEMAND_UNMEASURED	0/495	
C009564	/nl/beste-reistijd/745044/	climate	weather.country-best-time	best-time-to-visit	745044	745044				745044	nl	nl-NL							no										none		nasa-power-daily	yes	CC BY 4.0; 'There are no restrictions on the use, access, and/or download of data from the NASA POWER Project' (AWS Open Data Registry entry)	CC BY 4.0, no restrictions on reuse	high	medium, monthly normals per city	REJECT	low	medium	out_of_window	high	REJECTED	REJECTED on SERP validation: KD 1.5 but Reddit and Conde Nast hold the results. 24 pages are already live and can stay; this is not an expansion target.	DEMAND_UNMEASURED	0/495	
C009565	/pl/kiedy-jechac/745044/	climate	weather.country-best-time	best-time-to-visit	745044	745044				745044	pl	pl-PL							no										none		nasa-power-daily	yes	CC BY 4.0; 'There are no restrictions on the use, access, and/or download of data from the NASA POWER Project' (AWS Open Data Registry entry)	CC BY 4.0, no restrictions on reuse	high	medium, monthly normals per city	REJECT	low	medium	out_of_window	high	REJECTED	REJECTED on SERP validation: KD 1.5 but Reddit and Conde Nast hold the results. 24 pages are already live and can stay; this is not an expansion target.	DEMAND_UNMEASURED	0/495	
C009566	/pt/melhor-epoca-para-viajar/745044/	climate	weather.country-best-time	best-time-to-visit	745044	745044				745044	pt	pt-BR							no										none		nasa-power-daily	yes	CC BY 4.0; 'There are no restrictions on the use, access, and/or download of data from the NASA POWER Project' (AWS Open Data Registry entry)	CC BY 4.0, no restrictions on reuse	high	medium, monthly normals per city	REJECT	low	medium	out_of_window	high	REJECTED	REJECTED on SERP validation: KD 1.5 but Reddit and Conde Nast hold the results. 24 pages are already live and can stay; this is not an expansion target.	DEMAND_UNMEASURED	0/495	
C009567	/de/beste-reisezeit/1151254/	climate	weather.country-best-time	best-time-to-visit	1151254	1151254				1151254	de	de-DE							no										none		nasa-power-daily	yes	CC BY 4.0; 'There are no restrictions on the use, access, and/or download of data from the NASA POWER Project' (AWS Open Data Registry entry)	CC BY 4.0, no restrictions on reuse	high	medium, monthly normals per city	REJECT	low	medium	out_of_window	high	REJECTED	REJECTED on SERP validation: KD 1.5 but Reddit and Conde Nast hold the results. 24 pages are already live and can stay; this is not an expansion target.	DEMAND_UNMEASURED	0/495	
C009568	/en/best-time-to-visit/1151254/	climate	weather.country-best-time	best-time-to-visit	1151254	1151254				1151254	en	en-US							no										none		nasa-power-daily	yes	CC BY 4.0; 'There are no restrictions on the use, access, and/or download of data from the NASA POWER Project' (AWS Open Data Registry entry)	CC BY 4.0, no restrictions on reuse	high	medium, monthly normals per city	REJECT	low	medium	out_of_window	high	REJECTED	REJECTED on SERP validation: KD 1.5 but Reddit and Conde Nast hold the results. 24 pages are already live and can stay; this is not an expansion target.	DEMAND_UNMEASURED	0/495	
C009569	/es/mejor-epoca-para-viajar/1151254/	climate	weather.country-best-time	best-time-to-visit	1151254	1151254				1151254	es	es-ES							no										none		nasa-power-daily	yes	CC BY 4.0; 'There are no restrictions on the use, access, and/or download of data from the NASA POWER Project' (AWS Open Data Registry entry)	CC BY 4.0, no restrictions on reuse	high	medium, monthly normals per city	REJECT	low	medium	out_of_window	high	REJECTED	REJECTED on SERP validation: KD 1.5 but Reddit and Conde Nast hold the results. 24 pages are already live and can stay; this is not an expansion target.	DEMAND_UNMEASURED	0/495	
C009570	/fr/quand-partir/1151254/	climate	weather.country-best-time	best-time-to-visit	1151254	1151254				1151254	fr	fr-FR							no										none		nasa-power-daily	yes	CC BY 4.0; 'There are no restrictions on the use, access, and/or download of data from the NASA POWER Project' (AWS Open Data Registry entry)	CC BY 4.0, no restrictions on reuse	high	medium, monthly normals per city	REJECT	low	medium	out_of_window	high	REJECTED	REJECTED on SERP validation: KD 1.5 but Reddit and Conde Nast hold the results. 24 pages are already live and can stay; this is not an expansion target.	DEMAND_UNMEASURED	0/495	
C009571	/it/quando-andare/1151254/	climate	weather.country-best-time	best-time-to-visit	1151254	1151254				1151254	it	it-IT							no										none		nasa-power-daily	yes	CC BY 4.0; 'There are no restrictions on the use, access, and/or download of data from the NASA POWER Project' (AWS Open Data Registry entry)	CC BY 4.0, no restrictions on reuse	high	medium, monthly normals per city	REJECT	low	medium	out_of_window	high	REJECTED	REJECTED on SERP validation: KD 1.5 but Reddit and Conde Nast hold the results. 24 pages are already live and can stay; this is not an expansion target.	DEMAND_UNMEASURED	0/495	
C009572	/ja/best-season/1151254/	climate	weather.country-best-time	best-time-to-visit	1151254	1151254				1151254	ja	ja-JP							no										none		nasa-power-daily	yes	CC BY 4.0; 'There are no restrictions on the use, access, and/or download of data from the NASA POWER Project' (AWS Open Data Registry entry)	CC BY 4.0, no restrictions on reuse	high	medium, monthly normals per city	REJECT	low	medium	out_of_window	high	REJECTED	REJECTED on SERP validation: KD 1.5 but Reddit and Conde Nast hold the results. 24 pages are already live and can stay; this is not an expansion target.	DEMAND_UNMEASURED	0/495	
C009573	/nl/beste-reistijd/1151254/	climate	weather.country-best-time	best-time-to-visit	1151254	1151254				1151254	nl	nl-NL							no										none		nasa-power-daily	yes	CC BY 4.0; 'There are no restrictions on the use, access, and/or download of data from the NASA POWER Project' (AWS Open Data Registry entry)	CC BY 4.0, no restrictions on reuse	high	medium, monthly normals per city	REJECT	low	medium	out_of_window	high	REJECTED	REJECTED on SERP validation: KD 1.5 but Reddit and Conde Nast hold the results. 24 pages are already live and can stay; this is not an expansion target.	DEMAND_UNMEASURED	0/495	
C009574	/pl/kiedy-jechac/1151254/	climate	weather.country-best-time	best-time-to-visit	1151254	1151254				1151254	pl	pl-PL							no										none		nasa-power-daily	yes	CC BY 4.0; 'There are no restrictions on the use, access, and/or download of data from the NASA POWER Project' (AWS Open Data Registry entry)	CC BY 4.0, no restrictions on reuse	high	medium, monthly normals per city	REJECT	low	medium	out_of_window	high	REJECTED	REJECTED on SERP validation: KD 1.5 but Reddit and Conde Nast hold the results. 24 pages are already live and can stay; this is not an expansion target.	DEMAND_UNMEASURED	0/495	
C009575	/pt/melhor-epoca-para-viajar/1151254/	climate	weather.country-best-time	best-time-to-visit	1151254	1151254				1151254	pt	pt-BR							no										none		nasa-power-daily	yes	CC BY 4.0; 'There are no restrictions on the use, access, and/or download of data from the NASA POWER Project' (AWS Open Data Registry entry)	CC BY 4.0, no restrictions on reuse	high	medium, monthly normals per city	REJECT	low	medium	out_of_window	high	REJECTED	REJECTED on SERP validation: KD 1.5 but Reddit and Conde Nast hold the results. 24 pages are already live and can stay; this is not an expansion target.	DEMAND_UNMEASURED	0/495	
C009576	/de/beste-reisezeit/1153671/	climate	weather.country-best-time	best-time-to-visit	1153671	1153671				1153671	de	de-DE							no										none		nasa-power-daily	yes	CC BY 4.0; 'There are no restrictions on the use, access, and/or download of data from the NASA POWER Project' (AWS Open Data Registry entry)	CC BY 4.0, no restrictions on reuse	high	medium, monthly normals per city	REJECT	low	medium	out_of_window	high	REJECTED	REJECTED on SERP validation: KD 1.5 but Reddit and Conde Nast hold the results. 24 pages are already live and can stay; this is not an expansion target.	DEMAND_UNMEASURED	0/495	
C009577	/en/best-time-to-visit/1153671/	climate	weather.country-best-time	best-time-to-visit	1153671	1153671				1153671	en	en-US							no										none		nasa-power-daily	yes	CC BY 4.0; 'There are no restrictions on the use, access, and/or download of data from the NASA POWER Project' (AWS Open Data Registry entry)	CC BY 4.0, no restrictions on reuse	high	medium, monthly normals per city	REJECT	low	medium	out_of_window	high	REJECTED	REJECTED on SERP validation: KD 1.5 but Reddit and Conde Nast hold the results. 24 pages are already live and can stay; this is not an expansion target.	DEMAND_UNMEASURED	0/495	
C009578	/es/mejor-epoca-para-viajar/1153671/	climate	weather.country-best-time	best-time-to-visit	1153671	1153671				1153671	es	es-ES							no										none		nasa-power-daily	yes	CC BY 4.0; 'There are no restrictions on the use, access, and/or download of data from the NASA POWER Project' (AWS Open Data Registry entry)	CC BY 4.0, no restrictions on reuse	high	medium, monthly normals per city	REJECT	low	medium	out_of_window	high	REJECTED	REJECTED on SERP validation: KD 1.5 but Reddit and Conde Nast hold the results. 24 pages are already live and can stay; this is not an expansion target.	DEMAND_UNMEASURED	0/495	
C009579	/fr/quand-partir/1153671/	climate	weather.country-best-time	best-time-to-visit	1153671	1153671				1153671	fr	fr-FR							no										none		nasa-power-daily	yes	CC BY 4.0; 'There are no restrictions on the use, access, and/or download of data from the NASA POWER Project' (AWS Open Data Registry entry)	CC BY 4.0, no restrictions on reuse	high	medium, monthly normals per city	REJECT	low	medium	out_of_window	high	REJECTED	REJECTED on SERP validation: KD 1.5 but Reddit and Conde Nast hold the results. 24 pages are already live and can stay; this is not an expansion target.	DEMAND_UNMEASURED	0/495	
C009580	/it/quando-andare/1153671/	climate	weather.country-best-time	best-time-to-visit	1153671	1153671				1153671	it	it-IT							no										none		nasa-power-daily	yes	CC BY 4.0; 'There are no restrictions on the use, access, and/or download of data from the NASA POWER Project' (AWS Open Data Registry entry)	CC BY 4.0, no restrictions on reuse	high	medium, monthly normals per city	REJECT	low	medium	out_of_window	high	REJECTED	REJECTED on SERP validation: KD 1.5 but Reddit and Conde Nast hold the results. 24 pages are already live and can stay; this is not an expansion target.	DEMAND_UNMEASURED	0/495	
C009581	/ja/best-season/1153671/	climate	weather.country-best-time	best-time-to-visit	1153671	1153671				1153671	ja	ja-JP							no										none		nasa-power-daily	yes	CC BY 4.0; 'There are no restrictions on the use, access, and/or download of data from the NASA POWER Project' (AWS Open Data Registry entry)	CC BY 4.0, no restrictions on reuse	high	medium, monthly normals per city	REJECT	low	medium	out_of_window	high	REJECTED	REJECTED on SERP validation: KD 1.5 but Reddit and Conde Nast hold the results. 24 pages are already live and can stay; this is not an expansion target.	DEMAND_UNMEASURED	0/495	
C009582	/nl/beste-reistijd/1153671/	climate	weather.country-best-time	best-time-to-visit	1153671	1153671				1153671	nl	nl-NL							no										none		nasa-power-daily	yes	CC BY 4.0; 'There are no restrictions on the use, access, and/or download of data from the NASA POWER Project' (AWS Open Data Registry entry)	CC BY 4.0, no restrictions on reuse	high	medium, monthly normals per city	REJECT	low	medium	out_of_window	high	REJECTED	REJECTED on SERP validation: KD 1.5 but Reddit and Conde Nast hold the results. 24 pages are already live and can stay; this is not an expansion target.	DEMAND_UNMEASURED	0/495	
C009583	/pl/kiedy-jechac/1153671/	climate	weather.country-best-time	best-time-to-visit	1153671	1153671				1153671	pl	pl-PL							no										none		nasa-power-daily	yes	CC BY 4.0; 'There are no restrictions on the use, access, and/or download of data from the NASA POWER Project' (AWS Open Data Registry entry)	CC BY 4.0, no restrictions on reuse	high	medium, monthly normals per city	REJECT	low	medium	out_of_window	high	REJECTED	REJECTED on SERP validation: KD 1.5 but Reddit and Conde Nast hold the results. 24 pages are already live and can stay; this is not an expansion target.	DEMAND_UNMEASURED	0/495	
C009584	/pt/melhor-epoca-para-viajar/1153671/	climate	weather.country-best-time	best-time-to-visit	1153671	1153671				1153671	pt	pt-BR							no										none		nasa-power-daily	yes	CC BY 4.0; 'There are no restrictions on the use, access, and/or download of data from the NASA POWER Project' (AWS Open Data Registry entry)	CC BY 4.0, no restrictions on reuse	high	medium, monthly normals per city	REJECT	low	medium	out_of_window	high	REJECTED	REJECTED on SERP validation: KD 1.5 but Reddit and Conde Nast hold the results. 24 pages are already live and can stay; this is not an expansion target.	DEMAND_UNMEASURED	0/495	
C009585	/de/beste-reisezeit/1566083/	climate	weather.country-best-time	best-time-to-visit	1566083	1566083				1566083	de	de-DE							no										none		nasa-power-daily	yes	CC BY 4.0; 'There are no restrictions on the use, access, and/or download of data from the NASA POWER Project' (AWS Open Data Registry entry)	CC BY 4.0, no restrictions on reuse	high	medium, monthly normals per city	REJECT	low	medium	out_of_window	high	REJECTED	REJECTED on SERP validation: KD 1.5 but Reddit and Conde Nast hold the results. 24 pages are already live and can stay; this is not an expansion target.	DEMAND_UNMEASURED	0/495	
C009586	/en/best-time-to-visit/1566083/	climate	weather.country-best-time	best-time-to-visit	1566083	1566083				1566083	en	en-US							no										none		nasa-power-daily	yes	CC BY 4.0; 'There are no restrictions on the use, access, and/or download of data from the NASA POWER Project' (AWS Open Data Registry entry)	CC BY 4.0, no restrictions on reuse	high	medium, monthly normals per city	REJECT	low	medium	out_of_window	high	REJECTED	REJECTED on SERP validation: KD 1.5 but Reddit and Conde Nast hold the results. 24 pages are already live and can stay; this is not an expansion target.	DEMAND_UNMEASURED	0/495	
C009587	/es/mejor-epoca-para-viajar/1566083/	climate	weather.country-best-time	best-time-to-visit	1566083	1566083				1566083	es	es-ES							no										none		nasa-power-daily	yes	CC BY 4.0; 'There are no restrictions on the use, access, and/or download of data from the NASA POWER Project' (AWS Open Data Registry entry)	CC BY 4.0, no restrictions on reuse	high	medium, monthly normals per city	REJECT	low	medium	out_of_window	high	REJECTED	REJECTED on SERP validation: KD 1.5 but Reddit and Conde Nast hold the results. 24 pages are already live and can stay; this is not an expansion target.	DEMAND_UNMEASURED	0/495	
C009588	/fr/quand-partir/1566083/	climate	weather.country-best-time	best-time-to-visit	1566083	1566083				1566083	fr	fr-FR							no										none		nasa-power-daily	yes	CC BY 4.0; 'There are no restrictions on the use, access, and/or download of data from the NASA POWER Project' (AWS Open Data Registry entry)	CC BY 4.0, no restrictions on reuse	high	medium, monthly normals per city	REJECT	low	medium	out_of_window	high	REJECTED	REJECTED on SERP validation: KD 1.5 but Reddit and Conde Nast hold the results. 24 pages are already live and can stay; this is not an expansion target.	DEMAND_UNMEASURED	0/495	
C009589	/it/quando-andare/1566083/	climate	weather.country-best-time	best-time-to-visit	1566083	1566083				1566083	it	it-IT							no										none		nasa-power-daily	yes	CC BY 4.0; 'There are no restrictions on the use, access, and/or download of data from the NASA POWER Project' (AWS Open Data Registry entry)	CC BY 4.0, no restrictions on reuse	high	medium, monthly normals per city	REJECT	low	medium	out_of_window	high	REJECTED	REJECTED on SERP validation: KD 1.5 but Reddit and Conde Nast hold the results. 24 pages are already live and can stay; this is not an expansion target.	DEMAND_UNMEASURED	0/495	
C009590	/ja/best-season/1566083/	climate	weather.country-best-time	best-time-to-visit	1566083	1566083				1566083	ja	ja-JP							no										none		nasa-power-daily	yes	CC BY 4.0; 'There are no restrictions on the use, access, and/or download of data from the NASA POWER Project' (AWS Open Data Registry entry)	CC BY 4.0, no restrictions on reuse	high	medium, monthly normals per city	REJECT	low	medium	out_of_window	high	REJECTED	REJECTED on SERP validation: KD 1.5 but Reddit and Conde Nast hold the results. 24 pages are already live and can stay; this is not an expansion target.	DEMAND_UNMEASURED	0/495	
C009591	/nl/beste-reistijd/1566083/	climate	weather.country-best-time	best-time-to-visit	1566083	1566083				1566083	nl	nl-NL							no										none		nasa-power-daily	yes	CC BY 4.0; 'There are no restrictions on the use, access, and/or download of data from the NASA POWER Project' (AWS Open Data Registry entry)	CC BY 4.0, no restrictions on reuse	high	medium, monthly normals per city	REJECT	low	medium	out_of_window	high	REJECTED	REJECTED on SERP validation: KD 1.5 but Reddit and Conde Nast hold the results. 24 pages are already live and can stay; this is not an expansion target.	DEMAND_UNMEASURED	0/495	
C009592	/pl/kiedy-jechac/1566083/	climate	weather.country-best-time	best-time-to-visit	1566083	1566083				1566083	pl	pl-PL							no										none		nasa-power-daily	yes	CC BY 4.0; 'There are no restrictions on the use, access, and/or download of data from the NASA POWER Project' (AWS Open Data Registry entry)	CC BY 4.0, no restrictions on reuse	high	medium, monthly normals per city	REJECT	low	medium	out_of_window	high	REJECTED	REJECTED on SERP validation: KD 1.5 but Reddit and Conde Nast hold the results. 24 pages are already live and can stay; this is not an expansion target.	DEMAND_UNMEASURED	0/495	
C009593	/pt/melhor-epoca-para-viajar/1566083/	climate	weather.country-best-time	best-time-to-visit	1566083	1566083				1566083	pt	pt-BR							no										none		nasa-power-daily	yes	CC BY 4.0; 'There are no restrictions on the use, access, and/or download of data from the NASA POWER Project' (AWS Open Data Registry entry)	CC BY 4.0, no restrictions on reuse	high	medium, monthly normals per city	REJECT	low	medium	out_of_window	high	REJECTED	REJECTED on SERP validation: KD 1.5 but Reddit and Conde Nast hold the results. 24 pages are already live and can stay; this is not an expansion target.	DEMAND_UNMEASURED	0/495	
C009594	/de/beste-reisezeit/1581130/	climate	weather.country-best-time	best-time-to-visit	1581130	1581130				1581130	de	de-DE							no										none		nasa-power-daily	yes	CC BY 4.0; 'There are no restrictions on the use, access, and/or download of data from the NASA POWER Project' (AWS Open Data Registry entry)	CC BY 4.0, no restrictions on reuse	high	medium, monthly normals per city	REJECT	low	medium	out_of_window	high	REJECTED	REJECTED on SERP validation: KD 1.5 but Reddit and Conde Nast hold the results. 24 pages are already live and can stay; this is not an expansion target.	DEMAND_UNMEASURED	0/495	
C009595	/en/best-time-to-visit/1581130/	climate	weather.country-best-time	best-time-to-visit	1581130	1581130				1581130	en	en-US							no										none		nasa-power-daily	yes	CC BY 4.0; 'There are no restrictions on the use, access, and/or download of data from the NASA POWER Project' (AWS Open Data Registry entry)	CC BY 4.0, no restrictions on reuse	high	medium, monthly normals per city	REJECT	low	medium	out_of_window	high	REJECTED	REJECTED on SERP validation: KD 1.5 but Reddit and Conde Nast hold the results. 24 pages are already live and can stay; this is not an expansion target.	DEMAND_UNMEASURED	0/495	
C009596	/es/mejor-epoca-para-viajar/1581130/	climate	weather.country-best-time	best-time-to-visit	1581130	1581130				1581130	es	es-ES							no										none		nasa-power-daily	yes	CC BY 4.0; 'There are no restrictions on the use, access, and/or download of data from the NASA POWER Project' (AWS Open Data Registry entry)	CC BY 4.0, no restrictions on reuse	high	medium, monthly normals per city	REJECT	low	medium	out_of_window	high	REJECTED	REJECTED on SERP validation: KD 1.5 but Reddit and Conde Nast hold the results. 24 pages are already live and can stay; this is not an expansion target.	DEMAND_UNMEASURED	0/495	
C009597	/fr/quand-partir/1581130/	climate	weather.country-best-time	best-time-to-visit	1581130	1581130				1581130	fr	fr-FR							no										none		nasa-power-daily	yes	CC BY 4.0; 'There are no restrictions on the use, access, and/or download of data from the NASA POWER Project' (AWS Open Data Registry entry)	CC BY 4.0, no restrictions on reuse	high	medium, monthly normals per city	REJECT	low	medium	out_of_window	high	REJECTED	REJECTED on SERP validation: KD 1.5 but Reddit and Conde Nast hold the results. 24 pages are already live and can stay; this is not an expansion target.	DEMAND_UNMEASURED	0/495	
C009598	/it/quando-andare/1581130/	climate	weather.country-best-time	best-time-to-visit	1581130	1581130				1581130	it	it-IT							no										none		nasa-power-daily	yes	CC BY 4.0; 'There are no restrictions on the use, access, and/or download of data from the NASA POWER Project' (AWS Open Data Registry entry)	CC BY 4.0, no restrictions on reuse	high	medium, monthly normals per city	REJECT	low	medium	out_of_window	high	REJECTED	REJECTED on SERP validation: KD 1.5 but Reddit and Conde Nast hold the results. 24 pages are already live and can stay; this is not an expansion target.	DEMAND_UNMEASURED	0/495	
C009599	/ja/best-season/1581130/	climate	weather.country-best-time	best-time-to-visit	1581130	1581130				1581130	ja	ja-JP							no										none		nasa-power-daily	yes	CC BY 4.0; 'There are no restrictions on the use, access, and/or download of data from the NASA POWER Project' (AWS Open Data Registry entry)	CC BY 4.0, no restrictions on reuse	high	medium, monthly normals per city	REJECT	low	medium	out_of_window	high	REJECTED	REJECTED on SERP validation: KD 1.5 but Reddit and Conde Nast hold the results. 24 pages are already live and can stay; this is not an expansion target.	DEMAND_UNMEASURED	0/495	
C009600	/nl/beste-reistijd/1581130/	climate	weather.country-best-time	best-time-to-visit	1581130	1581130				1581130	nl	nl-NL							no										none		nasa-power-daily	yes	CC BY 4.0; 'There are no restrictions on the use, access, and/or download of data from the NASA POWER Project' (AWS Open Data Registry entry)	CC BY 4.0, no restrictions on reuse	high	medium, monthly normals per city	REJECT	low	medium	out_of_window	high	REJECTED	REJECTED on SERP validation: KD 1.5 but Reddit and Conde Nast hold the results. 24 pages are already live and can stay; this is not an expansion target.	DEMAND_UNMEASURED	0/495	
C009601	/pl/kiedy-jechac/1581130/	climate	weather.country-best-time	best-time-to-visit	1581130	1581130				1581130	pl	pl-PL							no										none		nasa-power-daily	yes	CC BY 4.0; 'There are no restrictions on the use, access, and/or download of data from the NASA POWER Project' (AWS Open Data Registry entry)	CC BY 4.0, no restrictions on reuse	high	medium, monthly normals per city	REJECT	low	medium	out_of_window	high	REJECTED	REJECTED on SERP validation: KD 1.5 but Reddit and Conde Nast hold the results. 24 pages are already live and can stay; this is not an expansion target.	DEMAND_UNMEASURED	0/495	
C009602	/pt/melhor-epoca-para-viajar/1581130/	climate	weather.country-best-time	best-time-to-visit	1581130	1581130				1581130	pt	pt-BR							no										none		nasa-power-daily	yes	CC BY 4.0; 'There are no restrictions on the use, access, and/or download of data from the NASA POWER Project' (AWS Open Data Registry entry)	CC BY 4.0, no restrictions on reuse	high	medium, monthly normals per city	REJECT	low	medium	out_of_window	high	REJECTED	REJECTED on SERP validation: KD 1.5 but Reddit and Conde Nast hold the results. 24 pages are already live and can stay; this is not an expansion target.	DEMAND_UNMEASURED	0/495	
C009603	/de/beste-reisezeit/1583992/	climate	weather.country-best-time	best-time-to-visit	1583992	1583992				1583992	de	de-DE							no										none		nasa-power-daily	yes	CC BY 4.0; 'There are no restrictions on the use, access, and/or download of data from the NASA POWER Project' (AWS Open Data Registry entry)	CC BY 4.0, no restrictions on reuse	high	medium, monthly normals per city	REJECT	low	medium	out_of_window	high	REJECTED	REJECTED on SERP validation: KD 1.5 but Reddit and Conde Nast hold the results. 24 pages are already live and can stay; this is not an expansion target.	DEMAND_UNMEASURED	0/495	
C009604	/en/best-time-to-visit/1583992/	climate	weather.country-best-time	best-time-to-visit	1583992	1583992				1583992	en	en-US							no										none		nasa-power-daily	yes	CC BY 4.0; 'There are no restrictions on the use, access, and/or download of data from the NASA POWER Project' (AWS Open Data Registry entry)	CC BY 4.0, no restrictions on reuse	high	medium, monthly normals per city	REJECT	low	medium	out_of_window	high	REJECTED	REJECTED on SERP validation: KD 1.5 but Reddit and Conde Nast hold the results. 24 pages are already live and can stay; this is not an expansion target.	DEMAND_UNMEASURED	0/495	
C009605	/es/mejor-epoca-para-viajar/1583992/	climate	weather.country-best-time	best-time-to-visit	1583992	1583992				1583992	es	es-ES							no										none		nasa-power-daily	yes	CC BY 4.0; 'There are no restrictions on the use, access, and/or download of data from the NASA POWER Project' (AWS Open Data Registry entry)	CC BY 4.0, no restrictions on reuse	high	medium, monthly normals per city	REJECT	low	medium	out_of_window	high	REJECTED	REJECTED on SERP validation: KD 1.5 but Reddit and Conde Nast hold the results. 24 pages are already live and can stay; this is not an expansion target.	DEMAND_UNMEASURED	0/495	
C009606	/fr/quand-partir/1583992/	climate	weather.country-best-time	best-time-to-visit	1583992	1583992				1583992	fr	fr-FR							no										none		nasa-power-daily	yes	CC BY 4.0; 'There are no restrictions on the use, access, and/or download of data from the NASA POWER Project' (AWS Open Data Registry entry)	CC BY 4.0, no restrictions on reuse	high	medium, monthly normals per city	REJECT	low	medium	out_of_window	high	REJECTED	REJECTED on SERP validation: KD 1.5 but Reddit and Conde Nast hold the results. 24 pages are already live and can stay; this is not an expansion target.	DEMAND_UNMEASURED	0/495	
C009607	/it/quando-andare/1583992/	climate	weather.country-best-time	best-time-to-visit	1583992	1583992				1583992	it	it-IT							no										none		nasa-power-daily	yes	CC BY 4.0; 'There are no restrictions on the use, access, and/or download of data from the NASA POWER Project' (AWS Open Data Registry entry)	CC BY 4.0, no restrictions on reuse	high	medium, monthly normals per city	REJECT	low	medium	out_of_window	high	REJECTED	REJECTED on SERP validation: KD 1.5 but Reddit and Conde Nast hold the results. 24 pages are already live and can stay; this is not an expansion target.	DEMAND_UNMEASURED	0/495	
C009608	/ja/best-season/1583992/	climate	weather.country-best-time	best-time-to-visit	1583992	1583992				1583992	ja	ja-JP							no										none		nasa-power-daily	yes	CC BY 4.0; 'There are no restrictions on the use, access, and/or download of data from the NASA POWER Project' (AWS Open Data Registry entry)	CC BY 4.0, no restrictions on reuse	high	medium, monthly normals per city	REJECT	low	medium	out_of_window	high	REJECTED	REJECTED on SERP validation: KD 1.5 but Reddit and Conde Nast hold the results. 24 pages are already live and can stay; this is not an expansion target.	DEMAND_UNMEASURED	0/495	
C009609	/nl/beste-reistijd/1583992/	climate	weather.country-best-time	best-time-to-visit	1583992	1583992				1583992	nl	nl-NL							no										none		nasa-power-daily	yes	CC BY 4.0; 'There are no restrictions on the use, access, and/or download of data from the NASA POWER Project' (AWS Open Data Registry entry)	CC BY 4.0, no restrictions on reuse	high	medium, monthly normals per city	REJECT	low	medium	out_of_window	high	REJECTED	REJECTED on SERP validation: KD 1.5 but Reddit and Conde Nast hold the results. 24 pages are already live and can stay; this is not an expansion target.	DEMAND_UNMEASURED	0/495	
C009610	/pl/kiedy-jechac/1583992/	climate	weather.country-best-time	best-time-to-visit	1583992	1583992				1583992	pl	pl-PL							no										none		nasa-power-daily	yes	CC BY 4.0; 'There are no restrictions on the use, access, and/or download of data from the NASA POWER Project' (AWS Open Data Registry entry)	CC BY 4.0, no restrictions on reuse	high	medium, monthly normals per city	REJECT	low	medium	out_of_window	high	REJECTED	REJECTED on SERP validation: KD 1.5 but Reddit and Conde Nast hold the results. 24 pages are already live and can stay; this is not an expansion target.	DEMAND_UNMEASURED	0/495	
C009611	/pt/melhor-epoca-para-viajar/1583992/	climate	weather.country-best-time	best-time-to-visit	1583992	1583992				1583992	pt	pt-BR							no										none		nasa-power-daily	yes	CC BY 4.0; 'There are no restrictions on the use, access, and/or download of data from the NASA POWER Project' (AWS Open Data Registry entry)	CC BY 4.0, no restrictions on reuse	high	medium, monthly normals per city	REJECT	low	medium	out_of_window	high	REJECTED	REJECTED on SERP validation: KD 1.5 but Reddit and Conde Nast hold the results. 24 pages are already live and can stay; this is not an expansion target.	DEMAND_UNMEASURED	0/495	
C009612	/de/beste-reisezeit/1609350/	climate	weather.country-best-time	best-time-to-visit	1609350	1609350				1609350	de	de-DE							no										none		nasa-power-daily	yes	CC BY 4.0; 'There are no restrictions on the use, access, and/or download of data from the NASA POWER Project' (AWS Open Data Registry entry)	CC BY 4.0, no restrictions on reuse	high	medium, monthly normals per city	REJECT	low	medium	out_of_window	high	REJECTED	REJECTED on SERP validation: KD 1.5 but Reddit and Conde Nast hold the results. 24 pages are already live and can stay; this is not an expansion target.	DEMAND_UNMEASURED	0/495	
C009613	/en/best-time-to-visit/1609350/	climate	weather.country-best-time	best-time-to-visit	1609350	1609350				1609350	en	en-US							no										none		nasa-power-daily	yes	CC BY 4.0; 'There are no restrictions on the use, access, and/or download of data from the NASA POWER Project' (AWS Open Data Registry entry)	CC BY 4.0, no restrictions on reuse	high	medium, monthly normals per city	REJECT	low	medium	out_of_window	high	REJECTED	REJECTED on SERP validation: KD 1.5 but Reddit and Conde Nast hold the results. 24 pages are already live and can stay; this is not an expansion target.	DEMAND_UNMEASURED	0/495	
C009614	/es/mejor-epoca-para-viajar/1609350/	climate	weather.country-best-time	best-time-to-visit	1609350	1609350				1609350	es	es-ES							no										none		nasa-power-daily	yes	CC BY 4.0; 'There are no restrictions on the use, access, and/or download of data from the NASA POWER Project' (AWS Open Data Registry entry)	CC BY 4.0, no restrictions on reuse	high	medium, monthly normals per city	REJECT	low	medium	out_of_window	high	REJECTED	REJECTED on SERP validation: KD 1.5 but Reddit and Conde Nast hold the results. 24 pages are already live and can stay; this is not an expansion target.	DEMAND_UNMEASURED	0/495	
C009615	/fr/quand-partir/1609350/	climate	weather.country-best-time	best-time-to-visit	1609350	1609350				1609350	fr	fr-FR							no										none		nasa-power-daily	yes	CC BY 4.0; 'There are no restrictions on the use, access, and/or download of data from the NASA POWER Project' (AWS Open Data Registry entry)	CC BY 4.0, no restrictions on reuse	high	medium, monthly normals per city	REJECT	low	medium	out_of_window	high	REJECTED	REJECTED on SERP validation: KD 1.5 but Reddit and Conde Nast hold the results. 24 pages are already live and can stay; this is not an expansion target.	DEMAND_UNMEASURED	0/495	
C009616	/it/quando-andare/1609350/	climate	weather.country-best-time	best-time-to-visit	1609350	1609350				1609350	it	it-IT							no										none		nasa-power-daily	yes	CC BY 4.0; 'There are no restrictions on the use, access, and/or download of data from the NASA POWER Project' (AWS Open Data Registry entry)	CC BY 4.0, no restrictions on reuse	high	medium, monthly normals per city	REJECT	low	medium	out_of_window	high	REJECTED	REJECTED on SERP validation: KD 1.5 but Reddit and Conde Nast hold the results. 24 pages are already live and can stay; this is not an expansion target.	DEMAND_UNMEASURED	0/495	
C009617	/ja/best-season/1609350/	climate	weather.country-best-time	best-time-to-visit	1609350	1609350				1609350	ja	ja-JP							no										none		nasa-power-daily	yes	CC BY 4.0; 'There are no restrictions on the use, access, and/or download of data from the NASA POWER Project' (AWS Open Data Registry entry)	CC BY 4.0, no restrictions on reuse	high	medium, monthly normals per city	REJECT	low	medium	out_of_window	high	REJECTED	REJECTED on SERP validation: KD 1.5 but Reddit and Conde Nast hold the results. 24 pages are already live and can stay; this is not an expansion target.	DEMAND_UNMEASURED	0/495	
C009618	/nl/beste-reistijd/1609350/	climate	weather.country-best-time	best-time-to-visit	1609350	1609350				1609350	nl	nl-NL							no										none		nasa-power-daily	yes	CC BY 4.0; 'There are no restrictions on the use, access, and/or download of data from the NASA POWER Project' (AWS Open Data Registry entry)	CC BY 4.0, no restrictions on reuse	high	medium, monthly normals per city	REJECT	low	medium	out_of_window	high	REJECTED	REJECTED on SERP validation: KD 1.5 but Reddit and Conde Nast hold the results. 24 pages are already live and can stay; this is not an expansion target.	DEMAND_UNMEASURED	0/495	
C009619	/pl/kiedy-jechac/1609350/	climate	weather.country-best-time	best-time-to-visit	1609350	1609350				1609350	pl	pl-PL							no										none		nasa-power-daily	yes	CC BY 4.0; 'There are no restrictions on the use, access, and/or download of data from the NASA POWER Project' (AWS Open Data Registry entry)	CC BY 4.0, no restrictions on reuse	high	medium, monthly normals per city	REJECT	low	medium	out_of_window	high	REJECTED	REJECTED on SERP validation: KD 1.5 but Reddit and Conde Nast hold the results. 24 pages are already live and can stay; this is not an expansion target.	DEMAND_UNMEASURED	0/495	
C009620	/pt/melhor-epoca-para-viajar/1609350/	climate	weather.country-best-time	best-time-to-visit	1609350	1609350				1609350	pt	pt-BR							no										none		nasa-power-daily	yes	CC BY 4.0; 'There are no restrictions on the use, access, and/or download of data from the NASA POWER Project' (AWS Open Data Registry entry)	CC BY 4.0, no restrictions on reuse	high	medium, monthly normals per city	REJECT	low	medium	out_of_window	high	REJECTED	REJECTED on SERP validation: KD 1.5 but Reddit and Conde Nast hold the results. 24 pages are already live and can stay; this is not an expansion target.	DEMAND_UNMEASURED	0/495	
C009621	/de/beste-reisezeit/1642911/	climate	weather.country-best-time	best-time-to-visit	1642911	1642911				1642911	de	de-DE							no										none		nasa-power-daily	yes	CC BY 4.0; 'There are no restrictions on the use, access, and/or download of data from the NASA POWER Project' (AWS Open Data Registry entry)	CC BY 4.0, no restrictions on reuse	high	medium, monthly normals per city	REJECT	low	medium	out_of_window	high	REJECTED	REJECTED on SERP validation: KD 1.5 but Reddit and Conde Nast hold the results. 24 pages are already live and can stay; this is not an expansion target.	DEMAND_UNMEASURED	0/495	
C009622	/en/best-time-to-visit/1642911/	climate	weather.country-best-time	best-time-to-visit	1642911	1642911				1642911	en	en-US							no										none		nasa-power-daily	yes	CC BY 4.0; 'There are no restrictions on the use, access, and/or download of data from the NASA POWER Project' (AWS Open Data Registry entry)	CC BY 4.0, no restrictions on reuse	high	medium, monthly normals per city	REJECT	low	medium	out_of_window	high	REJECTED	REJECTED on SERP validation: KD 1.5 but Reddit and Conde Nast hold the results. 24 pages are already live and can stay; this is not an expansion target.	DEMAND_UNMEASURED	0/495	
C009623	/es/mejor-epoca-para-viajar/1642911/	climate	weather.country-best-time	best-time-to-visit	1642911	1642911				1642911	es	es-ES							no										none		nasa-power-daily	yes	CC BY 4.0; 'There are no restrictions on the use, access, and/or download of data from the NASA POWER Project' (AWS Open Data Registry entry)	CC BY 4.0, no restrictions on reuse	high	medium, monthly normals per city	REJECT	low	medium	out_of_window	high	REJECTED	REJECTED on SERP validation: KD 1.5 but Reddit and Conde Nast hold the results. 24 pages are already live and can stay; this is not an expansion target.	DEMAND_UNMEASURED	0/495	
C009624	/fr/quand-partir/1642911/	climate	weather.country-best-time	best-time-to-visit	1642911	1642911				1642911	fr	fr-FR							no										none		nasa-power-daily	yes	CC BY 4.0; 'There are no restrictions on the use, access, and/or download of data from the NASA POWER Project' (AWS Open Data Registry entry)	CC BY 4.0, no restrictions on reuse	high	medium, monthly normals per city	REJECT	low	medium	out_of_window	high	REJECTED	REJECTED on SERP validation: KD 1.5 but Reddit and Conde Nast hold the results. 24 pages are already live and can stay; this is not an expansion target.	DEMAND_UNMEASURED	0/495	
C009625	/it/quando-andare/1642911/	climate	weather.country-best-time	best-time-to-visit	1642911	1642911				1642911	it	it-IT							no										none		nasa-power-daily	yes	CC BY 4.0; 'There are no restrictions on the use, access, and/or download of data from the NASA POWER Project' (AWS Open Data Registry entry)	CC BY 4.0, no restrictions on reuse	high	medium, monthly normals per city	REJECT	low	medium	out_of_window	high	REJECTED	REJECTED on SERP validation: KD 1.5 but Reddit and Conde Nast hold the results. 24 pages are already live and can stay; this is not an expansion target.	DEMAND_UNMEASURED	0/495	
C009626	/ja/best-season/1642911/	climate	weather.country-best-time	best-time-to-visit	1642911	1642911				1642911	ja	ja-JP							no										none		nasa-power-daily	yes	CC BY 4.0; 'There are no restrictions on the use, access, and/or download of data from the NASA POWER Project' (AWS Open Data Registry entry)	CC BY 4.0, no restrictions on reuse	high	medium, monthly normals per city	REJECT	low	medium	out_of_window	high	REJECTED	REJECTED on SERP validation: KD 1.5 but Reddit and Conde Nast hold the results. 24 pages are already live and can stay; this is not an expansion target.	DEMAND_UNMEASURED	0/495	
C009627	/nl/beste-reistijd/1642911/	climate	weather.country-best-time	best-time-to-visit	1642911	1642911				1642911	nl	nl-NL							no										none		nasa-power-daily	yes	CC BY 4.0; 'There are no restrictions on the use, access, and/or download of data from the NASA POWER Project' (AWS Open Data Registry entry)	CC BY 4.0, no restrictions on reuse	high	medium, monthly normals per city	REJECT	low	medium	out_of_window	high	REJECTED	REJECTED on SERP validation: KD 1.5 but Reddit and Conde Nast hold the results. 24 pages are already live and can stay; this is not an expansion target.	DEMAND_UNMEASURED	0/495	
C009628	/pl/kiedy-jechac/1642911/	climate	weather.country-best-time	best-time-to-visit	1642911	1642911				1642911	pl	pl-PL							no										none		nasa-power-daily	yes	CC BY 4.0; 'There are no restrictions on the use, access, and/or download of data from the NASA POWER Project' (AWS Open Data Registry entry)	CC BY 4.0, no restrictions on reuse	high	medium, monthly normals per city	REJECT	low	medium	out_of_window	high	REJECTED	REJECTED on SERP validation: KD 1.5 but Reddit and Conde Nast hold the results. 24 pages are already live and can stay; this is not an expansion target.	DEMAND_UNMEASURED	0/495	
C009629	/pt/melhor-epoca-para-viajar/1642911/	climate	weather.country-best-time	best-time-to-visit	1642911	1642911				1642911	pt	pt-BR							no										none		nasa-power-daily	yes	CC BY 4.0; 'There are no restrictions on the use, access, and/or download of data from the NASA POWER Project' (AWS Open Data Registry entry)	CC BY 4.0, no restrictions on reuse	high	medium, monthly normals per city	REJECT	low	medium	out_of_window	high	REJECTED	REJECTED on SERP validation: KD 1.5 but Reddit and Conde Nast hold the results. 24 pages are already live and can stay; this is not an expansion target.	DEMAND_UNMEASURED	0/495	
C009630	/de/beste-reisezeit/1645528/	climate	weather.country-best-time	best-time-to-visit	1645528	1645528				1645528	de	de-DE							no										none		nasa-power-daily	yes	CC BY 4.0; 'There are no restrictions on the use, access, and/or download of data from the NASA POWER Project' (AWS Open Data Registry entry)	CC BY 4.0, no restrictions on reuse	high	medium, monthly normals per city	REJECT	low	medium	out_of_window	high	REJECTED	REJECTED on SERP validation: KD 1.5 but Reddit and Conde Nast hold the results. 24 pages are already live and can stay; this is not an expansion target.	DEMAND_UNMEASURED	0/495	
C009631	/en/best-time-to-visit/1645528/	climate	weather.country-best-time	best-time-to-visit	1645528	1645528				1645528	en	en-US							no										none		nasa-power-daily	yes	CC BY 4.0; 'There are no restrictions on the use, access, and/or download of data from the NASA POWER Project' (AWS Open Data Registry entry)	CC BY 4.0, no restrictions on reuse	high	medium, monthly normals per city	REJECT	low	medium	out_of_window	high	REJECTED	REJECTED on SERP validation: KD 1.5 but Reddit and Conde Nast hold the results. 24 pages are already live and can stay; this is not an expansion target.	DEMAND_UNMEASURED	0/495	
C009632	/es/mejor-epoca-para-viajar/1645528/	climate	weather.country-best-time	best-time-to-visit	1645528	1645528				1645528	es	es-ES							no										none		nasa-power-daily	yes	CC BY 4.0; 'There are no restrictions on the use, access, and/or download of data from the NASA POWER Project' (AWS Open Data Registry entry)	CC BY 4.0, no restrictions on reuse	high	medium, monthly normals per city	REJECT	low	medium	out_of_window	high	REJECTED	REJECTED on SERP validation: KD 1.5 but Reddit and Conde Nast hold the results. 24 pages are already live and can stay; this is not an expansion target.	DEMAND_UNMEASURED	0/495	
C009633	/fr/quand-partir/1645528/	climate	weather.country-best-time	best-time-to-visit	1645528	1645528				1645528	fr	fr-FR							no										none		nasa-power-daily	yes	CC BY 4.0; 'There are no restrictions on the use, access, and/or download of data from the NASA POWER Project' (AWS Open Data Registry entry)	CC BY 4.0, no restrictions on reuse	high	medium, monthly normals per city	REJECT	low	medium	out_of_window	high	REJECTED	REJECTED on SERP validation: KD 1.5 but Reddit and Conde Nast hold the results. 24 pages are already live and can stay; this is not an expansion target.	DEMAND_UNMEASURED	0/495	
C009634	/it/quando-andare/1645528/	climate	weather.country-best-time	best-time-to-visit	1645528	1645528				1645528	it	it-IT							no										none		nasa-power-daily	yes	CC BY 4.0; 'There are no restrictions on the use, access, and/or download of data from the NASA POWER Project' (AWS Open Data Registry entry)	CC BY 4.0, no restrictions on reuse	high	medium, monthly normals per city	REJECT	low	medium	out_of_window	high	REJECTED	REJECTED on SERP validation: KD 1.5 but Reddit and Conde Nast hold the results. 24 pages are already live and can stay; this is not an expansion target.	DEMAND_UNMEASURED	0/495	
C009635	/ja/best-season/1645528/	climate	weather.country-best-time	best-time-to-visit	1645528	1645528				1645528	ja	ja-JP							no										none		nasa-power-daily	yes	CC BY 4.0; 'There are no restrictions on the use, access, and/or download of data from the NASA POWER Project' (AWS Open Data Registry entry)	CC BY 4.0, no restrictions on reuse	high	medium, monthly normals per city	REJECT	low	medium	out_of_window	high	REJECTED	REJECTED on SERP validation: KD 1.5 but Reddit and Conde Nast hold the results. 24 pages are already live and can stay; this is not an expansion target.	DEMAND_UNMEASURED	0/495	
C009636	/nl/beste-reistijd/1645528/	climate	weather.country-best-time	best-time-to-visit	1645528	1645528				1645528	nl	nl-NL							no										none		nasa-power-daily	yes	CC BY 4.0; 'There are no restrictions on the use, access, and/or download of data from the NASA POWER Project' (AWS Open Data Registry entry)	CC BY 4.0, no restrictions on reuse	high	medium, monthly normals per city	REJECT	low	medium	out_of_window	high	REJECTED	REJECTED on SERP validation: KD 1.5 but Reddit and Conde Nast hold the results. 24 pages are already live and can stay; this is not an expansion target.	DEMAND_UNMEASURED	0/495	
C009637	/pl/kiedy-jechac/1645528/	climate	weather.country-best-time	best-time-to-visit	1645528	1645528				1645528	pl	pl-PL							no										none		nasa-power-daily	yes	CC BY 4.0; 'There are no restrictions on the use, access, and/or download of data from the NASA POWER Project' (AWS Open Data Registry entry)	CC BY 4.0, no restrictions on reuse	high	medium, monthly normals per city	REJECT	low	medium	out_of_window	high	REJECTED	REJECTED on SERP validation: KD 1.5 but Reddit and Conde Nast hold the results. 24 pages are already live and can stay; this is not an expansion target.	DEMAND_UNMEASURED	0/495	
C009638	/pt/melhor-epoca-para-viajar/1645528/	climate	weather.country-best-time	best-time-to-visit	1645528	1645528				1645528	pt	pt-BR							no										none		nasa-power-daily	yes	CC BY 4.0; 'There are no restrictions on the use, access, and/or download of data from the NASA POWER Project' (AWS Open Data Registry entry)	CC BY 4.0, no restrictions on reuse	high	medium, monthly normals per city	REJECT	low	medium	out_of_window	high	REJECTED	REJECTED on SERP validation: KD 1.5 but Reddit and Conde Nast hold the results. 24 pages are already live and can stay; this is not an expansion target.	DEMAND_UNMEASURED	0/495	
C009639	/de/beste-reisezeit/1850147/	climate	weather.country-best-time	best-time-to-visit	1850147	1850147				1850147	de	de-DE							no										none		nasa-power-daily	yes	CC BY 4.0; 'There are no restrictions on the use, access, and/or download of data from the NASA POWER Project' (AWS Open Data Registry entry)	CC BY 4.0, no restrictions on reuse	high	medium, monthly normals per city	REJECT	low	medium	out_of_window	high	REJECTED	REJECTED on SERP validation: KD 1.5 but Reddit and Conde Nast hold the results. 24 pages are already live and can stay; this is not an expansion target.	DEMAND_UNMEASURED	0/495	
C009640	/en/best-time-to-visit/1850147/	climate	weather.country-best-time	best-time-to-visit	1850147	1850147				1850147	en	en-US							no										none		nasa-power-daily	yes	CC BY 4.0; 'There are no restrictions on the use, access, and/or download of data from the NASA POWER Project' (AWS Open Data Registry entry)	CC BY 4.0, no restrictions on reuse	high	medium, monthly normals per city	REJECT	low	medium	out_of_window	high	REJECTED	REJECTED on SERP validation: KD 1.5 but Reddit and Conde Nast hold the results. 24 pages are already live and can stay; this is not an expansion target.	DEMAND_UNMEASURED	0/495	
C009641	/es/mejor-epoca-para-viajar/1850147/	climate	weather.country-best-time	best-time-to-visit	1850147	1850147				1850147	es	es-ES							no										none		nasa-power-daily	yes	CC BY 4.0; 'There are no restrictions on the use, access, and/or download of data from the NASA POWER Project' (AWS Open Data Registry entry)	CC BY 4.0, no restrictions on reuse	high	medium, monthly normals per city	REJECT	low	medium	out_of_window	high	REJECTED	REJECTED on SERP validation: KD 1.5 but Reddit and Conde Nast hold the results. 24 pages are already live and can stay; this is not an expansion target.	DEMAND_UNMEASURED	0/495	
C009642	/fr/quand-partir/1850147/	climate	weather.country-best-time	best-time-to-visit	1850147	1850147				1850147	fr	fr-FR							no										none		nasa-power-daily	yes	CC BY 4.0; 'There are no restrictions on the use, access, and/or download of data from the NASA POWER Project' (AWS Open Data Registry entry)	CC BY 4.0, no restrictions on reuse	high	medium, monthly normals per city	REJECT	low	medium	out_of_window	high	REJECTED	REJECTED on SERP validation: KD 1.5 but Reddit and Conde Nast hold the results. 24 pages are already live and can stay; this is not an expansion target.	DEMAND_UNMEASURED	0/495	
C009643	/it/quando-andare/1850147/	climate	weather.country-best-time	best-time-to-visit	1850147	1850147				1850147	it	it-IT							no										none		nasa-power-daily	yes	CC BY 4.0; 'There are no restrictions on the use, access, and/or download of data from the NASA POWER Project' (AWS Open Data Registry entry)	CC BY 4.0, no restrictions on reuse	high	medium, monthly normals per city	REJECT	low	medium	out_of_window	high	REJECTED	REJECTED on SERP validation: KD 1.5 but Reddit and Conde Nast hold the results. 24 pages are already live and can stay; this is not an expansion target.	DEMAND_UNMEASURED	0/495	
C009644	/ja/best-season/1850147/	climate	weather.country-best-time	best-time-to-visit	1850147	1850147				1850147	ja	ja-JP							no										none		nasa-power-daily	yes	CC BY 4.0; 'There are no restrictions on the use, access, and/or download of data from the NASA POWER Project' (AWS Open Data Registry entry)	CC BY 4.0, no restrictions on reuse	high	medium, monthly normals per city	REJECT	low	medium	out_of_window	high	REJECTED	REJECTED on SERP validation: KD 1.5 but Reddit and Conde Nast hold the results. 24 pages are already live and can stay; this is not an expansion target.	DEMAND_UNMEASURED	0/495	
C009645	/nl/beste-reistijd/1850147/	climate	weather.country-best-time	best-time-to-visit	1850147	1850147				1850147	nl	nl-NL							no										none		nasa-power-daily	yes	CC BY 4.0; 'There are no restrictions on the use, access, and/or download of data from the NASA POWER Project' (AWS Open Data Registry entry)	CC BY 4.0, no restrictions on reuse	high	medium, monthly normals per city	REJECT	low	medium	out_of_window	high	REJECTED	REJECTED on SERP validation: KD 1.5 but Reddit and Conde Nast hold the results. 24 pages are already live and can stay; this is not an expansion target.	DEMAND_UNMEASURED	0/495	
C009646	/pl/kiedy-jechac/1850147/	climate	weather.country-best-time	best-time-to-visit	1850147	1850147				1850147	pl	pl-PL							no										none		nasa-power-daily	yes	CC BY 4.0; 'There are no restrictions on the use, access, and/or download of data from the NASA POWER Project' (AWS Open Data Registry entry)	CC BY 4.0, no restrictions on reuse	high	medium, monthly normals per city	REJECT	low	medium	out_of_window	high	REJECTED	REJECTED on SERP validation: KD 1.5 but Reddit and Conde Nast hold the results. 24 pages are already live and can stay; this is not an expansion target.	DEMAND_UNMEASURED	0/495	
C009647	/pt/melhor-epoca-para-viajar/1850147/	climate	weather.country-best-time	best-time-to-visit	1850147	1850147				1850147	pt	pt-BR							no										none		nasa-power-daily	yes	CC BY 4.0; 'There are no restrictions on the use, access, and/or download of data from the NASA POWER Project' (AWS Open Data Registry entry)	CC BY 4.0, no restrictions on reuse	high	medium, monthly normals per city	REJECT	low	medium	out_of_window	high	REJECTED	REJECTED on SERP validation: KD 1.5 but Reddit and Conde Nast hold the results. 24 pages are already live and can stay; this is not an expansion target.	DEMAND_UNMEASURED	0/495	
C009648	/de/beste-reisezeit/1853909/	climate	weather.country-best-time	best-time-to-visit	1853909	1853909				1853909	de	de-DE							no										none		nasa-power-daily	yes	CC BY 4.0; 'There are no restrictions on the use, access, and/or download of data from the NASA POWER Project' (AWS Open Data Registry entry)	CC BY 4.0, no restrictions on reuse	high	medium, monthly normals per city	REJECT	low	medium	out_of_window	high	REJECTED	REJECTED on SERP validation: KD 1.5 but Reddit and Conde Nast hold the results. 24 pages are already live and can stay; this is not an expansion target.	DEMAND_UNMEASURED	0/495	
C009649	/en/best-time-to-visit/1853909/	climate	weather.country-best-time	best-time-to-visit	1853909	1853909				1853909	en	en-US							no										none		nasa-power-daily	yes	CC BY 4.0; 'There are no restrictions on the use, access, and/or download of data from the NASA POWER Project' (AWS Open Data Registry entry)	CC BY 4.0, no restrictions on reuse	high	medium, monthly normals per city	REJECT	low	medium	out_of_window	high	REJECTED	REJECTED on SERP validation: KD 1.5 but Reddit and Conde Nast hold the results. 24 pages are already live and can stay; this is not an expansion target.	DEMAND_UNMEASURED	0/495	
C009650	/es/mejor-epoca-para-viajar/1853909/	climate	weather.country-best-time	best-time-to-visit	1853909	1853909				1853909	es	es-ES							no										none		nasa-power-daily	yes	CC BY 4.0; 'There are no restrictions on the use, access, and/or download of data from the NASA POWER Project' (AWS Open Data Registry entry)	CC BY 4.0, no restrictions on reuse	high	medium, monthly normals per city	REJECT	low	medium	out_of_window	high	REJECTED	REJECTED on SERP validation: KD 1.5 but Reddit and Conde Nast hold the results. 24 pages are already live and can stay; this is not an expansion target.	DEMAND_UNMEASURED	0/495	
C009651	/fr/quand-partir/1853909/	climate	weather.country-best-time	best-time-to-visit	1853909	1853909				1853909	fr	fr-FR							no										none		nasa-power-daily	yes	CC BY 4.0; 'There are no restrictions on the use, access, and/or download of data from the NASA POWER Project' (AWS Open Data Registry entry)	CC BY 4.0, no restrictions on reuse	high	medium, monthly normals per city	REJECT	low	medium	out_of_window	high	REJECTED	REJECTED on SERP validation: KD 1.5 but Reddit and Conde Nast hold the results. 24 pages are already live and can stay; this is not an expansion target.	DEMAND_UNMEASURED	0/495	
C009652	/it/quando-andare/1853909/	climate	weather.country-best-time	best-time-to-visit	1853909	1853909				1853909	it	it-IT							no										none		nasa-power-daily	yes	CC BY 4.0; 'There are no restrictions on the use, access, and/or download of data from the NASA POWER Project' (AWS Open Data Registry entry)	CC BY 4.0, no restrictions on reuse	high	medium, monthly normals per city	REJECT	low	medium	out_of_window	high	REJECTED	REJECTED on SERP validation: KD 1.5 but Reddit and Conde Nast hold the results. 24 pages are already live and can stay; this is not an expansion target.	DEMAND_UNMEASURED	0/495	
C009653	/ja/best-season/1853909/	climate	weather.country-best-time	best-time-to-visit	1853909	1853909				1853909	ja	ja-JP							no										none		nasa-power-daily	yes	CC BY 4.0; 'There are no restrictions on the use, access, and/or download of data from the NASA POWER Project' (AWS Open Data Registry entry)	CC BY 4.0, no restrictions on reuse	high	medium, monthly normals per city	REJECT	low	medium	out_of_window	high	REJECTED	REJECTED on SERP validation: KD 1.5 but Reddit and Conde Nast hold the results. 24 pages are already live and can stay; this is not an expansion target.	DEMAND_UNMEASURED	0/495	
C009654	/nl/beste-reistijd/1853909/	climate	weather.country-best-time	best-time-to-visit	1853909	1853909				1853909	nl	nl-NL							no										none		nasa-power-daily	yes	CC BY 4.0; 'There are no restrictions on the use, access, and/or download of data from the NASA POWER Project' (AWS Open Data Registry entry)	CC BY 4.0, no restrictions on reuse	high	medium, monthly normals per city	REJECT	low	medium	out_of_window	high	REJECTED	REJECTED on SERP validation: KD 1.5 but Reddit and Conde Nast hold the results. 24 pages are already live and can stay; this is not an expansion target.	DEMAND_UNMEASURED	0/495	
C009655	/pl/kiedy-jechac/1853909/	climate	weather.country-best-time	best-time-to-visit	1853909	1853909				1853909	pl	pl-PL							no										none		nasa-power-daily	yes	CC BY 4.0; 'There are no restrictions on the use, access, and/or download of data from the NASA POWER Project' (AWS Open Data Registry entry)	CC BY 4.0, no restrictions on reuse	high	medium, monthly normals per city	REJECT	low	medium	out_of_window	high	REJECTED	REJECTED on SERP validation: KD 1.5 but Reddit and Conde Nast hold the results. 24 pages are already live and can stay; this is not an expansion target.	DEMAND_UNMEASURED	0/495	
C009656	/pt/melhor-epoca-para-viajar/1853909/	climate	weather.country-best-time	best-time-to-visit	1853909	1853909				1853909	pt	pt-BR							no										none		nasa-power-daily	yes	CC BY 4.0; 'There are no restrictions on the use, access, and/or download of data from the NASA POWER Project' (AWS Open Data Registry entry)	CC BY 4.0, no restrictions on reuse	high	medium, monthly normals per city	REJECT	low	medium	out_of_window	high	REJECTED	REJECTED on SERP validation: KD 1.5 but Reddit and Conde Nast hold the results. 24 pages are already live and can stay; this is not an expansion target.	DEMAND_UNMEASURED	0/495	
C009657	/de/beste-reisezeit/1856035/	climate	weather.country-best-time	best-time-to-visit	1856035	1856035				1856035	de	de-DE							no										none		nasa-power-daily	yes	CC BY 4.0; 'There are no restrictions on the use, access, and/or download of data from the NASA POWER Project' (AWS Open Data Registry entry)	CC BY 4.0, no restrictions on reuse	high	medium, monthly normals per city	REJECT	low	medium	out_of_window	high	REJECTED	REJECTED on SERP validation: KD 1.5 but Reddit and Conde Nast hold the results. 24 pages are already live and can stay; this is not an expansion target.	DEMAND_UNMEASURED	0/495	
C009658	/en/best-time-to-visit/1856035/	climate	weather.country-best-time	best-time-to-visit	1856035	1856035				1856035	en	en-US							no										none		nasa-power-daily	yes	CC BY 4.0; 'There are no restrictions on the use, access, and/or download of data from the NASA POWER Project' (AWS Open Data Registry entry)	CC BY 4.0, no restrictions on reuse	high	medium, monthly normals per city	REJECT	low	medium	out_of_window	high	REJECTED	REJECTED on SERP validation: KD 1.5 but Reddit and Conde Nast hold the results. 24 pages are already live and can stay; this is not an expansion target.	DEMAND_UNMEASURED	0/495	
C009659	/es/mejor-epoca-para-viajar/1856035/	climate	weather.country-best-time	best-time-to-visit	1856035	1856035				1856035	es	es-ES							no										none		nasa-power-daily	yes	CC BY 4.0; 'There are no restrictions on the use, access, and/or download of data from the NASA POWER Project' (AWS Open Data Registry entry)	CC BY 4.0, no restrictions on reuse	high	medium, monthly normals per city	REJECT	low	medium	out_of_window	high	REJECTED	REJECTED on SERP validation: KD 1.5 but Reddit and Conde Nast hold the results. 24 pages are already live and can stay; this is not an expansion target.	DEMAND_UNMEASURED	0/495	
C009660	/fr/quand-partir/1856035/	climate	weather.country-best-time	best-time-to-visit	1856035	1856035				1856035	fr	fr-FR							no										none		nasa-power-daily	yes	CC BY 4.0; 'There are no restrictions on the use, access, and/or download of data from the NASA POWER Project' (AWS Open Data Registry entry)	CC BY 4.0, no restrictions on reuse	high	medium, monthly normals per city	REJECT	low	medium	out_of_window	high	REJECTED	REJECTED on SERP validation: KD 1.5 but Reddit and Conde Nast hold the results. 24 pages are already live and can stay; this is not an expansion target.	DEMAND_UNMEASURED	0/495	
C009661	/it/quando-andare/1856035/	climate	weather.country-best-time	best-time-to-visit	1856035	1856035				1856035	it	it-IT							no										none		nasa-power-daily	yes	CC BY 4.0; 'There are no restrictions on the use, access, and/or download of data from the NASA POWER Project' (AWS Open Data Registry entry)	CC BY 4.0, no restrictions on reuse	high	medium, monthly normals per city	REJECT	low	medium	out_of_window	high	REJECTED	REJECTED on SERP validation: KD 1.5 but Reddit and Conde Nast hold the results. 24 pages are already live and can stay; this is not an expansion target.	DEMAND_UNMEASURED	0/495	
C009662	/ja/best-season/1856035/	climate	weather.country-best-time	best-time-to-visit	1856035	1856035				1856035	ja	ja-JP							no										none		nasa-power-daily	yes	CC BY 4.0; 'There are no restrictions on the use, access, and/or download of data from the NASA POWER Project' (AWS Open Data Registry entry)	CC BY 4.0, no restrictions on reuse	high	medium, monthly normals per city	REJECT	low	medium	out_of_window	high	REJECTED	REJECTED on SERP validation: KD 1.5 but Reddit and Conde Nast hold the results. 24 pages are already live and can stay; this is not an expansion target.	DEMAND_UNMEASURED	0/495	
C009663	/nl/beste-reistijd/1856035/	climate	weather.country-best-time	best-time-to-visit	1856035	1856035				1856035	nl	nl-NL							no										none		nasa-power-daily	yes	CC BY 4.0; 'There are no restrictions on the use, access, and/or download of data from the NASA POWER Project' (AWS Open Data Registry entry)	CC BY 4.0, no restrictions on reuse	high	medium, monthly normals per city	REJECT	low	medium	out_of_window	high	REJECTED	REJECTED on SERP validation: KD 1.5 but Reddit and Conde Nast hold the results. 24 pages are already live and can stay; this is not an expansion target.	DEMAND_UNMEASURED	0/495	
C009664	/pl/kiedy-jechac/1856035/	climate	weather.country-best-time	best-time-to-visit	1856035	1856035				1856035	pl	pl-PL							no										none		nasa-power-daily	yes	CC BY 4.0; 'There are no restrictions on the use, access, and/or download of data from the NASA POWER Project' (AWS Open Data Registry entry)	CC BY 4.0, no restrictions on reuse	high	medium, monthly normals per city	REJECT	low	medium	out_of_window	high	REJECTED	REJECTED on SERP validation: KD 1.5 but Reddit and Conde Nast hold the results. 24 pages are already live and can stay; this is not an expansion target.	DEMAND_UNMEASURED	0/495	
C009665	/pt/melhor-epoca-para-viajar/1856035/	climate	weather.country-best-time	best-time-to-visit	1856035	1856035				1856035	pt	pt-BR							no										none		nasa-power-daily	yes	CC BY 4.0; 'There are no restrictions on the use, access, and/or download of data from the NASA POWER Project' (AWS Open Data Registry entry)	CC BY 4.0, no restrictions on reuse	high	medium, monthly normals per city	REJECT	low	medium	out_of_window	high	REJECTED	REJECTED on SERP validation: KD 1.5 but Reddit and Conde Nast hold the results. 24 pages are already live and can stay; this is not an expansion target.	DEMAND_UNMEASURED	0/495	
C009666	/de/beste-reisezeit/2128295/	climate	weather.country-best-time	best-time-to-visit	2128295	2128295				2128295	de	de-DE							no										none		nasa-power-daily	yes	CC BY 4.0; 'There are no restrictions on the use, access, and/or download of data from the NASA POWER Project' (AWS Open Data Registry entry)	CC BY 4.0, no restrictions on reuse	high	medium, monthly normals per city	REJECT	low	medium	out_of_window	high	REJECTED	REJECTED on SERP validation: KD 1.5 but Reddit and Conde Nast hold the results. 24 pages are already live and can stay; this is not an expansion target.	DEMAND_UNMEASURED	0/495	
C009667	/en/best-time-to-visit/2128295/	climate	weather.country-best-time	best-time-to-visit	2128295	2128295				2128295	en	en-US							no										none		nasa-power-daily	yes	CC BY 4.0; 'There are no restrictions on the use, access, and/or download of data from the NASA POWER Project' (AWS Open Data Registry entry)	CC BY 4.0, no restrictions on reuse	high	medium, monthly normals per city	REJECT	low	medium	out_of_window	high	REJECTED	REJECTED on SERP validation: KD 1.5 but Reddit and Conde Nast hold the results. 24 pages are already live and can stay; this is not an expansion target.	DEMAND_UNMEASURED	0/495	
C009668	/es/mejor-epoca-para-viajar/2128295/	climate	weather.country-best-time	best-time-to-visit	2128295	2128295				2128295	es	es-ES							no										none		nasa-power-daily	yes	CC BY 4.0; 'There are no restrictions on the use, access, and/or download of data from the NASA POWER Project' (AWS Open Data Registry entry)	CC BY 4.0, no restrictions on reuse	high	medium, monthly normals per city	REJECT	low	medium	out_of_window	high	REJECTED	REJECTED on SERP validation: KD 1.5 but Reddit and Conde Nast hold the results. 24 pages are already live and can stay; this is not an expansion target.	DEMAND_UNMEASURED	0/495	
C009669	/fr/quand-partir/2128295/	climate	weather.country-best-time	best-time-to-visit	2128295	2128295				2128295	fr	fr-FR							no										none		nasa-power-daily	yes	CC BY 4.0; 'There are no restrictions on the use, access, and/or download of data from the NASA POWER Project' (AWS Open Data Registry entry)	CC BY 4.0, no restrictions on reuse	high	medium, monthly normals per city	REJECT	low	medium	out_of_window	high	REJECTED	REJECTED on SERP validation: KD 1.5 but Reddit and Conde Nast hold the results. 24 pages are already live and can stay; this is not an expansion target.	DEMAND_UNMEASURED	0/495	
C009670	/it/quando-andare/2128295/	climate	weather.country-best-time	best-time-to-visit	2128295	2128295				2128295	it	it-IT							no										none		nasa-power-daily	yes	CC BY 4.0; 'There are no restrictions on the use, access, and/or download of data from the NASA POWER Project' (AWS Open Data Registry entry)	CC BY 4.0, no restrictions on reuse	high	medium, monthly normals per city	REJECT	low	medium	out_of_window	high	REJECTED	REJECTED on SERP validation: KD 1.5 but Reddit and Conde Nast hold the results. 24 pages are already live and can stay; this is not an expansion target.	DEMAND_UNMEASURED	0/495	
C009671	/ja/best-season/2128295/	climate	weather.country-best-time	best-time-to-visit	2128295	2128295				2128295	ja	ja-JP							no										none		nasa-power-daily	yes	CC BY 4.0; 'There are no restrictions on the use, access, and/or download of data from the NASA POWER Project' (AWS Open Data Registry entry)	CC BY 4.0, no restrictions on reuse	high	medium, monthly normals per city	REJECT	low	medium	out_of_window	high	REJECTED	REJECTED on SERP validation: KD 1.5 but Reddit and Conde Nast hold the results. 24 pages are already live and can stay; this is not an expansion target.	DEMAND_UNMEASURED	0/495	
C009672	/nl/beste-reistijd/2128295/	climate	weather.country-best-time	best-time-to-visit	2128295	2128295				2128295	nl	nl-NL							no										none		nasa-power-daily	yes	CC BY 4.0; 'There are no restrictions on the use, access, and/or download of data from the NASA POWER Project' (AWS Open Data Registry entry)	CC BY 4.0, no restrictions on reuse	high	medium, monthly normals per city	REJECT	low	medium	out_of_window	high	REJECTED	REJECTED on SERP validation: KD 1.5 but Reddit and Conde Nast hold the results. 24 pages are already live and can stay; this is not an expansion target.	DEMAND_UNMEASURED	0/495	
C009673	/pl/kiedy-jechac/2128295/	climate	weather.country-best-time	best-time-to-visit	2128295	2128295				2128295	pl	pl-PL							no										none		nasa-power-daily	yes	CC BY 4.0; 'There are no restrictions on the use, access, and/or download of data from the NASA POWER Project' (AWS Open Data Registry entry)	CC BY 4.0, no restrictions on reuse	high	medium, monthly normals per city	REJECT	low	medium	out_of_window	high	REJECTED	REJECTED on SERP validation: KD 1.5 but Reddit and Conde Nast hold the results. 24 pages are already live and can stay; this is not an expansion target.	DEMAND_UNMEASURED	0/495	
C009674	/pt/melhor-epoca-para-viajar/2128295/	climate	weather.country-best-time	best-time-to-visit	2128295	2128295				2128295	pt	pt-BR							no										none		nasa-power-daily	yes	CC BY 4.0; 'There are no restrictions on the use, access, and/or download of data from the NASA POWER Project' (AWS Open Data Registry entry)	CC BY 4.0, no restrictions on reuse	high	medium, monthly normals per city	REJECT	low	medium	out_of_window	high	REJECTED	REJECTED on SERP validation: KD 1.5 but Reddit and Conde Nast hold the results. 24 pages are already live and can stay; this is not an expansion target.	DEMAND_UNMEASURED	0/495	
C009675	/de/beste-reisezeit/2267057/	climate	weather.country-best-time	best-time-to-visit	2267057	2267057				2267057	de	de-DE							no										none		nasa-power-daily	yes	CC BY 4.0; 'There are no restrictions on the use, access, and/or download of data from the NASA POWER Project' (AWS Open Data Registry entry)	CC BY 4.0, no restrictions on reuse	high	medium, monthly normals per city	REJECT	low	medium	out_of_window	high	REJECTED	REJECTED on SERP validation: KD 1.5 but Reddit and Conde Nast hold the results. 24 pages are already live and can stay; this is not an expansion target.	DEMAND_UNMEASURED	0/495	
C009676	/en/best-time-to-visit/2267057/	climate	weather.country-best-time	best-time-to-visit	2267057	2267057				2267057	en	en-US							no										none		nasa-power-daily	yes	CC BY 4.0; 'There are no restrictions on the use, access, and/or download of data from the NASA POWER Project' (AWS Open Data Registry entry)	CC BY 4.0, no restrictions on reuse	high	medium, monthly normals per city	REJECT	low	medium	out_of_window	high	REJECTED	REJECTED on SERP validation: KD 1.5 but Reddit and Conde Nast hold the results. 24 pages are already live and can stay; this is not an expansion target.	DEMAND_UNMEASURED	0/495	
C009677	/es/mejor-epoca-para-viajar/2267057/	climate	weather.country-best-time	best-time-to-visit	2267057	2267057				2267057	es	es-ES							no										none		nasa-power-daily	yes	CC BY 4.0; 'There are no restrictions on the use, access, and/or download of data from the NASA POWER Project' (AWS Open Data Registry entry)	CC BY 4.0, no restrictions on reuse	high	medium, monthly normals per city	REJECT	low	medium	out_of_window	high	REJECTED	REJECTED on SERP validation: KD 1.5 but Reddit and Conde Nast hold the results. 24 pages are already live and can stay; this is not an expansion target.	DEMAND_UNMEASURED	0/495	
C009678	/fr/quand-partir/2267057/	climate	weather.country-best-time	best-time-to-visit	2267057	2267057				2267057	fr	fr-FR							no										none		nasa-power-daily	yes	CC BY 4.0; 'There are no restrictions on the use, access, and/or download of data from the NASA POWER Project' (AWS Open Data Registry entry)	CC BY 4.0, no restrictions on reuse	high	medium, monthly normals per city	REJECT	low	medium	out_of_window	high	REJECTED	REJECTED on SERP validation: KD 1.5 but Reddit and Conde Nast hold the results. 24 pages are already live and can stay; this is not an expansion target.	DEMAND_UNMEASURED	0/495	
C009679	/it/quando-andare/2267057/	climate	weather.country-best-time	best-time-to-visit	2267057	2267057				2267057	it	it-IT							no										none		nasa-power-daily	yes	CC BY 4.0; 'There are no restrictions on the use, access, and/or download of data from the NASA POWER Project' (AWS Open Data Registry entry)	CC BY 4.0, no restrictions on reuse	high	medium, monthly normals per city	REJECT	low	medium	out_of_window	high	REJECTED	REJECTED on SERP validation: KD 1.5 but Reddit and Conde Nast hold the results. 24 pages are already live and can stay; this is not an expansion target.	DEMAND_UNMEASURED	0/495	
C009680	/ja/best-season/2267057/	climate	weather.country-best-time	best-time-to-visit	2267057	2267057				2267057	ja	ja-JP							no										none		nasa-power-daily	yes	CC BY 4.0; 'There are no restrictions on the use, access, and/or download of data from the NASA POWER Project' (AWS Open Data Registry entry)	CC BY 4.0, no restrictions on reuse	high	medium, monthly normals per city	REJECT	low	medium	out_of_window	high	REJECTED	REJECTED on SERP validation: KD 1.5 but Reddit and Conde Nast hold the results. 24 pages are already live and can stay; this is not an expansion target.	DEMAND_UNMEASURED	0/495	
C009681	/nl/beste-reistijd/2267057/	climate	weather.country-best-time	best-time-to-visit	2267057	2267057				2267057	nl	nl-NL							no										none		nasa-power-daily	yes	CC BY 4.0; 'There are no restrictions on the use, access, and/or download of data from the NASA POWER Project' (AWS Open Data Registry entry)	CC BY 4.0, no restrictions on reuse	high	medium, monthly normals per city	REJECT	low	medium	out_of_window	high	REJECTED	REJECTED on SERP validation: KD 1.5 but Reddit and Conde Nast hold the results. 24 pages are already live and can stay; this is not an expansion target.	DEMAND_UNMEASURED	0/495	
C009682	/pl/kiedy-jechac/2267057/	climate	weather.country-best-time	best-time-to-visit	2267057	2267057				2267057	pl	pl-PL							no										none		nasa-power-daily	yes	CC BY 4.0; 'There are no restrictions on the use, access, and/or download of data from the NASA POWER Project' (AWS Open Data Registry entry)	CC BY 4.0, no restrictions on reuse	high	medium, monthly normals per city	REJECT	low	medium	out_of_window	high	REJECTED	REJECTED on SERP validation: KD 1.5 but Reddit and Conde Nast hold the results. 24 pages are already live and can stay; this is not an expansion target.	DEMAND_UNMEASURED	0/495	
C009683	/pt/melhor-epoca-para-viajar/2267057/	climate	weather.country-best-time	best-time-to-visit	2267057	2267057				2267057	pt	pt-BR							no										none		nasa-power-daily	yes	CC BY 4.0; 'There are no restrictions on the use, access, and/or download of data from the NASA POWER Project' (AWS Open Data Registry entry)	CC BY 4.0, no restrictions on reuse	high	medium, monthly normals per city	REJECT	low	medium	out_of_window	high	REJECTED	REJECTED on SERP validation: KD 1.5 but Reddit and Conde Nast hold the results. 24 pages are already live and can stay; this is not an expansion target.	DEMAND_UNMEASURED	0/495	
C009684	/de/beste-reisezeit/2268339/	climate	weather.country-best-time	best-time-to-visit	2268339	2268339				2268339	de	de-DE							no										none		nasa-power-daily	yes	CC BY 4.0; 'There are no restrictions on the use, access, and/or download of data from the NASA POWER Project' (AWS Open Data Registry entry)	CC BY 4.0, no restrictions on reuse	high	medium, monthly normals per city	REJECT	low	medium	out_of_window	high	REJECTED	REJECTED on SERP validation: KD 1.5 but Reddit and Conde Nast hold the results. 24 pages are already live and can stay; this is not an expansion target.	DEMAND_UNMEASURED	0/495	
C009685	/en/best-time-to-visit/2268339/	climate	weather.country-best-time	best-time-to-visit	2268339	2268339				2268339	en	en-US							no										none		nasa-power-daily	yes	CC BY 4.0; 'There are no restrictions on the use, access, and/or download of data from the NASA POWER Project' (AWS Open Data Registry entry)	CC BY 4.0, no restrictions on reuse	high	medium, monthly normals per city	REJECT	low	medium	out_of_window	high	REJECTED	REJECTED on SERP validation: KD 1.5 but Reddit and Conde Nast hold the results. 24 pages are already live and can stay; this is not an expansion target.	DEMAND_UNMEASURED	0/495	
C009686	/es/mejor-epoca-para-viajar/2268339/	climate	weather.country-best-time	best-time-to-visit	2268339	2268339				2268339	es	es-ES							no										none		nasa-power-daily	yes	CC BY 4.0; 'There are no restrictions on the use, access, and/or download of data from the NASA POWER Project' (AWS Open Data Registry entry)	CC BY 4.0, no restrictions on reuse	high	medium, monthly normals per city	REJECT	low	medium	out_of_window	high	REJECTED	REJECTED on SERP validation: KD 1.5 but Reddit and Conde Nast hold the results. 24 pages are already live and can stay; this is not an expansion target.	DEMAND_UNMEASURED	0/495	
C009687	/fr/quand-partir/2268339/	climate	weather.country-best-time	best-time-to-visit	2268339	2268339				2268339	fr	fr-FR							no										none		nasa-power-daily	yes	CC BY 4.0; 'There are no restrictions on the use, access, and/or download of data from the NASA POWER Project' (AWS Open Data Registry entry)	CC BY 4.0, no restrictions on reuse	high	medium, monthly normals per city	REJECT	low	medium	out_of_window	high	REJECTED	REJECTED on SERP validation: KD 1.5 but Reddit and Conde Nast hold the results. 24 pages are already live and can stay; this is not an expansion target.	DEMAND_UNMEASURED	0/495	
C009688	/it/quando-andare/2268339/	climate	weather.country-best-time	best-time-to-visit	2268339	2268339				2268339	it	it-IT							no										none		nasa-power-daily	yes	CC BY 4.0; 'There are no restrictions on the use, access, and/or download of data from the NASA POWER Project' (AWS Open Data Registry entry)	CC BY 4.0, no restrictions on reuse	high	medium, monthly normals per city	REJECT	low	medium	out_of_window	high	REJECTED	REJECTED on SERP validation: KD 1.5 but Reddit and Conde Nast hold the results. 24 pages are already live and can stay; this is not an expansion target.	DEMAND_UNMEASURED	0/495	
C009689	/ja/best-season/2268339/	climate	weather.country-best-time	best-time-to-visit	2268339	2268339				2268339	ja	ja-JP							no										none		nasa-power-daily	yes	CC BY 4.0; 'There are no restrictions on the use, access, and/or download of data from the NASA POWER Project' (AWS Open Data Registry entry)	CC BY 4.0, no restrictions on reuse	high	medium, monthly normals per city	REJECT	low	medium	out_of_window	high	REJECTED	REJECTED on SERP validation: KD 1.5 but Reddit and Conde Nast hold the results. 24 pages are already live and can stay; this is not an expansion target.	DEMAND_UNMEASURED	0/495	
C009690	/nl/beste-reistijd/2268339/	climate	weather.country-best-time	best-time-to-visit	2268339	2268339				2268339	nl	nl-NL							no										none		nasa-power-daily	yes	CC BY 4.0; 'There are no restrictions on the use, access, and/or download of data from the NASA POWER Project' (AWS Open Data Registry entry)	CC BY 4.0, no restrictions on reuse	high	medium, monthly normals per city	REJECT	low	medium	out_of_window	high	REJECTED	REJECTED on SERP validation: KD 1.5 but Reddit and Conde Nast hold the results. 24 pages are already live and can stay; this is not an expansion target.	DEMAND_UNMEASURED	0/495	
C009691	/pl/kiedy-jechac/2268339/	climate	weather.country-best-time	best-time-to-visit	2268339	2268339				2268339	pl	pl-PL							no										none		nasa-power-daily	yes	CC BY 4.0; 'There are no restrictions on the use, access, and/or download of data from the NASA POWER Project' (AWS Open Data Registry entry)	CC BY 4.0, no restrictions on reuse	high	medium, monthly normals per city	REJECT	low	medium	out_of_window	high	REJECTED	REJECTED on SERP validation: KD 1.5 but Reddit and Conde Nast hold the results. 24 pages are already live and can stay; this is not an expansion target.	DEMAND_UNMEASURED	0/495	
C009692	/pt/melhor-epoca-para-viajar/2268339/	climate	weather.country-best-time	best-time-to-visit	2268339	2268339				2268339	pt	pt-BR							no										none		nasa-power-daily	yes	CC BY 4.0; 'There are no restrictions on the use, access, and/or download of data from the NASA POWER Project' (AWS Open Data Registry entry)	CC BY 4.0, no restrictions on reuse	high	medium, monthly normals per city	REJECT	low	medium	out_of_window	high	REJECTED	REJECTED on SERP validation: KD 1.5 but Reddit and Conde Nast hold the results. 24 pages are already live and can stay; this is not an expansion target.	DEMAND_UNMEASURED	0/495	
C009693	/de/beste-reisezeit/2510911/	climate	weather.country-best-time	best-time-to-visit	2510911	2510911				2510911	de	de-DE							no										none		nasa-power-daily	yes	CC BY 4.0; 'There are no restrictions on the use, access, and/or download of data from the NASA POWER Project' (AWS Open Data Registry entry)	CC BY 4.0, no restrictions on reuse	high	medium, monthly normals per city	REJECT	low	medium	out_of_window	high	REJECTED	REJECTED on SERP validation: KD 1.5 but Reddit and Conde Nast hold the results. 24 pages are already live and can stay; this is not an expansion target.	DEMAND_UNMEASURED	0/495	
C009694	/en/best-time-to-visit/2510911/	climate	weather.country-best-time	best-time-to-visit	2510911	2510911				2510911	en	en-US							no										none		nasa-power-daily	yes	CC BY 4.0; 'There are no restrictions on the use, access, and/or download of data from the NASA POWER Project' (AWS Open Data Registry entry)	CC BY 4.0, no restrictions on reuse	high	medium, monthly normals per city	REJECT	low	medium	out_of_window	high	REJECTED	REJECTED on SERP validation: KD 1.5 but Reddit and Conde Nast hold the results. 24 pages are already live and can stay; this is not an expansion target.	DEMAND_UNMEASURED	0/495	
C009695	/es/mejor-epoca-para-viajar/2510911/	climate	weather.country-best-time	best-time-to-visit	2510911	2510911				2510911	es	es-ES							no										none		nasa-power-daily	yes	CC BY 4.0; 'There are no restrictions on the use, access, and/or download of data from the NASA POWER Project' (AWS Open Data Registry entry)	CC BY 4.0, no restrictions on reuse	high	medium, monthly normals per city	REJECT	low	medium	out_of_window	high	REJECTED	REJECTED on SERP validation: KD 1.5 but Reddit and Conde Nast hold the results. 24 pages are already live and can stay; this is not an expansion target.	DEMAND_UNMEASURED	0/495	
C009696	/fr/quand-partir/2510911/	climate	weather.country-best-time	best-time-to-visit	2510911	2510911				2510911	fr	fr-FR							no										none		nasa-power-daily	yes	CC BY 4.0; 'There are no restrictions on the use, access, and/or download of data from the NASA POWER Project' (AWS Open Data Registry entry)	CC BY 4.0, no restrictions on reuse	high	medium, monthly normals per city	REJECT	low	medium	out_of_window	high	REJECTED	REJECTED on SERP validation: KD 1.5 but Reddit and Conde Nast hold the results. 24 pages are already live and can stay; this is not an expansion target.	DEMAND_UNMEASURED	0/495	
C009697	/it/quando-andare/2510911/	climate	weather.country-best-time	best-time-to-visit	2510911	2510911				2510911	it	it-IT							no										none		nasa-power-daily	yes	CC BY 4.0; 'There are no restrictions on the use, access, and/or download of data from the NASA POWER Project' (AWS Open Data Registry entry)	CC BY 4.0, no restrictions on reuse	high	medium, monthly normals per city	REJECT	low	medium	out_of_window	high	REJECTED	REJECTED on SERP validation: KD 1.5 but Reddit and Conde Nast hold the results. 24 pages are already live and can stay; this is not an expansion target.	DEMAND_UNMEASURED	0/495	
C009698	/ja/best-season/2510911/	climate	weather.country-best-time	best-time-to-visit	2510911	2510911				2510911	ja	ja-JP							no										none		nasa-power-daily	yes	CC BY 4.0; 'There are no restrictions on the use, access, and/or download of data from the NASA POWER Project' (AWS Open Data Registry entry)	CC BY 4.0, no restrictions on reuse	high	medium, monthly normals per city	REJECT	low	medium	out_of_window	high	REJECTED	REJECTED on SERP validation: KD 1.5 but Reddit and Conde Nast hold the results. 24 pages are already live and can stay; this is not an expansion target.	DEMAND_UNMEASURED	0/495	
C009699	/nl/beste-reistijd/2510911/	climate	weather.country-best-time	best-time-to-visit	2510911	2510911				2510911	nl	nl-NL							no										none		nasa-power-daily	yes	CC BY 4.0; 'There are no restrictions on the use, access, and/or download of data from the NASA POWER Project' (AWS Open Data Registry entry)	CC BY 4.0, no restrictions on reuse	high	medium, monthly normals per city	REJECT	low	medium	out_of_window	high	REJECTED	REJECTED on SERP validation: KD 1.5 but Reddit and Conde Nast hold the results. 24 pages are already live and can stay; this is not an expansion target.	DEMAND_UNMEASURED	0/495	
C009700	/pl/kiedy-jechac/2510911/	climate	weather.country-best-time	best-time-to-visit	2510911	2510911				2510911	pl	pl-PL							no										none		nasa-power-daily	yes	CC BY 4.0; 'There are no restrictions on the use, access, and/or download of data from the NASA POWER Project' (AWS Open Data Registry entry)	CC BY 4.0, no restrictions on reuse	high	medium, monthly normals per city	REJECT	low	medium	out_of_window	high	REJECTED	REJECTED on SERP validation: KD 1.5 but Reddit and Conde Nast hold the results. 24 pages are already live and can stay; this is not an expansion target.	DEMAND_UNMEASURED	0/495	
C009701	/pt/melhor-epoca-para-viajar/2510911/	climate	weather.country-best-time	best-time-to-visit	2510911	2510911				2510911	pt	pt-BR							no										none		nasa-power-daily	yes	CC BY 4.0; 'There are no restrictions on the use, access, and/or download of data from the NASA POWER Project' (AWS Open Data Registry entry)	CC BY 4.0, no restrictions on reuse	high	medium, monthly normals per city	REJECT	low	medium	out_of_window	high	REJECTED	REJECTED on SERP validation: KD 1.5 but Reddit and Conde Nast hold the results. 24 pages are already live and can stay; this is not an expansion target.	DEMAND_UNMEASURED	0/495	
C009702	/de/beste-reisezeit/2515270/	climate	weather.country-best-time	best-time-to-visit	2515270	2515270				2515270	de	de-DE							no										none		nasa-power-daily	yes	CC BY 4.0; 'There are no restrictions on the use, access, and/or download of data from the NASA POWER Project' (AWS Open Data Registry entry)	CC BY 4.0, no restrictions on reuse	high	medium, monthly normals per city	REJECT	low	medium	out_of_window	high	REJECTED	REJECTED on SERP validation: KD 1.5 but Reddit and Conde Nast hold the results. 24 pages are already live and can stay; this is not an expansion target.	DEMAND_UNMEASURED	0/495	
C009703	/en/best-time-to-visit/2515270/	climate	weather.country-best-time	best-time-to-visit	2515270	2515270				2515270	en	en-US							no										none		nasa-power-daily	yes	CC BY 4.0; 'There are no restrictions on the use, access, and/or download of data from the NASA POWER Project' (AWS Open Data Registry entry)	CC BY 4.0, no restrictions on reuse	high	medium, monthly normals per city	REJECT	low	medium	out_of_window	high	REJECTED	REJECTED on SERP validation: KD 1.5 but Reddit and Conde Nast hold the results. 24 pages are already live and can stay; this is not an expansion target.	DEMAND_UNMEASURED	0/495	
C009704	/es/mejor-epoca-para-viajar/2515270/	climate	weather.country-best-time	best-time-to-visit	2515270	2515270				2515270	es	es-ES							no										none		nasa-power-daily	yes	CC BY 4.0; 'There are no restrictions on the use, access, and/or download of data from the NASA POWER Project' (AWS Open Data Registry entry)	CC BY 4.0, no restrictions on reuse	high	medium, monthly normals per city	REJECT	low	medium	out_of_window	high	REJECTED	REJECTED on SERP validation: KD 1.5 but Reddit and Conde Nast hold the results. 24 pages are already live and can stay; this is not an expansion target.	DEMAND_UNMEASURED	0/495	
C009705	/fr/quand-partir/2515270/	climate	weather.country-best-time	best-time-to-visit	2515270	2515270				2515270	fr	fr-FR							no										none		nasa-power-daily	yes	CC BY 4.0; 'There are no restrictions on the use, access, and/or download of data from the NASA POWER Project' (AWS Open Data Registry entry)	CC BY 4.0, no restrictions on reuse	high	medium, monthly normals per city	REJECT	low	medium	out_of_window	high	REJECTED	REJECTED on SERP validation: KD 1.5 but Reddit and Conde Nast hold the results. 24 pages are already live and can stay; this is not an expansion target.	DEMAND_UNMEASURED	0/495	
C009706	/it/quando-andare/2515270/	climate	weather.country-best-time	best-time-to-visit	2515270	2515270				2515270	it	it-IT							no										none		nasa-power-daily	yes	CC BY 4.0; 'There are no restrictions on the use, access, and/or download of data from the NASA POWER Project' (AWS Open Data Registry entry)	CC BY 4.0, no restrictions on reuse	high	medium, monthly normals per city	REJECT	low	medium	out_of_window	high	REJECTED	REJECTED on SERP validation: KD 1.5 but Reddit and Conde Nast hold the results. 24 pages are already live and can stay; this is not an expansion target.	DEMAND_UNMEASURED	0/495	
C009707	/ja/best-season/2515270/	climate	weather.country-best-time	best-time-to-visit	2515270	2515270				2515270	ja	ja-JP							no										none		nasa-power-daily	yes	CC BY 4.0; 'There are no restrictions on the use, access, and/or download of data from the NASA POWER Project' (AWS Open Data Registry entry)	CC BY 4.0, no restrictions on reuse	high	medium, monthly normals per city	REJECT	low	medium	out_of_window	high	REJECTED	REJECTED on SERP validation: KD 1.5 but Reddit and Conde Nast hold the results. 24 pages are already live and can stay; this is not an expansion target.	DEMAND_UNMEASURED	0/495	
C009708	/nl/beste-reistijd/2515270/	climate	weather.country-best-time	best-time-to-visit	2515270	2515270				2515270	nl	nl-NL							no										none		nasa-power-daily	yes	CC BY 4.0; 'There are no restrictions on the use, access, and/or download of data from the NASA POWER Project' (AWS Open Data Registry entry)	CC BY 4.0, no restrictions on reuse	high	medium, monthly normals per city	REJECT	low	medium	out_of_window	high	REJECTED	REJECTED on SERP validation: KD 1.5 but Reddit and Conde Nast hold the results. 24 pages are already live and can stay; this is not an expansion target.	DEMAND_UNMEASURED	0/495	
C009709	/pl/kiedy-jechac/2515270/	climate	weather.country-best-time	best-time-to-visit	2515270	2515270				2515270	pl	pl-PL							no										none		nasa-power-daily	yes	CC BY 4.0; 'There are no restrictions on the use, access, and/or download of data from the NASA POWER Project' (AWS Open Data Registry entry)	CC BY 4.0, no restrictions on reuse	high	medium, monthly normals per city	REJECT	low	medium	out_of_window	high	REJECTED	REJECTED on SERP validation: KD 1.5 but Reddit and Conde Nast hold the results. 24 pages are already live and can stay; this is not an expansion target.	DEMAND_UNMEASURED	0/495	
C009710	/pt/melhor-epoca-para-viajar/2515270/	climate	weather.country-best-time	best-time-to-visit	2515270	2515270				2515270	pt	pt-BR							no										none		nasa-power-daily	yes	CC BY 4.0; 'There are no restrictions on the use, access, and/or download of data from the NASA POWER Project' (AWS Open Data Registry entry)	CC BY 4.0, no restrictions on reuse	high	medium, monthly normals per city	REJECT	low	medium	out_of_window	high	REJECTED	REJECTED on SERP validation: KD 1.5 but Reddit and Conde Nast hold the results. 24 pages are already live and can stay; this is not an expansion target.	DEMAND_UNMEASURED	0/495	
C009711	/de/beste-reisezeit/2523920/	climate	weather.country-best-time	best-time-to-visit	2523920	2523920				2523920	de	de-DE							no										none		nasa-power-daily	yes	CC BY 4.0; 'There are no restrictions on the use, access, and/or download of data from the NASA POWER Project' (AWS Open Data Registry entry)	CC BY 4.0, no restrictions on reuse	high	medium, monthly normals per city	REJECT	low	medium	out_of_window	high	REJECTED	REJECTED on SERP validation: KD 1.5 but Reddit and Conde Nast hold the results. 24 pages are already live and can stay; this is not an expansion target.	DEMAND_UNMEASURED	0/495	
C009712	/en/best-time-to-visit/2523920/	climate	weather.country-best-time	best-time-to-visit	2523920	2523920				2523920	en	en-US							no										none		nasa-power-daily	yes	CC BY 4.0; 'There are no restrictions on the use, access, and/or download of data from the NASA POWER Project' (AWS Open Data Registry entry)	CC BY 4.0, no restrictions on reuse	high	medium, monthly normals per city	REJECT	low	medium	out_of_window	high	REJECTED	REJECTED on SERP validation: KD 1.5 but Reddit and Conde Nast hold the results. 24 pages are already live and can stay; this is not an expansion target.	DEMAND_UNMEASURED	0/495	
C009713	/es/mejor-epoca-para-viajar/2523920/	climate	weather.country-best-time	best-time-to-visit	2523920	2523920				2523920	es	es-ES							no										none		nasa-power-daily	yes	CC BY 4.0; 'There are no restrictions on the use, access, and/or download of data from the NASA POWER Project' (AWS Open Data Registry entry)	CC BY 4.0, no restrictions on reuse	high	medium, monthly normals per city	REJECT	low	medium	out_of_window	high	REJECTED	REJECTED on SERP validation: KD 1.5 but Reddit and Conde Nast hold the results. 24 pages are already live and can stay; this is not an expansion target.	DEMAND_UNMEASURED	0/495	
C009714	/fr/quand-partir/2523920/	climate	weather.country-best-time	best-time-to-visit	2523920	2523920				2523920	fr	fr-FR							no										none		nasa-power-daily	yes	CC BY 4.0; 'There are no restrictions on the use, access, and/or download of data from the NASA POWER Project' (AWS Open Data Registry entry)	CC BY 4.0, no restrictions on reuse	high	medium, monthly normals per city	REJECT	low	medium	out_of_window	high	REJECTED	REJECTED on SERP validation: KD 1.5 but Reddit and Conde Nast hold the results. 24 pages are already live and can stay; this is not an expansion target.	DEMAND_UNMEASURED	0/495	
C009715	/it/quando-andare/2523920/	climate	weather.country-best-time	best-time-to-visit	2523920	2523920				2523920	it	it-IT							no										none		nasa-power-daily	yes	CC BY 4.0; 'There are no restrictions on the use, access, and/or download of data from the NASA POWER Project' (AWS Open Data Registry entry)	CC BY 4.0, no restrictions on reuse	high	medium, monthly normals per city	REJECT	low	medium	out_of_window	high	REJECTED	REJECTED on SERP validation: KD 1.5 but Reddit and Conde Nast hold the results. 24 pages are already live and can stay; this is not an expansion target.	DEMAND_UNMEASURED	0/495	
C009716	/ja/best-season/2523920/	climate	weather.country-best-time	best-time-to-visit	2523920	2523920				2523920	ja	ja-JP							no										none		nasa-power-daily	yes	CC BY 4.0; 'There are no restrictions on the use, access, and/or download of data from the NASA POWER Project' (AWS Open Data Registry entry)	CC BY 4.0, no restrictions on reuse	high	medium, monthly normals per city	REJECT	low	medium	out_of_window	high	REJECTED	REJECTED on SERP validation: KD 1.5 but Reddit and Conde Nast hold the results. 24 pages are already live and can stay; this is not an expansion target.	DEMAND_UNMEASURED	0/495	
C009717	/nl/beste-reistijd/2523920/	climate	weather.country-best-time	best-time-to-visit	2523920	2523920				2523920	nl	nl-NL							no										none		nasa-power-daily	yes	CC BY 4.0; 'There are no restrictions on the use, access, and/or download of data from the NASA POWER Project' (AWS Open Data Registry entry)	CC BY 4.0, no restrictions on reuse	high	medium, monthly normals per city	REJECT	low	medium	out_of_window	high	REJECTED	REJECTED on SERP validation: KD 1.5 but Reddit and Conde Nast hold the results. 24 pages are already live and can stay; this is not an expansion target.	DEMAND_UNMEASURED	0/495	
C009718	/pl/kiedy-jechac/2523920/	climate	weather.country-best-time	best-time-to-visit	2523920	2523920				2523920	pl	pl-PL							no										none		nasa-power-daily	yes	CC BY 4.0; 'There are no restrictions on the use, access, and/or download of data from the NASA POWER Project' (AWS Open Data Registry entry)	CC BY 4.0, no restrictions on reuse	high	medium, monthly normals per city	REJECT	low	medium	out_of_window	high	REJECTED	REJECTED on SERP validation: KD 1.5 but Reddit and Conde Nast hold the results. 24 pages are already live and can stay; this is not an expansion target.	DEMAND_UNMEASURED	0/495	
C009719	/pt/melhor-epoca-para-viajar/2523920/	climate	weather.country-best-time	best-time-to-visit	2523920	2523920				2523920	pt	pt-BR							no										none		nasa-power-daily	yes	CC BY 4.0; 'There are no restrictions on the use, access, and/or download of data from the NASA POWER Project' (AWS Open Data Registry entry)	CC BY 4.0, no restrictions on reuse	high	medium, monthly normals per city	REJECT	low	medium	out_of_window	high	REJECTED	REJECTED on SERP validation: KD 1.5 but Reddit and Conde Nast hold the results. 24 pages are already live and can stay; this is not an expansion target.	DEMAND_UNMEASURED	0/495	
C009720	/de/beste-reisezeit/2542997/	climate	weather.country-best-time	best-time-to-visit	2542997	2542997				2542997	de	de-DE							no										none		nasa-power-daily	yes	CC BY 4.0; 'There are no restrictions on the use, access, and/or download of data from the NASA POWER Project' (AWS Open Data Registry entry)	CC BY 4.0, no restrictions on reuse	high	medium, monthly normals per city	REJECT	low	medium	out_of_window	high	REJECTED	REJECTED on SERP validation: KD 1.5 but Reddit and Conde Nast hold the results. 24 pages are already live and can stay; this is not an expansion target.	DEMAND_UNMEASURED	0/495	
C009721	/en/best-time-to-visit/2542997/	climate	weather.country-best-time	best-time-to-visit	2542997	2542997				2542997	en	en-US							no										none		nasa-power-daily	yes	CC BY 4.0; 'There are no restrictions on the use, access, and/or download of data from the NASA POWER Project' (AWS Open Data Registry entry)	CC BY 4.0, no restrictions on reuse	high	medium, monthly normals per city	REJECT	low	medium	out_of_window	high	REJECTED	REJECTED on SERP validation: KD 1.5 but Reddit and Conde Nast hold the results. 24 pages are already live and can stay; this is not an expansion target.	DEMAND_UNMEASURED	0/495	
C009722	/es/mejor-epoca-para-viajar/2542997/	climate	weather.country-best-time	best-time-to-visit	2542997	2542997				2542997	es	es-ES							no										none		nasa-power-daily	yes	CC BY 4.0; 'There are no restrictions on the use, access, and/or download of data from the NASA POWER Project' (AWS Open Data Registry entry)	CC BY 4.0, no restrictions on reuse	high	medium, monthly normals per city	REJECT	low	medium	out_of_window	high	REJECTED	REJECTED on SERP validation: KD 1.5 but Reddit and Conde Nast hold the results. 24 pages are already live and can stay; this is not an expansion target.	DEMAND_UNMEASURED	0/495	
C009723	/fr/quand-partir/2542997/	climate	weather.country-best-time	best-time-to-visit	2542997	2542997				2542997	fr	fr-FR							no										none		nasa-power-daily	yes	CC BY 4.0; 'There are no restrictions on the use, access, and/or download of data from the NASA POWER Project' (AWS Open Data Registry entry)	CC BY 4.0, no restrictions on reuse	high	medium, monthly normals per city	REJECT	low	medium	out_of_window	high	REJECTED	REJECTED on SERP validation: KD 1.5 but Reddit and Conde Nast hold the results. 24 pages are already live and can stay; this is not an expansion target.	DEMAND_UNMEASURED	0/495	
C009724	/it/quando-andare/2542997/	climate	weather.country-best-time	best-time-to-visit	2542997	2542997				2542997	it	it-IT							no										none		nasa-power-daily	yes	CC BY 4.0; 'There are no restrictions on the use, access, and/or download of data from the NASA POWER Project' (AWS Open Data Registry entry)	CC BY 4.0, no restrictions on reuse	high	medium, monthly normals per city	REJECT	low	medium	out_of_window	high	REJECTED	REJECTED on SERP validation: KD 1.5 but Reddit and Conde Nast hold the results. 24 pages are already live and can stay; this is not an expansion target.	DEMAND_UNMEASURED	0/495	
C009725	/ja/best-season/2542997/	climate	weather.country-best-time	best-time-to-visit	2542997	2542997				2542997	ja	ja-JP							no										none		nasa-power-daily	yes	CC BY 4.0; 'There are no restrictions on the use, access, and/or download of data from the NASA POWER Project' (AWS Open Data Registry entry)	CC BY 4.0, no restrictions on reuse	high	medium, monthly normals per city	REJECT	low	medium	out_of_window	high	REJECTED	REJECTED on SERP validation: KD 1.5 but Reddit and Conde Nast hold the results. 24 pages are already live and can stay; this is not an expansion target.	DEMAND_UNMEASURED	0/495	
C009726	/nl/beste-reistijd/2542997/	climate	weather.country-best-time	best-time-to-visit	2542997	2542997				2542997	nl	nl-NL							no										none		nasa-power-daily	yes	CC BY 4.0; 'There are no restrictions on the use, access, and/or download of data from the NASA POWER Project' (AWS Open Data Registry entry)	CC BY 4.0, no restrictions on reuse	high	medium, monthly normals per city	REJECT	low	medium	out_of_window	high	REJECTED	REJECTED on SERP validation: KD 1.5 but Reddit and Conde Nast hold the results. 24 pages are already live and can stay; this is not an expansion target.	DEMAND_UNMEASURED	0/495	
C009727	/pl/kiedy-jechac/2542997/	climate	weather.country-best-time	best-time-to-visit	2542997	2542997				2542997	pl	pl-PL							no										none		nasa-power-daily	yes	CC BY 4.0; 'There are no restrictions on the use, access, and/or download of data from the NASA POWER Project' (AWS Open Data Registry entry)	CC BY 4.0, no restrictions on reuse	high	medium, monthly normals per city	REJECT	low	medium	out_of_window	high	REJECTED	REJECTED on SERP validation: KD 1.5 but Reddit and Conde Nast hold the results. 24 pages are already live and can stay; this is not an expansion target.	DEMAND_UNMEASURED	0/495	
C009728	/pt/melhor-epoca-para-viajar/2542997/	climate	weather.country-best-time	best-time-to-visit	2542997	2542997				2542997	pt	pt-BR							no										none		nasa-power-daily	yes	CC BY 4.0; 'There are no restrictions on the use, access, and/or download of data from the NASA POWER Project' (AWS Open Data Registry entry)	CC BY 4.0, no restrictions on reuse	high	medium, monthly normals per city	REJECT	low	medium	out_of_window	high	REJECTED	REJECTED on SERP validation: KD 1.5 but Reddit and Conde Nast hold the results. 24 pages are already live and can stay; this is not an expansion target.	DEMAND_UNMEASURED	0/495	
C009729	/de/beste-reisezeit/2553604/	climate	weather.country-best-time	best-time-to-visit	2553604	2553604				2553604	de	de-DE							no										none		nasa-power-daily	yes	CC BY 4.0; 'There are no restrictions on the use, access, and/or download of data from the NASA POWER Project' (AWS Open Data Registry entry)	CC BY 4.0, no restrictions on reuse	high	medium, monthly normals per city	REJECT	low	medium	out_of_window	high	REJECTED	REJECTED on SERP validation: KD 1.5 but Reddit and Conde Nast hold the results. 24 pages are already live and can stay; this is not an expansion target.	DEMAND_UNMEASURED	0/495	
C009730	/en/best-time-to-visit/2553604/	climate	weather.country-best-time	best-time-to-visit	2553604	2553604				2553604	en	en-US							no										none		nasa-power-daily	yes	CC BY 4.0; 'There are no restrictions on the use, access, and/or download of data from the NASA POWER Project' (AWS Open Data Registry entry)	CC BY 4.0, no restrictions on reuse	high	medium, monthly normals per city	REJECT	low	medium	out_of_window	high	REJECTED	REJECTED on SERP validation: KD 1.5 but Reddit and Conde Nast hold the results. 24 pages are already live and can stay; this is not an expansion target.	DEMAND_UNMEASURED	0/495	
C009731	/es/mejor-epoca-para-viajar/2553604/	climate	weather.country-best-time	best-time-to-visit	2553604	2553604				2553604	es	es-ES							no										none		nasa-power-daily	yes	CC BY 4.0; 'There are no restrictions on the use, access, and/or download of data from the NASA POWER Project' (AWS Open Data Registry entry)	CC BY 4.0, no restrictions on reuse	high	medium, monthly normals per city	REJECT	low	medium	out_of_window	high	REJECTED	REJECTED on SERP validation: KD 1.5 but Reddit and Conde Nast hold the results. 24 pages are already live and can stay; this is not an expansion target.	DEMAND_UNMEASURED	0/495	
C009732	/fr/quand-partir/2553604/	climate	weather.country-best-time	best-time-to-visit	2553604	2553604				2553604	fr	fr-FR							no										none		nasa-power-daily	yes	CC BY 4.0; 'There are no restrictions on the use, access, and/or download of data from the NASA POWER Project' (AWS Open Data Registry entry)	CC BY 4.0, no restrictions on reuse	high	medium, monthly normals per city	REJECT	low	medium	out_of_window	high	REJECTED	REJECTED on SERP validation: KD 1.5 but Reddit and Conde Nast hold the results. 24 pages are already live and can stay; this is not an expansion target.	DEMAND_UNMEASURED	0/495	
C009733	/it/quando-andare/2553604/	climate	weather.country-best-time	best-time-to-visit	2553604	2553604				2553604	it	it-IT							no										none		nasa-power-daily	yes	CC BY 4.0; 'There are no restrictions on the use, access, and/or download of data from the NASA POWER Project' (AWS Open Data Registry entry)	CC BY 4.0, no restrictions on reuse	high	medium, monthly normals per city	REJECT	low	medium	out_of_window	high	REJECTED	REJECTED on SERP validation: KD 1.5 but Reddit and Conde Nast hold the results. 24 pages are already live and can stay; this is not an expansion target.	DEMAND_UNMEASURED	0/495	
C009734	/ja/best-season/2553604/	climate	weather.country-best-time	best-time-to-visit	2553604	2553604				2553604	ja	ja-JP							no										none		nasa-power-daily	yes	CC BY 4.0; 'There are no restrictions on the use, access, and/or download of data from the NASA POWER Project' (AWS Open Data Registry entry)	CC BY 4.0, no restrictions on reuse	high	medium, monthly normals per city	REJECT	low	medium	out_of_window	high	REJECTED	REJECTED on SERP validation: KD 1.5 but Reddit and Conde Nast hold the results. 24 pages are already live and can stay; this is not an expansion target.	DEMAND_UNMEASURED	0/495	
C009735	/nl/beste-reistijd/2553604/	climate	weather.country-best-time	best-time-to-visit	2553604	2553604				2553604	nl	nl-NL							no										none		nasa-power-daily	yes	CC BY 4.0; 'There are no restrictions on the use, access, and/or download of data from the NASA POWER Project' (AWS Open Data Registry entry)	CC BY 4.0, no restrictions on reuse	high	medium, monthly normals per city	REJECT	low	medium	out_of_window	high	REJECTED	REJECTED on SERP validation: KD 1.5 but Reddit and Conde Nast hold the results. 24 pages are already live and can stay; this is not an expansion target.	DEMAND_UNMEASURED	0/495	
C009736	/pl/kiedy-jechac/2553604/	climate	weather.country-best-time	best-time-to-visit	2553604	2553604				2553604	pl	pl-PL							no										none		nasa-power-daily	yes	CC BY 4.0; 'There are no restrictions on the use, access, and/or download of data from the NASA POWER Project' (AWS Open Data Registry entry)	CC BY 4.0, no restrictions on reuse	high	medium, monthly normals per city	REJECT	low	medium	out_of_window	high	REJECTED	REJECTED on SERP validation: KD 1.5 but Reddit and Conde Nast hold the results. 24 pages are already live and can stay; this is not an expansion target.	DEMAND_UNMEASURED	0/495	
C009737	/pt/melhor-epoca-para-viajar/2553604/	climate	weather.country-best-time	best-time-to-visit	2553604	2553604				2553604	pt	pt-BR							no										none		nasa-power-daily	yes	CC BY 4.0; 'There are no restrictions on the use, access, and/or download of data from the NASA POWER Project' (AWS Open Data Registry entry)	CC BY 4.0, no restrictions on reuse	high	medium, monthly normals per city	REJECT	low	medium	out_of_window	high	REJECTED	REJECTED on SERP validation: KD 1.5 but Reddit and Conde Nast hold the results. 24 pages are already live and can stay; this is not an expansion target.	DEMAND_UNMEASURED	0/495	
C009738	/de/beste-reisezeit/2643743/	climate	weather.country-best-time	best-time-to-visit	2643743	2643743				2643743	de	de-DE							no										none		nasa-power-daily	yes	CC BY 4.0; 'There are no restrictions on the use, access, and/or download of data from the NASA POWER Project' (AWS Open Data Registry entry)	CC BY 4.0, no restrictions on reuse	high	medium, monthly normals per city	REJECT	low	medium	out_of_window	high	REJECTED	REJECTED on SERP validation: KD 1.5 but Reddit and Conde Nast hold the results. 24 pages are already live and can stay; this is not an expansion target.	DEMAND_UNMEASURED	0/495	
C009739	/en/best-time-to-visit/2643743/	climate	weather.country-best-time	best-time-to-visit	2643743	2643743				2643743	en	en-US							no										none		nasa-power-daily	yes	CC BY 4.0; 'There are no restrictions on the use, access, and/or download of data from the NASA POWER Project' (AWS Open Data Registry entry)	CC BY 4.0, no restrictions on reuse	high	medium, monthly normals per city	REJECT	low	medium	out_of_window	high	REJECTED	REJECTED on SERP validation: KD 1.5 but Reddit and Conde Nast hold the results. 24 pages are already live and can stay; this is not an expansion target.	DEMAND_UNMEASURED	0/495	
C009740	/es/mejor-epoca-para-viajar/2643743/	climate	weather.country-best-time	best-time-to-visit	2643743	2643743				2643743	es	es-ES							no										none		nasa-power-daily	yes	CC BY 4.0; 'There are no restrictions on the use, access, and/or download of data from the NASA POWER Project' (AWS Open Data Registry entry)	CC BY 4.0, no restrictions on reuse	high	medium, monthly normals per city	REJECT	low	medium	out_of_window	high	REJECTED	REJECTED on SERP validation: KD 1.5 but Reddit and Conde Nast hold the results. 24 pages are already live and can stay; this is not an expansion target.	DEMAND_UNMEASURED	0/495	
C009741	/fr/quand-partir/2643743/	climate	weather.country-best-time	best-time-to-visit	2643743	2643743				2643743	fr	fr-FR							no										none		nasa-power-daily	yes	CC BY 4.0; 'There are no restrictions on the use, access, and/or download of data from the NASA POWER Project' (AWS Open Data Registry entry)	CC BY 4.0, no restrictions on reuse	high	medium, monthly normals per city	REJECT	low	medium	out_of_window	high	REJECTED	REJECTED on SERP validation: KD 1.5 but Reddit and Conde Nast hold the results. 24 pages are already live and can stay; this is not an expansion target.	DEMAND_UNMEASURED	0/495	
C009742	/it/quando-andare/2643743/	climate	weather.country-best-time	best-time-to-visit	2643743	2643743				2643743	it	it-IT							no										none		nasa-power-daily	yes	CC BY 4.0; 'There are no restrictions on the use, access, and/or download of data from the NASA POWER Project' (AWS Open Data Registry entry)	CC BY 4.0, no restrictions on reuse	high	medium, monthly normals per city	REJECT	low	medium	out_of_window	high	REJECTED	REJECTED on SERP validation: KD 1.5 but Reddit and Conde Nast hold the results. 24 pages are already live and can stay; this is not an expansion target.	DEMAND_UNMEASURED	0/495	
C009743	/ja/best-season/2643743/	climate	weather.country-best-time	best-time-to-visit	2643743	2643743				2643743	ja	ja-JP							no										none		nasa-power-daily	yes	CC BY 4.0; 'There are no restrictions on the use, access, and/or download of data from the NASA POWER Project' (AWS Open Data Registry entry)	CC BY 4.0, no restrictions on reuse	high	medium, monthly normals per city	REJECT	low	medium	out_of_window	high	REJECTED	REJECTED on SERP validation: KD 1.5 but Reddit and Conde Nast hold the results. 24 pages are already live and can stay; this is not an expansion target.	DEMAND_UNMEASURED	0/495	
C009744	/nl/beste-reistijd/2643743/	climate	weather.country-best-time	best-time-to-visit	2643743	2643743				2643743	nl	nl-NL							no										none		nasa-power-daily	yes	CC BY 4.0; 'There are no restrictions on the use, access, and/or download of data from the NASA POWER Project' (AWS Open Data Registry entry)	CC BY 4.0, no restrictions on reuse	high	medium, monthly normals per city	REJECT	low	medium	out_of_window	high	REJECTED	REJECTED on SERP validation: KD 1.5 but Reddit and Conde Nast hold the results. 24 pages are already live and can stay; this is not an expansion target.	DEMAND_UNMEASURED	0/495	
C009745	/pl/kiedy-jechac/2643743/	climate	weather.country-best-time	best-time-to-visit	2643743	2643743				2643743	pl	pl-PL							no										none		nasa-power-daily	yes	CC BY 4.0; 'There are no restrictions on the use, access, and/or download of data from the NASA POWER Project' (AWS Open Data Registry entry)	CC BY 4.0, no restrictions on reuse	high	medium, monthly normals per city	REJECT	low	medium	out_of_window	high	REJECTED	REJECTED on SERP validation: KD 1.5 but Reddit and Conde Nast hold the results. 24 pages are already live and can stay; this is not an expansion target.	DEMAND_UNMEASURED	0/495	
C009746	/pt/melhor-epoca-para-viajar/2643743/	climate	weather.country-best-time	best-time-to-visit	2643743	2643743				2643743	pt	pt-BR							no										none		nasa-power-daily	yes	CC BY 4.0; 'There are no restrictions on the use, access, and/or download of data from the NASA POWER Project' (AWS Open Data Registry entry)	CC BY 4.0, no restrictions on reuse	high	medium, monthly normals per city	REJECT	low	medium	out_of_window	high	REJECTED	REJECTED on SERP validation: KD 1.5 but Reddit and Conde Nast hold the results. 24 pages are already live and can stay; this is not an expansion target.	DEMAND_UNMEASURED	0/495	
C009747	/de/beste-reisezeit/2650225/	climate	weather.country-best-time	best-time-to-visit	2650225	2650225				2650225	de	de-DE							no										none		nasa-power-daily	yes	CC BY 4.0; 'There are no restrictions on the use, access, and/or download of data from the NASA POWER Project' (AWS Open Data Registry entry)	CC BY 4.0, no restrictions on reuse	high	medium, monthly normals per city	REJECT	low	medium	out_of_window	high	REJECTED	REJECTED on SERP validation: KD 1.5 but Reddit and Conde Nast hold the results. 24 pages are already live and can stay; this is not an expansion target.	DEMAND_UNMEASURED	0/495	
C009748	/en/best-time-to-visit/2650225/	climate	weather.country-best-time	best-time-to-visit	2650225	2650225				2650225	en	en-US							no										none		nasa-power-daily	yes	CC BY 4.0; 'There are no restrictions on the use, access, and/or download of data from the NASA POWER Project' (AWS Open Data Registry entry)	CC BY 4.0, no restrictions on reuse	high	medium, monthly normals per city	REJECT	low	medium	out_of_window	high	REJECTED	REJECTED on SERP validation: KD 1.5 but Reddit and Conde Nast hold the results. 24 pages are already live and can stay; this is not an expansion target.	DEMAND_UNMEASURED	0/495	
C009749	/es/mejor-epoca-para-viajar/2650225/	climate	weather.country-best-time	best-time-to-visit	2650225	2650225				2650225	es	es-ES							no										none		nasa-power-daily	yes	CC BY 4.0; 'There are no restrictions on the use, access, and/or download of data from the NASA POWER Project' (AWS Open Data Registry entry)	CC BY 4.0, no restrictions on reuse	high	medium, monthly normals per city	REJECT	low	medium	out_of_window	high	REJECTED	REJECTED on SERP validation: KD 1.5 but Reddit and Conde Nast hold the results. 24 pages are already live and can stay; this is not an expansion target.	DEMAND_UNMEASURED	0/495	
C009750	/fr/quand-partir/2650225/	climate	weather.country-best-time	best-time-to-visit	2650225	2650225				2650225	fr	fr-FR							no										none		nasa-power-daily	yes	CC BY 4.0; 'There are no restrictions on the use, access, and/or download of data from the NASA POWER Project' (AWS Open Data Registry entry)	CC BY 4.0, no restrictions on reuse	high	medium, monthly normals per city	REJECT	low	medium	out_of_window	high	REJECTED	REJECTED on SERP validation: KD 1.5 but Reddit and Conde Nast hold the results. 24 pages are already live and can stay; this is not an expansion target.	DEMAND_UNMEASURED	0/495	
C009751	/it/quando-andare/2650225/	climate	weather.country-best-time	best-time-to-visit	2650225	2650225				2650225	it	it-IT							no										none		nasa-power-daily	yes	CC BY 4.0; 'There are no restrictions on the use, access, and/or download of data from the NASA POWER Project' (AWS Open Data Registry entry)	CC BY 4.0, no restrictions on reuse	high	medium, monthly normals per city	REJECT	low	medium	out_of_window	high	REJECTED	REJECTED on SERP validation: KD 1.5 but Reddit and Conde Nast hold the results. 24 pages are already live and can stay; this is not an expansion target.	DEMAND_UNMEASURED	0/495	
C009752	/ja/best-season/2650225/	climate	weather.country-best-time	best-time-to-visit	2650225	2650225				2650225	ja	ja-JP							no										none		nasa-power-daily	yes	CC BY 4.0; 'There are no restrictions on the use, access, and/or download of data from the NASA POWER Project' (AWS Open Data Registry entry)	CC BY 4.0, no restrictions on reuse	high	medium, monthly normals per city	REJECT	low	medium	out_of_window	high	REJECTED	REJECTED on SERP validation: KD 1.5 but Reddit and Conde Nast hold the results. 24 pages are already live and can stay; this is not an expansion target.	DEMAND_UNMEASURED	0/495	
C009753	/nl/beste-reistijd/2650225/	climate	weather.country-best-time	best-time-to-visit	2650225	2650225				2650225	nl	nl-NL							no										none		nasa-power-daily	yes	CC BY 4.0; 'There are no restrictions on the use, access, and/or download of data from the NASA POWER Project' (AWS Open Data Registry entry)	CC BY 4.0, no restrictions on reuse	high	medium, monthly normals per city	REJECT	low	medium	out_of_window	high	REJECTED	REJECTED on SERP validation: KD 1.5 but Reddit and Conde Nast hold the results. 24 pages are already live and can stay; this is not an expansion target.	DEMAND_UNMEASURED	0/495	
C009754	/pl/kiedy-jechac/2650225/	climate	weather.country-best-time	best-time-to-visit	2650225	2650225				2650225	pl	pl-PL							no										none		nasa-power-daily	yes	CC BY 4.0; 'There are no restrictions on the use, access, and/or download of data from the NASA POWER Project' (AWS Open Data Registry entry)	CC BY 4.0, no restrictions on reuse	high	medium, monthly normals per city	REJECT	low	medium	out_of_window	high	REJECTED	REJECTED on SERP validation: KD 1.5 but Reddit and Conde Nast hold the results. 24 pages are already live and can stay; this is not an expansion target.	DEMAND_UNMEASURED	0/495	
C009755	/pt/melhor-epoca-para-viajar/2650225/	climate	weather.country-best-time	best-time-to-visit	2650225	2650225				2650225	pt	pt-BR							no										none		nasa-power-daily	yes	CC BY 4.0; 'There are no restrictions on the use, access, and/or download of data from the NASA POWER Project' (AWS Open Data Registry entry)	CC BY 4.0, no restrictions on reuse	high	medium, monthly normals per city	REJECT	low	medium	out_of_window	high	REJECTED	REJECTED on SERP validation: KD 1.5 but Reddit and Conde Nast hold the results. 24 pages are already live and can stay; this is not an expansion target.	DEMAND_UNMEASURED	0/495	
C009756	/de/beste-reisezeit/2657896/	climate	weather.country-best-time	best-time-to-visit	2657896	2657896				2657896	de	de-DE							no										none		nasa-power-daily	yes	CC BY 4.0; 'There are no restrictions on the use, access, and/or download of data from the NASA POWER Project' (AWS Open Data Registry entry)	CC BY 4.0, no restrictions on reuse	high	medium, monthly normals per city	REJECT	low	medium	out_of_window	high	REJECTED	REJECTED on SERP validation: KD 1.5 but Reddit and Conde Nast hold the results. 24 pages are already live and can stay; this is not an expansion target.	DEMAND_UNMEASURED	0/495	
C009757	/en/best-time-to-visit/2657896/	climate	weather.country-best-time	best-time-to-visit	2657896	2657896				2657896	en	en-US							no										none		nasa-power-daily	yes	CC BY 4.0; 'There are no restrictions on the use, access, and/or download of data from the NASA POWER Project' (AWS Open Data Registry entry)	CC BY 4.0, no restrictions on reuse	high	medium, monthly normals per city	REJECT	low	medium	out_of_window	high	REJECTED	REJECTED on SERP validation: KD 1.5 but Reddit and Conde Nast hold the results. 24 pages are already live and can stay; this is not an expansion target.	DEMAND_UNMEASURED	0/495	
C009758	/es/mejor-epoca-para-viajar/2657896/	climate	weather.country-best-time	best-time-to-visit	2657896	2657896				2657896	es	es-ES							no										none		nasa-power-daily	yes	CC BY 4.0; 'There are no restrictions on the use, access, and/or download of data from the NASA POWER Project' (AWS Open Data Registry entry)	CC BY 4.0, no restrictions on reuse	high	medium, monthly normals per city	REJECT	low	medium	out_of_window	high	REJECTED	REJECTED on SERP validation: KD 1.5 but Reddit and Conde Nast hold the results. 24 pages are already live and can stay; this is not an expansion target.	DEMAND_UNMEASURED	0/495	
C009759	/fr/quand-partir/2657896/	climate	weather.country-best-time	best-time-to-visit	2657896	2657896				2657896	fr	fr-FR							no										none		nasa-power-daily	yes	CC BY 4.0; 'There are no restrictions on the use, access, and/or download of data from the NASA POWER Project' (AWS Open Data Registry entry)	CC BY 4.0, no restrictions on reuse	high	medium, monthly normals per city	REJECT	low	medium	out_of_window	high	REJECTED	REJECTED on SERP validation: KD 1.5 but Reddit and Conde Nast hold the results. 24 pages are already live and can stay; this is not an expansion target.	DEMAND_UNMEASURED	0/495	
C009760	/it/quando-andare/2657896/	climate	weather.country-best-time	best-time-to-visit	2657896	2657896				2657896	it	it-IT							no										none		nasa-power-daily	yes	CC BY 4.0; 'There are no restrictions on the use, access, and/or download of data from the NASA POWER Project' (AWS Open Data Registry entry)	CC BY 4.0, no restrictions on reuse	high	medium, monthly normals per city	REJECT	low	medium	out_of_window	high	REJECTED	REJECTED on SERP validation: KD 1.5 but Reddit and Conde Nast hold the results. 24 pages are already live and can stay; this is not an expansion target.	DEMAND_UNMEASURED	0/495	
C009761	/ja/best-season/2657896/	climate	weather.country-best-time	best-time-to-visit	2657896	2657896				2657896	ja	ja-JP							no										none		nasa-power-daily	yes	CC BY 4.0; 'There are no restrictions on the use, access, and/or download of data from the NASA POWER Project' (AWS Open Data Registry entry)	CC BY 4.0, no restrictions on reuse	high	medium, monthly normals per city	REJECT	low	medium	out_of_window	high	REJECTED	REJECTED on SERP validation: KD 1.5 but Reddit and Conde Nast hold the results. 24 pages are already live and can stay; this is not an expansion target.	DEMAND_UNMEASURED	0/495	
C009762	/nl/beste-reistijd/2657896/	climate	weather.country-best-time	best-time-to-visit	2657896	2657896				2657896	nl	nl-NL							no										none		nasa-power-daily	yes	CC BY 4.0; 'There are no restrictions on the use, access, and/or download of data from the NASA POWER Project' (AWS Open Data Registry entry)	CC BY 4.0, no restrictions on reuse	high	medium, monthly normals per city	REJECT	low	medium	out_of_window	high	REJECTED	REJECTED on SERP validation: KD 1.5 but Reddit and Conde Nast hold the results. 24 pages are already live and can stay; this is not an expansion target.	DEMAND_UNMEASURED	0/495	
C009763	/pl/kiedy-jechac/2657896/	climate	weather.country-best-time	best-time-to-visit	2657896	2657896				2657896	pl	pl-PL							no										none		nasa-power-daily	yes	CC BY 4.0; 'There are no restrictions on the use, access, and/or download of data from the NASA POWER Project' (AWS Open Data Registry entry)	CC BY 4.0, no restrictions on reuse	high	medium, monthly normals per city	REJECT	low	medium	out_of_window	high	REJECTED	REJECTED on SERP validation: KD 1.5 but Reddit and Conde Nast hold the results. 24 pages are already live and can stay; this is not an expansion target.	DEMAND_UNMEASURED	0/495	
C009764	/pt/melhor-epoca-para-viajar/2657896/	climate	weather.country-best-time	best-time-to-visit	2657896	2657896				2657896	pt	pt-BR							no										none		nasa-power-daily	yes	CC BY 4.0; 'There are no restrictions on the use, access, and/or download of data from the NASA POWER Project' (AWS Open Data Registry entry)	CC BY 4.0, no restrictions on reuse	high	medium, monthly normals per city	REJECT	low	medium	out_of_window	high	REJECTED	REJECTED on SERP validation: KD 1.5 but Reddit and Conde Nast hold the results. 24 pages are already live and can stay; this is not an expansion target.	DEMAND_UNMEASURED	0/495	
C009765	/de/beste-reisezeit/2659836/	climate	weather.country-best-time	best-time-to-visit	2659836	2659836				2659836	de	de-DE							no										none		nasa-power-daily	yes	CC BY 4.0; 'There are no restrictions on the use, access, and/or download of data from the NASA POWER Project' (AWS Open Data Registry entry)	CC BY 4.0, no restrictions on reuse	high	medium, monthly normals per city	REJECT	low	medium	out_of_window	high	REJECTED	REJECTED on SERP validation: KD 1.5 but Reddit and Conde Nast hold the results. 24 pages are already live and can stay; this is not an expansion target.	DEMAND_UNMEASURED	0/495	
C009766	/en/best-time-to-visit/2659836/	climate	weather.country-best-time	best-time-to-visit	2659836	2659836				2659836	en	en-US							no										none		nasa-power-daily	yes	CC BY 4.0; 'There are no restrictions on the use, access, and/or download of data from the NASA POWER Project' (AWS Open Data Registry entry)	CC BY 4.0, no restrictions on reuse	high	medium, monthly normals per city	REJECT	low	medium	out_of_window	high	REJECTED	REJECTED on SERP validation: KD 1.5 but Reddit and Conde Nast hold the results. 24 pages are already live and can stay; this is not an expansion target.	DEMAND_UNMEASURED	0/495	
C009767	/es/mejor-epoca-para-viajar/2659836/	climate	weather.country-best-time	best-time-to-visit	2659836	2659836				2659836	es	es-ES							no										none		nasa-power-daily	yes	CC BY 4.0; 'There are no restrictions on the use, access, and/or download of data from the NASA POWER Project' (AWS Open Data Registry entry)	CC BY 4.0, no restrictions on reuse	high	medium, monthly normals per city	REJECT	low	medium	out_of_window	high	REJECTED	REJECTED on SERP validation: KD 1.5 but Reddit and Conde Nast hold the results. 24 pages are already live and can stay; this is not an expansion target.	DEMAND_UNMEASURED	0/495	
C009768	/fr/quand-partir/2659836/	climate	weather.country-best-time	best-time-to-visit	2659836	2659836				2659836	fr	fr-FR							no										none		nasa-power-daily	yes	CC BY 4.0; 'There are no restrictions on the use, access, and/or download of data from the NASA POWER Project' (AWS Open Data Registry entry)	CC BY 4.0, no restrictions on reuse	high	medium, monthly normals per city	REJECT	low	medium	out_of_window	high	REJECTED	REJECTED on SERP validation: KD 1.5 but Reddit and Conde Nast hold the results. 24 pages are already live and can stay; this is not an expansion target.	DEMAND_UNMEASURED	0/495	
C009769	/it/quando-andare/2659836/	climate	weather.country-best-time	best-time-to-visit	2659836	2659836				2659836	it	it-IT							no										none		nasa-power-daily	yes	CC BY 4.0; 'There are no restrictions on the use, access, and/or download of data from the NASA POWER Project' (AWS Open Data Registry entry)	CC BY 4.0, no restrictions on reuse	high	medium, monthly normals per city	REJECT	low	medium	out_of_window	high	REJECTED	REJECTED on SERP validation: KD 1.5 but Reddit and Conde Nast hold the results. 24 pages are already live and can stay; this is not an expansion target.	DEMAND_UNMEASURED	0/495	
C009770	/ja/best-season/2659836/	climate	weather.country-best-time	best-time-to-visit	2659836	2659836				2659836	ja	ja-JP							no										none		nasa-power-daily	yes	CC BY 4.0; 'There are no restrictions on the use, access, and/or download of data from the NASA POWER Project' (AWS Open Data Registry entry)	CC BY 4.0, no restrictions on reuse	high	medium, monthly normals per city	REJECT	low	medium	out_of_window	high	REJECTED	REJECTED on SERP validation: KD 1.5 but Reddit and Conde Nast hold the results. 24 pages are already live and can stay; this is not an expansion target.	DEMAND_UNMEASURED	0/495	
C009771	/nl/beste-reistijd/2659836/	climate	weather.country-best-time	best-time-to-visit	2659836	2659836				2659836	nl	nl-NL							no										none		nasa-power-daily	yes	CC BY 4.0; 'There are no restrictions on the use, access, and/or download of data from the NASA POWER Project' (AWS Open Data Registry entry)	CC BY 4.0, no restrictions on reuse	high	medium, monthly normals per city	REJECT	low	medium	out_of_window	high	REJECTED	REJECTED on SERP validation: KD 1.5 but Reddit and Conde Nast hold the results. 24 pages are already live and can stay; this is not an expansion target.	DEMAND_UNMEASURED	0/495	
C009772	/pl/kiedy-jechac/2659836/	climate	weather.country-best-time	best-time-to-visit	2659836	2659836				2659836	pl	pl-PL							no										none		nasa-power-daily	yes	CC BY 4.0; 'There are no restrictions on the use, access, and/or download of data from the NASA POWER Project' (AWS Open Data Registry entry)	CC BY 4.0, no restrictions on reuse	high	medium, monthly normals per city	REJECT	low	medium	out_of_window	high	REJECTED	REJECTED on SERP validation: KD 1.5 but Reddit and Conde Nast hold the results. 24 pages are already live and can stay; this is not an expansion target.	DEMAND_UNMEASURED	0/495	
C009773	/pt/melhor-epoca-para-viajar/2659836/	climate	weather.country-best-time	best-time-to-visit	2659836	2659836				2659836	pt	pt-BR							no										none		nasa-power-daily	yes	CC BY 4.0; 'There are no restrictions on the use, access, and/or download of data from the NASA POWER Project' (AWS Open Data Registry entry)	CC BY 4.0, no restrictions on reuse	high	medium, monthly normals per city	REJECT	low	medium	out_of_window	high	REJECTED	REJECTED on SERP validation: KD 1.5 but Reddit and Conde Nast hold the results. 24 pages are already live and can stay; this is not an expansion target.	DEMAND_UNMEASURED	0/495	
C009774	/de/beste-reisezeit/2660646/	climate	weather.country-best-time	best-time-to-visit	2660646	2660646				2660646	de	de-DE							no										none		nasa-power-daily	yes	CC BY 4.0; 'There are no restrictions on the use, access, and/or download of data from the NASA POWER Project' (AWS Open Data Registry entry)	CC BY 4.0, no restrictions on reuse	high	medium, monthly normals per city	REJECT	low	medium	out_of_window	high	REJECTED	REJECTED on SERP validation: KD 1.5 but Reddit and Conde Nast hold the results. 24 pages are already live and can stay; this is not an expansion target.	DEMAND_UNMEASURED	0/495	
C009775	/en/best-time-to-visit/2660646/	climate	weather.country-best-time	best-time-to-visit	2660646	2660646				2660646	en	en-US							no										none		nasa-power-daily	yes	CC BY 4.0; 'There are no restrictions on the use, access, and/or download of data from the NASA POWER Project' (AWS Open Data Registry entry)	CC BY 4.0, no restrictions on reuse	high	medium, monthly normals per city	REJECT	low	medium	out_of_window	high	REJECTED	REJECTED on SERP validation: KD 1.5 but Reddit and Conde Nast hold the results. 24 pages are already live and can stay; this is not an expansion target.	DEMAND_UNMEASURED	0/495	
C009776	/es/mejor-epoca-para-viajar/2660646/	climate	weather.country-best-time	best-time-to-visit	2660646	2660646				2660646	es	es-ES							no										none		nasa-power-daily	yes	CC BY 4.0; 'There are no restrictions on the use, access, and/or download of data from the NASA POWER Project' (AWS Open Data Registry entry)	CC BY 4.0, no restrictions on reuse	high	medium, monthly normals per city	REJECT	low	medium	out_of_window	high	REJECTED	REJECTED on SERP validation: KD 1.5 but Reddit and Conde Nast hold the results. 24 pages are already live and can stay; this is not an expansion target.	DEMAND_UNMEASURED	0/495	
C009777	/fr/quand-partir/2660646/	climate	weather.country-best-time	best-time-to-visit	2660646	2660646				2660646	fr	fr-FR							no										none		nasa-power-daily	yes	CC BY 4.0; 'There are no restrictions on the use, access, and/or download of data from the NASA POWER Project' (AWS Open Data Registry entry)	CC BY 4.0, no restrictions on reuse	high	medium, monthly normals per city	REJECT	low	medium	out_of_window	high	REJECTED	REJECTED on SERP validation: KD 1.5 but Reddit and Conde Nast hold the results. 24 pages are already live and can stay; this is not an expansion target.	DEMAND_UNMEASURED	0/495	
C009778	/it/quando-andare/2660646/	climate	weather.country-best-time	best-time-to-visit	2660646	2660646				2660646	it	it-IT							no										none		nasa-power-daily	yes	CC BY 4.0; 'There are no restrictions on the use, access, and/or download of data from the NASA POWER Project' (AWS Open Data Registry entry)	CC BY 4.0, no restrictions on reuse	high	medium, monthly normals per city	REJECT	low	medium	out_of_window	high	REJECTED	REJECTED on SERP validation: KD 1.5 but Reddit and Conde Nast hold the results. 24 pages are already live and can stay; this is not an expansion target.	DEMAND_UNMEASURED	0/495	
C009779	/ja/best-season/2660646/	climate	weather.country-best-time	best-time-to-visit	2660646	2660646				2660646	ja	ja-JP							no										none		nasa-power-daily	yes	CC BY 4.0; 'There are no restrictions on the use, access, and/or download of data from the NASA POWER Project' (AWS Open Data Registry entry)	CC BY 4.0, no restrictions on reuse	high	medium, monthly normals per city	REJECT	low	medium	out_of_window	high	REJECTED	REJECTED on SERP validation: KD 1.5 but Reddit and Conde Nast hold the results. 24 pages are already live and can stay; this is not an expansion target.	DEMAND_UNMEASURED	0/495	
C009780	/nl/beste-reistijd/2660646/	climate	weather.country-best-time	best-time-to-visit	2660646	2660646				2660646	nl	nl-NL							no										none		nasa-power-daily	yes	CC BY 4.0; 'There are no restrictions on the use, access, and/or download of data from the NASA POWER Project' (AWS Open Data Registry entry)	CC BY 4.0, no restrictions on reuse	high	medium, monthly normals per city	REJECT	low	medium	out_of_window	high	REJECTED	REJECTED on SERP validation: KD 1.5 but Reddit and Conde Nast hold the results. 24 pages are already live and can stay; this is not an expansion target.	DEMAND_UNMEASURED	0/495	
C009781	/pl/kiedy-jechac/2660646/	climate	weather.country-best-time	best-time-to-visit	2660646	2660646				2660646	pl	pl-PL							no										none		nasa-power-daily	yes	CC BY 4.0; 'There are no restrictions on the use, access, and/or download of data from the NASA POWER Project' (AWS Open Data Registry entry)	CC BY 4.0, no restrictions on reuse	high	medium, monthly normals per city	REJECT	low	medium	out_of_window	high	REJECTED	REJECTED on SERP validation: KD 1.5 but Reddit and Conde Nast hold the results. 24 pages are already live and can stay; this is not an expansion target.	DEMAND_UNMEASURED	0/495	
C009782	/pt/melhor-epoca-para-viajar/2660646/	climate	weather.country-best-time	best-time-to-visit	2660646	2660646				2660646	pt	pt-BR							no										none		nasa-power-daily	yes	CC BY 4.0; 'There are no restrictions on the use, access, and/or download of data from the NASA POWER Project' (AWS Open Data Registry entry)	CC BY 4.0, no restrictions on reuse	high	medium, monthly normals per city	REJECT	low	medium	out_of_window	high	REJECTED	REJECTED on SERP validation: KD 1.5 but Reddit and Conde Nast hold the results. 24 pages are already live and can stay; this is not an expansion target.	DEMAND_UNMEASURED	0/495	
C009783	/de/beste-reisezeit/2735943/	climate	weather.country-best-time	best-time-to-visit	2735943	2735943				2735943	de	de-DE							no										none		nasa-power-daily	yes	CC BY 4.0; 'There are no restrictions on the use, access, and/or download of data from the NASA POWER Project' (AWS Open Data Registry entry)	CC BY 4.0, no restrictions on reuse	high	medium, monthly normals per city	REJECT	low	medium	out_of_window	high	REJECTED	REJECTED on SERP validation: KD 1.5 but Reddit and Conde Nast hold the results. 24 pages are already live and can stay; this is not an expansion target.	DEMAND_UNMEASURED	0/495	
C009784	/en/best-time-to-visit/2735943/	climate	weather.country-best-time	best-time-to-visit	2735943	2735943				2735943	en	en-US							no										none		nasa-power-daily	yes	CC BY 4.0; 'There are no restrictions on the use, access, and/or download of data from the NASA POWER Project' (AWS Open Data Registry entry)	CC BY 4.0, no restrictions on reuse	high	medium, monthly normals per city	REJECT	low	medium	out_of_window	high	REJECTED	REJECTED on SERP validation: KD 1.5 but Reddit and Conde Nast hold the results. 24 pages are already live and can stay; this is not an expansion target.	DEMAND_UNMEASURED	0/495	
C009785	/es/mejor-epoca-para-viajar/2735943/	climate	weather.country-best-time	best-time-to-visit	2735943	2735943				2735943	es	es-ES							no										none		nasa-power-daily	yes	CC BY 4.0; 'There are no restrictions on the use, access, and/or download of data from the NASA POWER Project' (AWS Open Data Registry entry)	CC BY 4.0, no restrictions on reuse	high	medium, monthly normals per city	REJECT	low	medium	out_of_window	high	REJECTED	REJECTED on SERP validation: KD 1.5 but Reddit and Conde Nast hold the results. 24 pages are already live and can stay; this is not an expansion target.	DEMAND_UNMEASURED	0/495	
C009786	/fr/quand-partir/2735943/	climate	weather.country-best-time	best-time-to-visit	2735943	2735943				2735943	fr	fr-FR							no										none		nasa-power-daily	yes	CC BY 4.0; 'There are no restrictions on the use, access, and/or download of data from the NASA POWER Project' (AWS Open Data Registry entry)	CC BY 4.0, no restrictions on reuse	high	medium, monthly normals per city	REJECT	low	medium	out_of_window	high	REJECTED	REJECTED on SERP validation: KD 1.5 but Reddit and Conde Nast hold the results. 24 pages are already live and can stay; this is not an expansion target.	DEMAND_UNMEASURED	0/495	
C009787	/it/quando-andare/2735943/	climate	weather.country-best-time	best-time-to-visit	2735943	2735943				2735943	it	it-IT							no										none		nasa-power-daily	yes	CC BY 4.0; 'There are no restrictions on the use, access, and/or download of data from the NASA POWER Project' (AWS Open Data Registry entry)	CC BY 4.0, no restrictions on reuse	high	medium, monthly normals per city	REJECT	low	medium	out_of_window	high	REJECTED	REJECTED on SERP validation: KD 1.5 but Reddit and Conde Nast hold the results. 24 pages are already live and can stay; this is not an expansion target.	DEMAND_UNMEASURED	0/495	
C009788	/ja/best-season/2735943/	climate	weather.country-best-time	best-time-to-visit	2735943	2735943				2735943	ja	ja-JP							no										none		nasa-power-daily	yes	CC BY 4.0; 'There are no restrictions on the use, access, and/or download of data from the NASA POWER Project' (AWS Open Data Registry entry)	CC BY 4.0, no restrictions on reuse	high	medium, monthly normals per city	REJECT	low	medium	out_of_window	high	REJECTED	REJECTED on SERP validation: KD 1.5 but Reddit and Conde Nast hold the results. 24 pages are already live and can stay; this is not an expansion target.	DEMAND_UNMEASURED	0/495	
C009789	/nl/beste-reistijd/2735943/	climate	weather.country-best-time	best-time-to-visit	2735943	2735943				2735943	nl	nl-NL							no										none		nasa-power-daily	yes	CC BY 4.0; 'There are no restrictions on the use, access, and/or download of data from the NASA POWER Project' (AWS Open Data Registry entry)	CC BY 4.0, no restrictions on reuse	high	medium, monthly normals per city	REJECT	low	medium	out_of_window	high	REJECTED	REJECTED on SERP validation: KD 1.5 but Reddit and Conde Nast hold the results. 24 pages are already live and can stay; this is not an expansion target.	DEMAND_UNMEASURED	0/495	
C009790	/pl/kiedy-jechac/2735943/	climate	weather.country-best-time	best-time-to-visit	2735943	2735943				2735943	pl	pl-PL							no										none		nasa-power-daily	yes	CC BY 4.0; 'There are no restrictions on the use, access, and/or download of data from the NASA POWER Project' (AWS Open Data Registry entry)	CC BY 4.0, no restrictions on reuse	high	medium, monthly normals per city	REJECT	low	medium	out_of_window	high	REJECTED	REJECTED on SERP validation: KD 1.5 but Reddit and Conde Nast hold the results. 24 pages are already live and can stay; this is not an expansion target.	DEMAND_UNMEASURED	0/495	
C009791	/pt/melhor-epoca-para-viajar/2735943/	climate	weather.country-best-time	best-time-to-visit	2735943	2735943				2735943	pt	pt-BR							no										none		nasa-power-daily	yes	CC BY 4.0; 'There are no restrictions on the use, access, and/or download of data from the NASA POWER Project' (AWS Open Data Registry entry)	CC BY 4.0, no restrictions on reuse	high	medium, monthly normals per city	REJECT	low	medium	out_of_window	high	REJECTED	REJECTED on SERP validation: KD 1.5 but Reddit and Conde Nast hold the results. 24 pages are already live and can stay; this is not an expansion target.	DEMAND_UNMEASURED	0/495	
C009792	/de/beste-reisezeit/2759794/	climate	weather.country-best-time	best-time-to-visit	2759794	2759794				2759794	de	de-DE							no										none		nasa-power-daily	yes	CC BY 4.0; 'There are no restrictions on the use, access, and/or download of data from the NASA POWER Project' (AWS Open Data Registry entry)	CC BY 4.0, no restrictions on reuse	high	medium, monthly normals per city	REJECT	low	medium	out_of_window	high	REJECTED	REJECTED on SERP validation: KD 1.5 but Reddit and Conde Nast hold the results. 24 pages are already live and can stay; this is not an expansion target.	DEMAND_UNMEASURED	0/495	
C009793	/en/best-time-to-visit/2759794/	climate	weather.country-best-time	best-time-to-visit	2759794	2759794				2759794	en	en-US							no										none		nasa-power-daily	yes	CC BY 4.0; 'There are no restrictions on the use, access, and/or download of data from the NASA POWER Project' (AWS Open Data Registry entry)	CC BY 4.0, no restrictions on reuse	high	medium, monthly normals per city	REJECT	low	medium	out_of_window	high	REJECTED	REJECTED on SERP validation: KD 1.5 but Reddit and Conde Nast hold the results. 24 pages are already live and can stay; this is not an expansion target.	DEMAND_UNMEASURED	0/495	
C009794	/es/mejor-epoca-para-viajar/2759794/	climate	weather.country-best-time	best-time-to-visit	2759794	2759794				2759794	es	es-ES							no										none		nasa-power-daily	yes	CC BY 4.0; 'There are no restrictions on the use, access, and/or download of data from the NASA POWER Project' (AWS Open Data Registry entry)	CC BY 4.0, no restrictions on reuse	high	medium, monthly normals per city	REJECT	low	medium	out_of_window	high	REJECTED	REJECTED on SERP validation: KD 1.5 but Reddit and Conde Nast hold the results. 24 pages are already live and can stay; this is not an expansion target.	DEMAND_UNMEASURED	0/495	
C009795	/fr/quand-partir/2759794/	climate	weather.country-best-time	best-time-to-visit	2759794	2759794				2759794	fr	fr-FR							no										none		nasa-power-daily	yes	CC BY 4.0; 'There are no restrictions on the use, access, and/or download of data from the NASA POWER Project' (AWS Open Data Registry entry)	CC BY 4.0, no restrictions on reuse	high	medium, monthly normals per city	REJECT	low	medium	out_of_window	high	REJECTED	REJECTED on SERP validation: KD 1.5 but Reddit and Conde Nast hold the results. 24 pages are already live and can stay; this is not an expansion target.	DEMAND_UNMEASURED	0/495	
C009796	/it/quando-andare/2759794/	climate	weather.country-best-time	best-time-to-visit	2759794	2759794				2759794	it	it-IT							no										none		nasa-power-daily	yes	CC BY 4.0; 'There are no restrictions on the use, access, and/or download of data from the NASA POWER Project' (AWS Open Data Registry entry)	CC BY 4.0, no restrictions on reuse	high	medium, monthly normals per city	REJECT	low	medium	out_of_window	high	REJECTED	REJECTED on SERP validation: KD 1.5 but Reddit and Conde Nast hold the results. 24 pages are already live and can stay; this is not an expansion target.	DEMAND_UNMEASURED	0/495	
C009797	/ja/best-season/2759794/	climate	weather.country-best-time	best-time-to-visit	2759794	2759794				2759794	ja	ja-JP							no										none		nasa-power-daily	yes	CC BY 4.0; 'There are no restrictions on the use, access, and/or download of data from the NASA POWER Project' (AWS Open Data Registry entry)	CC BY 4.0, no restrictions on reuse	high	medium, monthly normals per city	REJECT	low	medium	out_of_window	high	REJECTED	REJECTED on SERP validation: KD 1.5 but Reddit and Conde Nast hold the results. 24 pages are already live and can stay; this is not an expansion target.	DEMAND_UNMEASURED	0/495	
C009798	/nl/beste-reistijd/2759794/	climate	weather.country-best-time	best-time-to-visit	2759794	2759794				2759794	nl	nl-NL							no										none		nasa-power-daily	yes	CC BY 4.0; 'There are no restrictions on the use, access, and/or download of data from the NASA POWER Project' (AWS Open Data Registry entry)	CC BY 4.0, no restrictions on reuse	high	medium, monthly normals per city	REJECT	low	medium	out_of_window	high	REJECTED	REJECTED on SERP validation: KD 1.5 but Reddit and Conde Nast hold the results. 24 pages are already live and can stay; this is not an expansion target.	DEMAND_UNMEASURED	0/495	
C009799	/pl/kiedy-jechac/2759794/	climate	weather.country-best-time	best-time-to-visit	2759794	2759794				2759794	pl	pl-PL							no										none		nasa-power-daily	yes	CC BY 4.0; 'There are no restrictions on the use, access, and/or download of data from the NASA POWER Project' (AWS Open Data Registry entry)	CC BY 4.0, no restrictions on reuse	high	medium, monthly normals per city	REJECT	low	medium	out_of_window	high	REJECTED	REJECTED on SERP validation: KD 1.5 but Reddit and Conde Nast hold the results. 24 pages are already live and can stay; this is not an expansion target.	DEMAND_UNMEASURED	0/495	
C009800	/pt/melhor-epoca-para-viajar/2759794/	climate	weather.country-best-time	best-time-to-visit	2759794	2759794				2759794	pt	pt-BR							no										none		nasa-power-daily	yes	CC BY 4.0; 'There are no restrictions on the use, access, and/or download of data from the NASA POWER Project' (AWS Open Data Registry entry)	CC BY 4.0, no restrictions on reuse	high	medium, monthly normals per city	REJECT	low	medium	out_of_window	high	REJECTED	REJECTED on SERP validation: KD 1.5 but Reddit and Conde Nast hold the results. 24 pages are already live and can stay; this is not an expansion target.	DEMAND_UNMEASURED	0/495	
C009801	/de/beste-reisezeit/2988507/	climate	weather.country-best-time	best-time-to-visit	2988507	2988507				2988507	de	de-DE							no										none		nasa-power-daily	yes	CC BY 4.0; 'There are no restrictions on the use, access, and/or download of data from the NASA POWER Project' (AWS Open Data Registry entry)	CC BY 4.0, no restrictions on reuse	high	medium, monthly normals per city	REJECT	low	medium	out_of_window	high	REJECTED	REJECTED on SERP validation: KD 1.5 but Reddit and Conde Nast hold the results. 24 pages are already live and can stay; this is not an expansion target.	DEMAND_UNMEASURED	0/495	
C009802	/en/best-time-to-visit/2988507/	climate	weather.country-best-time	best-time-to-visit	2988507	2988507				2988507	en	en-US							no										none		nasa-power-daily	yes	CC BY 4.0; 'There are no restrictions on the use, access, and/or download of data from the NASA POWER Project' (AWS Open Data Registry entry)	CC BY 4.0, no restrictions on reuse	high	medium, monthly normals per city	REJECT	low	medium	out_of_window	high	REJECTED	REJECTED on SERP validation: KD 1.5 but Reddit and Conde Nast hold the results. 24 pages are already live and can stay; this is not an expansion target.	DEMAND_UNMEASURED	0/495	
C009803	/es/mejor-epoca-para-viajar/2988507/	climate	weather.country-best-time	best-time-to-visit	2988507	2988507				2988507	es	es-ES							no										none		nasa-power-daily	yes	CC BY 4.0; 'There are no restrictions on the use, access, and/or download of data from the NASA POWER Project' (AWS Open Data Registry entry)	CC BY 4.0, no restrictions on reuse	high	medium, monthly normals per city	REJECT	low	medium	out_of_window	high	REJECTED	REJECTED on SERP validation: KD 1.5 but Reddit and Conde Nast hold the results. 24 pages are already live and can stay; this is not an expansion target.	DEMAND_UNMEASURED	0/495	
C009804	/fr/quand-partir/2988507/	climate	weather.country-best-time	best-time-to-visit	2988507	2988507				2988507	fr	fr-FR							no										none		nasa-power-daily	yes	CC BY 4.0; 'There are no restrictions on the use, access, and/or download of data from the NASA POWER Project' (AWS Open Data Registry entry)	CC BY 4.0, no restrictions on reuse	high	medium, monthly normals per city	REJECT	low	medium	out_of_window	high	REJECTED	REJECTED on SERP validation: KD 1.5 but Reddit and Conde Nast hold the results. 24 pages are already live and can stay; this is not an expansion target.	DEMAND_UNMEASURED	0/495	
C009805	/it/quando-andare/2988507/	climate	weather.country-best-time	best-time-to-visit	2988507	2988507				2988507	it	it-IT							no										none		nasa-power-daily	yes	CC BY 4.0; 'There are no restrictions on the use, access, and/or download of data from the NASA POWER Project' (AWS Open Data Registry entry)	CC BY 4.0, no restrictions on reuse	high	medium, monthly normals per city	REJECT	low	medium	out_of_window	high	REJECTED	REJECTED on SERP validation: KD 1.5 but Reddit and Conde Nast hold the results. 24 pages are already live and can stay; this is not an expansion target.	DEMAND_UNMEASURED	0/495	
C009806	/ja/best-season/2988507/	climate	weather.country-best-time	best-time-to-visit	2988507	2988507				2988507	ja	ja-JP							no										none		nasa-power-daily	yes	CC BY 4.0; 'There are no restrictions on the use, access, and/or download of data from the NASA POWER Project' (AWS Open Data Registry entry)	CC BY 4.0, no restrictions on reuse	high	medium, monthly normals per city	REJECT	low	medium	out_of_window	high	REJECTED	REJECTED on SERP validation: KD 1.5 but Reddit and Conde Nast hold the results. 24 pages are already live and can stay; this is not an expansion target.	DEMAND_UNMEASURED	0/495	
C009807	/nl/beste-reistijd/2988507/	climate	weather.country-best-time	best-time-to-visit	2988507	2988507				2988507	nl	nl-NL							no										none		nasa-power-daily	yes	CC BY 4.0; 'There are no restrictions on the use, access, and/or download of data from the NASA POWER Project' (AWS Open Data Registry entry)	CC BY 4.0, no restrictions on reuse	high	medium, monthly normals per city	REJECT	low	medium	out_of_window	high	REJECTED	REJECTED on SERP validation: KD 1.5 but Reddit and Conde Nast hold the results. 24 pages are already live and can stay; this is not an expansion target.	DEMAND_UNMEASURED	0/495	
C009808	/pl/kiedy-jechac/2988507/	climate	weather.country-best-time	best-time-to-visit	2988507	2988507				2988507	pl	pl-PL							no										none		nasa-power-daily	yes	CC BY 4.0; 'There are no restrictions on the use, access, and/or download of data from the NASA POWER Project' (AWS Open Data Registry entry)	CC BY 4.0, no restrictions on reuse	high	medium, monthly normals per city	REJECT	low	medium	out_of_window	high	REJECTED	REJECTED on SERP validation: KD 1.5 but Reddit and Conde Nast hold the results. 24 pages are already live and can stay; this is not an expansion target.	DEMAND_UNMEASURED	0/495	
C009809	/pt/melhor-epoca-para-viajar/2988507/	climate	weather.country-best-time	best-time-to-visit	2988507	2988507				2988507	pt	pt-BR							no										none		nasa-power-daily	yes	CC BY 4.0; 'There are no restrictions on the use, access, and/or download of data from the NASA POWER Project' (AWS Open Data Registry entry)	CC BY 4.0, no restrictions on reuse	high	medium, monthly normals per city	REJECT	low	medium	out_of_window	high	REJECTED	REJECTED on SERP validation: KD 1.5 but Reddit and Conde Nast hold the results. 24 pages are already live and can stay; this is not an expansion target.	DEMAND_UNMEASURED	0/495	
C009810	/de/beste-reisezeit/2990440/	climate	weather.country-best-time	best-time-to-visit	2990440	2990440				2990440	de	de-DE							no										none		nasa-power-daily	yes	CC BY 4.0; 'There are no restrictions on the use, access, and/or download of data from the NASA POWER Project' (AWS Open Data Registry entry)	CC BY 4.0, no restrictions on reuse	high	medium, monthly normals per city	REJECT	low	medium	out_of_window	high	REJECTED	REJECTED on SERP validation: KD 1.5 but Reddit and Conde Nast hold the results. 24 pages are already live and can stay; this is not an expansion target.	DEMAND_UNMEASURED	0/495	
C009811	/en/best-time-to-visit/2990440/	climate	weather.country-best-time	best-time-to-visit	2990440	2990440				2990440	en	en-US							no										none		nasa-power-daily	yes	CC BY 4.0; 'There are no restrictions on the use, access, and/or download of data from the NASA POWER Project' (AWS Open Data Registry entry)	CC BY 4.0, no restrictions on reuse	high	medium, monthly normals per city	REJECT	low	medium	out_of_window	high	REJECTED	REJECTED on SERP validation: KD 1.5 but Reddit and Conde Nast hold the results. 24 pages are already live and can stay; this is not an expansion target.	DEMAND_UNMEASURED	0/495	
C009812	/es/mejor-epoca-para-viajar/2990440/	climate	weather.country-best-time	best-time-to-visit	2990440	2990440				2990440	es	es-ES							no										none		nasa-power-daily	yes	CC BY 4.0; 'There are no restrictions on the use, access, and/or download of data from the NASA POWER Project' (AWS Open Data Registry entry)	CC BY 4.0, no restrictions on reuse	high	medium, monthly normals per city	REJECT	low	medium	out_of_window	high	REJECTED	REJECTED on SERP validation: KD 1.5 but Reddit and Conde Nast hold the results. 24 pages are already live and can stay; this is not an expansion target.	DEMAND_UNMEASURED	0/495	
C009813	/fr/quand-partir/2990440/	climate	weather.country-best-time	best-time-to-visit	2990440	2990440				2990440	fr	fr-FR							no										none		nasa-power-daily	yes	CC BY 4.0; 'There are no restrictions on the use, access, and/or download of data from the NASA POWER Project' (AWS Open Data Registry entry)	CC BY 4.0, no restrictions on reuse	high	medium, monthly normals per city	REJECT	low	medium	out_of_window	high	REJECTED	REJECTED on SERP validation: KD 1.5 but Reddit and Conde Nast hold the results. 24 pages are already live and can stay; this is not an expansion target.	DEMAND_UNMEASURED	0/495	
C009814	/it/quando-andare/2990440/	climate	weather.country-best-time	best-time-to-visit	2990440	2990440				2990440	it	it-IT							no										none		nasa-power-daily	yes	CC BY 4.0; 'There are no restrictions on the use, access, and/or download of data from the NASA POWER Project' (AWS Open Data Registry entry)	CC BY 4.0, no restrictions on reuse	high	medium, monthly normals per city	REJECT	low	medium	out_of_window	high	REJECTED	REJECTED on SERP validation: KD 1.5 but Reddit and Conde Nast hold the results. 24 pages are already live and can stay; this is not an expansion target.	DEMAND_UNMEASURED	0/495	
C009815	/ja/best-season/2990440/	climate	weather.country-best-time	best-time-to-visit	2990440	2990440				2990440	ja	ja-JP							no										none		nasa-power-daily	yes	CC BY 4.0; 'There are no restrictions on the use, access, and/or download of data from the NASA POWER Project' (AWS Open Data Registry entry)	CC BY 4.0, no restrictions on reuse	high	medium, monthly normals per city	REJECT	low	medium	out_of_window	high	REJECTED	REJECTED on SERP validation: KD 1.5 but Reddit and Conde Nast hold the results. 24 pages are already live and can stay; this is not an expansion target.	DEMAND_UNMEASURED	0/495	
C009816	/nl/beste-reistijd/2990440/	climate	weather.country-best-time	best-time-to-visit	2990440	2990440				2990440	nl	nl-NL							no										none		nasa-power-daily	yes	CC BY 4.0; 'There are no restrictions on the use, access, and/or download of data from the NASA POWER Project' (AWS Open Data Registry entry)	CC BY 4.0, no restrictions on reuse	high	medium, monthly normals per city	REJECT	low	medium	out_of_window	high	REJECTED	REJECTED on SERP validation: KD 1.5 but Reddit and Conde Nast hold the results. 24 pages are already live and can stay; this is not an expansion target.	DEMAND_UNMEASURED	0/495	
C009817	/pl/kiedy-jechac/2990440/	climate	weather.country-best-time	best-time-to-visit	2990440	2990440				2990440	pl	pl-PL							no										none		nasa-power-daily	yes	CC BY 4.0; 'There are no restrictions on the use, access, and/or download of data from the NASA POWER Project' (AWS Open Data Registry entry)	CC BY 4.0, no restrictions on reuse	high	medium, monthly normals per city	REJECT	low	medium	out_of_window	high	REJECTED	REJECTED on SERP validation: KD 1.5 but Reddit and Conde Nast hold the results. 24 pages are already live and can stay; this is not an expansion target.	DEMAND_UNMEASURED	0/495	
C009818	/pt/melhor-epoca-para-viajar/2990440/	climate	weather.country-best-time	best-time-to-visit	2990440	2990440				2990440	pt	pt-BR							no										none		nasa-power-daily	yes	CC BY 4.0; 'There are no restrictions on the use, access, and/or download of data from the NASA POWER Project' (AWS Open Data Registry entry)	CC BY 4.0, no restrictions on reuse	high	medium, monthly normals per city	REJECT	low	medium	out_of_window	high	REJECTED	REJECTED on SERP validation: KD 1.5 but Reddit and Conde Nast hold the results. 24 pages are already live and can stay; this is not an expansion target.	DEMAND_UNMEASURED	0/495	
C009819	/de/beste-reisezeit/2996944/	climate	weather.country-best-time	best-time-to-visit	2996944	2996944				2996944	de	de-DE							no										none		nasa-power-daily	yes	CC BY 4.0; 'There are no restrictions on the use, access, and/or download of data from the NASA POWER Project' (AWS Open Data Registry entry)	CC BY 4.0, no restrictions on reuse	high	medium, monthly normals per city	REJECT	low	medium	out_of_window	high	REJECTED	REJECTED on SERP validation: KD 1.5 but Reddit and Conde Nast hold the results. 24 pages are already live and can stay; this is not an expansion target.	DEMAND_UNMEASURED	0/495	
C009820	/en/best-time-to-visit/2996944/	climate	weather.country-best-time	best-time-to-visit	2996944	2996944				2996944	en	en-US							no										none		nasa-power-daily	yes	CC BY 4.0; 'There are no restrictions on the use, access, and/or download of data from the NASA POWER Project' (AWS Open Data Registry entry)	CC BY 4.0, no restrictions on reuse	high	medium, monthly normals per city	REJECT	low	medium	out_of_window	high	REJECTED	REJECTED on SERP validation: KD 1.5 but Reddit and Conde Nast hold the results. 24 pages are already live and can stay; this is not an expansion target.	DEMAND_UNMEASURED	0/495	
C009821	/es/mejor-epoca-para-viajar/2996944/	climate	weather.country-best-time	best-time-to-visit	2996944	2996944				2996944	es	es-ES							no										none		nasa-power-daily	yes	CC BY 4.0; 'There are no restrictions on the use, access, and/or download of data from the NASA POWER Project' (AWS Open Data Registry entry)	CC BY 4.0, no restrictions on reuse	high	medium, monthly normals per city	REJECT	low	medium	out_of_window	high	REJECTED	REJECTED on SERP validation: KD 1.5 but Reddit and Conde Nast hold the results. 24 pages are already live and can stay; this is not an expansion target.	DEMAND_UNMEASURED	0/495	
C009822	/fr/quand-partir/2996944/	climate	weather.country-best-time	best-time-to-visit	2996944	2996944				2996944	fr	fr-FR							no										none		nasa-power-daily	yes	CC BY 4.0; 'There are no restrictions on the use, access, and/or download of data from the NASA POWER Project' (AWS Open Data Registry entry)	CC BY 4.0, no restrictions on reuse	high	medium, monthly normals per city	REJECT	low	medium	out_of_window	high	REJECTED	REJECTED on SERP validation: KD 1.5 but Reddit and Conde Nast hold the results. 24 pages are already live and can stay; this is not an expansion target.	DEMAND_UNMEASURED	0/495	
C009823	/it/quando-andare/2996944/	climate	weather.country-best-time	best-time-to-visit	2996944	2996944				2996944	it	it-IT							no										none		nasa-power-daily	yes	CC BY 4.0; 'There are no restrictions on the use, access, and/or download of data from the NASA POWER Project' (AWS Open Data Registry entry)	CC BY 4.0, no restrictions on reuse	high	medium, monthly normals per city	REJECT	low	medium	out_of_window	high	REJECTED	REJECTED on SERP validation: KD 1.5 but Reddit and Conde Nast hold the results. 24 pages are already live and can stay; this is not an expansion target.	DEMAND_UNMEASURED	0/495	
C009824	/ja/best-season/2996944/	climate	weather.country-best-time	best-time-to-visit	2996944	2996944				2996944	ja	ja-JP							no										none		nasa-power-daily	yes	CC BY 4.0; 'There are no restrictions on the use, access, and/or download of data from the NASA POWER Project' (AWS Open Data Registry entry)	CC BY 4.0, no restrictions on reuse	high	medium, monthly normals per city	REJECT	low	medium	out_of_window	high	REJECTED	REJECTED on SERP validation: KD 1.5 but Reddit and Conde Nast hold the results. 24 pages are already live and can stay; this is not an expansion target.	DEMAND_UNMEASURED	0/495	
C009825	/nl/beste-reistijd/2996944/	climate	weather.country-best-time	best-time-to-visit	2996944	2996944				2996944	nl	nl-NL							no										none		nasa-power-daily	yes	CC BY 4.0; 'There are no restrictions on the use, access, and/or download of data from the NASA POWER Project' (AWS Open Data Registry entry)	CC BY 4.0, no restrictions on reuse	high	medium, monthly normals per city	REJECT	low	medium	out_of_window	high	REJECTED	REJECTED on SERP validation: KD 1.5 but Reddit and Conde Nast hold the results. 24 pages are already live and can stay; this is not an expansion target.	DEMAND_UNMEASURED	0/495	
C009826	/pl/kiedy-jechac/2996944/	climate	weather.country-best-time	best-time-to-visit	2996944	2996944				2996944	pl	pl-PL							no										none		nasa-power-daily	yes	CC BY 4.0; 'There are no restrictions on the use, access, and/or download of data from the NASA POWER Project' (AWS Open Data Registry entry)	CC BY 4.0, no restrictions on reuse	high	medium, monthly normals per city	REJECT	low	medium	out_of_window	high	REJECTED	REJECTED on SERP validation: KD 1.5 but Reddit and Conde Nast hold the results. 24 pages are already live and can stay; this is not an expansion target.	DEMAND_UNMEASURED	0/495	
C009827	/pt/melhor-epoca-para-viajar/2996944/	climate	weather.country-best-time	best-time-to-visit	2996944	2996944				2996944	pt	pt-BR							no										none		nasa-power-daily	yes	CC BY 4.0; 'There are no restrictions on the use, access, and/or download of data from the NASA POWER Project' (AWS Open Data Registry entry)	CC BY 4.0, no restrictions on reuse	high	medium, monthly normals per city	REJECT	low	medium	out_of_window	high	REJECTED	REJECTED on SERP validation: KD 1.5 but Reddit and Conde Nast hold the results. 24 pages are already live and can stay; this is not an expansion target.	DEMAND_UNMEASURED	0/495	
C009828	/de/beste-reisezeit/3067696/	climate	weather.country-best-time	best-time-to-visit	3067696	3067696				3067696	de	de-DE							no										none		nasa-power-daily	yes	CC BY 4.0; 'There are no restrictions on the use, access, and/or download of data from the NASA POWER Project' (AWS Open Data Registry entry)	CC BY 4.0, no restrictions on reuse	high	medium, monthly normals per city	REJECT	low	medium	out_of_window	high	REJECTED	REJECTED on SERP validation: KD 1.5 but Reddit and Conde Nast hold the results. 24 pages are already live and can stay; this is not an expansion target.	DEMAND_UNMEASURED	0/495	
C009829	/en/best-time-to-visit/3067696/	climate	weather.country-best-time	best-time-to-visit	3067696	3067696				3067696	en	en-US							no										none		nasa-power-daily	yes	CC BY 4.0; 'There are no restrictions on the use, access, and/or download of data from the NASA POWER Project' (AWS Open Data Registry entry)	CC BY 4.0, no restrictions on reuse	high	medium, monthly normals per city	REJECT	low	medium	out_of_window	high	REJECTED	REJECTED on SERP validation: KD 1.5 but Reddit and Conde Nast hold the results. 24 pages are already live and can stay; this is not an expansion target.	DEMAND_UNMEASURED	0/495	
C009830	/es/mejor-epoca-para-viajar/3067696/	climate	weather.country-best-time	best-time-to-visit	3067696	3067696				3067696	es	es-ES							no										none		nasa-power-daily	yes	CC BY 4.0; 'There are no restrictions on the use, access, and/or download of data from the NASA POWER Project' (AWS Open Data Registry entry)	CC BY 4.0, no restrictions on reuse	high	medium, monthly normals per city	REJECT	low	medium	out_of_window	high	REJECTED	REJECTED on SERP validation: KD 1.5 but Reddit and Conde Nast hold the results. 24 pages are already live and can stay; this is not an expansion target.	DEMAND_UNMEASURED	0/495	
C009831	/fr/quand-partir/3067696/	climate	weather.country-best-time	best-time-to-visit	3067696	3067696				3067696	fr	fr-FR							no										none		nasa-power-daily	yes	CC BY 4.0; 'There are no restrictions on the use, access, and/or download of data from the NASA POWER Project' (AWS Open Data Registry entry)	CC BY 4.0, no restrictions on reuse	high	medium, monthly normals per city	REJECT	low	medium	out_of_window	high	REJECTED	REJECTED on SERP validation: KD 1.5 but Reddit and Conde Nast hold the results. 24 pages are already live and can stay; this is not an expansion target.	DEMAND_UNMEASURED	0/495	
C009832	/it/quando-andare/3067696/	climate	weather.country-best-time	best-time-to-visit	3067696	3067696				3067696	it	it-IT							no										none		nasa-power-daily	yes	CC BY 4.0; 'There are no restrictions on the use, access, and/or download of data from the NASA POWER Project' (AWS Open Data Registry entry)	CC BY 4.0, no restrictions on reuse	high	medium, monthly normals per city	REJECT	low	medium	out_of_window	high	REJECTED	REJECTED on SERP validation: KD 1.5 but Reddit and Conde Nast hold the results. 24 pages are already live and can stay; this is not an expansion target.	DEMAND_UNMEASURED	0/495	
C009833	/ja/best-season/3067696/	climate	weather.country-best-time	best-time-to-visit	3067696	3067696				3067696	ja	ja-JP							no										none		nasa-power-daily	yes	CC BY 4.0; 'There are no restrictions on the use, access, and/or download of data from the NASA POWER Project' (AWS Open Data Registry entry)	CC BY 4.0, no restrictions on reuse	high	medium, monthly normals per city	REJECT	low	medium	out_of_window	high	REJECTED	REJECTED on SERP validation: KD 1.5 but Reddit and Conde Nast hold the results. 24 pages are already live and can stay; this is not an expansion target.	DEMAND_UNMEASURED	0/495	
C009834	/nl/beste-reistijd/3067696/	climate	weather.country-best-time	best-time-to-visit	3067696	3067696				3067696	nl	nl-NL							no										none		nasa-power-daily	yes	CC BY 4.0; 'There are no restrictions on the use, access, and/or download of data from the NASA POWER Project' (AWS Open Data Registry entry)	CC BY 4.0, no restrictions on reuse	high	medium, monthly normals per city	REJECT	low	medium	out_of_window	high	REJECTED	REJECTED on SERP validation: KD 1.5 but Reddit and Conde Nast hold the results. 24 pages are already live and can stay; this is not an expansion target.	DEMAND_UNMEASURED	0/495	
C009835	/pl/kiedy-jechac/3067696/	climate	weather.country-best-time	best-time-to-visit	3067696	3067696				3067696	pl	pl-PL							no										none		nasa-power-daily	yes	CC BY 4.0; 'There are no restrictions on the use, access, and/or download of data from the NASA POWER Project' (AWS Open Data Registry entry)	CC BY 4.0, no restrictions on reuse	high	medium, monthly normals per city	REJECT	low	medium	out_of_window	high	REJECTED	REJECTED on SERP validation: KD 1.5 but Reddit and Conde Nast hold the results. 24 pages are already live and can stay; this is not an expansion target.	DEMAND_UNMEASURED	0/495	
C009836	/pt/melhor-epoca-para-viajar/3067696/	climate	weather.country-best-time	best-time-to-visit	3067696	3067696				3067696	pt	pt-BR							no										none		nasa-power-daily	yes	CC BY 4.0; 'There are no restrictions on the use, access, and/or download of data from the NASA POWER Project' (AWS Open Data Registry entry)	CC BY 4.0, no restrictions on reuse	high	medium, monthly normals per city	REJECT	low	medium	out_of_window	high	REJECTED	REJECTED on SERP validation: KD 1.5 but Reddit and Conde Nast hold the results. 24 pages are already live and can stay; this is not an expansion target.	DEMAND_UNMEASURED	0/495	
C009837	/de/beste-reisezeit/3117735/	climate	weather.country-best-time	best-time-to-visit	3117735	3117735				3117735	de	de-DE							no										none		nasa-power-daily	yes	CC BY 4.0; 'There are no restrictions on the use, access, and/or download of data from the NASA POWER Project' (AWS Open Data Registry entry)	CC BY 4.0, no restrictions on reuse	high	medium, monthly normals per city	REJECT	low	medium	out_of_window	high	REJECTED	REJECTED on SERP validation: KD 1.5 but Reddit and Conde Nast hold the results. 24 pages are already live and can stay; this is not an expansion target.	DEMAND_UNMEASURED	0/495	
C009838	/en/best-time-to-visit/3117735/	climate	weather.country-best-time	best-time-to-visit	3117735	3117735				3117735	en	en-US							no										none		nasa-power-daily	yes	CC BY 4.0; 'There are no restrictions on the use, access, and/or download of data from the NASA POWER Project' (AWS Open Data Registry entry)	CC BY 4.0, no restrictions on reuse	high	medium, monthly normals per city	REJECT	low	medium	out_of_window	high	REJECTED	REJECTED on SERP validation: KD 1.5 but Reddit and Conde Nast hold the results. 24 pages are already live and can stay; this is not an expansion target.	DEMAND_UNMEASURED	0/495	
C009839	/es/mejor-epoca-para-viajar/3117735/	climate	weather.country-best-time	best-time-to-visit	3117735	3117735				3117735	es	es-ES							no										none		nasa-power-daily	yes	CC BY 4.0; 'There are no restrictions on the use, access, and/or download of data from the NASA POWER Project' (AWS Open Data Registry entry)	CC BY 4.0, no restrictions on reuse	high	medium, monthly normals per city	REJECT	low	medium	out_of_window	high	REJECTED	REJECTED on SERP validation: KD 1.5 but Reddit and Conde Nast hold the results. 24 pages are already live and can stay; this is not an expansion target.	DEMAND_UNMEASURED	0/495	
C009840	/fr/quand-partir/3117735/	climate	weather.country-best-time	best-time-to-visit	3117735	3117735				3117735	fr	fr-FR							no										none		nasa-power-daily	yes	CC BY 4.0; 'There are no restrictions on the use, access, and/or download of data from the NASA POWER Project' (AWS Open Data Registry entry)	CC BY 4.0, no restrictions on reuse	high	medium, monthly normals per city	REJECT	low	medium	out_of_window	high	REJECTED	REJECTED on SERP validation: KD 1.5 but Reddit and Conde Nast hold the results. 24 pages are already live and can stay; this is not an expansion target.	DEMAND_UNMEASURED	0/495	
C009841	/it/quando-andare/3117735/	climate	weather.country-best-time	best-time-to-visit	3117735	3117735				3117735	it	it-IT							no										none		nasa-power-daily	yes	CC BY 4.0; 'There are no restrictions on the use, access, and/or download of data from the NASA POWER Project' (AWS Open Data Registry entry)	CC BY 4.0, no restrictions on reuse	high	medium, monthly normals per city	REJECT	low	medium	out_of_window	high	REJECTED	REJECTED on SERP validation: KD 1.5 but Reddit and Conde Nast hold the results. 24 pages are already live and can stay; this is not an expansion target.	DEMAND_UNMEASURED	0/495	
C009842	/ja/best-season/3117735/	climate	weather.country-best-time	best-time-to-visit	3117735	3117735				3117735	ja	ja-JP							no										none		nasa-power-daily	yes	CC BY 4.0; 'There are no restrictions on the use, access, and/or download of data from the NASA POWER Project' (AWS Open Data Registry entry)	CC BY 4.0, no restrictions on reuse	high	medium, monthly normals per city	REJECT	low	medium	out_of_window	high	REJECTED	REJECTED on SERP validation: KD 1.5 but Reddit and Conde Nast hold the results. 24 pages are already live and can stay; this is not an expansion target.	DEMAND_UNMEASURED	0/495	
C009843	/nl/beste-reistijd/3117735/	climate	weather.country-best-time	best-time-to-visit	3117735	3117735				3117735	nl	nl-NL							no										none		nasa-power-daily	yes	CC BY 4.0; 'There are no restrictions on the use, access, and/or download of data from the NASA POWER Project' (AWS Open Data Registry entry)	CC BY 4.0, no restrictions on reuse	high	medium, monthly normals per city	REJECT	low	medium	out_of_window	high	REJECTED	REJECTED on SERP validation: KD 1.5 but Reddit and Conde Nast hold the results. 24 pages are already live and can stay; this is not an expansion target.	DEMAND_UNMEASURED	0/495	
C009844	/pl/kiedy-jechac/3117735/	climate	weather.country-best-time	best-time-to-visit	3117735	3117735				3117735	pl	pl-PL							no										none		nasa-power-daily	yes	CC BY 4.0; 'There are no restrictions on the use, access, and/or download of data from the NASA POWER Project' (AWS Open Data Registry entry)	CC BY 4.0, no restrictions on reuse	high	medium, monthly normals per city	REJECT	low	medium	out_of_window	high	REJECTED	REJECTED on SERP validation: KD 1.5 but Reddit and Conde Nast hold the results. 24 pages are already live and can stay; this is not an expansion target.	DEMAND_UNMEASURED	0/495	
C009845	/pt/melhor-epoca-para-viajar/3117735/	climate	weather.country-best-time	best-time-to-visit	3117735	3117735				3117735	pt	pt-BR							no										none		nasa-power-daily	yes	CC BY 4.0; 'There are no restrictions on the use, access, and/or download of data from the NASA POWER Project' (AWS Open Data Registry entry)	CC BY 4.0, no restrictions on reuse	high	medium, monthly normals per city	REJECT	low	medium	out_of_window	high	REJECTED	REJECTED on SERP validation: KD 1.5 but Reddit and Conde Nast hold the results. 24 pages are already live and can stay; this is not an expansion target.	DEMAND_UNMEASURED	0/495	
C009846	/de/beste-reisezeit/3128760/	climate	weather.country-best-time	best-time-to-visit	3128760	3128760				3128760	de	de-DE							no										none		nasa-power-daily	yes	CC BY 4.0; 'There are no restrictions on the use, access, and/or download of data from the NASA POWER Project' (AWS Open Data Registry entry)	CC BY 4.0, no restrictions on reuse	high	medium, monthly normals per city	REJECT	low	medium	out_of_window	high	REJECTED	REJECTED on SERP validation: KD 1.5 but Reddit and Conde Nast hold the results. 24 pages are already live and can stay; this is not an expansion target.	DEMAND_UNMEASURED	0/495	
C009847	/en/best-time-to-visit/3128760/	climate	weather.country-best-time	best-time-to-visit	3128760	3128760				3128760	en	en-US							no										none		nasa-power-daily	yes	CC BY 4.0; 'There are no restrictions on the use, access, and/or download of data from the NASA POWER Project' (AWS Open Data Registry entry)	CC BY 4.0, no restrictions on reuse	high	medium, monthly normals per city	REJECT	low	medium	out_of_window	high	REJECTED	REJECTED on SERP validation: KD 1.5 but Reddit and Conde Nast hold the results. 24 pages are already live and can stay; this is not an expansion target.	DEMAND_UNMEASURED	0/495	
C009848	/es/mejor-epoca-para-viajar/3128760/	climate	weather.country-best-time	best-time-to-visit	3128760	3128760				3128760	es	es-ES							no										none		nasa-power-daily	yes	CC BY 4.0; 'There are no restrictions on the use, access, and/or download of data from the NASA POWER Project' (AWS Open Data Registry entry)	CC BY 4.0, no restrictions on reuse	high	medium, monthly normals per city	REJECT	low	medium	out_of_window	high	REJECTED	REJECTED on SERP validation: KD 1.5 but Reddit and Conde Nast hold the results. 24 pages are already live and can stay; this is not an expansion target.	DEMAND_UNMEASURED	0/495	
C009849	/fr/quand-partir/3128760/	climate	weather.country-best-time	best-time-to-visit	3128760	3128760				3128760	fr	fr-FR							no										none		nasa-power-daily	yes	CC BY 4.0; 'There are no restrictions on the use, access, and/or download of data from the NASA POWER Project' (AWS Open Data Registry entry)	CC BY 4.0, no restrictions on reuse	high	medium, monthly normals per city	REJECT	low	medium	out_of_window	high	REJECTED	REJECTED on SERP validation: KD 1.5 but Reddit and Conde Nast hold the results. 24 pages are already live and can stay; this is not an expansion target.	DEMAND_UNMEASURED	0/495	
C009850	/it/quando-andare/3128760/	climate	weather.country-best-time	best-time-to-visit	3128760	3128760				3128760	it	it-IT							no										none		nasa-power-daily	yes	CC BY 4.0; 'There are no restrictions on the use, access, and/or download of data from the NASA POWER Project' (AWS Open Data Registry entry)	CC BY 4.0, no restrictions on reuse	high	medium, monthly normals per city	REJECT	low	medium	out_of_window	high	REJECTED	REJECTED on SERP validation: KD 1.5 but Reddit and Conde Nast hold the results. 24 pages are already live and can stay; this is not an expansion target.	DEMAND_UNMEASURED	0/495	
C009851	/ja/best-season/3128760/	climate	weather.country-best-time	best-time-to-visit	3128760	3128760				3128760	ja	ja-JP							no										none		nasa-power-daily	yes	CC BY 4.0; 'There are no restrictions on the use, access, and/or download of data from the NASA POWER Project' (AWS Open Data Registry entry)	CC BY 4.0, no restrictions on reuse	high	medium, monthly normals per city	REJECT	low	medium	out_of_window	high	REJECTED	REJECTED on SERP validation: KD 1.5 but Reddit and Conde Nast hold the results. 24 pages are already live and can stay; this is not an expansion target.	DEMAND_UNMEASURED	0/495	
C009852	/nl/beste-reistijd/3128760/	climate	weather.country-best-time	best-time-to-visit	3128760	3128760				3128760	nl	nl-NL							no										none		nasa-power-daily	yes	CC BY 4.0; 'There are no restrictions on the use, access, and/or download of data from the NASA POWER Project' (AWS Open Data Registry entry)	CC BY 4.0, no restrictions on reuse	high	medium, monthly normals per city	REJECT	low	medium	out_of_window	high	REJECTED	REJECTED on SERP validation: KD 1.5 but Reddit and Conde Nast hold the results. 24 pages are already live and can stay; this is not an expansion target.	DEMAND_UNMEASURED	0/495	
C009853	/pl/kiedy-jechac/3128760/	climate	weather.country-best-time	best-time-to-visit	3128760	3128760				3128760	pl	pl-PL							no										none		nasa-power-daily	yes	CC BY 4.0; 'There are no restrictions on the use, access, and/or download of data from the NASA POWER Project' (AWS Open Data Registry entry)	CC BY 4.0, no restrictions on reuse	high	medium, monthly normals per city	REJECT	low	medium	out_of_window	high	REJECTED	REJECTED on SERP validation: KD 1.5 but Reddit and Conde Nast hold the results. 24 pages are already live and can stay; this is not an expansion target.	DEMAND_UNMEASURED	0/495	
C009854	/pt/melhor-epoca-para-viajar/3128760/	climate	weather.country-best-time	best-time-to-visit	3128760	3128760				3128760	pt	pt-BR							no										none		nasa-power-daily	yes	CC BY 4.0; 'There are no restrictions on the use, access, and/or download of data from the NASA POWER Project' (AWS Open Data Registry entry)	CC BY 4.0, no restrictions on reuse	high	medium, monthly normals per city	REJECT	low	medium	out_of_window	high	REJECTED	REJECTED on SERP validation: KD 1.5 but Reddit and Conde Nast hold the results. 24 pages are already live and can stay; this is not an expansion target.	DEMAND_UNMEASURED	0/495	
C009855	/de/beste-reisezeit/3133895/	climate	weather.country-best-time	best-time-to-visit	3133895	3133895				3133895	de	de-DE							no										none		nasa-power-daily	yes	CC BY 4.0; 'There are no restrictions on the use, access, and/or download of data from the NASA POWER Project' (AWS Open Data Registry entry)	CC BY 4.0, no restrictions on reuse	high	medium, monthly normals per city	REJECT	low	medium	out_of_window	high	REJECTED	REJECTED on SERP validation: KD 1.5 but Reddit and Conde Nast hold the results. 24 pages are already live and can stay; this is not an expansion target.	DEMAND_UNMEASURED	0/495	
C009856	/en/best-time-to-visit/3133895/	climate	weather.country-best-time	best-time-to-visit	3133895	3133895				3133895	en	en-US							no										none		nasa-power-daily	yes	CC BY 4.0; 'There are no restrictions on the use, access, and/or download of data from the NASA POWER Project' (AWS Open Data Registry entry)	CC BY 4.0, no restrictions on reuse	high	medium, monthly normals per city	REJECT	low	medium	out_of_window	high	REJECTED	REJECTED on SERP validation: KD 1.5 but Reddit and Conde Nast hold the results. 24 pages are already live and can stay; this is not an expansion target.	DEMAND_UNMEASURED	0/495	
C009857	/es/mejor-epoca-para-viajar/3133895/	climate	weather.country-best-time	best-time-to-visit	3133895	3133895				3133895	es	es-ES							no										none		nasa-power-daily	yes	CC BY 4.0; 'There are no restrictions on the use, access, and/or download of data from the NASA POWER Project' (AWS Open Data Registry entry)	CC BY 4.0, no restrictions on reuse	high	medium, monthly normals per city	REJECT	low	medium	out_of_window	high	REJECTED	REJECTED on SERP validation: KD 1.5 but Reddit and Conde Nast hold the results. 24 pages are already live and can stay; this is not an expansion target.	DEMAND_UNMEASURED	0/495	
C009858	/fr/quand-partir/3133895/	climate	weather.country-best-time	best-time-to-visit	3133895	3133895				3133895	fr	fr-FR							no										none		nasa-power-daily	yes	CC BY 4.0; 'There are no restrictions on the use, access, and/or download of data from the NASA POWER Project' (AWS Open Data Registry entry)	CC BY 4.0, no restrictions on reuse	high	medium, monthly normals per city	REJECT	low	medium	out_of_window	high	REJECTED	REJECTED on SERP validation: KD 1.5 but Reddit and Conde Nast hold the results. 24 pages are already live and can stay; this is not an expansion target.	DEMAND_UNMEASURED	0/495	
C009859	/it/quando-andare/3133895/	climate	weather.country-best-time	best-time-to-visit	3133895	3133895				3133895	it	it-IT							no										none		nasa-power-daily	yes	CC BY 4.0; 'There are no restrictions on the use, access, and/or download of data from the NASA POWER Project' (AWS Open Data Registry entry)	CC BY 4.0, no restrictions on reuse	high	medium, monthly normals per city	REJECT	low	medium	out_of_window	high	REJECTED	REJECTED on SERP validation: KD 1.5 but Reddit and Conde Nast hold the results. 24 pages are already live and can stay; this is not an expansion target.	DEMAND_UNMEASURED	0/495	
C009860	/ja/best-season/3133895/	climate	weather.country-best-time	best-time-to-visit	3133895	3133895				3133895	ja	ja-JP							no										none		nasa-power-daily	yes	CC BY 4.0; 'There are no restrictions on the use, access, and/or download of data from the NASA POWER Project' (AWS Open Data Registry entry)	CC BY 4.0, no restrictions on reuse	high	medium, monthly normals per city	REJECT	low	medium	out_of_window	high	REJECTED	REJECTED on SERP validation: KD 1.5 but Reddit and Conde Nast hold the results. 24 pages are already live and can stay; this is not an expansion target.	DEMAND_UNMEASURED	0/495	
C009861	/nl/beste-reistijd/3133895/	climate	weather.country-best-time	best-time-to-visit	3133895	3133895				3133895	nl	nl-NL							no										none		nasa-power-daily	yes	CC BY 4.0; 'There are no restrictions on the use, access, and/or download of data from the NASA POWER Project' (AWS Open Data Registry entry)	CC BY 4.0, no restrictions on reuse	high	medium, monthly normals per city	REJECT	low	medium	out_of_window	high	REJECTED	REJECTED on SERP validation: KD 1.5 but Reddit and Conde Nast hold the results. 24 pages are already live and can stay; this is not an expansion target.	DEMAND_UNMEASURED	0/495	
C009862	/pl/kiedy-jechac/3133895/	climate	weather.country-best-time	best-time-to-visit	3133895	3133895				3133895	pl	pl-PL							no										none		nasa-power-daily	yes	CC BY 4.0; 'There are no restrictions on the use, access, and/or download of data from the NASA POWER Project' (AWS Open Data Registry entry)	CC BY 4.0, no restrictions on reuse	high	medium, monthly normals per city	REJECT	low	medium	out_of_window	high	REJECTED	REJECTED on SERP validation: KD 1.5 but Reddit and Conde Nast hold the results. 24 pages are already live and can stay; this is not an expansion target.	DEMAND_UNMEASURED	0/495	
C009863	/pt/melhor-epoca-para-viajar/3133895/	climate	weather.country-best-time	best-time-to-visit	3133895	3133895				3133895	pt	pt-BR							no										none		nasa-power-daily	yes	CC BY 4.0; 'There are no restrictions on the use, access, and/or download of data from the NASA POWER Project' (AWS Open Data Registry entry)	CC BY 4.0, no restrictions on reuse	high	medium, monthly normals per city	REJECT	low	medium	out_of_window	high	REJECTED	REJECTED on SERP validation: KD 1.5 but Reddit and Conde Nast hold the results. 24 pages are already live and can stay; this is not an expansion target.	DEMAND_UNMEASURED	0/495	
C009864	/de/beste-reisezeit/3143244/	climate	weather.country-best-time	best-time-to-visit	3143244	3143244				3143244	de	de-DE							no										none		nasa-power-daily	yes	CC BY 4.0; 'There are no restrictions on the use, access, and/or download of data from the NASA POWER Project' (AWS Open Data Registry entry)	CC BY 4.0, no restrictions on reuse	high	medium, monthly normals per city	REJECT	low	medium	out_of_window	high	REJECTED	REJECTED on SERP validation: KD 1.5 but Reddit and Conde Nast hold the results. 24 pages are already live and can stay; this is not an expansion target.	DEMAND_UNMEASURED	0/495	
C009865	/en/best-time-to-visit/3143244/	climate	weather.country-best-time	best-time-to-visit	3143244	3143244				3143244	en	en-US							no										none		nasa-power-daily	yes	CC BY 4.0; 'There are no restrictions on the use, access, and/or download of data from the NASA POWER Project' (AWS Open Data Registry entry)	CC BY 4.0, no restrictions on reuse	high	medium, monthly normals per city	REJECT	low	medium	out_of_window	high	REJECTED	REJECTED on SERP validation: KD 1.5 but Reddit and Conde Nast hold the results. 24 pages are already live and can stay; this is not an expansion target.	DEMAND_UNMEASURED	0/495	
C009866	/es/mejor-epoca-para-viajar/3143244/	climate	weather.country-best-time	best-time-to-visit	3143244	3143244				3143244	es	es-ES							no										none		nasa-power-daily	yes	CC BY 4.0; 'There are no restrictions on the use, access, and/or download of data from the NASA POWER Project' (AWS Open Data Registry entry)	CC BY 4.0, no restrictions on reuse	high	medium, monthly normals per city	REJECT	low	medium	out_of_window	high	REJECTED	REJECTED on SERP validation: KD 1.5 but Reddit and Conde Nast hold the results. 24 pages are already live and can stay; this is not an expansion target.	DEMAND_UNMEASURED	0/495	
C009867	/fr/quand-partir/3143244/	climate	weather.country-best-time	best-time-to-visit	3143244	3143244				3143244	fr	fr-FR							no										none		nasa-power-daily	yes	CC BY 4.0; 'There are no restrictions on the use, access, and/or download of data from the NASA POWER Project' (AWS Open Data Registry entry)	CC BY 4.0, no restrictions on reuse	high	medium, monthly normals per city	REJECT	low	medium	out_of_window	high	REJECTED	REJECTED on SERP validation: KD 1.5 but Reddit and Conde Nast hold the results. 24 pages are already live and can stay; this is not an expansion target.	DEMAND_UNMEASURED	0/495	
C009868	/it/quando-andare/3143244/	climate	weather.country-best-time	best-time-to-visit	3143244	3143244				3143244	it	it-IT							no										none		nasa-power-daily	yes	CC BY 4.0; 'There are no restrictions on the use, access, and/or download of data from the NASA POWER Project' (AWS Open Data Registry entry)	CC BY 4.0, no restrictions on reuse	high	medium, monthly normals per city	REJECT	low	medium	out_of_window	high	REJECTED	REJECTED on SERP validation: KD 1.5 but Reddit and Conde Nast hold the results. 24 pages are already live and can stay; this is not an expansion target.	DEMAND_UNMEASURED	0/495	
C009869	/ja/best-season/3143244/	climate	weather.country-best-time	best-time-to-visit	3143244	3143244				3143244	ja	ja-JP							no										none		nasa-power-daily	yes	CC BY 4.0; 'There are no restrictions on the use, access, and/or download of data from the NASA POWER Project' (AWS Open Data Registry entry)	CC BY 4.0, no restrictions on reuse	high	medium, monthly normals per city	REJECT	low	medium	out_of_window	high	REJECTED	REJECTED on SERP validation: KD 1.5 but Reddit and Conde Nast hold the results. 24 pages are already live and can stay; this is not an expansion target.	DEMAND_UNMEASURED	0/495	
C009870	/nl/beste-reistijd/3143244/	climate	weather.country-best-time	best-time-to-visit	3143244	3143244				3143244	nl	nl-NL							no										none		nasa-power-daily	yes	CC BY 4.0; 'There are no restrictions on the use, access, and/or download of data from the NASA POWER Project' (AWS Open Data Registry entry)	CC BY 4.0, no restrictions on reuse	high	medium, monthly normals per city	REJECT	low	medium	out_of_window	high	REJECTED	REJECTED on SERP validation: KD 1.5 but Reddit and Conde Nast hold the results. 24 pages are already live and can stay; this is not an expansion target.	DEMAND_UNMEASURED	0/495	
C009871	/pl/kiedy-jechac/3143244/	climate	weather.country-best-time	best-time-to-visit	3143244	3143244				3143244	pl	pl-PL							no										none		nasa-power-daily	yes	CC BY 4.0; 'There are no restrictions on the use, access, and/or download of data from the NASA POWER Project' (AWS Open Data Registry entry)	CC BY 4.0, no restrictions on reuse	high	medium, monthly normals per city	REJECT	low	medium	out_of_window	high	REJECTED	REJECTED on SERP validation: KD 1.5 but Reddit and Conde Nast hold the results. 24 pages are already live and can stay; this is not an expansion target.	DEMAND_UNMEASURED	0/495	
C009872	/pt/melhor-epoca-para-viajar/3143244/	climate	weather.country-best-time	best-time-to-visit	3143244	3143244				3143244	pt	pt-BR							no										none		nasa-power-daily	yes	CC BY 4.0; 'There are no restrictions on the use, access, and/or download of data from the NASA POWER Project' (AWS Open Data Registry entry)	CC BY 4.0, no restrictions on reuse	high	medium, monthly normals per city	REJECT	low	medium	out_of_window	high	REJECTED	REJECTED on SERP validation: KD 1.5 but Reddit and Conde Nast hold the results. 24 pages are already live and can stay; this is not an expansion target.	DEMAND_UNMEASURED	0/495	
C009873	/de/beste-reisezeit/3161732/	climate	weather.country-best-time	best-time-to-visit	3161732	3161732				3161732	de	de-DE							no										none		nasa-power-daily	yes	CC BY 4.0; 'There are no restrictions on the use, access, and/or download of data from the NASA POWER Project' (AWS Open Data Registry entry)	CC BY 4.0, no restrictions on reuse	high	medium, monthly normals per city	REJECT	low	medium	out_of_window	high	REJECTED	REJECTED on SERP validation: KD 1.5 but Reddit and Conde Nast hold the results. 24 pages are already live and can stay; this is not an expansion target.	DEMAND_UNMEASURED	0/495	
C009874	/en/best-time-to-visit/3161732/	climate	weather.country-best-time	best-time-to-visit	3161732	3161732				3161732	en	en-US							no										none		nasa-power-daily	yes	CC BY 4.0; 'There are no restrictions on the use, access, and/or download of data from the NASA POWER Project' (AWS Open Data Registry entry)	CC BY 4.0, no restrictions on reuse	high	medium, monthly normals per city	REJECT	low	medium	out_of_window	high	REJECTED	REJECTED on SERP validation: KD 1.5 but Reddit and Conde Nast hold the results. 24 pages are already live and can stay; this is not an expansion target.	DEMAND_UNMEASURED	0/495	
C009875	/es/mejor-epoca-para-viajar/3161732/	climate	weather.country-best-time	best-time-to-visit	3161732	3161732				3161732	es	es-ES							no										none		nasa-power-daily	yes	CC BY 4.0; 'There are no restrictions on the use, access, and/or download of data from the NASA POWER Project' (AWS Open Data Registry entry)	CC BY 4.0, no restrictions on reuse	high	medium, monthly normals per city	REJECT	low	medium	out_of_window	high	REJECTED	REJECTED on SERP validation: KD 1.5 but Reddit and Conde Nast hold the results. 24 pages are already live and can stay; this is not an expansion target.	DEMAND_UNMEASURED	0/495	
C009876	/fr/quand-partir/3161732/	climate	weather.country-best-time	best-time-to-visit	3161732	3161732				3161732	fr	fr-FR							no										none		nasa-power-daily	yes	CC BY 4.0; 'There are no restrictions on the use, access, and/or download of data from the NASA POWER Project' (AWS Open Data Registry entry)	CC BY 4.0, no restrictions on reuse	high	medium, monthly normals per city	REJECT	low	medium	out_of_window	high	REJECTED	REJECTED on SERP validation: KD 1.5 but Reddit and Conde Nast hold the results. 24 pages are already live and can stay; this is not an expansion target.	DEMAND_UNMEASURED	0/495	
C009877	/it/quando-andare/3161732/	climate	weather.country-best-time	best-time-to-visit	3161732	3161732				3161732	it	it-IT							no										none		nasa-power-daily	yes	CC BY 4.0; 'There are no restrictions on the use, access, and/or download of data from the NASA POWER Project' (AWS Open Data Registry entry)	CC BY 4.0, no restrictions on reuse	high	medium, monthly normals per city	REJECT	low	medium	out_of_window	high	REJECTED	REJECTED on SERP validation: KD 1.5 but Reddit and Conde Nast hold the results. 24 pages are already live and can stay; this is not an expansion target.	DEMAND_UNMEASURED	0/495	
C009878	/ja/best-season/3161732/	climate	weather.country-best-time	best-time-to-visit	3161732	3161732				3161732	ja	ja-JP							no										none		nasa-power-daily	yes	CC BY 4.0; 'There are no restrictions on the use, access, and/or download of data from the NASA POWER Project' (AWS Open Data Registry entry)	CC BY 4.0, no restrictions on reuse	high	medium, monthly normals per city	REJECT	low	medium	out_of_window	high	REJECTED	REJECTED on SERP validation: KD 1.5 but Reddit and Conde Nast hold the results. 24 pages are already live and can stay; this is not an expansion target.	DEMAND_UNMEASURED	0/495	
C009879	/nl/beste-reistijd/3161732/	climate	weather.country-best-time	best-time-to-visit	3161732	3161732				3161732	nl	nl-NL							no										none		nasa-power-daily	yes	CC BY 4.0; 'There are no restrictions on the use, access, and/or download of data from the NASA POWER Project' (AWS Open Data Registry entry)	CC BY 4.0, no restrictions on reuse	high	medium, monthly normals per city	REJECT	low	medium	out_of_window	high	REJECTED	REJECTED on SERP validation: KD 1.5 but Reddit and Conde Nast hold the results. 24 pages are already live and can stay; this is not an expansion target.	DEMAND_UNMEASURED	0/495	
C009880	/pl/kiedy-jechac/3161732/	climate	weather.country-best-time	best-time-to-visit	3161732	3161732				3161732	pl	pl-PL							no										none		nasa-power-daily	yes	CC BY 4.0; 'There are no restrictions on the use, access, and/or download of data from the NASA POWER Project' (AWS Open Data Registry entry)	CC BY 4.0, no restrictions on reuse	high	medium, monthly normals per city	REJECT	low	medium	out_of_window	high	REJECTED	REJECTED on SERP validation: KD 1.5 but Reddit and Conde Nast hold the results. 24 pages are already live and can stay; this is not an expansion target.	DEMAND_UNMEASURED	0/495	
C009881	/pt/melhor-epoca-para-viajar/3161732/	climate	weather.country-best-time	best-time-to-visit	3161732	3161732				3161732	pt	pt-BR							no										none		nasa-power-daily	yes	CC BY 4.0; 'There are no restrictions on the use, access, and/or download of data from the NASA POWER Project' (AWS Open Data Registry entry)	CC BY 4.0, no restrictions on reuse	high	medium, monthly normals per city	REJECT	low	medium	out_of_window	high	REJECTED	REJECTED on SERP validation: KD 1.5 but Reddit and Conde Nast hold the results. 24 pages are already live and can stay; this is not an expansion target.	DEMAND_UNMEASURED	0/495	
C009882	/de/beste-reisezeit/3169070/	climate	weather.country-best-time	best-time-to-visit	3169070	3169070				3169070	de	de-DE							no										none		nasa-power-daily	yes	CC BY 4.0; 'There are no restrictions on the use, access, and/or download of data from the NASA POWER Project' (AWS Open Data Registry entry)	CC BY 4.0, no restrictions on reuse	high	medium, monthly normals per city	REJECT	low	medium	out_of_window	high	REJECTED	REJECTED on SERP validation: KD 1.5 but Reddit and Conde Nast hold the results. 24 pages are already live and can stay; this is not an expansion target.	DEMAND_UNMEASURED	0/495	
C009883	/en/best-time-to-visit/3169070/	climate	weather.country-best-time	best-time-to-visit	3169070	3169070				3169070	en	en-US							no										none		nasa-power-daily	yes	CC BY 4.0; 'There are no restrictions on the use, access, and/or download of data from the NASA POWER Project' (AWS Open Data Registry entry)	CC BY 4.0, no restrictions on reuse	high	medium, monthly normals per city	REJECT	low	medium	out_of_window	high	REJECTED	REJECTED on SERP validation: KD 1.5 but Reddit and Conde Nast hold the results. 24 pages are already live and can stay; this is not an expansion target.	DEMAND_UNMEASURED	0/495	
C009884	/es/mejor-epoca-para-viajar/3169070/	climate	weather.country-best-time	best-time-to-visit	3169070	3169070				3169070	es	es-ES							no										none		nasa-power-daily	yes	CC BY 4.0; 'There are no restrictions on the use, access, and/or download of data from the NASA POWER Project' (AWS Open Data Registry entry)	CC BY 4.0, no restrictions on reuse	high	medium, monthly normals per city	REJECT	low	medium	out_of_window	high	REJECTED	REJECTED on SERP validation: KD 1.5 but Reddit and Conde Nast hold the results. 24 pages are already live and can stay; this is not an expansion target.	DEMAND_UNMEASURED	0/495	
C009885	/fr/quand-partir/3169070/	climate	weather.country-best-time	best-time-to-visit	3169070	3169070				3169070	fr	fr-FR							no										none		nasa-power-daily	yes	CC BY 4.0; 'There are no restrictions on the use, access, and/or download of data from the NASA POWER Project' (AWS Open Data Registry entry)	CC BY 4.0, no restrictions on reuse	high	medium, monthly normals per city	REJECT	low	medium	out_of_window	high	REJECTED	REJECTED on SERP validation: KD 1.5 but Reddit and Conde Nast hold the results. 24 pages are already live and can stay; this is not an expansion target.	DEMAND_UNMEASURED	0/495	
C009886	/it/quando-andare/3169070/	climate	weather.country-best-time	best-time-to-visit	3169070	3169070				3169070	it	it-IT							no										none		nasa-power-daily	yes	CC BY 4.0; 'There are no restrictions on the use, access, and/or download of data from the NASA POWER Project' (AWS Open Data Registry entry)	CC BY 4.0, no restrictions on reuse	high	medium, monthly normals per city	REJECT	low	medium	out_of_window	high	REJECTED	REJECTED on SERP validation: KD 1.5 but Reddit and Conde Nast hold the results. 24 pages are already live and can stay; this is not an expansion target.	DEMAND_UNMEASURED	0/495	
C009887	/ja/best-season/3169070/	climate	weather.country-best-time	best-time-to-visit	3169070	3169070				3169070	ja	ja-JP							no										none		nasa-power-daily	yes	CC BY 4.0; 'There are no restrictions on the use, access, and/or download of data from the NASA POWER Project' (AWS Open Data Registry entry)	CC BY 4.0, no restrictions on reuse	high	medium, monthly normals per city	REJECT	low	medium	out_of_window	high	REJECTED	REJECTED on SERP validation: KD 1.5 but Reddit and Conde Nast hold the results. 24 pages are already live and can stay; this is not an expansion target.	DEMAND_UNMEASURED	0/495	
C009888	/nl/beste-reistijd/3169070/	climate	weather.country-best-time	best-time-to-visit	3169070	3169070				3169070	nl	nl-NL							no										none		nasa-power-daily	yes	CC BY 4.0; 'There are no restrictions on the use, access, and/or download of data from the NASA POWER Project' (AWS Open Data Registry entry)	CC BY 4.0, no restrictions on reuse	high	medium, monthly normals per city	REJECT	low	medium	out_of_window	high	REJECTED	REJECTED on SERP validation: KD 1.5 but Reddit and Conde Nast hold the results. 24 pages are already live and can stay; this is not an expansion target.	DEMAND_UNMEASURED	0/495	
C009889	/pl/kiedy-jechac/3169070/	climate	weather.country-best-time	best-time-to-visit	3169070	3169070				3169070	pl	pl-PL							no										none		nasa-power-daily	yes	CC BY 4.0; 'There are no restrictions on the use, access, and/or download of data from the NASA POWER Project' (AWS Open Data Registry entry)	CC BY 4.0, no restrictions on reuse	high	medium, monthly normals per city	REJECT	low	medium	out_of_window	high	REJECTED	REJECTED on SERP validation: KD 1.5 but Reddit and Conde Nast hold the results. 24 pages are already live and can stay; this is not an expansion target.	DEMAND_UNMEASURED	0/495	
C009890	/pt/melhor-epoca-para-viajar/3169070/	climate	weather.country-best-time	best-time-to-visit	3169070	3169070				3169070	pt	pt-BR							no										none		nasa-power-daily	yes	CC BY 4.0; 'There are no restrictions on the use, access, and/or download of data from the NASA POWER Project' (AWS Open Data Registry entry)	CC BY 4.0, no restrictions on reuse	high	medium, monthly normals per city	REJECT	low	medium	out_of_window	high	REJECTED	REJECTED on SERP validation: KD 1.5 but Reddit and Conde Nast hold the results. 24 pages are already live and can stay; this is not an expansion target.	DEMAND_UNMEASURED	0/495	
C009891	/de/beste-reisezeit/3173435/	climate	weather.country-best-time	best-time-to-visit	3173435	3173435				3173435	de	de-DE							no										none		nasa-power-daily	yes	CC BY 4.0; 'There are no restrictions on the use, access, and/or download of data from the NASA POWER Project' (AWS Open Data Registry entry)	CC BY 4.0, no restrictions on reuse	high	medium, monthly normals per city	REJECT	low	medium	out_of_window	high	REJECTED	REJECTED on SERP validation: KD 1.5 but Reddit and Conde Nast hold the results. 24 pages are already live and can stay; this is not an expansion target.	DEMAND_UNMEASURED	0/495	
C009892	/en/best-time-to-visit/3173435/	climate	weather.country-best-time	best-time-to-visit	3173435	3173435				3173435	en	en-US							no										none		nasa-power-daily	yes	CC BY 4.0; 'There are no restrictions on the use, access, and/or download of data from the NASA POWER Project' (AWS Open Data Registry entry)	CC BY 4.0, no restrictions on reuse	high	medium, monthly normals per city	REJECT	low	medium	out_of_window	high	REJECTED	REJECTED on SERP validation: KD 1.5 but Reddit and Conde Nast hold the results. 24 pages are already live and can stay; this is not an expansion target.	DEMAND_UNMEASURED	0/495	
C009893	/es/mejor-epoca-para-viajar/3173435/	climate	weather.country-best-time	best-time-to-visit	3173435	3173435				3173435	es	es-ES							no										none		nasa-power-daily	yes	CC BY 4.0; 'There are no restrictions on the use, access, and/or download of data from the NASA POWER Project' (AWS Open Data Registry entry)	CC BY 4.0, no restrictions on reuse	high	medium, monthly normals per city	REJECT	low	medium	out_of_window	high	REJECTED	REJECTED on SERP validation: KD 1.5 but Reddit and Conde Nast hold the results. 24 pages are already live and can stay; this is not an expansion target.	DEMAND_UNMEASURED	0/495	
C009894	/fr/quand-partir/3173435/	climate	weather.country-best-time	best-time-to-visit	3173435	3173435				3173435	fr	fr-FR							no										none		nasa-power-daily	yes	CC BY 4.0; 'There are no restrictions on the use, access, and/or download of data from the NASA POWER Project' (AWS Open Data Registry entry)	CC BY 4.0, no restrictions on reuse	high	medium, monthly normals per city	REJECT	low	medium	out_of_window	high	REJECTED	REJECTED on SERP validation: KD 1.5 but Reddit and Conde Nast hold the results. 24 pages are already live and can stay; this is not an expansion target.	DEMAND_UNMEASURED	0/495	
C009895	/it/quando-andare/3173435/	climate	weather.country-best-time	best-time-to-visit	3173435	3173435				3173435	it	it-IT							no										none		nasa-power-daily	yes	CC BY 4.0; 'There are no restrictions on the use, access, and/or download of data from the NASA POWER Project' (AWS Open Data Registry entry)	CC BY 4.0, no restrictions on reuse	high	medium, monthly normals per city	REJECT	low	medium	out_of_window	high	REJECTED	REJECTED on SERP validation: KD 1.5 but Reddit and Conde Nast hold the results. 24 pages are already live and can stay; this is not an expansion target.	DEMAND_UNMEASURED	0/495	
C009896	/ja/best-season/3173435/	climate	weather.country-best-time	best-time-to-visit	3173435	3173435				3173435	ja	ja-JP							no										none		nasa-power-daily	yes	CC BY 4.0; 'There are no restrictions on the use, access, and/or download of data from the NASA POWER Project' (AWS Open Data Registry entry)	CC BY 4.0, no restrictions on reuse	high	medium, monthly normals per city	REJECT	low	medium	out_of_window	high	REJECTED	REJECTED on SERP validation: KD 1.5 but Reddit and Conde Nast hold the results. 24 pages are already live and can stay; this is not an expansion target.	DEMAND_UNMEASURED	0/495	
C009897	/nl/beste-reistijd/3173435/	climate	weather.country-best-time	best-time-to-visit	3173435	3173435				3173435	nl	nl-NL							no										none		nasa-power-daily	yes	CC BY 4.0; 'There are no restrictions on the use, access, and/or download of data from the NASA POWER Project' (AWS Open Data Registry entry)	CC BY 4.0, no restrictions on reuse	high	medium, monthly normals per city	REJECT	low	medium	out_of_window	high	REJECTED	REJECTED on SERP validation: KD 1.5 but Reddit and Conde Nast hold the results. 24 pages are already live and can stay; this is not an expansion target.	DEMAND_UNMEASURED	0/495	
C009898	/pl/kiedy-jechac/3173435/	climate	weather.country-best-time	best-time-to-visit	3173435	3173435				3173435	pl	pl-PL							no										none		nasa-power-daily	yes	CC BY 4.0; 'There are no restrictions on the use, access, and/or download of data from the NASA POWER Project' (AWS Open Data Registry entry)	CC BY 4.0, no restrictions on reuse	high	medium, monthly normals per city	REJECT	low	medium	out_of_window	high	REJECTED	REJECTED on SERP validation: KD 1.5 but Reddit and Conde Nast hold the results. 24 pages are already live and can stay; this is not an expansion target.	DEMAND_UNMEASURED	0/495	
C009899	/pt/melhor-epoca-para-viajar/3173435/	climate	weather.country-best-time	best-time-to-visit	3173435	3173435				3173435	pt	pt-BR							no										none		nasa-power-daily	yes	CC BY 4.0; 'There are no restrictions on the use, access, and/or download of data from the NASA POWER Project' (AWS Open Data Registry entry)	CC BY 4.0, no restrictions on reuse	high	medium, monthly normals per city	REJECT	low	medium	out_of_window	high	REJECTED	REJECTED on SERP validation: KD 1.5 but Reddit and Conde Nast hold the results. 24 pages are already live and can stay; this is not an expansion target.	DEMAND_UNMEASURED	0/495	
C009900	/de/beste-reisezeit/3186886/	climate	weather.country-best-time	best-time-to-visit	3186886	3186886				3186886	de	de-DE							no										none		nasa-power-daily	yes	CC BY 4.0; 'There are no restrictions on the use, access, and/or download of data from the NASA POWER Project' (AWS Open Data Registry entry)	CC BY 4.0, no restrictions on reuse	high	medium, monthly normals per city	REJECT	low	medium	out_of_window	high	REJECTED	REJECTED on SERP validation: KD 1.5 but Reddit and Conde Nast hold the results. 24 pages are already live and can stay; this is not an expansion target.	DEMAND_UNMEASURED	0/495	
C009901	/en/best-time-to-visit/3186886/	climate	weather.country-best-time	best-time-to-visit	3186886	3186886				3186886	en	en-US							no										none		nasa-power-daily	yes	CC BY 4.0; 'There are no restrictions on the use, access, and/or download of data from the NASA POWER Project' (AWS Open Data Registry entry)	CC BY 4.0, no restrictions on reuse	high	medium, monthly normals per city	REJECT	low	medium	out_of_window	high	REJECTED	REJECTED on SERP validation: KD 1.5 but Reddit and Conde Nast hold the results. 24 pages are already live and can stay; this is not an expansion target.	DEMAND_UNMEASURED	0/495	
C009902	/es/mejor-epoca-para-viajar/3186886/	climate	weather.country-best-time	best-time-to-visit	3186886	3186886				3186886	es	es-ES							no										none		nasa-power-daily	yes	CC BY 4.0; 'There are no restrictions on the use, access, and/or download of data from the NASA POWER Project' (AWS Open Data Registry entry)	CC BY 4.0, no restrictions on reuse	high	medium, monthly normals per city	REJECT	low	medium	out_of_window	high	REJECTED	REJECTED on SERP validation: KD 1.5 but Reddit and Conde Nast hold the results. 24 pages are already live and can stay; this is not an expansion target.	DEMAND_UNMEASURED	0/495	
C009903	/fr/quand-partir/3186886/	climate	weather.country-best-time	best-time-to-visit	3186886	3186886				3186886	fr	fr-FR							no										none		nasa-power-daily	yes	CC BY 4.0; 'There are no restrictions on the use, access, and/or download of data from the NASA POWER Project' (AWS Open Data Registry entry)	CC BY 4.0, no restrictions on reuse	high	medium, monthly normals per city	REJECT	low	medium	out_of_window	high	REJECTED	REJECTED on SERP validation: KD 1.5 but Reddit and Conde Nast hold the results. 24 pages are already live and can stay; this is not an expansion target.	DEMAND_UNMEASURED	0/495	
C009904	/it/quando-andare/3186886/	climate	weather.country-best-time	best-time-to-visit	3186886	3186886				3186886	it	it-IT							no										none		nasa-power-daily	yes	CC BY 4.0; 'There are no restrictions on the use, access, and/or download of data from the NASA POWER Project' (AWS Open Data Registry entry)	CC BY 4.0, no restrictions on reuse	high	medium, monthly normals per city	REJECT	low	medium	out_of_window	high	REJECTED	REJECTED on SERP validation: KD 1.5 but Reddit and Conde Nast hold the results. 24 pages are already live and can stay; this is not an expansion target.	DEMAND_UNMEASURED	0/495	
C009905	/ja/best-season/3186886/	climate	weather.country-best-time	best-time-to-visit	3186886	3186886				3186886	ja	ja-JP							no										none		nasa-power-daily	yes	CC BY 4.0; 'There are no restrictions on the use, access, and/or download of data from the NASA POWER Project' (AWS Open Data Registry entry)	CC BY 4.0, no restrictions on reuse	high	medium, monthly normals per city	REJECT	low	medium	out_of_window	high	REJECTED	REJECTED on SERP validation: KD 1.5 but Reddit and Conde Nast hold the results. 24 pages are already live and can stay; this is not an expansion target.	DEMAND_UNMEASURED	0/495	
C009906	/nl/beste-reistijd/3186886/	climate	weather.country-best-time	best-time-to-visit	3186886	3186886				3186886	nl	nl-NL							no										none		nasa-power-daily	yes	CC BY 4.0; 'There are no restrictions on the use, access, and/or download of data from the NASA POWER Project' (AWS Open Data Registry entry)	CC BY 4.0, no restrictions on reuse	high	medium, monthly normals per city	REJECT	low	medium	out_of_window	high	REJECTED	REJECTED on SERP validation: KD 1.5 but Reddit and Conde Nast hold the results. 24 pages are already live and can stay; this is not an expansion target.	DEMAND_UNMEASURED	0/495	
C009907	/pl/kiedy-jechac/3186886/	climate	weather.country-best-time	best-time-to-visit	3186886	3186886				3186886	pl	pl-PL							no										none		nasa-power-daily	yes	CC BY 4.0; 'There are no restrictions on the use, access, and/or download of data from the NASA POWER Project' (AWS Open Data Registry entry)	CC BY 4.0, no restrictions on reuse	high	medium, monthly normals per city	REJECT	low	medium	out_of_window	high	REJECTED	REJECTED on SERP validation: KD 1.5 but Reddit and Conde Nast hold the results. 24 pages are already live and can stay; this is not an expansion target.	DEMAND_UNMEASURED	0/495	
C009908	/pt/melhor-epoca-para-viajar/3186886/	climate	weather.country-best-time	best-time-to-visit	3186886	3186886				3186886	pt	pt-BR							no										none		nasa-power-daily	yes	CC BY 4.0; 'There are no restrictions on the use, access, and/or download of data from the NASA POWER Project' (AWS Open Data Registry entry)	CC BY 4.0, no restrictions on reuse	high	medium, monthly normals per city	REJECT	low	medium	out_of_window	high	REJECTED	REJECTED on SERP validation: KD 1.5 but Reddit and Conde Nast hold the results. 24 pages are already live and can stay; this is not an expansion target.	DEMAND_UNMEASURED	0/495	
C009909	/de/beste-reisezeit/3190261/	climate	weather.country-best-time	best-time-to-visit	3190261	3190261				3190261	de	de-DE							no										none		nasa-power-daily	yes	CC BY 4.0; 'There are no restrictions on the use, access, and/or download of data from the NASA POWER Project' (AWS Open Data Registry entry)	CC BY 4.0, no restrictions on reuse	high	medium, monthly normals per city	REJECT	low	medium	out_of_window	high	REJECTED	REJECTED on SERP validation: KD 1.5 but Reddit and Conde Nast hold the results. 24 pages are already live and can stay; this is not an expansion target.	DEMAND_UNMEASURED	0/495	
C009910	/en/best-time-to-visit/3190261/	climate	weather.country-best-time	best-time-to-visit	3190261	3190261				3190261	en	en-US							no										none		nasa-power-daily	yes	CC BY 4.0; 'There are no restrictions on the use, access, and/or download of data from the NASA POWER Project' (AWS Open Data Registry entry)	CC BY 4.0, no restrictions on reuse	high	medium, monthly normals per city	REJECT	low	medium	out_of_window	high	REJECTED	REJECTED on SERP validation: KD 1.5 but Reddit and Conde Nast hold the results. 24 pages are already live and can stay; this is not an expansion target.	DEMAND_UNMEASURED	0/495	
C009911	/es/mejor-epoca-para-viajar/3190261/	climate	weather.country-best-time	best-time-to-visit	3190261	3190261				3190261	es	es-ES							no										none		nasa-power-daily	yes	CC BY 4.0; 'There are no restrictions on the use, access, and/or download of data from the NASA POWER Project' (AWS Open Data Registry entry)	CC BY 4.0, no restrictions on reuse	high	medium, monthly normals per city	REJECT	low	medium	out_of_window	high	REJECTED	REJECTED on SERP validation: KD 1.5 but Reddit and Conde Nast hold the results. 24 pages are already live and can stay; this is not an expansion target.	DEMAND_UNMEASURED	0/495	
C009912	/fr/quand-partir/3190261/	climate	weather.country-best-time	best-time-to-visit	3190261	3190261				3190261	fr	fr-FR							no										none		nasa-power-daily	yes	CC BY 4.0; 'There are no restrictions on the use, access, and/or download of data from the NASA POWER Project' (AWS Open Data Registry entry)	CC BY 4.0, no restrictions on reuse	high	medium, monthly normals per city	REJECT	low	medium	out_of_window	high	REJECTED	REJECTED on SERP validation: KD 1.5 but Reddit and Conde Nast hold the results. 24 pages are already live and can stay; this is not an expansion target.	DEMAND_UNMEASURED	0/495	
C009913	/it/quando-andare/3190261/	climate	weather.country-best-time	best-time-to-visit	3190261	3190261				3190261	it	it-IT							no										none		nasa-power-daily	yes	CC BY 4.0; 'There are no restrictions on the use, access, and/or download of data from the NASA POWER Project' (AWS Open Data Registry entry)	CC BY 4.0, no restrictions on reuse	high	medium, monthly normals per city	REJECT	low	medium	out_of_window	high	REJECTED	REJECTED on SERP validation: KD 1.5 but Reddit and Conde Nast hold the results. 24 pages are already live and can stay; this is not an expansion target.	DEMAND_UNMEASURED	0/495	
C009914	/ja/best-season/3190261/	climate	weather.country-best-time	best-time-to-visit	3190261	3190261				3190261	ja	ja-JP							no										none		nasa-power-daily	yes	CC BY 4.0; 'There are no restrictions on the use, access, and/or download of data from the NASA POWER Project' (AWS Open Data Registry entry)	CC BY 4.0, no restrictions on reuse	high	medium, monthly normals per city	REJECT	low	medium	out_of_window	high	REJECTED	REJECTED on SERP validation: KD 1.5 but Reddit and Conde Nast hold the results. 24 pages are already live and can stay; this is not an expansion target.	DEMAND_UNMEASURED	0/495	
C009915	/nl/beste-reistijd/3190261/	climate	weather.country-best-time	best-time-to-visit	3190261	3190261				3190261	nl	nl-NL							no										none		nasa-power-daily	yes	CC BY 4.0; 'There are no restrictions on the use, access, and/or download of data from the NASA POWER Project' (AWS Open Data Registry entry)	CC BY 4.0, no restrictions on reuse	high	medium, monthly normals per city	REJECT	low	medium	out_of_window	high	REJECTED	REJECTED on SERP validation: KD 1.5 but Reddit and Conde Nast hold the results. 24 pages are already live and can stay; this is not an expansion target.	DEMAND_UNMEASURED	0/495	
C009916	/pl/kiedy-jechac/3190261/	climate	weather.country-best-time	best-time-to-visit	3190261	3190261				3190261	pl	pl-PL							no										none		nasa-power-daily	yes	CC BY 4.0; 'There are no restrictions on the use, access, and/or download of data from the NASA POWER Project' (AWS Open Data Registry entry)	CC BY 4.0, no restrictions on reuse	high	medium, monthly normals per city	REJECT	low	medium	out_of_window	high	REJECTED	REJECTED on SERP validation: KD 1.5 but Reddit and Conde Nast hold the results. 24 pages are already live and can stay; this is not an expansion target.	DEMAND_UNMEASURED	0/495	
C009917	/pt/melhor-epoca-para-viajar/3190261/	climate	weather.country-best-time	best-time-to-visit	3190261	3190261				3190261	pt	pt-BR							no										none		nasa-power-daily	yes	CC BY 4.0; 'There are no restrictions on the use, access, and/or download of data from the NASA POWER Project' (AWS Open Data Registry entry)	CC BY 4.0, no restrictions on reuse	high	medium, monthly normals per city	REJECT	low	medium	out_of_window	high	REJECTED	REJECTED on SERP validation: KD 1.5 but Reddit and Conde Nast hold the results. 24 pages are already live and can stay; this is not an expansion target.	DEMAND_UNMEASURED	0/495	
C009918	/de/beste-reisezeit/3201047/	climate	weather.country-best-time	best-time-to-visit	3201047	3201047				3201047	de	de-DE							no										none		nasa-power-daily	yes	CC BY 4.0; 'There are no restrictions on the use, access, and/or download of data from the NASA POWER Project' (AWS Open Data Registry entry)	CC BY 4.0, no restrictions on reuse	high	medium, monthly normals per city	REJECT	low	medium	out_of_window	high	REJECTED	REJECTED on SERP validation: KD 1.5 but Reddit and Conde Nast hold the results. 24 pages are already live and can stay; this is not an expansion target.	DEMAND_UNMEASURED	0/495	
C009919	/en/best-time-to-visit/3201047/	climate	weather.country-best-time	best-time-to-visit	3201047	3201047				3201047	en	en-US							no										none		nasa-power-daily	yes	CC BY 4.0; 'There are no restrictions on the use, access, and/or download of data from the NASA POWER Project' (AWS Open Data Registry entry)	CC BY 4.0, no restrictions on reuse	high	medium, monthly normals per city	REJECT	low	medium	out_of_window	high	REJECTED	REJECTED on SERP validation: KD 1.5 but Reddit and Conde Nast hold the results. 24 pages are already live and can stay; this is not an expansion target.	DEMAND_UNMEASURED	0/495	
C009920	/es/mejor-epoca-para-viajar/3201047/	climate	weather.country-best-time	best-time-to-visit	3201047	3201047				3201047	es	es-ES							no										none		nasa-power-daily	yes	CC BY 4.0; 'There are no restrictions on the use, access, and/or download of data from the NASA POWER Project' (AWS Open Data Registry entry)	CC BY 4.0, no restrictions on reuse	high	medium, monthly normals per city	REJECT	low	medium	out_of_window	high	REJECTED	REJECTED on SERP validation: KD 1.5 but Reddit and Conde Nast hold the results. 24 pages are already live and can stay; this is not an expansion target.	DEMAND_UNMEASURED	0/495	
C009921	/fr/quand-partir/3201047/	climate	weather.country-best-time	best-time-to-visit	3201047	3201047				3201047	fr	fr-FR							no										none		nasa-power-daily	yes	CC BY 4.0; 'There are no restrictions on the use, access, and/or download of data from the NASA POWER Project' (AWS Open Data Registry entry)	CC BY 4.0, no restrictions on reuse	high	medium, monthly normals per city	REJECT	low	medium	out_of_window	high	REJECTED	REJECTED on SERP validation: KD 1.5 but Reddit and Conde Nast hold the results. 24 pages are already live and can stay; this is not an expansion target.	DEMAND_UNMEASURED	0/495	
C009922	/it/quando-andare/3201047/	climate	weather.country-best-time	best-time-to-visit	3201047	3201047				3201047	it	it-IT							no										none		nasa-power-daily	yes	CC BY 4.0; 'There are no restrictions on the use, access, and/or download of data from the NASA POWER Project' (AWS Open Data Registry entry)	CC BY 4.0, no restrictions on reuse	high	medium, monthly normals per city	REJECT	low	medium	out_of_window	high	REJECTED	REJECTED on SERP validation: KD 1.5 but Reddit and Conde Nast hold the results. 24 pages are already live and can stay; this is not an expansion target.	DEMAND_UNMEASURED	0/495	
C009923	/ja/best-season/3201047/	climate	weather.country-best-time	best-time-to-visit	3201047	3201047				3201047	ja	ja-JP							no										none		nasa-power-daily	yes	CC BY 4.0; 'There are no restrictions on the use, access, and/or download of data from the NASA POWER Project' (AWS Open Data Registry entry)	CC BY 4.0, no restrictions on reuse	high	medium, monthly normals per city	REJECT	low	medium	out_of_window	high	REJECTED	REJECTED on SERP validation: KD 1.5 but Reddit and Conde Nast hold the results. 24 pages are already live and can stay; this is not an expansion target.	DEMAND_UNMEASURED	0/495	
C009924	/nl/beste-reistijd/3201047/	climate	weather.country-best-time	best-time-to-visit	3201047	3201047				3201047	nl	nl-NL							no										none		nasa-power-daily	yes	CC BY 4.0; 'There are no restrictions on the use, access, and/or download of data from the NASA POWER Project' (AWS Open Data Registry entry)	CC BY 4.0, no restrictions on reuse	high	medium, monthly normals per city	REJECT	low	medium	out_of_window	high	REJECTED	REJECTED on SERP validation: KD 1.5 but Reddit and Conde Nast hold the results. 24 pages are already live and can stay; this is not an expansion target.	DEMAND_UNMEASURED	0/495	
C009925	/pl/kiedy-jechac/3201047/	climate	weather.country-best-time	best-time-to-visit	3201047	3201047				3201047	pl	pl-PL							no										none		nasa-power-daily	yes	CC BY 4.0; 'There are no restrictions on the use, access, and/or download of data from the NASA POWER Project' (AWS Open Data Registry entry)	CC BY 4.0, no restrictions on reuse	high	medium, monthly normals per city	REJECT	low	medium	out_of_window	high	REJECTED	REJECTED on SERP validation: KD 1.5 but Reddit and Conde Nast hold the results. 24 pages are already live and can stay; this is not an expansion target.	DEMAND_UNMEASURED	0/495	
C009926	/pt/melhor-epoca-para-viajar/3201047/	climate	weather.country-best-time	best-time-to-visit	3201047	3201047				3201047	pt	pt-BR							no										none		nasa-power-daily	yes	CC BY 4.0; 'There are no restrictions on the use, access, and/or download of data from the NASA POWER Project' (AWS Open Data Registry entry)	CC BY 4.0, no restrictions on reuse	high	medium, monthly normals per city	REJECT	low	medium	out_of_window	high	REJECTED	REJECTED on SERP validation: KD 1.5 but Reddit and Conde Nast hold the results. 24 pages are already live and can stay; this is not an expansion target.	DEMAND_UNMEASURED	0/495	
C009927	/de/beste-reisezeit/3413829/	climate	weather.country-best-time	best-time-to-visit	3413829	3413829				3413829	de	de-DE							no										none		nasa-power-daily	yes	CC BY 4.0; 'There are no restrictions on the use, access, and/or download of data from the NASA POWER Project' (AWS Open Data Registry entry)	CC BY 4.0, no restrictions on reuse	high	medium, monthly normals per city	REJECT	low	medium	out_of_window	high	REJECTED	REJECTED on SERP validation: KD 1.5 but Reddit and Conde Nast hold the results. 24 pages are already live and can stay; this is not an expansion target.	DEMAND_UNMEASURED	0/495	
C009928	/en/best-time-to-visit/3413829/	climate	weather.country-best-time	best-time-to-visit	3413829	3413829				3413829	en	en-US							no										none		nasa-power-daily	yes	CC BY 4.0; 'There are no restrictions on the use, access, and/or download of data from the NASA POWER Project' (AWS Open Data Registry entry)	CC BY 4.0, no restrictions on reuse	high	medium, monthly normals per city	REJECT	low	medium	out_of_window	high	REJECTED	REJECTED on SERP validation: KD 1.5 but Reddit and Conde Nast hold the results. 24 pages are already live and can stay; this is not an expansion target.	DEMAND_UNMEASURED	0/495	
C009929	/es/mejor-epoca-para-viajar/3413829/	climate	weather.country-best-time	best-time-to-visit	3413829	3413829				3413829	es	es-ES							no										none		nasa-power-daily	yes	CC BY 4.0; 'There are no restrictions on the use, access, and/or download of data from the NASA POWER Project' (AWS Open Data Registry entry)	CC BY 4.0, no restrictions on reuse	high	medium, monthly normals per city	REJECT	low	medium	out_of_window	high	REJECTED	REJECTED on SERP validation: KD 1.5 but Reddit and Conde Nast hold the results. 24 pages are already live and can stay; this is not an expansion target.	DEMAND_UNMEASURED	0/495	
C009930	/fr/quand-partir/3413829/	climate	weather.country-best-time	best-time-to-visit	3413829	3413829				3413829	fr	fr-FR							no										none		nasa-power-daily	yes	CC BY 4.0; 'There are no restrictions on the use, access, and/or download of data from the NASA POWER Project' (AWS Open Data Registry entry)	CC BY 4.0, no restrictions on reuse	high	medium, monthly normals per city	REJECT	low	medium	out_of_window	high	REJECTED	REJECTED on SERP validation: KD 1.5 but Reddit and Conde Nast hold the results. 24 pages are already live and can stay; this is not an expansion target.	DEMAND_UNMEASURED	0/495	
C009931	/it/quando-andare/3413829/	climate	weather.country-best-time	best-time-to-visit	3413829	3413829				3413829	it	it-IT							no										none		nasa-power-daily	yes	CC BY 4.0; 'There are no restrictions on the use, access, and/or download of data from the NASA POWER Project' (AWS Open Data Registry entry)	CC BY 4.0, no restrictions on reuse	high	medium, monthly normals per city	REJECT	low	medium	out_of_window	high	REJECTED	REJECTED on SERP validation: KD 1.5 but Reddit and Conde Nast hold the results. 24 pages are already live and can stay; this is not an expansion target.	DEMAND_UNMEASURED	0/495	
C009932	/ja/best-season/3413829/	climate	weather.country-best-time	best-time-to-visit	3413829	3413829				3413829	ja	ja-JP							no										none		nasa-power-daily	yes	CC BY 4.0; 'There are no restrictions on the use, access, and/or download of data from the NASA POWER Project' (AWS Open Data Registry entry)	CC BY 4.0, no restrictions on reuse	high	medium, monthly normals per city	REJECT	low	medium	out_of_window	high	REJECTED	REJECTED on SERP validation: KD 1.5 but Reddit and Conde Nast hold the results. 24 pages are already live and can stay; this is not an expansion target.	DEMAND_UNMEASURED	0/495	
C009933	/nl/beste-reistijd/3413829/	climate	weather.country-best-time	best-time-to-visit	3413829	3413829				3413829	nl	nl-NL							no										none		nasa-power-daily	yes	CC BY 4.0; 'There are no restrictions on the use, access, and/or download of data from the NASA POWER Project' (AWS Open Data Registry entry)	CC BY 4.0, no restrictions on reuse	high	medium, monthly normals per city	REJECT	low	medium	out_of_window	high	REJECTED	REJECTED on SERP validation: KD 1.5 but Reddit and Conde Nast hold the results. 24 pages are already live and can stay; this is not an expansion target.	DEMAND_UNMEASURED	0/495	
C009934	/pl/kiedy-jechac/3413829/	climate	weather.country-best-time	best-time-to-visit	3413829	3413829				3413829	pl	pl-PL							no										none		nasa-power-daily	yes	CC BY 4.0; 'There are no restrictions on the use, access, and/or download of data from the NASA POWER Project' (AWS Open Data Registry entry)	CC BY 4.0, no restrictions on reuse	high	medium, monthly normals per city	REJECT	low	medium	out_of_window	high	REJECTED	REJECTED on SERP validation: KD 1.5 but Reddit and Conde Nast hold the results. 24 pages are already live and can stay; this is not an expansion target.	DEMAND_UNMEASURED	0/495	
C009935	/pt/melhor-epoca-para-viajar/3413829/	climate	weather.country-best-time	best-time-to-visit	3413829	3413829				3413829	pt	pt-BR							no										none		nasa-power-daily	yes	CC BY 4.0; 'There are no restrictions on the use, access, and/or download of data from the NASA POWER Project' (AWS Open Data Registry entry)	CC BY 4.0, no restrictions on reuse	high	medium, monthly normals per city	REJECT	low	medium	out_of_window	high	REJECTED	REJECTED on SERP validation: KD 1.5 but Reddit and Conde Nast hold the results. 24 pages are already live and can stay; this is not an expansion target.	DEMAND_UNMEASURED	0/495	
C009936	/de/beste-reisezeit/3530597/	climate	weather.country-best-time	best-time-to-visit	3530597	3530597				3530597	de	de-DE							no										none		nasa-power-daily	yes	CC BY 4.0; 'There are no restrictions on the use, access, and/or download of data from the NASA POWER Project' (AWS Open Data Registry entry)	CC BY 4.0, no restrictions on reuse	high	medium, monthly normals per city	REJECT	low	medium	out_of_window	high	REJECTED	REJECTED on SERP validation: KD 1.5 but Reddit and Conde Nast hold the results. 24 pages are already live and can stay; this is not an expansion target.	DEMAND_UNMEASURED	0/495	
C009937	/en/best-time-to-visit/3530597/	climate	weather.country-best-time	best-time-to-visit	3530597	3530597				3530597	en	en-US							no										none		nasa-power-daily	yes	CC BY 4.0; 'There are no restrictions on the use, access, and/or download of data from the NASA POWER Project' (AWS Open Data Registry entry)	CC BY 4.0, no restrictions on reuse	high	medium, monthly normals per city	REJECT	low	medium	out_of_window	high	REJECTED	REJECTED on SERP validation: KD 1.5 but Reddit and Conde Nast hold the results. 24 pages are already live and can stay; this is not an expansion target.	DEMAND_UNMEASURED	0/495	
C009938	/es/mejor-epoca-para-viajar/3530597/	climate	weather.country-best-time	best-time-to-visit	3530597	3530597				3530597	es	es-ES							no										none		nasa-power-daily	yes	CC BY 4.0; 'There are no restrictions on the use, access, and/or download of data from the NASA POWER Project' (AWS Open Data Registry entry)	CC BY 4.0, no restrictions on reuse	high	medium, monthly normals per city	REJECT	low	medium	out_of_window	high	REJECTED	REJECTED on SERP validation: KD 1.5 but Reddit and Conde Nast hold the results. 24 pages are already live and can stay; this is not an expansion target.	DEMAND_UNMEASURED	0/495	
C009939	/fr/quand-partir/3530597/	climate	weather.country-best-time	best-time-to-visit	3530597	3530597				3530597	fr	fr-FR							no										none		nasa-power-daily	yes	CC BY 4.0; 'There are no restrictions on the use, access, and/or download of data from the NASA POWER Project' (AWS Open Data Registry entry)	CC BY 4.0, no restrictions on reuse	high	medium, monthly normals per city	REJECT	low	medium	out_of_window	high	REJECTED	REJECTED on SERP validation: KD 1.5 but Reddit and Conde Nast hold the results. 24 pages are already live and can stay; this is not an expansion target.	DEMAND_UNMEASURED	0/495	
C009940	/it/quando-andare/3530597/	climate	weather.country-best-time	best-time-to-visit	3530597	3530597				3530597	it	it-IT							no										none		nasa-power-daily	yes	CC BY 4.0; 'There are no restrictions on the use, access, and/or download of data from the NASA POWER Project' (AWS Open Data Registry entry)	CC BY 4.0, no restrictions on reuse	high	medium, monthly normals per city	REJECT	low	medium	out_of_window	high	REJECTED	REJECTED on SERP validation: KD 1.5 but Reddit and Conde Nast hold the results. 24 pages are already live and can stay; this is not an expansion target.	DEMAND_UNMEASURED	0/495	
C009941	/ja/best-season/3530597/	climate	weather.country-best-time	best-time-to-visit	3530597	3530597				3530597	ja	ja-JP							no										none		nasa-power-daily	yes	CC BY 4.0; 'There are no restrictions on the use, access, and/or download of data from the NASA POWER Project' (AWS Open Data Registry entry)	CC BY 4.0, no restrictions on reuse	high	medium, monthly normals per city	REJECT	low	medium	out_of_window	high	REJECTED	REJECTED on SERP validation: KD 1.5 but Reddit and Conde Nast hold the results. 24 pages are already live and can stay; this is not an expansion target.	DEMAND_UNMEASURED	0/495	
C009942	/nl/beste-reistijd/3530597/	climate	weather.country-best-time	best-time-to-visit	3530597	3530597				3530597	nl	nl-NL							no										none		nasa-power-daily	yes	CC BY 4.0; 'There are no restrictions on the use, access, and/or download of data from the NASA POWER Project' (AWS Open Data Registry entry)	CC BY 4.0, no restrictions on reuse	high	medium, monthly normals per city	REJECT	low	medium	out_of_window	high	REJECTED	REJECTED on SERP validation: KD 1.5 but Reddit and Conde Nast hold the results. 24 pages are already live and can stay; this is not an expansion target.	DEMAND_UNMEASURED	0/495	
C009943	/pl/kiedy-jechac/3530597/	climate	weather.country-best-time	best-time-to-visit	3530597	3530597				3530597	pl	pl-PL							no										none		nasa-power-daily	yes	CC BY 4.0; 'There are no restrictions on the use, access, and/or download of data from the NASA POWER Project' (AWS Open Data Registry entry)	CC BY 4.0, no restrictions on reuse	high	medium, monthly normals per city	REJECT	low	medium	out_of_window	high	REJECTED	REJECTED on SERP validation: KD 1.5 but Reddit and Conde Nast hold the results. 24 pages are already live and can stay; this is not an expansion target.	DEMAND_UNMEASURED	0/495	
C009944	/pt/melhor-epoca-para-viajar/3530597/	climate	weather.country-best-time	best-time-to-visit	3530597	3530597				3530597	pt	pt-BR							no										none		nasa-power-daily	yes	CC BY 4.0; 'There are no restrictions on the use, access, and/or download of data from the NASA POWER Project' (AWS Open Data Registry entry)	CC BY 4.0, no restrictions on reuse	high	medium, monthly normals per city	REJECT	low	medium	out_of_window	high	REJECTED	REJECTED on SERP validation: KD 1.5 but Reddit and Conde Nast hold the results. 24 pages are already live and can stay; this is not an expansion target.	DEMAND_UNMEASURED	0/495	
C009945	/de/beste-reisezeit/3531673/	climate	weather.country-best-time	best-time-to-visit	3531673	3531673				3531673	de	de-DE							no										none		nasa-power-daily	yes	CC BY 4.0; 'There are no restrictions on the use, access, and/or download of data from the NASA POWER Project' (AWS Open Data Registry entry)	CC BY 4.0, no restrictions on reuse	high	medium, monthly normals per city	REJECT	low	medium	out_of_window	high	REJECTED	REJECTED on SERP validation: KD 1.5 but Reddit and Conde Nast hold the results. 24 pages are already live and can stay; this is not an expansion target.	DEMAND_UNMEASURED	0/495	
C009946	/en/best-time-to-visit/3531673/	climate	weather.country-best-time	best-time-to-visit	3531673	3531673				3531673	en	en-US							no										none		nasa-power-daily	yes	CC BY 4.0; 'There are no restrictions on the use, access, and/or download of data from the NASA POWER Project' (AWS Open Data Registry entry)	CC BY 4.0, no restrictions on reuse	high	medium, monthly normals per city	REJECT	low	medium	out_of_window	high	REJECTED	REJECTED on SERP validation: KD 1.5 but Reddit and Conde Nast hold the results. 24 pages are already live and can stay; this is not an expansion target.	DEMAND_UNMEASURED	0/495	
C009947	/es/mejor-epoca-para-viajar/3531673/	climate	weather.country-best-time	best-time-to-visit	3531673	3531673				3531673	es	es-ES							no										none		nasa-power-daily	yes	CC BY 4.0; 'There are no restrictions on the use, access, and/or download of data from the NASA POWER Project' (AWS Open Data Registry entry)	CC BY 4.0, no restrictions on reuse	high	medium, monthly normals per city	REJECT	low	medium	out_of_window	high	REJECTED	REJECTED on SERP validation: KD 1.5 but Reddit and Conde Nast hold the results. 24 pages are already live and can stay; this is not an expansion target.	DEMAND_UNMEASURED	0/495	
C009948	/fr/quand-partir/3531673/	climate	weather.country-best-time	best-time-to-visit	3531673	3531673				3531673	fr	fr-FR							no										none		nasa-power-daily	yes	CC BY 4.0; 'There are no restrictions on the use, access, and/or download of data from the NASA POWER Project' (AWS Open Data Registry entry)	CC BY 4.0, no restrictions on reuse	high	medium, monthly normals per city	REJECT	low	medium	out_of_window	high	REJECTED	REJECTED on SERP validation: KD 1.5 but Reddit and Conde Nast hold the results. 24 pages are already live and can stay; this is not an expansion target.	DEMAND_UNMEASURED	0/495	
C009949	/it/quando-andare/3531673/	climate	weather.country-best-time	best-time-to-visit	3531673	3531673				3531673	it	it-IT							no										none		nasa-power-daily	yes	CC BY 4.0; 'There are no restrictions on the use, access, and/or download of data from the NASA POWER Project' (AWS Open Data Registry entry)	CC BY 4.0, no restrictions on reuse	high	medium, monthly normals per city	REJECT	low	medium	out_of_window	high	REJECTED	REJECTED on SERP validation: KD 1.5 but Reddit and Conde Nast hold the results. 24 pages are already live and can stay; this is not an expansion target.	DEMAND_UNMEASURED	0/495	
C009950	/ja/best-season/3531673/	climate	weather.country-best-time	best-time-to-visit	3531673	3531673				3531673	ja	ja-JP							no										none		nasa-power-daily	yes	CC BY 4.0; 'There are no restrictions on the use, access, and/or download of data from the NASA POWER Project' (AWS Open Data Registry entry)	CC BY 4.0, no restrictions on reuse	high	medium, monthly normals per city	REJECT	low	medium	out_of_window	high	REJECTED	REJECTED on SERP validation: KD 1.5 but Reddit and Conde Nast hold the results. 24 pages are already live and can stay; this is not an expansion target.	DEMAND_UNMEASURED	0/495	
C009951	/nl/beste-reistijd/3531673/	climate	weather.country-best-time	best-time-to-visit	3531673	3531673				3531673	nl	nl-NL							no										none		nasa-power-daily	yes	CC BY 4.0; 'There are no restrictions on the use, access, and/or download of data from the NASA POWER Project' (AWS Open Data Registry entry)	CC BY 4.0, no restrictions on reuse	high	medium, monthly normals per city	REJECT	low	medium	out_of_window	high	REJECTED	REJECTED on SERP validation: KD 1.5 but Reddit and Conde Nast hold the results. 24 pages are already live and can stay; this is not an expansion target.	DEMAND_UNMEASURED	0/495	
C009952	/pl/kiedy-jechac/3531673/	climate	weather.country-best-time	best-time-to-visit	3531673	3531673				3531673	pl	pl-PL							no										none		nasa-power-daily	yes	CC BY 4.0; 'There are no restrictions on the use, access, and/or download of data from the NASA POWER Project' (AWS Open Data Registry entry)	CC BY 4.0, no restrictions on reuse	high	medium, monthly normals per city	REJECT	low	medium	out_of_window	high	REJECTED	REJECTED on SERP validation: KD 1.5 but Reddit and Conde Nast hold the results. 24 pages are already live and can stay; this is not an expansion target.	DEMAND_UNMEASURED	0/495	
C009953	/pt/melhor-epoca-para-viajar/3531673/	climate	weather.country-best-time	best-time-to-visit	3531673	3531673				3531673	pt	pt-BR							no										none		nasa-power-daily	yes	CC BY 4.0; 'There are no restrictions on the use, access, and/or download of data from the NASA POWER Project' (AWS Open Data Registry entry)	CC BY 4.0, no restrictions on reuse	high	medium, monthly normals per city	REJECT	low	medium	out_of_window	high	REJECTED	REJECTED on SERP validation: KD 1.5 but Reddit and Conde Nast hold the results. 24 pages are already live and can stay; this is not an expansion target.	DEMAND_UNMEASURED	0/495	
C009954	/de/beste-reisezeit/3621849/	climate	weather.country-best-time	best-time-to-visit	3621849	3621849				3621849	de	de-DE							no										none		nasa-power-daily	yes	CC BY 4.0; 'There are no restrictions on the use, access, and/or download of data from the NASA POWER Project' (AWS Open Data Registry entry)	CC BY 4.0, no restrictions on reuse	high	medium, monthly normals per city	REJECT	low	medium	out_of_window	high	REJECTED	REJECTED on SERP validation: KD 1.5 but Reddit and Conde Nast hold the results. 24 pages are already live and can stay; this is not an expansion target.	DEMAND_UNMEASURED	0/495	
C009955	/en/best-time-to-visit/3621849/	climate	weather.country-best-time	best-time-to-visit	3621849	3621849				3621849	en	en-US							no										none		nasa-power-daily	yes	CC BY 4.0; 'There are no restrictions on the use, access, and/or download of data from the NASA POWER Project' (AWS Open Data Registry entry)	CC BY 4.0, no restrictions on reuse	high	medium, monthly normals per city	REJECT	low	medium	out_of_window	high	REJECTED	REJECTED on SERP validation: KD 1.5 but Reddit and Conde Nast hold the results. 24 pages are already live and can stay; this is not an expansion target.	DEMAND_UNMEASURED	0/495	
C009956	/es/mejor-epoca-para-viajar/3621849/	climate	weather.country-best-time	best-time-to-visit	3621849	3621849				3621849	es	es-ES							no										none		nasa-power-daily	yes	CC BY 4.0; 'There are no restrictions on the use, access, and/or download of data from the NASA POWER Project' (AWS Open Data Registry entry)	CC BY 4.0, no restrictions on reuse	high	medium, monthly normals per city	REJECT	low	medium	out_of_window	high	REJECTED	REJECTED on SERP validation: KD 1.5 but Reddit and Conde Nast hold the results. 24 pages are already live and can stay; this is not an expansion target.	DEMAND_UNMEASURED	0/495	
C009957	/fr/quand-partir/3621849/	climate	weather.country-best-time	best-time-to-visit	3621849	3621849				3621849	fr	fr-FR							no										none		nasa-power-daily	yes	CC BY 4.0; 'There are no restrictions on the use, access, and/or download of data from the NASA POWER Project' (AWS Open Data Registry entry)	CC BY 4.0, no restrictions on reuse	high	medium, monthly normals per city	REJECT	low	medium	out_of_window	high	REJECTED	REJECTED on SERP validation: KD 1.5 but Reddit and Conde Nast hold the results. 24 pages are already live and can stay; this is not an expansion target.	DEMAND_UNMEASURED	0/495	
C009958	/it/quando-andare/3621849/	climate	weather.country-best-time	best-time-to-visit	3621849	3621849				3621849	it	it-IT							no										none		nasa-power-daily	yes	CC BY 4.0; 'There are no restrictions on the use, access, and/or download of data from the NASA POWER Project' (AWS Open Data Registry entry)	CC BY 4.0, no restrictions on reuse	high	medium, monthly normals per city	REJECT	low	medium	out_of_window	high	REJECTED	REJECTED on SERP validation: KD 1.5 but Reddit and Conde Nast hold the results. 24 pages are already live and can stay; this is not an expansion target.	DEMAND_UNMEASURED	0/495	
C009959	/ja/best-season/3621849/	climate	weather.country-best-time	best-time-to-visit	3621849	3621849				3621849	ja	ja-JP							no										none		nasa-power-daily	yes	CC BY 4.0; 'There are no restrictions on the use, access, and/or download of data from the NASA POWER Project' (AWS Open Data Registry entry)	CC BY 4.0, no restrictions on reuse	high	medium, monthly normals per city	REJECT	low	medium	out_of_window	high	REJECTED	REJECTED on SERP validation: KD 1.5 but Reddit and Conde Nast hold the results. 24 pages are already live and can stay; this is not an expansion target.	DEMAND_UNMEASURED	0/495	
C009960	/nl/beste-reistijd/3621849/	climate	weather.country-best-time	best-time-to-visit	3621849	3621849				3621849	nl	nl-NL							no										none		nasa-power-daily	yes	CC BY 4.0; 'There are no restrictions on the use, access, and/or download of data from the NASA POWER Project' (AWS Open Data Registry entry)	CC BY 4.0, no restrictions on reuse	high	medium, monthly normals per city	REJECT	low	medium	out_of_window	high	REJECTED	REJECTED on SERP validation: KD 1.5 but Reddit and Conde Nast hold the results. 24 pages are already live and can stay; this is not an expansion target.	DEMAND_UNMEASURED	0/495	
C009961	/pl/kiedy-jechac/3621849/	climate	weather.country-best-time	best-time-to-visit	3621849	3621849				3621849	pl	pl-PL							no										none		nasa-power-daily	yes	CC BY 4.0; 'There are no restrictions on the use, access, and/or download of data from the NASA POWER Project' (AWS Open Data Registry entry)	CC BY 4.0, no restrictions on reuse	high	medium, monthly normals per city	REJECT	low	medium	out_of_window	high	REJECTED	REJECTED on SERP validation: KD 1.5 but Reddit and Conde Nast hold the results. 24 pages are already live and can stay; this is not an expansion target.	DEMAND_UNMEASURED	0/495	
C009962	/pt/melhor-epoca-para-viajar/3621849/	climate	weather.country-best-time	best-time-to-visit	3621849	3621849				3621849	pt	pt-BR							no										none		nasa-power-daily	yes	CC BY 4.0; 'There are no restrictions on the use, access, and/or download of data from the NASA POWER Project' (AWS Open Data Registry entry)	CC BY 4.0, no restrictions on reuse	high	medium, monthly normals per city	REJECT	low	medium	out_of_window	high	REJECTED	REJECTED on SERP validation: KD 1.5 but Reddit and Conde Nast hold the results. 24 pages are already live and can stay; this is not an expansion target.	DEMAND_UNMEASURED	0/495	
C009963	/de/beste-reisezeit/3623076/	climate	weather.country-best-time	best-time-to-visit	3623076	3623076				3623076	de	de-DE							no										none		nasa-power-daily	yes	CC BY 4.0; 'There are no restrictions on the use, access, and/or download of data from the NASA POWER Project' (AWS Open Data Registry entry)	CC BY 4.0, no restrictions on reuse	high	medium, monthly normals per city	REJECT	low	medium	out_of_window	high	REJECTED	REJECTED on SERP validation: KD 1.5 but Reddit and Conde Nast hold the results. 24 pages are already live and can stay; this is not an expansion target.	DEMAND_UNMEASURED	0/495	
C009964	/en/best-time-to-visit/3623076/	climate	weather.country-best-time	best-time-to-visit	3623076	3623076				3623076	en	en-US							no										none		nasa-power-daily	yes	CC BY 4.0; 'There are no restrictions on the use, access, and/or download of data from the NASA POWER Project' (AWS Open Data Registry entry)	CC BY 4.0, no restrictions on reuse	high	medium, monthly normals per city	REJECT	low	medium	out_of_window	high	REJECTED	REJECTED on SERP validation: KD 1.5 but Reddit and Conde Nast hold the results. 24 pages are already live and can stay; this is not an expansion target.	DEMAND_UNMEASURED	0/495	
C009965	/es/mejor-epoca-para-viajar/3623076/	climate	weather.country-best-time	best-time-to-visit	3623076	3623076				3623076	es	es-ES							no										none		nasa-power-daily	yes	CC BY 4.0; 'There are no restrictions on the use, access, and/or download of data from the NASA POWER Project' (AWS Open Data Registry entry)	CC BY 4.0, no restrictions on reuse	high	medium, monthly normals per city	REJECT	low	medium	out_of_window	high	REJECTED	REJECTED on SERP validation: KD 1.5 but Reddit and Conde Nast hold the results. 24 pages are already live and can stay; this is not an expansion target.	DEMAND_UNMEASURED	0/495	
C009966	/fr/quand-partir/3623076/	climate	weather.country-best-time	best-time-to-visit	3623076	3623076				3623076	fr	fr-FR							no										none		nasa-power-daily	yes	CC BY 4.0; 'There are no restrictions on the use, access, and/or download of data from the NASA POWER Project' (AWS Open Data Registry entry)	CC BY 4.0, no restrictions on reuse	high	medium, monthly normals per city	REJECT	low	medium	out_of_window	high	REJECTED	REJECTED on SERP validation: KD 1.5 but Reddit and Conde Nast hold the results. 24 pages are already live and can stay; this is not an expansion target.	DEMAND_UNMEASURED	0/495	
C009967	/it/quando-andare/3623076/	climate	weather.country-best-time	best-time-to-visit	3623076	3623076				3623076	it	it-IT							no										none		nasa-power-daily	yes	CC BY 4.0; 'There are no restrictions on the use, access, and/or download of data from the NASA POWER Project' (AWS Open Data Registry entry)	CC BY 4.0, no restrictions on reuse	high	medium, monthly normals per city	REJECT	low	medium	out_of_window	high	REJECTED	REJECTED on SERP validation: KD 1.5 but Reddit and Conde Nast hold the results. 24 pages are already live and can stay; this is not an expansion target.	DEMAND_UNMEASURED	0/495	
C009968	/ja/best-season/3623076/	climate	weather.country-best-time	best-time-to-visit	3623076	3623076				3623076	ja	ja-JP							no										none		nasa-power-daily	yes	CC BY 4.0; 'There are no restrictions on the use, access, and/or download of data from the NASA POWER Project' (AWS Open Data Registry entry)	CC BY 4.0, no restrictions on reuse	high	medium, monthly normals per city	REJECT	low	medium	out_of_window	high	REJECTED	REJECTED on SERP validation: KD 1.5 but Reddit and Conde Nast hold the results. 24 pages are already live and can stay; this is not an expansion target.	DEMAND_UNMEASURED	0/495	
C009969	/nl/beste-reistijd/3623076/	climate	weather.country-best-time	best-time-to-visit	3623076	3623076				3623076	nl	nl-NL							no										none		nasa-power-daily	yes	CC BY 4.0; 'There are no restrictions on the use, access, and/or download of data from the NASA POWER Project' (AWS Open Data Registry entry)	CC BY 4.0, no restrictions on reuse	high	medium, monthly normals per city	REJECT	low	medium	out_of_window	high	REJECTED	REJECTED on SERP validation: KD 1.5 but Reddit and Conde Nast hold the results. 24 pages are already live and can stay; this is not an expansion target.	DEMAND_UNMEASURED	0/495	
C009970	/pl/kiedy-jechac/3623076/	climate	weather.country-best-time	best-time-to-visit	3623076	3623076				3623076	pl	pl-PL							no										none		nasa-power-daily	yes	CC BY 4.0; 'There are no restrictions on the use, access, and/or download of data from the NASA POWER Project' (AWS Open Data Registry entry)	CC BY 4.0, no restrictions on reuse	high	medium, monthly normals per city	REJECT	low	medium	out_of_window	high	REJECTED	REJECTED on SERP validation: KD 1.5 but Reddit and Conde Nast hold the results. 24 pages are already live and can stay; this is not an expansion target.	DEMAND_UNMEASURED	0/495	
C009971	/pt/melhor-epoca-para-viajar/3623076/	climate	weather.country-best-time	best-time-to-visit	3623076	3623076				3623076	pt	pt-BR							no										none		nasa-power-daily	yes	CC BY 4.0; 'There are no restrictions on the use, access, and/or download of data from the NASA POWER Project' (AWS Open Data Registry entry)	CC BY 4.0, no restrictions on reuse	high	medium, monthly normals per city	REJECT	low	medium	out_of_window	high	REJECTED	REJECTED on SERP validation: KD 1.5 but Reddit and Conde Nast hold the results. 24 pages are already live and can stay; this is not an expansion target.	DEMAND_UNMEASURED	0/495	
C009972	/de/beste-reisezeit/3936456/	climate	weather.country-best-time	best-time-to-visit	3936456	3936456				3936456	de	de-DE							no										none		nasa-power-daily	yes	CC BY 4.0; 'There are no restrictions on the use, access, and/or download of data from the NASA POWER Project' (AWS Open Data Registry entry)	CC BY 4.0, no restrictions on reuse	high	medium, monthly normals per city	REJECT	low	medium	out_of_window	high	REJECTED	REJECTED on SERP validation: KD 1.5 but Reddit and Conde Nast hold the results. 24 pages are already live and can stay; this is not an expansion target.	DEMAND_UNMEASURED	0/495	
C009973	/en/best-time-to-visit/3936456/	climate	weather.country-best-time	best-time-to-visit	3936456	3936456				3936456	en	en-US							no										none		nasa-power-daily	yes	CC BY 4.0; 'There are no restrictions on the use, access, and/or download of data from the NASA POWER Project' (AWS Open Data Registry entry)	CC BY 4.0, no restrictions on reuse	high	medium, monthly normals per city	REJECT	low	medium	out_of_window	high	REJECTED	REJECTED on SERP validation: KD 1.5 but Reddit and Conde Nast hold the results. 24 pages are already live and can stay; this is not an expansion target.	DEMAND_UNMEASURED	0/495	
C009974	/es/mejor-epoca-para-viajar/3936456/	climate	weather.country-best-time	best-time-to-visit	3936456	3936456				3936456	es	es-ES							no										none		nasa-power-daily	yes	CC BY 4.0; 'There are no restrictions on the use, access, and/or download of data from the NASA POWER Project' (AWS Open Data Registry entry)	CC BY 4.0, no restrictions on reuse	high	medium, monthly normals per city	REJECT	low	medium	out_of_window	high	REJECTED	REJECTED on SERP validation: KD 1.5 but Reddit and Conde Nast hold the results. 24 pages are already live and can stay; this is not an expansion target.	DEMAND_UNMEASURED	0/495	
C009975	/fr/quand-partir/3936456/	climate	weather.country-best-time	best-time-to-visit	3936456	3936456				3936456	fr	fr-FR							no										none		nasa-power-daily	yes	CC BY 4.0; 'There are no restrictions on the use, access, and/or download of data from the NASA POWER Project' (AWS Open Data Registry entry)	CC BY 4.0, no restrictions on reuse	high	medium, monthly normals per city	REJECT	low	medium	out_of_window	high	REJECTED	REJECTED on SERP validation: KD 1.5 but Reddit and Conde Nast hold the results. 24 pages are already live and can stay; this is not an expansion target.	DEMAND_UNMEASURED	0/495	
C009976	/it/quando-andare/3936456/	climate	weather.country-best-time	best-time-to-visit	3936456	3936456				3936456	it	it-IT							no										none		nasa-power-daily	yes	CC BY 4.0; 'There are no restrictions on the use, access, and/or download of data from the NASA POWER Project' (AWS Open Data Registry entry)	CC BY 4.0, no restrictions on reuse	high	medium, monthly normals per city	REJECT	low	medium	out_of_window	high	REJECTED	REJECTED on SERP validation: KD 1.5 but Reddit and Conde Nast hold the results. 24 pages are already live and can stay; this is not an expansion target.	DEMAND_UNMEASURED	0/495	
C009977	/ja/best-season/3936456/	climate	weather.country-best-time	best-time-to-visit	3936456	3936456				3936456	ja	ja-JP							no										none		nasa-power-daily	yes	CC BY 4.0; 'There are no restrictions on the use, access, and/or download of data from the NASA POWER Project' (AWS Open Data Registry entry)	CC BY 4.0, no restrictions on reuse	high	medium, monthly normals per city	REJECT	low	medium	out_of_window	high	REJECTED	REJECTED on SERP validation: KD 1.5 but Reddit and Conde Nast hold the results. 24 pages are already live and can stay; this is not an expansion target.	DEMAND_UNMEASURED	0/495	
C009978	/nl/beste-reistijd/3936456/	climate	weather.country-best-time	best-time-to-visit	3936456	3936456				3936456	nl	nl-NL							no										none		nasa-power-daily	yes	CC BY 4.0; 'There are no restrictions on the use, access, and/or download of data from the NASA POWER Project' (AWS Open Data Registry entry)	CC BY 4.0, no restrictions on reuse	high	medium, monthly normals per city	REJECT	low	medium	out_of_window	high	REJECTED	REJECTED on SERP validation: KD 1.5 but Reddit and Conde Nast hold the results. 24 pages are already live and can stay; this is not an expansion target.	DEMAND_UNMEASURED	0/495	
C009979	/pl/kiedy-jechac/3936456/	climate	weather.country-best-time	best-time-to-visit	3936456	3936456				3936456	pl	pl-PL							no										none		nasa-power-daily	yes	CC BY 4.0; 'There are no restrictions on the use, access, and/or download of data from the NASA POWER Project' (AWS Open Data Registry entry)	CC BY 4.0, no restrictions on reuse	high	medium, monthly normals per city	REJECT	low	medium	out_of_window	high	REJECTED	REJECTED on SERP validation: KD 1.5 but Reddit and Conde Nast hold the results. 24 pages are already live and can stay; this is not an expansion target.	DEMAND_UNMEASURED	0/495	
C009980	/pt/melhor-epoca-para-viajar/3936456/	climate	weather.country-best-time	best-time-to-visit	3936456	3936456				3936456	pt	pt-BR							no										none		nasa-power-daily	yes	CC BY 4.0; 'There are no restrictions on the use, access, and/or download of data from the NASA POWER Project' (AWS Open Data Registry entry)	CC BY 4.0, no restrictions on reuse	high	medium, monthly normals per city	REJECT	low	medium	out_of_window	high	REJECTED	REJECTED on SERP validation: KD 1.5 but Reddit and Conde Nast hold the results. 24 pages are already live and can stay; this is not an expansion target.	DEMAND_UNMEASURED	0/495	
C009981	/de/beste-reisezeit/3941584/	climate	weather.country-best-time	best-time-to-visit	3941584	3941584				3941584	de	de-DE							no										none		nasa-power-daily	yes	CC BY 4.0; 'There are no restrictions on the use, access, and/or download of data from the NASA POWER Project' (AWS Open Data Registry entry)	CC BY 4.0, no restrictions on reuse	high	medium, monthly normals per city	REJECT	low	medium	out_of_window	high	REJECTED	REJECTED on SERP validation: KD 1.5 but Reddit and Conde Nast hold the results. 24 pages are already live and can stay; this is not an expansion target.	DEMAND_UNMEASURED	0/495	
C009982	/en/best-time-to-visit/3941584/	climate	weather.country-best-time	best-time-to-visit	3941584	3941584				3941584	en	en-US							no										none		nasa-power-daily	yes	CC BY 4.0; 'There are no restrictions on the use, access, and/or download of data from the NASA POWER Project' (AWS Open Data Registry entry)	CC BY 4.0, no restrictions on reuse	high	medium, monthly normals per city	REJECT	low	medium	out_of_window	high	REJECTED	REJECTED on SERP validation: KD 1.5 but Reddit and Conde Nast hold the results. 24 pages are already live and can stay; this is not an expansion target.	DEMAND_UNMEASURED	0/495	
C009983	/es/mejor-epoca-para-viajar/3941584/	climate	weather.country-best-time	best-time-to-visit	3941584	3941584				3941584	es	es-ES							no										none		nasa-power-daily	yes	CC BY 4.0; 'There are no restrictions on the use, access, and/or download of data from the NASA POWER Project' (AWS Open Data Registry entry)	CC BY 4.0, no restrictions on reuse	high	medium, monthly normals per city	REJECT	low	medium	out_of_window	high	REJECTED	REJECTED on SERP validation: KD 1.5 but Reddit and Conde Nast hold the results. 24 pages are already live and can stay; this is not an expansion target.	DEMAND_UNMEASURED	0/495	
C009984	/fr/quand-partir/3941584/	climate	weather.country-best-time	best-time-to-visit	3941584	3941584				3941584	fr	fr-FR							no										none		nasa-power-daily	yes	CC BY 4.0; 'There are no restrictions on the use, access, and/or download of data from the NASA POWER Project' (AWS Open Data Registry entry)	CC BY 4.0, no restrictions on reuse	high	medium, monthly normals per city	REJECT	low	medium	out_of_window	high	REJECTED	REJECTED on SERP validation: KD 1.5 but Reddit and Conde Nast hold the results. 24 pages are already live and can stay; this is not an expansion target.	DEMAND_UNMEASURED	0/495	
C009985	/it/quando-andare/3941584/	climate	weather.country-best-time	best-time-to-visit	3941584	3941584				3941584	it	it-IT							no										none		nasa-power-daily	yes	CC BY 4.0; 'There are no restrictions on the use, access, and/or download of data from the NASA POWER Project' (AWS Open Data Registry entry)	CC BY 4.0, no restrictions on reuse	high	medium, monthly normals per city	REJECT	low	medium	out_of_window	high	REJECTED	REJECTED on SERP validation: KD 1.5 but Reddit and Conde Nast hold the results. 24 pages are already live and can stay; this is not an expansion target.	DEMAND_UNMEASURED	0/495	
C009986	/ja/best-season/3941584/	climate	weather.country-best-time	best-time-to-visit	3941584	3941584				3941584	ja	ja-JP							no										none		nasa-power-daily	yes	CC BY 4.0; 'There are no restrictions on the use, access, and/or download of data from the NASA POWER Project' (AWS Open Data Registry entry)	CC BY 4.0, no restrictions on reuse	high	medium, monthly normals per city	REJECT	low	medium	out_of_window	high	REJECTED	REJECTED on SERP validation: KD 1.5 but Reddit and Conde Nast hold the results. 24 pages are already live and can stay; this is not an expansion target.	DEMAND_UNMEASURED	0/495	
C009987	/nl/beste-reistijd/3941584/	climate	weather.country-best-time	best-time-to-visit	3941584	3941584				3941584	nl	nl-NL							no										none		nasa-power-daily	yes	CC BY 4.0; 'There are no restrictions on the use, access, and/or download of data from the NASA POWER Project' (AWS Open Data Registry entry)	CC BY 4.0, no restrictions on reuse	high	medium, monthly normals per city	REJECT	low	medium	out_of_window	high	REJECTED	REJECTED on SERP validation: KD 1.5 but Reddit and Conde Nast hold the results. 24 pages are already live and can stay; this is not an expansion target.	DEMAND_UNMEASURED	0/495	
C009988	/pl/kiedy-jechac/3941584/	climate	weather.country-best-time	best-time-to-visit	3941584	3941584				3941584	pl	pl-PL							no										none		nasa-power-daily	yes	CC BY 4.0; 'There are no restrictions on the use, access, and/or download of data from the NASA POWER Project' (AWS Open Data Registry entry)	CC BY 4.0, no restrictions on reuse	high	medium, monthly normals per city	REJECT	low	medium	out_of_window	high	REJECTED	REJECTED on SERP validation: KD 1.5 but Reddit and Conde Nast hold the results. 24 pages are already live and can stay; this is not an expansion target.	DEMAND_UNMEASURED	0/495	
C009989	/pt/melhor-epoca-para-viajar/3941584/	climate	weather.country-best-time	best-time-to-visit	3941584	3941584				3941584	pt	pt-BR							no										none		nasa-power-daily	yes	CC BY 4.0; 'There are no restrictions on the use, access, and/or download of data from the NASA POWER Project' (AWS Open Data Registry entry)	CC BY 4.0, no restrictions on reuse	high	medium, monthly normals per city	REJECT	low	medium	out_of_window	high	REJECTED	REJECTED on SERP validation: KD 1.5 but Reddit and Conde Nast hold the results. 24 pages are already live and can stay; this is not an expansion target.	DEMAND_UNMEASURED	0/495	
C009990	/de/beste-reisezeit/4164138/	climate	weather.country-best-time	best-time-to-visit	4164138	4164138				4164138	de	de-DE							no										none		nasa-power-daily	yes	CC BY 4.0; 'There are no restrictions on the use, access, and/or download of data from the NASA POWER Project' (AWS Open Data Registry entry)	CC BY 4.0, no restrictions on reuse	high	medium, monthly normals per city	REJECT	low	medium	out_of_window	high	REJECTED	REJECTED on SERP validation: KD 1.5 but Reddit and Conde Nast hold the results. 24 pages are already live and can stay; this is not an expansion target.	DEMAND_UNMEASURED	0/495	
C009991	/en/best-time-to-visit/4164138/	climate	weather.country-best-time	best-time-to-visit	4164138	4164138				4164138	en	en-US							no										none		nasa-power-daily	yes	CC BY 4.0; 'There are no restrictions on the use, access, and/or download of data from the NASA POWER Project' (AWS Open Data Registry entry)	CC BY 4.0, no restrictions on reuse	high	medium, monthly normals per city	REJECT	low	medium	out_of_window	high	REJECTED	REJECTED on SERP validation: KD 1.5 but Reddit and Conde Nast hold the results. 24 pages are already live and can stay; this is not an expansion target.	DEMAND_UNMEASURED	0/495	
C009992	/es/mejor-epoca-para-viajar/4164138/	climate	weather.country-best-time	best-time-to-visit	4164138	4164138				4164138	es	es-ES							no										none		nasa-power-daily	yes	CC BY 4.0; 'There are no restrictions on the use, access, and/or download of data from the NASA POWER Project' (AWS Open Data Registry entry)	CC BY 4.0, no restrictions on reuse	high	medium, monthly normals per city	REJECT	low	medium	out_of_window	high	REJECTED	REJECTED on SERP validation: KD 1.5 but Reddit and Conde Nast hold the results. 24 pages are already live and can stay; this is not an expansion target.	DEMAND_UNMEASURED	0/495	
C009993	/fr/quand-partir/4164138/	climate	weather.country-best-time	best-time-to-visit	4164138	4164138				4164138	fr	fr-FR							no										none		nasa-power-daily	yes	CC BY 4.0; 'There are no restrictions on the use, access, and/or download of data from the NASA POWER Project' (AWS Open Data Registry entry)	CC BY 4.0, no restrictions on reuse	high	medium, monthly normals per city	REJECT	low	medium	out_of_window	high	REJECTED	REJECTED on SERP validation: KD 1.5 but Reddit and Conde Nast hold the results. 24 pages are already live and can stay; this is not an expansion target.	DEMAND_UNMEASURED	0/495	
C009994	/it/quando-andare/4164138/	climate	weather.country-best-time	best-time-to-visit	4164138	4164138				4164138	it	it-IT							no										none		nasa-power-daily	yes	CC BY 4.0; 'There are no restrictions on the use, access, and/or download of data from the NASA POWER Project' (AWS Open Data Registry entry)	CC BY 4.0, no restrictions on reuse	high	medium, monthly normals per city	REJECT	low	medium	out_of_window	high	REJECTED	REJECTED on SERP validation: KD 1.5 but Reddit and Conde Nast hold the results. 24 pages are already live and can stay; this is not an expansion target.	DEMAND_UNMEASURED	0/495	
C009995	/ja/best-season/4164138/	climate	weather.country-best-time	best-time-to-visit	4164138	4164138				4164138	ja	ja-JP							no										none		nasa-power-daily	yes	CC BY 4.0; 'There are no restrictions on the use, access, and/or download of data from the NASA POWER Project' (AWS Open Data Registry entry)	CC BY 4.0, no restrictions on reuse	high	medium, monthly normals per city	REJECT	low	medium	out_of_window	high	REJECTED	REJECTED on SERP validation: KD 1.5 but Reddit and Conde Nast hold the results. 24 pages are already live and can stay; this is not an expansion target.	DEMAND_UNMEASURED	0/495	
C009996	/nl/beste-reistijd/4164138/	climate	weather.country-best-time	best-time-to-visit	4164138	4164138				4164138	nl	nl-NL							no										none		nasa-power-daily	yes	CC BY 4.0; 'There are no restrictions on the use, access, and/or download of data from the NASA POWER Project' (AWS Open Data Registry entry)	CC BY 4.0, no restrictions on reuse	high	medium, monthly normals per city	REJECT	low	medium	out_of_window	high	REJECTED	REJECTED on SERP validation: KD 1.5 but Reddit and Conde Nast hold the results. 24 pages are already live and can stay; this is not an expansion target.	DEMAND_UNMEASURED	0/495	
C009997	/pl/kiedy-jechac/4164138/	climate	weather.country-best-time	best-time-to-visit	4164138	4164138				4164138	pl	pl-PL							no										none		nasa-power-daily	yes	CC BY 4.0; 'There are no restrictions on the use, access, and/or download of data from the NASA POWER Project' (AWS Open Data Registry entry)	CC BY 4.0, no restrictions on reuse	high	medium, monthly normals per city	REJECT	low	medium	out_of_window	high	REJECTED	REJECTED on SERP validation: KD 1.5 but Reddit and Conde Nast hold the results. 24 pages are already live and can stay; this is not an expansion target.	DEMAND_UNMEASURED	0/495	
C009998	/pt/melhor-epoca-para-viajar/4164138/	climate	weather.country-best-time	best-time-to-visit	4164138	4164138				4164138	pt	pt-BR							no										none		nasa-power-daily	yes	CC BY 4.0; 'There are no restrictions on the use, access, and/or download of data from the NASA POWER Project' (AWS Open Data Registry entry)	CC BY 4.0, no restrictions on reuse	high	medium, monthly normals per city	REJECT	low	medium	out_of_window	high	REJECTED	REJECTED on SERP validation: KD 1.5 but Reddit and Conde Nast hold the results. 24 pages are already live and can stay; this is not an expansion target.	DEMAND_UNMEASURED	0/495	
C009999	/de/beste-reisezeit/5128581/	climate	weather.country-best-time	best-time-to-visit	5128581	5128581				5128581	de	de-DE							no										none		nasa-power-daily	yes	CC BY 4.0; 'There are no restrictions on the use, access, and/or download of data from the NASA POWER Project' (AWS Open Data Registry entry)	CC BY 4.0, no restrictions on reuse	high	medium, monthly normals per city	REJECT	low	medium	out_of_window	high	REJECTED	REJECTED on SERP validation: KD 1.5 but Reddit and Conde Nast hold the results. 24 pages are already live and can stay; this is not an expansion target.	DEMAND_UNMEASURED	0/495	
C010000	/en/best-time-to-visit/5128581/	climate	weather.country-best-time	best-time-to-visit	5128581	5128581				5128581	en	en-US							no										none		nasa-power-daily	yes	CC BY 4.0; 'There are no restrictions on the use, access, and/or download of data from the NASA POWER Project' (AWS Open Data Registry entry)	CC BY 4.0, no restrictions on reuse	high	medium, monthly normals per city	REJECT	low	medium	out_of_window	high	REJECTED	REJECTED on SERP validation: KD 1.5 but Reddit and Conde Nast hold the results. 24 pages are already live and can stay; this is not an expansion target.	DEMAND_UNMEASURED	0/495	
C010001	/es/mejor-epoca-para-viajar/5128581/	climate	weather.country-best-time	best-time-to-visit	5128581	5128581				5128581	es	es-ES							no										none		nasa-power-daily	yes	CC BY 4.0; 'There are no restrictions on the use, access, and/or download of data from the NASA POWER Project' (AWS Open Data Registry entry)	CC BY 4.0, no restrictions on reuse	high	medium, monthly normals per city	REJECT	low	medium	out_of_window	high	REJECTED	REJECTED on SERP validation: KD 1.5 but Reddit and Conde Nast hold the results. 24 pages are already live and can stay; this is not an expansion target.	DEMAND_UNMEASURED	0/495	
C010002	/fr/quand-partir/5128581/	climate	weather.country-best-time	best-time-to-visit	5128581	5128581				5128581	fr	fr-FR							no										none		nasa-power-daily	yes	CC BY 4.0; 'There are no restrictions on the use, access, and/or download of data from the NASA POWER Project' (AWS Open Data Registry entry)	CC BY 4.0, no restrictions on reuse	high	medium, monthly normals per city	REJECT	low	medium	out_of_window	high	REJECTED	REJECTED on SERP validation: KD 1.5 but Reddit and Conde Nast hold the results. 24 pages are already live and can stay; this is not an expansion target.	DEMAND_UNMEASURED	0/495	
C010003	/it/quando-andare/5128581/	climate	weather.country-best-time	best-time-to-visit	5128581	5128581				5128581	it	it-IT							no										none		nasa-power-daily	yes	CC BY 4.0; 'There are no restrictions on the use, access, and/or download of data from the NASA POWER Project' (AWS Open Data Registry entry)	CC BY 4.0, no restrictions on reuse	high	medium, monthly normals per city	REJECT	low	medium	out_of_window	high	REJECTED	REJECTED on SERP validation: KD 1.5 but Reddit and Conde Nast hold the results. 24 pages are already live and can stay; this is not an expansion target.	DEMAND_UNMEASURED	0/495	
C010004	/ja/best-season/5128581/	climate	weather.country-best-time	best-time-to-visit	5128581	5128581				5128581	ja	ja-JP							no										none		nasa-power-daily	yes	CC BY 4.0; 'There are no restrictions on the use, access, and/or download of data from the NASA POWER Project' (AWS Open Data Registry entry)	CC BY 4.0, no restrictions on reuse	high	medium, monthly normals per city	REJECT	low	medium	out_of_window	high	REJECTED	REJECTED on SERP validation: KD 1.5 but Reddit and Conde Nast hold the results. 24 pages are already live and can stay; this is not an expansion target.	DEMAND_UNMEASURED	0/495	
C010005	/nl/beste-reistijd/5128581/	climate	weather.country-best-time	best-time-to-visit	5128581	5128581				5128581	nl	nl-NL							no										none		nasa-power-daily	yes	CC BY 4.0; 'There are no restrictions on the use, access, and/or download of data from the NASA POWER Project' (AWS Open Data Registry entry)	CC BY 4.0, no restrictions on reuse	high	medium, monthly normals per city	REJECT	low	medium	out_of_window	high	REJECTED	REJECTED on SERP validation: KD 1.5 but Reddit and Conde Nast hold the results. 24 pages are already live and can stay; this is not an expansion target.	DEMAND_UNMEASURED	0/495	
C010006	/pl/kiedy-jechac/5128581/	climate	weather.country-best-time	best-time-to-visit	5128581	5128581				5128581	pl	pl-PL							no										none		nasa-power-daily	yes	CC BY 4.0; 'There are no restrictions on the use, access, and/or download of data from the NASA POWER Project' (AWS Open Data Registry entry)	CC BY 4.0, no restrictions on reuse	high	medium, monthly normals per city	REJECT	low	medium	out_of_window	high	REJECTED	REJECTED on SERP validation: KD 1.5 but Reddit and Conde Nast hold the results. 24 pages are already live and can stay; this is not an expansion target.	DEMAND_UNMEASURED	0/495	
C010007	/pt/melhor-epoca-para-viajar/5128581/	climate	weather.country-best-time	best-time-to-visit	5128581	5128581				5128581	pt	pt-BR							no										none		nasa-power-daily	yes	CC BY 4.0; 'There are no restrictions on the use, access, and/or download of data from the NASA POWER Project' (AWS Open Data Registry entry)	CC BY 4.0, no restrictions on reuse	high	medium, monthly normals per city	REJECT	low	medium	out_of_window	high	REJECTED	REJECTED on SERP validation: KD 1.5 but Reddit and Conde Nast hold the results. 24 pages are already live and can stay; this is not an expansion target.	DEMAND_UNMEASURED	0/495	
C010008	/de/beste-reisezeit/5391959/	climate	weather.country-best-time	best-time-to-visit	5391959	5391959				5391959	de	de-DE							no										none		nasa-power-daily	yes	CC BY 4.0; 'There are no restrictions on the use, access, and/or download of data from the NASA POWER Project' (AWS Open Data Registry entry)	CC BY 4.0, no restrictions on reuse	high	medium, monthly normals per city	REJECT	low	medium	out_of_window	high	REJECTED	REJECTED on SERP validation: KD 1.5 but Reddit and Conde Nast hold the results. 24 pages are already live and can stay; this is not an expansion target.	DEMAND_UNMEASURED	0/495	
C010009	/en/best-time-to-visit/5391959/	climate	weather.country-best-time	best-time-to-visit	5391959	5391959				5391959	en	en-US							no										none		nasa-power-daily	yes	CC BY 4.0; 'There are no restrictions on the use, access, and/or download of data from the NASA POWER Project' (AWS Open Data Registry entry)	CC BY 4.0, no restrictions on reuse	high	medium, monthly normals per city	REJECT	low	medium	out_of_window	high	REJECTED	REJECTED on SERP validation: KD 1.5 but Reddit and Conde Nast hold the results. 24 pages are already live and can stay; this is not an expansion target.	DEMAND_UNMEASURED	0/495	
C010010	/es/mejor-epoca-para-viajar/5391959/	climate	weather.country-best-time	best-time-to-visit	5391959	5391959				5391959	es	es-ES							no										none		nasa-power-daily	yes	CC BY 4.0; 'There are no restrictions on the use, access, and/or download of data from the NASA POWER Project' (AWS Open Data Registry entry)	CC BY 4.0, no restrictions on reuse	high	medium, monthly normals per city	REJECT	low	medium	out_of_window	high	REJECTED	REJECTED on SERP validation: KD 1.5 but Reddit and Conde Nast hold the results. 24 pages are already live and can stay; this is not an expansion target.	DEMAND_UNMEASURED	0/495	
C010011	/fr/quand-partir/5391959/	climate	weather.country-best-time	best-time-to-visit	5391959	5391959				5391959	fr	fr-FR							no										none		nasa-power-daily	yes	CC BY 4.0; 'There are no restrictions on the use, access, and/or download of data from the NASA POWER Project' (AWS Open Data Registry entry)	CC BY 4.0, no restrictions on reuse	high	medium, monthly normals per city	REJECT	low	medium	out_of_window	high	REJECTED	REJECTED on SERP validation: KD 1.5 but Reddit and Conde Nast hold the results. 24 pages are already live and can stay; this is not an expansion target.	DEMAND_UNMEASURED	0/495	
C010012	/it/quando-andare/5391959/	climate	weather.country-best-time	best-time-to-visit	5391959	5391959				5391959	it	it-IT							no										none		nasa-power-daily	yes	CC BY 4.0; 'There are no restrictions on the use, access, and/or download of data from the NASA POWER Project' (AWS Open Data Registry entry)	CC BY 4.0, no restrictions on reuse	high	medium, monthly normals per city	REJECT	low	medium	out_of_window	high	REJECTED	REJECTED on SERP validation: KD 1.5 but Reddit and Conde Nast hold the results. 24 pages are already live and can stay; this is not an expansion target.	DEMAND_UNMEASURED	0/495	
C010013	/ja/best-season/5391959/	climate	weather.country-best-time	best-time-to-visit	5391959	5391959				5391959	ja	ja-JP							no										none		nasa-power-daily	yes	CC BY 4.0; 'There are no restrictions on the use, access, and/or download of data from the NASA POWER Project' (AWS Open Data Registry entry)	CC BY 4.0, no restrictions on reuse	high	medium, monthly normals per city	REJECT	low	medium	out_of_window	high	REJECTED	REJECTED on SERP validation: KD 1.5 but Reddit and Conde Nast hold the results. 24 pages are already live and can stay; this is not an expansion target.	DEMAND_UNMEASURED	0/495	
C010014	/nl/beste-reistijd/5391959/	climate	weather.country-best-time	best-time-to-visit	5391959	5391959				5391959	nl	nl-NL							no										none		nasa-power-daily	yes	CC BY 4.0; 'There are no restrictions on the use, access, and/or download of data from the NASA POWER Project' (AWS Open Data Registry entry)	CC BY 4.0, no restrictions on reuse	high	medium, monthly normals per city	REJECT	low	medium	out_of_window	high	REJECTED	REJECTED on SERP validation: KD 1.5 but Reddit and Conde Nast hold the results. 24 pages are already live and can stay; this is not an expansion target.	DEMAND_UNMEASURED	0/495	
C010015	/pl/kiedy-jechac/5391959/	climate	weather.country-best-time	best-time-to-visit	5391959	5391959				5391959	pl	pl-PL							no										none		nasa-power-daily	yes	CC BY 4.0; 'There are no restrictions on the use, access, and/or download of data from the NASA POWER Project' (AWS Open Data Registry entry)	CC BY 4.0, no restrictions on reuse	high	medium, monthly normals per city	REJECT	low	medium	out_of_window	high	REJECTED	REJECTED on SERP validation: KD 1.5 but Reddit and Conde Nast hold the results. 24 pages are already live and can stay; this is not an expansion target.	DEMAND_UNMEASURED	0/495	
C010016	/pt/melhor-epoca-para-viajar/5391959/	climate	weather.country-best-time	best-time-to-visit	5391959	5391959				5391959	pt	pt-BR							no										none		nasa-power-daily	yes	CC BY 4.0; 'There are no restrictions on the use, access, and/or download of data from the NASA POWER Project' (AWS Open Data Registry entry)	CC BY 4.0, no restrictions on reuse	high	medium, monthly normals per city	REJECT	low	medium	out_of_window	high	REJECTED	REJECTED on SERP validation: KD 1.5 but Reddit and Conde Nast hold the results. 24 pages are already live and can stay; this is not an expansion target.	DEMAND_UNMEASURED	0/495	
