id	proposed_url	surface	family	page_type	entity	entity_label	destination	country	subdivision	city	language	search_market	primary_keyword	secondary_keywords	monthly_volume	kd	traffic_potential	cpc_cents	measured	measured_via	serp_intent	serp_features	top_ranking_urls	weakest_top10_competitor	weakest_competitor_dr	weakest_competitor_ur	weakest_competitor_refdomains	competitor_traffic	livdar_coverage_now	current_live_equivalent	source_id	source_data_available	source_licence	source_licensing_status	programmatic_feasibility	uniqueness_potential	quality_risk	monetization_fit	internal_link_fit	gsc_evidence	confidence	status	notes	family_demand_tier	family_measured_coverage	family_best_measured_volume
C005724	/de/calendar/week-numbers/	tools	calendar.week-numbers	week-number-lookup	week-numbers	week numbers					de	de-DE	kalenderwoche		44785	48		6	yes	keywords-explorer-overview 2026-09-29									none		computed	yes	computed, no external source	no licence needed	high, ISO 8601 week arithmetic	high, it is a live answer plus a table	SAFE_TO_SCALE	low	medium	out_of_window	high	VALIDATED	kalender-365.nl/weeknummer.html earns 93469 from this single page with 731 keywords Global volume 46000. Global volume 46000.	DEMAND_HIGH	5/9	44785
C005726	/de/calendar/2026/	tools	calendar.year	year-calendar	2026	2026					de	de-DE	kalender 2026		333644	0		10	yes	keywords-explorer-overview 2026-09-29									none		computed	yes	computed, no external source	no licence needed	high	medium, the grid plus that market's holidays	SCALE_WITH_GATES	low	high	out_of_window	high	VALIDATED	SERP validated for de: kalender 2027 at 70657 and KD 2 has a DR 10 page at position 3. Rejected for pl, where a SERP page carries 55463 backlinks. Global volume 2480000. Global volume 2480000.	DEMAND_VERY_HIGH	20/45	627451
C005727	/de/calendar/2026/januar/	tools	calendar.month	month-calendar	2026-january	Januar 2026					de	de-DE	kalender Januar 2026						no										none		computed	yes	computed, no external source	no licence needed	high	medium, grid plus holidays plus week numbers for that month	SCALE_WITH_GATES	low	high, year and sibling months	out_of_window	medium	PROMISING	a competitor holds position 1 on calendrier septembre 2026 at 59000 with zero page refdomains	DEMAND_MODERATE	14/324	2027
C005728	/de/calendar/2026/februar/	tools	calendar.month	month-calendar	2026-february	Februar 2026					de	de-DE	kalender Februar 2026						no										none		computed	yes	computed, no external source	no licence needed	high	medium, grid plus holidays plus week numbers for that month	SCALE_WITH_GATES	low	high, year and sibling months	out_of_window	medium	PROMISING	a competitor holds position 1 on calendrier septembre 2026 at 59000 with zero page refdomains	DEMAND_MODERATE	14/324	2027
C005729	/de/calendar/2026/maerz/	tools	calendar.month	month-calendar	2026-march	März 2026					de	de-DE	kalender März 2026						no										none		computed	yes	computed, no external source	no licence needed	high	medium, grid plus holidays plus week numbers for that month	SCALE_WITH_GATES	low	high, year and sibling months	out_of_window	medium	PROMISING	a competitor holds position 1 on calendrier septembre 2026 at 59000 with zero page refdomains	DEMAND_MODERATE	14/324	2027
C005730	/de/calendar/2026/april/	tools	calendar.month	month-calendar	2026-april	April 2026					de	de-DE	kalender April 2026						no										none		computed	yes	computed, no external source	no licence needed	high	medium, grid plus holidays plus week numbers for that month	SCALE_WITH_GATES	low	high, year and sibling months	out_of_window	medium	PROMISING	a competitor holds position 1 on calendrier septembre 2026 at 59000 with zero page refdomains	DEMAND_MODERATE	14/324	2027
C005731	/de/calendar/2026/mai/	tools	calendar.month	month-calendar	2026-may	Mai 2026					de	de-DE	kalender Mai 2026						no										none		computed	yes	computed, no external source	no licence needed	high	medium, grid plus holidays plus week numbers for that month	SCALE_WITH_GATES	low	high, year and sibling months	out_of_window	medium	PROMISING	a competitor holds position 1 on calendrier septembre 2026 at 59000 with zero page refdomains	DEMAND_MODERATE	14/324	2027
C005732	/de/calendar/2026/juni/	tools	calendar.month	month-calendar	2026-june	Juni 2026					de	de-DE	kalender Juni 2026						no										none		computed	yes	computed, no external source	no licence needed	high	medium, grid plus holidays plus week numbers for that month	SCALE_WITH_GATES	low	high, year and sibling months	out_of_window	medium	PROMISING	a competitor holds position 1 on calendrier septembre 2026 at 59000 with zero page refdomains	DEMAND_MODERATE	14/324	2027
C005733	/de/calendar/2026/juli/	tools	calendar.month	month-calendar	2026-july	Juli 2026					de	de-DE	kalender Juli 2026						no										none		computed	yes	computed, no external source	no licence needed	high	medium, grid plus holidays plus week numbers for that month	SCALE_WITH_GATES	low	high, year and sibling months	out_of_window	medium	PROMISING	a competitor holds position 1 on calendrier septembre 2026 at 59000 with zero page refdomains	DEMAND_MODERATE	14/324	2027
C005734	/de/calendar/2026/august/	tools	calendar.month	month-calendar	2026-august	August 2026					de	de-DE	kalender August 2026						no										none		computed	yes	computed, no external source	no licence needed	high	medium, grid plus holidays plus week numbers for that month	SCALE_WITH_GATES	low	high, year and sibling months	out_of_window	medium	PROMISING	a competitor holds position 1 on calendrier septembre 2026 at 59000 with zero page refdomains	DEMAND_MODERATE	14/324	2027
C005735	/de/calendar/2026/september/	tools	calendar.month	month-calendar	2026-september	September 2026					de	de-DE	kalender September 2026						no										none		computed	yes	computed, no external source	no licence needed	high	medium, grid plus holidays plus week numbers for that month	SCALE_WITH_GATES	low	high, year and sibling months	out_of_window	medium	PROMISING	a competitor holds position 1 on calendrier septembre 2026 at 59000 with zero page refdomains	DEMAND_MODERATE	14/324	2027
C005736	/de/calendar/2026/oktober/	tools	calendar.month	month-calendar	2026-october	Oktober 2026					de	de-DE	kalender Oktober 2026						no										none		computed	yes	computed, no external source	no licence needed	high	medium, grid plus holidays plus week numbers for that month	SCALE_WITH_GATES	low	high, year and sibling months	out_of_window	medium	PROMISING	a competitor holds position 1 on calendrier septembre 2026 at 59000 with zero page refdomains	DEMAND_MODERATE	14/324	2027
C005737	/de/calendar/2026/november/	tools	calendar.month	month-calendar	2026-november	November 2026					de	de-DE	kalender November 2026						no										none		computed	yes	computed, no external source	no licence needed	high	medium, grid plus holidays plus week numbers for that month	SCALE_WITH_GATES	low	high, year and sibling months	out_of_window	medium	PROMISING	a competitor holds position 1 on calendrier septembre 2026 at 59000 with zero page refdomains	DEMAND_MODERATE	14/324	2027
C005738	/de/calendar/2026/dezember/	tools	calendar.month	month-calendar	2026-december	Dezember 2026					de	de-DE	kalender Dezember 2026						no										none		computed	yes	computed, no external source	no licence needed	high	medium, grid plus holidays plus week numbers for that month	SCALE_WITH_GATES	low	high, year and sibling months	out_of_window	medium	PROMISING	a competitor holds position 1 on calendrier septembre 2026 at 59000 with zero page refdomains	DEMAND_MODERATE	14/324	2027
C005739	/de/calendar/2027/	tools	calendar.year	year-calendar	2027	2027					de	de-DE	kalender 2027		70657	2		10	yes	keywords-explorer-overview 2026-09-29									none		computed	yes	computed, no external source	no licence needed	high	medium, the grid plus that market's holidays	SCALE_WITH_GATES	low	high	out_of_window	high	VALIDATED	SERP validated for de: kalender 2027 at 70657 and KD 2 has a DR 10 page at position 3. Rejected for pl, where a SERP page carries 55463 backlinks. Global volume 134000. Global volume 134000.	DEMAND_VERY_HIGH	20/45	627451
C005740	/de/calendar/2027/januar/	tools	calendar.month	month-calendar	2027-january	Januar 2027					de	de-DE	kalender Januar 2027		216			8	yes	keywords-explorer-overview 2026-09-29									none		computed	yes	computed, no external source	no licence needed	high	medium, grid plus holidays plus week numbers for that month	SCALE_WITH_GATES	low	high, year and sibling months	out_of_window	medium	PROMISING	a competitor holds position 1 on calendrier septembre 2026 at 59000 with zero page refdomains Global volume 500. Global volume 500.	DEMAND_MODERATE	14/324	2027
C005741	/de/calendar/2027/februar/	tools	calendar.month	month-calendar	2027-february	Februar 2027					de	de-DE	kalender Februar 2027		183			7	yes	keywords-explorer-overview 2026-09-29									none		computed	yes	computed, no external source	no licence needed	high	medium, grid plus holidays plus week numbers for that month	SCALE_WITH_GATES	low	high, year and sibling months	out_of_window	medium	PROMISING	a competitor holds position 1 on calendrier septembre 2026 at 59000 with zero page refdomains Global volume 300. Global volume 300.	DEMAND_MODERATE	14/324	2027
C005742	/de/calendar/2027/maerz/	tools	calendar.month	month-calendar	2027-march	März 2027					de	de-DE	kalender März 2027						no										none		computed	yes	computed, no external source	no licence needed	high	medium, grid plus holidays plus week numbers for that month	SCALE_WITH_GATES	low	high, year and sibling months	out_of_window	medium	PROMISING	a competitor holds position 1 on calendrier septembre 2026 at 59000 with zero page refdomains	DEMAND_MODERATE	14/324	2027
C005743	/de/calendar/2027/april/	tools	calendar.month	month-calendar	2027-april	April 2027					de	de-DE	kalender April 2027						no										none		computed	yes	computed, no external source	no licence needed	high	medium, grid plus holidays plus week numbers for that month	SCALE_WITH_GATES	low	high, year and sibling months	out_of_window	medium	PROMISING	a competitor holds position 1 on calendrier septembre 2026 at 59000 with zero page refdomains	DEMAND_MODERATE	14/324	2027
C005744	/de/calendar/2027/mai/	tools	calendar.month	month-calendar	2027-may	Mai 2027					de	de-DE	kalender Mai 2027						no										none		computed	yes	computed, no external source	no licence needed	high	medium, grid plus holidays plus week numbers for that month	SCALE_WITH_GATES	low	high, year and sibling months	out_of_window	medium	PROMISING	a competitor holds position 1 on calendrier septembre 2026 at 59000 with zero page refdomains	DEMAND_MODERATE	14/324	2027
C005745	/de/calendar/2027/juni/	tools	calendar.month	month-calendar	2027-june	Juni 2027					de	de-DE	kalender Juni 2027						no										none		computed	yes	computed, no external source	no licence needed	high	medium, grid plus holidays plus week numbers for that month	SCALE_WITH_GATES	low	high, year and sibling months	out_of_window	medium	PROMISING	a competitor holds position 1 on calendrier septembre 2026 at 59000 with zero page refdomains	DEMAND_MODERATE	14/324	2027
C005746	/de/calendar/2027/juli/	tools	calendar.month	month-calendar	2027-july	Juli 2027					de	de-DE	kalender Juli 2027		784			0	yes	keywords-explorer-overview 2026-09-29									none		computed	yes	computed, no external source	no licence needed	high	medium, grid plus holidays plus week numbers for that month	SCALE_WITH_GATES	low	high, year and sibling months	out_of_window	medium	PROMISING	a competitor holds position 1 on calendrier septembre 2026 at 59000 with zero page refdomains Global volume 1200. Global volume 1200.	DEMAND_MODERATE	14/324	2027
C005747	/de/calendar/2027/august/	tools	calendar.month	month-calendar	2027-august	August 2027					de	de-DE	kalender August 2027						no										none		computed	yes	computed, no external source	no licence needed	high	medium, grid plus holidays plus week numbers for that month	SCALE_WITH_GATES	low	high, year and sibling months	out_of_window	medium	PROMISING	a competitor holds position 1 on calendrier septembre 2026 at 59000 with zero page refdomains	DEMAND_MODERATE	14/324	2027
C005748	/de/calendar/2027/september/	tools	calendar.month	month-calendar	2027-september	September 2027					de	de-DE	kalender September 2027						no										none		computed	yes	computed, no external source	no licence needed	high	medium, grid plus holidays plus week numbers for that month	SCALE_WITH_GATES	low	high, year and sibling months	out_of_window	medium	PROMISING	a competitor holds position 1 on calendrier septembre 2026 at 59000 with zero page refdomains	DEMAND_MODERATE	14/324	2027
C005749	/de/calendar/2027/oktober/	tools	calendar.month	month-calendar	2027-october	Oktober 2027					de	de-DE	kalender Oktober 2027						no										none		computed	yes	computed, no external source	no licence needed	high	medium, grid plus holidays plus week numbers for that month	SCALE_WITH_GATES	low	high, year and sibling months	out_of_window	medium	PROMISING	a competitor holds position 1 on calendrier septembre 2026 at 59000 with zero page refdomains	DEMAND_MODERATE	14/324	2027
C005750	/de/calendar/2027/november/	tools	calendar.month	month-calendar	2027-november	November 2027					de	de-DE	kalender November 2027						no										none		computed	yes	computed, no external source	no licence needed	high	medium, grid plus holidays plus week numbers for that month	SCALE_WITH_GATES	low	high, year and sibling months	out_of_window	medium	PROMISING	a competitor holds position 1 on calendrier septembre 2026 at 59000 with zero page refdomains	DEMAND_MODERATE	14/324	2027
C005751	/de/calendar/2027/dezember/	tools	calendar.month	month-calendar	2027-december	Dezember 2027					de	de-DE	kalender Dezember 2027		134				yes	keywords-explorer-overview 2026-09-29									none		computed	yes	computed, no external source	no licence needed	high	medium, grid plus holidays plus week numbers for that month	SCALE_WITH_GATES	low	high, year and sibling months	out_of_window	medium	PROMISING	a competitor holds position 1 on calendrier septembre 2026 at 59000 with zero page refdomains Global volume 150. Global volume 150.	DEMAND_MODERATE	14/324	2027
C005752	/de/calendar/2028/	tools	calendar.year	year-calendar	2028	2028					de	de-DE	kalender 2028		10217	0		4	yes	keywords-explorer-overview 2026-09-29									none		computed	yes	computed, no external source	no licence needed	high	medium, the grid plus that market's holidays	SCALE_WITH_GATES	low	high	out_of_window	high	VALIDATED	SERP validated for de: kalender 2027 at 70657 and KD 2 has a DR 10 page at position 3. Rejected for pl, where a SERP page carries 55463 backlinks. Global volume 12000. Global volume 12000.	DEMAND_VERY_HIGH	20/45	627451
C005753	/de/calendar/2028/januar/	tools	calendar.month	month-calendar	2028-january	Januar 2028					de	de-DE	kalender Januar 2028		64				yes	keywords-explorer-overview 2026-09-29									none		computed	yes	computed, no external source	no licence needed	high	medium, grid plus holidays plus week numbers for that month	SCALE_WITH_GATES	low	high, year and sibling months	out_of_window	medium	PROMISING	a competitor holds position 1 on calendrier septembre 2026 at 59000 with zero page refdomains Global volume 50. Global volume 50.	DEMAND_MODERATE	14/324	2027
C005754	/de/calendar/2028/februar/	tools	calendar.month	month-calendar	2028-february	Februar 2028					de	de-DE	kalender Februar 2028						no										none		computed	yes	computed, no external source	no licence needed	high	medium, grid plus holidays plus week numbers for that month	SCALE_WITH_GATES	low	high, year and sibling months	out_of_window	medium	PROMISING	a competitor holds position 1 on calendrier septembre 2026 at 59000 with zero page refdomains	DEMAND_MODERATE	14/324	2027
C005755	/de/calendar/2028/maerz/	tools	calendar.month	month-calendar	2028-march	März 2028					de	de-DE	kalender März 2028						no										none		computed	yes	computed, no external source	no licence needed	high	medium, grid plus holidays plus week numbers for that month	SCALE_WITH_GATES	low	high, year and sibling months	out_of_window	medium	PROMISING	a competitor holds position 1 on calendrier septembre 2026 at 59000 with zero page refdomains	DEMAND_MODERATE	14/324	2027
C005756	/de/calendar/2028/april/	tools	calendar.month	month-calendar	2028-april	April 2028					de	de-DE	kalender April 2028						no										none		computed	yes	computed, no external source	no licence needed	high	medium, grid plus holidays plus week numbers for that month	SCALE_WITH_GATES	low	high, year and sibling months	out_of_window	medium	PROMISING	a competitor holds position 1 on calendrier septembre 2026 at 59000 with zero page refdomains	DEMAND_MODERATE	14/324	2027
C005757	/de/calendar/2028/mai/	tools	calendar.month	month-calendar	2028-may	Mai 2028					de	de-DE	kalender Mai 2028						no										none		computed	yes	computed, no external source	no licence needed	high	medium, grid plus holidays plus week numbers for that month	SCALE_WITH_GATES	low	high, year and sibling months	out_of_window	medium	PROMISING	a competitor holds position 1 on calendrier septembre 2026 at 59000 with zero page refdomains	DEMAND_MODERATE	14/324	2027
C005758	/de/calendar/2028/juni/	tools	calendar.month	month-calendar	2028-june	Juni 2028					de	de-DE	kalender Juni 2028						no										none		computed	yes	computed, no external source	no licence needed	high	medium, grid plus holidays plus week numbers for that month	SCALE_WITH_GATES	low	high, year and sibling months	out_of_window	medium	PROMISING	a competitor holds position 1 on calendrier septembre 2026 at 59000 with zero page refdomains	DEMAND_MODERATE	14/324	2027
C005759	/de/calendar/2028/juli/	tools	calendar.month	month-calendar	2028-july	Juli 2028					de	de-DE	kalender Juli 2028						no										none		computed	yes	computed, no external source	no licence needed	high	medium, grid plus holidays plus week numbers for that month	SCALE_WITH_GATES	low	high, year and sibling months	out_of_window	medium	PROMISING	a competitor holds position 1 on calendrier septembre 2026 at 59000 with zero page refdomains	DEMAND_MODERATE	14/324	2027
C005760	/de/calendar/2028/august/	tools	calendar.month	month-calendar	2028-august	August 2028					de	de-DE	kalender August 2028						no										none		computed	yes	computed, no external source	no licence needed	high	medium, grid plus holidays plus week numbers for that month	SCALE_WITH_GATES	low	high, year and sibling months	out_of_window	medium	PROMISING	a competitor holds position 1 on calendrier septembre 2026 at 59000 with zero page refdomains	DEMAND_MODERATE	14/324	2027
C005761	/de/calendar/2028/september/	tools	calendar.month	month-calendar	2028-september	September 2028					de	de-DE	kalender September 2028						no										none		computed	yes	computed, no external source	no licence needed	high	medium, grid plus holidays plus week numbers for that month	SCALE_WITH_GATES	low	high, year and sibling months	out_of_window	medium	PROMISING	a competitor holds position 1 on calendrier septembre 2026 at 59000 with zero page refdomains	DEMAND_MODERATE	14/324	2027
C005762	/de/calendar/2028/oktober/	tools	calendar.month	month-calendar	2028-october	Oktober 2028					de	de-DE	kalender Oktober 2028						no										none		computed	yes	computed, no external source	no licence needed	high	medium, grid plus holidays plus week numbers for that month	SCALE_WITH_GATES	low	high, year and sibling months	out_of_window	medium	PROMISING	a competitor holds position 1 on calendrier septembre 2026 at 59000 with zero page refdomains	DEMAND_MODERATE	14/324	2027
C005763	/de/calendar/2028/november/	tools	calendar.month	month-calendar	2028-november	November 2028					de	de-DE	kalender November 2028						no										none		computed	yes	computed, no external source	no licence needed	high	medium, grid plus holidays plus week numbers for that month	SCALE_WITH_GATES	low	high, year and sibling months	out_of_window	medium	PROMISING	a competitor holds position 1 on calendrier septembre 2026 at 59000 with zero page refdomains	DEMAND_MODERATE	14/324	2027
C005764	/de/calendar/2028/dezember/	tools	calendar.month	month-calendar	2028-december	Dezember 2028					de	de-DE	kalender Dezember 2028						no										none		computed	yes	computed, no external source	no licence needed	high	medium, grid plus holidays plus week numbers for that month	SCALE_WITH_GATES	low	high, year and sibling months	out_of_window	medium	PROMISING	a competitor holds position 1 on calendrier septembre 2026 at 59000 with zero page refdomains	DEMAND_MODERATE	14/324	2027
C005765	/de/calendar/2029/	tools	calendar.year	year-calendar	2029	2029					de	de-DE	kalender 2029		1645	0		9	yes	keywords-explorer-overview 2026-09-29									none		computed	yes	computed, no external source	no licence needed	high	medium, the grid plus that market's holidays	SCALE_WITH_GATES	low	high	out_of_window	high	VALIDATED	SERP validated for de: kalender 2027 at 70657 and KD 2 has a DR 10 page at position 3. Rejected for pl, where a SERP page carries 55463 backlinks. Global volume 2500. Global volume 2500.	DEMAND_VERY_HIGH	20/45	627451
C005766	/de/calendar/2030/	tools	calendar.year	year-calendar	2030	2030					de	de-DE	kalender 2030		1308	0		7	yes	keywords-explorer-overview 2026-09-29									none		computed	yes	computed, no external source	no licence needed	high	medium, the grid plus that market's holidays	SCALE_WITH_GATES	low	high	out_of_window	high	VALIDATED	SERP validated for de: kalender 2027 at 70657 and KD 2 has a DR 10 page at position 3. Rejected for pl, where a SERP page carries 55463 backlinks. Global volume 2900. Global volume 2900.	DEMAND_VERY_HIGH	20/45	627451
C005767	/en/calendar/week-numbers/	tools	calendar.week-numbers	week-number-lookup	week-numbers	week numbers					en	en-US	week number		4221	0		10	yes	keywords-explorer-overview 2026-09-29									none		computed	yes	computed, no external source	no licence needed	high, ISO 8601 week arithmetic	high, it is a live answer plus a table	SAFE_TO_SCALE	low	medium	out_of_window	high	VALIDATED	kalender-365.nl/weeknummer.html earns 93469 from this single page with 731 keywords Global volume 21000. Global volume 21000.	DEMAND_HIGH	5/9	44785
C005769	/en/calendar/2026/	tools	calendar.year	year-calendar	2026	2026					en	en-US	calendar 2026		611880	0		15	yes	keywords-explorer-overview 2026-09-29									none		computed	yes	computed, no external source	no licence needed	high	medium, the grid plus that market's holidays	SCALE_WITH_GATES	low	high	out_of_window	high	VALIDATED	SERP validated for de: kalender 2027 at 70657 and KD 2 has a DR 10 page at position 3. Rejected for pl, where a SERP page carries 55463 backlinks. Global volume 3000000. Global volume 3000000.	DEMAND_VERY_HIGH	20/45	627451
C005770	/en/calendar/2026/january/	tools	calendar.month	month-calendar	2026-january	January 2026					en	en-US	January 2026 calendar						no										none		computed	yes	computed, no external source	no licence needed	high	medium, grid plus holidays plus week numbers for that month	SCALE_WITH_GATES	low	high, year and sibling months	out_of_window	medium	PROMISING	a competitor holds position 1 on calendrier septembre 2026 at 59000 with zero page refdomains	DEMAND_MODERATE	14/324	2027
C005771	/en/calendar/2026/february/	tools	calendar.month	month-calendar	2026-february	February 2026					en	en-US	February 2026 calendar						no										none		computed	yes	computed, no external source	no licence needed	high	medium, grid plus holidays plus week numbers for that month	SCALE_WITH_GATES	low	high, year and sibling months	out_of_window	medium	PROMISING	a competitor holds position 1 on calendrier septembre 2026 at 59000 with zero page refdomains	DEMAND_MODERATE	14/324	2027
C005772	/en/calendar/2026/march/	tools	calendar.month	month-calendar	2026-march	March 2026					en	en-US	March 2026 calendar						no										none		computed	yes	computed, no external source	no licence needed	high	medium, grid plus holidays plus week numbers for that month	SCALE_WITH_GATES	low	high, year and sibling months	out_of_window	medium	PROMISING	a competitor holds position 1 on calendrier septembre 2026 at 59000 with zero page refdomains	DEMAND_MODERATE	14/324	2027
C005773	/en/calendar/2026/april/	tools	calendar.month	month-calendar	2026-april	April 2026					en	en-US	April 2026 calendar						no										none		computed	yes	computed, no external source	no licence needed	high	medium, grid plus holidays plus week numbers for that month	SCALE_WITH_GATES	low	high, year and sibling months	out_of_window	medium	PROMISING	a competitor holds position 1 on calendrier septembre 2026 at 59000 with zero page refdomains	DEMAND_MODERATE	14/324	2027
C005774	/en/calendar/2026/may/	tools	calendar.month	month-calendar	2026-may	May 2026					en	en-US	May 2026 calendar						no										none		computed	yes	computed, no external source	no licence needed	high	medium, grid plus holidays plus week numbers for that month	SCALE_WITH_GATES	low	high, year and sibling months	out_of_window	medium	PROMISING	a competitor holds position 1 on calendrier septembre 2026 at 59000 with zero page refdomains	DEMAND_MODERATE	14/324	2027
C005775	/en/calendar/2026/june/	tools	calendar.month	month-calendar	2026-june	June 2026					en	en-US	June 2026 calendar						no										none		computed	yes	computed, no external source	no licence needed	high	medium, grid plus holidays plus week numbers for that month	SCALE_WITH_GATES	low	high, year and sibling months	out_of_window	medium	PROMISING	a competitor holds position 1 on calendrier septembre 2026 at 59000 with zero page refdomains	DEMAND_MODERATE	14/324	2027
C005776	/en/calendar/2026/july/	tools	calendar.month	month-calendar	2026-july	July 2026					en	en-US	July 2026 calendar						no										none		computed	yes	computed, no external source	no licence needed	high	medium, grid plus holidays plus week numbers for that month	SCALE_WITH_GATES	low	high, year and sibling months	out_of_window	medium	PROMISING	a competitor holds position 1 on calendrier septembre 2026 at 59000 with zero page refdomains	DEMAND_MODERATE	14/324	2027
C005777	/en/calendar/2026/august/	tools	calendar.month	month-calendar	2026-august	August 2026					en	en-US	August 2026 calendar						no										none		computed	yes	computed, no external source	no licence needed	high	medium, grid plus holidays plus week numbers for that month	SCALE_WITH_GATES	low	high, year and sibling months	out_of_window	medium	PROMISING	a competitor holds position 1 on calendrier septembre 2026 at 59000 with zero page refdomains	DEMAND_MODERATE	14/324	2027
C005778	/en/calendar/2026/september/	tools	calendar.month	month-calendar	2026-september	September 2026					en	en-US	September 2026 calendar						no										none		computed	yes	computed, no external source	no licence needed	high	medium, grid plus holidays plus week numbers for that month	SCALE_WITH_GATES	low	high, year and sibling months	out_of_window	medium	PROMISING	a competitor holds position 1 on calendrier septembre 2026 at 59000 with zero page refdomains	DEMAND_MODERATE	14/324	2027
C005779	/en/calendar/2026/october/	tools	calendar.month	month-calendar	2026-october	October 2026					en	en-US	October 2026 calendar						no										none		computed	yes	computed, no external source	no licence needed	high	medium, grid plus holidays plus week numbers for that month	SCALE_WITH_GATES	low	high, year and sibling months	out_of_window	medium	PROMISING	a competitor holds position 1 on calendrier septembre 2026 at 59000 with zero page refdomains	DEMAND_MODERATE	14/324	2027
C005780	/en/calendar/2026/november/	tools	calendar.month	month-calendar	2026-november	November 2026					en	en-US	November 2026 calendar						no										none		computed	yes	computed, no external source	no licence needed	high	medium, grid plus holidays plus week numbers for that month	SCALE_WITH_GATES	low	high, year and sibling months	out_of_window	medium	PROMISING	a competitor holds position 1 on calendrier septembre 2026 at 59000 with zero page refdomains	DEMAND_MODERATE	14/324	2027
C005781	/en/calendar/2026/december/	tools	calendar.month	month-calendar	2026-december	December 2026					en	en-US	December 2026 calendar						no										none		computed	yes	computed, no external source	no licence needed	high	medium, grid plus holidays plus week numbers for that month	SCALE_WITH_GATES	low	high, year and sibling months	out_of_window	medium	PROMISING	a competitor holds position 1 on calendrier septembre 2026 at 59000 with zero page refdomains	DEMAND_MODERATE	14/324	2027
C005782	/en/calendar/2027/	tools	calendar.year	year-calendar	2027	2027					en	en-US	calendar 2027		11837	0		6	yes	keywords-explorer-overview 2026-09-29									none		computed	yes	computed, no external source	no licence needed	high	medium, the grid plus that market's holidays	SCALE_WITH_GATES	low	high	out_of_window	high	VALIDATED	SERP validated for de: kalender 2027 at 70657 and KD 2 has a DR 10 page at position 3. Rejected for pl, where a SERP page carries 55463 backlinks. Global volume 37000. Global volume 37000.	DEMAND_VERY_HIGH	20/45	627451
C005783	/en/calendar/2027/january/	tools	calendar.month	month-calendar	2027-january	January 2027					en	en-US	January 2027 calendar						no										none		computed	yes	computed, no external source	no licence needed	high	medium, grid plus holidays plus week numbers for that month	SCALE_WITH_GATES	low	high, year and sibling months	out_of_window	medium	PROMISING	a competitor holds position 1 on calendrier septembre 2026 at 59000 with zero page refdomains	DEMAND_MODERATE	14/324	2027
C005784	/en/calendar/2027/february/	tools	calendar.month	month-calendar	2027-february	February 2027					en	en-US	February 2027 calendar						no										none		computed	yes	computed, no external source	no licence needed	high	medium, grid plus holidays plus week numbers for that month	SCALE_WITH_GATES	low	high, year and sibling months	out_of_window	medium	PROMISING	a competitor holds position 1 on calendrier septembre 2026 at 59000 with zero page refdomains	DEMAND_MODERATE	14/324	2027
C005785	/en/calendar/2027/march/	tools	calendar.month	month-calendar	2027-march	March 2027					en	en-US	March 2027 calendar						no										none		computed	yes	computed, no external source	no licence needed	high	medium, grid plus holidays plus week numbers for that month	SCALE_WITH_GATES	low	high, year and sibling months	out_of_window	medium	PROMISING	a competitor holds position 1 on calendrier septembre 2026 at 59000 with zero page refdomains	DEMAND_MODERATE	14/324	2027
C005786	/en/calendar/2027/april/	tools	calendar.month	month-calendar	2027-april	April 2027					en	en-US	April 2027 calendar						no										none		computed	yes	computed, no external source	no licence needed	high	medium, grid plus holidays plus week numbers for that month	SCALE_WITH_GATES	low	high, year and sibling months	out_of_window	medium	PROMISING	a competitor holds position 1 on calendrier septembre 2026 at 59000 with zero page refdomains	DEMAND_MODERATE	14/324	2027
C005787	/en/calendar/2027/may/	tools	calendar.month	month-calendar	2027-may	May 2027					en	en-US	May 2027 calendar						no										none		computed	yes	computed, no external source	no licence needed	high	medium, grid plus holidays plus week numbers for that month	SCALE_WITH_GATES	low	high, year and sibling months	out_of_window	medium	PROMISING	a competitor holds position 1 on calendrier septembre 2026 at 59000 with zero page refdomains	DEMAND_MODERATE	14/324	2027
C005788	/en/calendar/2027/june/	tools	calendar.month	month-calendar	2027-june	June 2027					en	en-US	June 2027 calendar						no										none		computed	yes	computed, no external source	no licence needed	high	medium, grid plus holidays plus week numbers for that month	SCALE_WITH_GATES	low	high, year and sibling months	out_of_window	medium	PROMISING	a competitor holds position 1 on calendrier septembre 2026 at 59000 with zero page refdomains	DEMAND_MODERATE	14/324	2027
C005789	/en/calendar/2027/july/	tools	calendar.month	month-calendar	2027-july	July 2027					en	en-US	July 2027 calendar						no										none		computed	yes	computed, no external source	no licence needed	high	medium, grid plus holidays plus week numbers for that month	SCALE_WITH_GATES	low	high, year and sibling months	out_of_window	medium	PROMISING	a competitor holds position 1 on calendrier septembre 2026 at 59000 with zero page refdomains	DEMAND_MODERATE	14/324	2027
C005790	/en/calendar/2027/august/	tools	calendar.month	month-calendar	2027-august	August 2027					en	en-US	August 2027 calendar						no										none		computed	yes	computed, no external source	no licence needed	high	medium, grid plus holidays plus week numbers for that month	SCALE_WITH_GATES	low	high, year and sibling months	out_of_window	medium	PROMISING	a competitor holds position 1 on calendrier septembre 2026 at 59000 with zero page refdomains	DEMAND_MODERATE	14/324	2027
C005791	/en/calendar/2027/september/	tools	calendar.month	month-calendar	2027-september	September 2027					en	en-US	September 2027 calendar						no										none		computed	yes	computed, no external source	no licence needed	high	medium, grid plus holidays plus week numbers for that month	SCALE_WITH_GATES	low	high, year and sibling months	out_of_window	medium	PROMISING	a competitor holds position 1 on calendrier septembre 2026 at 59000 with zero page refdomains	DEMAND_MODERATE	14/324	2027
C005792	/en/calendar/2027/october/	tools	calendar.month	month-calendar	2027-october	October 2027					en	en-US	October 2027 calendar						no										none		computed	yes	computed, no external source	no licence needed	high	medium, grid plus holidays plus week numbers for that month	SCALE_WITH_GATES	low	high, year and sibling months	out_of_window	medium	PROMISING	a competitor holds position 1 on calendrier septembre 2026 at 59000 with zero page refdomains	DEMAND_MODERATE	14/324	2027
C005793	/en/calendar/2027/november/	tools	calendar.month	month-calendar	2027-november	November 2027					en	en-US	November 2027 calendar						no										none		computed	yes	computed, no external source	no licence needed	high	medium, grid plus holidays plus week numbers for that month	SCALE_WITH_GATES	low	high, year and sibling months	out_of_window	medium	PROMISING	a competitor holds position 1 on calendrier septembre 2026 at 59000 with zero page refdomains	DEMAND_MODERATE	14/324	2027
C005794	/en/calendar/2027/december/	tools	calendar.month	month-calendar	2027-december	December 2027					en	en-US	December 2027 calendar						no										none		computed	yes	computed, no external source	no licence needed	high	medium, grid plus holidays plus week numbers for that month	SCALE_WITH_GATES	low	high, year and sibling months	out_of_window	medium	PROMISING	a competitor holds position 1 on calendrier septembre 2026 at 59000 with zero page refdomains	DEMAND_MODERATE	14/324	2027
C005795	/en/calendar/2028/	tools	calendar.year	year-calendar	2028	2028					en	en-US	calendar 2028		539	28		5	yes	keywords-explorer-overview 2026-09-29									none		computed	yes	computed, no external source	no licence needed	high	medium, the grid plus that market's holidays	SCALE_WITH_GATES	low	high	out_of_window	high	VALIDATED	SERP validated for de: kalender 2027 at 70657 and KD 2 has a DR 10 page at position 3. Rejected for pl, where a SERP page carries 55463 backlinks. Global volume 3400. Global volume 3400.	DEMAND_VERY_HIGH	20/45	627451
C005796	/en/calendar/2028/january/	tools	calendar.month	month-calendar	2028-january	January 2028					en	en-US	January 2028 calendar						no										none		computed	yes	computed, no external source	no licence needed	high	medium, grid plus holidays plus week numbers for that month	SCALE_WITH_GATES	low	high, year and sibling months	out_of_window	medium	PROMISING	a competitor holds position 1 on calendrier septembre 2026 at 59000 with zero page refdomains	DEMAND_MODERATE	14/324	2027
C005797	/en/calendar/2028/february/	tools	calendar.month	month-calendar	2028-february	February 2028					en	en-US	February 2028 calendar						no										none		computed	yes	computed, no external source	no licence needed	high	medium, grid plus holidays plus week numbers for that month	SCALE_WITH_GATES	low	high, year and sibling months	out_of_window	medium	PROMISING	a competitor holds position 1 on calendrier septembre 2026 at 59000 with zero page refdomains	DEMAND_MODERATE	14/324	2027
C005798	/en/calendar/2028/march/	tools	calendar.month	month-calendar	2028-march	March 2028					en	en-US	March 2028 calendar						no										none		computed	yes	computed, no external source	no licence needed	high	medium, grid plus holidays plus week numbers for that month	SCALE_WITH_GATES	low	high, year and sibling months	out_of_window	medium	PROMISING	a competitor holds position 1 on calendrier septembre 2026 at 59000 with zero page refdomains	DEMAND_MODERATE	14/324	2027
C005799	/en/calendar/2028/april/	tools	calendar.month	month-calendar	2028-april	April 2028					en	en-US	April 2028 calendar						no										none		computed	yes	computed, no external source	no licence needed	high	medium, grid plus holidays plus week numbers for that month	SCALE_WITH_GATES	low	high, year and sibling months	out_of_window	medium	PROMISING	a competitor holds position 1 on calendrier septembre 2026 at 59000 with zero page refdomains	DEMAND_MODERATE	14/324	2027
C005800	/en/calendar/2028/may/	tools	calendar.month	month-calendar	2028-may	May 2028					en	en-US	May 2028 calendar						no										none		computed	yes	computed, no external source	no licence needed	high	medium, grid plus holidays plus week numbers for that month	SCALE_WITH_GATES	low	high, year and sibling months	out_of_window	medium	PROMISING	a competitor holds position 1 on calendrier septembre 2026 at 59000 with zero page refdomains	DEMAND_MODERATE	14/324	2027
C005801	/en/calendar/2028/june/	tools	calendar.month	month-calendar	2028-june	June 2028					en	en-US	June 2028 calendar						no										none		computed	yes	computed, no external source	no licence needed	high	medium, grid plus holidays plus week numbers for that month	SCALE_WITH_GATES	low	high, year and sibling months	out_of_window	medium	PROMISING	a competitor holds position 1 on calendrier septembre 2026 at 59000 with zero page refdomains	DEMAND_MODERATE	14/324	2027
C005802	/en/calendar/2028/july/	tools	calendar.month	month-calendar	2028-july	July 2028					en	en-US	July 2028 calendar						no										none		computed	yes	computed, no external source	no licence needed	high	medium, grid plus holidays plus week numbers for that month	SCALE_WITH_GATES	low	high, year and sibling months	out_of_window	medium	PROMISING	a competitor holds position 1 on calendrier septembre 2026 at 59000 with zero page refdomains	DEMAND_MODERATE	14/324	2027
C005803	/en/calendar/2028/august/	tools	calendar.month	month-calendar	2028-august	August 2028					en	en-US	August 2028 calendar						no										none		computed	yes	computed, no external source	no licence needed	high	medium, grid plus holidays plus week numbers for that month	SCALE_WITH_GATES	low	high, year and sibling months	out_of_window	medium	PROMISING	a competitor holds position 1 on calendrier septembre 2026 at 59000 with zero page refdomains	DEMAND_MODERATE	14/324	2027
C005804	/en/calendar/2028/september/	tools	calendar.month	month-calendar	2028-september	September 2028					en	en-US	September 2028 calendar						no										none		computed	yes	computed, no external source	no licence needed	high	medium, grid plus holidays plus week numbers for that month	SCALE_WITH_GATES	low	high, year and sibling months	out_of_window	medium	PROMISING	a competitor holds position 1 on calendrier septembre 2026 at 59000 with zero page refdomains	DEMAND_MODERATE	14/324	2027
C005805	/en/calendar/2028/october/	tools	calendar.month	month-calendar	2028-october	October 2028					en	en-US	October 2028 calendar						no										none		computed	yes	computed, no external source	no licence needed	high	medium, grid plus holidays plus week numbers for that month	SCALE_WITH_GATES	low	high, year and sibling months	out_of_window	medium	PROMISING	a competitor holds position 1 on calendrier septembre 2026 at 59000 with zero page refdomains	DEMAND_MODERATE	14/324	2027
C005806	/en/calendar/2028/november/	tools	calendar.month	month-calendar	2028-november	November 2028					en	en-US	November 2028 calendar						no										none		computed	yes	computed, no external source	no licence needed	high	medium, grid plus holidays plus week numbers for that month	SCALE_WITH_GATES	low	high, year and sibling months	out_of_window	medium	PROMISING	a competitor holds position 1 on calendrier septembre 2026 at 59000 with zero page refdomains	DEMAND_MODERATE	14/324	2027
C005807	/en/calendar/2028/december/	tools	calendar.month	month-calendar	2028-december	December 2028					en	en-US	December 2028 calendar						no										none		computed	yes	computed, no external source	no licence needed	high	medium, grid plus holidays plus week numbers for that month	SCALE_WITH_GATES	low	high, year and sibling months	out_of_window	medium	PROMISING	a competitor holds position 1 on calendrier septembre 2026 at 59000 with zero page refdomains	DEMAND_MODERATE	14/324	2027
C005808	/en/calendar/2029/	tools	calendar.year	year-calendar	2029	2029					en	en-US	calendar 2029						no										none		computed	yes	computed, no external source	no licence needed	high	medium, the grid plus that market's holidays	SCALE_WITH_GATES	low	high	out_of_window	high	PROMISING	SERP validated for de: kalender 2027 at 70657 and KD 2 has a DR 10 page at position 3. Rejected for pl, where a SERP page carries 55463 backlinks.	DEMAND_VERY_HIGH	20/45	627451
C005809	/en/calendar/2030/	tools	calendar.year	year-calendar	2030	2030					en	en-US	calendar 2030						no										none		computed	yes	computed, no external source	no licence needed	high	medium, the grid plus that market's holidays	SCALE_WITH_GATES	low	high	out_of_window	high	PROMISING	SERP validated for de: kalender 2027 at 70657 and KD 2 has a DR 10 page at position 3. Rejected for pl, where a SERP page carries 55463 backlinks.	DEMAND_VERY_HIGH	20/45	627451
C005810	/es/calendar/week-numbers/	tools	calendar.week-numbers	week-number-lookup	week-numbers	week numbers					es	es-ES	numero de semana						no										none		computed	yes	computed, no external source	no licence needed	high, ISO 8601 week arithmetic	high, it is a live answer plus a table	SAFE_TO_SCALE	low	medium	out_of_window	high	PROMISING	kalender-365.nl/weeknummer.html earns 93469 from this single page with 731 keywords	DEMAND_HIGH	5/9	44785
C005812	/es/calendar/2026/	tools	calendar.year	year-calendar	2026	2026					es	es-ES	calendario 2026						no										none		computed	yes	computed, no external source	no licence needed	high	medium, the grid plus that market's holidays	SCALE_WITH_GATES	low	high	out_of_window	high	PROMISING	SERP validated for de: kalender 2027 at 70657 and KD 2 has a DR 10 page at position 3. Rejected for pl, where a SERP page carries 55463 backlinks.	DEMAND_VERY_HIGH	20/45	627451
C005813	/es/calendar/2026/enero/	tools	calendar.month	month-calendar	2026-january	enero 2026					es	es-ES	calendario enero 2026						no										none		computed	yes	computed, no external source	no licence needed	high	medium, grid plus holidays plus week numbers for that month	SCALE_WITH_GATES	low	high, year and sibling months	out_of_window	medium	PROMISING	a competitor holds position 1 on calendrier septembre 2026 at 59000 with zero page refdomains	DEMAND_MODERATE	14/324	2027
C005814	/es/calendar/2026/febrero/	tools	calendar.month	month-calendar	2026-february	febrero 2026					es	es-ES	calendario febrero 2026						no										none		computed	yes	computed, no external source	no licence needed	high	medium, grid plus holidays plus week numbers for that month	SCALE_WITH_GATES	low	high, year and sibling months	out_of_window	medium	PROMISING	a competitor holds position 1 on calendrier septembre 2026 at 59000 with zero page refdomains	DEMAND_MODERATE	14/324	2027
C005815	/es/calendar/2026/marzo/	tools	calendar.month	month-calendar	2026-march	marzo 2026					es	es-ES	calendario marzo 2026						no										none		computed	yes	computed, no external source	no licence needed	high	medium, grid plus holidays plus week numbers for that month	SCALE_WITH_GATES	low	high, year and sibling months	out_of_window	medium	PROMISING	a competitor holds position 1 on calendrier septembre 2026 at 59000 with zero page refdomains	DEMAND_MODERATE	14/324	2027
C005816	/es/calendar/2026/abril/	tools	calendar.month	month-calendar	2026-april	abril 2026					es	es-ES	calendario abril 2026						no										none		computed	yes	computed, no external source	no licence needed	high	medium, grid plus holidays plus week numbers for that month	SCALE_WITH_GATES	low	high, year and sibling months	out_of_window	medium	PROMISING	a competitor holds position 1 on calendrier septembre 2026 at 59000 with zero page refdomains	DEMAND_MODERATE	14/324	2027
C005817	/es/calendar/2026/mayo/	tools	calendar.month	month-calendar	2026-may	mayo 2026					es	es-ES	calendario mayo 2026						no										none		computed	yes	computed, no external source	no licence needed	high	medium, grid plus holidays plus week numbers for that month	SCALE_WITH_GATES	low	high, year and sibling months	out_of_window	medium	PROMISING	a competitor holds position 1 on calendrier septembre 2026 at 59000 with zero page refdomains	DEMAND_MODERATE	14/324	2027
C005818	/es/calendar/2026/junio/	tools	calendar.month	month-calendar	2026-june	junio 2026					es	es-ES	calendario junio 2026						no										none		computed	yes	computed, no external source	no licence needed	high	medium, grid plus holidays plus week numbers for that month	SCALE_WITH_GATES	low	high, year and sibling months	out_of_window	medium	PROMISING	a competitor holds position 1 on calendrier septembre 2026 at 59000 with zero page refdomains	DEMAND_MODERATE	14/324	2027
C005819	/es/calendar/2026/julio/	tools	calendar.month	month-calendar	2026-july	julio 2026					es	es-ES	calendario julio 2026						no										none		computed	yes	computed, no external source	no licence needed	high	medium, grid plus holidays plus week numbers for that month	SCALE_WITH_GATES	low	high, year and sibling months	out_of_window	medium	PROMISING	a competitor holds position 1 on calendrier septembre 2026 at 59000 with zero page refdomains	DEMAND_MODERATE	14/324	2027
C005820	/es/calendar/2026/agosto/	tools	calendar.month	month-calendar	2026-august	agosto 2026					es	es-ES	calendario agosto 2026						no										none		computed	yes	computed, no external source	no licence needed	high	medium, grid plus holidays plus week numbers for that month	SCALE_WITH_GATES	low	high, year and sibling months	out_of_window	medium	PROMISING	a competitor holds position 1 on calendrier septembre 2026 at 59000 with zero page refdomains	DEMAND_MODERATE	14/324	2027
C005821	/es/calendar/2026/septiembre/	tools	calendar.month	month-calendar	2026-september	septiembre 2026					es	es-ES	calendario septiembre 2026						no										none		computed	yes	computed, no external source	no licence needed	high	medium, grid plus holidays plus week numbers for that month	SCALE_WITH_GATES	low	high, year and sibling months	out_of_window	medium	PROMISING	a competitor holds position 1 on calendrier septembre 2026 at 59000 with zero page refdomains	DEMAND_MODERATE	14/324	2027
C005822	/es/calendar/2026/octubre/	tools	calendar.month	month-calendar	2026-october	octubre 2026					es	es-ES	calendario octubre 2026						no										none		computed	yes	computed, no external source	no licence needed	high	medium, grid plus holidays plus week numbers for that month	SCALE_WITH_GATES	low	high, year and sibling months	out_of_window	medium	PROMISING	a competitor holds position 1 on calendrier septembre 2026 at 59000 with zero page refdomains	DEMAND_MODERATE	14/324	2027
C005823	/es/calendar/2026/noviembre/	tools	calendar.month	month-calendar	2026-november	noviembre 2026					es	es-ES	calendario noviembre 2026						no										none		computed	yes	computed, no external source	no licence needed	high	medium, grid plus holidays plus week numbers for that month	SCALE_WITH_GATES	low	high, year and sibling months	out_of_window	medium	PROMISING	a competitor holds position 1 on calendrier septembre 2026 at 59000 with zero page refdomains	DEMAND_MODERATE	14/324	2027
C005824	/es/calendar/2026/diciembre/	tools	calendar.month	month-calendar	2026-december	diciembre 2026					es	es-ES	calendario diciembre 2026						no										none		computed	yes	computed, no external source	no licence needed	high	medium, grid plus holidays plus week numbers for that month	SCALE_WITH_GATES	low	high, year and sibling months	out_of_window	medium	PROMISING	a competitor holds position 1 on calendrier septembre 2026 at 59000 with zero page refdomains	DEMAND_MODERATE	14/324	2027
C005825	/es/calendar/2027/	tools	calendar.year	year-calendar	2027	2027					es	es-ES	calendario 2027						no										none		computed	yes	computed, no external source	no licence needed	high	medium, the grid plus that market's holidays	SCALE_WITH_GATES	low	high	out_of_window	high	PROMISING	SERP validated for de: kalender 2027 at 70657 and KD 2 has a DR 10 page at position 3. Rejected for pl, where a SERP page carries 55463 backlinks.	DEMAND_VERY_HIGH	20/45	627451
C005826	/es/calendar/2027/enero/	tools	calendar.month	month-calendar	2027-january	enero 2027					es	es-ES	calendario enero 2027						no										none		computed	yes	computed, no external source	no licence needed	high	medium, grid plus holidays plus week numbers for that month	SCALE_WITH_GATES	low	high, year and sibling months	out_of_window	medium	PROMISING	a competitor holds position 1 on calendrier septembre 2026 at 59000 with zero page refdomains	DEMAND_MODERATE	14/324	2027
C005827	/es/calendar/2027/febrero/	tools	calendar.month	month-calendar	2027-february	febrero 2027					es	es-ES	calendario febrero 2027						no										none		computed	yes	computed, no external source	no licence needed	high	medium, grid plus holidays plus week numbers for that month	SCALE_WITH_GATES	low	high, year and sibling months	out_of_window	medium	PROMISING	a competitor holds position 1 on calendrier septembre 2026 at 59000 with zero page refdomains	DEMAND_MODERATE	14/324	2027
C005828	/es/calendar/2027/marzo/	tools	calendar.month	month-calendar	2027-march	marzo 2027					es	es-ES	calendario marzo 2027						no										none		computed	yes	computed, no external source	no licence needed	high	medium, grid plus holidays plus week numbers for that month	SCALE_WITH_GATES	low	high, year and sibling months	out_of_window	medium	PROMISING	a competitor holds position 1 on calendrier septembre 2026 at 59000 with zero page refdomains	DEMAND_MODERATE	14/324	2027
C005829	/es/calendar/2027/abril/	tools	calendar.month	month-calendar	2027-april	abril 2027					es	es-ES	calendario abril 2027						no										none		computed	yes	computed, no external source	no licence needed	high	medium, grid plus holidays plus week numbers for that month	SCALE_WITH_GATES	low	high, year and sibling months	out_of_window	medium	PROMISING	a competitor holds position 1 on calendrier septembre 2026 at 59000 with zero page refdomains	DEMAND_MODERATE	14/324	2027
C005830	/es/calendar/2027/mayo/	tools	calendar.month	month-calendar	2027-may	mayo 2027					es	es-ES	calendario mayo 2027						no										none		computed	yes	computed, no external source	no licence needed	high	medium, grid plus holidays plus week numbers for that month	SCALE_WITH_GATES	low	high, year and sibling months	out_of_window	medium	PROMISING	a competitor holds position 1 on calendrier septembre 2026 at 59000 with zero page refdomains	DEMAND_MODERATE	14/324	2027
C005831	/es/calendar/2027/junio/	tools	calendar.month	month-calendar	2027-june	junio 2027					es	es-ES	calendario junio 2027						no										none		computed	yes	computed, no external source	no licence needed	high	medium, grid plus holidays plus week numbers for that month	SCALE_WITH_GATES	low	high, year and sibling months	out_of_window	medium	PROMISING	a competitor holds position 1 on calendrier septembre 2026 at 59000 with zero page refdomains	DEMAND_MODERATE	14/324	2027
C005832	/es/calendar/2027/julio/	tools	calendar.month	month-calendar	2027-july	julio 2027					es	es-ES	calendario julio 2027						no										none		computed	yes	computed, no external source	no licence needed	high	medium, grid plus holidays plus week numbers for that month	SCALE_WITH_GATES	low	high, year and sibling months	out_of_window	medium	PROMISING	a competitor holds position 1 on calendrier septembre 2026 at 59000 with zero page refdomains	DEMAND_MODERATE	14/324	2027
C005833	/es/calendar/2027/agosto/	tools	calendar.month	month-calendar	2027-august	agosto 2027					es	es-ES	calendario agosto 2027						no										none		computed	yes	computed, no external source	no licence needed	high	medium, grid plus holidays plus week numbers for that month	SCALE_WITH_GATES	low	high, year and sibling months	out_of_window	medium	PROMISING	a competitor holds position 1 on calendrier septembre 2026 at 59000 with zero page refdomains	DEMAND_MODERATE	14/324	2027
C005834	/es/calendar/2027/septiembre/	tools	calendar.month	month-calendar	2027-september	septiembre 2027					es	es-ES	calendario septiembre 2027						no										none		computed	yes	computed, no external source	no licence needed	high	medium, grid plus holidays plus week numbers for that month	SCALE_WITH_GATES	low	high, year and sibling months	out_of_window	medium	PROMISING	a competitor holds position 1 on calendrier septembre 2026 at 59000 with zero page refdomains	DEMAND_MODERATE	14/324	2027
C005835	/es/calendar/2027/octubre/	tools	calendar.month	month-calendar	2027-october	octubre 2027					es	es-ES	calendario octubre 2027						no										none		computed	yes	computed, no external source	no licence needed	high	medium, grid plus holidays plus week numbers for that month	SCALE_WITH_GATES	low	high, year and sibling months	out_of_window	medium	PROMISING	a competitor holds position 1 on calendrier septembre 2026 at 59000 with zero page refdomains	DEMAND_MODERATE	14/324	2027
C005836	/es/calendar/2027/noviembre/	tools	calendar.month	month-calendar	2027-november	noviembre 2027					es	es-ES	calendario noviembre 2027						no										none		computed	yes	computed, no external source	no licence needed	high	medium, grid plus holidays plus week numbers for that month	SCALE_WITH_GATES	low	high, year and sibling months	out_of_window	medium	PROMISING	a competitor holds position 1 on calendrier septembre 2026 at 59000 with zero page refdomains	DEMAND_MODERATE	14/324	2027
C005837	/es/calendar/2027/diciembre/	tools	calendar.month	month-calendar	2027-december	diciembre 2027					es	es-ES	calendario diciembre 2027						no										none		computed	yes	computed, no external source	no licence needed	high	medium, grid plus holidays plus week numbers for that month	SCALE_WITH_GATES	low	high, year and sibling months	out_of_window	medium	PROMISING	a competitor holds position 1 on calendrier septembre 2026 at 59000 with zero page refdomains	DEMAND_MODERATE	14/324	2027
C005838	/es/calendar/2028/	tools	calendar.year	year-calendar	2028	2028					es	es-ES	calendario 2028						no										none		computed	yes	computed, no external source	no licence needed	high	medium, the grid plus that market's holidays	SCALE_WITH_GATES	low	high	out_of_window	high	PROMISING	SERP validated for de: kalender 2027 at 70657 and KD 2 has a DR 10 page at position 3. Rejected for pl, where a SERP page carries 55463 backlinks.	DEMAND_VERY_HIGH	20/45	627451
C005839	/es/calendar/2028/enero/	tools	calendar.month	month-calendar	2028-january	enero 2028					es	es-ES	calendario enero 2028						no										none		computed	yes	computed, no external source	no licence needed	high	medium, grid plus holidays plus week numbers for that month	SCALE_WITH_GATES	low	high, year and sibling months	out_of_window	medium	PROMISING	a competitor holds position 1 on calendrier septembre 2026 at 59000 with zero page refdomains	DEMAND_MODERATE	14/324	2027
C005840	/es/calendar/2028/febrero/	tools	calendar.month	month-calendar	2028-february	febrero 2028					es	es-ES	calendario febrero 2028						no										none		computed	yes	computed, no external source	no licence needed	high	medium, grid plus holidays plus week numbers for that month	SCALE_WITH_GATES	low	high, year and sibling months	out_of_window	medium	PROMISING	a competitor holds position 1 on calendrier septembre 2026 at 59000 with zero page refdomains	DEMAND_MODERATE	14/324	2027
C005841	/es/calendar/2028/marzo/	tools	calendar.month	month-calendar	2028-march	marzo 2028					es	es-ES	calendario marzo 2028						no										none		computed	yes	computed, no external source	no licence needed	high	medium, grid plus holidays plus week numbers for that month	SCALE_WITH_GATES	low	high, year and sibling months	out_of_window	medium	PROMISING	a competitor holds position 1 on calendrier septembre 2026 at 59000 with zero page refdomains	DEMAND_MODERATE	14/324	2027
C005842	/es/calendar/2028/abril/	tools	calendar.month	month-calendar	2028-april	abril 2028					es	es-ES	calendario abril 2028						no										none		computed	yes	computed, no external source	no licence needed	high	medium, grid plus holidays plus week numbers for that month	SCALE_WITH_GATES	low	high, year and sibling months	out_of_window	medium	PROMISING	a competitor holds position 1 on calendrier septembre 2026 at 59000 with zero page refdomains	DEMAND_MODERATE	14/324	2027
C005843	/es/calendar/2028/mayo/	tools	calendar.month	month-calendar	2028-may	mayo 2028					es	es-ES	calendario mayo 2028						no										none		computed	yes	computed, no external source	no licence needed	high	medium, grid plus holidays plus week numbers for that month	SCALE_WITH_GATES	low	high, year and sibling months	out_of_window	medium	PROMISING	a competitor holds position 1 on calendrier septembre 2026 at 59000 with zero page refdomains	DEMAND_MODERATE	14/324	2027
C005844	/es/calendar/2028/junio/	tools	calendar.month	month-calendar	2028-june	junio 2028					es	es-ES	calendario junio 2028						no										none		computed	yes	computed, no external source	no licence needed	high	medium, grid plus holidays plus week numbers for that month	SCALE_WITH_GATES	low	high, year and sibling months	out_of_window	medium	PROMISING	a competitor holds position 1 on calendrier septembre 2026 at 59000 with zero page refdomains	DEMAND_MODERATE	14/324	2027
C005845	/es/calendar/2028/julio/	tools	calendar.month	month-calendar	2028-july	julio 2028					es	es-ES	calendario julio 2028						no										none		computed	yes	computed, no external source	no licence needed	high	medium, grid plus holidays plus week numbers for that month	SCALE_WITH_GATES	low	high, year and sibling months	out_of_window	medium	PROMISING	a competitor holds position 1 on calendrier septembre 2026 at 59000 with zero page refdomains	DEMAND_MODERATE	14/324	2027
C005846	/es/calendar/2028/agosto/	tools	calendar.month	month-calendar	2028-august	agosto 2028					es	es-ES	calendario agosto 2028						no										none		computed	yes	computed, no external source	no licence needed	high	medium, grid plus holidays plus week numbers for that month	SCALE_WITH_GATES	low	high, year and sibling months	out_of_window	medium	PROMISING	a competitor holds position 1 on calendrier septembre 2026 at 59000 with zero page refdomains	DEMAND_MODERATE	14/324	2027
C005847	/es/calendar/2028/septiembre/	tools	calendar.month	month-calendar	2028-september	septiembre 2028					es	es-ES	calendario septiembre 2028						no										none		computed	yes	computed, no external source	no licence needed	high	medium, grid plus holidays plus week numbers for that month	SCALE_WITH_GATES	low	high, year and sibling months	out_of_window	medium	PROMISING	a competitor holds position 1 on calendrier septembre 2026 at 59000 with zero page refdomains	DEMAND_MODERATE	14/324	2027
C005848	/es/calendar/2028/octubre/	tools	calendar.month	month-calendar	2028-october	octubre 2028					es	es-ES	calendario octubre 2028						no										none		computed	yes	computed, no external source	no licence needed	high	medium, grid plus holidays plus week numbers for that month	SCALE_WITH_GATES	low	high, year and sibling months	out_of_window	medium	PROMISING	a competitor holds position 1 on calendrier septembre 2026 at 59000 with zero page refdomains	DEMAND_MODERATE	14/324	2027
C005849	/es/calendar/2028/noviembre/	tools	calendar.month	month-calendar	2028-november	noviembre 2028					es	es-ES	calendario noviembre 2028						no										none		computed	yes	computed, no external source	no licence needed	high	medium, grid plus holidays plus week numbers for that month	SCALE_WITH_GATES	low	high, year and sibling months	out_of_window	medium	PROMISING	a competitor holds position 1 on calendrier septembre 2026 at 59000 with zero page refdomains	DEMAND_MODERATE	14/324	2027
C005850	/es/calendar/2028/diciembre/	tools	calendar.month	month-calendar	2028-december	diciembre 2028					es	es-ES	calendario diciembre 2028						no										none		computed	yes	computed, no external source	no licence needed	high	medium, grid plus holidays plus week numbers for that month	SCALE_WITH_GATES	low	high, year and sibling months	out_of_window	medium	PROMISING	a competitor holds position 1 on calendrier septembre 2026 at 59000 with zero page refdomains	DEMAND_MODERATE	14/324	2027
C005851	/es/calendar/2029/	tools	calendar.year	year-calendar	2029	2029					es	es-ES	calendario 2029						no										none		computed	yes	computed, no external source	no licence needed	high	medium, the grid plus that market's holidays	SCALE_WITH_GATES	low	high	out_of_window	high	PROMISING	SERP validated for de: kalender 2027 at 70657 and KD 2 has a DR 10 page at position 3. Rejected for pl, where a SERP page carries 55463 backlinks.	DEMAND_VERY_HIGH	20/45	627451
C005852	/es/calendar/2030/	tools	calendar.year	year-calendar	2030	2030					es	es-ES	calendario 2030						no										none		computed	yes	computed, no external source	no licence needed	high	medium, the grid plus that market's holidays	SCALE_WITH_GATES	low	high	out_of_window	high	PROMISING	SERP validated for de: kalender 2027 at 70657 and KD 2 has a DR 10 page at position 3. Rejected for pl, where a SERP page carries 55463 backlinks.	DEMAND_VERY_HIGH	20/45	627451
C005853	/fr/calendar/week-numbers/	tools	calendar.week-numbers	week-number-lookup	week-numbers	week numbers					fr	fr-FR	numero de semaine		16023	0		80	yes	keywords-explorer-overview 2026-09-29									none		computed	yes	computed, no external source	no licence needed	high, ISO 8601 week arithmetic	high, it is a live answer plus a table	SAFE_TO_SCALE	low	medium	out_of_window	high	VALIDATED	kalender-365.nl/weeknummer.html earns 93469 from this single page with 731 keywords Global volume 13000. Global volume 13000.	DEMAND_HIGH	5/9	44785
C005855	/fr/calendar/2026/	tools	calendar.year	year-calendar	2026	2026					fr	fr-FR	calendrier 2026		627451	51		5	yes	keywords-explorer-overview 2026-09-29									none		computed	yes	computed, no external source	no licence needed	high	medium, the grid plus that market's holidays	SCALE_WITH_GATES	low	high	out_of_window	high	VALIDATED	SERP validated for de: kalender 2027 at 70657 and KD 2 has a DR 10 page at position 3. Rejected for pl, where a SERP page carries 55463 backlinks. Global volume 1120000. Global volume 1120000.	DEMAND_VERY_HIGH	20/45	627451
C005856	/fr/calendar/2026/janvier/	tools	calendar.month	month-calendar	2026-january	janvier 2026					fr	fr-FR	calendrier janvier 2026						no										none		computed	yes	computed, no external source	no licence needed	high	medium, grid plus holidays plus week numbers for that month	SCALE_WITH_GATES	low	high, year and sibling months	out_of_window	medium	PROMISING	a competitor holds position 1 on calendrier septembre 2026 at 59000 with zero page refdomains	DEMAND_MODERATE	14/324	2027
C005857	/fr/calendar/2026/fevrier/	tools	calendar.month	month-calendar	2026-february	février 2026					fr	fr-FR	calendrier février 2026						no										none		computed	yes	computed, no external source	no licence needed	high	medium, grid plus holidays plus week numbers for that month	SCALE_WITH_GATES	low	high, year and sibling months	out_of_window	medium	PROMISING	a competitor holds position 1 on calendrier septembre 2026 at 59000 with zero page refdomains	DEMAND_MODERATE	14/324	2027
C005858	/fr/calendar/2026/mars/	tools	calendar.month	month-calendar	2026-march	mars 2026					fr	fr-FR	calendrier mars 2026						no										none		computed	yes	computed, no external source	no licence needed	high	medium, grid plus holidays plus week numbers for that month	SCALE_WITH_GATES	low	high, year and sibling months	out_of_window	medium	PROMISING	a competitor holds position 1 on calendrier septembre 2026 at 59000 with zero page refdomains	DEMAND_MODERATE	14/324	2027
C005859	/fr/calendar/2026/avril/	tools	calendar.month	month-calendar	2026-april	avril 2026					fr	fr-FR	calendrier avril 2026						no										none		computed	yes	computed, no external source	no licence needed	high	medium, grid plus holidays plus week numbers for that month	SCALE_WITH_GATES	low	high, year and sibling months	out_of_window	medium	PROMISING	a competitor holds position 1 on calendrier septembre 2026 at 59000 with zero page refdomains	DEMAND_MODERATE	14/324	2027
C005860	/fr/calendar/2026/mai/	tools	calendar.month	month-calendar	2026-may	mai 2026					fr	fr-FR	calendrier mai 2026						no										none		computed	yes	computed, no external source	no licence needed	high	medium, grid plus holidays plus week numbers for that month	SCALE_WITH_GATES	low	high, year and sibling months	out_of_window	medium	PROMISING	a competitor holds position 1 on calendrier septembre 2026 at 59000 with zero page refdomains	DEMAND_MODERATE	14/324	2027
C005861	/fr/calendar/2026/juin/	tools	calendar.month	month-calendar	2026-june	juin 2026					fr	fr-FR	calendrier juin 2026						no										none		computed	yes	computed, no external source	no licence needed	high	medium, grid plus holidays plus week numbers for that month	SCALE_WITH_GATES	low	high, year and sibling months	out_of_window	medium	PROMISING	a competitor holds position 1 on calendrier septembre 2026 at 59000 with zero page refdomains	DEMAND_MODERATE	14/324	2027
C005862	/fr/calendar/2026/juillet/	tools	calendar.month	month-calendar	2026-july	juillet 2026					fr	fr-FR	calendrier juillet 2026						no										none		computed	yes	computed, no external source	no licence needed	high	medium, grid plus holidays plus week numbers for that month	SCALE_WITH_GATES	low	high, year and sibling months	out_of_window	medium	PROMISING	a competitor holds position 1 on calendrier septembre 2026 at 59000 with zero page refdomains	DEMAND_MODERATE	14/324	2027
C005863	/fr/calendar/2026/aout/	tools	calendar.month	month-calendar	2026-august	août 2026					fr	fr-FR	calendrier août 2026						no										none		computed	yes	computed, no external source	no licence needed	high	medium, grid plus holidays plus week numbers for that month	SCALE_WITH_GATES	low	high, year and sibling months	out_of_window	medium	PROMISING	a competitor holds position 1 on calendrier septembre 2026 at 59000 with zero page refdomains	DEMAND_MODERATE	14/324	2027
C005864	/fr/calendar/2026/septembre/	tools	calendar.month	month-calendar	2026-september	septembre 2026					fr	fr-FR	calendrier septembre 2026						no										none		computed	yes	computed, no external source	no licence needed	high	medium, grid plus holidays plus week numbers for that month	SCALE_WITH_GATES	low	high, year and sibling months	out_of_window	medium	PROMISING	a competitor holds position 1 on calendrier septembre 2026 at 59000 with zero page refdomains	DEMAND_MODERATE	14/324	2027
C005865	/fr/calendar/2026/octobre/	tools	calendar.month	month-calendar	2026-october	octobre 2026					fr	fr-FR	calendrier octobre 2026						no										none		computed	yes	computed, no external source	no licence needed	high	medium, grid plus holidays plus week numbers for that month	SCALE_WITH_GATES	low	high, year and sibling months	out_of_window	medium	PROMISING	a competitor holds position 1 on calendrier septembre 2026 at 59000 with zero page refdomains	DEMAND_MODERATE	14/324	2027
C005866	/fr/calendar/2026/novembre/	tools	calendar.month	month-calendar	2026-november	novembre 2026					fr	fr-FR	calendrier novembre 2026						no										none		computed	yes	computed, no external source	no licence needed	high	medium, grid plus holidays plus week numbers for that month	SCALE_WITH_GATES	low	high, year and sibling months	out_of_window	medium	PROMISING	a competitor holds position 1 on calendrier septembre 2026 at 59000 with zero page refdomains	DEMAND_MODERATE	14/324	2027
C005867	/fr/calendar/2026/decembre/	tools	calendar.month	month-calendar	2026-december	décembre 2026					fr	fr-FR	calendrier décembre 2026						no										none		computed	yes	computed, no external source	no licence needed	high	medium, grid plus holidays plus week numbers for that month	SCALE_WITH_GATES	low	high, year and sibling months	out_of_window	medium	PROMISING	a competitor holds position 1 on calendrier septembre 2026 at 59000 with zero page refdomains	DEMAND_MODERATE	14/324	2027
C005868	/fr/calendar/2027/	tools	calendar.year	year-calendar	2027	2027					fr	fr-FR	calendrier 2027		112378	0		8	yes	keywords-explorer-overview 2026-09-29									none		computed	yes	computed, no external source	no licence needed	high	medium, the grid plus that market's holidays	SCALE_WITH_GATES	low	high	out_of_window	high	VALIDATED	SERP validated for de: kalender 2027 at 70657 and KD 2 has a DR 10 page at position 3. Rejected for pl, where a SERP page carries 55463 backlinks. Global volume 96000. Global volume 96000.	DEMAND_VERY_HIGH	20/45	627451
C005869	/fr/calendar/2027/janvier/	tools	calendar.month	month-calendar	2027-january	janvier 2027					fr	fr-FR	calendrier janvier 2027		1073	0		15	yes	keywords-explorer-overview 2026-09-29									none		computed	yes	computed, no external source	no licence needed	high	medium, grid plus holidays plus week numbers for that month	SCALE_WITH_GATES	low	high, year and sibling months	out_of_window	medium	PROMISING	a competitor holds position 1 on calendrier septembre 2026 at 59000 with zero page refdomains Global volume 1400. Global volume 1400.	DEMAND_MODERATE	14/324	2027
C005870	/fr/calendar/2027/fevrier/	tools	calendar.month	month-calendar	2027-february	février 2027					fr	fr-FR	calendrier février 2027						no										none		computed	yes	computed, no external source	no licence needed	high	medium, grid plus holidays plus week numbers for that month	SCALE_WITH_GATES	low	high, year and sibling months	out_of_window	medium	PROMISING	a competitor holds position 1 on calendrier septembre 2026 at 59000 with zero page refdomains	DEMAND_MODERATE	14/324	2027
C005871	/fr/calendar/2027/mars/	tools	calendar.month	month-calendar	2027-march	mars 2027					fr	fr-FR	calendrier mars 2027						no										none		computed	yes	computed, no external source	no licence needed	high	medium, grid plus holidays plus week numbers for that month	SCALE_WITH_GATES	low	high, year and sibling months	out_of_window	medium	PROMISING	a competitor holds position 1 on calendrier septembre 2026 at 59000 with zero page refdomains	DEMAND_MODERATE	14/324	2027
C005872	/fr/calendar/2027/avril/	tools	calendar.month	month-calendar	2027-april	avril 2027					fr	fr-FR	calendrier avril 2027						no										none		computed	yes	computed, no external source	no licence needed	high	medium, grid plus holidays plus week numbers for that month	SCALE_WITH_GATES	low	high, year and sibling months	out_of_window	medium	PROMISING	a competitor holds position 1 on calendrier septembre 2026 at 59000 with zero page refdomains	DEMAND_MODERATE	14/324	2027
C005873	/fr/calendar/2027/mai/	tools	calendar.month	month-calendar	2027-may	mai 2027					fr	fr-FR	calendrier mai 2027						no										none		computed	yes	computed, no external source	no licence needed	high	medium, grid plus holidays plus week numbers for that month	SCALE_WITH_GATES	low	high, year and sibling months	out_of_window	medium	PROMISING	a competitor holds position 1 on calendrier septembre 2026 at 59000 with zero page refdomains	DEMAND_MODERATE	14/324	2027
C005874	/fr/calendar/2027/juin/	tools	calendar.month	month-calendar	2027-june	juin 2027					fr	fr-FR	calendrier juin 2027						no										none		computed	yes	computed, no external source	no licence needed	high	medium, grid plus holidays plus week numbers for that month	SCALE_WITH_GATES	low	high, year and sibling months	out_of_window	medium	PROMISING	a competitor holds position 1 on calendrier septembre 2026 at 59000 with zero page refdomains	DEMAND_MODERATE	14/324	2027
C005875	/fr/calendar/2027/juillet/	tools	calendar.month	month-calendar	2027-july	juillet 2027					fr	fr-FR	calendrier juillet 2027		2027	0			yes	keywords-explorer-overview 2026-09-29									none		computed	yes	computed, no external source	no licence needed	high	medium, grid plus holidays plus week numbers for that month	SCALE_WITH_GATES	low	high, year and sibling months	out_of_window	medium	PROMISING	a competitor holds position 1 on calendrier septembre 2026 at 59000 with zero page refdomains Global volume 1100. Global volume 1100.	DEMAND_MODERATE	14/324	2027
C005876	/fr/calendar/2027/aout/	tools	calendar.month	month-calendar	2027-august	août 2027					fr	fr-FR	calendrier août 2027						no										none		computed	yes	computed, no external source	no licence needed	high	medium, grid plus holidays plus week numbers for that month	SCALE_WITH_GATES	low	high, year and sibling months	out_of_window	medium	PROMISING	a competitor holds position 1 on calendrier septembre 2026 at 59000 with zero page refdomains	DEMAND_MODERATE	14/324	2027
C005877	/fr/calendar/2027/septembre/	tools	calendar.month	month-calendar	2027-september	septembre 2027					fr	fr-FR	calendrier septembre 2027						no										none		computed	yes	computed, no external source	no licence needed	high	medium, grid plus holidays plus week numbers for that month	SCALE_WITH_GATES	low	high, year and sibling months	out_of_window	medium	PROMISING	a competitor holds position 1 on calendrier septembre 2026 at 59000 with zero page refdomains	DEMAND_MODERATE	14/324	2027
C005878	/fr/calendar/2027/octobre/	tools	calendar.month	month-calendar	2027-october	octobre 2027					fr	fr-FR	calendrier octobre 2027						no										none		computed	yes	computed, no external source	no licence needed	high	medium, grid plus holidays plus week numbers for that month	SCALE_WITH_GATES	low	high, year and sibling months	out_of_window	medium	PROMISING	a competitor holds position 1 on calendrier septembre 2026 at 59000 with zero page refdomains	DEMAND_MODERATE	14/324	2027
C005879	/fr/calendar/2027/novembre/	tools	calendar.month	month-calendar	2027-november	novembre 2027					fr	fr-FR	calendrier novembre 2027						no										none		computed	yes	computed, no external source	no licence needed	high	medium, grid plus holidays plus week numbers for that month	SCALE_WITH_GATES	low	high, year and sibling months	out_of_window	medium	PROMISING	a competitor holds position 1 on calendrier septembre 2026 at 59000 with zero page refdomains	DEMAND_MODERATE	14/324	2027
C005880	/fr/calendar/2027/decembre/	tools	calendar.month	month-calendar	2027-december	décembre 2027					fr	fr-FR	calendrier décembre 2027						no										none		computed	yes	computed, no external source	no licence needed	high	medium, grid plus holidays plus week numbers for that month	SCALE_WITH_GATES	low	high, year and sibling months	out_of_window	medium	PROMISING	a competitor holds position 1 on calendrier septembre 2026 at 59000 with zero page refdomains	DEMAND_MODERATE	14/324	2027
C005881	/fr/calendar/2028/	tools	calendar.year	year-calendar	2028	2028					fr	fr-FR	calendrier 2028		13381	0		6	yes	keywords-explorer-overview 2026-09-29									none		computed	yes	computed, no external source	no licence needed	high	medium, the grid plus that market's holidays	SCALE_WITH_GATES	low	high	out_of_window	high	VALIDATED	SERP validated for de: kalender 2027 at 70657 and KD 2 has a DR 10 page at position 3. Rejected for pl, where a SERP page carries 55463 backlinks. Global volume 12000. Global volume 12000.	DEMAND_VERY_HIGH	20/45	627451
C005882	/fr/calendar/2028/janvier/	tools	calendar.month	month-calendar	2028-january	janvier 2028					fr	fr-FR	calendrier janvier 2028						no										none		computed	yes	computed, no external source	no licence needed	high	medium, grid plus holidays plus week numbers for that month	SCALE_WITH_GATES	low	high, year and sibling months	out_of_window	medium	PROMISING	a competitor holds position 1 on calendrier septembre 2026 at 59000 with zero page refdomains	DEMAND_MODERATE	14/324	2027
C005883	/fr/calendar/2028/fevrier/	tools	calendar.month	month-calendar	2028-february	février 2028					fr	fr-FR	calendrier février 2028						no										none		computed	yes	computed, no external source	no licence needed	high	medium, grid plus holidays plus week numbers for that month	SCALE_WITH_GATES	low	high, year and sibling months	out_of_window	medium	PROMISING	a competitor holds position 1 on calendrier septembre 2026 at 59000 with zero page refdomains	DEMAND_MODERATE	14/324	2027
C005884	/fr/calendar/2028/mars/	tools	calendar.month	month-calendar	2028-march	mars 2028					fr	fr-FR	calendrier mars 2028						no										none		computed	yes	computed, no external source	no licence needed	high	medium, grid plus holidays plus week numbers for that month	SCALE_WITH_GATES	low	high, year and sibling months	out_of_window	medium	PROMISING	a competitor holds position 1 on calendrier septembre 2026 at 59000 with zero page refdomains	DEMAND_MODERATE	14/324	2027
C005885	/fr/calendar/2028/avril/	tools	calendar.month	month-calendar	2028-april	avril 2028					fr	fr-FR	calendrier avril 2028						no										none		computed	yes	computed, no external source	no licence needed	high	medium, grid plus holidays plus week numbers for that month	SCALE_WITH_GATES	low	high, year and sibling months	out_of_window	medium	PROMISING	a competitor holds position 1 on calendrier septembre 2026 at 59000 with zero page refdomains	DEMAND_MODERATE	14/324	2027
C005886	/fr/calendar/2028/mai/	tools	calendar.month	month-calendar	2028-may	mai 2028					fr	fr-FR	calendrier mai 2028						no										none		computed	yes	computed, no external source	no licence needed	high	medium, grid plus holidays plus week numbers for that month	SCALE_WITH_GATES	low	high, year and sibling months	out_of_window	medium	PROMISING	a competitor holds position 1 on calendrier septembre 2026 at 59000 with zero page refdomains	DEMAND_MODERATE	14/324	2027
C005887	/fr/calendar/2028/juin/	tools	calendar.month	month-calendar	2028-june	juin 2028					fr	fr-FR	calendrier juin 2028						no										none		computed	yes	computed, no external source	no licence needed	high	medium, grid plus holidays plus week numbers for that month	SCALE_WITH_GATES	low	high, year and sibling months	out_of_window	medium	PROMISING	a competitor holds position 1 on calendrier septembre 2026 at 59000 with zero page refdomains	DEMAND_MODERATE	14/324	2027
C005888	/fr/calendar/2028/juillet/	tools	calendar.month	month-calendar	2028-july	juillet 2028					fr	fr-FR	calendrier juillet 2028						no										none		computed	yes	computed, no external source	no licence needed	high	medium, grid plus holidays plus week numbers for that month	SCALE_WITH_GATES	low	high, year and sibling months	out_of_window	medium	PROMISING	a competitor holds position 1 on calendrier septembre 2026 at 59000 with zero page refdomains	DEMAND_MODERATE	14/324	2027
C005889	/fr/calendar/2028/aout/	tools	calendar.month	month-calendar	2028-august	août 2028					fr	fr-FR	calendrier août 2028						no										none		computed	yes	computed, no external source	no licence needed	high	medium, grid plus holidays plus week numbers for that month	SCALE_WITH_GATES	low	high, year and sibling months	out_of_window	medium	PROMISING	a competitor holds position 1 on calendrier septembre 2026 at 59000 with zero page refdomains	DEMAND_MODERATE	14/324	2027
C005890	/fr/calendar/2028/septembre/	tools	calendar.month	month-calendar	2028-september	septembre 2028					fr	fr-FR	calendrier septembre 2028						no										none		computed	yes	computed, no external source	no licence needed	high	medium, grid plus holidays plus week numbers for that month	SCALE_WITH_GATES	low	high, year and sibling months	out_of_window	medium	PROMISING	a competitor holds position 1 on calendrier septembre 2026 at 59000 with zero page refdomains	DEMAND_MODERATE	14/324	2027
C005891	/fr/calendar/2028/octobre/	tools	calendar.month	month-calendar	2028-october	octobre 2028					fr	fr-FR	calendrier octobre 2028						no										none		computed	yes	computed, no external source	no licence needed	high	medium, grid plus holidays plus week numbers for that month	SCALE_WITH_GATES	low	high, year and sibling months	out_of_window	medium	PROMISING	a competitor holds position 1 on calendrier septembre 2026 at 59000 with zero page refdomains	DEMAND_MODERATE	14/324	2027
C005892	/fr/calendar/2028/novembre/	tools	calendar.month	month-calendar	2028-november	novembre 2028					fr	fr-FR	calendrier novembre 2028						no										none		computed	yes	computed, no external source	no licence needed	high	medium, grid plus holidays plus week numbers for that month	SCALE_WITH_GATES	low	high, year and sibling months	out_of_window	medium	PROMISING	a competitor holds position 1 on calendrier septembre 2026 at 59000 with zero page refdomains	DEMAND_MODERATE	14/324	2027
C005893	/fr/calendar/2028/decembre/	tools	calendar.month	month-calendar	2028-december	décembre 2028					fr	fr-FR	calendrier décembre 2028						no										none		computed	yes	computed, no external source	no licence needed	high	medium, grid plus holidays plus week numbers for that month	SCALE_WITH_GATES	low	high, year and sibling months	out_of_window	medium	PROMISING	a competitor holds position 1 on calendrier septembre 2026 at 59000 with zero page refdomains	DEMAND_MODERATE	14/324	2027
C005894	/fr/calendar/2029/	tools	calendar.year	year-calendar	2029	2029					fr	fr-FR	calendrier 2029						no										none		computed	yes	computed, no external source	no licence needed	high	medium, the grid plus that market's holidays	SCALE_WITH_GATES	low	high	out_of_window	high	PROMISING	SERP validated for de: kalender 2027 at 70657 and KD 2 has a DR 10 page at position 3. Rejected for pl, where a SERP page carries 55463 backlinks.	DEMAND_VERY_HIGH	20/45	627451
C005895	/fr/calendar/2030/	tools	calendar.year	year-calendar	2030	2030					fr	fr-FR	calendrier 2030						no										none		computed	yes	computed, no external source	no licence needed	high	medium, the grid plus that market's holidays	SCALE_WITH_GATES	low	high	out_of_window	high	PROMISING	SERP validated for de: kalender 2027 at 70657 and KD 2 has a DR 10 page at position 3. Rejected for pl, where a SERP page carries 55463 backlinks.	DEMAND_VERY_HIGH	20/45	627451
C005896	/it/calendar/week-numbers/	tools	calendar.week-numbers	week-number-lookup	week-numbers	week numbers					it	it-IT	numero settimana						no										none		computed	yes	computed, no external source	no licence needed	high, ISO 8601 week arithmetic	high, it is a live answer plus a table	SAFE_TO_SCALE	low	medium	out_of_window	high	PROMISING	kalender-365.nl/weeknummer.html earns 93469 from this single page with 731 keywords	DEMAND_HIGH	5/9	44785
C005898	/it/calendar/2026/	tools	calendar.year	year-calendar	2026	2026					it	it-IT	calendario 2026						no										none		computed	yes	computed, no external source	no licence needed	high	medium, the grid plus that market's holidays	SCALE_WITH_GATES	low	high	out_of_window	high	PROMISING	SERP validated for de: kalender 2027 at 70657 and KD 2 has a DR 10 page at position 3. Rejected for pl, where a SERP page carries 55463 backlinks.	DEMAND_VERY_HIGH	20/45	627451
C005899	/it/calendar/2026/gennaio/	tools	calendar.month	month-calendar	2026-january	gennaio 2026					it	it-IT	calendario gennaio 2026						no										none		computed	yes	computed, no external source	no licence needed	high	medium, grid plus holidays plus week numbers for that month	SCALE_WITH_GATES	low	high, year and sibling months	out_of_window	medium	PROMISING	a competitor holds position 1 on calendrier septembre 2026 at 59000 with zero page refdomains	DEMAND_MODERATE	14/324	2027
C005900	/it/calendar/2026/febbraio/	tools	calendar.month	month-calendar	2026-february	febbraio 2026					it	it-IT	calendario febbraio 2026						no										none		computed	yes	computed, no external source	no licence needed	high	medium, grid plus holidays plus week numbers for that month	SCALE_WITH_GATES	low	high, year and sibling months	out_of_window	medium	PROMISING	a competitor holds position 1 on calendrier septembre 2026 at 59000 with zero page refdomains	DEMAND_MODERATE	14/324	2027
C005901	/it/calendar/2026/marzo/	tools	calendar.month	month-calendar	2026-march	marzo 2026					it	it-IT	calendario marzo 2026						no										none		computed	yes	computed, no external source	no licence needed	high	medium, grid plus holidays plus week numbers for that month	SCALE_WITH_GATES	low	high, year and sibling months	out_of_window	medium	PROMISING	a competitor holds position 1 on calendrier septembre 2026 at 59000 with zero page refdomains	DEMAND_MODERATE	14/324	2027
C005902	/it/calendar/2026/aprile/	tools	calendar.month	month-calendar	2026-april	aprile 2026					it	it-IT	calendario aprile 2026						no										none		computed	yes	computed, no external source	no licence needed	high	medium, grid plus holidays plus week numbers for that month	SCALE_WITH_GATES	low	high, year and sibling months	out_of_window	medium	PROMISING	a competitor holds position 1 on calendrier septembre 2026 at 59000 with zero page refdomains	DEMAND_MODERATE	14/324	2027
C005903	/it/calendar/2026/maggio/	tools	calendar.month	month-calendar	2026-may	maggio 2026					it	it-IT	calendario maggio 2026						no										none		computed	yes	computed, no external source	no licence needed	high	medium, grid plus holidays plus week numbers for that month	SCALE_WITH_GATES	low	high, year and sibling months	out_of_window	medium	PROMISING	a competitor holds position 1 on calendrier septembre 2026 at 59000 with zero page refdomains	DEMAND_MODERATE	14/324	2027
C005904	/it/calendar/2026/giugno/	tools	calendar.month	month-calendar	2026-june	giugno 2026					it	it-IT	calendario giugno 2026						no										none		computed	yes	computed, no external source	no licence needed	high	medium, grid plus holidays plus week numbers for that month	SCALE_WITH_GATES	low	high, year and sibling months	out_of_window	medium	PROMISING	a competitor holds position 1 on calendrier septembre 2026 at 59000 with zero page refdomains	DEMAND_MODERATE	14/324	2027
C005905	/it/calendar/2026/luglio/	tools	calendar.month	month-calendar	2026-july	luglio 2026					it	it-IT	calendario luglio 2026						no										none		computed	yes	computed, no external source	no licence needed	high	medium, grid plus holidays plus week numbers for that month	SCALE_WITH_GATES	low	high, year and sibling months	out_of_window	medium	PROMISING	a competitor holds position 1 on calendrier septembre 2026 at 59000 with zero page refdomains	DEMAND_MODERATE	14/324	2027
C005906	/it/calendar/2026/agosto/	tools	calendar.month	month-calendar	2026-august	agosto 2026					it	it-IT	calendario agosto 2026						no										none		computed	yes	computed, no external source	no licence needed	high	medium, grid plus holidays plus week numbers for that month	SCALE_WITH_GATES	low	high, year and sibling months	out_of_window	medium	PROMISING	a competitor holds position 1 on calendrier septembre 2026 at 59000 with zero page refdomains	DEMAND_MODERATE	14/324	2027
C005907	/it/calendar/2026/settembre/	tools	calendar.month	month-calendar	2026-september	settembre 2026					it	it-IT	calendario settembre 2026						no										none		computed	yes	computed, no external source	no licence needed	high	medium, grid plus holidays plus week numbers for that month	SCALE_WITH_GATES	low	high, year and sibling months	out_of_window	medium	PROMISING	a competitor holds position 1 on calendrier septembre 2026 at 59000 with zero page refdomains	DEMAND_MODERATE	14/324	2027
C005908	/it/calendar/2026/ottobre/	tools	calendar.month	month-calendar	2026-october	ottobre 2026					it	it-IT	calendario ottobre 2026						no										none		computed	yes	computed, no external source	no licence needed	high	medium, grid plus holidays plus week numbers for that month	SCALE_WITH_GATES	low	high, year and sibling months	out_of_window	medium	PROMISING	a competitor holds position 1 on calendrier septembre 2026 at 59000 with zero page refdomains	DEMAND_MODERATE	14/324	2027
C005909	/it/calendar/2026/novembre/	tools	calendar.month	month-calendar	2026-november	novembre 2026					it	it-IT	calendario novembre 2026						no										none		computed	yes	computed, no external source	no licence needed	high	medium, grid plus holidays plus week numbers for that month	SCALE_WITH_GATES	low	high, year and sibling months	out_of_window	medium	PROMISING	a competitor holds position 1 on calendrier septembre 2026 at 59000 with zero page refdomains	DEMAND_MODERATE	14/324	2027
C005910	/it/calendar/2026/dicembre/	tools	calendar.month	month-calendar	2026-december	dicembre 2026					it	it-IT	calendario dicembre 2026						no										none		computed	yes	computed, no external source	no licence needed	high	medium, grid plus holidays plus week numbers for that month	SCALE_WITH_GATES	low	high, year and sibling months	out_of_window	medium	PROMISING	a competitor holds position 1 on calendrier septembre 2026 at 59000 with zero page refdomains	DEMAND_MODERATE	14/324	2027
C005911	/it/calendar/2027/	tools	calendar.year	year-calendar	2027	2027					it	it-IT	calendario 2027						no										none		computed	yes	computed, no external source	no licence needed	high	medium, the grid plus that market's holidays	SCALE_WITH_GATES	low	high	out_of_window	high	PROMISING	SERP validated for de: kalender 2027 at 70657 and KD 2 has a DR 10 page at position 3. Rejected for pl, where a SERP page carries 55463 backlinks.	DEMAND_VERY_HIGH	20/45	627451
C005912	/it/calendar/2027/gennaio/	tools	calendar.month	month-calendar	2027-january	gennaio 2027					it	it-IT	calendario gennaio 2027						no										none		computed	yes	computed, no external source	no licence needed	high	medium, grid plus holidays plus week numbers for that month	SCALE_WITH_GATES	low	high, year and sibling months	out_of_window	medium	PROMISING	a competitor holds position 1 on calendrier septembre 2026 at 59000 with zero page refdomains	DEMAND_MODERATE	14/324	2027
C005913	/it/calendar/2027/febbraio/	tools	calendar.month	month-calendar	2027-february	febbraio 2027					it	it-IT	calendario febbraio 2027						no										none		computed	yes	computed, no external source	no licence needed	high	medium, grid plus holidays plus week numbers for that month	SCALE_WITH_GATES	low	high, year and sibling months	out_of_window	medium	PROMISING	a competitor holds position 1 on calendrier septembre 2026 at 59000 with zero page refdomains	DEMAND_MODERATE	14/324	2027
C005914	/it/calendar/2027/marzo/	tools	calendar.month	month-calendar	2027-march	marzo 2027					it	it-IT	calendario marzo 2027						no										none		computed	yes	computed, no external source	no licence needed	high	medium, grid plus holidays plus week numbers for that month	SCALE_WITH_GATES	low	high, year and sibling months	out_of_window	medium	PROMISING	a competitor holds position 1 on calendrier septembre 2026 at 59000 with zero page refdomains	DEMAND_MODERATE	14/324	2027
C005915	/it/calendar/2027/aprile/	tools	calendar.month	month-calendar	2027-april	aprile 2027					it	it-IT	calendario aprile 2027						no										none		computed	yes	computed, no external source	no licence needed	high	medium, grid plus holidays plus week numbers for that month	SCALE_WITH_GATES	low	high, year and sibling months	out_of_window	medium	PROMISING	a competitor holds position 1 on calendrier septembre 2026 at 59000 with zero page refdomains	DEMAND_MODERATE	14/324	2027
C005916	/it/calendar/2027/maggio/	tools	calendar.month	month-calendar	2027-may	maggio 2027					it	it-IT	calendario maggio 2027						no										none		computed	yes	computed, no external source	no licence needed	high	medium, grid plus holidays plus week numbers for that month	SCALE_WITH_GATES	low	high, year and sibling months	out_of_window	medium	PROMISING	a competitor holds position 1 on calendrier septembre 2026 at 59000 with zero page refdomains	DEMAND_MODERATE	14/324	2027
C005917	/it/calendar/2027/giugno/	tools	calendar.month	month-calendar	2027-june	giugno 2027					it	it-IT	calendario giugno 2027						no										none		computed	yes	computed, no external source	no licence needed	high	medium, grid plus holidays plus week numbers for that month	SCALE_WITH_GATES	low	high, year and sibling months	out_of_window	medium	PROMISING	a competitor holds position 1 on calendrier septembre 2026 at 59000 with zero page refdomains	DEMAND_MODERATE	14/324	2027
C005918	/it/calendar/2027/luglio/	tools	calendar.month	month-calendar	2027-july	luglio 2027					it	it-IT	calendario luglio 2027						no										none		computed	yes	computed, no external source	no licence needed	high	medium, grid plus holidays plus week numbers for that month	SCALE_WITH_GATES	low	high, year and sibling months	out_of_window	medium	PROMISING	a competitor holds position 1 on calendrier septembre 2026 at 59000 with zero page refdomains	DEMAND_MODERATE	14/324	2027
C005919	/it/calendar/2027/agosto/	tools	calendar.month	month-calendar	2027-august	agosto 2027					it	it-IT	calendario agosto 2027						no										none		computed	yes	computed, no external source	no licence needed	high	medium, grid plus holidays plus week numbers for that month	SCALE_WITH_GATES	low	high, year and sibling months	out_of_window	medium	PROMISING	a competitor holds position 1 on calendrier septembre 2026 at 59000 with zero page refdomains	DEMAND_MODERATE	14/324	2027
C005920	/it/calendar/2027/settembre/	tools	calendar.month	month-calendar	2027-september	settembre 2027					it	it-IT	calendario settembre 2027						no										none		computed	yes	computed, no external source	no licence needed	high	medium, grid plus holidays plus week numbers for that month	SCALE_WITH_GATES	low	high, year and sibling months	out_of_window	medium	PROMISING	a competitor holds position 1 on calendrier septembre 2026 at 59000 with zero page refdomains	DEMAND_MODERATE	14/324	2027
C005921	/it/calendar/2027/ottobre/	tools	calendar.month	month-calendar	2027-october	ottobre 2027					it	it-IT	calendario ottobre 2027						no										none		computed	yes	computed, no external source	no licence needed	high	medium, grid plus holidays plus week numbers for that month	SCALE_WITH_GATES	low	high, year and sibling months	out_of_window	medium	PROMISING	a competitor holds position 1 on calendrier septembre 2026 at 59000 with zero page refdomains	DEMAND_MODERATE	14/324	2027
C005922	/it/calendar/2027/novembre/	tools	calendar.month	month-calendar	2027-november	novembre 2027					it	it-IT	calendario novembre 2027						no										none		computed	yes	computed, no external source	no licence needed	high	medium, grid plus holidays plus week numbers for that month	SCALE_WITH_GATES	low	high, year and sibling months	out_of_window	medium	PROMISING	a competitor holds position 1 on calendrier septembre 2026 at 59000 with zero page refdomains	DEMAND_MODERATE	14/324	2027
C005923	/it/calendar/2027/dicembre/	tools	calendar.month	month-calendar	2027-december	dicembre 2027					it	it-IT	calendario dicembre 2027						no										none		computed	yes	computed, no external source	no licence needed	high	medium, grid plus holidays plus week numbers for that month	SCALE_WITH_GATES	low	high, year and sibling months	out_of_window	medium	PROMISING	a competitor holds position 1 on calendrier septembre 2026 at 59000 with zero page refdomains	DEMAND_MODERATE	14/324	2027
C005924	/it/calendar/2028/	tools	calendar.year	year-calendar	2028	2028					it	it-IT	calendario 2028						no										none		computed	yes	computed, no external source	no licence needed	high	medium, the grid plus that market's holidays	SCALE_WITH_GATES	low	high	out_of_window	high	PROMISING	SERP validated for de: kalender 2027 at 70657 and KD 2 has a DR 10 page at position 3. Rejected for pl, where a SERP page carries 55463 backlinks.	DEMAND_VERY_HIGH	20/45	627451
C005925	/it/calendar/2028/gennaio/	tools	calendar.month	month-calendar	2028-january	gennaio 2028					it	it-IT	calendario gennaio 2028						no										none		computed	yes	computed, no external source	no licence needed	high	medium, grid plus holidays plus week numbers for that month	SCALE_WITH_GATES	low	high, year and sibling months	out_of_window	medium	PROMISING	a competitor holds position 1 on calendrier septembre 2026 at 59000 with zero page refdomains	DEMAND_MODERATE	14/324	2027
C005926	/it/calendar/2028/febbraio/	tools	calendar.month	month-calendar	2028-february	febbraio 2028					it	it-IT	calendario febbraio 2028						no										none		computed	yes	computed, no external source	no licence needed	high	medium, grid plus holidays plus week numbers for that month	SCALE_WITH_GATES	low	high, year and sibling months	out_of_window	medium	PROMISING	a competitor holds position 1 on calendrier septembre 2026 at 59000 with zero page refdomains	DEMAND_MODERATE	14/324	2027
C005927	/it/calendar/2028/marzo/	tools	calendar.month	month-calendar	2028-march	marzo 2028					it	it-IT	calendario marzo 2028						no										none		computed	yes	computed, no external source	no licence needed	high	medium, grid plus holidays plus week numbers for that month	SCALE_WITH_GATES	low	high, year and sibling months	out_of_window	medium	PROMISING	a competitor holds position 1 on calendrier septembre 2026 at 59000 with zero page refdomains	DEMAND_MODERATE	14/324	2027
C005928	/it/calendar/2028/aprile/	tools	calendar.month	month-calendar	2028-april	aprile 2028					it	it-IT	calendario aprile 2028						no										none		computed	yes	computed, no external source	no licence needed	high	medium, grid plus holidays plus week numbers for that month	SCALE_WITH_GATES	low	high, year and sibling months	out_of_window	medium	PROMISING	a competitor holds position 1 on calendrier septembre 2026 at 59000 with zero page refdomains	DEMAND_MODERATE	14/324	2027
C005929	/it/calendar/2028/maggio/	tools	calendar.month	month-calendar	2028-may	maggio 2028					it	it-IT	calendario maggio 2028						no										none		computed	yes	computed, no external source	no licence needed	high	medium, grid plus holidays plus week numbers for that month	SCALE_WITH_GATES	low	high, year and sibling months	out_of_window	medium	PROMISING	a competitor holds position 1 on calendrier septembre 2026 at 59000 with zero page refdomains	DEMAND_MODERATE	14/324	2027
C005930	/it/calendar/2028/giugno/	tools	calendar.month	month-calendar	2028-june	giugno 2028					it	it-IT	calendario giugno 2028						no										none		computed	yes	computed, no external source	no licence needed	high	medium, grid plus holidays plus week numbers for that month	SCALE_WITH_GATES	low	high, year and sibling months	out_of_window	medium	PROMISING	a competitor holds position 1 on calendrier septembre 2026 at 59000 with zero page refdomains	DEMAND_MODERATE	14/324	2027
C005931	/it/calendar/2028/luglio/	tools	calendar.month	month-calendar	2028-july	luglio 2028					it	it-IT	calendario luglio 2028						no										none		computed	yes	computed, no external source	no licence needed	high	medium, grid plus holidays plus week numbers for that month	SCALE_WITH_GATES	low	high, year and sibling months	out_of_window	medium	PROMISING	a competitor holds position 1 on calendrier septembre 2026 at 59000 with zero page refdomains	DEMAND_MODERATE	14/324	2027
C005932	/it/calendar/2028/agosto/	tools	calendar.month	month-calendar	2028-august	agosto 2028					it	it-IT	calendario agosto 2028						no										none		computed	yes	computed, no external source	no licence needed	high	medium, grid plus holidays plus week numbers for that month	SCALE_WITH_GATES	low	high, year and sibling months	out_of_window	medium	PROMISING	a competitor holds position 1 on calendrier septembre 2026 at 59000 with zero page refdomains	DEMAND_MODERATE	14/324	2027
C005933	/it/calendar/2028/settembre/	tools	calendar.month	month-calendar	2028-september	settembre 2028					it	it-IT	calendario settembre 2028						no										none		computed	yes	computed, no external source	no licence needed	high	medium, grid plus holidays plus week numbers for that month	SCALE_WITH_GATES	low	high, year and sibling months	out_of_window	medium	PROMISING	a competitor holds position 1 on calendrier septembre 2026 at 59000 with zero page refdomains	DEMAND_MODERATE	14/324	2027
C005934	/it/calendar/2028/ottobre/	tools	calendar.month	month-calendar	2028-october	ottobre 2028					it	it-IT	calendario ottobre 2028						no										none		computed	yes	computed, no external source	no licence needed	high	medium, grid plus holidays plus week numbers for that month	SCALE_WITH_GATES	low	high, year and sibling months	out_of_window	medium	PROMISING	a competitor holds position 1 on calendrier septembre 2026 at 59000 with zero page refdomains	DEMAND_MODERATE	14/324	2027
C005935	/it/calendar/2028/novembre/	tools	calendar.month	month-calendar	2028-november	novembre 2028					it	it-IT	calendario novembre 2028						no										none		computed	yes	computed, no external source	no licence needed	high	medium, grid plus holidays plus week numbers for that month	SCALE_WITH_GATES	low	high, year and sibling months	out_of_window	medium	PROMISING	a competitor holds position 1 on calendrier septembre 2026 at 59000 with zero page refdomains	DEMAND_MODERATE	14/324	2027
C005936	/it/calendar/2028/dicembre/	tools	calendar.month	month-calendar	2028-december	dicembre 2028					it	it-IT	calendario dicembre 2028						no										none		computed	yes	computed, no external source	no licence needed	high	medium, grid plus holidays plus week numbers for that month	SCALE_WITH_GATES	low	high, year and sibling months	out_of_window	medium	PROMISING	a competitor holds position 1 on calendrier septembre 2026 at 59000 with zero page refdomains	DEMAND_MODERATE	14/324	2027
C005937	/it/calendar/2029/	tools	calendar.year	year-calendar	2029	2029					it	it-IT	calendario 2029						no										none		computed	yes	computed, no external source	no licence needed	high	medium, the grid plus that market's holidays	SCALE_WITH_GATES	low	high	out_of_window	high	PROMISING	SERP validated for de: kalender 2027 at 70657 and KD 2 has a DR 10 page at position 3. Rejected for pl, where a SERP page carries 55463 backlinks.	DEMAND_VERY_HIGH	20/45	627451
C005938	/it/calendar/2030/	tools	calendar.year	year-calendar	2030	2030					it	it-IT	calendario 2030						no										none		computed	yes	computed, no external source	no licence needed	high	medium, the grid plus that market's holidays	SCALE_WITH_GATES	low	high	out_of_window	high	PROMISING	SERP validated for de: kalender 2027 at 70657 and KD 2 has a DR 10 page at position 3. Rejected for pl, where a SERP page carries 55463 backlinks.	DEMAND_VERY_HIGH	20/45	627451
C005939	/ja/calendar/week-numbers/	tools	calendar.week-numbers	week-number-lookup	week-numbers	week numbers					ja	ja-JP							no										none		computed	yes	computed, no external source	no licence needed	high, ISO 8601 week arithmetic	high, it is a live answer plus a table	SAFE_TO_SCALE	low	medium	out_of_window	high	PROMISING	kalender-365.nl/weeknummer.html earns 93469 from this single page with 731 keywords	DEMAND_HIGH	5/9	44785
C005941	/ja/calendar/2026/	tools	calendar.year	year-calendar	2026	2026					ja	ja-JP	カレンダー 2026						no										none		computed	yes	computed, no external source	no licence needed	high	medium, the grid plus that market's holidays	SCALE_WITH_GATES	low	high	out_of_window	high	PROMISING	SERP validated for de: kalender 2027 at 70657 and KD 2 has a DR 10 page at position 3. Rejected for pl, where a SERP page carries 55463 backlinks.	DEMAND_VERY_HIGH	20/45	627451
C005942	/ja/calendar/2026/1/	tools	calendar.month	month-calendar	2026-january	1月 2026					ja	ja-JP							no										none		computed	yes	computed, no external source	no licence needed	high	medium, grid plus holidays plus week numbers for that month	SCALE_WITH_GATES	low	high, year and sibling months	out_of_window	medium	PROMISING	a competitor holds position 1 on calendrier septembre 2026 at 59000 with zero page refdomains	DEMAND_MODERATE	14/324	2027
C005943	/ja/calendar/2026/2/	tools	calendar.month	month-calendar	2026-february	2月 2026					ja	ja-JP							no										none		computed	yes	computed, no external source	no licence needed	high	medium, grid plus holidays plus week numbers for that month	SCALE_WITH_GATES	low	high, year and sibling months	out_of_window	medium	PROMISING	a competitor holds position 1 on calendrier septembre 2026 at 59000 with zero page refdomains	DEMAND_MODERATE	14/324	2027
C005944	/ja/calendar/2026/3/	tools	calendar.month	month-calendar	2026-march	3月 2026					ja	ja-JP							no										none		computed	yes	computed, no external source	no licence needed	high	medium, grid plus holidays plus week numbers for that month	SCALE_WITH_GATES	low	high, year and sibling months	out_of_window	medium	PROMISING	a competitor holds position 1 on calendrier septembre 2026 at 59000 with zero page refdomains	DEMAND_MODERATE	14/324	2027
C005945	/ja/calendar/2026/4/	tools	calendar.month	month-calendar	2026-april	4月 2026					ja	ja-JP							no										none		computed	yes	computed, no external source	no licence needed	high	medium, grid plus holidays plus week numbers for that month	SCALE_WITH_GATES	low	high, year and sibling months	out_of_window	medium	PROMISING	a competitor holds position 1 on calendrier septembre 2026 at 59000 with zero page refdomains	DEMAND_MODERATE	14/324	2027
C005946	/ja/calendar/2026/5/	tools	calendar.month	month-calendar	2026-may	5月 2026					ja	ja-JP							no										none		computed	yes	computed, no external source	no licence needed	high	medium, grid plus holidays plus week numbers for that month	SCALE_WITH_GATES	low	high, year and sibling months	out_of_window	medium	PROMISING	a competitor holds position 1 on calendrier septembre 2026 at 59000 with zero page refdomains	DEMAND_MODERATE	14/324	2027
C005947	/ja/calendar/2026/6/	tools	calendar.month	month-calendar	2026-june	6月 2026					ja	ja-JP							no										none		computed	yes	computed, no external source	no licence needed	high	medium, grid plus holidays plus week numbers for that month	SCALE_WITH_GATES	low	high, year and sibling months	out_of_window	medium	PROMISING	a competitor holds position 1 on calendrier septembre 2026 at 59000 with zero page refdomains	DEMAND_MODERATE	14/324	2027
C005948	/ja/calendar/2026/7/	tools	calendar.month	month-calendar	2026-july	7月 2026					ja	ja-JP							no										none		computed	yes	computed, no external source	no licence needed	high	medium, grid plus holidays plus week numbers for that month	SCALE_WITH_GATES	low	high, year and sibling months	out_of_window	medium	PROMISING	a competitor holds position 1 on calendrier septembre 2026 at 59000 with zero page refdomains	DEMAND_MODERATE	14/324	2027
C005949	/ja/calendar/2026/8/	tools	calendar.month	month-calendar	2026-august	8月 2026					ja	ja-JP							no										none		computed	yes	computed, no external source	no licence needed	high	medium, grid plus holidays plus week numbers for that month	SCALE_WITH_GATES	low	high, year and sibling months	out_of_window	medium	PROMISING	a competitor holds position 1 on calendrier septembre 2026 at 59000 with zero page refdomains	DEMAND_MODERATE	14/324	2027
C005950	/ja/calendar/2026/9/	tools	calendar.month	month-calendar	2026-september	9月 2026					ja	ja-JP							no										none		computed	yes	computed, no external source	no licence needed	high	medium, grid plus holidays plus week numbers for that month	SCALE_WITH_GATES	low	high, year and sibling months	out_of_window	medium	PROMISING	a competitor holds position 1 on calendrier septembre 2026 at 59000 with zero page refdomains	DEMAND_MODERATE	14/324	2027
C005951	/ja/calendar/2026/10/	tools	calendar.month	month-calendar	2026-october	10月 2026					ja	ja-JP							no										none		computed	yes	computed, no external source	no licence needed	high	medium, grid plus holidays plus week numbers for that month	SCALE_WITH_GATES	low	high, year and sibling months	out_of_window	medium	PROMISING	a competitor holds position 1 on calendrier septembre 2026 at 59000 with zero page refdomains	DEMAND_MODERATE	14/324	2027
C005952	/ja/calendar/2026/11/	tools	calendar.month	month-calendar	2026-november	11月 2026					ja	ja-JP							no										none		computed	yes	computed, no external source	no licence needed	high	medium, grid plus holidays plus week numbers for that month	SCALE_WITH_GATES	low	high, year and sibling months	out_of_window	medium	PROMISING	a competitor holds position 1 on calendrier septembre 2026 at 59000 with zero page refdomains	DEMAND_MODERATE	14/324	2027
C005953	/ja/calendar/2026/12/	tools	calendar.month	month-calendar	2026-december	12月 2026					ja	ja-JP							no										none		computed	yes	computed, no external source	no licence needed	high	medium, grid plus holidays plus week numbers for that month	SCALE_WITH_GATES	low	high, year and sibling months	out_of_window	medium	PROMISING	a competitor holds position 1 on calendrier septembre 2026 at 59000 with zero page refdomains	DEMAND_MODERATE	14/324	2027
C005954	/ja/calendar/2027/	tools	calendar.year	year-calendar	2027	2027					ja	ja-JP	カレンダー 2027						no										none		computed	yes	computed, no external source	no licence needed	high	medium, the grid plus that market's holidays	SCALE_WITH_GATES	low	high	out_of_window	high	PROMISING	SERP validated for de: kalender 2027 at 70657 and KD 2 has a DR 10 page at position 3. Rejected for pl, where a SERP page carries 55463 backlinks.	DEMAND_VERY_HIGH	20/45	627451
C005955	/ja/calendar/2027/1/	tools	calendar.month	month-calendar	2027-january	1月 2027					ja	ja-JP							no										none		computed	yes	computed, no external source	no licence needed	high	medium, grid plus holidays plus week numbers for that month	SCALE_WITH_GATES	low	high, year and sibling months	out_of_window	medium	PROMISING	a competitor holds position 1 on calendrier septembre 2026 at 59000 with zero page refdomains	DEMAND_MODERATE	14/324	2027
C005956	/ja/calendar/2027/2/	tools	calendar.month	month-calendar	2027-february	2月 2027					ja	ja-JP							no										none		computed	yes	computed, no external source	no licence needed	high	medium, grid plus holidays plus week numbers for that month	SCALE_WITH_GATES	low	high, year and sibling months	out_of_window	medium	PROMISING	a competitor holds position 1 on calendrier septembre 2026 at 59000 with zero page refdomains	DEMAND_MODERATE	14/324	2027
C005957	/ja/calendar/2027/3/	tools	calendar.month	month-calendar	2027-march	3月 2027					ja	ja-JP							no										none		computed	yes	computed, no external source	no licence needed	high	medium, grid plus holidays plus week numbers for that month	SCALE_WITH_GATES	low	high, year and sibling months	out_of_window	medium	PROMISING	a competitor holds position 1 on calendrier septembre 2026 at 59000 with zero page refdomains	DEMAND_MODERATE	14/324	2027
C005958	/ja/calendar/2027/4/	tools	calendar.month	month-calendar	2027-april	4月 2027					ja	ja-JP							no										none		computed	yes	computed, no external source	no licence needed	high	medium, grid plus holidays plus week numbers for that month	SCALE_WITH_GATES	low	high, year and sibling months	out_of_window	medium	PROMISING	a competitor holds position 1 on calendrier septembre 2026 at 59000 with zero page refdomains	DEMAND_MODERATE	14/324	2027
C005959	/ja/calendar/2027/5/	tools	calendar.month	month-calendar	2027-may	5月 2027					ja	ja-JP							no										none		computed	yes	computed, no external source	no licence needed	high	medium, grid plus holidays plus week numbers for that month	SCALE_WITH_GATES	low	high, year and sibling months	out_of_window	medium	PROMISING	a competitor holds position 1 on calendrier septembre 2026 at 59000 with zero page refdomains	DEMAND_MODERATE	14/324	2027
C005960	/ja/calendar/2027/6/	tools	calendar.month	month-calendar	2027-june	6月 2027					ja	ja-JP							no										none		computed	yes	computed, no external source	no licence needed	high	medium, grid plus holidays plus week numbers for that month	SCALE_WITH_GATES	low	high, year and sibling months	out_of_window	medium	PROMISING	a competitor holds position 1 on calendrier septembre 2026 at 59000 with zero page refdomains	DEMAND_MODERATE	14/324	2027
C005961	/ja/calendar/2027/7/	tools	calendar.month	month-calendar	2027-july	7月 2027					ja	ja-JP							no										none		computed	yes	computed, no external source	no licence needed	high	medium, grid plus holidays plus week numbers for that month	SCALE_WITH_GATES	low	high, year and sibling months	out_of_window	medium	PROMISING	a competitor holds position 1 on calendrier septembre 2026 at 59000 with zero page refdomains	DEMAND_MODERATE	14/324	2027
C005962	/ja/calendar/2027/8/	tools	calendar.month	month-calendar	2027-august	8月 2027					ja	ja-JP							no										none		computed	yes	computed, no external source	no licence needed	high	medium, grid plus holidays plus week numbers for that month	SCALE_WITH_GATES	low	high, year and sibling months	out_of_window	medium	PROMISING	a competitor holds position 1 on calendrier septembre 2026 at 59000 with zero page refdomains	DEMAND_MODERATE	14/324	2027
C005963	/ja/calendar/2027/9/	tools	calendar.month	month-calendar	2027-september	9月 2027					ja	ja-JP							no										none		computed	yes	computed, no external source	no licence needed	high	medium, grid plus holidays plus week numbers for that month	SCALE_WITH_GATES	low	high, year and sibling months	out_of_window	medium	PROMISING	a competitor holds position 1 on calendrier septembre 2026 at 59000 with zero page refdomains	DEMAND_MODERATE	14/324	2027
C005964	/ja/calendar/2027/10/	tools	calendar.month	month-calendar	2027-october	10月 2027					ja	ja-JP							no										none		computed	yes	computed, no external source	no licence needed	high	medium, grid plus holidays plus week numbers for that month	SCALE_WITH_GATES	low	high, year and sibling months	out_of_window	medium	PROMISING	a competitor holds position 1 on calendrier septembre 2026 at 59000 with zero page refdomains	DEMAND_MODERATE	14/324	2027
C005965	/ja/calendar/2027/11/	tools	calendar.month	month-calendar	2027-november	11月 2027					ja	ja-JP							no										none		computed	yes	computed, no external source	no licence needed	high	medium, grid plus holidays plus week numbers for that month	SCALE_WITH_GATES	low	high, year and sibling months	out_of_window	medium	PROMISING	a competitor holds position 1 on calendrier septembre 2026 at 59000 with zero page refdomains	DEMAND_MODERATE	14/324	2027
C005966	/ja/calendar/2027/12/	tools	calendar.month	month-calendar	2027-december	12月 2027					ja	ja-JP							no										none		computed	yes	computed, no external source	no licence needed	high	medium, grid plus holidays plus week numbers for that month	SCALE_WITH_GATES	low	high, year and sibling months	out_of_window	medium	PROMISING	a competitor holds position 1 on calendrier septembre 2026 at 59000 with zero page refdomains	DEMAND_MODERATE	14/324	2027
C005967	/ja/calendar/2028/	tools	calendar.year	year-calendar	2028	2028					ja	ja-JP	カレンダー 2028						no										none		computed	yes	computed, no external source	no licence needed	high	medium, the grid plus that market's holidays	SCALE_WITH_GATES	low	high	out_of_window	high	PROMISING	SERP validated for de: kalender 2027 at 70657 and KD 2 has a DR 10 page at position 3. Rejected for pl, where a SERP page carries 55463 backlinks.	DEMAND_VERY_HIGH	20/45	627451
C005968	/ja/calendar/2028/1/	tools	calendar.month	month-calendar	2028-january	1月 2028					ja	ja-JP							no										none		computed	yes	computed, no external source	no licence needed	high	medium, grid plus holidays plus week numbers for that month	SCALE_WITH_GATES	low	high, year and sibling months	out_of_window	medium	PROMISING	a competitor holds position 1 on calendrier septembre 2026 at 59000 with zero page refdomains	DEMAND_MODERATE	14/324	2027
C005969	/ja/calendar/2028/2/	tools	calendar.month	month-calendar	2028-february	2月 2028					ja	ja-JP							no										none		computed	yes	computed, no external source	no licence needed	high	medium, grid plus holidays plus week numbers for that month	SCALE_WITH_GATES	low	high, year and sibling months	out_of_window	medium	PROMISING	a competitor holds position 1 on calendrier septembre 2026 at 59000 with zero page refdomains	DEMAND_MODERATE	14/324	2027
C005970	/ja/calendar/2028/3/	tools	calendar.month	month-calendar	2028-march	3月 2028					ja	ja-JP							no										none		computed	yes	computed, no external source	no licence needed	high	medium, grid plus holidays plus week numbers for that month	SCALE_WITH_GATES	low	high, year and sibling months	out_of_window	medium	PROMISING	a competitor holds position 1 on calendrier septembre 2026 at 59000 with zero page refdomains	DEMAND_MODERATE	14/324	2027
C005971	/ja/calendar/2028/4/	tools	calendar.month	month-calendar	2028-april	4月 2028					ja	ja-JP							no										none		computed	yes	computed, no external source	no licence needed	high	medium, grid plus holidays plus week numbers for that month	SCALE_WITH_GATES	low	high, year and sibling months	out_of_window	medium	PROMISING	a competitor holds position 1 on calendrier septembre 2026 at 59000 with zero page refdomains	DEMAND_MODERATE	14/324	2027
C005972	/ja/calendar/2028/5/	tools	calendar.month	month-calendar	2028-may	5月 2028					ja	ja-JP							no										none		computed	yes	computed, no external source	no licence needed	high	medium, grid plus holidays plus week numbers for that month	SCALE_WITH_GATES	low	high, year and sibling months	out_of_window	medium	PROMISING	a competitor holds position 1 on calendrier septembre 2026 at 59000 with zero page refdomains	DEMAND_MODERATE	14/324	2027
C005973	/ja/calendar/2028/6/	tools	calendar.month	month-calendar	2028-june	6月 2028					ja	ja-JP							no										none		computed	yes	computed, no external source	no licence needed	high	medium, grid plus holidays plus week numbers for that month	SCALE_WITH_GATES	low	high, year and sibling months	out_of_window	medium	PROMISING	a competitor holds position 1 on calendrier septembre 2026 at 59000 with zero page refdomains	DEMAND_MODERATE	14/324	2027
C005974	/ja/calendar/2028/7/	tools	calendar.month	month-calendar	2028-july	7月 2028					ja	ja-JP							no										none		computed	yes	computed, no external source	no licence needed	high	medium, grid plus holidays plus week numbers for that month	SCALE_WITH_GATES	low	high, year and sibling months	out_of_window	medium	PROMISING	a competitor holds position 1 on calendrier septembre 2026 at 59000 with zero page refdomains	DEMAND_MODERATE	14/324	2027
C005975	/ja/calendar/2028/8/	tools	calendar.month	month-calendar	2028-august	8月 2028					ja	ja-JP							no										none		computed	yes	computed, no external source	no licence needed	high	medium, grid plus holidays plus week numbers for that month	SCALE_WITH_GATES	low	high, year and sibling months	out_of_window	medium	PROMISING	a competitor holds position 1 on calendrier septembre 2026 at 59000 with zero page refdomains	DEMAND_MODERATE	14/324	2027
C005976	/ja/calendar/2028/9/	tools	calendar.month	month-calendar	2028-september	9月 2028					ja	ja-JP							no										none		computed	yes	computed, no external source	no licence needed	high	medium, grid plus holidays plus week numbers for that month	SCALE_WITH_GATES	low	high, year and sibling months	out_of_window	medium	PROMISING	a competitor holds position 1 on calendrier septembre 2026 at 59000 with zero page refdomains	DEMAND_MODERATE	14/324	2027
C005977	/ja/calendar/2028/10/	tools	calendar.month	month-calendar	2028-october	10月 2028					ja	ja-JP							no										none		computed	yes	computed, no external source	no licence needed	high	medium, grid plus holidays plus week numbers for that month	SCALE_WITH_GATES	low	high, year and sibling months	out_of_window	medium	PROMISING	a competitor holds position 1 on calendrier septembre 2026 at 59000 with zero page refdomains	DEMAND_MODERATE	14/324	2027
C005978	/ja/calendar/2028/11/	tools	calendar.month	month-calendar	2028-november	11月 2028					ja	ja-JP							no										none		computed	yes	computed, no external source	no licence needed	high	medium, grid plus holidays plus week numbers for that month	SCALE_WITH_GATES	low	high, year and sibling months	out_of_window	medium	PROMISING	a competitor holds position 1 on calendrier septembre 2026 at 59000 with zero page refdomains	DEMAND_MODERATE	14/324	2027
C005979	/ja/calendar/2028/12/	tools	calendar.month	month-calendar	2028-december	12月 2028					ja	ja-JP							no										none		computed	yes	computed, no external source	no licence needed	high	medium, grid plus holidays plus week numbers for that month	SCALE_WITH_GATES	low	high, year and sibling months	out_of_window	medium	PROMISING	a competitor holds position 1 on calendrier septembre 2026 at 59000 with zero page refdomains	DEMAND_MODERATE	14/324	2027
C005980	/ja/calendar/2029/	tools	calendar.year	year-calendar	2029	2029					ja	ja-JP	カレンダー 2029						no										none		computed	yes	computed, no external source	no licence needed	high	medium, the grid plus that market's holidays	SCALE_WITH_GATES	low	high	out_of_window	high	PROMISING	SERP validated for de: kalender 2027 at 70657 and KD 2 has a DR 10 page at position 3. Rejected for pl, where a SERP page carries 55463 backlinks.	DEMAND_VERY_HIGH	20/45	627451
C005981	/ja/calendar/2030/	tools	calendar.year	year-calendar	2030	2030					ja	ja-JP	カレンダー 2030						no										none		computed	yes	computed, no external source	no licence needed	high	medium, the grid plus that market's holidays	SCALE_WITH_GATES	low	high	out_of_window	high	PROMISING	SERP validated for de: kalender 2027 at 70657 and KD 2 has a DR 10 page at position 3. Rejected for pl, where a SERP page carries 55463 backlinks.	DEMAND_VERY_HIGH	20/45	627451
C005982	/nl/calendar/week-numbers/	tools	calendar.week-numbers	week-number-lookup	week-numbers	week numbers					nl	nl-NL	weeknummer		32475	15		10	yes	keywords-explorer-overview 2026-09-29									none		computed	yes	computed, no external source	no licence needed	high, ISO 8601 week arithmetic	high, it is a live answer plus a table	SAFE_TO_SCALE	low	medium	out_of_window	high	VALIDATED	kalender-365.nl/weeknummer.html earns 93469 from this single page with 731 keywords Global volume 28000. Global volume 28000.	DEMAND_HIGH	5/9	44785
C005984	/nl/calendar/2026/	tools	calendar.year	year-calendar	2026	2026					nl	nl-NL	kalender 2026		146979	0		5	yes	keywords-explorer-overview 2026-09-29									none		computed	yes	computed, no external source	no licence needed	high	medium, the grid plus that market's holidays	SCALE_WITH_GATES	low	high	out_of_window	high	VALIDATED	SERP validated for de: kalender 2027 at 70657 and KD 2 has a DR 10 page at position 3. Rejected for pl, where a SERP page carries 55463 backlinks. Global volume 2480000. Global volume 2480000.	DEMAND_VERY_HIGH	20/45	627451
C005985	/nl/calendar/2026/januari/	tools	calendar.month	month-calendar	2026-january	januari 2026					nl	nl-NL	kalender januari 2026						no										none		computed	yes	computed, no external source	no licence needed	high	medium, grid plus holidays plus week numbers for that month	SCALE_WITH_GATES	low	high, year and sibling months	out_of_window	medium	PROMISING	a competitor holds position 1 on calendrier septembre 2026 at 59000 with zero page refdomains	DEMAND_MODERATE	14/324	2027
C005986	/nl/calendar/2026/februari/	tools	calendar.month	month-calendar	2026-february	februari 2026					nl	nl-NL	kalender februari 2026						no										none		computed	yes	computed, no external source	no licence needed	high	medium, grid plus holidays plus week numbers for that month	SCALE_WITH_GATES	low	high, year and sibling months	out_of_window	medium	PROMISING	a competitor holds position 1 on calendrier septembre 2026 at 59000 with zero page refdomains	DEMAND_MODERATE	14/324	2027
C005987	/nl/calendar/2026/maart/	tools	calendar.month	month-calendar	2026-march	maart 2026					nl	nl-NL	kalender maart 2026						no										none		computed	yes	computed, no external source	no licence needed	high	medium, grid plus holidays plus week numbers for that month	SCALE_WITH_GATES	low	high, year and sibling months	out_of_window	medium	PROMISING	a competitor holds position 1 on calendrier septembre 2026 at 59000 with zero page refdomains	DEMAND_MODERATE	14/324	2027
C005988	/nl/calendar/2026/april/	tools	calendar.month	month-calendar	2026-april	april 2026					nl	nl-NL	kalender april 2026						no										none		computed	yes	computed, no external source	no licence needed	high	medium, grid plus holidays plus week numbers for that month	SCALE_WITH_GATES	low	high, year and sibling months	out_of_window	medium	PROMISING	a competitor holds position 1 on calendrier septembre 2026 at 59000 with zero page refdomains	DEMAND_MODERATE	14/324	2027
C005989	/nl/calendar/2026/mei/	tools	calendar.month	month-calendar	2026-may	mei 2026					nl	nl-NL	kalender mei 2026						no										none		computed	yes	computed, no external source	no licence needed	high	medium, grid plus holidays plus week numbers for that month	SCALE_WITH_GATES	low	high, year and sibling months	out_of_window	medium	PROMISING	a competitor holds position 1 on calendrier septembre 2026 at 59000 with zero page refdomains	DEMAND_MODERATE	14/324	2027
C005990	/nl/calendar/2026/juni/	tools	calendar.month	month-calendar	2026-june	juni 2026					nl	nl-NL	kalender juni 2026						no										none		computed	yes	computed, no external source	no licence needed	high	medium, grid plus holidays plus week numbers for that month	SCALE_WITH_GATES	low	high, year and sibling months	out_of_window	medium	PROMISING	a competitor holds position 1 on calendrier septembre 2026 at 59000 with zero page refdomains	DEMAND_MODERATE	14/324	2027
C005991	/nl/calendar/2026/juli/	tools	calendar.month	month-calendar	2026-july	juli 2026					nl	nl-NL	kalender juli 2026						no										none		computed	yes	computed, no external source	no licence needed	high	medium, grid plus holidays plus week numbers for that month	SCALE_WITH_GATES	low	high, year and sibling months	out_of_window	medium	PROMISING	a competitor holds position 1 on calendrier septembre 2026 at 59000 with zero page refdomains	DEMAND_MODERATE	14/324	2027
C005992	/nl/calendar/2026/augustus/	tools	calendar.month	month-calendar	2026-august	augustus 2026					nl	nl-NL	kalender augustus 2026						no										none		computed	yes	computed, no external source	no licence needed	high	medium, grid plus holidays plus week numbers for that month	SCALE_WITH_GATES	low	high, year and sibling months	out_of_window	medium	PROMISING	a competitor holds position 1 on calendrier septembre 2026 at 59000 with zero page refdomains	DEMAND_MODERATE	14/324	2027
C005993	/nl/calendar/2026/september/	tools	calendar.month	month-calendar	2026-september	september 2026					nl	nl-NL	kalender september 2026						no										none		computed	yes	computed, no external source	no licence needed	high	medium, grid plus holidays plus week numbers for that month	SCALE_WITH_GATES	low	high, year and sibling months	out_of_window	medium	PROMISING	a competitor holds position 1 on calendrier septembre 2026 at 59000 with zero page refdomains	DEMAND_MODERATE	14/324	2027
C005994	/nl/calendar/2026/oktober/	tools	calendar.month	month-calendar	2026-october	oktober 2026					nl	nl-NL	kalender oktober 2026						no										none		computed	yes	computed, no external source	no licence needed	high	medium, grid plus holidays plus week numbers for that month	SCALE_WITH_GATES	low	high, year and sibling months	out_of_window	medium	PROMISING	a competitor holds position 1 on calendrier septembre 2026 at 59000 with zero page refdomains	DEMAND_MODERATE	14/324	2027
C005995	/nl/calendar/2026/november/	tools	calendar.month	month-calendar	2026-november	november 2026					nl	nl-NL	kalender november 2026						no										none		computed	yes	computed, no external source	no licence needed	high	medium, grid plus holidays plus week numbers for that month	SCALE_WITH_GATES	low	high, year and sibling months	out_of_window	medium	PROMISING	a competitor holds position 1 on calendrier septembre 2026 at 59000 with zero page refdomains	DEMAND_MODERATE	14/324	2027
C005996	/nl/calendar/2026/december/	tools	calendar.month	month-calendar	2026-december	december 2026					nl	nl-NL	kalender december 2026						no										none		computed	yes	computed, no external source	no licence needed	high	medium, grid plus holidays plus week numbers for that month	SCALE_WITH_GATES	low	high, year and sibling months	out_of_window	medium	PROMISING	a competitor holds position 1 on calendrier septembre 2026 at 59000 with zero page refdomains	DEMAND_MODERATE	14/324	2027
C005997	/nl/calendar/2027/	tools	calendar.year	year-calendar	2027	2027					nl	nl-NL	kalender 2027		28021	0		6	yes	keywords-explorer-overview 2026-09-29									none		computed	yes	computed, no external source	no licence needed	high	medium, the grid plus that market's holidays	SCALE_WITH_GATES	low	high	out_of_window	high	VALIDATED	SERP validated for de: kalender 2027 at 70657 and KD 2 has a DR 10 page at position 3. Rejected for pl, where a SERP page carries 55463 backlinks. Global volume 134000. Global volume 134000.	DEMAND_VERY_HIGH	20/45	627451
C005998	/nl/calendar/2027/januari/	tools	calendar.month	month-calendar	2027-january	januari 2027					nl	nl-NL	kalender januari 2027		117				yes	keywords-explorer-overview 2026-09-29									none		computed	yes	computed, no external source	no licence needed	high	medium, grid plus holidays plus week numbers for that month	SCALE_WITH_GATES	low	high, year and sibling months	out_of_window	medium	PROMISING	a competitor holds position 1 on calendrier septembre 2026 at 59000 with zero page refdomains Global volume 1300. Global volume 1300.	DEMAND_MODERATE	14/324	2027
C005999	/nl/calendar/2027/februari/	tools	calendar.month	month-calendar	2027-february	februari 2027					nl	nl-NL	kalender februari 2027						no										none		computed	yes	computed, no external source	no licence needed	high	medium, grid plus holidays plus week numbers for that month	SCALE_WITH_GATES	low	high, year and sibling months	out_of_window	medium	PROMISING	a competitor holds position 1 on calendrier septembre 2026 at 59000 with zero page refdomains	DEMAND_MODERATE	14/324	2027
C006000	/nl/calendar/2027/maart/	tools	calendar.month	month-calendar	2027-march	maart 2027					nl	nl-NL	kalender maart 2027						no										none		computed	yes	computed, no external source	no licence needed	high	medium, grid plus holidays plus week numbers for that month	SCALE_WITH_GATES	low	high, year and sibling months	out_of_window	medium	PROMISING	a competitor holds position 1 on calendrier septembre 2026 at 59000 with zero page refdomains	DEMAND_MODERATE	14/324	2027
C006001	/nl/calendar/2027/april/	tools	calendar.month	month-calendar	2027-april	april 2027					nl	nl-NL	kalender april 2027						no										none		computed	yes	computed, no external source	no licence needed	high	medium, grid plus holidays plus week numbers for that month	SCALE_WITH_GATES	low	high, year and sibling months	out_of_window	medium	PROMISING	a competitor holds position 1 on calendrier septembre 2026 at 59000 with zero page refdomains	DEMAND_MODERATE	14/324	2027
C006002	/nl/calendar/2027/mei/	tools	calendar.month	month-calendar	2027-may	mei 2027					nl	nl-NL	kalender mei 2027						no										none		computed	yes	computed, no external source	no licence needed	high	medium, grid plus holidays plus week numbers for that month	SCALE_WITH_GATES	low	high, year and sibling months	out_of_window	medium	PROMISING	a competitor holds position 1 on calendrier septembre 2026 at 59000 with zero page refdomains	DEMAND_MODERATE	14/324	2027
C006003	/nl/calendar/2027/juni/	tools	calendar.month	month-calendar	2027-june	juni 2027					nl	nl-NL	kalender juni 2027						no										none		computed	yes	computed, no external source	no licence needed	high	medium, grid plus holidays plus week numbers for that month	SCALE_WITH_GATES	low	high, year and sibling months	out_of_window	medium	PROMISING	a competitor holds position 1 on calendrier septembre 2026 at 59000 with zero page refdomains	DEMAND_MODERATE	14/324	2027
C006004	/nl/calendar/2027/juli/	tools	calendar.month	month-calendar	2027-july	juli 2027					nl	nl-NL	kalender juli 2027		134				yes	keywords-explorer-overview 2026-09-29									none		computed	yes	computed, no external source	no licence needed	high	medium, grid plus holidays plus week numbers for that month	SCALE_WITH_GATES	low	high, year and sibling months	out_of_window	medium	PROMISING	a competitor holds position 1 on calendrier septembre 2026 at 59000 with zero page refdomains Global volume 1200. Global volume 1200.	DEMAND_MODERATE	14/324	2027
C006005	/nl/calendar/2027/augustus/	tools	calendar.month	month-calendar	2027-august	augustus 2027					nl	nl-NL	kalender augustus 2027						no										none		computed	yes	computed, no external source	no licence needed	high	medium, grid plus holidays plus week numbers for that month	SCALE_WITH_GATES	low	high, year and sibling months	out_of_window	medium	PROMISING	a competitor holds position 1 on calendrier septembre 2026 at 59000 with zero page refdomains	DEMAND_MODERATE	14/324	2027
C006006	/nl/calendar/2027/september/	tools	calendar.month	month-calendar	2027-september	september 2027					nl	nl-NL	kalender september 2027						no										none		computed	yes	computed, no external source	no licence needed	high	medium, grid plus holidays plus week numbers for that month	SCALE_WITH_GATES	low	high, year and sibling months	out_of_window	medium	PROMISING	a competitor holds position 1 on calendrier septembre 2026 at 59000 with zero page refdomains	DEMAND_MODERATE	14/324	2027
C006007	/nl/calendar/2027/oktober/	tools	calendar.month	month-calendar	2027-october	oktober 2027					nl	nl-NL	kalender oktober 2027						no										none		computed	yes	computed, no external source	no licence needed	high	medium, grid plus holidays plus week numbers for that month	SCALE_WITH_GATES	low	high, year and sibling months	out_of_window	medium	PROMISING	a competitor holds position 1 on calendrier septembre 2026 at 59000 with zero page refdomains	DEMAND_MODERATE	14/324	2027
C006008	/nl/calendar/2027/november/	tools	calendar.month	month-calendar	2027-november	november 2027					nl	nl-NL	kalender november 2027						no										none		computed	yes	computed, no external source	no licence needed	high	medium, grid plus holidays plus week numbers for that month	SCALE_WITH_GATES	low	high, year and sibling months	out_of_window	medium	PROMISING	a competitor holds position 1 on calendrier septembre 2026 at 59000 with zero page refdomains	DEMAND_MODERATE	14/324	2027
C006009	/nl/calendar/2027/december/	tools	calendar.month	month-calendar	2027-december	december 2027					nl	nl-NL	kalender december 2027		13				yes	keywords-explorer-overview 2026-09-29									none		computed	yes	computed, no external source	no licence needed	high	medium, grid plus holidays plus week numbers for that month	SCALE_WITH_GATES	low	high, year and sibling months	out_of_window	medium	PROMISING	a competitor holds position 1 on calendrier septembre 2026 at 59000 with zero page refdomains Global volume 30. Global volume 30.	DEMAND_MODERATE	14/324	2027
C006010	/nl/calendar/2028/	tools	calendar.year	year-calendar	2028	2028					nl	nl-NL	kalender 2028		726	0		6	yes	keywords-explorer-overview 2026-09-29									none		computed	yes	computed, no external source	no licence needed	high	medium, the grid plus that market's holidays	SCALE_WITH_GATES	low	high	out_of_window	high	VALIDATED	SERP validated for de: kalender 2027 at 70657 and KD 2 has a DR 10 page at position 3. Rejected for pl, where a SERP page carries 55463 backlinks. Global volume 12000. Global volume 12000.	DEMAND_VERY_HIGH	20/45	627451
C006011	/nl/calendar/2028/januari/	tools	calendar.month	month-calendar	2028-january	januari 2028					nl	nl-NL	kalender januari 2028						no										none		computed	yes	computed, no external source	no licence needed	high	medium, grid plus holidays plus week numbers for that month	SCALE_WITH_GATES	low	high, year and sibling months	out_of_window	medium	PROMISING	a competitor holds position 1 on calendrier septembre 2026 at 59000 with zero page refdomains	DEMAND_MODERATE	14/324	2027
C006012	/nl/calendar/2028/februari/	tools	calendar.month	month-calendar	2028-february	februari 2028					nl	nl-NL	kalender februari 2028						no										none		computed	yes	computed, no external source	no licence needed	high	medium, grid plus holidays plus week numbers for that month	SCALE_WITH_GATES	low	high, year and sibling months	out_of_window	medium	PROMISING	a competitor holds position 1 on calendrier septembre 2026 at 59000 with zero page refdomains	DEMAND_MODERATE	14/324	2027
C006013	/nl/calendar/2028/maart/	tools	calendar.month	month-calendar	2028-march	maart 2028					nl	nl-NL	kalender maart 2028						no										none		computed	yes	computed, no external source	no licence needed	high	medium, grid plus holidays plus week numbers for that month	SCALE_WITH_GATES	low	high, year and sibling months	out_of_window	medium	PROMISING	a competitor holds position 1 on calendrier septembre 2026 at 59000 with zero page refdomains	DEMAND_MODERATE	14/324	2027
C006014	/nl/calendar/2028/april/	tools	calendar.month	month-calendar	2028-april	april 2028					nl	nl-NL	kalender april 2028						no										none		computed	yes	computed, no external source	no licence needed	high	medium, grid plus holidays plus week numbers for that month	SCALE_WITH_GATES	low	high, year and sibling months	out_of_window	medium	PROMISING	a competitor holds position 1 on calendrier septembre 2026 at 59000 with zero page refdomains	DEMAND_MODERATE	14/324	2027
C006015	/nl/calendar/2028/mei/	tools	calendar.month	month-calendar	2028-may	mei 2028					nl	nl-NL	kalender mei 2028						no										none		computed	yes	computed, no external source	no licence needed	high	medium, grid plus holidays plus week numbers for that month	SCALE_WITH_GATES	low	high, year and sibling months	out_of_window	medium	PROMISING	a competitor holds position 1 on calendrier septembre 2026 at 59000 with zero page refdomains	DEMAND_MODERATE	14/324	2027
C006016	/nl/calendar/2028/juni/	tools	calendar.month	month-calendar	2028-june	juni 2028					nl	nl-NL	kalender juni 2028						no										none		computed	yes	computed, no external source	no licence needed	high	medium, grid plus holidays plus week numbers for that month	SCALE_WITH_GATES	low	high, year and sibling months	out_of_window	medium	PROMISING	a competitor holds position 1 on calendrier septembre 2026 at 59000 with zero page refdomains	DEMAND_MODERATE	14/324	2027
C006017	/nl/calendar/2028/juli/	tools	calendar.month	month-calendar	2028-july	juli 2028					nl	nl-NL	kalender juli 2028						no										none		computed	yes	computed, no external source	no licence needed	high	medium, grid plus holidays plus week numbers for that month	SCALE_WITH_GATES	low	high, year and sibling months	out_of_window	medium	PROMISING	a competitor holds position 1 on calendrier septembre 2026 at 59000 with zero page refdomains	DEMAND_MODERATE	14/324	2027
C006018	/nl/calendar/2028/augustus/	tools	calendar.month	month-calendar	2028-august	augustus 2028					nl	nl-NL	kalender augustus 2028						no										none		computed	yes	computed, no external source	no licence needed	high	medium, grid plus holidays plus week numbers for that month	SCALE_WITH_GATES	low	high, year and sibling months	out_of_window	medium	PROMISING	a competitor holds position 1 on calendrier septembre 2026 at 59000 with zero page refdomains	DEMAND_MODERATE	14/324	2027
C006019	/nl/calendar/2028/september/	tools	calendar.month	month-calendar	2028-september	september 2028					nl	nl-NL	kalender september 2028						no										none		computed	yes	computed, no external source	no licence needed	high	medium, grid plus holidays plus week numbers for that month	SCALE_WITH_GATES	low	high, year and sibling months	out_of_window	medium	PROMISING	a competitor holds position 1 on calendrier septembre 2026 at 59000 with zero page refdomains	DEMAND_MODERATE	14/324	2027
C006020	/nl/calendar/2028/oktober/	tools	calendar.month	month-calendar	2028-october	oktober 2028					nl	nl-NL	kalender oktober 2028						no										none		computed	yes	computed, no external source	no licence needed	high	medium, grid plus holidays plus week numbers for that month	SCALE_WITH_GATES	low	high, year and sibling months	out_of_window	medium	PROMISING	a competitor holds position 1 on calendrier septembre 2026 at 59000 with zero page refdomains	DEMAND_MODERATE	14/324	2027
C006021	/nl/calendar/2028/november/	tools	calendar.month	month-calendar	2028-november	november 2028					nl	nl-NL	kalender november 2028						no										none		computed	yes	computed, no external source	no licence needed	high	medium, grid plus holidays plus week numbers for that month	SCALE_WITH_GATES	low	high, year and sibling months	out_of_window	medium	PROMISING	a competitor holds position 1 on calendrier septembre 2026 at 59000 with zero page refdomains	DEMAND_MODERATE	14/324	2027
C006022	/nl/calendar/2028/december/	tools	calendar.month	month-calendar	2028-december	december 2028					nl	nl-NL	kalender december 2028						no										none		computed	yes	computed, no external source	no licence needed	high	medium, grid plus holidays plus week numbers for that month	SCALE_WITH_GATES	low	high, year and sibling months	out_of_window	medium	PROMISING	a competitor holds position 1 on calendrier septembre 2026 at 59000 with zero page refdomains	DEMAND_MODERATE	14/324	2027
C006023	/nl/calendar/2029/	tools	calendar.year	year-calendar	2029	2029					nl	nl-NL	kalender 2029		165			2	yes	keywords-explorer-overview 2026-09-29									none		computed	yes	computed, no external source	no licence needed	high	medium, the grid plus that market's holidays	SCALE_WITH_GATES	low	high	out_of_window	high	VALIDATED	SERP validated for de: kalender 2027 at 70657 and KD 2 has a DR 10 page at position 3. Rejected for pl, where a SERP page carries 55463 backlinks. Global volume 2500. Global volume 2500.	DEMAND_VERY_HIGH	20/45	627451
C006024	/nl/calendar/2030/	tools	calendar.year	year-calendar	2030	2030					nl	nl-NL	kalender 2030						no										none		computed	yes	computed, no external source	no licence needed	high	medium, the grid plus that market's holidays	SCALE_WITH_GATES	low	high	out_of_window	high	PROMISING	SERP validated for de: kalender 2027 at 70657 and KD 2 has a DR 10 page at position 3. Rejected for pl, where a SERP page carries 55463 backlinks.	DEMAND_VERY_HIGH	20/45	627451
C006025	/pl/calendar/week-numbers/	tools	calendar.week-numbers	week-number-lookup	week-numbers	week numbers					pl	pl-PL	numer tygodnia		1383	3		20	yes	keywords-explorer-overview 2026-09-29									none		computed	yes	computed, no external source	no licence needed	high, ISO 8601 week arithmetic	high, it is a live answer plus a table	SAFE_TO_SCALE	low	medium	out_of_window	high	VALIDATED	kalender-365.nl/weeknummer.html earns 93469 from this single page with 731 keywords Global volume 2200. Global volume 2200.	DEMAND_HIGH	5/9	44785
C006027	/pl/calendar/2026/	tools	calendar.year	year-calendar	2026	2026					pl	pl-PL	kalendarz 2026		211323	2		4	yes	keywords-explorer-overview 2026-09-29									none		computed	yes	computed, no external source	no licence needed	high	medium, the grid plus that market's holidays	SCALE_WITH_GATES	low	high	out_of_window	high	VALIDATED	SERP validated for de: kalender 2027 at 70657 and KD 2 has a DR 10 page at position 3. Rejected for pl, where a SERP page carries 55463 backlinks. Global volume 453000. Global volume 453000.	DEMAND_VERY_HIGH	20/45	627451
C006028	/pl/calendar/2026/styczen/	tools	calendar.month	month-calendar	2026-january	styczeń 2026					pl	pl-PL	kalendarz styczeń 2026						no										none		computed	yes	computed, no external source	no licence needed	high	medium, grid plus holidays plus week numbers for that month	SCALE_WITH_GATES	low	high, year and sibling months	out_of_window	medium	PROMISING	a competitor holds position 1 on calendrier septembre 2026 at 59000 with zero page refdomains	DEMAND_MODERATE	14/324	2027
C006029	/pl/calendar/2026/luty/	tools	calendar.month	month-calendar	2026-february	luty 2026					pl	pl-PL	kalendarz luty 2026						no										none		computed	yes	computed, no external source	no licence needed	high	medium, grid plus holidays plus week numbers for that month	SCALE_WITH_GATES	low	high, year and sibling months	out_of_window	medium	PROMISING	a competitor holds position 1 on calendrier septembre 2026 at 59000 with zero page refdomains	DEMAND_MODERATE	14/324	2027
C006030	/pl/calendar/2026/marzec/	tools	calendar.month	month-calendar	2026-march	marzec 2026					pl	pl-PL	kalendarz marzec 2026						no										none		computed	yes	computed, no external source	no licence needed	high	medium, grid plus holidays plus week numbers for that month	SCALE_WITH_GATES	low	high, year and sibling months	out_of_window	medium	PROMISING	a competitor holds position 1 on calendrier septembre 2026 at 59000 with zero page refdomains	DEMAND_MODERATE	14/324	2027
C006031	/pl/calendar/2026/kwiecien/	tools	calendar.month	month-calendar	2026-april	kwiecień 2026					pl	pl-PL	kalendarz kwiecień 2026						no										none		computed	yes	computed, no external source	no licence needed	high	medium, grid plus holidays plus week numbers for that month	SCALE_WITH_GATES	low	high, year and sibling months	out_of_window	medium	PROMISING	a competitor holds position 1 on calendrier septembre 2026 at 59000 with zero page refdomains	DEMAND_MODERATE	14/324	2027
C006032	/pl/calendar/2026/maj/	tools	calendar.month	month-calendar	2026-may	maj 2026					pl	pl-PL	kalendarz maj 2026						no										none		computed	yes	computed, no external source	no licence needed	high	medium, grid plus holidays plus week numbers for that month	SCALE_WITH_GATES	low	high, year and sibling months	out_of_window	medium	PROMISING	a competitor holds position 1 on calendrier septembre 2026 at 59000 with zero page refdomains	DEMAND_MODERATE	14/324	2027
C006033	/pl/calendar/2026/czerwiec/	tools	calendar.month	month-calendar	2026-june	czerwiec 2026					pl	pl-PL	kalendarz czerwiec 2026						no										none		computed	yes	computed, no external source	no licence needed	high	medium, grid plus holidays plus week numbers for that month	SCALE_WITH_GATES	low	high, year and sibling months	out_of_window	medium	PROMISING	a competitor holds position 1 on calendrier septembre 2026 at 59000 with zero page refdomains	DEMAND_MODERATE	14/324	2027
C006034	/pl/calendar/2026/lipiec/	tools	calendar.month	month-calendar	2026-july	lipiec 2026					pl	pl-PL	kalendarz lipiec 2026						no										none		computed	yes	computed, no external source	no licence needed	high	medium, grid plus holidays plus week numbers for that month	SCALE_WITH_GATES	low	high, year and sibling months	out_of_window	medium	PROMISING	a competitor holds position 1 on calendrier septembre 2026 at 59000 with zero page refdomains	DEMAND_MODERATE	14/324	2027
C006035	/pl/calendar/2026/sierpien/	tools	calendar.month	month-calendar	2026-august	sierpień 2026					pl	pl-PL	kalendarz sierpień 2026						no										none		computed	yes	computed, no external source	no licence needed	high	medium, grid plus holidays plus week numbers for that month	SCALE_WITH_GATES	low	high, year and sibling months	out_of_window	medium	PROMISING	a competitor holds position 1 on calendrier septembre 2026 at 59000 with zero page refdomains	DEMAND_MODERATE	14/324	2027
C006036	/pl/calendar/2026/wrzesien/	tools	calendar.month	month-calendar	2026-september	wrzesień 2026					pl	pl-PL	kalendarz wrzesień 2026						no										none		computed	yes	computed, no external source	no licence needed	high	medium, grid plus holidays plus week numbers for that month	SCALE_WITH_GATES	low	high, year and sibling months	out_of_window	medium	PROMISING	a competitor holds position 1 on calendrier septembre 2026 at 59000 with zero page refdomains	DEMAND_MODERATE	14/324	2027
C006037	/pl/calendar/2026/pazdziernik/	tools	calendar.month	month-calendar	2026-october	październik 2026					pl	pl-PL	kalendarz październik 2026						no										none		computed	yes	computed, no external source	no licence needed	high	medium, grid plus holidays plus week numbers for that month	SCALE_WITH_GATES	low	high, year and sibling months	out_of_window	medium	PROMISING	a competitor holds position 1 on calendrier septembre 2026 at 59000 with zero page refdomains	DEMAND_MODERATE	14/324	2027
C006038	/pl/calendar/2026/listopad/	tools	calendar.month	month-calendar	2026-november	listopad 2026					pl	pl-PL	kalendarz listopad 2026						no										none		computed	yes	computed, no external source	no licence needed	high	medium, grid plus holidays plus week numbers for that month	SCALE_WITH_GATES	low	high, year and sibling months	out_of_window	medium	PROMISING	a competitor holds position 1 on calendrier septembre 2026 at 59000 with zero page refdomains	DEMAND_MODERATE	14/324	2027
C006039	/pl/calendar/2026/grudzien/	tools	calendar.month	month-calendar	2026-december	grudzień 2026					pl	pl-PL	kalendarz grudzień 2026						no										none		computed	yes	computed, no external source	no licence needed	high	medium, grid plus holidays plus week numbers for that month	SCALE_WITH_GATES	low	high, year and sibling months	out_of_window	medium	PROMISING	a competitor holds position 1 on calendrier septembre 2026 at 59000 with zero page refdomains	DEMAND_MODERATE	14/324	2027
C006040	/pl/calendar/2027/	tools	calendar.year	year-calendar	2027	2027					pl	pl-PL	kalendarz 2027		15801	0		4	yes	keywords-explorer-overview 2026-09-29									none		computed	yes	computed, no external source	no licence needed	high	medium, the grid plus that market's holidays	SCALE_WITH_GATES	low	high	out_of_window	high	VALIDATED	SERP validated for de: kalender 2027 at 70657 and KD 2 has a DR 10 page at position 3. Rejected for pl, where a SERP page carries 55463 backlinks. Global volume 13000. Global volume 13000.	DEMAND_VERY_HIGH	20/45	627451
C006041	/pl/calendar/2027/styczen/	tools	calendar.month	month-calendar	2027-january	styczeń 2027					pl	pl-PL	kalendarz styczeń 2027		598				yes	keywords-explorer-overview 2026-09-29									none		computed	yes	computed, no external source	no licence needed	high	medium, grid plus holidays plus week numbers for that month	SCALE_WITH_GATES	low	high, year and sibling months	out_of_window	medium	PROMISING	a competitor holds position 1 on calendrier septembre 2026 at 59000 with zero page refdomains Global volume 250. Global volume 250.	DEMAND_MODERATE	14/324	2027
C006042	/pl/calendar/2027/luty/	tools	calendar.month	month-calendar	2027-february	luty 2027					pl	pl-PL	kalendarz luty 2027		227				yes	keywords-explorer-overview 2026-09-29									none		computed	yes	computed, no external source	no licence needed	high	medium, grid plus holidays plus week numbers for that month	SCALE_WITH_GATES	low	high, year and sibling months	out_of_window	medium	PROMISING	a competitor holds position 1 on calendrier septembre 2026 at 59000 with zero page refdomains Global volume 150. Global volume 150.	DEMAND_MODERATE	14/324	2027
C006043	/pl/calendar/2027/marzec/	tools	calendar.month	month-calendar	2027-march	marzec 2027					pl	pl-PL	kalendarz marzec 2027						no										none		computed	yes	computed, no external source	no licence needed	high	medium, grid plus holidays plus week numbers for that month	SCALE_WITH_GATES	low	high, year and sibling months	out_of_window	medium	PROMISING	a competitor holds position 1 on calendrier septembre 2026 at 59000 with zero page refdomains	DEMAND_MODERATE	14/324	2027
C006044	/pl/calendar/2027/kwiecien/	tools	calendar.month	month-calendar	2027-april	kwiecień 2027					pl	pl-PL	kalendarz kwiecień 2027						no										none		computed	yes	computed, no external source	no licence needed	high	medium, grid plus holidays plus week numbers for that month	SCALE_WITH_GATES	low	high, year and sibling months	out_of_window	medium	PROMISING	a competitor holds position 1 on calendrier septembre 2026 at 59000 with zero page refdomains	DEMAND_MODERATE	14/324	2027
C006045	/pl/calendar/2027/maj/	tools	calendar.month	month-calendar	2027-may	maj 2027					pl	pl-PL	kalendarz maj 2027						no										none		computed	yes	computed, no external source	no licence needed	high	medium, grid plus holidays plus week numbers for that month	SCALE_WITH_GATES	low	high, year and sibling months	out_of_window	medium	PROMISING	a competitor holds position 1 on calendrier septembre 2026 at 59000 with zero page refdomains	DEMAND_MODERATE	14/324	2027
C006046	/pl/calendar/2027/czerwiec/	tools	calendar.month	month-calendar	2027-june	czerwiec 2027					pl	pl-PL	kalendarz czerwiec 2027						no										none		computed	yes	computed, no external source	no licence needed	high	medium, grid plus holidays plus week numbers for that month	SCALE_WITH_GATES	low	high, year and sibling months	out_of_window	medium	PROMISING	a competitor holds position 1 on calendrier septembre 2026 at 59000 with zero page refdomains	DEMAND_MODERATE	14/324	2027
C006047	/pl/calendar/2027/lipiec/	tools	calendar.month	month-calendar	2027-july	lipiec 2027					pl	pl-PL	kalendarz lipiec 2027		288				yes	keywords-explorer-overview 2026-09-29									none		computed	yes	computed, no external source	no licence needed	high	medium, grid plus holidays plus week numbers for that month	SCALE_WITH_GATES	low	high, year and sibling months	out_of_window	medium	PROMISING	a competitor holds position 1 on calendrier septembre 2026 at 59000 with zero page refdomains Global volume 100. Global volume 100.	DEMAND_MODERATE	14/324	2027
C006048	/pl/calendar/2027/sierpien/	tools	calendar.month	month-calendar	2027-august	sierpień 2027					pl	pl-PL	kalendarz sierpień 2027						no										none		computed	yes	computed, no external source	no licence needed	high	medium, grid plus holidays plus week numbers for that month	SCALE_WITH_GATES	low	high, year and sibling months	out_of_window	medium	PROMISING	a competitor holds position 1 on calendrier septembre 2026 at 59000 with zero page refdomains	DEMAND_MODERATE	14/324	2027
C006049	/pl/calendar/2027/wrzesien/	tools	calendar.month	month-calendar	2027-september	wrzesień 2027					pl	pl-PL	kalendarz wrzesień 2027						no										none		computed	yes	computed, no external source	no licence needed	high	medium, grid plus holidays plus week numbers for that month	SCALE_WITH_GATES	low	high, year and sibling months	out_of_window	medium	PROMISING	a competitor holds position 1 on calendrier septembre 2026 at 59000 with zero page refdomains	DEMAND_MODERATE	14/324	2027
C006050	/pl/calendar/2027/pazdziernik/	tools	calendar.month	month-calendar	2027-october	październik 2027					pl	pl-PL	kalendarz październik 2027						no										none		computed	yes	computed, no external source	no licence needed	high	medium, grid plus holidays plus week numbers for that month	SCALE_WITH_GATES	low	high, year and sibling months	out_of_window	medium	PROMISING	a competitor holds position 1 on calendrier septembre 2026 at 59000 with zero page refdomains	DEMAND_MODERATE	14/324	2027
C006051	/pl/calendar/2027/listopad/	tools	calendar.month	month-calendar	2027-november	listopad 2027					pl	pl-PL	kalendarz listopad 2027						no										none		computed	yes	computed, no external source	no licence needed	high	medium, grid plus holidays plus week numbers for that month	SCALE_WITH_GATES	low	high, year and sibling months	out_of_window	medium	PROMISING	a competitor holds position 1 on calendrier septembre 2026 at 59000 with zero page refdomains	DEMAND_MODERATE	14/324	2027
C006052	/pl/calendar/2027/grudzien/	tools	calendar.month	month-calendar	2027-december	grudzień 2027					pl	pl-PL	kalendarz grudzień 2027		29				yes	keywords-explorer-overview 2026-09-29									none		computed	yes	computed, no external source	no licence needed	high	medium, grid plus holidays plus week numbers for that month	SCALE_WITH_GATES	low	high, year and sibling months	out_of_window	medium	PROMISING	a competitor holds position 1 on calendrier septembre 2026 at 59000 with zero page refdomains Global volume 30. Global volume 30.	DEMAND_MODERATE	14/324	2027
C006053	/pl/calendar/2028/	tools	calendar.year	year-calendar	2028	2028					pl	pl-PL	kalendarz 2028		2345	0		3	yes	keywords-explorer-overview 2026-09-29									none		computed	yes	computed, no external source	no licence needed	high	medium, the grid plus that market's holidays	SCALE_WITH_GATES	low	high	out_of_window	high	VALIDATED	SERP validated for de: kalender 2027 at 70657 and KD 2 has a DR 10 page at position 3. Rejected for pl, where a SERP page carries 55463 backlinks. Global volume 2200. Global volume 2200.	DEMAND_VERY_HIGH	20/45	627451
C006054	/pl/calendar/2028/styczen/	tools	calendar.month	month-calendar	2028-january	styczeń 2028					pl	pl-PL	kalendarz styczeń 2028						no										none		computed	yes	computed, no external source	no licence needed	high	medium, grid plus holidays plus week numbers for that month	SCALE_WITH_GATES	low	high, year and sibling months	out_of_window	medium	PROMISING	a competitor holds position 1 on calendrier septembre 2026 at 59000 with zero page refdomains	DEMAND_MODERATE	14/324	2027
C006055	/pl/calendar/2028/luty/	tools	calendar.month	month-calendar	2028-february	luty 2028					pl	pl-PL	kalendarz luty 2028						no										none		computed	yes	computed, no external source	no licence needed	high	medium, grid plus holidays plus week numbers for that month	SCALE_WITH_GATES	low	high, year and sibling months	out_of_window	medium	PROMISING	a competitor holds position 1 on calendrier septembre 2026 at 59000 with zero page refdomains	DEMAND_MODERATE	14/324	2027
C006056	/pl/calendar/2028/marzec/	tools	calendar.month	month-calendar	2028-march	marzec 2028					pl	pl-PL	kalendarz marzec 2028						no										none		computed	yes	computed, no external source	no licence needed	high	medium, grid plus holidays plus week numbers for that month	SCALE_WITH_GATES	low	high, year and sibling months	out_of_window	medium	PROMISING	a competitor holds position 1 on calendrier septembre 2026 at 59000 with zero page refdomains	DEMAND_MODERATE	14/324	2027
C006057	/pl/calendar/2028/kwiecien/	tools	calendar.month	month-calendar	2028-april	kwiecień 2028					pl	pl-PL	kalendarz kwiecień 2028						no										none		computed	yes	computed, no external source	no licence needed	high	medium, grid plus holidays plus week numbers for that month	SCALE_WITH_GATES	low	high, year and sibling months	out_of_window	medium	PROMISING	a competitor holds position 1 on calendrier septembre 2026 at 59000 with zero page refdomains	DEMAND_MODERATE	14/324	2027
C006058	/pl/calendar/2028/maj/	tools	calendar.month	month-calendar	2028-may	maj 2028					pl	pl-PL	kalendarz maj 2028						no										none		computed	yes	computed, no external source	no licence needed	high	medium, grid plus holidays plus week numbers for that month	SCALE_WITH_GATES	low	high, year and sibling months	out_of_window	medium	PROMISING	a competitor holds position 1 on calendrier septembre 2026 at 59000 with zero page refdomains	DEMAND_MODERATE	14/324	2027
C006059	/pl/calendar/2028/czerwiec/	tools	calendar.month	month-calendar	2028-june	czerwiec 2028					pl	pl-PL	kalendarz czerwiec 2028						no										none		computed	yes	computed, no external source	no licence needed	high	medium, grid plus holidays plus week numbers for that month	SCALE_WITH_GATES	low	high, year and sibling months	out_of_window	medium	PROMISING	a competitor holds position 1 on calendrier septembre 2026 at 59000 with zero page refdomains	DEMAND_MODERATE	14/324	2027
C006060	/pl/calendar/2028/lipiec/	tools	calendar.month	month-calendar	2028-july	lipiec 2028					pl	pl-PL	kalendarz lipiec 2028						no										none		computed	yes	computed, no external source	no licence needed	high	medium, grid plus holidays plus week numbers for that month	SCALE_WITH_GATES	low	high, year and sibling months	out_of_window	medium	PROMISING	a competitor holds position 1 on calendrier septembre 2026 at 59000 with zero page refdomains	DEMAND_MODERATE	14/324	2027
C006061	/pl/calendar/2028/sierpien/	tools	calendar.month	month-calendar	2028-august	sierpień 2028					pl	pl-PL	kalendarz sierpień 2028						no										none		computed	yes	computed, no external source	no licence needed	high	medium, grid plus holidays plus week numbers for that month	SCALE_WITH_GATES	low	high, year and sibling months	out_of_window	medium	PROMISING	a competitor holds position 1 on calendrier septembre 2026 at 59000 with zero page refdomains	DEMAND_MODERATE	14/324	2027
C006062	/pl/calendar/2028/wrzesien/	tools	calendar.month	month-calendar	2028-september	wrzesień 2028					pl	pl-PL	kalendarz wrzesień 2028						no										none		computed	yes	computed, no external source	no licence needed	high	medium, grid plus holidays plus week numbers for that month	SCALE_WITH_GATES	low	high, year and sibling months	out_of_window	medium	PROMISING	a competitor holds position 1 on calendrier septembre 2026 at 59000 with zero page refdomains	DEMAND_MODERATE	14/324	2027
C006063	/pl/calendar/2028/pazdziernik/	tools	calendar.month	month-calendar	2028-october	październik 2028					pl	pl-PL	kalendarz październik 2028						no										none		computed	yes	computed, no external source	no licence needed	high	medium, grid plus holidays plus week numbers for that month	SCALE_WITH_GATES	low	high, year and sibling months	out_of_window	medium	PROMISING	a competitor holds position 1 on calendrier septembre 2026 at 59000 with zero page refdomains	DEMAND_MODERATE	14/324	2027
C006064	/pl/calendar/2028/listopad/	tools	calendar.month	month-calendar	2028-november	listopad 2028					pl	pl-PL	kalendarz listopad 2028						no										none		computed	yes	computed, no external source	no licence needed	high	medium, grid plus holidays plus week numbers for that month	SCALE_WITH_GATES	low	high, year and sibling months	out_of_window	medium	PROMISING	a competitor holds position 1 on calendrier septembre 2026 at 59000 with zero page refdomains	DEMAND_MODERATE	14/324	2027
C006065	/pl/calendar/2028/grudzien/	tools	calendar.month	month-calendar	2028-december	grudzień 2028					pl	pl-PL	kalendarz grudzień 2028						no										none		computed	yes	computed, no external source	no licence needed	high	medium, grid plus holidays plus week numbers for that month	SCALE_WITH_GATES	low	high, year and sibling months	out_of_window	medium	PROMISING	a competitor holds position 1 on calendrier septembre 2026 at 59000 with zero page refdomains	DEMAND_MODERATE	14/324	2027
C006066	/pl/calendar/2029/	tools	calendar.year	year-calendar	2029	2029					pl	pl-PL	kalendarz 2029		1294	0		3	yes	keywords-explorer-overview 2026-09-29									none		computed	yes	computed, no external source	no licence needed	high	medium, the grid plus that market's holidays	SCALE_WITH_GATES	low	high	out_of_window	high	VALIDATED	SERP validated for de: kalender 2027 at 70657 and KD 2 has a DR 10 page at position 3. Rejected for pl, where a SERP page carries 55463 backlinks. Global volume 1100. Global volume 1100.	DEMAND_VERY_HIGH	20/45	627451
C006067	/pl/calendar/2030/	tools	calendar.year	year-calendar	2030	2030					pl	pl-PL	kalendarz 2030		322	0		6	yes	keywords-explorer-overview 2026-09-29									none		computed	yes	computed, no external source	no licence needed	high	medium, the grid plus that market's holidays	SCALE_WITH_GATES	low	high	out_of_window	high	VALIDATED	SERP validated for de: kalender 2027 at 70657 and KD 2 has a DR 10 page at position 3. Rejected for pl, where a SERP page carries 55463 backlinks. Global volume 400. Global volume 400.	DEMAND_VERY_HIGH	20/45	627451
C006068	/pt/calendar/week-numbers/	tools	calendar.week-numbers	week-number-lookup	week-numbers	week numbers					pt	pt-BR	numero da semana						no										none		computed	yes	computed, no external source	no licence needed	high, ISO 8601 week arithmetic	high, it is a live answer plus a table	SAFE_TO_SCALE	low	medium	out_of_window	high	PROMISING	kalender-365.nl/weeknummer.html earns 93469 from this single page with 731 keywords	DEMAND_HIGH	5/9	44785
C006070	/pt/calendar/2026/	tools	calendar.year	year-calendar	2026	2026					pt	pt-BR	calendario 2026						no										none		computed	yes	computed, no external source	no licence needed	high	medium, the grid plus that market's holidays	SCALE_WITH_GATES	low	high	out_of_window	high	PROMISING	SERP validated for de: kalender 2027 at 70657 and KD 2 has a DR 10 page at position 3. Rejected for pl, where a SERP page carries 55463 backlinks.	DEMAND_VERY_HIGH	20/45	627451
C006071	/pt/calendar/2026/janeiro/	tools	calendar.month	month-calendar	2026-january	janeiro 2026					pt	pt-BR	calendario janeiro 2026						no										none		computed	yes	computed, no external source	no licence needed	high	medium, grid plus holidays plus week numbers for that month	SCALE_WITH_GATES	low	high, year and sibling months	out_of_window	medium	PROMISING	a competitor holds position 1 on calendrier septembre 2026 at 59000 with zero page refdomains	DEMAND_MODERATE	14/324	2027
C006072	/pt/calendar/2026/fevereiro/	tools	calendar.month	month-calendar	2026-february	fevereiro 2026					pt	pt-BR	calendario fevereiro 2026						no										none		computed	yes	computed, no external source	no licence needed	high	medium, grid plus holidays plus week numbers for that month	SCALE_WITH_GATES	low	high, year and sibling months	out_of_window	medium	PROMISING	a competitor holds position 1 on calendrier septembre 2026 at 59000 with zero page refdomains	DEMAND_MODERATE	14/324	2027
C006073	/pt/calendar/2026/marco/	tools	calendar.month	month-calendar	2026-march	março 2026					pt	pt-BR	calendario março 2026						no										none		computed	yes	computed, no external source	no licence needed	high	medium, grid plus holidays plus week numbers for that month	SCALE_WITH_GATES	low	high, year and sibling months	out_of_window	medium	PROMISING	a competitor holds position 1 on calendrier septembre 2026 at 59000 with zero page refdomains	DEMAND_MODERATE	14/324	2027
C006074	/pt/calendar/2026/abril/	tools	calendar.month	month-calendar	2026-april	abril 2026					pt	pt-BR	calendario abril 2026						no										none		computed	yes	computed, no external source	no licence needed	high	medium, grid plus holidays plus week numbers for that month	SCALE_WITH_GATES	low	high, year and sibling months	out_of_window	medium	PROMISING	a competitor holds position 1 on calendrier septembre 2026 at 59000 with zero page refdomains	DEMAND_MODERATE	14/324	2027
C006075	/pt/calendar/2026/maio/	tools	calendar.month	month-calendar	2026-may	maio 2026					pt	pt-BR	calendario maio 2026						no										none		computed	yes	computed, no external source	no licence needed	high	medium, grid plus holidays plus week numbers for that month	SCALE_WITH_GATES	low	high, year and sibling months	out_of_window	medium	PROMISING	a competitor holds position 1 on calendrier septembre 2026 at 59000 with zero page refdomains	DEMAND_MODERATE	14/324	2027
C006076	/pt/calendar/2026/junho/	tools	calendar.month	month-calendar	2026-june	junho 2026					pt	pt-BR	calendario junho 2026						no										none		computed	yes	computed, no external source	no licence needed	high	medium, grid plus holidays plus week numbers for that month	SCALE_WITH_GATES	low	high, year and sibling months	out_of_window	medium	PROMISING	a competitor holds position 1 on calendrier septembre 2026 at 59000 with zero page refdomains	DEMAND_MODERATE	14/324	2027
C006077	/pt/calendar/2026/julho/	tools	calendar.month	month-calendar	2026-july	julho 2026					pt	pt-BR	calendario julho 2026						no										none		computed	yes	computed, no external source	no licence needed	high	medium, grid plus holidays plus week numbers for that month	SCALE_WITH_GATES	low	high, year and sibling months	out_of_window	medium	PROMISING	a competitor holds position 1 on calendrier septembre 2026 at 59000 with zero page refdomains	DEMAND_MODERATE	14/324	2027
C006078	/pt/calendar/2026/agosto/	tools	calendar.month	month-calendar	2026-august	agosto 2026					pt	pt-BR	calendario agosto 2026						no										none		computed	yes	computed, no external source	no licence needed	high	medium, grid plus holidays plus week numbers for that month	SCALE_WITH_GATES	low	high, year and sibling months	out_of_window	medium	PROMISING	a competitor holds position 1 on calendrier septembre 2026 at 59000 with zero page refdomains	DEMAND_MODERATE	14/324	2027
C006079	/pt/calendar/2026/setembro/	tools	calendar.month	month-calendar	2026-september	setembro 2026					pt	pt-BR	calendario setembro 2026						no										none		computed	yes	computed, no external source	no licence needed	high	medium, grid plus holidays plus week numbers for that month	SCALE_WITH_GATES	low	high, year and sibling months	out_of_window	medium	PROMISING	a competitor holds position 1 on calendrier septembre 2026 at 59000 with zero page refdomains	DEMAND_MODERATE	14/324	2027
C006080	/pt/calendar/2026/outubro/	tools	calendar.month	month-calendar	2026-october	outubro 2026					pt	pt-BR	calendario outubro 2026						no										none		computed	yes	computed, no external source	no licence needed	high	medium, grid plus holidays plus week numbers for that month	SCALE_WITH_GATES	low	high, year and sibling months	out_of_window	medium	PROMISING	a competitor holds position 1 on calendrier septembre 2026 at 59000 with zero page refdomains	DEMAND_MODERATE	14/324	2027
C006081	/pt/calendar/2026/novembro/	tools	calendar.month	month-calendar	2026-november	novembro 2026					pt	pt-BR	calendario novembro 2026						no										none		computed	yes	computed, no external source	no licence needed	high	medium, grid plus holidays plus week numbers for that month	SCALE_WITH_GATES	low	high, year and sibling months	out_of_window	medium	PROMISING	a competitor holds position 1 on calendrier septembre 2026 at 59000 with zero page refdomains	DEMAND_MODERATE	14/324	2027
C006082	/pt/calendar/2026/dezembro/	tools	calendar.month	month-calendar	2026-december	dezembro 2026					pt	pt-BR	calendario dezembro 2026						no										none		computed	yes	computed, no external source	no licence needed	high	medium, grid plus holidays plus week numbers for that month	SCALE_WITH_GATES	low	high, year and sibling months	out_of_window	medium	PROMISING	a competitor holds position 1 on calendrier septembre 2026 at 59000 with zero page refdomains	DEMAND_MODERATE	14/324	2027
C006083	/pt/calendar/2027/	tools	calendar.year	year-calendar	2027	2027					pt	pt-BR	calendario 2027						no										none		computed	yes	computed, no external source	no licence needed	high	medium, the grid plus that market's holidays	SCALE_WITH_GATES	low	high	out_of_window	high	PROMISING	SERP validated for de: kalender 2027 at 70657 and KD 2 has a DR 10 page at position 3. Rejected for pl, where a SERP page carries 55463 backlinks.	DEMAND_VERY_HIGH	20/45	627451
C006084	/pt/calendar/2027/janeiro/	tools	calendar.month	month-calendar	2027-january	janeiro 2027					pt	pt-BR	calendario janeiro 2027						no										none		computed	yes	computed, no external source	no licence needed	high	medium, grid plus holidays plus week numbers for that month	SCALE_WITH_GATES	low	high, year and sibling months	out_of_window	medium	PROMISING	a competitor holds position 1 on calendrier septembre 2026 at 59000 with zero page refdomains	DEMAND_MODERATE	14/324	2027
C006085	/pt/calendar/2027/fevereiro/	tools	calendar.month	month-calendar	2027-february	fevereiro 2027					pt	pt-BR	calendario fevereiro 2027						no										none		computed	yes	computed, no external source	no licence needed	high	medium, grid plus holidays plus week numbers for that month	SCALE_WITH_GATES	low	high, year and sibling months	out_of_window	medium	PROMISING	a competitor holds position 1 on calendrier septembre 2026 at 59000 with zero page refdomains	DEMAND_MODERATE	14/324	2027
C006086	/pt/calendar/2027/marco/	tools	calendar.month	month-calendar	2027-march	março 2027					pt	pt-BR	calendario março 2027						no										none		computed	yes	computed, no external source	no licence needed	high	medium, grid plus holidays plus week numbers for that month	SCALE_WITH_GATES	low	high, year and sibling months	out_of_window	medium	PROMISING	a competitor holds position 1 on calendrier septembre 2026 at 59000 with zero page refdomains	DEMAND_MODERATE	14/324	2027
C006087	/pt/calendar/2027/abril/	tools	calendar.month	month-calendar	2027-april	abril 2027					pt	pt-BR	calendario abril 2027						no										none		computed	yes	computed, no external source	no licence needed	high	medium, grid plus holidays plus week numbers for that month	SCALE_WITH_GATES	low	high, year and sibling months	out_of_window	medium	PROMISING	a competitor holds position 1 on calendrier septembre 2026 at 59000 with zero page refdomains	DEMAND_MODERATE	14/324	2027
C006088	/pt/calendar/2027/maio/	tools	calendar.month	month-calendar	2027-may	maio 2027					pt	pt-BR	calendario maio 2027						no										none		computed	yes	computed, no external source	no licence needed	high	medium, grid plus holidays plus week numbers for that month	SCALE_WITH_GATES	low	high, year and sibling months	out_of_window	medium	PROMISING	a competitor holds position 1 on calendrier septembre 2026 at 59000 with zero page refdomains	DEMAND_MODERATE	14/324	2027
C006089	/pt/calendar/2027/junho/	tools	calendar.month	month-calendar	2027-june	junho 2027					pt	pt-BR	calendario junho 2027						no										none		computed	yes	computed, no external source	no licence needed	high	medium, grid plus holidays plus week numbers for that month	SCALE_WITH_GATES	low	high, year and sibling months	out_of_window	medium	PROMISING	a competitor holds position 1 on calendrier septembre 2026 at 59000 with zero page refdomains	DEMAND_MODERATE	14/324	2027
C006090	/pt/calendar/2027/julho/	tools	calendar.month	month-calendar	2027-july	julho 2027					pt	pt-BR	calendario julho 2027						no										none		computed	yes	computed, no external source	no licence needed	high	medium, grid plus holidays plus week numbers for that month	SCALE_WITH_GATES	low	high, year and sibling months	out_of_window	medium	PROMISING	a competitor holds position 1 on calendrier septembre 2026 at 59000 with zero page refdomains	DEMAND_MODERATE	14/324	2027
C006091	/pt/calendar/2027/agosto/	tools	calendar.month	month-calendar	2027-august	agosto 2027					pt	pt-BR	calendario agosto 2027						no										none		computed	yes	computed, no external source	no licence needed	high	medium, grid plus holidays plus week numbers for that month	SCALE_WITH_GATES	low	high, year and sibling months	out_of_window	medium	PROMISING	a competitor holds position 1 on calendrier septembre 2026 at 59000 with zero page refdomains	DEMAND_MODERATE	14/324	2027
C006092	/pt/calendar/2027/setembro/	tools	calendar.month	month-calendar	2027-september	setembro 2027					pt	pt-BR	calendario setembro 2027						no										none		computed	yes	computed, no external source	no licence needed	high	medium, grid plus holidays plus week numbers for that month	SCALE_WITH_GATES	low	high, year and sibling months	out_of_window	medium	PROMISING	a competitor holds position 1 on calendrier septembre 2026 at 59000 with zero page refdomains	DEMAND_MODERATE	14/324	2027
C006093	/pt/calendar/2027/outubro/	tools	calendar.month	month-calendar	2027-october	outubro 2027					pt	pt-BR	calendario outubro 2027						no										none		computed	yes	computed, no external source	no licence needed	high	medium, grid plus holidays plus week numbers for that month	SCALE_WITH_GATES	low	high, year and sibling months	out_of_window	medium	PROMISING	a competitor holds position 1 on calendrier septembre 2026 at 59000 with zero page refdomains	DEMAND_MODERATE	14/324	2027
C006094	/pt/calendar/2027/novembro/	tools	calendar.month	month-calendar	2027-november	novembro 2027					pt	pt-BR	calendario novembro 2027						no										none		computed	yes	computed, no external source	no licence needed	high	medium, grid plus holidays plus week numbers for that month	SCALE_WITH_GATES	low	high, year and sibling months	out_of_window	medium	PROMISING	a competitor holds position 1 on calendrier septembre 2026 at 59000 with zero page refdomains	DEMAND_MODERATE	14/324	2027
C006095	/pt/calendar/2027/dezembro/	tools	calendar.month	month-calendar	2027-december	dezembro 2027					pt	pt-BR	calendario dezembro 2027						no										none		computed	yes	computed, no external source	no licence needed	high	medium, grid plus holidays plus week numbers for that month	SCALE_WITH_GATES	low	high, year and sibling months	out_of_window	medium	PROMISING	a competitor holds position 1 on calendrier septembre 2026 at 59000 with zero page refdomains	DEMAND_MODERATE	14/324	2027
C006096	/pt/calendar/2028/	tools	calendar.year	year-calendar	2028	2028					pt	pt-BR	calendario 2028						no										none		computed	yes	computed, no external source	no licence needed	high	medium, the grid plus that market's holidays	SCALE_WITH_GATES	low	high	out_of_window	high	PROMISING	SERP validated for de: kalender 2027 at 70657 and KD 2 has a DR 10 page at position 3. Rejected for pl, where a SERP page carries 55463 backlinks.	DEMAND_VERY_HIGH	20/45	627451
C006097	/pt/calendar/2028/janeiro/	tools	calendar.month	month-calendar	2028-january	janeiro 2028					pt	pt-BR	calendario janeiro 2028						no										none		computed	yes	computed, no external source	no licence needed	high	medium, grid plus holidays plus week numbers for that month	SCALE_WITH_GATES	low	high, year and sibling months	out_of_window	medium	PROMISING	a competitor holds position 1 on calendrier septembre 2026 at 59000 with zero page refdomains	DEMAND_MODERATE	14/324	2027
C006098	/pt/calendar/2028/fevereiro/	tools	calendar.month	month-calendar	2028-february	fevereiro 2028					pt	pt-BR	calendario fevereiro 2028						no										none		computed	yes	computed, no external source	no licence needed	high	medium, grid plus holidays plus week numbers for that month	SCALE_WITH_GATES	low	high, year and sibling months	out_of_window	medium	PROMISING	a competitor holds position 1 on calendrier septembre 2026 at 59000 with zero page refdomains	DEMAND_MODERATE	14/324	2027
C006099	/pt/calendar/2028/marco/	tools	calendar.month	month-calendar	2028-march	março 2028					pt	pt-BR	calendario março 2028						no										none		computed	yes	computed, no external source	no licence needed	high	medium, grid plus holidays plus week numbers for that month	SCALE_WITH_GATES	low	high, year and sibling months	out_of_window	medium	PROMISING	a competitor holds position 1 on calendrier septembre 2026 at 59000 with zero page refdomains	DEMAND_MODERATE	14/324	2027
C006100	/pt/calendar/2028/abril/	tools	calendar.month	month-calendar	2028-april	abril 2028					pt	pt-BR	calendario abril 2028						no										none		computed	yes	computed, no external source	no licence needed	high	medium, grid plus holidays plus week numbers for that month	SCALE_WITH_GATES	low	high, year and sibling months	out_of_window	medium	PROMISING	a competitor holds position 1 on calendrier septembre 2026 at 59000 with zero page refdomains	DEMAND_MODERATE	14/324	2027
C006101	/pt/calendar/2028/maio/	tools	calendar.month	month-calendar	2028-may	maio 2028					pt	pt-BR	calendario maio 2028						no										none		computed	yes	computed, no external source	no licence needed	high	medium, grid plus holidays plus week numbers for that month	SCALE_WITH_GATES	low	high, year and sibling months	out_of_window	medium	PROMISING	a competitor holds position 1 on calendrier septembre 2026 at 59000 with zero page refdomains	DEMAND_MODERATE	14/324	2027
C006102	/pt/calendar/2028/junho/	tools	calendar.month	month-calendar	2028-june	junho 2028					pt	pt-BR	calendario junho 2028						no										none		computed	yes	computed, no external source	no licence needed	high	medium, grid plus holidays plus week numbers for that month	SCALE_WITH_GATES	low	high, year and sibling months	out_of_window	medium	PROMISING	a competitor holds position 1 on calendrier septembre 2026 at 59000 with zero page refdomains	DEMAND_MODERATE	14/324	2027
C006103	/pt/calendar/2028/julho/	tools	calendar.month	month-calendar	2028-july	julho 2028					pt	pt-BR	calendario julho 2028						no										none		computed	yes	computed, no external source	no licence needed	high	medium, grid plus holidays plus week numbers for that month	SCALE_WITH_GATES	low	high, year and sibling months	out_of_window	medium	PROMISING	a competitor holds position 1 on calendrier septembre 2026 at 59000 with zero page refdomains	DEMAND_MODERATE	14/324	2027
C006104	/pt/calendar/2028/agosto/	tools	calendar.month	month-calendar	2028-august	agosto 2028					pt	pt-BR	calendario agosto 2028						no										none		computed	yes	computed, no external source	no licence needed	high	medium, grid plus holidays plus week numbers for that month	SCALE_WITH_GATES	low	high, year and sibling months	out_of_window	medium	PROMISING	a competitor holds position 1 on calendrier septembre 2026 at 59000 with zero page refdomains	DEMAND_MODERATE	14/324	2027
C006105	/pt/calendar/2028/setembro/	tools	calendar.month	month-calendar	2028-september	setembro 2028					pt	pt-BR	calendario setembro 2028						no										none		computed	yes	computed, no external source	no licence needed	high	medium, grid plus holidays plus week numbers for that month	SCALE_WITH_GATES	low	high, year and sibling months	out_of_window	medium	PROMISING	a competitor holds position 1 on calendrier septembre 2026 at 59000 with zero page refdomains	DEMAND_MODERATE	14/324	2027
C006106	/pt/calendar/2028/outubro/	tools	calendar.month	month-calendar	2028-october	outubro 2028					pt	pt-BR	calendario outubro 2028						no										none		computed	yes	computed, no external source	no licence needed	high	medium, grid plus holidays plus week numbers for that month	SCALE_WITH_GATES	low	high, year and sibling months	out_of_window	medium	PROMISING	a competitor holds position 1 on calendrier septembre 2026 at 59000 with zero page refdomains	DEMAND_MODERATE	14/324	2027
C006107	/pt/calendar/2028/novembro/	tools	calendar.month	month-calendar	2028-november	novembro 2028					pt	pt-BR	calendario novembro 2028						no										none		computed	yes	computed, no external source	no licence needed	high	medium, grid plus holidays plus week numbers for that month	SCALE_WITH_GATES	low	high, year and sibling months	out_of_window	medium	PROMISING	a competitor holds position 1 on calendrier septembre 2026 at 59000 with zero page refdomains	DEMAND_MODERATE	14/324	2027
C006108	/pt/calendar/2028/dezembro/	tools	calendar.month	month-calendar	2028-december	dezembro 2028					pt	pt-BR	calendario dezembro 2028						no										none		computed	yes	computed, no external source	no licence needed	high	medium, grid plus holidays plus week numbers for that month	SCALE_WITH_GATES	low	high, year and sibling months	out_of_window	medium	PROMISING	a competitor holds position 1 on calendrier septembre 2026 at 59000 with zero page refdomains	DEMAND_MODERATE	14/324	2027
C006109	/pt/calendar/2029/	tools	calendar.year	year-calendar	2029	2029					pt	pt-BR	calendario 2029						no										none		computed	yes	computed, no external source	no licence needed	high	medium, the grid plus that market's holidays	SCALE_WITH_GATES	low	high	out_of_window	high	PROMISING	SERP validated for de: kalender 2027 at 70657 and KD 2 has a DR 10 page at position 3. Rejected for pl, where a SERP page carries 55463 backlinks.	DEMAND_VERY_HIGH	20/45	627451
C006110	/pt/calendar/2030/	tools	calendar.year	year-calendar	2030	2030					pt	pt-BR	calendario 2030						no										none		computed	yes	computed, no external source	no licence needed	high	medium, the grid plus that market's holidays	SCALE_WITH_GATES	low	high	out_of_window	high	PROMISING	SERP validated for de: kalender 2027 at 70657 and KD 2 has a DR 10 page at position 3. Rejected for pl, where a SERP page carries 55463 backlinks.	DEMAND_VERY_HIGH	20/45	627451
C010017	/de/rechner/salary-calculator/	tools	tools.calculator	interactive-calculator	salary-calculator	salary after tax and gross to net					de	de-DE	gehaltsrechner						no										none		computed	yes	computed from held sources	no additional licence needed	high	high, a function rather than a table	SAFE_TO_SCALE	high	high, tools are natural hubs	out_of_window	high	PROMISING		DEMAND_VERY_HIGH	5/126	143332
C010018	/en/tools/salary-calculator/	tools	tools.calculator	interactive-calculator	salary-calculator	salary after tax and gross to net					en	en-US	salary calculator		143332	69		40	yes	keywords-explorer-overview 2026-09-29									none		computed	yes	computed from held sources	no additional licence needed	high	high, a function rather than a table	SAFE_TO_SCALE	high	high, tools are natural hubs	out_of_window	high	VALIDATED	Global volume 582000. Global volume 582000.	DEMAND_VERY_HIGH	5/126	143332
C010019	/es/herramientas/salary-calculator/	tools	tools.calculator	interactive-calculator	salary-calculator	salary after tax and gross to net					es	es-ES	calculadora de salario						no										none		computed	yes	computed from held sources	no additional licence needed	high	high, a function rather than a table	SAFE_TO_SCALE	high	high, tools are natural hubs	out_of_window	high	PROMISING		DEMAND_VERY_HIGH	5/126	143332
C010020	/fr/outils/salary-calculator/	tools	tools.calculator	interactive-calculator	salary-calculator	salary after tax and gross to net					fr	fr-FR	calcul salaire net						no										none		computed	yes	computed from held sources	no additional licence needed	high	high, a function rather than a table	SAFE_TO_SCALE	high	high, tools are natural hubs	out_of_window	high	PROMISING		DEMAND_VERY_HIGH	5/126	143332
C010021	/it/strumenti/salary-calculator/	tools	tools.calculator	interactive-calculator	salary-calculator	salary after tax and gross to net					it	it-IT	calcolo stipendio netto						no										none		computed	yes	computed from held sources	no additional licence needed	high	high, a function rather than a table	SAFE_TO_SCALE	high	high, tools are natural hubs	out_of_window	high	PROMISING		DEMAND_VERY_HIGH	5/126	143332
C010022	/ja/tool/salary-calculator/	tools	tools.calculator	interactive-calculator	salary-calculator	salary after tax and gross to net					ja	ja-JP	年収 計算						no										none		computed	yes	computed from held sources	no additional licence needed	high	high, a function rather than a table	SAFE_TO_SCALE	high	high, tools are natural hubs	out_of_window	high	PROMISING		DEMAND_VERY_HIGH	5/126	143332
C010023	/nl/tools/salary-calculator/	tools	tools.calculator	interactive-calculator	salary-calculator	salary after tax and gross to net					nl	nl-NL	brutonetto calculator						no										none		computed	yes	computed from held sources	no additional licence needed	high	high, a function rather than a table	SAFE_TO_SCALE	high	high, tools are natural hubs	out_of_window	high	PROMISING		DEMAND_VERY_HIGH	5/126	143332
C010024	/pl/kalkulatory/salary-calculator/	tools	tools.calculator	interactive-calculator	salary-calculator	salary after tax and gross to net					pl	pl-PL	kalkulator wynagrodzeń						no										none		computed	yes	computed from held sources	no additional licence needed	high	high, a function rather than a table	SAFE_TO_SCALE	high	high, tools are natural hubs	out_of_window	high	PROMISING		DEMAND_VERY_HIGH	5/126	143332
C010025	/pt/ferramentas/salary-calculator/	tools	tools.calculator	interactive-calculator	salary-calculator	salary after tax and gross to net					pt	pt-BR	calculadora de salário						no										none		computed	yes	computed from held sources	no additional licence needed	high	high, a function rather than a table	SAFE_TO_SCALE	high	high, tools are natural hubs	out_of_window	high	PROMISING		DEMAND_VERY_HIGH	5/126	143332
C010026	/de/rechner/rent-affordability/	tools	tools.calculator	interactive-calculator	rent-affordability	how much rent you can afford					de	de-DE	mietrechner						no										none		computed	yes	computed from held sources	no additional licence needed	high	high, a function rather than a table	SAFE_TO_SCALE	high	high, tools are natural hubs	out_of_window	high	PROMISING		DEMAND_VERY_HIGH	5/126	143332
C010027	/en/tools/rent-affordability/	tools	tools.calculator	interactive-calculator	rent-affordability	how much rent you can afford					en	en-US	rent affordability calculator		3055	0		30	yes	keywords-explorer-overview 2026-09-29									none		computed	yes	computed from held sources	no additional licence needed	high	high, a function rather than a table	SAFE_TO_SCALE	high	high, tools are natural hubs	out_of_window	high	VALIDATED	Global volume 6100. Global volume 6100.	DEMAND_VERY_HIGH	5/126	143332
C010028	/es/herramientas/rent-affordability/	tools	tools.calculator	interactive-calculator	rent-affordability	how much rent you can afford					es	es-ES	calculadora de alquiler						no										none		computed	yes	computed from held sources	no additional licence needed	high	high, a function rather than a table	SAFE_TO_SCALE	high	high, tools are natural hubs	out_of_window	high	PROMISING		DEMAND_VERY_HIGH	5/126	143332
C010029	/fr/outils/rent-affordability/	tools	tools.calculator	interactive-calculator	rent-affordability	how much rent you can afford					fr	fr-FR	calcul loyer maximum						no										none		computed	yes	computed from held sources	no additional licence needed	high	high, a function rather than a table	SAFE_TO_SCALE	high	high, tools are natural hubs	out_of_window	high	PROMISING		DEMAND_VERY_HIGH	5/126	143332
C010030	/it/strumenti/rent-affordability/	tools	tools.calculator	interactive-calculator	rent-affordability	how much rent you can afford					it	it-IT	calcolo affitto						no										none		computed	yes	computed from held sources	no additional licence needed	high	high, a function rather than a table	SAFE_TO_SCALE	high	high, tools are natural hubs	out_of_window	high	PROMISING		DEMAND_VERY_HIGH	5/126	143332
C010031	/ja/tool/rent-affordability/	tools	tools.calculator	interactive-calculator	rent-affordability	how much rent you can afford					ja	ja-JP							no										none		computed	yes	computed from held sources	no additional licence needed	high	high, a function rather than a table	SAFE_TO_SCALE	high	high, tools are natural hubs	out_of_window	high	PROMISING		DEMAND_VERY_HIGH	5/126	143332
C010032	/nl/tools/rent-affordability/	tools	tools.calculator	interactive-calculator	rent-affordability	how much rent you can afford					nl	nl-NL	huur berekenen						no										none		computed	yes	computed from held sources	no additional licence needed	high	high, a function rather than a table	SAFE_TO_SCALE	high	high, tools are natural hubs	out_of_window	high	PROMISING		DEMAND_VERY_HIGH	5/126	143332
C010033	/pl/kalkulatory/rent-affordability/	tools	tools.calculator	interactive-calculator	rent-affordability	how much rent you can afford					pl	pl-PL	kalkulator czynszu						no										none		computed	yes	computed from held sources	no additional licence needed	high	high, a function rather than a table	SAFE_TO_SCALE	high	high, tools are natural hubs	out_of_window	high	PROMISING		DEMAND_VERY_HIGH	5/126	143332
C010034	/pt/ferramentas/rent-affordability/	tools	tools.calculator	interactive-calculator	rent-affordability	how much rent you can afford					pt	pt-BR	calculadora de renda						no										none		computed	yes	computed from held sources	no additional licence needed	high	high, a function rather than a table	SAFE_TO_SCALE	high	high, tools are natural hubs	out_of_window	high	PROMISING		DEMAND_VERY_HIGH	5/126	143332
C010035	/de/rechner/cost-of-living-comparison/	tools	tools.calculator	interactive-calculator	cost-of-living-comparison	compare two places					de	de-DE	lebenshaltungskosten vergleich						no										none		computed	yes	computed from held sources	no additional licence needed	high	high, a function rather than a table	SAFE_TO_SCALE	medium	high, tools are natural hubs	out_of_window	high	PROMISING		DEMAND_VERY_HIGH	5/126	143332
C010036	/en/tools/cost-of-living-comparison/	tools	tools.calculator	interactive-calculator	cost-of-living-comparison	compare two places					en	en-US	cost of living comparison						no										none		computed	yes	computed from held sources	no additional licence needed	high	high, a function rather than a table	SAFE_TO_SCALE	medium	high, tools are natural hubs	out_of_window	high	PROMISING		DEMAND_VERY_HIGH	5/126	143332
C010037	/es/herramientas/cost-of-living-comparison/	tools	tools.calculator	interactive-calculator	cost-of-living-comparison	compare two places					es	es-ES	comparar coste de vida						no										none		computed	yes	computed from held sources	no additional licence needed	high	high, a function rather than a table	SAFE_TO_SCALE	medium	high, tools are natural hubs	out_of_window	high	PROMISING		DEMAND_VERY_HIGH	5/126	143332
C010038	/fr/outils/cost-of-living-comparison/	tools	tools.calculator	interactive-calculator	cost-of-living-comparison	compare two places					fr	fr-FR	comparateur cout de la vie						no										none		computed	yes	computed from held sources	no additional licence needed	high	high, a function rather than a table	SAFE_TO_SCALE	medium	high, tools are natural hubs	out_of_window	high	PROMISING		DEMAND_VERY_HIGH	5/126	143332
C010039	/it/strumenti/cost-of-living-comparison/	tools	tools.calculator	interactive-calculator	cost-of-living-comparison	compare two places					it	it-IT	confronto costo della vita						no										none		computed	yes	computed from held sources	no additional licence needed	high	high, a function rather than a table	SAFE_TO_SCALE	medium	high, tools are natural hubs	out_of_window	high	PROMISING		DEMAND_VERY_HIGH	5/126	143332
C010040	/ja/tool/cost-of-living-comparison/	tools	tools.calculator	interactive-calculator	cost-of-living-comparison	compare two places					ja	ja-JP							no										none		computed	yes	computed from held sources	no additional licence needed	high	high, a function rather than a table	SAFE_TO_SCALE	medium	high, tools are natural hubs	out_of_window	high	PROMISING		DEMAND_VERY_HIGH	5/126	143332
C010041	/nl/tools/cost-of-living-comparison/	tools	tools.calculator	interactive-calculator	cost-of-living-comparison	compare two places					nl	nl-NL	kosten van levensonderhoud vergelijken						no										none		computed	yes	computed from held sources	no additional licence needed	high	high, a function rather than a table	SAFE_TO_SCALE	medium	high, tools are natural hubs	out_of_window	high	PROMISING		DEMAND_VERY_HIGH	5/126	143332
C010042	/pl/kalkulatory/cost-of-living-comparison/	tools	tools.calculator	interactive-calculator	cost-of-living-comparison	compare two places					pl	pl-PL	porównanie kosztów życia						no										none		computed	yes	computed from held sources	no additional licence needed	high	high, a function rather than a table	SAFE_TO_SCALE	medium	high, tools are natural hubs	out_of_window	high	PROMISING		DEMAND_VERY_HIGH	5/126	143332
C010043	/pt/ferramentas/cost-of-living-comparison/	tools	tools.calculator	interactive-calculator	cost-of-living-comparison	compare two places					pt	pt-BR	comparar custo de vida						no										none		computed	yes	computed from held sources	no additional licence needed	high	high, a function rather than a table	SAFE_TO_SCALE	medium	high, tools are natural hubs	out_of_window	high	PROMISING		DEMAND_VERY_HIGH	5/126	143332
C010044	/de/rechner/moving-cost/	tools	tools.calculator	interactive-calculator	moving-cost	what a move costs					de	de-DE	umzugskosten rechner						no										none		computed	yes	computed from held sources	no additional licence needed	high	high, a function rather than a table	SAFE_TO_SCALE	high	high, tools are natural hubs	out_of_window	high	PROMISING		DEMAND_VERY_HIGH	5/126	143332
C010045	/en/tools/moving-cost/	tools	tools.calculator	interactive-calculator	moving-cost	what a move costs					en	en-US	moving cost calculator		2408	41		500	yes	keywords-explorer-overview 2026-09-29									none		computed	yes	computed from held sources	no additional licence needed	high	high, a function rather than a table	SAFE_TO_SCALE	high	high, tools are natural hubs	out_of_window	high	VALIDATED	Global volume 3400. Global volume 3400.	DEMAND_VERY_HIGH	5/126	143332
C010046	/es/herramientas/moving-cost/	tools	tools.calculator	interactive-calculator	moving-cost	what a move costs					es	es-ES	calculadora de mudanza						no										none		computed	yes	computed from held sources	no additional licence needed	high	high, a function rather than a table	SAFE_TO_SCALE	high	high, tools are natural hubs	out_of_window	high	PROMISING		DEMAND_VERY_HIGH	5/126	143332
C010047	/fr/outils/moving-cost/	tools	tools.calculator	interactive-calculator	moving-cost	what a move costs					fr	fr-FR	calcul cout demenagement						no										none		computed	yes	computed from held sources	no additional licence needed	high	high, a function rather than a table	SAFE_TO_SCALE	high	high, tools are natural hubs	out_of_window	high	PROMISING		DEMAND_VERY_HIGH	5/126	143332
C010048	/it/strumenti/moving-cost/	tools	tools.calculator	interactive-calculator	moving-cost	what a move costs					it	it-IT	calcolo costi trasloco						no										none		computed	yes	computed from held sources	no additional licence needed	high	high, a function rather than a table	SAFE_TO_SCALE	high	high, tools are natural hubs	out_of_window	high	PROMISING		DEMAND_VERY_HIGH	5/126	143332
C010049	/ja/tool/moving-cost/	tools	tools.calculator	interactive-calculator	moving-cost	what a move costs					ja	ja-JP							no										none		computed	yes	computed from held sources	no additional licence needed	high	high, a function rather than a table	SAFE_TO_SCALE	high	high, tools are natural hubs	out_of_window	high	PROMISING		DEMAND_VERY_HIGH	5/126	143332
C010050	/nl/tools/moving-cost/	tools	tools.calculator	interactive-calculator	moving-cost	what a move costs					nl	nl-NL	verhuiskosten berekenen						no										none		computed	yes	computed from held sources	no additional licence needed	high	high, a function rather than a table	SAFE_TO_SCALE	high	high, tools are natural hubs	out_of_window	high	PROMISING		DEMAND_VERY_HIGH	5/126	143332
C010051	/pl/kalkulatory/moving-cost/	tools	tools.calculator	interactive-calculator	moving-cost	what a move costs					pl	pl-PL	kalkulator przeprowadzki						no										none		computed	yes	computed from held sources	no additional licence needed	high	high, a function rather than a table	SAFE_TO_SCALE	high	high, tools are natural hubs	out_of_window	high	PROMISING		DEMAND_VERY_HIGH	5/126	143332
C010052	/pt/ferramentas/moving-cost/	tools	tools.calculator	interactive-calculator	moving-cost	what a move costs					pt	pt-BR	calculadora de mudança						no										none		computed	yes	computed from held sources	no additional licence needed	high	high, a function rather than a table	SAFE_TO_SCALE	high	high, tools are natural hubs	out_of_window	high	PROMISING		DEMAND_VERY_HIGH	5/126	143332
C010053	/de/rechner/travel-budget/	tools	tools.calculator	interactive-calculator	travel-budget	trip budget					de	de-DE	reisekosten rechner						no										none		computed	yes	computed from held sources	no additional licence needed	high	high, a function rather than a table	SAFE_TO_SCALE	medium	high, tools are natural hubs	out_of_window	high	PROMISING		DEMAND_VERY_HIGH	5/126	143332
C010054	/en/tools/travel-budget/	tools	tools.calculator	interactive-calculator	travel-budget	trip budget					en	en-US	travel budget calculator		143	9		70	yes	keywords-explorer-overview 2026-09-29									none		computed	yes	computed from held sources	no additional licence needed	high	high, a function rather than a table	SAFE_TO_SCALE	medium	high, tools are natural hubs	out_of_window	high	VALIDATED	Global volume 600. Global volume 600.	DEMAND_VERY_HIGH	5/126	143332
C010055	/es/herramientas/travel-budget/	tools	tools.calculator	interactive-calculator	travel-budget	trip budget					es	es-ES	presupuesto de viaje						no										none		computed	yes	computed from held sources	no additional licence needed	high	high, a function rather than a table	SAFE_TO_SCALE	medium	high, tools are natural hubs	out_of_window	high	PROMISING		DEMAND_VERY_HIGH	5/126	143332
C010056	/fr/outils/travel-budget/	tools	tools.calculator	interactive-calculator	travel-budget	trip budget					fr	fr-FR	budget voyage						no										none		computed	yes	computed from held sources	no additional licence needed	high	high, a function rather than a table	SAFE_TO_SCALE	medium	high, tools are natural hubs	out_of_window	high	PROMISING		DEMAND_VERY_HIGH	5/126	143332
C010057	/it/strumenti/travel-budget/	tools	tools.calculator	interactive-calculator	travel-budget	trip budget					it	it-IT	budget viaggio						no										none		computed	yes	computed from held sources	no additional licence needed	high	high, a function rather than a table	SAFE_TO_SCALE	medium	high, tools are natural hubs	out_of_window	high	PROMISING		DEMAND_VERY_HIGH	5/126	143332
C010058	/ja/tool/travel-budget/	tools	tools.calculator	interactive-calculator	travel-budget	trip budget					ja	ja-JP							no										none		computed	yes	computed from held sources	no additional licence needed	high	high, a function rather than a table	SAFE_TO_SCALE	medium	high, tools are natural hubs	out_of_window	high	PROMISING		DEMAND_VERY_HIGH	5/126	143332
C010059	/nl/tools/travel-budget/	tools	tools.calculator	interactive-calculator	travel-budget	trip budget					nl	nl-NL	reisbudget berekenen						no										none		computed	yes	computed from held sources	no additional licence needed	high	high, a function rather than a table	SAFE_TO_SCALE	medium	high, tools are natural hubs	out_of_window	high	PROMISING		DEMAND_VERY_HIGH	5/126	143332
C010060	/pl/kalkulatory/travel-budget/	tools	tools.calculator	interactive-calculator	travel-budget	trip budget					pl	pl-PL	budżet podróży						no										none		computed	yes	computed from held sources	no additional licence needed	high	high, a function rather than a table	SAFE_TO_SCALE	medium	high, tools are natural hubs	out_of_window	high	PROMISING		DEMAND_VERY_HIGH	5/126	143332
C010061	/pt/ferramentas/travel-budget/	tools	tools.calculator	interactive-calculator	travel-budget	trip budget					pt	pt-BR	orçamento de viagem						no										none		computed	yes	computed from held sources	no additional licence needed	high	high, a function rather than a table	SAFE_TO_SCALE	medium	high, tools are natural hubs	out_of_window	high	PROMISING		DEMAND_VERY_HIGH	5/126	143332
C010062	/de/rechner/city-comparison/	tools	tools.calculator	interactive-calculator	city-comparison	compare two cities					de	de-DE	städtevergleich						no										none		computed	yes	computed from held sources	no additional licence needed	high	high, a function rather than a table	SAFE_TO_SCALE	medium	high, tools are natural hubs	out_of_window	high	PROMISING		DEMAND_VERY_HIGH	5/126	143332
C010063	/en/tools/city-comparison/	tools	tools.calculator	interactive-calculator	city-comparison	compare two cities					en	en-US	city comparison						no										none		computed	yes	computed from held sources	no additional licence needed	high	high, a function rather than a table	SAFE_TO_SCALE	medium	high, tools are natural hubs	out_of_window	high	PROMISING		DEMAND_VERY_HIGH	5/126	143332
C010064	/es/herramientas/city-comparison/	tools	tools.calculator	interactive-calculator	city-comparison	compare two cities					es	es-ES	comparar ciudades						no										none		computed	yes	computed from held sources	no additional licence needed	high	high, a function rather than a table	SAFE_TO_SCALE	medium	high, tools are natural hubs	out_of_window	high	PROMISING		DEMAND_VERY_HIGH	5/126	143332
C010065	/fr/outils/city-comparison/	tools	tools.calculator	interactive-calculator	city-comparison	compare two cities					fr	fr-FR	comparateur de villes						no										none		computed	yes	computed from held sources	no additional licence needed	high	high, a function rather than a table	SAFE_TO_SCALE	medium	high, tools are natural hubs	out_of_window	high	PROMISING		DEMAND_VERY_HIGH	5/126	143332
C010066	/it/strumenti/city-comparison/	tools	tools.calculator	interactive-calculator	city-comparison	compare two cities					it	it-IT	confronto città						no										none		computed	yes	computed from held sources	no additional licence needed	high	high, a function rather than a table	SAFE_TO_SCALE	medium	high, tools are natural hubs	out_of_window	high	PROMISING		DEMAND_VERY_HIGH	5/126	143332
C010067	/ja/tool/city-comparison/	tools	tools.calculator	interactive-calculator	city-comparison	compare two cities					ja	ja-JP							no										none		computed	yes	computed from held sources	no additional licence needed	high	high, a function rather than a table	SAFE_TO_SCALE	medium	high, tools are natural hubs	out_of_window	high	PROMISING		DEMAND_VERY_HIGH	5/126	143332
C010068	/nl/tools/city-comparison/	tools	tools.calculator	interactive-calculator	city-comparison	compare two cities					nl	nl-NL	steden vergelijken						no										none		computed	yes	computed from held sources	no additional licence needed	high	high, a function rather than a table	SAFE_TO_SCALE	medium	high, tools are natural hubs	out_of_window	high	PROMISING		DEMAND_VERY_HIGH	5/126	143332
C010069	/pl/kalkulatory/city-comparison/	tools	tools.calculator	interactive-calculator	city-comparison	compare two cities					pl	pl-PL	porównanie miast						no										none		computed	yes	computed from held sources	no additional licence needed	high	high, a function rather than a table	SAFE_TO_SCALE	medium	high, tools are natural hubs	out_of_window	high	PROMISING		DEMAND_VERY_HIGH	5/126	143332
C010070	/pt/ferramentas/city-comparison/	tools	tools.calculator	interactive-calculator	city-comparison	compare two cities					pt	pt-BR	comparar cidades						no										none		computed	yes	computed from held sources	no additional licence needed	high	high, a function rather than a table	SAFE_TO_SCALE	medium	high, tools are natural hubs	out_of_window	high	PROMISING		DEMAND_VERY_HIGH	5/126	143332
C010071	/de/rechner/relocation-calculator/	tools	tools.calculator	interactive-calculator	relocation-calculator	relocation total cost					de	de-DE	umzug kosten berechnen						no										none		computed	yes	computed from held sources	no additional licence needed	high	high, a function rather than a table	SAFE_TO_SCALE	high	high, tools are natural hubs	out_of_window	high	PROMISING		DEMAND_VERY_HIGH	5/126	143332
C010072	/en/tools/relocation-calculator/	tools	tools.calculator	interactive-calculator	relocation-calculator	relocation total cost					en	en-US	relocation cost calculator						no										none		computed	yes	computed from held sources	no additional licence needed	high	high, a function rather than a table	SAFE_TO_SCALE	high	high, tools are natural hubs	out_of_window	high	PROMISING		DEMAND_VERY_HIGH	5/126	143332
C010073	/es/herramientas/relocation-calculator/	tools	tools.calculator	interactive-calculator	relocation-calculator	relocation total cost					es	es-ES	coste de mudarse						no										none		computed	yes	computed from held sources	no additional licence needed	high	high, a function rather than a table	SAFE_TO_SCALE	high	high, tools are natural hubs	out_of_window	high	PROMISING		DEMAND_VERY_HIGH	5/126	143332
C010074	/fr/outils/relocation-calculator/	tools	tools.calculator	interactive-calculator	relocation-calculator	relocation total cost					fr	fr-FR	cout expatriation						no										none		computed	yes	computed from held sources	no additional licence needed	high	high, a function rather than a table	SAFE_TO_SCALE	high	high, tools are natural hubs	out_of_window	high	PROMISING		DEMAND_VERY_HIGH	5/126	143332
C010075	/it/strumenti/relocation-calculator/	tools	tools.calculator	interactive-calculator	relocation-calculator	relocation total cost					it	it-IT	costo trasferimento						no										none		computed	yes	computed from held sources	no additional licence needed	high	high, a function rather than a table	SAFE_TO_SCALE	high	high, tools are natural hubs	out_of_window	high	PROMISING		DEMAND_VERY_HIGH	5/126	143332
C010076	/ja/tool/relocation-calculator/	tools	tools.calculator	interactive-calculator	relocation-calculator	relocation total cost					ja	ja-JP							no										none		computed	yes	computed from held sources	no additional licence needed	high	high, a function rather than a table	SAFE_TO_SCALE	high	high, tools are natural hubs	out_of_window	high	PROMISING		DEMAND_VERY_HIGH	5/126	143332
C010077	/nl/tools/relocation-calculator/	tools	tools.calculator	interactive-calculator	relocation-calculator	relocation total cost					nl	nl-NL	kosten verhuizen buitenland						no										none		computed	yes	computed from held sources	no additional licence needed	high	high, a function rather than a table	SAFE_TO_SCALE	high	high, tools are natural hubs	out_of_window	high	PROMISING		DEMAND_VERY_HIGH	5/126	143332
C010078	/pl/kalkulatory/relocation-calculator/	tools	tools.calculator	interactive-calculator	relocation-calculator	relocation total cost					pl	pl-PL	koszt przeprowadzki						no										none		computed	yes	computed from held sources	no additional licence needed	high	high, a function rather than a table	SAFE_TO_SCALE	high	high, tools are natural hubs	out_of_window	high	PROMISING		DEMAND_VERY_HIGH	5/126	143332
C010079	/pt/ferramentas/relocation-calculator/	tools	tools.calculator	interactive-calculator	relocation-calculator	relocation total cost					pt	pt-BR	custo de mudança						no										none		computed	yes	computed from held sources	no additional licence needed	high	high, a function rather than a table	SAFE_TO_SCALE	high	high, tools are natural hubs	out_of_window	high	PROMISING		DEMAND_VERY_HIGH	5/126	143332
C010080	/de/rechner/tax-calculator/	tools	tools.calculator	interactive-calculator	tax-calculator	income tax estimate					de	de-DE	steuerrechner						no										none		computed	partial	computed from held sources	tax-rules-verified licence to be established	medium	high, a function rather than a table	SAFE_TO_SCALE	high	high, tools are natural hubs	out_of_window	medium	NEEDS_DATA		DEMAND_VERY_HIGH	5/126	143332
C010081	/en/tools/tax-calculator/	tools	tools.calculator	interactive-calculator	tax-calculator	income tax estimate					en	en-US	income tax calculator						no										none		computed	partial	computed from held sources	tax-rules-verified licence to be established	medium	high, a function rather than a table	SAFE_TO_SCALE	high	high, tools are natural hubs	out_of_window	medium	NEEDS_DATA		DEMAND_VERY_HIGH	5/126	143332
C010082	/es/herramientas/tax-calculator/	tools	tools.calculator	interactive-calculator	tax-calculator	income tax estimate					es	es-ES	calculadora de impuestos						no										none		computed	partial	computed from held sources	tax-rules-verified licence to be established	medium	high, a function rather than a table	SAFE_TO_SCALE	high	high, tools are natural hubs	out_of_window	medium	NEEDS_DATA		DEMAND_VERY_HIGH	5/126	143332
C010083	/fr/outils/tax-calculator/	tools	tools.calculator	interactive-calculator	tax-calculator	income tax estimate					fr	fr-FR	calcul impot revenu						no										none		computed	partial	computed from held sources	tax-rules-verified licence to be established	medium	high, a function rather than a table	SAFE_TO_SCALE	high	high, tools are natural hubs	out_of_window	medium	NEEDS_DATA		DEMAND_VERY_HIGH	5/126	143332
C010084	/it/strumenti/tax-calculator/	tools	tools.calculator	interactive-calculator	tax-calculator	income tax estimate					it	it-IT	calcolo tasse						no										none		computed	partial	computed from held sources	tax-rules-verified licence to be established	medium	high, a function rather than a table	SAFE_TO_SCALE	high	high, tools are natural hubs	out_of_window	medium	NEEDS_DATA		DEMAND_VERY_HIGH	5/126	143332
C010085	/ja/tool/tax-calculator/	tools	tools.calculator	interactive-calculator	tax-calculator	income tax estimate					ja	ja-JP	所得税 計算						no										none		computed	partial	computed from held sources	tax-rules-verified licence to be established	medium	high, a function rather than a table	SAFE_TO_SCALE	high	high, tools are natural hubs	out_of_window	medium	NEEDS_DATA		DEMAND_VERY_HIGH	5/126	143332
C010086	/nl/tools/tax-calculator/	tools	tools.calculator	interactive-calculator	tax-calculator	income tax estimate					nl	nl-NL	belasting berekenen						no										none		computed	partial	computed from held sources	tax-rules-verified licence to be established	medium	high, a function rather than a table	SAFE_TO_SCALE	high	high, tools are natural hubs	out_of_window	medium	NEEDS_DATA		DEMAND_VERY_HIGH	5/126	143332
C010087	/pl/kalkulatory/tax-calculator/	tools	tools.calculator	interactive-calculator	tax-calculator	income tax estimate					pl	pl-PL	kalkulator podatkowy						no										none		computed	partial	computed from held sources	tax-rules-verified licence to be established	medium	high, a function rather than a table	SAFE_TO_SCALE	high	high, tools are natural hubs	out_of_window	medium	NEEDS_DATA		DEMAND_VERY_HIGH	5/126	143332
C010088	/pt/ferramentas/tax-calculator/	tools	tools.calculator	interactive-calculator	tax-calculator	income tax estimate					pt	pt-BR	calculadora de impostos						no										none		computed	partial	computed from held sources	tax-rules-verified licence to be established	medium	high, a function rather than a table	SAFE_TO_SCALE	high	high, tools are natural hubs	out_of_window	medium	NEEDS_DATA		DEMAND_VERY_HIGH	5/126	143332
C010089	/de/rechner/working-time-calculator/	tools	tools.calculator	interactive-calculator	working-time-calculator	working days and hours					de	de-DE	arbeitstage berechnen						no										none		computed	yes	computed from held sources	no additional licence needed	high	high, a function rather than a table	SAFE_TO_SCALE	medium	high, tools are natural hubs	out_of_window	high	PROMISING		DEMAND_VERY_HIGH	5/126	143332
C010090	/en/tools/working-time-calculator/	tools	tools.calculator	interactive-calculator	working-time-calculator	working days and hours					en	en-US	working days calculator						no										none		computed	yes	computed from held sources	no additional licence needed	high	high, a function rather than a table	SAFE_TO_SCALE	medium	high, tools are natural hubs	out_of_window	high	PROMISING		DEMAND_VERY_HIGH	5/126	143332
C010091	/es/herramientas/working-time-calculator/	tools	tools.calculator	interactive-calculator	working-time-calculator	working days and hours					es	es-ES	calcular dias laborables						no										none		computed	yes	computed from held sources	no additional licence needed	high	high, a function rather than a table	SAFE_TO_SCALE	medium	high, tools are natural hubs	out_of_window	high	PROMISING		DEMAND_VERY_HIGH	5/126	143332
C010092	/fr/outils/working-time-calculator/	tools	tools.calculator	interactive-calculator	working-time-calculator	working days and hours					fr	fr-FR	calcul jours ouvres						no										none		computed	yes	computed from held sources	no additional licence needed	high	high, a function rather than a table	SAFE_TO_SCALE	medium	high, tools are natural hubs	out_of_window	high	PROMISING		DEMAND_VERY_HIGH	5/126	143332
C010093	/it/strumenti/working-time-calculator/	tools	tools.calculator	interactive-calculator	working-time-calculator	working days and hours					it	it-IT	calcolo giorni lavorativi						no										none		computed	yes	computed from held sources	no additional licence needed	high	high, a function rather than a table	SAFE_TO_SCALE	medium	high, tools are natural hubs	out_of_window	high	PROMISING		DEMAND_VERY_HIGH	5/126	143332
C010094	/ja/tool/working-time-calculator/	tools	tools.calculator	interactive-calculator	working-time-calculator	working days and hours					ja	ja-JP							no										none		computed	yes	computed from held sources	no additional licence needed	high	high, a function rather than a table	SAFE_TO_SCALE	medium	high, tools are natural hubs	out_of_window	high	PROMISING		DEMAND_VERY_HIGH	5/126	143332
C010095	/nl/tools/working-time-calculator/	tools	tools.calculator	interactive-calculator	working-time-calculator	working days and hours					nl	nl-NL	werkdagen berekenen						no										none		computed	yes	computed from held sources	no additional licence needed	high	high, a function rather than a table	SAFE_TO_SCALE	medium	high, tools are natural hubs	out_of_window	high	PROMISING		DEMAND_VERY_HIGH	5/126	143332
C010096	/pl/kalkulatory/working-time-calculator/	tools	tools.calculator	interactive-calculator	working-time-calculator	working days and hours					pl	pl-PL	kalkulator dni roboczych						no										none		computed	yes	computed from held sources	no additional licence needed	high	high, a function rather than a table	SAFE_TO_SCALE	medium	high, tools are natural hubs	out_of_window	high	PROMISING		DEMAND_VERY_HIGH	5/126	143332
C010097	/pt/ferramentas/working-time-calculator/	tools	tools.calculator	interactive-calculator	working-time-calculator	working days and hours					pt	pt-BR	calcular dias uteis						no										none		computed	yes	computed from held sources	no additional licence needed	high	high, a function rather than a table	SAFE_TO_SCALE	medium	high, tools are natural hubs	out_of_window	high	PROMISING		DEMAND_VERY_HIGH	5/126	143332
C010098	/de/rechner/bridge-day-planner/	tools	tools.calculator	interactive-calculator	bridge-day-planner	combine leave with holidays					de	de-DE	brückentage planen						no										none		computed	yes	computed from held sources	no additional licence needed	high	high, a function rather than a table	SAFE_TO_SCALE	medium	high, tools are natural hubs	out_of_window	high	PROMISING		DEMAND_VERY_HIGH	5/126	143332
C010099	/en/tools/bridge-day-planner/	tools	tools.calculator	interactive-calculator	bridge-day-planner	combine leave with holidays					en	en-US	long weekend planner						no										none		computed	yes	computed from held sources	no additional licence needed	high	high, a function rather than a table	SAFE_TO_SCALE	medium	high, tools are natural hubs	out_of_window	high	PROMISING		DEMAND_VERY_HIGH	5/126	143332
C010100	/es/herramientas/bridge-day-planner/	tools	tools.calculator	interactive-calculator	bridge-day-planner	combine leave with holidays					es	es-ES	planificar puentes						no										none		computed	yes	computed from held sources	no additional licence needed	high	high, a function rather than a table	SAFE_TO_SCALE	medium	high, tools are natural hubs	out_of_window	high	PROMISING		DEMAND_VERY_HIGH	5/126	143332
C010101	/fr/outils/bridge-day-planner/	tools	tools.calculator	interactive-calculator	bridge-day-planner	combine leave with holidays					fr	fr-FR	calendrier des ponts						no										none		computed	yes	computed from held sources	no additional licence needed	high	high, a function rather than a table	SAFE_TO_SCALE	medium	high, tools are natural hubs	out_of_window	high	PROMISING		DEMAND_VERY_HIGH	5/126	143332
C010102	/it/strumenti/bridge-day-planner/	tools	tools.calculator	interactive-calculator	bridge-day-planner	combine leave with holidays					it	it-IT	pianificare ponti						no										none		computed	yes	computed from held sources	no additional licence needed	high	high, a function rather than a table	SAFE_TO_SCALE	medium	high, tools are natural hubs	out_of_window	high	PROMISING		DEMAND_VERY_HIGH	5/126	143332
C010103	/ja/tool/bridge-day-planner/	tools	tools.calculator	interactive-calculator	bridge-day-planner	combine leave with holidays					ja	ja-JP							no										none		computed	yes	computed from held sources	no additional licence needed	high	high, a function rather than a table	SAFE_TO_SCALE	medium	high, tools are natural hubs	out_of_window	high	PROMISING		DEMAND_VERY_HIGH	5/126	143332
C010104	/nl/tools/bridge-day-planner/	tools	tools.calculator	interactive-calculator	bridge-day-planner	combine leave with holidays					nl	nl-NL	brugdagen plannen						no										none		computed	yes	computed from held sources	no additional licence needed	high	high, a function rather than a table	SAFE_TO_SCALE	medium	high, tools are natural hubs	out_of_window	high	PROMISING		DEMAND_VERY_HIGH	5/126	143332
C010105	/pl/kalkulatory/bridge-day-planner/	tools	tools.calculator	interactive-calculator	bridge-day-planner	combine leave with holidays					pl	pl-PL	planer długich weekendów						no										none		computed	yes	computed from held sources	no additional licence needed	high	high, a function rather than a table	SAFE_TO_SCALE	medium	high, tools are natural hubs	out_of_window	high	PROMISING		DEMAND_VERY_HIGH	5/126	143332
C010106	/pt/ferramentas/bridge-day-planner/	tools	tools.calculator	interactive-calculator	bridge-day-planner	combine leave with holidays					pt	pt-BR	planear feriados						no										none		computed	yes	computed from held sources	no additional licence needed	high	high, a function rather than a table	SAFE_TO_SCALE	medium	high, tools are natural hubs	out_of_window	high	PROMISING		DEMAND_VERY_HIGH	5/126	143332
C010107	/de/rechner/date-calculator/	tools	tools.calculator	interactive-calculator	date-calculator	days between dates					de	de-DE	tage berechnen						no										none		computed	yes	computed from held sources	no additional licence needed	high	high, a function rather than a table	SAFE_TO_SCALE	low	high, tools are natural hubs	out_of_window	high	PROMISING		DEMAND_VERY_HIGH	5/126	143332
C010108	/en/tools/date-calculator/	tools	tools.calculator	interactive-calculator	date-calculator	days between dates					en	en-US	days between dates						no										none		computed	yes	computed from held sources	no additional licence needed	high	high, a function rather than a table	SAFE_TO_SCALE	low	high, tools are natural hubs	out_of_window	high	PROMISING		DEMAND_VERY_HIGH	5/126	143332
C010109	/es/herramientas/date-calculator/	tools	tools.calculator	interactive-calculator	date-calculator	days between dates					es	es-ES	calcular dias entre fechas						no										none		computed	yes	computed from held sources	no additional licence needed	high	high, a function rather than a table	SAFE_TO_SCALE	low	high, tools are natural hubs	out_of_window	high	PROMISING		DEMAND_VERY_HIGH	5/126	143332
C010110	/fr/outils/date-calculator/	tools	tools.calculator	interactive-calculator	date-calculator	days between dates					fr	fr-FR	calcul jours entre deux dates						no										none		computed	yes	computed from held sources	no additional licence needed	high	high, a function rather than a table	SAFE_TO_SCALE	low	high, tools are natural hubs	out_of_window	high	PROMISING		DEMAND_VERY_HIGH	5/126	143332
C010111	/it/strumenti/date-calculator/	tools	tools.calculator	interactive-calculator	date-calculator	days between dates					it	it-IT	calcolo giorni tra date						no										none		computed	yes	computed from held sources	no additional licence needed	high	high, a function rather than a table	SAFE_TO_SCALE	low	high, tools are natural hubs	out_of_window	high	PROMISING		DEMAND_VERY_HIGH	5/126	143332
C010112	/ja/tool/date-calculator/	tools	tools.calculator	interactive-calculator	date-calculator	days between dates					ja	ja-JP							no										none		computed	yes	computed from held sources	no additional licence needed	high	high, a function rather than a table	SAFE_TO_SCALE	low	high, tools are natural hubs	out_of_window	high	PROMISING		DEMAND_VERY_HIGH	5/126	143332
C010113	/nl/tools/date-calculator/	tools	tools.calculator	interactive-calculator	date-calculator	days between dates					nl	nl-NL	dagen tussen datums						no										none		computed	yes	computed from held sources	no additional licence needed	high	high, a function rather than a table	SAFE_TO_SCALE	low	high, tools are natural hubs	out_of_window	high	PROMISING		DEMAND_VERY_HIGH	5/126	143332
C010114	/pl/kalkulatory/date-calculator/	tools	tools.calculator	interactive-calculator	date-calculator	days between dates					pl	pl-PL	kalkulator dat						no										none		computed	yes	computed from held sources	no additional licence needed	high	high, a function rather than a table	SAFE_TO_SCALE	low	high, tools are natural hubs	out_of_window	high	PROMISING		DEMAND_VERY_HIGH	5/126	143332
C010115	/pt/ferramentas/date-calculator/	tools	tools.calculator	interactive-calculator	date-calculator	days between dates					pt	pt-BR	calcular dias entre datas						no										none		computed	yes	computed from held sources	no additional licence needed	high	high, a function rather than a table	SAFE_TO_SCALE	low	high, tools are natural hubs	out_of_window	high	PROMISING		DEMAND_VERY_HIGH	5/126	143332
C010116	/de/rechner/week-number-calculator/	tools	tools.calculator	interactive-calculator	week-number-calculator	week number for a date					de	de-DE	welche kalenderwoche						no										none		computed	yes	computed from held sources	no additional licence needed	high	high, a function rather than a table	SAFE_TO_SCALE	low	high, tools are natural hubs	out_of_window	high	PROMISING		DEMAND_VERY_HIGH	5/126	143332
C010117	/en/tools/week-number-calculator/	tools	tools.calculator	interactive-calculator	week-number-calculator	week number for a date					en	en-US	what week is it						no										none		computed	yes	computed from held sources	no additional licence needed	high	high, a function rather than a table	SAFE_TO_SCALE	low	high, tools are natural hubs	out_of_window	high	PROMISING		DEMAND_VERY_HIGH	5/126	143332
C010118	/es/herramientas/week-number-calculator/	tools	tools.calculator	interactive-calculator	week-number-calculator	week number for a date					es	es-ES	que semana es						no										none		computed	yes	computed from held sources	no additional licence needed	high	high, a function rather than a table	SAFE_TO_SCALE	low	high, tools are natural hubs	out_of_window	high	PROMISING		DEMAND_VERY_HIGH	5/126	143332
C010119	/fr/outils/week-number-calculator/	tools	tools.calculator	interactive-calculator	week-number-calculator	week number for a date					fr	fr-FR	quelle semaine sommes nous						no										none		computed	yes	computed from held sources	no additional licence needed	high	high, a function rather than a table	SAFE_TO_SCALE	low	high, tools are natural hubs	out_of_window	high	PROMISING		DEMAND_VERY_HIGH	5/126	143332
C010120	/it/strumenti/week-number-calculator/	tools	tools.calculator	interactive-calculator	week-number-calculator	week number for a date					it	it-IT	che settimana siamo						no										none		computed	yes	computed from held sources	no additional licence needed	high	high, a function rather than a table	SAFE_TO_SCALE	low	high, tools are natural hubs	out_of_window	high	PROMISING		DEMAND_VERY_HIGH	5/126	143332
C010121	/ja/tool/week-number-calculator/	tools	tools.calculator	interactive-calculator	week-number-calculator	week number for a date					ja	ja-JP							no										none		computed	yes	computed from held sources	no additional licence needed	high	high, a function rather than a table	SAFE_TO_SCALE	low	high, tools are natural hubs	out_of_window	high	PROMISING		DEMAND_VERY_HIGH	5/126	143332
C010122	/nl/tools/week-number-calculator/	tools	tools.calculator	interactive-calculator	week-number-calculator	week number for a date					nl	nl-NL	welke week is het						no										none		computed	yes	computed from held sources	no additional licence needed	high	high, a function rather than a table	SAFE_TO_SCALE	low	high, tools are natural hubs	out_of_window	high	PROMISING		DEMAND_VERY_HIGH	5/126	143332
C010123	/pl/kalkulatory/week-number-calculator/	tools	tools.calculator	interactive-calculator	week-number-calculator	week number for a date					pl	pl-PL	który tydzień						no										none		computed	yes	computed from held sources	no additional licence needed	high	high, a function rather than a table	SAFE_TO_SCALE	low	high, tools are natural hubs	out_of_window	high	PROMISING		DEMAND_VERY_HIGH	5/126	143332
C010124	/pt/ferramentas/week-number-calculator/	tools	tools.calculator	interactive-calculator	week-number-calculator	week number for a date					pt	pt-BR	que semana e						no										none		computed	yes	computed from held sources	no additional licence needed	high	high, a function rather than a table	SAFE_TO_SCALE	low	high, tools are natural hubs	out_of_window	high	PROMISING		DEMAND_VERY_HIGH	5/126	143332
C010125	/de/rechner/currency-cost-converter/	tools	tools.calculator	interactive-calculator	currency-cost-converter	price in your currency					de	de-DE	währungsrechner						no										none		computed	partial	computed from held sources	no additional licence needed	medium	high, a function rather than a table	SAFE_TO_SCALE	medium	high, tools are natural hubs	out_of_window	medium	NEEDS_DATA		DEMAND_VERY_HIGH	5/126	143332
C010126	/en/tools/currency-cost-converter/	tools	tools.calculator	interactive-calculator	currency-cost-converter	price in your currency					en	en-US	currency converter						no										none		computed	partial	computed from held sources	no additional licence needed	medium	high, a function rather than a table	SAFE_TO_SCALE	medium	high, tools are natural hubs	out_of_window	medium	NEEDS_DATA		DEMAND_VERY_HIGH	5/126	143332
C010127	/es/herramientas/currency-cost-converter/	tools	tools.calculator	interactive-calculator	currency-cost-converter	price in your currency					es	es-ES	conversor de moneda						no										none		computed	partial	computed from held sources	no additional licence needed	medium	high, a function rather than a table	SAFE_TO_SCALE	medium	high, tools are natural hubs	out_of_window	medium	NEEDS_DATA		DEMAND_VERY_HIGH	5/126	143332
C010128	/fr/outils/currency-cost-converter/	tools	tools.calculator	interactive-calculator	currency-cost-converter	price in your currency					fr	fr-FR	convertisseur devises						no										none		computed	partial	computed from held sources	no additional licence needed	medium	high, a function rather than a table	SAFE_TO_SCALE	medium	high, tools are natural hubs	out_of_window	medium	NEEDS_DATA		DEMAND_VERY_HIGH	5/126	143332
C010129	/it/strumenti/currency-cost-converter/	tools	tools.calculator	interactive-calculator	currency-cost-converter	price in your currency					it	it-IT	convertitore valuta						no										none		computed	partial	computed from held sources	no additional licence needed	medium	high, a function rather than a table	SAFE_TO_SCALE	medium	high, tools are natural hubs	out_of_window	medium	NEEDS_DATA		DEMAND_VERY_HIGH	5/126	143332
C010130	/ja/tool/currency-cost-converter/	tools	tools.calculator	interactive-calculator	currency-cost-converter	price in your currency					ja	ja-JP							no										none		computed	partial	computed from held sources	no additional licence needed	medium	high, a function rather than a table	SAFE_TO_SCALE	medium	high, tools are natural hubs	out_of_window	medium	NEEDS_DATA		DEMAND_VERY_HIGH	5/126	143332
C010131	/nl/tools/currency-cost-converter/	tools	tools.calculator	interactive-calculator	currency-cost-converter	price in your currency					nl	nl-NL	valuta omrekenen						no										none		computed	partial	computed from held sources	no additional licence needed	medium	high, a function rather than a table	SAFE_TO_SCALE	medium	high, tools are natural hubs	out_of_window	medium	NEEDS_DATA		DEMAND_VERY_HIGH	5/126	143332
C010132	/pl/kalkulatory/currency-cost-converter/	tools	tools.calculator	interactive-calculator	currency-cost-converter	price in your currency					pl	pl-PL	przelicznik walut						no										none		computed	partial	computed from held sources	no additional licence needed	medium	high, a function rather than a table	SAFE_TO_SCALE	medium	high, tools are natural hubs	out_of_window	medium	NEEDS_DATA		DEMAND_VERY_HIGH	5/126	143332
C010133	/pt/ferramentas/currency-cost-converter/	tools	tools.calculator	interactive-calculator	currency-cost-converter	price in your currency					pt	pt-BR	conversor de moeda						no										none		computed	partial	computed from held sources	no additional licence needed	medium	high, a function rather than a table	SAFE_TO_SCALE	medium	high, tools are natural hubs	out_of_window	medium	NEEDS_DATA		DEMAND_VERY_HIGH	5/126	143332
C010134	/de/rechner/esim-data-estimator/	tools	tools.calculator	interactive-calculator	esim-data-estimator	how much data a trip needs					de	de-DE	esim datenverbrauch						no										none		computed	yes	computed from held sources	no additional licence needed	high	high, a function rather than a table	SAFE_TO_SCALE	high	high, tools are natural hubs	out_of_window	high	PROMISING	the one tool with a direct path to the eSIM shop, which 484 of 500 Atlas pages lack	DEMAND_VERY_HIGH	5/126	143332
C010135	/en/tools/esim-data-estimator/	tools	tools.calculator	interactive-calculator	esim-data-estimator	how much data a trip needs					en	en-US	esim data calculator		9				yes	keywords-explorer-overview 2026-09-29									none		computed	yes	computed from held sources	no additional licence needed	high	high, a function rather than a table	SAFE_TO_SCALE	high	high, tools are natural hubs	out_of_window	high	VALIDATED	the one tool with a direct path to the eSIM shop, which 484 of 500 Atlas pages lack Global volume 60. Global volume 60.	DEMAND_VERY_HIGH	5/126	143332
C010136	/es/herramientas/esim-data-estimator/	tools	tools.calculator	interactive-calculator	esim-data-estimator	how much data a trip needs					es	es-ES	esim cuantos datos						no										none		computed	yes	computed from held sources	no additional licence needed	high	high, a function rather than a table	SAFE_TO_SCALE	high	high, tools are natural hubs	out_of_window	high	PROMISING	the one tool with a direct path to the eSIM shop, which 484 of 500 Atlas pages lack	DEMAND_VERY_HIGH	5/126	143332
C010137	/fr/outils/esim-data-estimator/	tools	tools.calculator	interactive-calculator	esim-data-estimator	how much data a trip needs					fr	fr-FR	esim combien de data						no										none		computed	yes	computed from held sources	no additional licence needed	high	high, a function rather than a table	SAFE_TO_SCALE	high	high, tools are natural hubs	out_of_window	high	PROMISING	the one tool with a direct path to the eSIM shop, which 484 of 500 Atlas pages lack	DEMAND_VERY_HIGH	5/126	143332
C010138	/it/strumenti/esim-data-estimator/	tools	tools.calculator	interactive-calculator	esim-data-estimator	how much data a trip needs					it	it-IT	esim quanti giga						no										none		computed	yes	computed from held sources	no additional licence needed	high	high, a function rather than a table	SAFE_TO_SCALE	high	high, tools are natural hubs	out_of_window	high	PROMISING	the one tool with a direct path to the eSIM shop, which 484 of 500 Atlas pages lack	DEMAND_VERY_HIGH	5/126	143332
C010139	/ja/tool/esim-data-estimator/	tools	tools.calculator	interactive-calculator	esim-data-estimator	how much data a trip needs					ja	ja-JP							no										none		computed	yes	computed from held sources	no additional licence needed	high	high, a function rather than a table	SAFE_TO_SCALE	high	high, tools are natural hubs	out_of_window	high	PROMISING	the one tool with a direct path to the eSIM shop, which 484 of 500 Atlas pages lack	DEMAND_VERY_HIGH	5/126	143332
C010140	/nl/tools/esim-data-estimator/	tools	tools.calculator	interactive-calculator	esim-data-estimator	how much data a trip needs					nl	nl-NL	esim hoeveel data						no										none		computed	yes	computed from held sources	no additional licence needed	high	high, a function rather than a table	SAFE_TO_SCALE	high	high, tools are natural hubs	out_of_window	high	PROMISING	the one tool with a direct path to the eSIM shop, which 484 of 500 Atlas pages lack	DEMAND_VERY_HIGH	5/126	143332
C010141	/pl/kalkulatory/esim-data-estimator/	tools	tools.calculator	interactive-calculator	esim-data-estimator	how much data a trip needs					pl	pl-PL	esim ile danych						no										none		computed	yes	computed from held sources	no additional licence needed	high	high, a function rather than a table	SAFE_TO_SCALE	high	high, tools are natural hubs	out_of_window	high	PROMISING	the one tool with a direct path to the eSIM shop, which 484 of 500 Atlas pages lack	DEMAND_VERY_HIGH	5/126	143332
C010142	/pt/ferramentas/esim-data-estimator/	tools	tools.calculator	interactive-calculator	esim-data-estimator	how much data a trip needs					pt	pt-BR	esim quantos dados						no										none		computed	yes	computed from held sources	no additional licence needed	high	high, a function rather than a table	SAFE_TO_SCALE	high	high, tools are natural hubs	out_of_window	high	PROMISING	the one tool with a direct path to the eSIM shop, which 484 of 500 Atlas pages lack	DEMAND_VERY_HIGH	5/126	143332
