language,keyword,volume,note
de,hamburg sehenswürdigkeiten,34000,
de,münchen sehenswürdigkeiten,20000,
de,leipzig sehenswürdigkeiten,17000,
de,sehenswürdigkeiten in der nähe,17000,
de,amsterdam sehenswürdigkeiten,17000,
de,prag sehenswürdigkeiten,15000,
de,salzburg sehenswürdigkeiten,15000,parent: sehenswürdigkeiten in salzburg
de,köln sehenswürdigkeiten,14000,
de,london sehenswürdigkeiten,14000,
de,nürnberg sehenswürdigkeiten,14000,
de,sehenswürdigkeiten münchen,13000,
de,erfurt sehenswürdigkeiten,13000,
de,kopenhagen sehenswürdigkeiten,13000,
de,sehenswürdigkeiten hamburg,12000,
de,paris sehenswürdigkeiten,12000,
de,rom sehenswürdigkeiten,11000,
de,trier sehenswürdigkeiten,11000,
de,bamberg sehenswürdigkeiten,11000,
de,frankfurt sehenswürdigkeiten,10000,
de,barcelona sehenswürdigkeiten,10000,
de,lissabon sehenswürdigkeiten,9700,
de,koblenz sehenswürdigkeiten,9500,
de,dublin sehenswürdigkeiten,9400,
de,sehenswürdigkeiten leipzig,9300,
de,budapest sehenswürdigkeiten,8800,
de,luxemburg sehenswürdigkeiten,8000,
de,bremen sehenswürdigkeiten,8000,
de,brüssel sehenswürdigkeiten,7700,
de,mailand sehenswürdigkeiten,7500,
de,regensburg sehenswürdigkeiten,7400,
de,teneriffa sehenswürdigkeiten,7400,
de,kreta sehenswürdigkeiten,7400,
de,florenz sehenswürdigkeiten,7200,
de,madeira sehenswürdigkeiten,7100,
de,new york sehenswürdigkeiten,7100,
de,fuerteventura sehenswürdigkeiten,7000,
de,wernigerode sehenswürdigkeiten,6900,
de,sehenswürdigkeiten deutschland,6900,
de,sehenswürdigkeiten köln,6600,
de,antwerpen sehenswürdigkeiten,6600,
de,lanzarote sehenswürdigkeiten,6200,
de,venedig sehenswürdigkeiten,6200,
de,malta sehenswürdigkeiten,6100,
de,münster sehenswürdigkeiten,6000,
de,oslo sehenswürdigkeiten,5900,
de,freiburg sehenswürdigkeiten,5900,
de,quedlinburg sehenswürdigkeiten,5800,
de,sehenswürdigkeiten nürnberg,5700,
de,colmar sehenswürdigkeiten,5500,
de,sehenswürdigkeiten barcelona,5300,
de,cochem sehenswürdigkeiten,5200,
de,sehenswürdigkeiten amsterdam,5200,
de,passau sehenswürdigkeiten,5100,
de,stockholm sehenswürdigkeiten,5100,
de,maastricht sehenswürdigkeiten,5100,
de,dubai sehenswürdigkeiten,5100,
de,istanbul sehenswürdigkeiten,5000,
de,porto sehenswürdigkeiten,5000,
de,bremerhaven sehenswürdigkeiten,4900,
de,monschau sehenswürdigkeiten,4900,
de,sehenswürdigkeiten rom,4800,
de,athen sehenswürdigkeiten,4800,
de,lüneburg sehenswürdigkeiten,4700,
de,füssen sehenswürdigkeiten,4600,
de,sehenswürdigkeiten frankfurt,4600,
de,zürich sehenswürdigkeiten,4600,
de,fulda sehenswürdigkeiten,4500,
de,den haag sehenswürdigkeiten,4500,
de,sehenswürdigkeiten regensburg,4500,
de,innsbruck sehenswürdigkeiten,4500,parent: innsbruck things to do
de,rostock sehenswürdigkeiten,4400,
de,sevilla sehenswürdigkeiten,4400,
de,neapel sehenswürdigkeiten,4300,
de,rügen sehenswürdigkeiten,4300,
de,mallorca sehenswürdigkeiten,4200,
de,sehenswürdigkeiten kopenhagen,4100,
de,gran canaria sehenswürdigkeiten,4100,
de,harz sehenswürdigkeiten,4000,
de,utrecht sehenswürdigkeiten,4000,
de,wismar sehenswürdigkeiten,3900,
de,stralsund sehenswürdigkeiten,3900,
de,edinburgh sehenswürdigkeiten,3800,
de,sehenswürdigkeiten kreta,3800,
de,danzig sehenswürdigkeiten,3700,
de,sehenswürdigkeiten new york,3700,
de,cuxhaven sehenswürdigkeiten,3700,
de,bratislava sehenswürdigkeiten,3600,
de,flensburg sehenswürdigkeiten,3500,
de,basel sehenswürdigkeiten,3500,
de,karlsbad sehenswürdigkeiten,3500,
de,aschaffenburg sehenswürdigkeiten,3500,
de,rothenburg ob der tauber sehenswürdigkeiten,3500,
de,irland sehenswürdigkeiten,3500,
de,tokio sehenswürdigkeiten,3400,
de,island sehenswürdigkeiten,3400,
de,sehenswürdigkeiten salzburg,3400,
de,norwegen sehenswürdigkeiten,3300,
de,sehenswürdigkeiten trier,3300,
de,stettin sehenswürdigkeiten,3300,
de,warschau sehenswürdigkeiten,3300,
de,los angeles sehenswürdigkeiten,3300,
de,duisburg sehenswürdigkeiten,3300,
de,sehenswürdigkeiten bayern,3200,
de,nizza sehenswürdigkeiten,3200,
de,sehenswürdigkeiten bamberg,3100,
de,bologna sehenswürdigkeiten,3100,
de,malmö sehenswürdigkeiten,3100,
de,deutschland sehenswürdigkeiten,3100,
de,sehenswürdigkeiten mallorca,3100,
de,lüttich sehenswürdigkeiten,3100,
de,wilhelmshaven sehenswürdigkeiten,3100,
de,usedom sehenswürdigkeiten,3100,
de,japan sehenswürdigkeiten,3100,
de,travemünde sehenswürdigkeiten,3000,
de,schottland sehenswürdigkeiten,3000,
de,sardinien sehenswürdigkeiten,3000,
de,helsinki sehenswürdigkeiten,3000,
de,speyer sehenswürdigkeiten,3000,
de,bangkok sehenswürdigkeiten,2900,
de,friedrichshafen sehenswürdigkeiten,2900,
de,sizilien sehenswürdigkeiten,2900,
de,sehenswürdigkeiten lissabon,2800,
de,singapur sehenswürdigkeiten,2800,
de,breslau sehenswürdigkeiten,2800,
de,magdeburg sehenswürdigkeiten,2800,
de,verona sehenswürdigkeiten,2800,
de,sehenswürdigkeiten thüringen,2800,
de,eifel sehenswürdigkeiten,2800,
de,australien sehenswürdigkeiten,2700,
de,krakau sehenswürdigkeiten,2700,
de,spanien sehenswürdigkeiten,2700,
de,italien sehenswürdigkeiten,2700,
de,sehenswürdigkeiten koblenz,2700,
de,sehenswürdigkeiten hannover,2700,
de,lindau sehenswürdigkeiten,2700,
de,dänemark sehenswürdigkeiten,2600,
de,mainz sehenswürdigkeiten,2600,
de,ljubljana sehenswürdigkeiten,2600,
de,bozen sehenswürdigkeiten,2600,
de,triest sehenswürdigkeiten,2600,
de,belgien sehenswürdigkeiten,2600,
de,sehenswürdigkeiten mailand,2600,
de,heilbronn sehenswürdigkeiten,2500,
de,abu dhabi sehenswürdigkeiten,2500,
de,bukarest sehenswürdigkeiten,2500,
de,portugal sehenswürdigkeiten,2500,
de,sehenswürdigkeiten stockholm,2500,
de,sehenswürdigkeiten rotterdam,2500,
de,bilbao sehenswürdigkeiten,2400,
de,marseille sehenswürdigkeiten,2400,
de,palermo sehenswürdigkeiten,2400,
de,meran sehenswürdigkeiten,2400,
de,marrakesch sehenswürdigkeiten,2400,
de,bodensee sehenswürdigkeiten,2400,
de,normandie sehenswürdigkeiten,2400,
de,alicante sehenswürdigkeiten,2400,
de,sehenswürdigkeiten brüssel,2400,
de,groningen sehenswürdigkeiten,2400,
de,kuala lumpur sehenswürdigkeiten,2400,
de,sehenswürdigkeiten fuerteventura,2300,
de,bautzen sehenswürdigkeiten,2300,
de,gardasee sehenswürdigkeiten,2300,
de,sehenswürdigkeiten italien,2300,
de,sehenswürdigkeiten würzburg,2300,
de,san francisco sehenswürdigkeiten,2300,
de,sehenswürdigkeiten in hamburg,2300,parent: hamburg sehenswürdigkeiten
de,marburg sehenswürdigkeiten,2200,
de,griechenland sehenswürdigkeiten,2200,
de,sri lanka sehenswürdigkeiten,2200,
de,gent sehenswürdigkeiten,2200,
de,swinemünde sehenswürdigkeiten,2200,
de,andalusien sehenswürdigkeiten,2200,
de,vietnam sehenswürdigkeiten,2200,
de,landshut sehenswürdigkeiten,2200,
de,turin sehenswürdigkeiten,2200,
de,sehenswürdigkeiten budapest,2200,
de,genua sehenswürdigkeiten,2200,parent: genua sehenswürdigkeiten
de,wuppertal sehenswürdigkeiten,2100,
de,mexiko sehenswürdigkeiten,2100,
de,sehenswürdigkeiten dänemark,2100,
de,sehenswürdigkeiten luxemburg,2100,
de,büsum sehenswürdigkeiten,2100,
de,venlo sehenswürdigkeiten,2100,
de,braunschweig sehenswürdigkeiten,2100,
de,allgäu sehenswürdigkeiten,2100,
de,sehenswürdigkeiten straßburg,2100,
de,sehenswürdigkeiten saarland,2100,parent: sehenswürdigkeiten saarland
de,bielefeld sehenswürdigkeiten,2100,parent: bielefeld sehenswürdigkeiten
de,tallinn sehenswürdigkeiten,2000,
de,kristiansand sehenswürdigkeiten,2000,
de,sehenswürdigkeiten spanien,2000,
de,zagreb sehenswürdigkeiten,2000,
de,phuket sehenswürdigkeiten,2000,
de,sehenswürdigkeiten teneriffa,2000,
de,sehenswürdigkeiten brandenburg,2000,
de,le havre sehenswürdigkeiten,2000,
de,metz sehenswürdigkeiten,2000,
de,warnemünde sehenswürdigkeiten,2000,
de,albanien sehenswürdigkeiten,2000,
de,sehenswürdigkeiten in deutschland,2000,parent: sehenswürdigkeiten in deutschland
de,schwarzwald sehenswürdigkeiten,1900,parent: sehenswürdigkeiten schwarzwald
de,miami sehenswürdigkeiten,1900,parent: miami sehenswürdigkeiten
de,eisenach sehenswürdigkeiten,1900,parent: eisenach sehenswürdigkeiten
de,görlitz sehenswürdigkeiten,1900,parent: görlitz sehenswürdigkeiten
de,hildesheim sehenswürdigkeiten,1900,parent: hildesheim sehenswürdigkeiten
de,polen sehenswürdigkeiten,1900,parent: polen sehenswürdigkeiten
de,sehenswürdigkeiten istanbul,1900,parent: sehenswürdigkeiten istanbul
de,österreich sehenswürdigkeiten,1900,parent: österreich sehenswürdigkeiten
de,detmold sehenswürdigkeiten,1900,parent: sehenswürdigkeiten detmold
de,sehenswürdigkeiten norwegen,1800,parent: sehenswürdigkeiten norwegen
de,split sehenswürdigkeiten,1800,parent: split
de,wetzlar sehenswürdigkeiten,1800,parent: wetzlar sehenswürdigkeiten
de,jena sehenswürdigkeiten,1800,parent: jena sehenswürdigkeiten
de,antalya sehenswürdigkeiten,1800,parent: antalya sehenswürdigkeiten
de,marokko sehenswürdigkeiten,1800,parent: sehenswürdigkeiten marokko
de,goslar sehenswürdigkeiten,1800,parent: goslar sehenswürdigkeiten
de,thessaloniki sehenswürdigkeiten,1800,parent: thessaloniki sehenswürdigkeiten
de,türkei sehenswürdigkeiten,1800,parent: istanbul (provinz)
de,saarland sehenswürdigkeiten,1800,parent: sehenswürdigkeiten saarbrücken
de,sehenswürdigkeiten wismar,1800,parent: wismar sehenswürdigkeiten
de,sehenswürdigkeiten dubai,1800,parent: dubai sehenswürdigkeiten
de,kroatien sehenswürdigkeiten,1800,parent: kroatien sehenswürdigkeiten
de,sehenswürdigkeiten mannheim,1800,parent: mannheim sehenswürdigkeiten
de,luzern sehenswürdigkeiten,1800,parent: luzern sehenswürdigkeiten
de,sehenswürdigkeiten freiburg,1800,parent: freiburg sehenswürdigkeiten
de,sehenswürdigkeiten athen,1800,parent: athen sehenswürdigkeiten
de,kyoto sehenswürdigkeiten,1800,parent: kyoto sehenswürdigkeiten
de,pilsen sehenswürdigkeiten,1800,parent: pilsen sehenswürdigkeiten
de,coburg sehenswürdigkeiten,1700,parent: coburg sehenswürdigkeiten
de,sehenswürdigkeiten kiel,1700,parent: kiel sehenswürdigkeiten
de,marienbad sehenswürdigkeiten,1700,parent: marienbad sehenswürdigkeiten
de,meersburg sehenswürdigkeiten,1700,parent: meersburg sehenswürdigkeiten
de,sehenswürdigkeiten venedig,1700,parent: venedig sehenswürdigkeiten
de,las vegas sehenswürdigkeiten,1700,parent: las vegas sehenswürdigkeiten
de,meißen sehenswürdigkeiten,1700,parent: meißen altstadt sehenswürdigkeiten
de,sehenswürdigkeiten griechenland,1700,parent: sehenswürdigkeiten griechenland
de,schweden sehenswürdigkeiten,1700,parent: schweden sehenswürdigkeiten
de,montenegro sehenswürdigkeiten,1700,parent: montenegro sehenswürdigkeiten
de,sächsische schweiz sehenswürdigkeiten,1700,parent: sächsische schweiz highlights
de,sehenswürdigkeiten oslo,1600,parent: oslo sehenswürdigkeiten
de,bari sehenswürdigkeiten,1600,parent: bari
de,zakynthos sehenswürdigkeiten,1600,parent: zakynthos sehenswürdigkeiten
de,sehenswürdigkeiten madeira,1600,parent: madeira sehenswürdigkeiten
de,luxemburg stadt sehenswürdigkeiten,1600,parent: luxemburg stadt sehenswürdigkeiten
de,bayern sehenswürdigkeiten,1600,parent: bayern sehenswürdigkeiten
de,xanten sehenswürdigkeiten,1600,parent: xanten sehenswürdigkeiten
de,osaka sehenswürdigkeiten,1600,parent: osaka sehenswürdigkeiten
de,funchal sehenswürdigkeiten,1600,parent: funchal sehenswürdigkeiten
de,chiemsee sehenswürdigkeiten,1600,parent: chiemsee sehenswürdigkeiten
de,limburg sehenswürdigkeiten,1600,parent: limburg sehenswürdigkeiten
de,jordanien sehenswürdigkeiten,1600,parent: wo ist petra
de,seoul sehenswürdigkeiten,1600,parent: südkorea seoul
de,dubrovnik sehenswürdigkeiten,1500,parent: dubrovnik sehenswürdigkeiten
de,bergen sehenswürdigkeiten,1500,parent: sehenswürdigkeiten bergen
de,dijon sehenswürdigkeiten,1500,parent: dijon
de,sehenswürdigkeiten schottland,1500,parent: sehenswürdigkeiten schottland
de,rüdesheim sehenswürdigkeiten,1500,parent: rüdesheim sehenswürdigkeiten
de,algarve sehenswürdigkeiten,1500,parent: portugal algarve sehenswürdigkeiten
de,fränkische schweiz sehenswürdigkeiten,1500,parent: fränkische schweiz sehenswürdigkeiten
de,tschechien sehenswürdigkeiten,1500,parent: tschechien sehenswürdigkeiten
de,florida sehenswürdigkeiten,1500,parent: florida sehenswürdigkeiten
de,sehenswürdigkeiten australien,1500,parent: australien sehenswürdigkeiten
de,sehenswürdigkeiten rostock,1500,parent: rostock sehenswürdigkeiten
de,glasgow sehenswürdigkeiten,1500,parent: sehenswürdigkeiten glasgow
de,granada sehenswürdigkeiten,1500,parent: granada sehenswürdigkeiten
de,faro sehenswürdigkeiten,1500,parent: faro sehenswürdigkeiten
de,schwäbisch hall sehenswürdigkeiten,1500,parent: schwäbisch hall altstadt
de,sehenswürdigkeiten rügen,1500,parent: rügen sehenswürdigkeiten
de,sehenswürdigkeiten irland,1500,parent: sehenswürdigkeiten irland
de,sehenswürdigkeiten in freiburg im breisgau,1500,parent: sehenswürdigkeiten freiburg
de,kühlungsborn sehenswürdigkeiten,1500,parent: kühlungsborn sehenswürdigkeiten
de,sofia sehenswürdigkeiten,1400,parent: sofia
de,sehenswürdigkeiten in nürnberg,1400,parent: nürnberg sightseeing
de,sehenswürdigkeiten ulm,1400,parent: ulm sehenswürdigkeiten
de,erzgebirge sehenswürdigkeiten,1400,parent: sehenswürdigkeiten erzgebirge
de,sehenswürdigkeiten kroatien,1400,parent: sehenswürdigkeiten kroatien
de,kanada sehenswürdigkeiten,1400,parent: kanada sehenswürdigkeiten
de,binz sehenswürdigkeiten,1400,parent: binz sehenswürdigkeiten
de,lüneburger heide sehenswürdigkeiten,1400,parent: sehenswürdigkeiten lüneburger heide
de,trondheim sehenswürdigkeiten,1400,parent: sehenswürdigkeiten trondheim
de,cagliari sehenswürdigkeiten,1400,parent: cagliari sehenswürdigkeiten
de,eckernförde sehenswürdigkeiten,1400,parent: sehenswürdigkeiten eckernförde
de,vilnius sehenswürdigkeiten,1400,parent: sehenswürdigkeiten vilnius
de,sehenswürdigkeiten stralsund,1400,parent: sehenswürdigkeiten stralsund
de,sehenswürdigkeiten in rom,1400,parent: sehenswürdigkeiten rom
de,pirna sehenswürdigkeiten,1400,parent: pirna
de,side sehenswürdigkeiten,1400,parent: side sehenswürdigkeiten
de,braunlage sehenswürdigkeiten,1400,parent: sehenswürdigkeiten braunlage
de,sehenswürdigkeiten bangkok,1400,parent: sehenswürdigkeiten bangkok
de,elsass sehenswürdigkeiten,1400,parent: sehenswürdigkeiten elsass
de,apulien sehenswürdigkeiten,1400,parent: apulien
de,sehenswürdigkeiten helsinki,1400,parent: helsinki sehenswürdigkeiten
de,finnland sehenswürdigkeiten,1400,parent: finnland sehenswürdigkeiten
de,sehenswürdigkeiten weimar,1400,parent: weimar sehenswürdigkeiten
de,miltenberg sehenswürdigkeiten,1400,parent: miltenberg sehenswürdigkeiten
de,sehenswürdigkeiten porto,1400,parent: porto sehenswürdigkeiten
de,sehenswürdigkeiten sizilien,1300,parent: sizilien sehenswürdigkeiten
de,gibraltar sehenswürdigkeiten,1300,parent: gibraltar sehenswürdigkeiten
de,chicago sehenswürdigkeiten,1300,parent: sehenswürdigkeiten chicago
de,sehenswürdigkeiten japan,1300,parent: japan sehenswürdigkeiten
de,sehenswürdigkeiten tokio,1300,parent: tokio sehenswürdigkeiten
de,zwickau sehenswürdigkeiten,1300,parent: zwickau sehenswürdigkeiten
de,koh samui sehenswürdigkeiten,1300,parent: koh samui sehenswürdigkeiten
de,sauerland sehenswürdigkeiten,1300,parent: sauerland sehenswürdigkeiten
de,kapstadt sehenswürdigkeiten,1300,parent: sehenswürdigkeiten in kapstadt
de,england sehenswürdigkeiten,1300,parent: großbritannien sehenswürdigkeiten
de,aurich sehenswürdigkeiten,1300,parent: aurich sehenswürdigkeiten
de,sehenswürdigkeiten island,1300,parent: highlights island
de,paderborn sehenswürdigkeiten,1300,parent: paderborn sehenswürdigkeiten
de,mosel sehenswürdigkeiten,1300,parent: mosel sehenswürdigkeiten
de,gotha sehenswürdigkeiten,1300,parent: gotha sehenswürdigkeiten
de,belgrad sehenswürdigkeiten,1300,parent: belgrad sehenswürdigkeiten
de,tromso sehenswürdigkeiten,1300,parent: tromsø sehenswürdigkeiten
de,sassnitz sehenswürdigkeiten,1300,parent: sehenswürdigkeiten sassnitz
de,sehenswürdigkeiten sardinien,1300,parent: sardinien sehenswürdigkeiten
de,doha sehenswürdigkeiten,1300,parent: doha sehenswürdigkeiten
de,sehenswürdigkeiten lanzarote,1300,parent: lanzarote sehenswürdigkeiten
de,zadar sehenswürdigkeiten,1300,parent: zadar kroatien
de,sehenswürdigkeiten belgien,1200,parent: belgien sehenswürdigkeiten
de,sehenswürdigkeiten zürich,1200,parent: zürich sehenswürdigkeiten
de,sehenswürdigkeiten schwarzwald,1200,parent: sehenswürdigkeiten schwarzwald
de,sehenswürdigkeiten england,1200,parent: sehenswürdigkeiten england
de,überlingen sehenswürdigkeiten,1200,parent: überlingen sehenswürdigkeiten
de,bad wildungen sehenswürdigkeiten,1200,parent: bad wildungen sehenswürdigkeiten
de,sehenswürdigkeiten krakau,1200,parent: krakau sehenswürdigkeiten
de,shanghai sehenswürdigkeiten,1200,parent: shanghai sehenswürdigkeiten
de,pisa sehenswürdigkeiten,1200,parent: pisa sehenswürdigkeiten
de,bad kissingen sehenswürdigkeiten,1200,parent: sehenswürdigkeiten bad kissingen
de,sehenswürdigkeiten florenz,1200,parent: sehenswürdigkeiten florenz
de,paris sehenswürdigkeiten karte,1200,parent: paris sehenswürdigkeiten karte
de,london sehenswürdigkeiten karte,1200,parent: sehenswürdigkeiten london
de,sehenswürdigkeiten in der nähe von meinem standort,1200,parent: sehenswürdigkeiten in der nähe
de,chiang mai sehenswürdigkeiten,1200,parent: chiang mai sehenswürdigkeiten
de,sehenswürdigkeiten usedom,1200,parent: sehenswürdigkeiten usedom
de,sehenswürdigkeiten cuxhaven,1200,parent: cuxhaven sehenswürdigkeiten
de,sehenswürdigkeiten schweden,1200,parent: sehenswürdigkeiten schweden
de,usa sehenswürdigkeiten,1200,parent: sehenswürdigkeiten usa
de,bad schandau sehenswürdigkeiten,1200,parent: bad schandau geheimtipp
de,oberhof sehenswürdigkeiten,1200,parent: oberhof
de,sehenswürdigkeiten in rothenburg ob der tauber,1200,parent: sehenswürdigkeiten rothenburg ob der tauber
de,sehenswürdigkeiten albanien,1200,parent: sehenswürdigkeiten albanien
de,bad harzburg sehenswürdigkeiten,1200,parent: geheimtipp bad harzburg
de,rumänien sehenswürdigkeiten,1200,parent: rumänien sehenswürdigkeiten
de,sehenswürdigkeiten schleswig holstein,1200,parent: sehenswürdigkeiten in schleswig-holstein
de,marbella sehenswürdigkeiten,1200,parent: marbella tipps
de,nijmegen sehenswürdigkeiten,1200,parent: nijmegen sehenswürdigkeiten
de,sehenswürdigkeiten verona,1200,parent: sehenswürdigkeiten verona
de,bodenmais sehenswürdigkeiten,1100,parent: bodenmais geheimtipps
de,bad tölz sehenswürdigkeiten,1100,parent: sehenswürdigkeiten bad tölz
de,winterberg sehenswürdigkeiten,1100,parent: winterberg sehenswürdigkeiten
de,waren müritz sehenswürdigkeiten,1100,parent: geheimtipps müritz
de,sehenswürdigkeiten in amsterdam,1100,parent: was muss man in amsterdam gesehen haben
de,sehenswürdigkeiten slowenien,1100,parent: slowenien sehenswürdigkeiten
de,baden-baden sehenswürdigkeiten,1100,parent: baden-baden sehenswürdigkeiten
de,rouen sehenswürdigkeiten,1100,parent: sehenswürdigkeiten rouen
de,sehenswürdigkeiten brügge,1100,parent: brügge sehenswürdigkeiten
de,ronda sehenswürdigkeiten,1100,parent: ronda sehenswürdigkeiten
de,zingst sehenswürdigkeiten,1100,parent: sehenswürdigkeiten in zingst
de,kairo sehenswürdigkeiten,1100,parent: kairo sehenswürdigkeiten
de,peru sehenswürdigkeiten,1100,parent: peru sehenswürdigkeiten
de,sehenswürdigkeiten den haag,1100,parent: sehenswürdigkeiten den haag
de,ibiza sehenswürdigkeiten,1100,parent: ibiza sehenswürdigkeiten
de,grömitz sehenswürdigkeiten,1100,parent: grömitz sehenswürdigkeiten
de,china sehenswürdigkeiten,1100,parent: china sehenswürdigkeiten
de,odenwald sehenswürdigkeiten,1100,parent: odenwald sehenswürdigkeiten
de,sehenswürdigkeiten wiesbaden,1100,parent: wiesbaden sehenswürdigkeiten
de,hanoi sehenswürdigkeiten,1100,parent: sehenswürdigkeiten hanoi
de,belfast sehenswürdigkeiten,1100,parent: belfast sehenswürdigkeiten
de,sehenswürdigkeiten mainz,1100,parent: mainz sehenswürdigkeiten
de,thale sehenswürdigkeiten,1100,parent: sehenswürdigkeiten thale
de,sehenswürdigkeiten neapel,1100,parent: neapel sehenswürdigkeiten
de,wales sehenswürdigkeiten,1100,parent: wales sehenswürdigkeiten
de,sehenswürdigkeiten füssen,1100,parent: füssen sehenswürdigkeiten
de,tegernsee sehenswürdigkeiten,1100,parent: tegernsee sehenswürdigkeiten
de,sehenswürdigkeiten warschau,1100,parent: warschau sehenswürdigkeiten
de,monaco sehenswürdigkeiten,1100,parent: sehenswürdigkeiten monaco
de,costa rica sehenswürdigkeiten,1100,parent: costa rica sehenswürdigkeiten
de,sehenswürdigkeiten edinburgh,1100,parent: edinburgh sehenswürdigkeiten
de,timmendorfer strand sehenswürdigkeiten,1000,parent: sehenswürdigkeiten timmendorfer strand
de,sehenswürdigkeiten sylt,1000,parent: sylt sehenswürdigkeiten
de,montpellier sehenswürdigkeiten,1000,parent: montpellier sehenswürdigkeiten
de,azoren sehenswürdigkeiten,1000,parent: azoren sehenswürdigkeiten
de,sansibar sehenswürdigkeiten,1000,parent: sansibar sehenswürdigkeiten
de,ansbach sehenswürdigkeiten,1000,parent: sehenswürdigkeiten ansbach
de,sehenswürdigkeiten in stralsund,1000,parent: stralsund sehenswürdigkeiten
de,rom sehenswürdigkeiten karte,1000,parent: stadtplan rom
de,kalifornien sehenswürdigkeiten,1000,parent: kalifornien sehenswürdigkeiten
de,amberg sehenswürdigkeiten,1000,parent: amberg sehenswürdigkeiten
de,reykjavik sehenswürdigkeiten,1000,parent: sehenswürdigkeiten reykjavik
de,hawaii sehenswürdigkeiten,1000,parent: hawaii sehenswürdigkeiten
de,soest sehenswürdigkeiten,1000,parent: soest sehenswürdigkeiten
de,sehenswürdigkeiten malta,1000,parent: sehenswürdigkeiten in malta
de,sehenswürdigkeiten in frankreich,1000,parent: sehenswürdigkeiten in frankreich
de,cordoba sehenswürdigkeiten,1000,parent: cordoba sehenswürdigkeiten
de,sehenswürdigkeiten göttingen,1000,parent: göttingen sehenswürdigkeiten
de,kulmbach sehenswürdigkeiten,1000,parent: kulmbach sehenswürdigkeiten
de,boston sehenswürdigkeiten,1000,parent: boston sehenswürdigkeiten
de,kreta sehenswürdigkeiten karte,1000,parent: sehenswürdigkeiten kreta
de,la gomera sehenswürdigkeiten,1000,parent: sehenswürdigkeiten la gomera
de,catania sehenswürdigkeiten,1000,parent: catania sehenswürdigkeiten
de,sehenswürdigkeiten in quedlinburg,1000,parent: quedlinburg an einem tag
de,sehenswürdigkeiten karlsbad,1000,parent: karlsbad mit kindern
de,olbia sehenswürdigkeiten,1000,parent: altstadt olbia sardinien
de,sehenswürdigkeiten innsbruck,1000,parent: innsbruck things to do
de,nancy sehenswürdigkeiten,1000,parent: nancy sehenswürdigkeiten
de,siena sehenswürdigkeiten,1000,parent: was kann man unternehmen
de,amrum sehenswürdigkeiten,1000,parent: sehenswürdigkeiten amrum
de,sehenswürdigkeiten in kiel,900,parent: kiel sehenswürdigkeiten
de,sehenswürdigkeiten polen,900,parent: sehenswürdigkeiten polen
de,lucca sehenswürdigkeiten,900,parent: lucca sehenswürdigkeiten karte
de,hamburg sehenswürdigkeiten geheimtipps,900,parent: hamburg geheimtipps
de,sehenswürdigkeiten in spanien,900,parent: sehenswürdigkeiten spanien
de,vogtland sehenswürdigkeiten,900,parent: sehenswürdigkeiten vogtland
de,sehenswürdigkeiten in dublin,900,parent: irland dublin sehenswürdigkeiten
de,gießen sehenswürdigkeiten,900,parent: gießen sehenswürdigkeiten
de,willingen sehenswürdigkeiten,900,parent: willingen sehenswürdigkeiten
de,sarajevo sehenswürdigkeiten,900,parent: sarajevo sehenswürdigkeiten
de,suhl sehenswürdigkeiten,900,parent: sehenswürdigkeiten suhl
de,sehenswürdigkeiten ägypten,900,parent: ägypten sehenswürdigkeiten
de,sehenswürdigkeiten in koblenz,900,parent: koblenz sehenswürdigkeiten
de,fürth sehenswürdigkeiten,900,parent: fürth sehenswürdigkeiten
de,seychellen sehenswürdigkeiten,900,parent: was kann man auf den seychellen machen
de,neuruppin sehenswürdigkeiten,900,parent: neuruppin sehenswürdigkeiten
de,bad salzuflen sehenswürdigkeiten,900,parent: bad salzuflen sehenswürdigkeiten
de,sehenswürdigkeiten goslar,900,parent: goslar sehenswürdigkeiten
de,alanya sehenswürdigkeiten,900,parent: alanya
de,sehenswürdigkeiten in bayern,900,parent: bayern sehenswürdigkeiten
de,rhodos stadt sehenswürdigkeiten,900,parent: rhodos stadt
de,manchester sehenswürdigkeiten,900,parent: sehenswürdigkeiten manchester
de,sehenswürdigkeiten los angeles,900,parent: los angeles sehenswürdigkeiten
de,sehenswürdigkeiten tschechien,900,parent: tschechien sehenswürdigkeiten
de,bulgarien sehenswürdigkeiten,900,parent: sehenswürdigkeiten bulgarien
de,kappeln sehenswürdigkeiten,900,parent: kappeln sehenswürdigkeiten
de,sehenswürdigkeiten usa,900,parent: amerika sehenswürdigkeiten
de,sehenswürdigkeiten in wismar,900,parent: wismar sehenswürdigkeiten
de,sehenswürdigkeiten in bamberg,900,parent: bamberg sehenswürdigkeiten
de,hamburg sehenswürdigkeiten kinder,900,parent: hamburg mit kindern
de,vancouver sehenswürdigkeiten,900,parent: vancouver sehenswürdigkeiten
de,vulkaneifel sehenswürdigkeiten,900,parent: sehenswürdigkeiten eifel
de,bad doberan sehenswürdigkeiten,900,parent: bad doberan sehenswürdigkeiten
de,teutoburger wald sehenswürdigkeiten,900,parent: ausflugsziele owl
de,freudenstadt sehenswürdigkeiten,900,parent: freudenstadt sehenswürdigkeiten
de,niedersachsen sehenswürdigkeiten,900,parent: sehenswürdigkeiten niedersachsen
de,ludwigsburg sehenswürdigkeiten,900,parent: ludwigsburg sehenswürdigkeiten
de,sehenswürdigkeiten wernigerode,900,parent: wernigerode sehenswürdigkeiten
de,holland sehenswürdigkeiten,900,parent: sehenswürdigkeiten niederlande
de,spreewald sehenswürdigkeiten,900,parent: sehenswertes spreewald
de,southampton sehenswürdigkeiten,900,parent: southampton sehenswürdigkeiten
de,sehenswürdigkeiten in würzburg,900,parent: sehenswürdigkeiten und aktivitäten in würzburg
de,titisee sehenswürdigkeiten,900,parent: titisee sehenswürdigkeiten
de,indien sehenswürdigkeiten,900,parent: indien sehenswürdigkeiten
de,mittenwald sehenswürdigkeiten,900,parent: mittenwald sehenswürdigkeiten
de,skagen sehenswürdigkeiten,900,parent: skagen dänemark
de,oberhausen sehenswürdigkeiten,900,parent: sehenswürdigkeiten oberhausen
de,zandvoort sehenswürdigkeiten,900,parent: zandvoort sehenswürdigkeiten
de,sehenswürdigkeiten quedlinburg,900,parent: quedlinburg sehenswürdigkeiten
de,sehenswürdigkeiten basel,900,parent: basel sehenswürdigkeiten
de,stade sehenswürdigkeiten,900,parent: stade sehenswürdigkeiten
de,guadeloupe sehenswürdigkeiten,800,parent: sehenswürdigkeiten guadeloupe
de,sehenswürdigkeiten in fuerteventura,800,parent: sehenswürdigkeiten fuerteventura
de,krabi sehenswürdigkeiten,800,parent: krabi sehenswürdigkeiten
de,sehenswürdigkeiten palermo,800,parent: palermo
de,ahlbeck sehenswürdigkeiten,800,parent: ahlbeck sehenswürdigkeiten
de,schmalkalden sehenswürdigkeiten,800,parent: schmalkalden sehenswürdigkeiten
de,albufeira sehenswürdigkeiten,800,parent: albufeira sehenswürdigkeiten
de,georgien sehenswürdigkeiten,800,parent: georgien highlights
de,ammersee sehenswürdigkeiten,800,parent: geheimtipp ammersee
de,buenos aires sehenswürdigkeiten,800,parent: buenos aires sehenswürdigkeiten
de,top 10 sehenswürdigkeiten london,800,parent: london sehenswürdigkeiten
de,föhr sehenswürdigkeiten,800,parent: föhr sehenswürdigkeiten
de,sehenswürdigkeiten rumänien,800,parent: rumänien sehenswürdigkeiten
de,san diego sehenswürdigkeiten,800,parent: san diego sehenswürdigkeiten
de,sehenswürdigkeiten kapstadt,800,parent: sehenswürdigkeiten in kapstadt
de,kotor sehenswürdigkeiten,800,parent: kotor sehenswürdigkeiten
de,oberwiesenthal sehenswürdigkeiten,800,parent: oberwiesenthal
de,new york city sehenswürdigkeiten,800,parent: new york sehenswürdigkeiten
de,norden sehenswürdigkeiten,800,parent: norden sehenswürdigkeiten
de,bad homburg sehenswürdigkeiten,800,parent: bad homburg sehenswürdigkeiten
de,kapverden sehenswürdigkeiten,800,parent: sehenswürdigkeiten kap verde
de,argentinien sehenswürdigkeiten,800,parent: argentinien schönste orte
de,wolgast sehenswürdigkeiten,800,parent: wolgast
de,dresden sehenswürdigkeiten geheimtipps,800,parent: dresden geheimtipps
de,südafrika sehenswürdigkeiten,800,parent: südafrika sehenswürdigkeiten
de,chile sehenswürdigkeiten,800,parent: chile sehenswürdigkeiten
de,sehenswürdigkeiten in salzburg,800,parent: salzburg sehenswürdigkeiten
de,cannes sehenswürdigkeiten,800,parent: cannes sehenswürdigkeiten
de,worms sehenswürdigkeiten,800,parent: worms sehenswürdigkeiten
de,sehenswürdigkeiten marseille,800,parent: marseille sehenswürdigkeiten
de,nantes sehenswürdigkeiten,800,parent: sehenswürdigkeiten nantes
de,bergamo sehenswürdigkeiten,800,parent: bergamo
de,königssee sehenswürdigkeiten,800,parent: königssee sehenswürdigkeiten
de,wien sehenswürdigkeiten karte,800,parent: karte wien sehenswürdigkeiten
de,sirmione sehenswürdigkeiten,800,parent: sirmione sehenswürdigkeiten
de,oldenburg sehenswürdigkeiten,800,parent: oldenburg sehenswürdigkeiten
de,sehenswürdigkeiten spreewald,800,parent: spreewald mit kindern
de,posen sehenswürdigkeiten,800,parent: posen
de,sehenswürdigkeiten in luxemburg,800,parent: sehenswürdigkeiten in luxemburg
de,toskana sehenswürdigkeiten,800,parent: sehenswürdigkeiten toskana
de,skopje sehenswürdigkeiten,800,parent: skopje
de,tanger sehenswürdigkeiten,800,parent: tanger
de,budweis sehenswürdigkeiten,800,parent: budweis sehenswürdigkeiten
de,sehenswürdigkeiten baden baden,800,parent: baden baden sehenswürdigkeiten
de,bad hersfeld sehenswürdigkeiten,800,parent: bad hersfeld sehenswürdigkeiten
de,sehenswürdigkeiten duisburg,800,parent: duisburg sehenswürdigkeiten
de,sehenswürdigkeiten utrecht,800,parent: utrecht sehenswürdigkeiten
de,hamburg top 20 sehenswürdigkeiten,800,parent: hamburg top 20 sehenswürdigkeiten
de,wissembourg sehenswürdigkeiten,700,parent: wissembourg
de,bacharach sehenswürdigkeiten,700,parent: bacharach
de,sehenswürdigkeiten münchen innenstadt,700,parent: sehenswürdigkeiten münchen
de,bergen norwegen sehenswürdigkeiten,700,parent: sehenswürdigkeiten bergen
de,zwolle sehenswürdigkeiten,700,parent: zwolle sehenswürdigkeiten
de,visby sehenswürdigkeiten,700,parent: visby altstadt
de,andorra sehenswürdigkeiten,700,parent: andorra sehenswürdigkeiten
de,elba sehenswürdigkeiten,700,parent: elba sehenswürdigkeiten
de,newcastle sehenswürdigkeiten,700,parent: sehenswürdigkeiten newcastle
de,sehenswürdigkeiten miami,700,parent: miami sehenswürdigkeiten
de,friedrichroda sehenswürdigkeiten,700,parent: friedrichroda sehenswürdigkeiten
de,helgoland sehenswürdigkeiten,700,parent: helgoland sehenswürdigkeiten
de,bosnien sehenswürdigkeiten,700,parent: bosnien sehenswürdigkeiten
de,bad wimpfen sehenswürdigkeiten,700,parent: bad wimpfen sehenswürdigkeiten
de,sehenswürdigkeiten sächsische schweiz,700,parent: sehenswürdigkeiten sächsische schweiz
de,bad füssing sehenswürdigkeiten,700,parent: bad füssing wasserfall
de,peking sehenswürdigkeiten,700,parent: sehenswürdigkeiten peking
de,stendal sehenswürdigkeiten,700,parent: stendal sehenswürdigkeiten
de,deggendorf sehenswürdigkeiten,700,parent: deggendorf sehenswürdigkeiten
de,sehenswürdigkeiten in magdeburg,700,parent: magdeburg sehenswürdigkeiten
de,gera sehenswürdigkeiten,700,parent: gera sehenswürdigkeiten
de,madagaskar sehenswürdigkeiten,700,parent: madagaskar sehenswürdigkeiten
de,brombachsee sehenswürdigkeiten,700,parent: brombachsee sehenswürdigkeiten
de,liverpool sehenswürdigkeiten,700,parent: liverpool stadt
de,scharbeutz sehenswürdigkeiten,700,parent: sehenswürdigkeiten scharbeutz
de,sehenswürdigkeiten san francisco,700,parent: san francisco sehenswürdigkeiten
de,sehenswürdigkeiten in innsbruck,700,parent: innsbruck aktivitäten
de,südschweden sehenswürdigkeiten,700,parent: südschweden
de,sehenswürdigkeiten görlitz,700,parent: görlitz sehenswürdigkeiten
de,estland sehenswürdigkeiten,700,parent: estland sehenswürdigkeiten
de,maribor sehenswürdigkeiten,700,parent: maribor sehenswürdigkeiten
de,sehenswürdigkeiten mosel,700,parent: sehenswürdigkeiten mosel
de,greetsiel sehenswürdigkeiten,700,parent: greetsiel sehenswürdigkeiten
de,london sehenswürdigkeiten geheimtipps,700,parent: geheimtipps london
de,waren (müritz sehenswürdigkeiten),700,parent: geheimtipps müritz
de,island sehenswürdigkeiten karte,700,parent: island sehenswürdigkeiten karte
de,seattle sehenswürdigkeiten,700,parent: seattle sehenswürdigkeiten
de,vaduz sehenswürdigkeiten,700,parent: vaduz sehenswürdigkeiten
de,siegen sehenswürdigkeiten,700,parent: sehenswürdigkeiten siegen
de,kefalonia sehenswürdigkeiten,700,parent: kefalonia sehenswürdigkeiten
de,laboe sehenswürdigkeiten,700,parent: laboe sehenswürdigkeiten
de,hamm sehenswürdigkeiten,700,parent: hamm sehenswürdigkeiten
de,krk sehenswürdigkeiten,700,parent: krk sehenswürdigkeiten
de,sehenswürdigkeiten bielefeld,700,parent: bielefeld sehenswürdigkeiten
de,sehenswürdigkeiten finnland,700,parent: finnland must see
de,edersee sehenswürdigkeiten,700,parent: edersee aktivitäten
de,rügen sehenswürdigkeiten geheimtipp,700,parent: rügen sehenswürdigkeiten geheimtipp
de,sehenswürdigkeiten in binz,500,parent: binz sehenswürdigkeiten
de,sehenswürdigkeiten in valencia,500,parent: valencia sehenswürdigkeiten
de,schwäbische alb sehenswürdigkeiten,500,parent: sehenswürdigkeiten schwäbische alb
de,sehenswürdigkeiten pisa,500,parent: pisa sehenswürdigkeiten
de,amsterdam sehenswürdigkeiten karte,500,parent: amsterdam sehenswürdigkeiten karte
de,amiens sehenswürdigkeiten,500,parent: amiens sehenswürdigkeiten
de,sehenswürdigkeiten in basel,500,parent: basel sehenswürdigkeiten
de,sehenswürdigkeiten in oberstdorf,500,parent: oberstdorf sehenswürdigkeiten
de,kronach sehenswürdigkeiten,500,parent: kronach sehenswürdigkeiten
de,valkenburg sehenswürdigkeiten,500,parent: valkenburg
de,sehenswürdigkeiten luxemburg stadt,500,parent: luxemburg stadt sehenswürdigkeiten
de,top 10 sehenswürdigkeiten deutschland,500,parent: sehenswürdigkeiten in deutschland
de,klagenfurt sehenswürdigkeiten,500,parent: sehenswürdigkeiten klagenfurt
de,misdroy sehenswürdigkeiten,500,parent: misdroy
de,sehenswürdigkeiten in sankt peter-ording,500,parent: st peter ording sehenswürdigkeiten
de,aberdeen sehenswürdigkeiten,500,parent: aberdeen
de,oslo sehenswürdigkeiten zu fuß,500,parent: oslo sehenswürdigkeiten zu fuß
de,london sehenswürdigkeiten top 10,500,parent: sehenswürdigkeiten london
de,mantua sehenswürdigkeiten,500,parent: mantua sehenswürdigkeiten
de,leutkirch sehenswürdigkeiten,500,parent: leutkirch
de,deventer sehenswürdigkeiten,500,parent: deventer sehenswürdigkeiten
de,schleswig holstein sehenswürdigkeiten,500,parent: sehenswürdigkeiten in schleswig-holstein
de,sehenswürdigkeiten berchtesgaden,500,parent: berchtesgaden
de,kuba sehenswürdigkeiten,500,parent: kuba
de,berlin sehenswürdigkeiten geheimtipps,500,parent: berlin tipps
de,kusadasi sehenswürdigkeiten,500,parent: kusadasi sehenswürdigkeiten
de,annecy sehenswürdigkeiten,500,parent: annecy sehenswürdigkeiten
de,potsdam sehenswürdigkeiten geheimtipps,500,parent: potsdam geheimtipps
de,philadelphia sehenswürdigkeiten,500,parent: sehenswürdigkeiten philadelphia
de,isny sehenswürdigkeiten,500,parent: isny
de,sehenswürdigkeiten abu dhabi,500,parent: abu dhabi sehenswürdigkeiten
de,bernkastel kues sehenswürdigkeiten,500,parent: bernkastel kues
de,boppard sehenswürdigkeiten,500,parent: boppard sehenswürdigkeiten
de,birmingham sehenswürdigkeiten,500,parent: birmingham sehenswürdigkeiten
de,serbien sehenswürdigkeiten,500,parent: sehenswürdigkeiten serbien
de,rijeka sehenswürdigkeiten,500,parent: rijeka geheimtipps
de,bad brückenau sehenswürdigkeiten,500,parent: bad brückenau sehenswürdigkeiten
de,gerolstein sehenswürdigkeiten,500,parent: gerolstein sehenswürdigkeiten
de,usbekistan sehenswürdigkeiten,500,parent: usbekistan sehenswürdigkeiten
de,cartagena spanien sehenswürdigkeiten,500,parent: cartagena spanien sehenswürdigkeiten
de,waren sehenswürdigkeiten,500,parent: geheimtipps müritz
de,key west sehenswürdigkeiten,500,parent: key west sehenswürdigkeiten
de,marsa alam sehenswürdigkeiten,500,parent: marsa alam sehenswürdigkeiten
de,ecuador sehenswürdigkeiten,500,parent: ecuador sehenswürdigkeiten
de,sehenswürdigkeiten in lindau,500,parent: sehenswürdigkeiten lindau
de,sehenswürdigkeiten norderney,500,parent: norderney sehenswürdigkeiten
de,landau sehenswürdigkeiten,500,parent: landau sehenswürdigkeiten
de,sehenswürdigkeiten in timmendorfer strand,500,parent: sehenswürdigkeiten timmendorfer strand
de,lettland sehenswürdigkeiten,500,parent: lettland sehenswürdigkeiten
de,sehenswürdigkeiten in autonome region madeira,500,parent: madeira sehenswürdigkeiten
de,sterzing sehenswürdigkeiten,500,parent: sterzing sehenswürdigkeiten
de,sinsheim sehenswürdigkeiten,500,parent: sinsheim sehenswürdigkeiten
de,malta sehenswürdigkeiten karte,500,parent: malta sehenswürdigkeiten karte
de,bad pyrmont sehenswürdigkeiten,500,parent: wochenende unternehmungen
de,muscat sehenswürdigkeiten,500,parent: muscat sehenswürdigkeiten
de,idar oberstein sehenswürdigkeiten,500,parent: idar-oberstein sehenswürdigkeiten
de,fichtelgebirge sehenswürdigkeiten,500,parent: fichtelgebirge sehenswürdigkeiten
de,formentera sehenswürdigkeiten,500,parent: formentera sehenswürdigkeiten
de,dänemark sehenswürdigkeiten karte,500,parent: sehenswürdigkeiten dänemark karte
de,sehenswürdigkeiten in zingst,500,parent: zingst sehenswürdigkeiten
de,sehenswürdigkeiten bulgarien,500,parent: sehenswürdigkeiten bulgarien
de,tarragona sehenswürdigkeiten,500,parent: tarragona
de,tunis sehenswürdigkeiten,500,parent: tunesien sehenswürdigkeiten
de,sehenswürdigkeiten meran,500,parent: meran sehenswürdigkeiten
de,lombok sehenswürdigkeiten,500,parent: lombok sehenswürdigkeiten
de,sehenswürdigkeiten ibiza,500,parent: ibiza sehenswürdigkeiten
de,sehenswürdigkeiten bali,500,parent: bali sehenswürdigkeiten
de,jamaika sehenswürdigkeiten,500,parent: jamaika sehenswürdigkeiten
de,nordhausen sehenswürdigkeiten,500,parent: sehenswürdigkeiten nordhausen
de,sehenswürdigkeiten in istanbul,500,parent: istanbul sehenswürdigkeiten
de,ruhpolding sehenswürdigkeiten,500,parent: ruhpolding sehenswürdigkeiten
de,sehenswürdigkeiten landshut,500,parent: landshut sehenswürdigkeiten
de,san sebastián sehenswürdigkeiten,500,parent: san sebastián sehenswürdigkeiten
de,sehenswürdigkeiten sri lanka,500,parent: sri lanka sehenswürdigkeiten
de,quebec sehenswürdigkeiten,500,parent: quebec sehenswürdigkeiten
de,samos sehenswürdigkeiten,500,parent: samos sehenswürdigkeiten
de,sehenswürdigkeiten breslau,500,parent: sehenswürdigkeiten breslau
de,dresden sehenswürdigkeiten karte,500,parent: dresden sehenswürdigkeiten karte
de,norddeich sehenswürdigkeiten,500,parent: norden sehenswürdigkeiten
de,kelheim sehenswürdigkeiten,500,parent: kelheim sehenswürdigkeiten
de,heidelberg sehenswürdigkeiten geheimtipps,500,parent: heidelberg sehenswürdigkeiten geheimtipps
de,istrien sehenswürdigkeiten,500,parent: sehenswürdigkeiten istrien
de,damp sehenswürdigkeiten,500,parent: damp sehenswürdigkeiten
de,sehenswürdigkeiten in porto,500,parent: porto sehenswürdigkeiten
de,sehenswürdigkeiten in edinburgh,500,parent: was muss man in edinburgh gesehen haben
de,kanazawa sehenswürdigkeiten,500,parent: kanazawa sehenswürdigkeiten
de,lefkada sehenswürdigkeiten,500,parent: lefkada sehenswürdigkeiten
de,sehenswürdigkeiten in cuxhaven,500,parent: cuxhaven sehenswürdigkeiten
de,sehenswürdigkeiten in speyer,500,parent: speyer sehenswürdigkeiten
de,paguera sehenswürdigkeiten,500,parent: ausflüge von palma mit dem bus
de,sehenswürdigkeiten kos,500,parent: kos sehenswürdigkeiten
de,sehenswürdigkeiten in garmisch-partenkirchen,500,parent: ausflugsziele garmisch partenkirchen
de,milano sehenswürdigkeiten,500,parent: mailand sehenswürdigkeiten
de,dominikanische republik sehenswürdigkeiten,500,parent: dominikanische republik sehenswürdigkeiten
de,sehenswürdigkeiten in kap verde,500,parent: kapverden sehenswürdigkeiten
de,sehenswürdigkeiten südafrika,500,parent: highlights südafrika
de,sehenswürdigkeiten in japan,500,parent: sehenswürdigkeiten japan
de,bad mergentheim sehenswürdigkeiten,500,parent: bad mergentheim sehenswürdigkeiten
de,riva del garda sehenswürdigkeiten,500,parent: riva del garda sehenswürdigkeiten
de,rothenburg sehenswürdigkeiten,450,parent: rothenburg ob der tauber bezienswaardigheden
de,hamburger sehenswürdigkeiten,450,parent: sehenswürdigkeiten hamburg
de,amerika sehenswürdigkeiten,450,parent: usa sehenswürdigkeiten
de,sehenswürdigkeiten russland,450,parent: russland sehenswürdigkeiten
de,sehenswürdigkeiten paris karte,450,parent: paris sehenswürdigkeiten karte
de,freyburg sehenswürdigkeiten,450,parent: freyburg sehenswürdigkeiten
de,sehenswürdigkeiten luzern,450,parent: luzern sehenswürdigkeiten
de,vancouver island sehenswürdigkeiten,450,parent: vancouver island
de,calais sehenswürdigkeiten,450,parent: calais sehenswürdigkeiten
de,padua sehenswürdigkeiten,450,parent: padua sehenswürdigkeiten
de,madeira sehenswürdigkeiten karte,450,parent: madeira sehenswürdigkeiten
de,chongqing sehenswürdigkeiten,450,parent: chongqing sehenswürdigkeiten
de,kopenhagen sehenswürdigkeiten karte,450,parent: sehenswürdigkeiten kopenhagen
de,aalborg sehenswürdigkeiten,450,parent: aalborg
de,sehenswürdigkeiten in teneriffa,450,parent: sehenswürdigkeiten teneriffa
de,sehenswürdigkeiten glasgow,450,parent: glasgow sehenswürdigkeiten
de,kasachstan sehenswürdigkeiten,450,parent: astana sehenswürdigkeiten
de,ostende sehenswürdigkeiten,450,parent: ostende sehenswürdigkeiten
de,uruguay sehenswürdigkeiten,450,parent: uruguay sehenswürdigkeiten
de,walchensee sehenswürdigkeiten,450,parent: walchensee sehenswürdigkeiten
de,bad oeynhausen sehenswürdigkeiten,450,parent: bad oeynhausen sehenswürdigkeiten
de,sehenswürdigkeiten in florenz,450,parent: florenz sehenswürdigkeiten
de,russland sehenswürdigkeiten,450,parent: sehenswürdigkeiten russland
de,sehenswürdigkeiten in bremerhaven,450,parent: bremerhaven sehenswürdigkeiten
de,wolfgangsee sehenswürdigkeiten,450,parent: wolfgangsee sehenswürdigkeiten
de,sehenswürdigkeiten shanghai,450,parent: shanghai
de,oxford sehenswürdigkeiten,450,parent: oxford sehenswürdigkeiten
de,st peter ording sehenswürdigkeiten,450,parent: st peter ording sehenswürdigkeiten
de,rabat sehenswürdigkeiten,450,parent: rabat sehenswürdigkeiten
de,würzburg sehenswürdigkeiten 1 tag,450,parent: würzburg sehenswürdigkeiten 1 tag
de,can picafort sehenswürdigkeiten,450,parent: can picafort geheimtipps
de,sehenswürdigkeiten dänemark karte,450,parent: dänemark sehenswürdigkeiten karte
de,röbel sehenswürdigkeiten,450,parent: röbel sehenswürdigkeiten
de,paris sehenswürdigkeiten geheimtipp,450,parent: paris geheimtipps
de,rhön sehenswürdigkeiten,450,parent: wo ist die rhön am schönsten
de,sehenswürdigkeiten südschweden,450,parent: sehenswürdigkeiten südschweden
de,namur sehenswürdigkeiten,450,parent: namur sehenswürdigkeiten
de,sehenswürdigkeiten in willingen,450,parent: willingen aktivitäten
de,sehenswürdigkeiten playa de muro stadt,450,parent: sehenswürdigkeiten playa de muro stadt
de,michelstadt sehenswürdigkeiten,450,parent: sehenswürdigkeiten michelstadt
de,sehenswürdigkeiten bautzen,450,parent: sehenswürdigkeiten bautzen
de,sehenswürdigkeiten in zürich,450,parent: zürich sehenswürdigkeiten
de,biarritz sehenswürdigkeiten,450,parent: sehenswürdigkeiten biarritz
de,sehenswürdigkeiten lüttich,450,parent: lüttich sehenswürdigkeiten
de,ilmenau sehenswürdigkeiten,450,parent: ilmenau sehenswürdigkeiten
de,sehenswürdigkeiten in venedig,450,parent: venedig sehenswürdigkeiten
de,sehenswürdigkeiten side,450,parent: side sehenswürdigkeiten
de,sehenswürdigkeiten indien,450,parent: indien sehenswürdigkeiten
de,bad sachsa sehenswürdigkeiten,450,parent: bad sachsa sehenswürdigkeiten
de,ottawa sehenswürdigkeiten,450,parent: ottawa
de,calgary sehenswürdigkeiten,450,parent: calgary
de,masuren sehenswürdigkeiten,450,parent: masuren sehenswürdigkeiten
de,ankara sehenswürdigkeiten,450,parent: ankara sehenswürdigkeiten
de,sehenswürdigkeiten kairo,450,parent: kairo
de,valldemossa sehenswürdigkeiten,450,parent: valldemossa sehenswürdigkeiten
de,cherbourg sehenswürdigkeiten,450,parent: cherbourg sehenswürdigkeiten
de,sehenswürdigkeiten mallorca karte,450,parent: mallorca sehenswürdigkeiten
de,sehenswürdigkeiten las vegas,450,parent: sehenswürdigkeiten las vegas
de,darß sehenswürdigkeiten,450,parent: zingst sehenswürdigkeiten
de,sehenswürdigkeiten sardinien karte,450,parent: sehenswürdigkeiten sardinien
de,manavgat sehenswürdigkeiten,450,parent: manavgat sehenswürdigkeiten
de,route 66 sehenswürdigkeiten,450,parent: route 66 los angeles
de,sibiu sehenswürdigkeiten,450,parent: sibiu sehenswürdigkeiten
de,sehenswürdigkeiten in belgien,450,parent: sehenswürdigkeiten in belgien
de,burghausen sehenswürdigkeiten,450,parent: burghausen sehenswürdigkeiten
de,fukuoka sehenswürdigkeiten,450,parent: fukuoka sehenswürdigkeiten
de,tondern sehenswürdigkeiten,450,parent: tonder
de,cala ratjada sehenswürdigkeiten,450,parent: cala ratjada sehenswürdigkeiten
de,neustadt in holstein sehenswürdigkeiten,450,parent: neustadt in holstein sehenswürdigkeiten
de,udine sehenswürdigkeiten,450,parent: udine
de,mönchengladbach sehenswürdigkeiten,450,parent: mönchengladbach sehenswürdigkeiten
de,sehenswürdigkeiten zagreb,450,parent: zagreb sehenswürdigkeiten
de,koserow sehenswürdigkeiten,450,parent: koserow sehenswürdigkeiten
de,sehenswürdigkeiten in england,450,parent: sehenswürdigkeiten england
de,wertheim sehenswürdigkeiten,450,parent: wertheim sehenswürdigkeiten
de,perth sehenswürdigkeiten,450,parent: perth sehenswürdigkeiten
de,paphos sehenswürdigkeiten,450,parent: paphos zypern
de,sehenswürdigkeiten in oldenburg,450,parent: oldenburg sehenswürdigkeiten
de,aruba sehenswürdigkeiten,450,parent: aruba sehenswürdigkeiten
de,sehenswürdigkeiten liverpool,450,parent: liverpool stadt
de,sehenswürdigkeiten kuala lumpur,450,parent: kuala lumpur sehenswürdigkeiten
de,eguisheim sehenswürdigkeiten,450,parent: eguisheim sehenswürdigkeiten
de,sehenswürdigkeiten genua,450,parent: sehenswürdigkeiten genua
de,sehenswürdigkeiten in schottland,450,parent: schottland sehenswürdigkeiten
de,sehenswürdigkeiten in brügge,450,parent: brügge sehenswürdigkeiten
de,sehenswürdigkeiten bergen,450,parent: bergen sehenswürdigkeiten
de,taormina sehenswürdigkeiten,450,parent: sehenswürdigkeiten taormina
de,la rochelle sehenswürdigkeiten,450,parent: la rochelle sehenswürdigkeiten
de,sehenswürdigkeiten in monschau,450,parent: monschau sehenswürdigkeiten
de,sehenswürdigkeiten reykjavik,450,parent: reykjavik sehenswürdigkeiten
de,cork sehenswürdigkeiten,450,parent: cork sehenswürdigkeiten
de,seligenstadt sehenswürdigkeiten,400,parent: seligenstadt sehenswürdigkeiten
de,gotland sehenswürdigkeiten,400,parent: gotland schweden
de,tansania sehenswürdigkeiten,400,parent: tansania sehenswürdigkeiten
de,brescia sehenswürdigkeiten,400,parent: brescia
de,solingen sehenswürdigkeiten,400,parent: solingen sehenswürdigkeiten
de,sehenswürdigkeiten pula,400,parent: pula sehenswürdigkeiten
de,sehenswürdigkeiten in utrecht,400,parent: sehenswürdigkeiten in utrecht
de,sehenswürdigkeiten neuseeland,400,parent: sehenswürdigkeiten neuseeland
de,wolfenbüttel sehenswürdigkeiten,400,parent: wolfenbüttel sehenswürdigkeiten
de,middelburg sehenswürdigkeiten,400,parent: middelburg niederlande
de,sehenswürdigkeiten elsass,400,parent: elsass sehenswürdigkeiten
de,salzwedel sehenswürdigkeiten,400,parent: salzwedel sehenswürdigkeiten
de,friedrichskoog sehenswürdigkeiten,400,parent: friedrichskoog sehenswürdigkeiten
de,sehenswürdigkeiten in groningen,400,parent: groningen sehenswürdigkeiten
de,iserlohn sehenswürdigkeiten,400,parent: iserlohn sehenswürdigkeiten
de,malediven sehenswürdigkeiten,400,parent: malediven sehenswürdigkeiten
de,neumünster sehenswürdigkeiten,400,parent: neumünster sehenswürdigkeiten
de,sehenswürdigkeiten bilbao,400,parent: bilbao sehenswürdigkeiten
de,wasserfall kempten allgäu sehenswürdigkeiten,400,parent: wasserfall kempten allgäu sehenswürdigkeiten
de,sehenswürdigkeiten oberhausen,400,parent: sehenswürdigkeiten oberhausen
de,toledo sehenswürdigkeiten,400,parent: toledo sehenswürdigkeiten
de,nordfjordeid sehenswürdigkeiten,400,parent: nordfjordeid
de,denver sehenswürdigkeiten,400,parent: denver sehenswürdigkeiten
de,heppenheim sehenswürdigkeiten,400,parent: heppenheim sehenswürdigkeiten
de,lemgo sehenswürdigkeiten,400,parent: lemgo sehenswürdigkeiten
de,sehenswürdigkeiten timmendorfer strand,400,parent: was kann man am timmendorfer strand machen
de,taipei sehenswürdigkeiten,400,parent: taipei sehenswürdigkeiten
de,sehenswürdigkeiten in swinemünde,400,parent: swinemünde sehenswürdigkeiten
de,sehenswürdigkeiten istrien,400,parent: sehenswürdigkeiten istrien
de,kiel altstadt sehenswürdigkeiten,400,parent: kiel sehenswürdigkeiten zu fuß
de,bad camberg sehenswürdigkeiten,400,parent: bad camberg sehenswürdigkeiten
de,krumau sehenswürdigkeiten,400,parent: krumau sehenswürdigkeiten
de,sehenswürdigkeiten tallinn,400,parent: tallinn sehenswürdigkeiten
de,moskau sehenswürdigkeiten,400,parent: moskau sehenswürdigkeiten
de,caorle sehenswürdigkeiten,400,parent: caorle italien
de,sehenswürdigkeiten chicago,400,parent: chicago sehenswürdigkeiten
de,esens sehenswürdigkeiten,400,parent: esens sehenswürdigkeiten
de,armenien sehenswürdigkeiten,400,parent: armenien sehenswürdigkeiten
de,leipzig sehenswürdigkeiten 1 tag,400,parent: leipzig tipps
de,sehenswürdigkeiten hildesheim,400,parent: hildesheim sehenswürdigkeiten
de,sehenswürdigkeiten in sri lanka,400,parent: sri lanka sehenswürdigkeiten
de,narvik sehenswürdigkeiten,400,parent: narvik auf eigene faust
de,sehenswürdigkeiten lago maggiore,400,parent: lago maggiore sehenswürdigkeiten
de,sehenswürdigkeiten apulien,400,parent: apulien sehenswürdigkeiten
de,nordirland sehenswürdigkeiten,400,parent: sehenswürdigkeiten nordirland
de,butjadingen sehenswürdigkeiten,400,parent: butjadingen sehenswürdigkeiten
de,schliersee sehenswürdigkeiten,400,parent: schliersee geheimtipps
de,erding sehenswürdigkeiten,400,parent: erding sehenswürdigkeiten
de,sehenswürdigkeiten in waren (müritz),400,parent: geheimtipps müritz
de,bernburg sehenswürdigkeiten,400,parent: bernburg sehenswürdigkeiten
de,bolivien sehenswürdigkeiten,400,parent: bolivien sehenswürdigkeiten
de,korfu sehenswürdigkeiten geheimtipps,400,parent: korfu sehenswürdigkeiten geheimtipps
de,sehenswürdigkeiten in albanien,400,parent: sehenswürdigkeiten albanien
de,alaska sehenswürdigkeiten,400,parent: alaska sehenswürdigkeiten
de,höxter sehenswürdigkeiten,400,parent: höxter sehenswürdigkeiten
de,insel reichenau sehenswürdigkeiten,400,parent: insel reichenau sehenswürdigkeiten
de,hong kong sehenswürdigkeiten,400,parent: hongkong sehenswürdigkeiten
de,immenstadt sehenswürdigkeiten,400,parent: immenstadt sehenswürdigkeiten
de,sao paulo sehenswürdigkeiten,400,parent: sehenswürdigkeiten sao paulo
de,rhodos sehenswürdigkeiten geheimtipps,400,parent: rhodos geheimtipps
de,mumbai sehenswürdigkeiten,400,parent: mumbai sehenswürdigkeiten
de,bibione sehenswürdigkeiten,400,parent: bibione sehenswürdigkeiten
de,rhodos sehenswürdigkeiten karte,400,parent: mögliche aktivitäten in rhodos
de,penang sehenswürdigkeiten,400,parent: penang sehenswürdigkeiten
de,bad elster sehenswürdigkeiten,400,parent: bad elster sehenswürdigkeiten
de,rottweil sehenswürdigkeiten,400,parent: rottweil sehenswürdigkeiten
de,sehenswürdigkeiten in mainz,400,parent: sehenswürdigkeiten mainz
de,sigmaringen sehenswürdigkeiten,400,parent: sigmaringen sehenswürdigkeiten
de,seiffen sehenswürdigkeiten,400,parent: seiffen
de,bad sulza sehenswürdigkeiten,400,parent: bad sulza sehenswürdigkeiten
de,bad staffelstein sehenswürdigkeiten,400,parent: bad staffelstein altstadt
de,bamberg sehenswürdigkeiten karte,400,parent: bamberg sehenswürdigkeiten karte
de,antibes sehenswürdigkeiten,400,parent: antibes
de,bottrop sehenswürdigkeiten,400,parent: bottrop sehenswürdigkeiten
de,belek sehenswürdigkeiten,400,parent: belek sehenswürdigkeiten
de,altes land sehenswürdigkeiten,400,parent: altes land sehenswürdigkeiten
de,sehenswürdigkeiten monaco,400,parent: sehenswürdigkeiten monaco
de,sehenswürdigkeiten turin,400,parent: turin
de,sehenswürdigkeiten granada,400,parent: granada sehenswürdigkeiten
de,lörrach sehenswürdigkeiten,400,parent: lörrach sehenswürdigkeiten
de,peloponnes sehenswürdigkeiten,400,parent: peloponnes sehenswürdigkeiten
de,sehenswürdigkeiten in sachsen,400,parent: sachsen sehenswürdigkeiten
de,sehenswürdigkeiten ravensburg,400,parent: ravensburg sehenswürdigkeiten
de,sehenswürdigkeiten südtirol,400,parent: sehenswürdigkeiten südtirol
de,arendsee sehenswürdigkeiten,400,parent: arendsee sehenswürdigkeiten
de,sehenswürdigkeiten fränkische schweiz,400,parent: fränkische schweiz schönste orte
de,sehenswürdigkeiten wales,400,parent: wales sehenswürdigkeiten
de,hamburg sehenswürdigkeiten karte,400,parent: hamburg tourist info
de,volkach sehenswürdigkeiten,400,parent: volkach sehenswürdigkeiten
de,okinawa sehenswürdigkeiten,400,parent: okinawa sehenswürdigkeiten
de,nesselwang sehenswürdigkeiten,400,parent: nesselwang sehenswürdigkeiten
de,nordstrand sehenswürdigkeiten,400,parent: nordstrand geheimtipp
de,isle of skye sehenswürdigkeiten,400,parent: isle of skye
de,sehenswürdigkeiten an der mosel,400,parent: mosel sehenswürdigkeiten
de,sehenswürdigkeiten bukarest,400,parent: sehenswürdigkeiten bukarest
de,sehenswürdigkeiten sofia,400,parent: sofia sehenswürdigkeiten
de,caen sehenswürdigkeiten,400,parent: caen sehenswürdigkeiten
de,sehenswürdigkeiten in breslau,400,parent: breslau sehenswürdigkeiten
de,sehenswürdigkeiten bosnien,400,parent: bosnien urlaub
de,bremen sehenswürdigkeiten zu fuß,400,parent: bremen altstadt
de,sehenswürdigkeiten sansibar,350,parent: sansibar sehenswürdigkeiten
de,brilon sehenswürdigkeiten,350,parent: brilon sehenswürdigkeiten
de,insel rügen sehenswürdigkeiten,350,parent: rügen unternehmungen
de,lutherstadt wittenberg sehenswürdigkeiten,350,parent: wittenberg sehenswürdigkeiten
de,sehenswürdigkeiten eckernförde,350,parent: sehenswürdigkeiten eckernförde
de,volterra sehenswürdigkeiten,350,parent: volterra sehenswürdigkeiten
de,burg auf fehmarn sehenswürdigkeiten,350,parent: fehmarn sehenswürdigkeiten
de,bali sehenswürdigkeiten karte,350,parent: bali sehenswürdigkeiten
de,kitzbühel sehenswürdigkeiten,350,parent: kitzbühel altstadt
de,sehenswürdigkeiten seoul,350,parent: seoul sehenswürdigkeiten
de,regensburg altstadt sehenswürdigkeiten,350,parent: regensburg altstadt sehenswürdigkeiten
de,sehenswürdigkeiten in osnabrück,350,parent: osnabrück sehenswürdigkeiten
de,varna sehenswürdigkeiten,350,parent: varna bulgarien
de,santiago de compostela sehenswürdigkeiten,350,parent: santiago de compostela
de,sehenswürdigkeiten köln geheimtipp,350,parent: sehenswürdigkeiten köln geheimtipp
de,ukraine sehenswürdigkeiten,350,parent: ukraine sehenswürdigkeiten
de,soltau sehenswürdigkeiten,350,parent: soltau sehenswürdigkeiten
de,ratzeburg sehenswürdigkeiten,350,parent: ratzeburg sehenswürdigkeiten
de,sehenswürdigkeiten in lanzarote,350,parent: lanzarote sehenswürdigkeiten
de,sehenswürdigkeiten vancouver,350,parent: vancouver sehenswürdigkeiten
de,sehenswürdigkeiten liechtenstein,350,parent: liechtensteinsehenswürdigkeiten
de,schladming sehenswürdigkeiten,350,parent: schladming sehenswürdigkeiten
de,sehenswürdigkeiten am bodensee,350,parent: bodensee sehenswürdigkeiten
de,braga sehenswürdigkeiten,350,parent: braga sehenswürdigkeiten
de,coimbra sehenswürdigkeiten,350,parent: coimbra sehenswürdigkeiten
de,budapest sehenswürdigkeiten karte,350,parent: budapest sehenswürdigkeiten karte
de,villach sehenswürdigkeiten,350,parent: villach sehenswürdigkeiten
de,limburg an der lahn sehenswürdigkeiten,350,parent: limburg sehenswürdigkeiten
de,london karte sehenswürdigkeiten,350,parent: london sehenswürdigkeiten karte
de,beilstein sehenswürdigkeiten,350,parent: beilstein mosel sehenswürdigkeiten
de,garmisch sehenswürdigkeiten,350,parent: garmisch partenkirchen sehenswürdigkeiten
de,new york sehenswürdigkeiten karte,350,parent: sehenswürdigkeiten in new york
de,bad rothenfelde sehenswürdigkeiten,350,parent: bad rothenfelde sehenswürdigkeiten
de,franzensbad sehenswürdigkeiten,350,parent: franzensbad
de,sehenswürdigkeiten oberstdorf,350,parent: oberstdorf sehenswürdigkeiten
de,de haan sehenswürdigkeiten,350,parent: de haan sehenswürdigkeiten
de,sehenswürdigkeiten sassnitz,350,parent: sassnitz sehenswürdigkeiten
de,orleans sehenswürdigkeiten,350,parent: orleans frankreich
de,sehenswürdigkeiten in den haag,350,parent: den haag sehenswürdigkeiten
de,riquewihr sehenswürdigkeiten,350,parent: riquewihr
de,karlovy vary sehenswürdigkeiten,350,parent: karlsbad sehenswürdigkeiten
de,lofoten sehenswürdigkeiten,350,parent: lofoten
de,sehenswürdigkeiten in dinkelsbühl,350,parent: dinkelsbühl sehenswürdigkeiten
de,bristol sehenswürdigkeiten,350,parent: bristol sehenswürdigkeiten
de,100 sehenswürdigkeiten nrw,350,parent: 100 sehenswürdigkeiten nrw
de,kolberg polen sehenswürdigkeiten,350,parent: kolberg sehenswürdigkeiten
de,sehenswürdigkeiten pfalz,350,parent: pfalz sehenswürdigkeiten
de,sehenswürdigkeiten in venlo,350,parent: venlo museum
de,alkmaar sehenswürdigkeiten,350,parent: alkmaar sehenswürdigkeiten
de,graal müritz sehenswürdigkeiten,350,parent: graal-müritz geheimtipps
de,tecklenburg sehenswürdigkeiten,350,parent: tecklenburg sehenswürdigkeiten
de,sehenswürdigkeiten in athen,350,parent: sehenswürdigkeiten athen
de,nerja sehenswürdigkeiten,350,parent: nerja sehenswürdigkeiten
de,sehenswürdigkeiten in zinnowitz,350,parent: zinnowitz sehenswürdigkeiten
de,sehenswürdigkeiten fürth,350,parent: fürth sehenswürdigkeiten
de,sehenswürdigkeiten in verona,350,parent: sehenswürdigkeiten verona
de,mulhouse sehenswürdigkeiten,350,parent: mulhouse sehenswürdigkeiten
de,houston sehenswürdigkeiten,350,parent: houston
de,schwetzingen sehenswürdigkeiten,350,parent: schwetzingen sehenswürdigkeiten
de,bad orb sehenswürdigkeiten,350,parent: bad orb sehenswürdigkeiten
de,köln sehenswürdigkeiten kinder,350,parent: köln für kinder
de,kenia sehenswürdigkeiten,350,parent: kenia sehenswürdigkeiten
de,bad muskau sehenswürdigkeiten,350,parent: bad muskau sehenswürdigkeiten
de,inzell sehenswürdigkeiten,350,parent: inzell sehenswürdigkeiten
de,korfu sehenswürdigkeiten karte,350,parent: korfu karte
de,dolomiten sehenswürdigkeiten,350,parent: dolomiten
de,fethiye sehenswürdigkeiten,350,parent: fethiye sehenswürdigkeiten
de,spessart sehenswürdigkeiten,350,parent: spessart sehenswürdigkeiten
de,civitavecchia sehenswürdigkeiten,350,parent: civitavecchia altstadt
de,sehenswürdigkeiten in bangkok,350,parent: bangkok sehenswürdigkeiten
de,straubing sehenswürdigkeiten,350,parent: straubing sehenswürdigkeiten
de,sehenswürdigkeiten in bielefeld,350,parent: bielefeld sehenswürdigkeiten
de,colombo sehenswürdigkeiten,350,parent: colombo sehenswürdigkeiten
de,nepal sehenswürdigkeiten,350,parent: nepal sehenswürdigkeiten
de,sizilien sehenswürdigkeiten karte,350,parent: sizilien sehenswürdigkeiten karte
de,indonesien sehenswürdigkeiten,350,parent: indonesien sehenswürdigkeiten
de,istanbul sehenswürdigkeiten karte,350,parent: istanbul sehenswürdigkeiten
de,wasserfall titisee sehenswürdigkeiten,350,parent: wasserfall titisee sehenswürdigkeiten
de,sehenswürdigkeiten in krakau,350,parent: krakau sehenswürdigkeiten
de,mecklenburgische seenplatte sehenswürdigkeiten,350,parent: sehenswürdigkeiten mecklenburgische seenplatte
de,ueckermünde sehenswürdigkeiten,350,parent: ueckermünde sehenswürdigkeiten
de,ramsau am dachstein sehenswürdigkeiten,350,parent: schladming sehenswürdigkeiten
de,umag sehenswürdigkeiten,350,parent: umag geheimtipps
de,sardinien sehenswürdigkeiten karte,350,parent: sardinien sehenswürdigkeiten karte
de,bad flinsberg sehenswürdigkeiten,350,parent: bad flinsberg sehenswürdigkeiten
de,sehenswürdigkeiten mönchengladbach,350,parent: mönchengladbach sehenswürdigkeiten
de,idar-oberstein sehenswürdigkeiten,350,parent: idar-oberstein sehenswürdigkeiten
de,atlanta sehenswürdigkeiten,350,parent: atlanta
de,bensheim sehenswürdigkeiten,350,parent: bensheim sehenswürdigkeiten
de,warburg sehenswürdigkeiten,350,parent: warburg sehenswürdigkeiten
de,zaandam sehenswürdigkeiten,350,parent: zaandam sehenswürdigkeiten
de,sehenswürdigkeiten zadar,350,parent: zadar sehenswürdigkeiten
de,grönland sehenswürdigkeiten,350,parent: grönland sehenswürdigkeiten
de,sehenswürdigkeiten in bad füssing,350,parent: sehenswürdigkeiten bad füssing
de,südengland sehenswürdigkeiten,350,parent: südengland
de,großbritannien sehenswürdigkeiten,350,parent: sehenswürdigkeiten england
de,sehenswürdigkeiten schwäbisch hall,350,parent: schwäbisch hall altstadt
de,sehenswürdigkeiten in marrakesch,350,parent: marrakesch sehenswürdigkeiten
de,baku sehenswürdigkeiten,350,parent: baku sehenswürdigkeiten
de,duderstadt sehenswürdigkeiten,350,parent: duderstadt sehenswürdigkeiten
de,ho chi minh city sehenswürdigkeiten,350,parent: ho chi minh sehenswürdigkeiten
de,"notting hill, london sehenswürdigkeiten",350,parent: notting hill london
de,pattaya sehenswürdigkeiten,350,parent: pattaya sehenswürdigkeiten
de,grimma sehenswürdigkeiten,350,parent: grimma sehenswürdigkeiten
de,maasholm sehenswürdigkeiten,350,parent: maasholm sehenswürdigkeiten
de,lübeck sehenswürdigkeiten zu fuß,350,parent: stadtrundgang lübeck
de,sehenswürdigkeiten binz,350,parent: binz sehenswürdigkeiten
de,bispingen sehenswürdigkeiten,350,parent: bispingen aktivitäten
de,sehenswürdigkeiten london karte,350,parent: london sehenswürdigkeiten
de,naxos sehenswürdigkeiten,350,parent: naxos sehenswürdigkeiten
de,bekannte sehenswürdigkeiten in bayern,350,parent: sehenswürdigkeiten bayern
de,sehenswürdigkeiten in thailand,350,parent: thailand sehenswürdigkeiten
de,sehenswürdigkeiten in oslo,350,parent: oslo sehenswürdigkeiten
de,amalfiküste sehenswürdigkeiten,350,parent: neapel amalfiküste
de,menton sehenswürdigkeiten,350,parent: menton
de,ückeritz sehenswürdigkeiten,350,parent: ückeritz sehenswürdigkeiten
de,sehenswürdigkeiten in jena,350,parent: jena sehenswürdigkeiten
de,sehenswürdigkeiten odenwald,350,parent: odenwald sehenswürdigkeiten
de,canberra sehenswürdigkeiten,350,parent: canberra sehenswürdigkeiten
de,ahrenshoop sehenswürdigkeiten,350,parent: ahrenshoop
de,podgorica sehenswürdigkeiten,350,parent: podgorica
de,nordkap sehenswürdigkeiten,350,parent: nordkap sehenswürdigkeiten
de,brasov sehenswürdigkeiten,350,parent: brasov
de,auckland sehenswürdigkeiten,350,parent: auckland sehenswürdigkeiten
de,schmallenberg sehenswürdigkeiten,350,parent: schmallenberg sehenswürdigkeiten
de,sehenswürdigkeiten in los angeles,350,parent: los angeles sehenswürdigkeiten
de,jerez de la frontera sehenswürdigkeiten,350,parent: jerez de la frontera sehenswürdigkeiten
de,sehenswürdigkeiten funchal,350,parent: funchal sehenswürdigkeiten
de,bad tabarz sehenswürdigkeiten,350,parent: bad tabarz sehenswürdigkeiten
de,tavira sehenswürdigkeiten,350,parent: ferragudo portugal
de,sehenswürdigkeiten rom karte,350,parent: rom sehenswürdigkeiten karte
de,sehenswürdigkeiten texas,350,parent: texas
de,irland sehenswürdigkeiten karte,350,parent: sehenswürdigkeiten irland karte
de,schottland sehenswürdigkeiten karte,350,parent: schottland sehenswürdigkeiten
de,mailand sehenswürdigkeiten karte,350,parent: mailand sehenswürdigkeiten
de,günzburg sehenswürdigkeiten,350,parent: günzburg sehenswürdigkeiten
de,ilsenburg sehenswürdigkeiten,350,parent: ilsenburg sehenswürdigkeiten
de,scheveningen sehenswürdigkeiten,350,parent: scheveningen aktivitäten
de,sehenswürdigkeiten kyoto,350,parent: kyoto sehenswürdigkeiten
de,sehenswürdigkeiten in madeira,300,parent: sehenswürdigkeiten madeira
de,sehenswürdigkeiten in finnland,300,parent: sehenswürdigkeiten finnland
de,timisoara sehenswürdigkeiten,300,parent: timisoara
de,pescara sehenswürdigkeiten,300,parent: pescara sehenswürdigkeiten
de,ribe sehenswürdigkeiten,300,parent: ribe dänemark
de,cozumel sehenswürdigkeiten,300,parent: cozumel
de,sehenswürdigkeiten cagliari,300,parent: sehenswürdigkeiten cagliari
de,südamerika sehenswürdigkeiten,300,parent: südamerika sehenswürdigkeiten
de,titisee schwarzwald sehenswürdigkeiten,300,parent: titisee sehenswürdigkeiten
de,calw sehenswürdigkeiten,300,parent: calw sehenswürdigkeiten
de,wustrow sehenswürdigkeiten,300,parent: wustrow sehenswürdigkeiten
de,eidfjord sehenswürdigkeiten,300,parent: eidfjord
de,arcen sehenswürdigkeiten,300,parent: arcen altstadt
de,sehenswürdigkeiten in rerik,300,parent: reril
de,córdoba sehenswürdigkeiten,300,parent: cordoba sehenswürdigkeiten
de,nürnberg sehenswürdigkeiten zu fuß,300,parent: nürnberg sehenswürdigkeiten zu fuß
de,eisenhüttenstadt sehenswürdigkeiten,300,parent: eisenhüttenstadt sehenswürdigkeiten
de,nordmazedonien sehenswürdigkeiten,300,parent: nordmazedonien sehenswürdigkeiten
de,leuven sehenswürdigkeiten,300,parent: leuven sehenswürdigkeiten
de,ninh binh sehenswürdigkeiten,300,parent: ninh binh sehenswürdigkeiten
de,sehenswürdigkeiten in marokko,300,parent: marokko sehenswürdigkeiten
de,besancon sehenswürdigkeiten,300,parent: besancon sehenswürdigkeiten
de,rennes sehenswürdigkeiten,300,parent: rennes
de,sehenswürdigkeiten in seychellen,300,parent: seychellen sehenswürdigkeiten
de,grenada sehenswürdigkeiten,300,parent: grenada
de,südnorwegen sehenswürdigkeiten,300,parent: südnorwegen
de,heidelberg sehenswürdigkeiten zu fuß,300,parent: heidelberg sehenswürdigkeiten zu fuß
de,insel krk sehenswürdigkeiten,300,parent: krk sehenswürdigkeiten
de,cardiff sehenswürdigkeiten,300,parent: cardiff sehenswürdigkeiten
de,soller sehenswürdigkeiten,300,parent: soller
de,regensburg sehenswürdigkeiten 1 tag,300,parent: regensburg sehenswürdigkeiten
de,sehenswürdigkeiten moskau,300,parent: sehenswürdigkeiten moskau
de,kemer sehenswürdigkeiten,300,parent: kemer sehenswürdigkeiten
de,santiago de chile sehenswürdigkeiten,300,parent: santiago de chile sehenswürdigkeiten
de,stockholm sehenswürdigkeiten karte,300,parent: sehenswürdigkeiten stockholm
de,sehenswürdigkeiten peking,300,parent: peking
de,sehenswürdigkeiten in duisburg,300,parent: duisburg sehenswürdigkeiten
de,sehenswürdigkeiten in aurich,300,parent: aurich sehenswürdigkeiten
de,sehenswürdigkeiten siegen,300,parent: sehenswürdigkeiten siegen
de,sehenswürdigkeiten in kanada,300,parent: kanada sehenswürdigkeiten
de,kaliningrad sehenswürdigkeiten,300,parent: kaliningrad sehenswürdigkeiten
de,crailsheim sehenswürdigkeiten,300,parent: crailsheim sehenswürdigkeiten
de,madeira karte sehenswürdigkeiten,300,parent: madeira sehenswürdigkeiten
de,matera sehenswürdigkeiten,300,parent: matera sehenswürdigkeiten
de,marktoberdorf sehenswürdigkeiten,300,parent: marktoberdorf sehenswürdigkeiten
de,sehenswürdigkeiten in sassnitz,300,parent: sassnitz sehenswürdigkeiten
de,triberg sehenswürdigkeiten,300,parent: triberg sehenswürdigkeiten
de,sehenswürdigkeiten amerika,300,parent: sehenswürdigkeiten usa
de,holzminden sehenswürdigkeiten,300,parent: holzminden sehenswürdigkeiten
de,sehenswürdigkeiten comer see,300,parent: comer see beste orte
de,sehenswürdigkeiten in der türkei,300,parent: türkei sehenswürdigkeiten
de,jesolo sehenswürdigkeiten,300,parent: jesolo geheimtipp
de,sehenswürdigkeiten in norden,300,parent: norden
de,sehenswürdigkeiten osaka,300,parent: osaka sehenswürdigkeiten
de,sehenswürdigkeiten meersburg,300,parent: meersburg sehenswürdigkeiten
de,etretat sehenswürdigkeiten,300,parent: etretat frankreich
de,saalfeld sehenswürdigkeiten,300,parent: saalfeld sehenswürdigkeiten
de,alexandria sehenswürdigkeiten,300,parent: alexandria sehenswürdigkeiten
de,rinteln sehenswürdigkeiten,300,parent: rinteln sehenswürdigkeiten
de,apolda sehenswürdigkeiten,300,parent: sehenswürdigkeiten apolda
de,salt lake city sehenswürdigkeiten,300,parent: salt lake city
de,hollywood sehenswürdigkeiten,300,parent: hollywood sehenswürdigkeiten
de,sehenswürdigkeiten kalabrien,300,parent: kalabrien sehenswürdigkeiten
de,phu quoc sehenswürdigkeiten,300,parent: phu quoc sehenswürdigkeiten
de,sehenswürdigkeiten hanoi,300,parent: sehenswürdigkeiten hanoi
de,mainz sehenswürdigkeiten 1 tag,300,parent: mainz sehenswürdigkeiten 1 tag
de,sehenswürdigkeiten in lüttich,300,parent: lüttich sehenswürdigkeiten
de,usedom stadt sehenswürdigkeiten,300,parent: usedom stadt
de,stuttgart sehenswürdigkeiten an einem tag,300,parent: stuttgart sehenswürdigkeiten an einem tag
de,manila sehenswürdigkeiten,300,parent: manila
de,sehenswürdigkeiten nordrhein-westfalen,300,parent: nordrhein westfalen sehenswürdigkeiten
en,things to do in chicago,88000,
en,things to do in san diego,55000,
en,things to do in nashville,52000,
en,best things to do in chicago,48000,
en,things to do in las vegas,44000,
en,things to do in orlando,42000,
en,things to do in atlanta,40000,
en,things to do in boston,40000,
en,things to do in denver,40000,
en,things to do in dallas,39000,
en,things to do in miami,39000,
en,things to do in la,37000,
en,things to do in seattle,35000,
en,things to do in vegas,34000,
en,things to do in new orleans,33000,
en,things to do in san antonio,33000,
en,things to do in houston,32000,
en,things to do in new york,31000,
en,things to do in nyc,30000,
en,things to do in san francisco,29000,
en,things to do in austin,28000,
en,things to do in charleston sc,28000,
en,things to do in tampa,26000,
en,things to do in pigeon forge,26000,
en,things to do in myrtle beach,25000,
en,things to do in savannah ga,25000,
en,things to do in london,24000,
en,things to do in colorado springs,22000,
en,things to do in charlotte nc,22000,
en,things to do in gatlinburg,22000,
en,things to do in paris,21000,
en,things to do in los angeles,21000,
en,things to do in orlando florida,20000,
en,things to do in philadelphia,20000,
en,things to do in portland,20000,
en,things to do in phoenix,20000,
en,things to do in puerto rico,19000,
en,things to do in key west,19000,
en,things to do in kansas city,18000,
en,things to do in fort lauderdale,18000,
en,things to do in washington dc,18000,
en,things to do in dc,17000,
en,things to do in maui,17000,
en,things to do in branson mo,17000,
en,things to do in indianapolis,17000,
en,things to do in st louis,16000,
en,things to do in denver colorado,16000,
en,things to do in salt lake city,16000,
en,things to do in sedona,16000,
en,things to do in pittsburgh,16000,
en,things to do in florida,16000,
en,things to do in toronto,16000,
en,things to do in palm springs,15000,
en,things to do in honolulu,15000,
en,things to do in portland maine,15000,
en,things to do in minneapolis,15000,
en,things to do in chattanooga,14000,
en,things to do in st augustine,14000,
en,things to do in japan,14000,
en,things to do in arizona,14000,
en,things to do in rome,14000,
en,things to do in amsterdam,14000,
en,things to do in santa barbara,14000,
en,things to do in hawaii,13000,
en,things to do in portland oregon,13000,
en,things to do in columbus ohio,13000,
en,things to do in destin florida,13000,
en,things to do in austin texas,13000,
en,things to do in asheville nc,12000,
en,things to do in mexico city,12000,
en,things to do in barcelona,12000,
en,things to do in costa rica,12000,
en,things to do in montreal,12000,
en,things to do in dubai,12000,
en,things to do in phoenix arizona,11000,
en,things to do in maine,11000,
en,things to do in louisville ky,11000,
en,things to do in galveston,11000,
en,things to do in salem ma,10000,
en,things to do in milwaukee,10000,
en,things to do in michigan,10000,
en,things to do in oahu,10000,
en,things to do in vancouver,10000,
en,things to do in santa fe,9900,
en,things to do in lisbon,9800,
en,things to do in cancun,9700,
en,things to do in kauai,9700,
en,things to do in sarasota,9500,
en,things to do in flagstaff,9400,
en,things to do in madrid,9400,
en,things to do in new york city,9400,
en,things to do in nashville tn,9300,
en,things to do in san jose,9300,
en,things to do in reno,9000,
en,things to do in tucson,8800,
en,things to do in corpus christi,8700,
en,things to do in dallas texas,8600,
en,things to do in lancaster pa,8600,
en,things to do in wilmington nc,8500,
en,things to do in kentucky,8300,
en,things to do in iceland,8200,
en,things to do in cleveland ohio,8100,
en,things to do in new mexico,8000,
en,things to do in knoxville tn,7900,
en,things to do in south carolina,7800,
en,things to do in puerto vallarta,7700,
en,things to do in punta cana,7700,
en,things to do in singapore,7700,
en,things to do in kyoto,7600,
en,things to do in lexington ky,7500,
en,things to do in montana,7500,
en,things to do in virginia,7400,
en,things to do in monterey,7400,
en,things to do in hilton head,7400,
en,things to do in fredericksburg tx,7400,
en,things to do in tulum,7300,
en,things to do in pensacola,7300,
en,things to do in savannah,7300,
en,things to do in fort worth,7300,
en,things to do in lake tahoe,7200,
en,things to do in tulsa,7100,
en,things to do in quebec city,7000,
en,things to do in brooklyn,7000,
en,things to do in greenville sc,7000,
en,things to do in utah,7000,
en,things to do in italy,6900,
en,things to do in panama city,6900,
en,things to do in oregon,6900,
en,things to do in oklahoma city,6800,
en,things to do in alaska,6700,
en,things to do in dublin,6700,
en,things to do in waco,6600,
en,things to do in el paso,6600,
en,things to do in long beach,6500,
en,things to do in st thomas,6500,
en,things to do in milan,6400,
en,things to do in charleston,6400,
en,things to do in greece,6400,
en,things to do in traverse city,6300,
en,things to do in seoul,6300,
en,things to do in williamsburg va,6300,
en,things to do in prague,6200,
en,things to do in buffalo ny,6100,
en,things to do in omaha,6100,
en,things to do in nassau bahamas,6100,
en,things to do in jamaica,6100,
en,things to do in cabo,6000,
en,things to do in munich,6000,
en,things to do in gulf shores,6000,
en,things to do in key largo,6000,
en,things to do in santa cruz,6000,
en,things to do in venice,5900,
en,things to do in blue ridge ga,5800,
en,things to do in breckenridge,5700,
en,things to do in maryland,5700,
en,things to do in spain,5600,
en,things to do in zurich,5600,
en,things to do in big bear,5600,
en,things to do in columbia sc,5600,
en,things to do in edinburgh,5500,
en,things to do in bali,5400,
en,things to do in scotland,5400,
en,things to do in cabo san lucas,5300,
en,things to do in belize,5300,
en,things to do in connecticut,5300,
en,things to do in manhattan,5200,
en,things to do in estes park,5200,
en,things to do in boise,5200,
en,things to do in switzerland,5100,
en,things to do in bozeman mt,5100,
en,things to do in newport ri,5000,
en,things to do in florence,5000,
en,things to do in cocoa beach,5000,
en,things to do in leavenworth,4900,
en,things to do in louisville,4900,
en,things to do in tallahassee,4800,
en,things to do in rhode island,4800,
en,things to do in birmingham al,4800,
en,things to do in athens,4800,
en,things to do in istanbul,4700,
en,things to do in chile,4700,
en,things to do in moab,4700,
en,things to do in cape cod,4700,
en,things to do in copenhagen,4700,
en,things to do in bangkok,4700,
en,things to do in vienna,4700,
en,things to do in new hampshire,4600,
en,things to do in turks and caicos,4600,
en,things to do in budapest,4600,
en,things to do in porto,4500,
en,things to do in naples,4500,
en,things to do in thailand,4400,
en,things to do in vietnam,4300,
en,things to do in morocco,4300,
en,things to do in maui hawaii,4300,
en,things to do in cozumel,4200,
en,things to do in washington state,4200,
en,things to do in peru,4200,
en,things to do in curacao,4200,
en,things to do in victoria bc,4200,
en,things to do in dublin ireland,4200,
en,things to do in athens greece,4100,
en,things to do in santorini,4100,
en,things to do in berlin,4100,
en,things to do in south dakota,4000,
en,things to do in grand rapids,4000,
en,things to do in bar harbor maine,4000,
en,things to do in argentina,4000,
en,things to do in nara,1900,parent: things to do in nara
en,things to do in auckland,1900,parent: things to do in auckland new zealand
en,things to do in broken bow,1900,parent: things to do in broken bow
en,things to do in saint louis,1900,parent: things to do st louis
en,things to do in mobile,1900,parent: things to do in mobile alabama
en,things to do in crete,1900,parent: things to do in crete
en,things to do in fort wayne,1900,parent: fort wayne events
en,things to do in brisbane,1900,parent: things to do in brisbane
en,things to do in monterrey mexico,1900,parent: things to do in monterrey mexico
en,things to do in sorrento,1900,parent: things to do in sorrento
en,things to do in mykonos,1900,parent: things to do in mykonos
en,things to do in cape may nj,1900,parent: cape may attractions
en,things to do in hot springs ar,1900,parent: things to do in hot springs arkansas
en,things to do in charleston south carolina,1900,parent: things to do in charleston sc
en,things to do in bryson city,1900,parent: bryson city nc things to do
en,things to do in paris with kids,1900,parent: things to do in paris with kids
en,things to do in salem massachusetts,1900,parent: things to do in salem ma
en,things to do in rotterdam,1900,parent: things to do in rotterdam
en,things to do in cancun mexico,1900,parent: things to do in cancun
en,things to do in napa valley,1900,parent: things to do in napa valley
en,things to do in kenya,1900,parent: what to do in kenya
en,things to do in new orleans this weekend,1900,parent: new orleans events
en,things to do in maldives,1900,parent: things to do in maldives
en,things to do in sao paulo,1900,parent: sao paulo things to do
en,things to do in auckland new zealand,1900,parent: things to do in auckland new zealand
en,best things to do in philadelphia,1900,parent: best things to do in philadelphia
en,things to do in cape town,1900,parent: cape town activities
en,things to do in mauritius,1900,parent: best things to do in mauritius
en,things to do in downtown chicago,1900,parent: things to do in chicago
en,things to do in sandusky ohio,1900,parent: things to do in sandusky ohio
en,things to do in fredericksburg va,1900,parent: things to do in fredericksburg va
en,things to do in romania,1900,parent: things to do in romania
en,things to do in marseille,1900,parent: things to do in marseille france
en,best things to do in orlando,1900,parent: things to do in orlando
en,things to do in dubuque iowa,1900,parent: dubuque
en,things to do in ibiza,1800,parent: ibiza
en,things to do in hoi an,1800,parent: ho an
en,things to do in montenegro,1800,parent: things to do in montenegro
en,things to do in valencia,1800,parent: things to do in valencia spain
en,things to do in namibia,1800,parent: what to do in namibia
en,fun things to do in hawaii,1800,parent: things to do in honolulu
en,things to do in valencia spain,1800,parent: valencia spain
en,things to do in lake charles,1800,parent: things to do in lake charles
en,things to do in palo alto,1800,parent: things to do palo alto
en,things to do in vail colorado,1800,parent: things to do in vail
en,free things to do in pigeon forge,1800,parent: free things to do in pigeon forge tn
en,things to do in santa rosa,1800,parent: things to do in santa rosa
en,things to do in wichita ks,1800,parent: what to do near me
en,things to do in vicksburg ms,1800,parent: things to do in vicksburg ms
en,things to do in vienna austria,1800,"parent: vienna, austria things to do"
en,things to do in rogers arkansas,1800,parent: things to do in rogers arkansas
en,things to do in gettysburg,1800,parent: gettysburg things to do
en,things to do in wilmington de,1800,parent: things to do in wilmington de
en,unique things to do in nashville,1800,parent: things to do in nashville
en,things to do in galway ireland,1800,parent: things to do in galway ireland
en,things to do in biloxi,1800,parent: things to do in biloxi ms
en,best things to do in rome,1800,parent: what to do in rome
en,things to do in panama city panama,1800,parent: things to do in panama city florida
en,things to do in kansas city today,1800,parent: events in kansas city today
en,things to do in warsaw,1800,parent: things to do in warsaw poland
en,things to do in north myrtle beach,1800,parent: things to do in north myrtle beach
en,fun things to do in paris,1800,parent: top tourist attractions in paris
en,things to do in overland park,1800,parent: things to do in overland park
en,things to do in tempe,1800,parent: things to do in tempe
en,things to do in manchester,1800,parent: things to do in manchester
en,things to do in verona,1800,parent: things to do in verona italy
en,things to do in los angeles california,1800,parent: things to do in la
en,things to do in wildwood nj,1800,parent: what to do in wildwood nj
en,things to do in florence oregon,1800,parent: things to do in florence oregon
en,things to do in bisbee az,1800,parent: things to do in bisbee
en,things to do in bozeman,1800,parent: things to do in bozeman mt
en,things to do in luxembourg,1800,parent: luxembourg attractions
en,things to do in orange beach alabama,1800,parent: things to do in orange beach
en,things to do in riverside,1800,parent: things to do in riverside
en,things to do in chicago tonight,1800,parent: events in chicago today
en,things to do in missoula,1800,parent: things to do in missoula
en,things to do in milwaukee wisconsin,1800,parent: what to do in milwaukee
en,things to do in oahu hawaii,1800,parent: things to do in honolulu
en,things to do in netherlands,1800,parent: things to do in the netherlands
en,best things to do in kauai,1800,parent: best things to do in kauai
en,things to do in copenhagen denmark,1700,parent: copenhagen
en,things to do in oceanside,1700,parent: things to do in oceanside
en,things to do in sioux falls south dakota,1700,parent: things to do in sioux falls
en,best things to do in atlanta,1700,parent: things to do in atlanta
en,things to do in ho chi minh city,1700,parent: ho chi minh city
en,things to do in holland mi,1700,parent: things to do in holland mi
en,things to do in new orleans with kids,1700,parent: things to do in new orleans with kids
en,things to do in mystic ct,1700,parent: mystic connecticut things to do
en,things to do in pagosa springs,1700,parent: things to do in pagosa springs
en,things to do in durango colorado,1700,parent: things to do in durango co
en,things to do in lubbock texas,1700,parent: things to do in lubbock
en,things to do in seaside oregon,1700,parent: things to do in seaside oregon
en,things to do in philippines,1700,parent: things to do in the philippines
en,things to do in hawaii honolulu,1700,parent: things to do in honolulu
en,best things to do in los angeles,1700,parent: things to do in los angeles
en,things to do in tahiti,1700,parent: tahiti adventures
en,things to do in waco texas,1700,parent: fun things to do in waco
en,things to do in odessa tx,1700,parent: things to do odessa tx
en,things to do in palermo,1700,parent: palermo sicily
en,things to do in la with kids,1700,parent: kids activities los angeles
en,things to do in downtown denver,1700,parent: downtown denver
en,things to do in bonita springs,1700,parent: things to do in bonita springs
en,things to do in jerome az,1700,parent: jerome az things to do
en,things to do in stl,1700,parent: things to do stl
en,things to do in kalispell mt,1700,parent: things to do in kalispell
en,fun things to do in chattanooga,1700,parent: what to do in chattanooga
en,things to do in saugatuck,1700,parent: saugatuck michigan
en,things to do in clarksville tn,1700,parent: things to do in clarksville tn
en,things to do in virginia city,1700,parent: things to do in virginia city
en,fun things to do in austin for adults,1700,parent: things to do in autin
en,free things to do in vegas,1700,parent: cheap things to do in vegas
en,fun things to do in california,1700,parent: things to do in california
en,things to do in ithaca ny,1700,parent: things to do in ithaca
en,things to do in albany,1700,parent: things to do in albany ny
en,things to do in tijuana,1700,parent: things to do in tijuana
en,free things to do in la,1700,parent: things to do in la
en,things to do in central park,1700,parent: things to do in central park
en,things to do in juneau,1700,parent: what to do in juneau alaska
en,things to do in belfast,1700,parent: things to do in belfast
en,things to do in madison,1700,parent: things to do madison wi
en,things to do in isla mujeres,1700,parent: things to do on isla mujeres
en,things to do in pcb,1700,parent: things to do in panama city beach
en,hidden things to do in pigeon forge,1700,parent: hidden things to do in pigeon forge
en,things to do in jackson hole wyoming,1700,parent: things to do in jackson hole wy
en,best things to do in amsterdam,1700,parent: best things to do amsterdam
en,things to do in casper wyoming,1700,parent: things to do in casper wyoming
en,things to do in new haven ct,1700,parent: new haven
en,things to do in mazatlan,1700,parent: things to do in mazatlan
en,things to do in knoxville tennessee,1700,parent: things to do in knoxville tn
en,things to do in pismo beach,1700,parent: what to do in pismo beach
en,things to do in cody wy,1700,parent: things to do in cody wyoming
en,things to do in pompano beach,1700,parent: things to do in pompano beach
en,things to do in stowe vt,1700,parent: what to do in stowe vt
en,things to do in columbia,1700,parent: things to do in columbia sc
en,fun things to do in kentucky,1700,parent: things to see in kentucky
en,things to do in nuremberg,1700,parent: things to do in nuremberg germany
en,things to do in dunedin fl,1700,parent: things to do in dunedin fl
en,fun things to do in savannah ga,1700,parent: fun things to do near savannah ga
en,things to do in gatlinburg and pigeon forge,1700,parent: gatlinburg
en,things to do in mccall idaho,1700,parent: things to do in mccall idaho
en,things to do in malaga,1700,parent: malaga spain
en,things to do in london with kids,1700,parent: london with kids
en,things to do in key west florida,1700,parent: things to do in key west
en,things to do in mumbai,1700,parent: what to do in mumbai
en,things to do in sequoia national park,1700,parent: things to do in sequoia national park
en,things to do in new orleans today,1700,parent: things to do in new orleans today
en,things to do in georgetown,1700,parent: things to do in georgetown
en,things to do in st. augustine,1700,parent: things to do in st augustine
en,things to do in oc,1700,parent: things to do in orange county
en,fun things to do in indianapolis,1700,parent: things to do in indianapolis
en,things to do in new hope pa,1700,parent: new hope pa things to do
en,things to do in bratislava,1700,parent: what to do in bratislava
en,fun things to do in pittsburgh,1600,parent: what to do in pittsburgh
en,things to do in carmel indiana,1600,parent: things to do in carmel indiana
en,things to do in frankfort ky,1600,parent: things to do in frankfort
en,things to do in split,1600,parent: things to do in split croatia
en,things to do in tuscany,1600,parent: what to do in tuscany italy
en,things to do in wimberley,1600,parent: things to do in wimberley
en,things to do in nicaragua,1600,parent: things to do in nicaragua
en,fun things to do in tokyo,1600,parent: things to do in tokyo japan
en,things to do in yakima,1600,parent: things to do in yakima
en,top things to do in chicago,1600,parent: things to do in chicago
en,things to do in bucharest,1600,parent: best things to do in bucharest
en,best things to do in dallas,1600,parent: fun things to do in dallas for adults
en,things to do in vegas during the day,1600,parent: things to do in vegas
en,things to do in disney springs,1600,parent: things to do in disney springs
en,things to do in cusco,1600,parent: things to do in cusco
en,things to do in palm beach,1600,parent: things to do in palm beach
en,things to do in newport,1600,parent: things to do in newport rhode island
en,things to do in long beach ca,1600,parent: what to do in long beach
en,top things to do in tokyo,1600,parent: things to do in tokyo
en,things to do in daytona,1600,parent: things to do in daytona beach
en,things to do in yellowstone national park,1600,parent: things to do in yellowstone national park
en,things to do in birmingham alabama,1600,parent: things to do in birmingham
en,things to do in sardinia,1600,parent: sardinia
en,things to do in newport oregon,1600,parent: things to do in newport oregon
en,things to do in orlando fl,1600,parent: things to do in orlando florida
en,things to do in inverness,1600,parent: things to do in inverness
en,best things to do in japan,1600,parent: what to do in japan
en,things to do in jackson ms,1600,parent: things to do in jackson ms
en,things to do in quito,1600,parent: what to do in quito
en,things to do in orlando besides disney,1600,parent: things to do in orlando
en,things to do in cologne germany,1600,parent: things to do in cologne germany
en,things to do in port townsend,1600,parent: things to do in port townsend
en,things to do in tupelo ms,1600,parent: things to do in tupelo ms
en,things to do in ontario canada,1600,parent: what to do in ontario canada
en,things to do in lincoln ne,1600,parent: things to do in lincoln nebraska
en,things to do in hermann mo,1600,parent: hermann mo things to do
en,things to do in santa rosa beach fl,1600,parent: where is santa rosa beach
en,things to do in las vegas for couples,1600,parent: things to do in las vegas this weekend
en,things to do in san antonio for couples,1600,parent: things to do in san antonio for couples
en,things to do in ottawa,1600,parent: ottawa
en,things to do in new england,1600,parent: things to do in new england
en,things to do in niagara falls canada,1600,parent: things to do in niagara falls
en,things to do in concord nh,1600,parent: things to do in concord nh
en,things to do in interlaken,1600,parent: things to do in interlaken
en,fun things to do in puerto rico,1600,parent: puerto rico things to do
en,things to do in indy,1600,parent: fun things to do indianapolis
en,fun things to do in london,1600,parent: fun things to do in london
en,things to do in cincinnati today,1600,parent: things to do in cincinnati ohio
en,things to do in cedar rapids iowa,1600,parent: things to do in cedar rapids iowa
en,things to do in bordeaux,1600,parent: things to do in bordeaux
en,things to do in cork ireland,1600,parent: things to do in cork ireland
en,things to do in dana point,1600,parent: what to do in dana point
en,things to do in downtown la,1600,parent: things to do downtown la
en,things to do in topeka ks,1600,parent: things to do in topeka
en,things to do in youngstown ohio,1600,parent: things to do in youngstown ohio
en,things to do in coronado,1600,parent: things to do on coronado island
en,things to do in freeport maine,1600,parent: what to do in freeport maine
en,things to do in chattanooga with kids,1600,parent: things to do in chattanooga with kids
en,things to do in chincoteague,1600,parent: what to do in chincoteague
en,best things to do in mexico city,1600,parent: mexico city vacation
en,things to do in perth,1600,parent: things to do in perth
en,things to do in los angeles with kids,1600,parent: things to do in los angeles with kids
en,things to do in grand rapids michigan,1600,parent: things to do in grand rapids
en,things to do in florida keys,1600,parent: things to do in the florida keys
en,things to do in summer,1600,parent: water activities near me
en,things to do in topsail nc,1600,parent: things to do in topsail nc
en,things to do in amalfi coast,1600,parent: things to do in amalfi coast
en,things to do in kennebunkport,1600,parent: things to do in kennebunkport
en,things to do in port st joe,1600,parent: port st joe
en,things to do in sitka alaska,1600,parent: things to do in sitka alaska
en,things to do in winter park fl,1600,parent: things to do in winter park florida
en,fun things to do in lexington ky,1600,parent: things to do in lexington ky
en,fun things to do in charleston sc,1500,parent: things to do in charleston sc
en,things to do in pensacola beach,1500,parent: pensacola beach park
en,things to do in asbury park,1500,parent: things to do in asbury park
en,things to do in jordan,1500,parent: what to do in jordan
en,things to do in cleveland today,1500,parent: things to do in cleveland today
en,things to do in providence rhode island,1500,parent: things to do in providence ri
en,things to do in huntsville,1500,parent: things to do in huntsville
en,things to do in new buffalo michigan,1500,parent: things to do in new buffalo michigan
en,things to do in fort myers beach,1500,parent: fort myers beach
en,things to do in sorrento italy,1500,parent: things to do in sorrento
en,things to do with kids in gatlinburg,1500,parent: things to do in gatlinburg with kids
en,top things to do in san diego,1500,parent: best places to visit in san diego
en,best things to do in hawaii,1500,parent: activities in hawaii
en,things to do in lititz pa,1500,parent: lititz pa county
en,things to do in national harbor,1500,parent: things to do at national harbor
en,things to do in half moon bay,1500,parent: things to do in half moon bay
en,things to do in boone,1500,parent: things to do in boone
en,things to do in murphy nc,1500,parent: things to do in murphy nc
en,things to do in palm desert,1500,parent: tourist attractions in palm springs
en,things to do in galveston with kids,1500,parent: things to do with kids in galveston
en,things to do in anaheim california,1500,parent: things to do in anaheim
en,things to do in colorado springs this weekend,1500,parent: what to do this weekend in colorado springs
en,things to do in chengdu,1500,parent: things to do in chengdu
en,things to do in grand junction colorado,1500,parent: things to do in grand junction
en,things to do in ghana,1500,parent: things to do in ghana
en,things to do in kansas city with kids,1500,parent: things to do with kids in kansas city
en,things to do in ann arbor michigan,1500,parent: things to do in ann arbor
en,things to do in paraguay,1500,parent: things to do in paraguay
en,things to do in windsor canada,1500,parent: things to do in windsor canada
en,things to do in albania,1500,parent: albania things to do
en,things to do in quebec,1500,parent: quebec city things to do
en,things to do in san juan capistrano,1500,parent: things to do in san juan capistrano
en,things to do in cebu,1500,parent: cebu
en,things to do in fairbanks,1500,parent: things to do in fairbanks alaska
en,things to do in the woodlands,1500,parent: things to do in the woodlands
en,things to do in saudi arabia,1500,parent: things to do in saudi
en,things to do in hood river,1500,parent: things to do in hood river
en,things to do in nags head,1500,parent: things to do in nags head
en,things to do in boston tonight,1500,parent: things to do in boston this weekend
en,best things to do in gatlinburg,1500,parent: best things to do in gatlinburg
en,things to do in death valley,1500,parent: things to see in death valley
en,things to do in waynesville nc,1500,parent: things to do in waynesville nc
en,things to do in indonesia,1500,parent: indonesia things to do
en,things to do in salt lake city utah,1500,parent: things to do in salt lake city
en,things to do in nola,1500,parent: things to.do.in nola
en,things to do in abilene,1500,parent: things to do in abilene
en,things to do in hudson ny,1500,parent: what to do in hudson ny
en,things to do in logan utah,1500,parent: logan utah things to do
en,fun things to do in portland,1500,parent: things to do in portland
en,things to do in olympia,1500,parent: things to do in olympia
en,things to do in newburyport ma,1500,parent: things to do in newburyport ma
en,free things to do in miami,1500,parent: free things to do in miami
en,things to do in idyllwild,1500,parent: things to do in idyllwild
en,top things to do in boston,1500,parent: things to do in boston.
en,things to do in sturgeon bay,1500,parent: things to do in sturgeon bay
en,things to do in kuala lumpur,1500,parent: what to do in kuala lumpur
en,things to do in lexington,1500,parent: things to do in lexington
en,things to do in macon ga,1500,parent: things to do in macon ga
en,things to do in kyoto japan,1500,parent: best things to do in kyoto
en,things to do in deep creek md,1500,parent: things to do in deep creek md
en,things to do in merida,1500,parent: things to do in merida
en,things to do in durham,1500,parent: things to do in durham nc
en,things to do in williamsburg,1500,parent: what to do in williamsburg brooklyn
en,things to do in st louis with kids,1500,parent: things to do in st louis with kids
en,things to do in the bay area,1500,parent: things to do in the bay area
en,things to do in astoria,1500,parent: things to do astoria
en,fun things to do in fort lauderdale,1500,parent: things to do fort lauderdale
en,things to do in lake como,1500,parent: things to do in lake como italy
en,things to do in beacon ny,1500,parent: things to do in beacon ny
en,things to do in katy,1500,parent: things to do in katy tx
en,things to do in cold spring ny,1500,parent: what to do in cold spring ny
en,things to do in bardstown ky,1500,parent: things to do in bardstown ky
en,things to do in stillwater mn,1500,parent: things to do in stillwater mn
en,things to do in casablanca,1500,parent: casablanca morocco
en,things to do in beverly hills,1500,parent: activities in beverly hills
en,things to do in fernandina beach,1500,parent: things to do in fernandina beach
en,things to do in new york this weekend,1500,parent: things to do in nyc this weekend
en,things to do in hocking hills,1500,parent: things to do in hocking hills
en,things to do in grand marais,1500,parent: things to do in grand marais
en,things to do in bonaire,1500,parent: what week is this
en,things to do in halifax nova scotia,1500,parent: things to do in halifax nova scotia
en,fun things to do in milwaukee,1500,parent: things to do in milwaukee
en,things to do in laughlin,1500,parent: what to do in laughlin
en,things to do in carlsbad nm,1500,parent: things to do in carlsbad nm
en,things to do in plymouth ma,1500,parent: what to do in plymouth ma
en,things to do in skagway,1500,parent: things to do in skagway
en,things to do in hamburg,1500,parent: things to do in hamburg germany
en,things to do in cape coral florida,1400,parent: cape coral
en,things to do in johannesburg,1400,parent: things to do in johannesburg
en,free things to do in colorado springs,1400,parent: free things to do in colorado springs
en,things to do in hollywood florida,1400,parent: things to do in hollywood fl
en,things to do in oxford,1400,parent: things to do in oxford
en,things to do in midland tx,1400,parent: fun things to do in midland tx
en,things to do in taos new mexico,1400,parent: things to do in taos new mexico
en,things to do in europe,1400,parent: things to do in europe
en,free things to do in dc,1400,parent: free things to do in dc
en,things to do in rehoboth beach,1400,parent: things to do in rehoboth beach
en,things to do in fort lauderdale with kids,1400,parent: things to do in fort lauderdale with kids
en,things to do in ocean city,1400,parent: things to do in ocean city md
en,things to do in duluth mn,1400,parent: things to do in duluth
en,best things to do in costa rica,1400,parent: hidden gems in costa rica
en,things to do in cannon beach,1400,parent: cannon beach things to do
en,free things to do in chicago today,1400,parent: free events in chicago this weekend
en,things to do in strasbourg,1400,parent: things to do in strasbourg france
en,things to do in bruges,1400,parent: things to do in bruges
en,things to do in bahrain,1400,parent: things to see in bahrain
en,things to do in central florida,1400,parent: things to do in florida
en,fun things to do in memphis,1400,parent: things to do in memphis tn
en,fun things to do in alabama,1400,parent: what to do in alabama
en,things to do in berkeley springs wv,1400,parent: the old roman bath house
en,best things to do in sedona,1400,parent: things to do in sedona
en,things to do in surf city nc,1400,parent: things to do in surf city nc
en,things to do in tenerife,1400,parent: tenerife things to do
en,things to do in st louis mo,1400,parent: things to do in st louis missouri
en,things to do in seaside florida,1400,parent: seaside florida
en,things to do in hakone,1400,parent: things to do in hakone
en,things to do in lakeland,1400,parent: lakeland
en,things to do in st augustine fl,1400,parent: things to do in st augustine
en,things to do in russia,1400,parent: things to do in russia
en,things to do in tuscaloosa,1400,parent: things to do in tuscaloosa
en,things to do in walla walla,1400,parent: things to do in walla walla
en,things to do in lafayette la,1400,parent: things to do lafayette la
en,best things to do in houston,1400,parent: things to do in houston
en,things to do in dfw this weekend,1400,parent: things to do in fort worth this weekend
en,things to do in sonoma,1400,parent: things to do in sonoma
en,things to do in ontario,1400,parent: things to do in ontario
en,things to do in soho,1400,parent: soho new york
en,things to do in vegas tonight,1400,parent: vegas shows
en,things to do in brattleboro vt,1400,parent: things to do brattleboro vt
en,things to do in fairhope al,1400,parent: things to do in fairhope alabama
en,things to do in bilbao,1400,parent: things to do in bilbao
en,best things to do in barcelona,1400,parent: best things to do in barcelona
en,things to do in tallahassee florida,1400,parent: activities in tallahassee
en,fun things to do in springfield mo,1400,parent: things to do in springfield mo
en,best things to do in pigeon forge,1400,parent: things to do in gatlinburg
en,things to do in billings montana,1400,parent: what to do in billings montana
en,things to do in laughlin nevada,1400,parent: things to do in laughlin
en,things to do in north conway nh,1400,parent: north conway nh
en,things to do in lakeland fl,1400,parent: lakeland
en,things to do in kingston ny,1400,parent: things to do kingston ny
en,things to do in st louis today,1400,parent: things to do in stl today
en,things to do in phuket thailand,1400,parent: things to do in phuket
en,best things to do in new york city,1400,parent: things to do in nyc
en,things to do in granada,1400,parent: granada spain
en,things to do in maggie valley,1400,parent: things to do in maggie valley nc
en,things to do in minecraft,1400,parent: what to do in minecraft
en,things to do in charlottesville,1400,parent: what to do in charlottesville va
en,things to do in bluffton sc,1400,parent: what to do in bluffton sc
en,best things to do in phoenix,1400,parent: best things to do in phoenix
en,things to do in eureka ca,1400,parent: things to do eureka ca
en,things to do in bainbridge island,1400,parent: what to do on bainbridge island
en,things to do in leadville co,1400,parent: things to do in leadville co
en,things to do in manchester nh,1400,parent: things to do in manchester nh
en,fun things to do in charlotte nc,1400,parent: charlotte activities
en,fun things to do in destin florida,1400,parent: things to do in destin fl
en,things to do in san francisco with kids,1400,parent: things to do with kids in san francisco
en,things to do in seoul south korea,1400,parent: travel to seoul
en,top things to do in seattle,1400,parent: best things to do in seattle
en,things to do in mammoth lakes,1400,parent: mammoth lakes things to do summer
en,things to do in ocala fl,1400,parent: things to do in ocala florida
en,things to do in durango,1400,parent: things to do in durango co
en,things to do in flagstaff arizona,1400,parent: things to do in flagstaff
en,fun things to do in minneapolis,1400,parent: things to do in minneapolis
en,things to do in natchez ms,1400,parent: things to do in natchez ms
en,best things to do in dc,1400,parent: things to do in washington dc
en,things to do in zurich switzerland,1400,parent: things to do in zurich
en,things to do in spearfish sd,1400,parent: things to do in spearfish sd
en,things to do in lyon,1400,parent: what to do in lyon france
en,things to do in palm springs ca,1400,parent: things to do in palm springs
en,things to do in denver co,1400,parent: fun things to do in denver
en,fun things to do in philadelphia,1400,parent: beat the bomb philly
en,best things to do in oahu,1400,parent: honolulu activities
en,things to do in cedar rapids,1400,parent: things to do in cedar rapids iowa
en,things to do in princeton nj,1300,parent: what to do in princeton nj
en,things to do in positano,1300,parent: what to do in positano
en,things to do in sedona az,1300,parent: what to do in sedona
en,things to do in salt lake city today,1300,parent: events salt lake city
en,things to do in lubbock tx,1300,parent: things to do in lubbock
en,things to do in washington dc with kids,1300,parent: things to do in dc with kids
en,fun things to do in reno,1300,parent: things to do in reno nevada
en,things to do in redding ca,1300,parent: things to do in redding
en,things to do in new york with kids,1300,parent: things to do in nyc with kids
en,best things to do in aruba,1300,parent: things to do in aruba for couples
en,things to do in kerrville tx,1300,parent: what to do in kerrville tx
en,fun things to do in new york city,1300,parent: things to do in nyc
en,fun things to do in baton rouge,1300,parent: things to do in baton rouge
en,things to do in carson city,1300,parent: what to do in carson city
en,things to do in seward alaska,1300,parent: things to do in seward alaska
en,things to do in baltimore maryland,1300,parent: things to do in baltimore
en,things to do in wilmington,1300,parent: things to do in wilmington north carolina
en,things to do in grand teton national park,1300,parent: what to do in grand teton national park
en,things to do in round rock,1300,parent: kalahari discount codes 2023
en,things to do in indianapolis indiana,1300,parent: things to do in indianapolis
en,things to do in cripple creek,1300,parent: cripple creek
en,things to do in downtown nashville,1300,parent: things to do in nashville
en,things to do in louisville ky this weekend,1300,parent: louisville events
en,things to do in oslo norway,1300,parent: things to do in oslo norway
en,things to do in smoky mountains,1300,parent: things to do in smoky mountain national park
en,things to do with kids in san francisco,1300,parent: things to do with kids in san francisco
en,things to do in new smyrna beach,1300,parent: things to do in new smyrna beach
en,free things to do in washington dc,1300,parent: free things to do in dc
en,things to do in branson mo with kids,1300,parent: branson missouri things to do
en,fun things to do in arkansas,1300,parent: fun places to go in arkansas
en,fun things to do in okc,1300,parent: things to do in oklahoma city
en,things to do in mackinaw city,1300,parent: things to do in mackinaw city
en,things to do in leavenworth wa,1300,parent: leavenworth things to do
en,fun things to do in oklahoma,1300,parent: things to do in oklahoma
en,things to do in black mountain nc,1300,parent: things to do in black mountain nc
en,things to do in myrtle beach sc,1300,parent: attractions near me
en,things to do in york,1300,parent: york uk things to do
en,things to do in hagerstown md,1300,parent: things to do in hagerstown md
en,best things to do in key west,1300,parent: things to do in key west
en,things to do in colorado springs today,1300,parent: things to do in colorado springs
en,things to do in broken bow oklahoma,1300,parent: things to do in broken bow
en,things to do in halifax,1300,parent: things to do in halifax
en,things to do in chicago tomorrow,1300,parent: things to do in chicago this weekend
en,things to do in fargo,1300,parent: fargo activities this weekend
en,fun things to do in maine,1300,parent: things to do in maine
en,things to do in york maine,1300,parent: things to do york maine
en,things to do in tunisia,1300,parent: things to do in tunisia
en,things to do in stuttgart,1300,parent: what to do in stuttgart
en,things to do in glasgow scotland,1300,parent: things to do in glasgow
en,things to do in st maarten,1300,parent: things to do in st maarten
en,things to do in south beach miami,1300,parent: south beach
en,things to do in rockport ma,1300,parent: what to do in rockport ma
en,things to do in st. louis,1300,parent: things to do in st louis missouri
en,things to do in peoria il,1300,parent: things to do peoria il
en,things to do in los cabos,1300,parent: los cabos things to do
en,things to do in chongqing,1300,parent: things to do in chongqing
en,things to do in helen georgia,1300,parent: things to do around helen georgia
en,things to do in owensboro ky,1300,parent: things to do in owensboro ky
en,things to do in sedona with kids,1300,parent: things to do in sedona with kids
en,things to do in clearwater beach,1300,parent: clearwater beach
en,fun things to do in raleigh nc,1300,parent: raleigh north carolina
en,fun things to do in utah,1300,parent: utah fun things to do
en,things to do in bangor maine,1300,parent: things to do in bangor maine
en,things to do in jerusalem,1300,parent: best things to do in jerusalem
en,things to do in navarre beach,1300,parent: navarre florida
en,things to do in canon city,1300,parent: things to do in canon city
en,things to do in petaluma,1300,parent: things to do in petaluma
en,things to do in bryson city nc,1300,parent: things to do in bryson city nc
en,things to do in townsend tn,1300,parent: things to do in townsend
en,things to do in buffalo new york,1300,parent: things to do in buffalo ny
en,things to do in tulum mexico,1300,parent: things to do in tulum
en,things to do in the keys,1300,parent: things to do in the florida keys
en,things to do in universal epic universe,1300,parent: epic universe rides
en,things to do in cambodia,1300,parent: things to do in cambodia
en,things to do in queenstown,1300,parent: visit queenstown
en,things to do in cartagena,1300,parent: things to do in cartagena colombia
en,things to do in fort lauderdale florida,1300,parent: things to do fort lauderdale
en,things to do in tamarindo costa rica,1300,parent: things to do in tamarindo
en,things to do in perdido key,1300,parent: perdido key
en,best things to do in madrid,1300,parent: things to do in madrid spain
en,things to do in barranquilla,1300,parent: things to do in barranquilla
en,things to do in inverness scotland,1300,parent: iverness scotland
en,things to do in kanab utah,1300,parent: what to do in kanab utah
en,things to do in laos,1300,parent: what to do in laos
en,best things to do in tampa,1300,parent: fun things to do in tampa
en,fun things to do in atlanta for young adults,1300,parent: fun things to do in atlanta
en,things to do in pensacola fl,1300,parent: things to do in pensacola florida
en,things to do in la fortuna costa rica,1300,parent: la fortuna
en,things to do with kids in nashville,1300,parent: kid friendly things to do in nashville
en,things to do in moscow,1300,parent: things to do in moscow idaho
en,things to do in poulsbo,1300,parent: things to do in poulsbo
en,things to do in lincoln nh,1300,parent: things to do near lincoln nh
en,things to do in manhattan new york,1300,parent: things to do in manhattan
en,things to do in brooklyn ny,1300,parent: things to do in brooklyn
en,things to do in amsterdam netherlands,1300,parent: things to do in amsterdam
en,things to do in french lick indiana,1300,parent: things to do in french lick indiana
en,things to do in bogota colombia,1300,parent: things to do in bogota
en,"things to do in atlanta, ga for adults",1300,parent: things to do in atlanta
en,things to do in altoona pa,1300,parent: things to do in altoona pa
en,fun things to do in orlando florida,1300,parent: things to do in orlando for adults
en,things to do in blue ridge,1300,parent: things to do in blue ridge ga
en,fun things to do in new orleans for adults,1300,parent: things to do in new orleans today
en,things to do in mn,1300,parent: things to do in minnesota
es,que ver en madrid,16000,
es,que ver en granada,14000,
es,que ver en sevilla,13000,
es,que ver en tenerife,11000,
es,que ver en bilbao,11000,
es,que ver en toledo,11000,
es,que ver en roma,10000,
es,que ver en valencia,9600,
es,que ver en oporto,9600,
es,que ver en malaga,9500,
es,que ver en milan,8700,
es,que ver en zaragoza,8700,
es,que ver en cadiz,8600,
es,que ver en londres,8400,
es,que ver en lanzarote,8300,
es,que ver en salamanca,8200,
es,que ver en cordoba,8200,
es,que ver en cantabria,8100,
es,que ver en asturias,8000,
es,que ver en gran canaria,7900,
es,que ver en lisboa,7800,
es,que ver en viena,7800,
es,que ver en alicante,7800,
es,que ver hoy en la tele,7700,parent: programacion telemadrid hoy
es,que ver en mallorca,7600,
es,que ver en segovia,7600,
es,que ver en valladolid,7300,
es,que ver en praga,7200,
es,que ver en menorca,7100,
es,que ver en san sebastian,7000,
es,que ver en cuenca,6600,
es,que ver en tv,6500,parent: programación tv
es,que ver en santander,6300,
es,que ver en budapest,6200,
es,que ver en bruselas,6200,
es,que ver en florencia,6100,
es,que ver en paris,6100,
es,que ver en gijon,6000,
es,que ver en santiago de compostela,5900,
es,que ver en merida,5800,
es,que ver en pamplona,5700,
es,que ver en ibiza,5700,
es,que ver en marrakech,5500,
es,que ver en avila,5400,
es,que ver en fuerteventura,5300,
es,que ver en tarragona,5200,
es,que ver en jerez de la frontera,5100,
es,que ver en malta,5100,
es,que ver en pontevedra,5000,
es,que ver en napoles,5000,
es,que ver en amsterdam,5000,
es,que ver en murcia,5000,
es,que ver en altea,5000,
es,que ver en almeria,4900,
es,que ver en soria,4900,
es,que ver en la tele hoy,4900,parent: programación tv
es,que ver en zamora,4800,
es,que ver en teruel,4700,
es,que ver en nerja,4700,
es,que ver en andorra,4700,
es,que ver en caceres,4600,
es,que ver en vitoria,4600,
es,que ver en llanes,4400,
es,que ver en logrono,4300,
es,que ver en venecia,4300,
es,que ver en logroño,4300,parent: que hacer en logroño
es,que ver en lugo,4200,
es,que ver en leon,4000,
es,que ver en galicia,3900,parent: que ver en galicia
es,que ver en navarra,3900,parent: que ver en navarra
es,que ver en huelva,3800,parent: que ver en huelva y alrededores en 4 días
es,que ver en atenas,3800,parent: que ver en atenas
es,que ver en dublin,3800,parent: que ver en dublin
es,que ver en cartagena,3600,parent: que ver en cartagena
es,que ver en palma de mallorca,3600,parent: que ver en palma de mallorca
es,que ver en ciudad real,3600,parent: qué ver en ciudad real
es,que ver en berlin,3600,parent: que ver berlin
es,que ver en albania,3400,parent: que ver en albania
es,que ver en astorga,3400,parent: que ver en astorga
es,que ver en tv hoy,3400,parent: programación tv
es,que ver en portugal,3300,parent: que ver en portugal
es,que ver en aveiro,3300,parent: que ver en aveiro
es,que ver en ginebra,3300,parent: que ver en ginebra
es,que ver en a coruña,3200,parent: que ver en la coruña
es,que ver en la palma,3200,parent: que ver en la palma en 4 días
es,que ver en estambul,3200,parent: estambul que ver
es,que ver en trujillo,3200,parent: trujillo que ver
es,que ver en copenhague,3200,parent: copenhague que ver
es,que ver en cangas de onis,3200,parent: que ver en cangas de onis
es,que ver en ronda,3200,parent: que ver en ronda?
es,que ver en denia,3100,parent: que ver en denia
es,que ver en peñiscola,3100,parent: que ver en peñiscola
es,que ver en girona,3100,parent: que ver en girona en un dia
es,que ver en santa cruz de tenerife,3100,parent: que ver en santa cruz de tenerife
es,que ver en madeira,3100,parent: madeira que ver
es,que ver en edimburgo,3000,parent: edimburgo que ver
es,que ver en albacete,2900,parent: que ver en albacete
es,que ver en estocolmo,2900,parent: estocolmo que ver
es,que ver en cracovia,2900,parent: cracovia que ver
es,que ver en brujas,2900,parent: que ver en brujas
es,que ver en comillas,2800,parent: comillas que ver
es,que ver en oporto en 3 dias,2800,parent: que ver en oporto en 3 dias
es,que ver en islandia,2700,parent: que ver en islandia
es,que ver en san vicente de la barquera,2700,parent: san vicente de la barquera que ver
es,que ver en zurich,2700,parent: que visitar en zurich
es,que ver en suiza,2700,parent: que ver en suiza
es,que ver en ribadesella,2700,parent: que ver en ribadesella
es,que ver en irlanda,2600,parent: que ver en irlanda
es,que ver en tarifa,2600,parent: que ver en tarifa
es,que ver en cerdeña,2600,parent: que hacer en cerdeña
es,que ver en croacia,2600,parent: que ver en croacia
es,que ver en guadalajara,2600,parent: que ver en guadalajara españa
es,que ver en munich,2600,parent: que ver en munich
es,que ver en genova,2600,parent: genova que ver
es,que ver en bolonia,2600,parent: que ver en bolonia
es,que ver en toledo en un dia,2500,parent: que ver en toledo en un dia
es,en que canal se puede ver el partido de hoy,2500,parent: partidos hoy
es,que ver en toulouse,2500,parent: toulouse
es,que ver en marbella,2500,parent: que ver en marbella pueblo
es,que ver en luxemburgo,2500,parent: que ver en luxemburgo
es,que ver en aranjuez,2500,parent: aranjuez que ver
es,que ver en ubeda,2400,parent: ubeda que ver
es,que ver en calpe,2400,parent: que ver en calpe
es,que ver en japon,2400,parent: que visitar en japon
es,que ver en londres en 3 dias,2400,parent: londres en 3 dias
es,que ver en varsovia,2400,parent: que ver en varsovia
es,que ver en ribadeo,2400,parent: que ver en ribadeo
es,que ver en estrasburgo,2300,parent: que ver en estrasburgo
es,que ver en ourense,2300,parent: que ver en ourense
es,que ver en baeza,2300,parent: que ver en baeza
es,que ver en verona,2300,parent: verona que ver
es,que ver en aviles,2300,parent: que visitar en aviles
es,que ver en el hierro,2200,parent: que ver en el hierro
es,que ver en bayona,2200,parent: que ver en bayona
es,que ver en suances,2200,parent: que ver en suances
es,que ver en la rioja,2200,parent: que ver en la rioja
es,que ver en roma en 3 dias,2200,parent: roma en 3 dias
es,que ver en ponferrada,2200,parent: que ver en ponferrada
es,que ver en castellon,2200,parent: sitios que visitar comunidad valenciana
es,que ver en cazorla,2100,parent: que ver en cazorla
es,que ver en segovia en un dia,2100,parent: que ver en segovia en un dia
es,que ver en jaen,2100,parent: que ver en jaen
es,que ver en vejer de la frontera,2100,parent: que visitar en vejer
es,que ver en palencia,2100,parent: que ver en palencia
es,que ver en la coruña,2100,parent: que ver en la coruña
es,que ver en santillana del mar,2100,parent: santillana del mar que ver
es,que ver en badajoz,2100,parent: que ver en badajoz
es,que ver en elche,2100,parent: que ver en elche
es,que ver en coruña,2100,parent: que ver en coruña
es,que ver en tanger,2100,parent: que hacer en tanger
es,que ver en cambados,2100,parent: qué visitar en cambados
es,que ver en palermo,2100,parent: palermo
es,que ver en escocia,2000,parent: que ver en escocia
es,que ver en vietnam,2000,parent: vietnam que ver
es,que ver en lastres,2000,parent: que ver en lastres
es,que ver en gante,2000,parent: que ver en gante
es,que ver en siguenza,2000,parent: qué ver en sigüenza
es,que ver en cudillero,2000,parent: cudillero que ver
es,que ver en bulgaria,2000,parent: bulgaria que ver
es,que ver en viena en 3 dias,2000,parent: que ver en viena en 3 dias
es,que ver en gibraltar,2000,parent: que ver en gibraltar
es,que ver en bali,2000,parent: que ver en bali
es,que ver en chinchon,2000,parent: chinchon que ver
es,que ver en oslo,2000,parent: que ver en oslo
es,que ver en castro urdiales,2000,parent: que ver en castro urdiales
es,que ver en córdoba,2000,parent: que ver en cordoba
es,que ver en potes,2000,parent: que hacer en potes
es,que ver en oporto en 2 dias,1900,parent: oporto en dos dias
es,que ver en frigiliana,1900,parent: que ver en frigiliana
es,que ver en grecia,1900,parent: que ver en grecia
es,que ver en manchester,1900,parent: que ver en manchester
es,que ver en hondarribia,1900,parent: que ver en hondarribia
es,que ver en turin,1900,parent: que ver en turin
es,que ver en lyon,1900,parent: que ver en lyon
es,que ver en madrid en un dia,1900,parent: que ver en madrid en un dia
es,que ver en braga,1900,parent: que ver en braga
es,que ver en noruega,1900,parent: que ver en noruega
es,que ver en alcala de henares,1800,parent: que ver en alcala de henares
es,que ver en sevilla en un dia,1800,parent: sevilla en un dia
es,que ver en tailandia,1800,parent: tailandia que ver
es,que ver en barcelona en un dia,1800,parent: que ver en barcelona en un dia
es,que ver en sofia,1800,parent: que ver en sofia
es,que ver en perpignan,1800,parent: que ver en perpignan
es,que ver en zumaia,1800,parent: que ver en zumaia
es,que ver en eslovenia,1800,parent: eslovenia que ver
es,que ver en fuengirola,1800,parent: que ver en fuengirola
es,que ver en lisboa en 3 dias,1800,parent: lisboa que ver en 3 dias
es,que ver en pisa,1800,parent: que ver en pisa
es,que ver en bergamo,1800,parent: que ver en bergamo
es,que ver en polonia,1700,parent: polonia
es,que ver en marruecos,1700,parent: marruecos
es,que ver en sicilia,1700,parent: sicilia que ver
es,que ver en bucarest,1700,parent: que ver en bucarest
es,que ver en jaca,1700,parent: que ver en jaca
es,que ver en tordesillas,1700,parent: que ver en tordesillas
es,que ver en madrid en 3 dias,1700,parent: que ver en madrid en 3 dias
es,que ver en gandia,1700,parent: que ver en gandia
es,que ver en albarracin,1700,parent: albarracin que ver
es,que ver en torremolinos,1700,parent: que ver en torremolinos
es,que ver en san juan de luz,1700,parent: que ver en san juan de luz francia
es,que ver en sintra,1700,parent: qué ver en sintra
es,que ver en nantes,1700,parent: que ver en nantes
es,que ver en el algarve,1700,parent: que ver en el algarve
es,que ver en antequera,1700,parent: antequera
es,que ver en rumania,1700,parent: que ver en rumania
es,cosas que ver en madrid,1600,parent: que ver en madrid
es,que ver en santoña,1600,parent: que ver en santoña
es,que ver en sevilla en dos dias,1600,parent: que ver en sevilla en dos dias
es,que ver en zahara de los atunes,1600,parent: que ver en zahara de los atunes
es,que ver en barcelona en 3 dias,1600,parent: que ver en barcelona en 3 dias
es,que ver en fez,1600,parent: que ver en fez
es,que ver en narbona,1600,parent: que ver narbona
es,que ver en paris en 3 dias,1600,parent: que ver en paris en 3 dias
es,que ver en tirana,1600,parent: que ver en tirana
es,que ver en arcos de la frontera,1600,parent: que ver en arcos de la frontera
es,que ver en conil,1600,parent: que ver en conil
es,que ver en luarca,1500,parent: que ver en luarca
es,que ver en tenerife norte,1500,parent: que ver en tenerife norte
es,que ver en peru,1500,parent: que ver en peru
es,que ver en el puerto de santa maria,1500,parent: que hacer en el puerto de santa maria
es,que ver en mojacar,1500,parent: mojacar que ver
es,que ver en extremadura,1500,parent: que ver extremadura
es,que ver en sanlúcar de barrameda,1500,parent: que ver en sanlucar de barrameda
es,que ver en estepona,1500,parent: que hacer en estepona
es,que ver en rota,1500,parent: que ver en rota
es,que ver en combarro,1500,parent: que ver en combarro
es,que ver en cabo verde,1500,parent: que hacer en cabo verde
es,que ver en el pais vasco,1500,parent: pais vasco que ver
es,que ver en filipinas,1500,parent: que ver en filipinas
es,que ver en santa pola,1500,parent: que ver en santa pola
es,que ver en formentera,1500,parent: formentera que ver
es,que ver en sevilla en 3 dias,1500,parent: que ver en sevilla en 3 dias
es,que ver en talavera de la reina,1500,parent: que ver en talavera de la reina
es,que ver en cordoba en un dia,1400,parent: que ver en cordoba en un dia
es,que ver en tokio,1400,parent: que hacer en tokio
es,que ver en tossa de mar,1400,parent: qué hacer en tossa de mar
es,que ver en colonia,1400,parent: que ver en colonia
es,que ver en dinamarca,1400,parent: que ver en dinamarca
es,que ver en madrid hoy,1400,parent: que hacer hoy en madrid
es,que ver en liverpool,1400,parent: que ver en liverpool
es,que ver en bratislava,1400,parent: que ver en bratislava
es,que ver en monforte de lemos,1400,parent: que ver en monforte de lemos
es,que ver en bermeo,1400,parent: que ver en bermeo
es,que ver en costa rica,1400,parent: costa rica que ver
es,que ver esta noche en tv,1400,parent: programacion tv
es,que ver en sanlucar de barrameda,1400,parent: que ver en sanlucar de barrameda
es,que ver en cordoba en dos dias,1400,parent: que ver en cordoba en dos dias
es,que ver en santorini,1400,parent: que ver en santorini
es,que ver en oviedo en un dia,1400,parent: que ver en oviedo en un dia
es,que ver en tavira,1400,parent: que ver en tavira
es,que ver en baiona,1400,parent: que ver en baiona galicia
es,que ver en salamanca en un dia,1400,parent: salamanca que ver
es,que ver en españa,1300,parent: que visitar en españa
es,que ver en nueva york,1300,parent: que hacer en nueva york
es,que ver en frankfurt,1300,parent: que ver en frankfurt
es,que ver en zagreb,1300,parent: zagreb que ver
es,que ver en avila en un dia,1300,parent: avila que ver en un dia
es,que ver en cadaques,1300,parent: que ver en cadaques
es,que ver en londres en 4 dias,1300,parent: que ver en londres en 4 dias
es,que ver en torrevieja,1300,parent: que ver en torrevieja
es,que ver en roma en 4 dias,1300,parent: que ver en roma en 4 dias
es,que ver en la laguna tenerife,1300,parent: que ver en la laguna tenerife
es,que ver en soria capital,1300,parent: que ver en soria capital
es,que ver en villajoyosa,1300,parent: que ver en villajoyosa
es,que ver en budapest en 3 dias,1300,parent: que ver en budapest en 3 dias
es,que ver en chicago,1300,parent: que ver en chicago
es,que ver en reus,1300,parent: que ver en reus
es,que ver en setenil de las bodegas,1300,parent: q ver en setenil de las bodegas
es,que ver en bari,1300,parent: que ver en bari
es,que ver en belgica,1300,parent: que ver en belgica
es,que ver en la orotava,1200,parent: que ver en la orotava
es,que ver en chipiona,1200,parent: que ver en chipiona
es,que ver en betanzos,1200,parent: que ver en betanzos
es,que ver en la gomera,1200,parent: que ver en la gomera
es,que ver en china,1200,parent: que ver en china
es,que ver en sanxenxo,1200,parent: que ver en sanxenxo
es,que ver en garachico,1200,parent: que ver en garachico
es,que ver en basilea,1200,parent: que ver en basilea
es,que ver en egipto,1200,parent: egipto que ver
es,que ver en chiclana,1200,parent: chiclana como llegar
es,que ver en cabo de gata,1200,parent: que ver en cabo de gata
es,que ver en tunez,1200,parent: que ver en tunez
es,que ver en o grove,1200,parent: que ver en o grove
es,que ver en almeria capital,1200,parent: que ver en almeria capital
es,que ver en granada en 3 dias,1200,parent: que ver en granada en 3 dias
es,que ver en huesca capital,1200,parent: que ver en huesca capital
es,que ver en tudela,1200,parent: que ver en tudela
es,que ver en foz,1200,parent: que ver en foz
es,que ver en barbate,1200,parent: qué ver en barbate
es,que ver en osuna,1200,parent: que ver en osuna
es,que ver en austria,1200,parent: austria
es,que ver en madrid con niños,1200,parent: actividades niños madrid
es,que ver en miami,1100,parent: que hacer miami
es,que ver en almería,1100,parent: almeria que ver
es,que ver en chile,1100,parent: que ver en chile
es,que ver en laredo,1100,parent: laredo que ver
es,que ver en andorra la vella,1100,parent: que ver en andorra la vella
es,que ver en cadiz capital,1100,parent: que ver en cadiz capital
es,que ver en lleida,1100,parent: que ver en lleida
es,que ver en montenegro,1100,parent: que ver en montenegro
es,que ver en berlin en 3 dias,1100,parent: que ver en berlin en 3 dias
es,que ver en murcia capital,1100,parent: que ver en murcia
es,que ver en tui,1100,parent: que ver en tui
es,que ver en hamburgo,1100,parent: hamburgo que ver
es,que ver en san francisco,1100,parent: que ver en san francisco
es,que ver en camboya,1100,parent: que hacer en camboya
es,que ver en sitges,1100,parent: que ver en sitges
es,que ver en turquia,1100,parent: que hacer en turquia
es,que ver en bilbao en 2 dias,1100,parent: que ver en bilbao en 2 dias
es,que ver en bangkok,1100,parent: que ver en bangkok
es,que ver en amberes,1100,parent: que ver en amberes
es,que ver en ainsa,1100,parent: ainsa que ver
es,que ver en huelva capital,1100,parent: que ver en huelva capital
es,que ver en castellon de la plana,1100,parent: que ver en castellon de la plana
es,que ver en amsterdam en 3 dias,1100,parent: amsterdam en 3 dias
es,que ver en plasencia,1100,parent: que ver en plasencia
es,que ver en soller,1100,parent: que ver en soller
es,que ver en corea del sur,1100,parent: corea del sur
es,que ver en milan en 2 dias,1100,parent: que ver en milan en 2 dias
es,que ver en finisterre,1100,parent: que ver en finisterre
es,que ver en montpellier,1100,parent: que hacer en montpellier
es,que ver en bilbao y alrededores,1100,parent: que ver cerca de bilbao
es,que ver en dubai,1100,parent: que ver en dubai
es,que ver en pontevedra ciudad,1100,parent: que ver en pontevedra ciudad
es,que ver en faro portugal,1000,parent: faro portugal que ver
es,cosas que ver en granada,1000,parent: que ver en granada
es,que ver en kioto,1000,parent: kioto que ver
es,que ver en catania,1000,parent: que ver en catania
es,que ver en colombia,1000,parent: que ver en colombia
es,que ver en creta,1000,parent: creta
es,que ver en suecia,1000,parent: suecia que ver
es,que ver en olite,1000,parent: olite que ver
es,que ver en granada en un dia,1000,parent: que ver en granada en un dia
es,que ver en dusseldorf,1000,parent: que ver en dusseldorf
es,que ver en milan en 3 dias,1000,parent: que ver en milan en 3 dias
es,que ver en tenerife en 4 dias,1000,parent: tenerife en 4 dias
es,que ver en argentina,1000,parent: argentina que ver
es,que ver en noia,1000,parent: que ver en noia
es,que ver en italia,1000,parent: que ver en italia
es,que ver en singapur,1000,parent: singapur lugares turisticos
es,que ver en viveiro,1000,parent: que ver en viveiro
es,que ver en malasia,1000,parent: malasia
es,que ver en zafra,1000,parent: zafra que ver
es,que ver en haro,1000,parent: haro que ver
es,que ver en almuñecar,1000,parent: que ver en almuñecar
es,que ver en braganza,1000,parent: braganza que ver
es,que ver en vitoria gasteiz,1000,parent: que ver en vitoria gasteiz
es,que ver en brujas en un dia,1000,parent: brujas en un dia
es,que ver en niza,1000,parent: que ver niza
es,que ver en mahon,1000,parent: que ver en mahon
es,que ver en sri lanka,1000,parent: sri lanka que ver
es,que ver en helsinki,1000,parent: que ver en helsinki
es,que ver en osaka,1000,parent: que ver en osaka
es,que ver en cáceres,900,parent: que ver en caceres
es,que ver en panama,900,parent: que ver en panama
es,que ver en indonesia,900,parent: indonesia que ver
es,que ver en pampaneira,900,parent: pampaneira
es,que ver en santiago,900,parent: que ver en santiago de compostela
es,que ver en muxia,900,parent: que ver en muxia
es,que ver en málaga,900,parent: que ver en malaga
es,que ver en aranda de duero,900,parent: aranda de duero que ver
es,que ver en tenerife sur,900,parent: que ver en el sur de tenerife
es,que ver en logroño en un dia,900,parent: logroño que ver en un dia
es,que ver en teror,900,parent: teror gran canaria
es,que ver en guimaraes,900,parent: que ver en guimaraes
es,que ver en valencia en 1 dia,900,parent: valencia en un dia
es,que ver en sagunto,900,parent: sagunto que ver
es,que ver en coimbra,900,parent: que ver en coimbra portugal
es,que ver en getaria,900,parent: getaria que ver
es,que ver en allariz,900,parent: que ver en allariz
es,que ver en punta cana,900,parent: que hacer en punta cana
es,que ver en francia,900,parent: que ver en francia
es,que ver en mykonos,900,parent: que ver en mykonos
es,que ver en jerez,900,parent: que visitar en jerez de la frontera
es,que ver en gijón,900,parent: que ver en gijon
es,que ver en lisboa en 2 dias,900,parent: lisboa en 2 dias
es,que ver en asturias en 5 dias,900,parent: ruta por asturias 5 dias
es,que ver en alemania,900,parent: que ver en alemania
es,que ver en granada en dos dias,900,parent: granada en dos dias
es,que ver en belfast,900,parent: belfast que ver
es,que ver en cork,900,parent: cork irlanda que ver
es,que ver en cuenca en un dia,900,parent: que ver en cuenca en un dia
es,que ver en kuala lumpur,900,parent: kuala lumpur
es,que ver en cartagena murcia,900,parent: cartagena
es,que ver en caravaca de la cruz,900,parent: que ver en caravaca de la cruz
es,que ver en hbo max,900,parent: hbo peliculas
es,que ver en belgrado,900,parent: belgrado
es,que ver en chipre,900,parent: que ver en chipre
es,que ver en laguardia,900,parent: laguardia
es,que ver en londres en 2 dias,900,parent: londres en dos dias
es,que ver en ceuta,900,parent: qué ver en ceuta
es,que ver en glasgow,900,parent: que ver en glasgow
es,que ver en cadiz en un dia,900,parent: que ver en cadiz en un dia
es,que ver en benicasim,900,parent: que ver en benicasim
es,que ver en siena,900,parent: que ver en siena
es,que ver en lorca,900,parent: que ver en lorca murcia
es,que ver en florencia en un dia,900,parent: que ver en florencia en un dia
es,que ver en medina sidonia,900,parent: que hacer en medina sidonia
es,cosas que ver en barcelona,900,parent: planes para hacer en barcelona
es,que ver en taramundi,900,parent: q ver en taramundi
es,que ver en boston,900,parent: boston
es,que ver en rabat,900,parent: que ver en rabat
es,que ver en salzburgo,900,parent: que ver en salzburgo
es,que ver en begur,900,parent: que ver en begur
es,que ver en lloret de mar,900,parent: qué hacer en lloret de mar
es,que ver en peñiscola y alrededores,800,parent: que ver en peñiscola
es,que ver en valldemossa,800,parent: que ver en valldemossa
es,que ver en santo domingo de la calzada,800,parent: que ver en santo domingo de la calzada
es,que ver en grazalema,800,parent: que ver en grazalema
es,que ver en salou,800,parent: que ver en salou
es,que ver en senegal,800,parent: senegal que ver
es,que ver en venecia en dos dias,800,parent: venecia en dos dias
es,que ver en dublin en 3 dias,800,parent: que ver en dublin en 3 dias
es,que ver en santander y alrededores,800,parent: que ver en santander y alrededores
es,que ver en ayamonte,800,parent: ayamonte que ver
es,que ver en algarve,800,parent: que ver en el algarve
es,que ver en nijar,800,parent: pueblo blanco almeria
es,que ver en icod de los vinos,800,parent: qué ver en icod de los vinos
es,que ver en motril,800,parent: que ver en motril
es,que ver en casablanca,800,parent: casablanca marruecos
es,que ver en puebla de sanabria,800,parent: puebla de sanabria que ver
es,que ver en sarria,800,parent: sarria
es,que ver en zamora capital,800,parent: que ver en zamora
es,que ver en blanes,800,parent: que hacer en blanes
es,que ver en guadalupe,800,parent: guadalupe que ver
es,que ver en faro,800,parent: faro portugal
es,que ver en alcala del jucar,800,parent: alcala de jucar que hacer
es,cosas que ver en roma,800,parent: que ver en roma
es,que ver en elizondo,800,parent: que ver en elizondo
es,que ver en estella,800,parent: que ver en estella
es,que ver en macedonia del norte,800,parent: que ver en macedonia del norte
es,que ver en el cairo,800,parent: que ver en el cairo
es,que ver en cracovia en 3 dias,800,parent: que ver en cracovia en 3 dias
es,que ver en cambrils,800,parent: cambrils que ver
es,que ver en georgia,800,parent: georgia que ver
es,que ver en riaño,800,parent: que ver en riaño
es,que ver en estambul en 3 dias,800,parent: estambul en 3 dias
es,que ver en figueres,800,parent: que ver en figueres
es,que ver en cuba,800,parent: que ver en cuba
es,que ver en eslovaquia,800,parent: que ver en eslovaquia
es,que ver en puerto rico,800,parent: que ver en puerto rico
es,que ver en alcudia,800,parent: que ver en alcudia mallorca
es,que ver en atenas en 3 dias,800,parent: que ver en atenas en 3 dias
es,que ver en isla cristina,800,parent: que ver en isla cristina
es,que ver en ezcaray,800,parent: que ver en ezcaray
es,que ver en algeciras,800,parent: que ver en algeciras
es,que ver en buenos aires,800,parent: que ver en buenos aires
es,que ver en aracena,800,parent: que ver en aracena
es,que ver en canada,800,parent: canada que ver
es,que ver en pedraza,800,parent: pedraza
es,que ver en los angeles,800,parent: que ver en los angeles
es,que ver en muros,800,parent: que ver en muros
es,que ver en las azores,800,parent: azores
es,que ver en benalmadena,800,parent: que ver en benalmadena
es,que ver en logroño y alrededores,800,parent: que ver en logroño y alrededores
es,que ver en leon en un dia,800,parent: leon que ver en un dia
es,que ver en bruselas en un dia,800,parent: que ver en bruselas en un dia
es,que ver en praga en 4 dias,800,parent: que ver en praga en 4 dias
es,que ver en florencia en dos dias,800,parent: que ver en florencia en dos dias
es,que ver en tarragona en un dia,700,parent: visitar tarragona en un dia
es,cosas que ver en londres,700,parent: que ver en londres
es,que ver en benavente,700,parent: que ver en benavente
es,que ver en vitoria en un dia,700,parent: que ver en vitoria en un dia
es,que ver en la selva negra,700,parent: que ver en la selva negra
es,que ver en viana do castelo,700,parent: que ver en viana do castelo
es,que ver esta noche en la tele,700,parent: programacion tv
es,que ver en matalascañas,700,parent: qué ver en matalascañas
es,que ver en budapest en 4 dias,700,parent: que ver en budapest en 4 dias
es,que ver en valderrobres,700,parent: valderrobles
es,que ver en ferrol,700,parent: ferrol
es,que ver en almagro,700,parent: que ver en almagro
es,que ver en trieste,700,parent: trieste
es,que ver en irun,700,parent: irun que ver
es,que ver en ourense ciudad,700,parent: que ver en ourense ciudad
es,que ver en roses,700,parent: roses girona que ver
es,que ver en burgo de osma,700,parent: que ver en el burgo de osma
es,que ver en mexico,700,parent: que ver en mexico
es,que ver en cadiz provincia,700,parent: que ver en cadiz provincia
es,que ver en mallorca en 3 dias,700,parent: que ver en mallorca en 3 dias
es,que ver en alicante ciudad,700,parent: que ver en alicante
es,que ver en la laguna,700,parent: que ver en la laguna tenerife
es,que ver en malta en 3 dias,700,parent: que ver en malta en 3 dias
es,que ver en colmar,700,parent: que ver en colmar
es,que ver en teguise,700,parent: que ver en teguise
es,que ver en canarias,700,parent: que ver en canarias
es,que ver en paris en 4 dias,700,parent: que ver en paris en 4 dias
es,que ver en javea,700,parent: que visitar en javea
es,que ver en birmingham,700,parent: que ver en birmingham
es,que ver en lugo y alrededores,700,parent: que ver en lugo
es,que ver en lagos portugal,700,parent: que ver en lagos
es,que ver en mundaka,700,parent: que ver en mundaka
es,que ver en huesca capital en un día,700,parent: que ver en huesca capital
es,que ver en villaviciosa,700,parent: que ver en villaviciosa asturias
es,que ver en valdepeñas,700,parent: valdepeñas
es,que ver en viena en 2 dias,700,parent: que ver en viena en 2 dias
es,que ver en trillo,700,parent: que ver en trillo
es,que ver en padua,700,parent: que ver en padua
es,que ver en bergen,700,parent: que ver en bergen
es,que ver en corfu,700,parent: que hacer en corfu
es,que ver en milan en un dia,700,parent: que ver en milan en un dia
es,que ver en pau,700,parent: que ver en pau
es,que ver en praga en 3 días,700,parent: que ver en praga en 3 días
es,que ver en candeleda,700,parent: candeleda que ver
es,que ver en praga en 2 dias,700,parent: praga en 2 dias
es,que ver en burdeos y alrededores,600,parent: que ver en burdeos y alrededores
es,que ver en gran canarias,600,parent: que hacer en gran canaria
es,que ver en tortosa,600,parent: que ver en tortosa
es,que ver en melilla,600,parent: que ver en melilla
es,que ver en la alberca,600,parent: que ver en la alberca
es,que ver en jordania,600,parent: jordania
es,que ver en donosti,600,parent: san sebastian que ver
es,cosas que ver en paris,600,parent: que ver en paris
es,que ver en,600,parent: que hacer en madrid
es,que ver en evora,600,parent: costa alentejo
es,que ver en chelva,600,parent: chelva que ver
es,que ver en nuremberg,600,parent: que ver en nuremberg
es,que ver en santander en un dia,600,parent: que ver en santander
es,que ver en vigo en un día,600,parent: que ver en vigo
es,que ver en san fernando cadiz,600,parent: que ver en san fernando cadiz
es,que ver en el norte de portugal,600,parent: que ver en el norte de portugal
es,que ver en getxo,600,parent: qué ver en getxo
es,que ver en zahara de la sierra,600,parent: que ver en zahara de la sierra
es,que ver en la coruña y alrededores en 3 días,600,parent: que ver en a coruña
es,que ver en padron,600,parent: que ver en padron
es,que ver en leon y alrededores,600,parent: que ver en leon
es,que ver en valencia en 3 dias,600,parent: que ver en valencia en 3 dias
es,que ver en el delta del ebro,600,parent: delta del ebro
es,que ver en gernika,600,parent: que ver en guernica
es,que ver en altafulla,600,parent: altafulla que ver
es,que ver en bejar,600,parent: bejar que ver
es,que ver en tazones,600,parent: tazones pueblo
es,cosas que ver en cordoba,600,parent: que ver en cordoba
es,que ver en lituania,600,parent: que ver en lituania
es,que ver en zarautz,600,parent: zarautz que ver
es,que ver en peñafiel,600,parent: que ver en peñafiel
es,que ver en nápoles,600,parent: napoles que ver
es,que ver en chiang mai,600,parent: que ver en chiang mai
es,que ver en toro,600,parent: que ver en toro
es,que ver en arriondas,600,parent: que ver en arriondas
es,que ver en jaen ciudad,600,parent: que ver en jaen ciudad
es,que ver en madrid en dos dias,600,parent: que ver en madrid en dos dias
es,que ver en berna,600,parent: que ver en berna
es,que ver en setubal,600,parent: que ver en setubal
es,que ver en monaco,600,parent: que ver en monaco
es,que ver en paris en 2 dias,600,parent: que ver en paris en 2 dias
es,que ver en lucerna,600,parent: que ver en lucerna
es,que ver en las vegas,600,parent: qué hacer en las vegas
es,que ver en nazare portugal,600,parent: que ver en nazare
es,que ver en agaete,600,parent: agaete gran canaria
es,que ver en pais vasco,600,parent: que ver en el pais vasco
es,que ver en sepulveda,600,parent: que ver en sepulveda
es,que ver en gante en un dia,600,parent: que ver en gante en un dia
es,que ver en nueva zelanda,600,parent: nueva zelanda
es,que ver en mondoñedo,600,parent: qué ver en mondoñedo
es,que ver en bruselas en 2 dias,600,parent: que ver en bruselas en 2 dias
es,que ver en biescas,600,parent: que ver en biescas
es,que ver en lierganes,600,parent: que ver en lierganes
es,que ver en bilbao en 3 dias,600,parent: bilbao en 3 dias
es,que ver en lekeitio,600,parent: lekeitio que ver
es,que ver en pals,600,parent: que ver en pals
es,que ver en sabiñanigo,600,parent: que ver en sabiñanigo
es,que ver en la toscana,600,parent: que ver en la toscana
es,que ver en la graciosa,600,parent: viajes a la graciosa
es,que ver en florencia en tres dias,600,parent: florencia en 3 dias
es,que ver en pamplona y alrededores,600,parent: que visitar en pamplona y alrededores
es,que ver en lanjaron,600,parent: que ver en lanjaron
es,que ver en guadix,600,parent: que ver en guadix
es,que ver en letonia,600,parent: que ver en letonia
es,que ver en noja,600,parent: que ver en noja y alrededores
es,que ver en guadalajara españa,600,parent: que ver en guadalajara españa
es,que ver en vigo y alrededores,600,parent: que ver en vigo
es,que ver en hanoi,600,parent: que ver en hanoi
es,que ver en malaga en un dia,600,parent: que ver en malaga en un dia
es,que ver en hungria,600,parent: hungria que ver
es,que ver en linares,600,parent: que ver en linares
es,que ver en tarifa en un día,600,parent: tarifa que ver
es,que ver en calatayud,600,parent: que ver en calatayud
es,que ver en toledo en 2 dias,600,parent: que ver en toledo en una tarde
es,que ver en zaragoza en dos dias,600,parent: que ver en zaragoza en dos dias
es,que ver en ciudad rodrigo,600,parent: que ver en ciudad rodrigo
es,que ver en montblanc,600,parent: que ver en montblanc
es,que ver en hervas,600,parent: hervas que ver
es,que ver en sorrento,600,parent: que ver en sorrento
es,que ver en girona en un dia,600,parent: que ver en girona en un dia
es,que ver en roma en 2 dias,600,parent: que ver en roma en 2 dias
es,que ver en malaga provincia,600,parent: que ver en malaga provincia
es,que ver en calella,600,parent: que ver en calella
es,que ver en seul,600,parent: que ver en seul
es,que ver en olmedo,600,parent: que ver en olmedo
es,que ver en vielha,600,parent: que ver en vielha
es,que ver en oporto en un dia,600,parent: oporto en un dia
es,que ver en ávila en un día,600,parent: que ver en avila en un dia
es,que ver en castilla la mancha,600,parent: que ver en castilla la mancha
es,que ver en panticosa,600,parent: que hacer en panticosa
es,que ver en culla,600,parent: que ver en culla
es,que ver en republica dominicana,600,parent: republica dominicana que ver
es,que ver en medellin,500,parent: que ver en medellin
es,que ver en san jose almeria,500,parent: que ver en san jose almeria
es,que ver en huelva capital en un día,500,parent: que ver en huelva capital
es,cosas que ver en asturias,500,parent: que hacer en asturias
es,que ver en toronto,500,parent: que hacer en toronto
es,que ver en sigüenza,500,parent: que ver en siguenza
es,que ver en ubeda y baeza,500,parent: que ver en ubeda y baeza
es,que ver en palma,500,parent: que ver en palma de mallorca
es,que ver en benidorm y alrededores,500,parent: que hacer en benidorm
es,que ver en napoles en 3 dias,500,parent: que ver en napoles en 3 dias
es,que ver en luanco,500,parent: luanco que ver
es,que ver en beceite,500,parent: que ver en beceite
es,que ver en burgos y alrededores,500,parent: que ver en burgos y alrededores
es,que ver en chengdu,500,parent: que ver en chengdu
es,que ver en manacor,500,parent: que ver en manacor
es,que ver en torrejon de ardoz,500,parent: que ver en torrejon de ardoz
es,que ver en triana,500,parent: que ver en triana
es,lo mas bonito que ver en budapest,500,parent: que ver en budapest
es,que ver en praga 3 dias,500,parent: praga en 3 dias
es,que ver en bocairent,500,parent: bocairent
es,que ver en oporto en 3 días,500,parent: que ver en oporto en 3 dias
es,que ver en doha,500,parent: doha que ver
es,que ver en andalucia,500,parent: que ver en andalucia
es,que ver en castril,500,parent: que ver en castril
es,que ver en orbaneja del castillo,500,parent: que ver en orbaneja del castillo
es,que ver en jerez de los caballeros,500,parent: jerez de los caballeros que ver
es,que ver en baiona galicia,500,parent: que ver en baiona galicia
es,que ver en cabezon de la sal,500,parent: que ver en cabezon de la sal
es,que ver en tomelloso,500,parent: tomelloso que ver
es,que ver en riviera maya,500,parent: que hacer en riviera maya
es,que ver en brasil,500,parent: que ver en brasil
es,que ver en azores,500,parent: islas azores
es,que ver en pekin,500,parent: que ver en pekin
es,que ver en gran canaria en 5 dias,500,parent: que ver en gran canaria en 5 dias
es,que ver en olivenza,500,parent: que ver en olivenza
es,que ver en estonia,500,parent: que ver en estonia
es,que ver en zaragoza en 1 dia,500,parent: que ver en zaragoza en 1 dia
es,que ver en madrid gratis,500,parent: planes gratis madrid
es,que ver en pastrana,500,parent: que ver en pastrana
es,que ver en albufeira,500,parent: que ver en albufeira
es,que ver en galicia en 5 dias,500,parent: que ver en galicia en 5 dias
es,que ver en lucca,500,parent: que ver en lucca
es,que ver en amsterdam en 2 dias,500,parent: que ver en amsterdam en 2 dias
es,que ver en cullera,500,parent: que hacer en cullera
es,que ver en gdansk,500,parent: que ver en gdansk
es,que ver en riaza,500,parent: riaza
es,cosas que ver en toledo,500,parent: toledo que ver
es,que ver en budapest en 2 dias,500,parent: que ver en budapest en 2 dias
es,que ver en guatemala,500,parent: que ver en guatemala
es,que ver en mojacar pueblo,500,parent: mojacar que ver
es,que ver en cádiz,500,parent: cadiz que ver
es,que ver en daroca,500,parent: daroca que ver
es,que ver en lleida ciudad,500,parent: que ver en lleida
es,que ver en burgos y alrededores en 4 días,500,parent: que ver en burgos y alrededores en 4 días
es,que ver en palos de la frontera,500,parent: que ver en palos de la frontera
es,que ver en somo,500,parent: que ver en somo
es,que ver en rute,500,parent: que ver en rute
es,que ver en mogan,500,parent: que ver en mogan
es,que ver en letur,500,parent: que ver en letur
es,que ver en alcañiz,500,parent: alcañiz que ver
es,que ver en cedeira,500,parent: cedeira que ver
es,cosas que ver en oporto,500,parent: que ver en oporto
es,que ver en pisa en un dia,500,parent: que ver en pisa
es,que ver en xian,500,parent: xian china
es,que ver en elvas,500,parent: que ver en elvas
es,que ver en baza,500,parent: que ver en baza
es,que ver en roma en 5 dias,500,parent: que ver en roma en 5 dias
es,que ver en jorquera,500,parent: que ver en jorquera
es,que ver en peniche,500,parent: que ver en peniche
es,que ver en cordoba en tres dias,500,parent: que ver en cordoba en tres dias
es,que ver en galway,500,parent: que ver en galway
es,que ver en salamanca en dos dias,500,parent: que ver en salamanca
es,que ver en boltaña,500,parent: que ver en boltaña
es,que ver en orense,500,parent: ourense que ver
es,que ver en munich en 3 dias,500,parent: que ver en munich en 3 dias
es,que ver en berga,500,parent: que hacer en berga
es,que ver en tv ahora,500,parent: tv
es,que ver en tetuan,500,parent: que ver en tetuan
es,que ver en lourdes,500,parent: que ver en lourdes
es,que ver en calahorra,500,parent: que ver en calahorra
es,que ver en malaga en 3 dias,500,parent: que ver en malaga
es,que ver en edimburgo en 2 dias,500,parent: que ver en edimburgo en 2 dias
es,que ver en el sur de francia,500,parent: sur de francia
es,que ver en caldas de reis,500,parent: caldas de reis
es,que ver en lagos,500,parent: que ver en lagos portugal
es,que ver en new york,500,parent: qué hacer en nueva york
es,que ver en bath,500,parent: bath que ver
es,que ver en camariñas,500,parent: que ver en camariñas
es,que ver en canfranc,500,parent: que ver en canfranc
es,que ver en arenas de san pedro,500,parent: arenas de san pedro que ver
es,que ver en carboneras,500,parent: carboneras que ver
es,que ver en oxford,500,parent: que ver en oxford
es,que ver en nimes,500,parent: nimes que ver
es,que ver en tarazona,500,parent: que ver en tarazona
es,que ver en bolivia,500,parent: que ver en bolivia
es,que ver en empuriabrava,500,parent: empuriabrava que ver
es,que ver en alquezar,500,parent: que ver en alquezar
es,que ver en besalu,500,parent: que ver en besalu
es,que ver en ribadavia,500,parent: que ver en ribadavia
es,que ver en broto,500,parent: broto que ver
es,que ver en burgos en un dia,500,parent: que ver en burgos
es,que ver en verona en un dia,500,parent: que ver en verona en un dia
es,que ver en medina del campo,500,parent: que ver en medina del campo
es,que ver en lanzarote en 3 días,500,parent: que ver en lanzarote en 3 días
es,que ver en portugalete,500,parent: que ver en portugalete
es,que ver en castilla y leon,500,parent: que ver en castilla y leon
es,que ver en calasparra,500,parent: que ver en calasparra
es,que ver en alsacia,500,parent: que ver en alsacia
es,que ver en málaga y alrededores,500,parent: que ver en la provincia de malaga
es,que ver en reinosa,500,parent: qué ver en reinosa
es,que ver en agadir,500,parent: agadir que ver
es,que ver en teruel y alrededores,500,parent: que ver en teruel y alrededores
es,que ver en tafalla,500,parent: que ver en tafalla
es,que ver en normandia,500,parent: normandía que ver
es,que ver en oporto y alrededores,500,parent: que hacer en oporto
es,cosas que ver en lisboa,500,parent: que ver en lisboa
es,que ver en briones,450,parent: que ver en briones
es,que ver en venecia en un dia,450,parent: que ver en venecia en un dia
es,que ver en firgas,450,parent: que ver en firgas
es,que ver en córdoba en 3 días,450,parent: que ver en cordoba en tres dias
es,que ver en trastevere,450,parent: que ver en trastevere
es,que ver en la ribeira sacra,450,parent: cañones del miño
es,que ver en tolosa,450,parent: que ver en tolosa
es,que ver en roquetas de mar y alrededores,450,parent: que ver en roquetas de mar
es,cosas que ver en malaga,450,parent: que ver en malaga
es,que ver en merida españa,450,parent: que ver en merida
es,que ver en mura,450,parent: que ver en mura
es,que ver en covadonga,450,parent: visitar covadonga
es,que ver en ecuador,450,parent: que ver en ecuador
es,que ver en bosnia,450,parent: que ver en bosnia
es,que ver en maspalomas,450,parent: que ver en maspalomas
es,que ver en washington,450,parent: que ver en washington
es,que ver en cáceres y alrededores en 3 días,450,parent: que ver en cáceres y alrededores en 3 días
es,que ver en las palmas,450,parent: que hacer en las palmas de gran canaria
es,que ver en el sur de tenerife,450,parent: que ver en el sur de tenerife
es,que ver en albacete y alrededores,450,parent: albacete que ver
es,que ver en oman,450,parent: que ver en oman
es,que ver en lucena,450,parent: que ver en lucena
es,que ver en villanueva de los infantes,450,parent: que ver en villanueva de los infantes
es,que ver en tanzania,450,parent: que ver en tanzania
es,que ver en santiago de compostela en un dia,450,parent: que ver en santiago de compostela en un dia
es,que ver en la tv hoy,450,parent: programación tv
es,que ver en oporto en 2 días,450,parent: oporto en dos dias
es,que ver en armenia,450,parent: que ver en armenia
es,que ver en atenas en 2 dias,450,parent: que ver en atenas en 2 dias
es,que ver en salamanca y alrededores,450,parent: que ver en salamanca
es,que ver en pontedeume,450,parent: que ver en pontedeume
es,que ver en guernica,450,parent: que ver en gernika
es,que ver en teruel y alrededores en 4 días,450,parent: que ver en teruel
es,que ver en bogota,450,parent: que ver en bogota
es,que ver en funchal,450,parent: que ver en funchal
es,que ver en baden baden,450,parent: que ver en baden baden
es,que ver en madagascar,450,parent: que ver en madagascar
es,que ver en palamos,450,parent: que ver en palamos
es,que ver en burgos capital,450,parent: que ver en burgos
es,que ver en valencia con niños,450,parent: que hacer en valencia con niños
es,que ver en llanes y alrededores,450,parent: llanes que ver
es,que ver en santa cruz de la palma,450,parent: que ver en santa cruz de la palma
es,que ver en chinchón,450,parent: chinchon
es,que ver en malpica,450,parent: malpica de bergantiños
es,que ver en oña,450,parent: que ver en oña
es,que ver en eindhoven,450,parent: que ver en eindhoven
es,que ver en ayna,450,parent: que ver en ayna
es,que ver en dublin en 2 dias,450,parent: que ver en dublin en 2 dias
es,que ver en marsella en un dia,450,parent: que ver en marsella en un dia
es,que ver en segovia y alrededores,450,parent: que ver en segovia y alrededores
es,que ver en orlando,450,parent: excursiones orlando
es,que ver en benalmádena,450,parent: qué ver en benalmádena
es,que ver en riopar,450,parent: que ver en riopar
es,que ver en ronda y alrededores,450,parent: que ver en ronda y alrededores
es,que ver en hiroshima,450,parent: hiroshima japon
es,que ver en vic,450,parent: que ver en vic
es,que ver en zaragoza en un día,450,parent: que ver en zaragoza en un día
es,que ver en tromso,450,parent: que ver en tromso
es,que ver en phuket,450,parent: que ver en phuket
es,que ver en reikiavik,450,parent: reikiavik
es,que ver en sofia bulgaria,450,parent: que ver en sofia
es,que ver en budapest en 3 días,450,parent: que ver en budapest en 3 dias
es,que ver en la granja de san ildefonso,450,parent: que ver en la granja de san ildefonso
es,que ver en napoles en 1 dia,450,parent: que ver en nápoles en 3 días
es,que ver en trevelez,450,parent: trevelez
es,que ver en malmo,450,parent: que ver en malmo
es,que ver en cantabria en 4 días,450,parent: que ver en cantabria en 4 días
es,que ver en lima,450,parent: que ver en lima
es,que ver en inverness,450,parent: inverness
es,que ver en palas de rei,450,parent: que ver en palas de rei
es,que ver en laos,450,parent: que ver en laos
es,que ver en cadiz y alrededores,450,parent: que ver en cádiz y alrededores en 5 días
es,que ver en benicarlo,450,parent: benicarlo que ver
es,que ver en puerto del rosario,450,parent: que ver en puerto del rosario
es,que ver en lisboa en 4 dias,450,parent: que ver en lisboa en 4 dias
es,que ver en bruselas en 3 dias,450,parent: que ver en bruselas en 3 dias
es,que ver en belmonte,450,parent: que ver en belmonte
es,que ver en zadar,450,parent: que ver en zadar
es,que ver en sagres,450,parent: que ver en sagres
es,que ver en moratalla,450,parent: que ver en moratalla
es,que ver en takayama,450,parent: que ver en takayama
es,que ver en zanzibar,450,parent: zanzibar
es,que ver en milán,450,parent: que ver en milan
es,que ver en oporto en 4 días,400,parent: oporto en 4 dias
es,que ver en el norte de españa,400,parent: que ver en el norte de españa
es,que ver en tarragona y alrededores,400,parent: que ver en tarragona y alrededores
es,que ver en zuheros,400,parent: zuheros
es,salamanca que ver en un dia,400,parent: salamanca que ver
es,que ver en capri,400,parent: qué ver en capri
es,que ver en denia y alrededores,400,parent: que ver en denia
es,que ver en murcia provincia,400,parent: que hacer en murcia
es,que ver en jaca y alrededores,400,parent: que ver alrededor de jaca
es,que ver en colombres,400,parent: que ver en colombres
es,que ver en mazarron,400,parent: que ver en mazarron
es,que ver en almendralejo,400,parent: que ver en almendralejo
es,que ver en toledo y alrededores,400,parent: que ver en toledo y alrededores
es,que ver en alicante provincia,400,parent: que ver en la provincia de alicante
es,que ver en cangas,400,parent: que ver en cangas
es,que ver en nara,400,parent: nara
es,que ver en bristol,400,parent: que ver en bristol
es,que ver en chiclana de la frontera,400,parent: que ver en chiclana
es,que ver en macedonia,400,parent: que ver en macedonia
es,que ver en cangas de narcea,400,parent: cangas de narcea que ver
es,que ver en lisboa en un dia,400,parent: que ver en lisboa en un dia
es,que ver en bolonia en un dia,400,parent: que ver en bolonia
es,que ver en gran canaria en 4 días,400,parent: que ver en gran canaria en 4 días
es,que ver en avignon,400,parent: que ver en avignon
es,que ver en ubrique,400,parent: que ver en ubrique
es,que ver en calpe y alrededores,400,parent: que ver en calpe
es,que ver en bilbao en un día,400,parent: que ver en bilbao en 1 dia
es,que ver en requena,400,parent: que ver en requena
es,que ver en murano,400,parent: que ver en murano
es,que ver en cataluña,400,parent: que ver en cataluña
es,que ver en mieres,400,parent: que ver en mieres
es,que ver en shanghai,400,parent: que ver en shanghai
es,que ver en vizcaya,400,parent: que ver en vizcaya
es,que ver en menorca en 3 dias,400,parent: que ver en menorca en 3 dias
es,que ver en cazorla pueblo,400,parent: que ver en cazorla pueblo
es,que ver en valencia en dos dias,400,parent: que ver en valencia en dos dias
es,que ver en murcia y alrededores en tres días,400,parent: que ver en murcia y alrededores en tres días
es,que ver en fornells,400,parent: que ver en fornells
es,que ver en granada en 3 días,400,parent: que ver en granada en 3 dias
es,que ver en sarajevo,400,parent: sarajevo que ver
es,que ver en cantabria con niños,400,parent: cantabria con niños
es,que ver en estoril,400,parent: que ver en estoril
es,que ver en aveiro en un dia,400,parent: que ver en aveiro
es,que ver en rennes,400,parent: que ver en rennes
es,que ver en bueu,400,parent: bueu
es,que ver en manzanares,400,parent: que ver en manzanares
es,que ver en braga portugal,400,parent: que ver en braga
es,que ver en arzua,400,parent: que ver en arzua
es,que ver hoy en madrid,400,parent: que hacer hoy en madrid
es,que ver en soportujar,400,parent: que ver en soportujar
es,que ver en la haya,400,parent: que ver en la haya
es,que ver en tabarca,400,parent: tabarca
es,que ver en patones de arriba,400,parent: patones de arriba que ver
es,que ver en madeira en 7 dias,400,parent: que ver en madeira en 7 dias
es,que ver en calella de palafrugell,400,parent: calella de palafrugell beach
es,que ver en andorra en verano,400,parent: andorra que ver en verano
es,que ver en el bierzo,400,parent: que ver en el bierzo
es,que ver en aguilas,400,parent: que ver en aguilas
es,que ver en puglia,400,parent: puglia que ver
es,que ver en caceres capital,400,parent: qué ver en cáceres capital
es,que ver en cariño,400,parent: que ver en cariño
es,que ver en fuerteventura en 5 dias,400,parent: que ver en fuerteventura en 5 dias
es,que ver en candelario,400,parent: que ver en candelario
es,que ver en orduña,400,parent: que ver en orduña
es,que ver en córdoba en un día,400,parent: que ver en cordoba en un dia
es,que ver en vera,400,parent: que ver en vera almeria
es,que ver en uzbekistan,400,parent: uzbekistán que ver
es,que ver en campo de criptana,400,parent: campo de criptana
es,que ver en prades,400,parent: prades tarragona que ver
es,que ver en zamora y alrededores,400,parent: que ver en zamora y alrededores
es,que ver en lanzarote en 4 dias,400,parent: lanzarote en 4 dias
es,que ver en melide,400,parent: que ver en melide
es,que ver en chongqing,400,parent: chongqing
es,que ver en miravet,400,parent: miravet
es,que ver en pollensa,400,parent: que ver en pollensa
es,que ver en capadocia,400,parent: capadocia
es,que ver en la coruña y alrededores,400,parent: que ver en coruña
es,que ver en albacete ciudad,400,parent: qué visitar en albacete
es,que ver en malaga en 2 dias,400,parent: que ver en malaga en 2 dias
es,que ver en vejer,400,parent: que ver en vejer de la frontera
es,que ver en ortigueira,400,parent: pueblos bonitos cerca de ortigueira
es,que ver en skopje,400,parent: que ver en skopie
es,que ver en barcelona en dos dias,400,parent: barcelona en 2 dias
es,que ver en montreal,400,parent: que ver en montreal
es,que ver en garrucha,400,parent: que ver en garrucha
es,que ver en tenerife con niños,400,parent: tenerife con niños
es,que ver en la costa brava,400,parent: que ver en la costa brava
es,que ver en lisboa y alrededores,400,parent: que ver en lisboa y alrededores
es,que ver en telde,400,parent: qué ver en telde
es,que ver en lerma,400,parent: lerma
es,que ver en barcelona con niños,400,parent: que hacer en barcelona con niños
es,que ver en varsovia en 3 dias,400,parent: que ver en varsovia en 3 dias
es,que ver en pompeya,400,parent: que ver en pompeya
es,que ver en las landas,400,parent: que hacer en las landas
es,que ver en alcazar de san juan,400,parent: que ver en alcazar de san juan
es,que ver en utrecht,400,parent: que ver en utrecht
es,que ver en cannes,400,parent: que ver en cannes
es,que ver en lovaina,400,parent: que ver en lovaina
es,que ver en puigcerda,350,parent: que ver en puigcerda
es,que ver en solares,350,parent: que ver en solares
es,que ver en lalin,350,parent: que ver en lalin
es,que ver en beziers,350,parent: que ver en beziers
es,que ver en torrox,350,parent: que ver en torrox
es,que ver en murcia y alrededores,350,parent: murcia que ver
es,que ver en sallent de gallego,350,parent: que ver en sallent de gallego
es,que ver en dolomitas,350,parent: dolomitas que ver
es,que ver en lecce,350,parent: que ver en lecce
es,que ver en porto cristo,350,parent: porto cristo
es,que ver en cáceres en un día,350,parent: que ver en cáceres en un día
es,que ver en menorca en una semana,350,parent: que ver en menorca
es,que ver en cardiff,350,parent: que ver en cardiff
es,cosas que ver en praga,350,parent: qué ver en praga
es,cosas que ver en gran canaria,350,parent: qué hacer en gran canaria
es,que ver en daimiel,350,parent: que ver en daimiel
es,que ver en san sebastián en un día,350,parent: que ver en san sebastian en 1 dia
es,que ver en yakarta,350,parent: indonesia capital
es,que ver en la provincia de burgos,350,parent: que ver en burgos provincia
es,que ver en lepe,350,parent: que ver en lepe
es,que ver en villafranca del bierzo,350,parent: villafranca del bierzo
es,que ver en almería capital,350,parent: que ver en almeria capital
es,que ver en carcasona,350,parent: que ver en carcassonne
es,que ver en lerida,350,parent: que ver en lleida
es,que ver en la bañeza,350,parent: que ver en la bañeza
es,que ver en toledo en un día,350,parent: toledo en un dia
es,que ver en chaves,350,parent: que ver en chaves
es,que ver en bucarest en 3 dias,350,parent: que ver en bucarest en 3 dias
es,que ver en salerno,350,parent: salerno italia
es,que ver en la rochelle,350,parent: que ver en la rochelle
es,que ver en lisboa en 2 días,350,parent: que ver en lisboa en 2 dias
es,que ver en cagliari,350,parent: que ver en cagliari
es,que ver en marrakech en tres dias,350,parent: marrakech en 3 dias
es,que ver en segorbe,350,parent: que ver en segorbe
es,que ver en cangas de morrazo,350,parent: que ver en cangas
es,que ver en valencia en un dia,350,parent: que ver en valencia en un dia
es,que ver en galdar,350,parent: que ver en galdar
es,que ver en gran canaria en 7 días,350,parent: que ver en las palmas de gran canaria en 7 días
es,que ver en venecia 3 dias,350,parent: que ver en venecia 3 dias
es,que ver en gijon y alrededores,350,parent: que ver en gijon
es,que ver en plasencia en un dia,350,parent: que ver en plasencia en un dia
es,que ver en cádiz y alrededores en 5 días,350,parent: que ver en cádiz y alrededores en 5 días
es,lanzarote que ver en 5 dias,350,parent: lanzarote que ver en 5 dias
es,que ver en sant feliu de guixols,350,parent: que ver en sant feliu de guixols
es,que ver en bielsa,350,parent: que ver en bielsa
es,que ver en triana sevilla,350,parent: que ver en triana
es,que ver en orio,350,parent: que ver en orio
es,que ver en nazare,350,parent: que ver en nazare
es,que ver en kyoto,350,parent: kioto que ver
es,que ver en almuñécar,350,parent: almuñecar que ver
es,que ver en el salvador,350,parent: que ver en el salvador
es,que ver en gerona,350,parent: que ver en girona
es,toledo que ver en un dia,350,parent: que ver en toledo
es,que ver en edimburgo en 3 dias,350,parent: edimburgo en 3 dias
es,que ver en masca,350,parent: masca
es,que ver en ciutadella,350,parent: que ver en ciutadella
es,que ver en coria,350,parent: que ver en coria
es,que ver en palma de mallorca en un dia,350,parent: que ver en palma de mallorca en un dia
es,que ver en cracovia en 2 dias,350,parent: que ver en cracovia en 2 dias
es,que ver en vilna,350,parent: vilna
es,que ver en isla cantabria,350,parent: isla cantabria
es,que ver en el parque del retiro,350,parent: que ver en el retiro
es,que ver en el sur de portugal,350,parent: que ver en el sur de portugal
es,que ver en tarancon,350,parent: tarancon
es,que ver en avilés,350,parent: qué ver en avilés
es,que ver en almansa,350,parent: que ver en almansa
es,que ver en cabo de palos,350,parent: que ver en cabo de palos
es,que ver en llerena,350,parent: que ver en llerena
es,que ver en albania en una semana,350,parent: que ver en albania en 7 días
es,que ver en amberes en un dia,350,parent: que ver en amberes en un dia
es,que ver en bremen,350,parent: que ver en bremen
es,que ver en la bretaña francesa,350,parent: bretaña francesa que ver
es,que ver en mijas pueblo,350,parent: que ver en mijas
es,que ver en la valeta,350,parent: que ver en la valeta
es,que ver en lanzarote en 5 días,350,parent: que ver en lanzarote en 5 días
es,que ver en gijón en un día,350,parent: que ver en gijon en un dia
es,que ver en la habana,350,parent: que ver en la habana
es,que ver en el albir,350,parent: el albir
es,que ver en madrid centro,350,parent: que hacer en el centro de madrid
es,que ver en molina de aragon,350,parent: que ver en molina de aragon
es,que ver en alora,350,parent: que ver en alora
es,que ver en laxe,350,parent: laxe que ver
es,que ver en amsterdam en 4 dias,350,parent: que ver en amsterdam en 4 dias
es,que ver en sevilla con niños,350,parent: que ver en sevilla con niños
es,que ver en alhama de aragón,350,parent: alhama de aragon
es,que ver en montmartre,350,parent: montmartre que ver
es,avila que ver en un dia,350,parent: que ver en avila en un dia
es,que ver en livorno,350,parent: que ver en livorno
es,que ver en granada en un día,350,parent: que ver en granada en un dia
es,que ver en burela,350,parent: que ver en burela y alrededores
es,que ver en gijon en un dia,350,parent: que ver en gijon en un dia
es,que ver en huelva provincia,350,parent: que ver en huelva provincia
es,que ver en positano,350,parent: que ver en positano
es,que ver en montanejos,350,parent: que ver en montanejos
es,que ver en castellón,350,parent: que ver en castellon de la plana
es,que ver en caños de meca,350,parent: que ver en caños de meca
es,que ver en sudafrica,350,parent: que ver en sudafrica
es,que ver en japon en 10 dias,350,parent: que ver en japon en 10 dias
es,que ver en león y alrededores en 3 días,350,parent: que ver en león y alrededores en 3 días
es,que ver en frias,350,parent: frias que ver
es,que ver en castropol,350,parent: que ver en castropol
es,que ver en segovia en un día,350,parent: que ver en segovia en un dia
es,que ver en cartes,350,parent: que ver en cartes
es,que ver en puente viesgo,350,parent: puente viesgo que ver
es,que ver en toledo con niños,350,parent: que ver en toledo con niños
es,que ver en valladolid en un dia,350,parent: que ver en valladolid
es,que ver en corralejo,350,parent: que ver en corralejo
es,que ver en albania en 7 días,350,parent: que ver en albania en una semana
es,que ver en la india,350,parent: que ver en la india
es,que ver en wroclaw,350,parent: wroclaw
es,cosas que ver en salamanca,350,parent: que ver en salamanca
fr,que faire a lyon,9300,
fr,que faire a lyon ce weekend,7100,
fr,que faire a bordeaux,6600,
fr,que faire a marseille,5900,
fr,que faire a marrakech,5500,
fr,que faire a amsterdam,5100,
fr,que faire a porto,5000,
fr,que faire a lille,4700,
fr,que faire a lyon ce week end,4100,
fr,que faire a barcelone,4000,
fr,que faire a madrid,3900,
fr,que faire a annecy,3800,
fr,que faire a milan,3600,
fr,que faire a copenhague,3600,
fr,que faire a nantes,3500,
fr,que faire a la rochelle,3500,
fr,que faire a malte,3200,
fr,que faire a lisbonne,3000,
it,cosa vedere a palermo,17000,parent: cosa visitare a palermo
it,cosa vedere a napoli,17000,parent: napoli cosa vedere
it,cosa vedere a vienna,11000,parent: qual è la capitale dell'austria
it,cosa vedere a torino,11000,parent: torino cosa vedere
it,cosa vedere a roma,11000,parent: roma monumenti
it,cosa vedere a budapest,10000,parent: budapest cosa vedere
it,cosa vedere a madrid,10000,parent: cosa vedere a madrid
it,cosa vedere a praga,9300,parent: praga cosa vedere
it,cosa vedere a milano,9100,parent: cosa vedere a milano
it,cosa vedere a parigi,9000,parent: cosa visitare a parigi
it,cosa vedere a barcellona,8700,parent: cose da visitare a barcellona
it,cosa vedere a firenze,8300,parent: cosa visitare a firenze
it,cosa vedere a londra,8100,parent: cosa visitare a londra
it,cosa vedere a catania,7500,parent: cosa vedere a catania
it,cosa vedere a trieste,6900,parent: trieste cosa vedere
it,cosa vedere a padova,6700,parent: cosa visitare a padova
it,cosa vedere a valencia,6600,parent: valencia cosa vedere
it,cosa vedere a lisbona,6500,parent: cosa vedere a lisbona
it,cosa vedere a venezia,6300,parent: cosa fare a venezia
it,cosa vedere a napoli in 3 giorni,5900,parent: napoli cosa vedere in 3 giorni
it,cosa vedere a mantova,5900,parent: cosa vedere a mantova
it,cosa vedere a ferrara,5600,parent: cosa fare a ferrara
it,cosa vedere a bari,5500,parent: bari cosa vedere
it,cosa vedere a malta,5400,parent: cosa vedere a malta
it,cosa vedere a genova,5100,parent: cosa visitare a genova
it,cosa vedere a siviglia,5000,parent: cosa fare a siviglia
it,cosa vedere a siena,4900,parent: visitare siena
it,cosa vedere a trento,4800,parent: cosa vedere a trento
it,cosa vedere a pisa,4700,parent: cosa vedere a pisa
it,cosa vedere a bruxelles,4700,parent: cosa fare a bruxelles
it,cosa vedere a matera,4700,parent: cosa vedere a matera
it,cosa vedere a perugia,4400,parent: cosa vedere a perugia
it,cosa vedere a lucca,4200,parent: cosa vedere a lucca
it,cosa vedere a bucarest,4200,parent: bucarest
it,cosa vedere a new york,4200,parent: cosa fare a new york
it,cosa vedere a parma,4000,parent: cosa vedere a parma
it,cosa vedere a malaga,3800,parent: malaga cosa vedere
it,cosa vedere a lecce,3800,parent: cosa vedere a lecce
it,cosa vedere a bolzano,3600,parent: bolzano cosa vedere
it,cosa vedere a copenaghen,3600,parent: copenaghen cosa vedere
it,cosa vedere a monaco di baviera,3500,parent: monaco di baviera
it,cosa vedere a sofia,3400,parent: sofia bulgaria
it,cosa vedere a treviso,3400,parent: cosa vedere a treviso
it,polignano a mare cosa vedere,3400,parent: polignano a mare cosa vedere
it,cosa vedere a napoli in un giorno,3300,parent: cosa visitare a napoli in un giorno
it,cosa vedere a dublino,3200,parent: dublino cosa vedere
it,cosa vedere a modena,3200,parent: modena cosa vedere
it,cosa vedere a roma in 3 giorni,3100,parent: cosa visitare a roma in 3 giorni
it,cosa vedere a vienna in 3 giorni,3100,parent: cosa visitare a vienna in 3 giorni
it,cosa vedere a nizza,3100,parent: cosa fare a nizza
it,cosa vedere a barcellona in 3 giorni,3100,parent: barcellona cosa vedere in 3 giorni
it,cosa vedere a gubbio,3000,parent: gubbio cosa vedere
it,cosa vedere a cracovia,3000,parent: cosa visitare a cracovia
it,cosa vedere a milano in un giorno,3000,parent: milano cosa vedere in un giorno
it,cosa vedere a bergamo,3000,parent: cose particolari da fare
it,cosa vedere a verona in un giorno,3000,parent: cosa visitare a verona
it,cosa vedere a porto,2900,parent: porto portogallo cosa vedere
it,cosa vedere a cagliari,2900,parent: cose da vedere a cagliari
it,cosa vedere a budapest in 3 giorni,2900,parent: budapest in 3 giorni
it,cosa vedere a siracusa,2800,parent: siracusa cosa vedere
it,cosa vedere a marsiglia,2800,parent: cosa vedere a marsiglia
it,cosa vedere a torino in un giorno,2700,parent: cosa visitare a torino in un giorno
it,cosa vedere a rimini,2700,parent: cosa vedere a rimini
it,cosa vedere a istanbul,2700,parent: istanbul cosa vedere
it,cosa vedere a valencia in 3 giorni,2700,parent: valencia in 3 giorni
it,cosa vedere a ravenna,2600,parent: cosa vedere a ravenna
it,cosa vedere a livorno,2600,parent: cosa vedere a livorno
it,cosa vedere a san marino,2600,parent: cose da fare a san marino
it,cosa vedere a madrid in 3 giorni,2600,parent: cosa vedere a madrid in 3 giorni
it,cosa vedere a stoccolma,2500,parent: cosa visitare a stoccolma
it,cosa vedere a tirana,2500,parent: tirana cosa vedere
it,cosa vedere a marrakech,2500,parent: cosa vedere a marrakech
it,cosa vedere a salerno,2500,parent: cosa fare a salerno
it,cosa vedere a firenze in un giorno,2500,parent: visitare firenze in un giorno
it,cosa vedere a como,2500,parent: como cosa vedere
it,ristoranti polignano a mare,2400,parent: ristoranti polignano a mare
it,cosa vedere a varsavia,2400,parent: cosa vedere a varsavia
it,cosa vedere a praga in 3 giorni,2400,parent: praga cosa vedere in 3 giorni
it,cosa vedere a dubai,2400,parent: dubai
it,cosa vedere a piacenza,2300,parent: cosa vedere a piacenza
it,cosa vedere a sorrento,2300,parent: cosa fare a sorrento
it,cosa vedere a berlino,2300,parent: cosa vedere a berlino
it,cosa vedere a siviglia in 3 giorni,2300,parent: cosa vedere a siviglia in 3 giorni
it,cosa vedere a londra in 3 giorni,2300,parent: cosa vedere a londra in 3 giorni
it,cosa vedere a pavia,2300,parent: cosa vedere a pavia
it,cosa vedere a bologna in un giorno,2200,parent: cosa vedere a bologna in un giorno
it,cosa vedere a lisbona in 3 giorni,2200,parent: cosa vedere a lisbona in 3 giorni
it,cosa vedere a tokyo,2200,parent: cosa vedere a tokyo
it,cosa vedere a brescia,2200,parent: cosa vedere a brescia
it,cosa vedere a viterbo,2200,parent: cosa visitare a viterbo
it,cosa vedere a taormina,2100,parent: cosa vedere vicino a taormina
it,cosa vedere a noto,2100,parent: noto antica
it,cosa vedere a parigi in 3 giorni,2100,parent: cosa vedere a parigi in 3 giorni
it,cosa vedere a cremona,2100,parent: cremona cosa vedere
it,cosa vedere a marsala,2000,parent: cosa fare a marsala
it,cosa vedere a reggio emilia,2000,parent: cose da visitare a reggio emilia
it,cosa vedere a strasburgo,2000,parent: strasburgo cosa vedere
it,cosa vedere a tenerife,2000,parent: tenerife cosa vedere
it,cosa vedere a venezia in un giorno,1900,parent: cosa vedere a venezia in un giorno
it,cosa vedere a merano,1900,parent: merano cosa vedere
it,cosa vedere a tropea,1900,parent: cosa vedere a tropea
it,cosa vedere a sirmione,1900,parent: sirmione cosa vedere
it,cosa vedere a modica,1900,parent: cosa vedere a modica
it,cosa vedere a oslo,1800,parent: cosa vedere a oslo
it,cosa vedere a spoleto,1800,parent: visitare spoleto
it,cosa vedere a san gimignano,1800,parent: san gimignano cosa vedere
it,cosa vedere a pescara,1800,parent: pescara cosa vedere
it,cosa vedere a capri,1800,parent: cosa vedere a capri
it,cosa vedere a lugano,1700,parent: lugano cosa vedere
it,cosa vedere a padova in un giorno,1700,parent: cosa vedere a padova in un giorno
it,cosa vedere a innsbruck,1700,parent: innsbruck
it,cosa vedere a edimburgo,1700,parent: cosa fare ad edimburgo
it,cosa vedere a creta,1700,parent: cosa vedere a creta
it,cosa vedere a granada,1700,parent: granada cosa vedere
it,cosa vedere a torino in 3 giorni,1700,parent: cosa vedere a torino
it,cosa vedere a ferrara in un giorno,1700,parent: taormina cosa vedere
it,cosa vedere a palma di maiorca,1700,parent: palma di maiorca cosa vedere
it,cosa vedere a vicenza,1700,parent: cosa vedere a vicenza
it,cosa vedere a lubiana,1600,parent: lubiana cosa vedere
it,cosa vedere a bilbao,1600,parent: cosa vedere a bilbao
it,ristoranti vicino a me maps,1600,parent: ristorante vicino a me
it,cosa vedere a chioggia,1600,parent: cosa vedere a chioggia in un giorno
it,cosa vedere a ischia,1600,parent: ischia cosa vedere
it,cosa vedere a udine,1600,parent: cosa vedere a udine
it,cosa vedere a lione,1600,parent: cosa vedere a lione
it,cosa vedere a vienna in 2 giorni,1600,parent: cosa vedere a vienna in 2 giorni
it,cosa vedere a perugia in un giorno,1600,parent: cosa vedere a perugia in un giorno
it,cosa vedere a orvieto,1600,parent: orvieto cosa vedere
it,cosa vedere a ostuni,1500,parent: ostuni cosa vedere
it,cosa vedere a messina,1500,parent: cosa fare a messina
it,cosa vedere a fuerteventura,1500,parent: fuerteventura cosa vedere
it,cosa vedere a parma in un giorno,1500,parent: parma cosa vedere in un giorno
it,cosa vedere a zagabria,1500,parent: cosa vedere a zagabria
it,cosa vedere a manchester,1500,parent: manchester
it,cosa vedere a monza,1500,parent: monza cosa vedere
it,cosa vedere a zurigo,1500,parent: zurigo
it,cosa vedere a pesaro,1500,parent: cosa vedere a pesaro
it,cosa vedere a gallipoli,1400,parent: cosa vedere a gallipoli
it,cosa vedere a genova in un giorno,1400,parent: cosa fare il 25 aprile se piove
it,cosa vedere a los angeles,1400,parent: cosa vedere a los angeles
it,cosa vedere a mykonos,1400,parent: mykonos cosa vedere
it,cosa vedere a ragusa,1400,parent: ragusa cosa vedere
it,cosa vedere a brindisi,1400,parent: brindisi cosa vedere
it,cosa vedere a reggio calabria,1400,parent: cosa vedere a reggio calabria
it,cosa vedere a cracovia in 3 giorni,1400,parent: cosa vedere a cracovia in 3 giorni
it,cosa vedere a spello,1400,parent: spello
it,cosa vedere a la spezia,1400,parent: la spezia cosa vedere
it,cosa vedere a cordoba,1300,parent: cordoba cosa vedere
it,cosa vedere a trieste in un giorno,1300,parent: trieste cosa vedere
it,cosa vedere a firenze in 3 giorni,1300,parent: cosa vedere a firenze in 3 giorni
it,cosa vedere a napoli in due giorni,1300,parent: cosa visitare a napoli in 2 giorni
it,cosa vedere a malta in 3 giorni,1300,parent: cosa vedere a malta in 3 giorni
it,cosa vedere a polignano a mare,1300,parent: polignano a mare cosa vedere
it,cosa vedere a torino in 2 giorni,1300,parent: cosa vedere a torino in 2 giorni
it,cosa vedere a bratislava,1300,parent: bratislava cosa vedere
it,cosa vedere vicino a me,1300,parent: posti da visitare vicino a me
it,cosa vedere a bassano del grappa,1300,parent: bassano del grappa cosa vedere
it,cosa vedere a cefalù,1300,parent: cefalù
it,cosa vedere a gorizia,1300,parent: cosa vedere a gorizia
it,cosa vedere a ginevra,1300,parent: cosa vedere a ginevra
it,cosa vedere a vieste,1300,parent: vieste cosa vedere
it,cosa vedere a grosseto,1200,parent: cosa vedere a grosseto
it,cosa vedere a volterra,1200,parent: volterra
it,cosa vedere a palermo in un giorno,1200,parent: palermo cosa vedere in un giorno
it,cosa vedere a taranto,1200,parent: cosa vedere a taranto
it,ristoranti vicino a me aperti,1200,parent: ristorante aperto vicino a me
it,cosa vedere a san francisco,1200,parent: attrazioni san francisco
it,cosa vedere a lecco,1200,parent: lecco cosa vedere
it,ristoranti a milano,1200,parent: i migliori ristoranti a milano
it,cosa vedere a pisa in un giorno,1200,parent: cosa vedere a pisa in un giorno
it,cosa vedere a amsterdam,1200,parent: amsterdam
it,cosa vedere a singapore,1200,parent: cose da fare a singapore
it,cosa vedere a francoforte,1200,parent: cosa vedere a francoforte
it,cosa vedere a siena in un giorno,1200,parent: cosa vedere a siena
it,cosa vedere a palermo in due giorni,1200,parent: cosa vedere a palermo
it,cosa vedere a savona,1200,parent: savona cosa vedere
it,cosa vedere a otranto,1200,parent: cosa vedere a otranto
it,cosa vedere a dublino in 3 giorni,1100,parent: cosa vedere a dublino in 3 giorni
it,cosa vedere a urbino,1100,parent: urbino cosa vedere
it,cosa vedere a sciacca,1100,parent: cosa vedere a sciacca
it,cosa vedere a monopoli,1100,parent: cosa vedere a monopoli
it,cosa vedere a lucca in un giorno,1100,parent: lucca in un giorno
it,cosa vedere a monaco,1100,parent: cosa visitare a monaco di baviera
it,cosa vedere a trani,1100,parent: trani cosa vedere
it,cosa vedere a vilnius,1100,parent: cosa vedere a vilnius
it,cosa vedere a bali,1100,parent: cosa vedere a bali
it,ristoranti senza glutine vicino a me,1100,parent: gluten free vicino a me
it,cosa vedere a trapani,1100,parent: trapani cosa vedere
it,cosa vedere a danzica,1100,parent: danzica cosa vedere
it,cosa vedere a caserta,1100,parent: caserta cosa vedere
it,cosa vedere a novara,1000,parent: visitare novara
it,cosa vedere a londra in 4 giorni,1000,parent: cosa vedere a londra in 4 giorni
it,cosa vedere a helsinki,1000,parent: helsinki cosa vedere
it,cosa vedere a bruges,1000,parent: cosa vedere a bruges in un giorno
it,cosa vedere a kyoto,1000,parent: cosa vedere a kyoto
it,cosa vedere a lanzarote,1000,parent: cosa vedere a lanzarote
it,cosa vedere a varsavia in 3 giorni,1000,parent: cosa vedere a varsavia in 3 giorni
it,cosa vedere a favignana,1000,parent: favignana cosa vedere
it,cosa vedere a sanremo,1000,parent: sanremo
it,cosa vedere a catania in un giorno,1000,parent: catania cosa vedere in un giorno
it,cosa vedere a miami,1000,parent: miami cosa vedere
it,cosa vedere a salisburgo,1000,parent: cosa vedere a salisburgo
it,cosa vedere a shanghai,1000,parent: cosa vedere a shanghai
it,cosa vedere a siviglia in 2 giorni,1000,parent: cosa vedere a siviglia in 2 giorni
it,cosa vedere a montepulciano,1000,parent: montepulciano cosa vedere
it,cosa vedere a pechino,1000,parent: cosa vedere a pechino
it,cosa vedere a civitavecchia,1000,parent: cosa vedere a civitavecchia
it,cosa vedere a peschiera del garda,1000,parent: cosa vedere a peschiera del garda
it,cosa vedere a roma in 2 giorni,1000,parent: cosa vedere a roma in 2 giorni
it,cosa vedere a bangkok,1000,parent: cosa vedere a bangkok
it,cosa vedere a colmar,1000,parent: colmar cosa vedere
it,cosa vedere a pistoia,1000,parent: cosa vedere a pistoia
it,cosa vedere a santorini,1000,parent: cosa vedere a santorini
it,cosa vedere a bari in un giorno,900,parent: cosa vedere a bari
it,ristoranti a verona,900,parent: ristoranti verona
it,cosa vedere a procida,900,parent: procida cosa vedere
it,cosa vedere a basilea,900,parent: cosa vedere a basilea
it,cosa vedere a mazara del vallo,900,parent: cosa vedere a mazara del vallo
it,cosa vedere a new york in 5 giorni,900,parent: cosa vedere a new york in 5 giorni
it,cosa vedere a berlino in 3 giorni,900,parent: berlino cosa vedere in 3 giorni
it,ristoranti a roma,900,parent: ristorante
it,cosa vedere a foligno,900,parent: foligno cosa vedere
it,cosa vedere a termoli,900,parent: termoli cosa vedere
it,cosa vedere a bologna in due giorni,900,parent: cosa vedere a bologna
it,cosa vedere a terni,900,parent: terni cosa vedere
it,cosa vedere a tivoli,900,parent: tivoli
it,cosa vedere a valencia in 2 giorni,900,parent: cosa vedere a valencia in 2 giorni
it,cosa vedere a copenaghen in 3 giorni,900,parent: cosa vedere a copenaghen in 3 giorni
it,cosa vedere a parigi in 4 giorni,900,parent: parigi in 4 giorni cosa vedere
it,cosa vedere a lecce in un giorno,900,parent: visitare lecce in un giorno
it,cosa vedere a riga,900,parent: cosa fare a riga
it,cosa vedere a ravenna in un giorno,900,parent: cosa vedere a ravenna
it,cosa vedere a osaka,900,parent: osaka cosa vedere
it,cosa vedere a lampedusa,900,parent: cosa fare a lampedusa
it,cosa vedere a barcellona in 2 giorni,900,parent: barcellona cosa vedere in 2 giorni
it,cosa vedere a madrid in 2 giorni,900,parent: visitare madrid in 2 giorni
it,cosa vedere a bruxelles in 3 giorni,900,parent: cosa vedere a bruxelles in 3 giorni
it,cosa vedere a desenzano del garda,900,parent: cose da fare a desenzano del garda
it,cosa vedere a roma in un giorno,900,parent: roma in un giorno
it,cosa vedere a varese,900,parent: varese cosa vedere
it,cosa vedere a budapest in 2 giorni,900,parent: da bratislava a budapest in battello
it,cosa vedere a sarajevo,900,parent: cosa vedere a sarajevo
it,cosa vedere a glasgow,900,parent: glasgow
it,ristoranti a bari,800,parent: ristoranti bari
it,cosa vedere a colonia,800,parent: cosa vedere a colonia
it,cosa vedere a treviso in un giorno,800,parent: cosa vedere a treviso in un giorno
it,cosa vedere a rodi,800,parent: rodi cosa vedere
it,cosa vedere a zanzibar,800,parent: zanzibar cosa vedere
it,cosa vedere a pompei,800,parent: pompei cosa vedere
it,cosa vedere a cipro,800,parent: cose da fare a cipro
it,cosa vedere a maratea,800,parent: maratea cosa vedere
it,cosa vedere a vietri sul mare,800,parent: vietri sul mare cosa vedere
it,ristoranti pesce vicino a me,800,parent: ristoranti di pesce in zona
it,cosa vedere a scicli,800,parent: scicli cosa vedere
it,cosa vedere a malaga in 3 giorni,800,parent: cosa vedere a malaga in 3 giorni
it,cosa vedere a reykjavik,800,parent: cosa vedere a reykjavik
it,cosa vedere a stoccarda,800,parent: cosa vedere a stoccarda
it,cosa vedere a positano,800,parent: positano
it,cosa vedere a cannes,800,parent: cannes
it,cosa vedere a trastevere,800,parent: cosa vedere a trastevere
it,cosa vedere a firenze in due giorni,800,parent: cosa vedere a firenze in due giorni
it,cosa vedere a narni,800,parent: cosa vedere a narni e dintorni
it,cosa vedere a olbia,800,parent: cosa vedere a olbia
it,cosa vedere a cagliari in un giorno,800,parent: cosa vedere a cagliari in un giorno
it,cosa vedere a chicago,800,parent: cosa vedere a chicago
it,cosa vedere a venezia in due giorni,800,parent: cosa vedere a venezia in due giorni
it,cosa vedere a cracovia in 2 giorni,800,parent: cosa vedere a cracovia in 2 giorni
it,cosa vedere a praga in 2 giorni,800,parent: cosa vedere a praga in 2 giorni
it,cosa vedere a prato,800,parent: cosa vedere a prato
it,cosa vedere a belgrado,800,parent: belgrado
it,cosa vedere a locorotondo,800,parent: cosa vedere a locorotondo
it,cosa vedere a montecarlo,800,parent: monaco
it,cosa vedere a san benedetto del tronto,800,parent: cosa vedere a san benedetto del tronto
it,cosa vedere a stresa,700,parent: stresa cosa vedere
it,cosa vedere a budapest in 4 giorni,700,parent: cosa vedere a budapest
it,cosa vedere a gran canaria,700,parent: gran canaria cosa vedere
it,cosa vedere a monreale,700,parent: cosa vedere a monreale
it,cosa vedere a parigi in 2 giorni,700,parent: cosa vedere a parigi in 2 giorni
it,cosa vedere a sofia in 2 giorni,700,parent: sofia bulgaria
it,cosa vedere a marsiglia in un giorno,700,parent: centro marsiglia
it,cosa vedere a brescia in un giorno,700,parent: cosa vedere a brescia
it,cosa vedere a lussemburgo,700,parent: lussemburgo cosa vedere
it,cosa vedere a grado,700,parent: grado cosa vedere
it,cosa vedere a ortigia,700,parent: ortigia cosa vedere
it,cosa vedere a palermo in 3 giorni,700,parent: cosa vedere a palermo in 3 giorni
it,cosa vedere a riva del garda,700,parent: riva del garda cosa vedere
it,cosa vedere a pavia in un giorno,700,parent: cosa vedere a pavia in un giorno
it,ristoranti a bologna,700,parent: osteria dell orsa
it,cosa vedere a tolosa,700,parent: tolosa
it,cosa vedere a matera in un giorno,700,parent: cosa vedere a matera in un giorno
it,cosa vedere a bressanone,700,parent: bressanone cosa vedere
it,cosa vedere a cesenatico,700,parent: cosa vedere a cesenatico
it,cosa vedere a corfù,700,parent: cosa fare a corfu
it,ristoranti a trastevere,700,parent: ristoranti trastevere
it,cosa vedere a skopje,700,parent: cosa vedere a skopje
it,cosa vedere a rovereto,700,parent: rovereto cosa vedere
it,cosa vedere a bruxelles in 2 giorni,700,parent: cosa vedere a bruxelles in 2 giorni
it,cosa vedere a sassari,700,parent: cosa vedere a sassari
it,cosa vedere a istanbul in 3 giorni,700,parent: istanbul cosa vedere
it,cosa vedere a cuneo,700,parent: cuneo cosa vedere
it,cosa vedere a mantova in un giorno,700,parent: cosa vedere a mantova
it,cosa vedere a kos,700,parent: kos cosa vedere
it,cosa vedere a biella,700,parent: biella cosa vedere
it,cosa vedere a cremona in un giorno,700,parent: cremona cosa vedere
it,cosa vedere a breslavia,700,parent: breslavia
it,cosa vedere a viareggio,700,parent: cosa vedere a viareggio
it,cosa vedere a lipari,700,parent: cosa fare a lipari
it,cosa vedere a stoccolma in 3 giorni,700,parent: stoccolma in 3 giorni
it,cosa vedere a marzamemi,700,parent: marzamemi cosa vedere
it,cosa vedere a scilla,700,parent: cosa vedere a scilla
it,cosa vedere a senigallia,700,parent: senigallia cosa vedere
it,ristoranti carne vicino a me,700,parent: ristorante carne vicino a me
it,cosa vedere a bellagio,700,parent: bellagio cosa vedere
it,cosa vedere a madrid in 4 giorni,700,parent: cosa vedere a madrid in 4 giorni
it,cosa vedere a bordeaux,700,parent: cosa vedere a bordeaux
it,cosa vedere a norimberga,700,parent: cosa vedere a norimberga
it,cosa vedere a rovigo,600,parent: rovigo cosa vedere
it,cosa vedere a lubiana in un giorno,600,parent: lubiana cosa vedere
it,cosa vedere a gaeta,600,parent: cosa vedere a gaeta
it,cosa vedere a milano in due giorni,600,parent: cosa vedere a milano in due giorni
it,cosa vedere a barcellona in 4 giorni,600,parent: 4 ristoranti barcellona
it,cosa vedere a monterosso,600,parent: cosa vedere a monterosso
it,cosa vedere a caltagirone,600,parent: caltagirone cosa vedere
it,cosa vedere a trieste in 3 giorni,600,parent: cosa vedere a trieste in 3 giorni
it,cosa vedere a sintra,600,parent: cosa vedere a sintra
it,cosa vedere a madeira,600,parent: cosa vedere a madeira
it,cosa vedere a erice,600,parent: erice sicilia
it,cosa vedere a fano,600,parent: cosa vedere a fano e dintorni
it,cosa vedere a lisbona in 2 giorni,600,parent: cosa vedere a lisbona in 2 giorni
it,cosa vedere a piacenza in un giorno,600,parent: piacenza cosa vedere in un giorno
it,cosa vedere a la valletta,600,parent: cosa vedere a la valletta
it,cosa vedere a marrakech in 3 giorni,600,parent: marrakech cosa vedere
it,cosa vedere a casablanca,600,parent: casablanca cosa vedere
it,cosa vedere a pordenone,600,parent: cosa vedere a pordenone
it,cosa vedere a capo verde,600,parent: capo verde
it,cosa vedere a spalato,600,parent: spalato cosa vedere
it,cosa vedere a verona in due giorni,600,parent: cosa vedere a verona in due giorni
it,cosa vedere a roma oggi,600,parent: bäcker in der nähe
it,cosa vedere a berna,600,parent: berna cosa vedere
it,cosa vedere a cortona,600,parent: 10 cose da vedere a cortona
it,cosa vedere a las vegas,600,parent: cosa fare a las vegas
it,cosa vedere a minorca,600,parent: minorca
it,cosa vedere a toronto,600,parent: cosa vedere a toronto
it,cosa vedere a sperlonga,600,parent: cosa vedere a sperlonga
it,cosa vedere a belluno,600,parent: cosa vedere a belluno
it,cosa vedere a bolzano in un giorno,600,parent: cosa vedere a bolzano in un giorno
it,cosa vedere a pienza,600,parent: pienza
it,cosa vedere a edimburgo in 3 giorni,600,parent: edimburgo in 3 giorni
it,ristoranti a treviso,600,parent: ristorante treviso
it,cosa vedere a bergamo alta,600,parent: bergamo alta
it,cosa vedere a cesena,600,parent: cesena cosa vedere
it,ristoranti intorno a me,600,parent: ristorante
it,cosa vedere a bucarest in 3 giorni,600,parent: bucarest
it,cosa vedere a macerata,600,parent: macerata cosa vedere
it,cosa vedere a brunico,600,parent: cosa fare a brunico in estate
it,cosa vedere a bormio,600,parent: bormio cosa visitare
it,cosa vedere a forlì,600,parent: forlì cosa vedere
it,cosa vedere a cadice,600,parent: cosa vedere a cadice
it,cosa vedere a lucerna,600,parent: cosa vedere a lucerna in un giorno
it,cosa vedere a benevento,600,parent: benevento cosa vedere
it,cosa vedere a londra in 2 giorni,600,parent: cosa vedere a londra in 2 giorni
it,cosa vedere a vienna in 4 giorni,600,parent: cosa vedere a vienna in 4 giorni
it,cosa vedere a burano,600,parent: burano cosa vedere
it,cosa vedere a vicenza in un giorno,600,parent: cosa vedere a vicenza
it,ristoranti a firenze,600,parent: ristoranti firenze
it,cosa vedere a bucarest in 2 giorni,600,parent: bucarest
it,cosa vedere a sondrio,500,parent: sondrio cosa vedere
it,cosa vedere a sharm el sheik,500,parent: cosa fare a sharm el sheikh
it,cosa vedere a gand,500,parent: cosa vedere a gand
it,cosa vedere a cosenza,500,parent: cosa vedere a cosenza
it,cosa vedere a lisbona in 4 giorni,500,parent: cosa vedere a lisbona in 4 giorni
it,cosa vedere a siracusa in un giorno,500,parent: cosa vedere a siracusa in un giorno
it,cosa vedere a varsavia in 2 giorni,500,parent: cosa vedere a varsavia in 2 giorni
it,ristoranti a parma,500,parent: dove mangiare a parma
it,ristoranti a matera,500,parent: ristoranti a matera
it,cosa vedere a porto cesareo,500,parent: cosa visitare a porto cesareo
it,cosa vedere a praga in 4 giorni,500,parent: cosa vedere a praga in 4 giorni
it,cosa vedere a torino in due giorni,500,parent: cosa vedere a torino in 2 giorni
it,cosa vedere a teramo,500,parent: cosa vedere a teramo
it,cosa vedere a riccione,500,parent: cosa vedere a riccione
it,ristoranti a ferrara,500,parent: ristoranti ferrara
it,cosa vedere a lazise,500,parent: lazise cosa vedere
it,cosa vedere a seoul,500,parent: cosa vedere a seoul
it,cosa vedere a castellammare del golfo,500,parent: castellammare del golfo cosa vedere
it,ristoranti a sorrento,500,parent: ristoranti sorrento
it,cosa vedere a palmanova,500,parent: cosa vedere a palmanova
it,cosa vedere a bergen,500,parent: bergen cosa vedere
it,cosa vedere a venezia in 3 giorni,500,parent: cosa vedere a venezia in 3 giorni
it,cosa vedere a salonicco,500,parent: cosa vedere a salonicco
it,cosa vedere a nizza in un giorno,500,parent: cosa vedere a nizza in un giorno
it,cosa vedere a rio de janeiro,500,parent: rio de janeiro
it,cosa vedere a imola,500,parent: imola cosa vedere
it,cosa vedere a cervia,500,parent: cosa vedere a cervia
it,cosa vedere a paestum,500,parent: paestum cosa vedere
it,cosa vedere a portofino,500,parent: portofino cosa vedere
it,cosa vedere a vasto,500,parent: cosa vedere a vasto
it,cosa vedere a todi,500,parent: todi cosa vedere
it,ristoranti a venezia,500,parent: dove mangiare a venezia
it,cosa vedere a maiorca,500,parent: maiorca
it,cosa vedere a bergamo in un giorno,500,parent: cosa vedere a bergamo in un giorno
it,cosa vedere a dusseldorf,500,parent: cosa vedere a dusseldorf
it,cosa vedere a tirana in 3 giorni,500,parent: cosa vedere a tirana in 3 giorni
it,cosa vedere a catania e dintorni in 3 giorni,500,parent: cosa vedere a catania e dintorni
it,cosa vedere a modena in un giorno,500,parent: modena cosa vedere
it,cosa vedere a foggia,500,parent: cosa vedere a foggia
it,cosa vedere a ravello,500,parent: cosa vedere a ravello
it,cosa vedere a boston,500,parent: cosa vedere a boston
it,cosa vedere a campobasso,500,parent: cosa vedere a campobasso
it,cosa vedere a birmingham,500,parent: cosa vedere a birmingham
it,cosa vedere a chieti,500,parent: cosa vedere a chieti
it,cosa vedere a liverpool,500,parent: cosa vedere a liverpool
it,cosa vedere a parigi in 5 giorni,500,parent: itinerario parigi 5 giorni
it,cosa vedere a toledo,500,parent: toledo
it,cosa vedere a potenza,500,parent: cosa vedere a potenza
it,cosa vedere a norcia,500,parent: cosa vedere a norcia
it,musei di parigi,500,parent: musei di parigi
it,cosa vedere a mentone,500,parent: mentone
it,cosa vedere a gubbio in un giorno,500,parent: cosa vedere a gubbio in un giorno
it,cosa vedere a montmartre,500,parent: cosa vedere a montmartre
it,cosa vedere a kuala lumpur,450,parent: kuala lumpur cosa vedere
it,cosa vedere a roma in 4 giorni,450,parent: itinerario roma 4 giorni
it,cosa vedere a oristano,450,parent: oristano cosa vedere
it,cosa vedere a ponza,450,parent: cosa vedere a ponza
it,cosa vedere a vercelli,450,parent: cosa vedere a vercelli
it,cosa vedere a napoli in 2 giorni,450,parent: napoli cosa vedere in 2 giorni
it,cosa vedere a luxor,450,parent: cosa vedere a luxor
it,cosa vedere a bosa,450,parent: bosa cosa vedere
it,ristoranti a lecce,450,parent: ristoranti lecce
it,cosa vedere a mosca,450,parent: cosa vedere a mosca
it,cosa vedere a cefalonia,450,parent: cefalonia
it,cosa vedere a new york in 7 giorni,450,parent: cosa vedere a new york in 7 giorni
it,cosa vedere a cork,450,parent: cosa vedere a cork
it,cosa vedere a siviglia in 4 giorni,450,parent: cosa vedere a siviglia in 4 giorni
it,ristoranti a monopoli,450,parent: ristoranti monopoli
it,cosa vedere a portovenere,450,parent: cosa vedere a portovenere
it,cosa vedere a trieste in due giorni,450,parent: cosa vedere a trieste in due giorni
it,cosa vedere a dubrovnik,450,parent: dubrovnik cosa fare
it,cosa vedere a sofia in 3 giorni,450,parent: cosa vedere a sofia in 3 giorni
it,cosa vedere a marbella,450,parent: marbella cosa vedere
it,cosa vedere a livorno in un giorno,450,parent: cosa vedere a livorno
it,cosa vedere a caserta oltre la reggia,450,parent: caserta cosa vedere
it,ristoranti a chioggia,450,parent: ristoranti chioggia
it,cosa vedere a monaco di baviera in 2 giorni,450,parent: cosa vedere a monaco di baviera in 2 giorni
it,cosa vedere a udine in un giorno,450,parent: cosa vedere a udine in un giorno
it,cosa vedere a malaga in 2 giorni,450,parent: cosa vedere a malaga in 2 giorni
it,cosa vedere a washington,450,parent: washington cosa vedere
it,cosa vedere a doha,450,parent: doha cosa vedere
it,polignano a mare ristoranti,450,parent: ristoranti polignano a mare
it,cosa vedere a monaco di baviera in 3 giorni,450,parent: monaco di baviera
it,ristoranti italiani a palermo,450,parent: ristoranti italiani a palermo
it,cosa vedere a ibiza,450,parent: ibiza cosa vedere
it,cosa vedere a cisternino,450,parent: cosa vedere a cisternino
it,ristoranti a trani,450,parent: ristoranti trani
it,cosa vedere a tokyo in 3 giorni,450,parent: cosa vedere a tokyo in 3 giorni
it,cosa vedere a salò,450,parent: cosa vedere a salò
it,cosa vedere a crotone,450,parent: cosa vedere a crotone
it,ristoranti buoni vicino a me,450,parent: ristoranti selva di val gardena
it,cosa vedere a tallinn,450,parent: tallinn cosa vedere
it,cosa vedere a marsa alam,450,parent: marsa alam cosa vedere
it,cosa vedere a livigno,450,parent: livigno cosa vedere
it,cosa vedere a bevagna,450,parent: bevagna cosa vedere
it,cosa vedere a lodi,450,parent: cosa vedere a lodi
it,ristoranti a catania,450,parent: dove mangiare a catania
it,cosa vedere a hong kong,450,parent: cosa vedere a hong kong
it,cosa vedere a buenos aires,450,parent: cosa vedere a buenos aires
it,cosa vedere a murano,400,parent: murano cosa vedere
it,ristoranti a caserta,400,parent: ristoranti economici caserta
it,ristoranti a cagliari,400,parent: ristoranti cagliari
it,cosa vedere a sestri levante,400,parent: sestri levante cosa vedere
it,cosa vedere a malmo,400,parent: malmo
it,cosa vedere a frosinone,400,parent: cosa vedere a frosinone
it,cosa vedere a barcellona in un giorno,400,parent: cosa vedere a barcellona in un giorno
it,cosa vedere a copenaghen in 2 giorni,400,parent: cosa vedere a copenaghen in 2 giorni
it,cosa vedere a cordoba in un giorno,400,parent: cosa vedere a cordoba in un giorno
it,cosa vedere a catanzaro,400,parent: catanzaro cosa vedere
it,ravenna cosa vedere a piedi,400,parent: ravenna cosa vedere a piedi
it,cosa vedere a coimbra,400,parent: coimbra cosa vedere
it,cosa vedere a cuba,400,parent: cosa vedere a cuba
it,cosa vedere a faenza,400,parent: cosa vedere a faenza
it,cosa vedere a montreal,400,parent: montreal
it,cosa vedere a riomaggiore,400,parent: cosa vedere a riomaggiore
it,cosa vedere a gorizia in un giorno,400,parent: gorizia
it,cosa vedere a castel gandolfo,400,parent: castel gandolfo
it,ristoranti a modena,400,parent: ristoranti modena
it,cosa vedere a nuoro,400,parent: cosa vedere a nuoro
it,cosa vedere a ronda,400,parent: cosa vedere a ronda
it,cosa vedere a tirana in 2 giorni,400,parent: tirana cosa vedere
it,cosa vedere a graz,400,parent: cosa vedere a graz
it,musei di londra,400,parent: musei a londra
it,cosa vedere a granada in un giorno,400,parent: cosa vedere a granada in un giorno
it,cosa vedere a philadelphia,400,parent: cosa vedere a philadelphia
it,cosa vedere a forte dei marmi,400,parent: forte dei marmi cosa vedere
it,cosa vedere a istanbul in 4 giorni,400,parent: cosa vedere a istanbul in 4 giorni
it,ristoranti a bergamo,400,parent: ristoranti bergamo
it,cosa vedere a londra in 5 giorni,400,parent: cosa vedere a londra in 5 giorni
it,cosa vedere a perugia e dintorni in 3 giorni,400,parent: cosa vedere a perugia e dintorni in 3 giorni
it,cosa vedere a montefalco,400,parent: cosa vedere a montefalco
it,ristoranti a riccione,400,parent: ristoranti riccione
it,cosa vedere a recanati,400,parent: recanati cosa vedere
it,cosa vedere a città di castello,400,parent: cosa vedere a città di castello
it,cosa vedere a bratislava in 3 giorni,350,parent: cosa vedere a bratislava in 3 giorni
it,cosa vedere a cividale del friuli,350,parent: cividale del friuli cosa vedere
it,cosa vedere a valeggio sul mincio,350,parent: valeggio sul mincio cosa vedere
it,cosa vedere a monza in un giorno,350,parent: cosa vedere a monza in un giorno
it,cosa vedere a goteborg,350,parent: cosa vedere a goteborg
it,cosa vedere a valencia in 4 giorni,350,parent: cosa vedere a valencia in 4 giorni
it,cosa vedere a rovaniemi,350,parent: cosa fare a rovaniemi
it,cosa vedere a roma con i bambini,350,parent: cosa vedere a roma con i bambini
it,cosa vedere a malaga in un giorno,350,parent: cosa vedere a malaga in un giorno
it,cosa vedere a seul,350,parent: seoul
it,cosa vedere a barletta,350,parent: barletta cosa vedere
it,cosa vedere a trapani in un giorno,350,parent: cosa vedere a trapani in un giorno
it,cosa vedere a strasburgo in un giorno,350,parent: cosa vedere a strasburgo in un giorno
it,cosa vedere a tromso,350,parent: cosa fare a tromso
it,cosa vedere a bardolino,350,parent: bardolino cosa vedere
it,cosa vedere a manarola,350,parent: cosa vedere a manarola
it,cosa vedere a carloforte,350,parent: cosa vedere a carloforte
it,cosa vedere a bra,350,parent: bra cosa vedere
it,cosa vedere a atene,350,parent: cosa vedere ad atene
it,cosa vedere a viterbo e dintorni,350,parent: viterbo cosa vedere
it,cosa vedere a zara,350,parent: zara cosa vedere
it,cosa vedere a rimini e dintorni,350,parent: cosa vedere a rimini e dintorni
it,cosa vedere a castiglione del lago,350,parent: castiglione del lago
it,cosa vedere a friburgo,350,parent: friburgo
it,cosa vedere a lugano in un giorno,350,parent: lugano cosa vedere
it,cosa c'è da vedere a napoli,350,parent: napoli cosa vedere
it,cosa vedere a cattolica,350,parent: cosa vedere a cattolica
it,cosa vedere a alicante,350,parent: alicante
it,cosa vedere a copenhagen in 3 giorni,350,parent: cosa vedere a copenaghen in 3 giorni
it,cosa vedere a bruges in un giorno,350,parent: cosa vedere a bruges in un giorno
it,cosa vedere a iseo,350,parent: lago d'iseo
it,cosa vedere a vienna in 1 giorno,350,parent: vienna in un giorno
it,cosa vedere a verbania,350,parent: cosa fare a verbania
it,cosa vedere a piazza armerina,350,parent: piazza armerina
it,cosa vedere a vipiteno,350,parent: cosa vedere a vipiteno
it,cosa vedere a catania in 2 giorni,350,parent: cosa vedere a catania in 2 giorni
it,cosa vedere a isernia,350,parent: isernia cosa vedere
it,cosa vedere a palermo in tre giorni,350,parent: cosa vedere a palermo in 3 giorni
it,cosa vedere a nardò,350,parent: cosa vedere a nardò
it,cosa vedere a frascati,350,parent: cosa vedere a frascati
it,cosa vedere a saint tropez,350,parent: cosa vedere a saint tropez
it,cosa vedere a montecatini terme,350,parent: cosa vedere a montecatini terme
it,cosa vedere a ortona,350,parent: cosa vedere a ortona
it,cosa vedere a bagheria,350,parent: cosa vedere a bagheria
it,cosa vedere a belfast,350,parent: belfast cosa vedere
it,cosa vedere a salerno in un giorno,350,parent: cosa vedere a salerno in un giorno
it,cosa vedere a bangkok in 3 giorni,350,parent: cosa vedere a bangkok in 2 giorni
it,cosa vedere a milazzo,350,parent: cosa vedere a milazzo
it,cosa vedere a zante,350,parent: zante
it,cosa vedere a bristol,350,parent: bristol cosa vedere
it,cosa vedere a santo domingo,350,parent: cosa vedere a santo domingo
it,cosa vedere a genova in 3 giorni,350,parent: cosa vedere a genova in 3 giorni
it,cosa vedere a padova in due giorni,350,parent: cosa vedere a padova in due giorni
it,cosa vedere a marsiglia in crociera,350,parent: cosa vedere a marsiglia in crociera
it,cosa vedere a pozzuoli,350,parent: cosa vedere a pozzuoli
it,cosa vedere a messina in un giorno,350,parent: cosa vedere vicino messina
it,cosa vedere a san vito lo capo,350,parent: san vito lo capo cosa vedere
it,cosa vedere a palermo e dintorni,350,parent: palermo e dintorni
it,cosa vedere a sharm el sheikh,350,parent: cosa fare a sharm el sheikh
it,cosa vedere a innsbruck in un giorno,350,parent: cosa vedere a innsbruck in un giorno
it,cosa vedere a nantes,350,parent: nantes cosa vedere
it,cosa vedere a comacchio,300,parent: comacchio cosa vedere
it,cosa vedere a cefalu,300,parent: cefalù cosa vedere
it,cosa vedere a rodi grecia,300,parent: rodi cosa vedere
it,cosa vedere a dublino in 2 giorni,300,parent: cosa vedere a dublino in 3 giorni
it,cosa vedere a fez,300,parent: cosa vedere a fez
it,cosa vedere a bobbio,300,parent: bobbio cosa vedere
it,cosa vedere a carrara,300,parent: carrara cosa vedere
it,cosa vedere a brasov,300,parent: cosa vedere a brasov
it,cosa vedere a capri in un giorno,300,parent: cosa visitare a capri in un giorno
it,cosa vedere a gravina di puglia,300,parent: cosa vedere a gravina di puglia
it,cosa vedere a fabriano,300,parent: fabriano cosa vedere
it,cosa vedere a bari in 3 giorni,300,parent: cosa vedere a bari in 3 giorni
it,cosa vedere a notting hill,300,parent: notting hill londra
it,cosa vedere a fiume,300,parent: cosa vedere a fiume
it,cosa vedere a alberobello,300,parent: cosa vedere a alberobello
it,cosa vedere a santander,300,parent: cosa vedere a santander
it,cosa vedere a neive,300,parent: neive
it,cosa vedere a fiuggi,300,parent: fiuggi cosa vedere
it,cosa vedere a san diego,300,parent: cosa vedere a san diego
it,cosa vedere a formia,300,parent: cosa vedere a formia
it,cosa vedere a porto recanati,300,parent: cosa vedere a porto recanati
it,cosa vedere a barolo,300,parent: barolo paese
it,cosa vedere a saint moritz,300,parent: st moritz cosa vedere
it,cosa vedere a ivrea,300,parent: cosa vedere a ivrea
it,cosa vedere a gozo,300,parent: cosa fare a gozo
it,cosa vedere a trento in un giorno,300,parent: cosa vedere a trento
it,cosa vedere a asti,300,parent: cosa vedere ad asti
it,cosa vedere a martina franca,300,parent: martina franca cosa vedere
it,cosa vedere a copenhagen,300,parent: cosa vedere a copenaghen
it,cosa vedere a cracovia in 4 giorni,300,parent: cosa vedere a cracovia in 4 giorni
it,cosa vedere a pamplona,300,parent: pamplona cosa vedere
it,cosa vedere a cascia,300,parent: cascia cosa vedere
it,cosa vedere a rasiglia,300,parent: cosa vedere a rasiglia
it,cosa vedere a imperia,300,parent: imperia cosa vedere
it,cosa vedere a pisa e dintorni,300,parent: cosa vedere a pisa e dintorni
it,cosa vedere a como in un giorno,300,parent: cosa vedere a como
it,cosa vedere a bolsena,300,parent: bolsena cosa vedere
it,cosa vedere a canazei,300,parent: canazei cosa vedere
it,cosa vedere a arezzo,300,parent: arezzo cosa vedere
it,cosa vedere a galatina,300,parent: galatina cosa vedere
it,cosa vedere a manfredonia,300,parent: cosa vedere a manfredonia
it,cosa vedere a montpellier,300,parent: cosa vedere a montpellier
it,cosa vedere a trieste e dintorni,300,parent: cosa vedere a trieste
it,cosa vedere a bratislava in un giorno,300,parent: bratislava in un giorno
it,cosa vedere a zurigo in un giorno,300,parent: cosa vedere a zurigo in un giorno
it,cosa vedere a malta in 4 giorni,300,parent: cosa vedere a malta in 4 giorni
it,cosa vedere a montecarlo in un giorno,300,parent: montecarlo in un giorno
it,cosa vedere a bologna in 3 giorni,300,parent: cosa vedere a bologna in 3 giorni
it,cosa vedere a capo vaticano,300,parent: capo vaticano cosa vedere
it,cosa vedere a posillipo,300,parent: posillipo
it,cosa vedere a san daniele del friuli,300,parent: san daniele del friuli cosa vedere
it,cosa vedere a spello in un giorno,300,parent: cosa vedere a spello in un giorno
it,cosa vedere a tirana in un giorno,300,parent: cosa vedere a tirana in un giorno
it,cosa vedere a grottammare,300,parent: grottammare cosa vedere
it,cosa vedere a madonna di campiglio,300,parent: cosa vedere a madonna di campiglio
it,cosa vedere a varenna,300,parent: varenna cosa vedere
it,cosa vedere a soave,300,parent: soave cosa vedere
it,cosa vedere a assisi,300,parent: assisi cosa vedere
it,cosa vedere a ispica,300,parent: ispica cosa vedere
it,cosa vedere a latina,300,parent: latina italy
it,cosa vedere a porto in 3 giorni,300,parent: cosa vedere a porto in 3 giorni
it,cosa vedere a castellabate,300,parent: cosa vedere a castellabate
it,cosa vedere a oxford,300,parent: cosa visitare a oxford
it,cosa vedere a sansepolcro,300,parent: sansepolcro cosa vedere
it,cosa vedere a brindisi in un giorno,300,parent: cosa vedere a brindisi in un giorno
it,cosa vedere a marrakech in 4 giorni,300,parent: marrakech 4 giorni
it,cosa vedere a gradara,300,parent: gradara cosa vedere
it,cosa vedere a ascoli piceno,300,parent: ascoli piceno cosa vedere
it,cosa vedere a capo d'orlando,300,parent: capo d'orlando cosa vedere
it,cosa vedere a pizzo calabro,300,parent: pizzo calabro
it,cosa vedere a utrecht,300,parent: utrecht
it,cosa vedere a chiang mai,300,parent: chiang mai cosa vedere
it,cosa vedere a mantova in 2 giorni,300,parent: mantova cosa vedere in due giorni
it,cosa vedere a giardini naxos,300,parent: giardini naxos
it,cosa vedere a enna,300,parent: cosa vedere a enna
it,cosa vedere a trapani e dintorni,300,parent: trapani e dintorni
it,cosa vedere a berlino in 2 giorni,300,parent: cosa vedere a berlino in 2 giorni
it,cosa vedere a jesolo,300,parent: lido di jesolo
it,cosa vedere a firenze gratis,300,parent: cose da vedere a firenze gratis
it,cosa vedere a modena e dintorni,300,parent: cosa vedere a modena e dintorni
it,cosa vedere a sydney,250,parent: cosa vedere a sydney
it,cosa vedere a lione in 3 giorni,250,parent: cosa vedere a lione in 3 giorni
it,cosa vedere a vienna in 5 giorni,250,parent: cosa vedere a vienna
it,cosa vedere a civita di bagnoregio,250,parent: civita di bagnoregio
it,cosa vedere a montalcino,250,parent: cosa vedere a montalcino
it,cosa vedere a roma di insolito,250,parent: da vedere a roma
it,cosa vedere a oporto,250,parent: porto portogallo cosa vedere
it,cosa vedere a sant'antioco,250,parent: sant'antioco cosa vedere
it,cosa vedere a ischia in un giorno,250,parent: cosa vedere a ischia in un giorno
it,cosa vedere a catania in 3 giorni,250,parent: cosa vedere a catania e dintorni in 3 giorni
it,cosa vedere a siena in 2 giorni,250,parent: cosa vedere a siena in 2 giorni
it,cosa vedere a conegliano,250,parent: conegliano cosa vedere
it,cosa vedere a varazze,250,parent: varazze cosa vedere
it,cosa vedere a castelfranco veneto,250,parent: cosa vedere a castelfranco veneto
it,cosa vedere a stintino,250,parent: cosa vedere a stintino
it,cosa vedere a girona,250,parent: girona
it,cosa vedere a roseto degli abruzzi,250,parent: roseto degli abruzzi cosa vedere
it,cosa vedere a orvieto in un giorno,250,parent: cosa vedere a orvieto in un giorno
it,cosa vedere a l'aquila e dintorni,250,parent: cosa vedere a l'aquila e dintorni
it,cosa vedere a parma e dintorni,250,parent: parma e dintorni
it,cosa vedere a crema,250,parent: cosa vedere a crema
it,cosa vedere a casale monferrato,250,parent: casale monferrato cosa vedere
it,cosa vedere a malta in 2 giorni,250,parent: malta cosa vedere in 2 giorni
it,cosa vedere a siracusa e dintorni,250,parent: siracusa e dintorni cosa vedere
it,cosa vedere a cordova,250,parent: cordoba cosa vedere
it,cosa vedere a palinuro,250,
it,cosa vedere a vigevano,250,parent: cosa vedere a vigevano
it,cosa vedere a lecco in un giorno,250,parent: cosa vedere a lecco in un giorno
it,cosa vedere a treviso in mezza giornata,250,parent: cosa vedere a treviso in mezza giornata
it,cosa vedere a catania e dintorni,250,parent: cosa vedere a catania
it,cosa c'è da vedere a verona,250,parent: cosa fare a verona
it,cosa vedere a locarno,250,parent: locarno cosa vedere
it,cosa vedere a phuket,250,parent: cosa fare a phuket
it,cosa vedere a lerici,250,parent: lerici cosa vedere
it,cosa vedere a forli,250,parent: cosa vedere a forli
it,cosa vedere a merano e dintorni in 3 giorni,250,parent: cosa vedere a merano e dintorni in 3 giorni
it,cosa vedere a catania in poche ore,250,parent: cosa vedere a catania in poche ore
it,cosa vedere a vulcano,250,parent: vulcano isola cosa vedere
it,cosa vedere a orvieto in mezza giornata,250,parent: cosa vedere a orvieto in un giorno
it,cosa vedere a edimburgo in 2 giorni,250,parent: cosa vedere a edimburgo in 2 giorni
it,cosa vedere a kanazawa,250,parent: kanazawa cosa vedere
it,cosa vedere a formentera,250,parent: formentera cosa vedere
it,cosa vedere a baku,250,parent: baku
it,cosa vedere a scalea,250,parent: scalea mare
it,cosa vedere a copenaghen in 4 giorni,250,parent: cosa vedere a copenaghen in 4 giorni
it,cosa c'è da vedere a firenze,250,parent: firenze cosa vedere
it,cosa vedere a san sebastian,250,parent: san sebastian cosa vedere
it,cosa vedere a dresda,250,parent: cosa vedere a dresda
it,cosa vedere a bari vecchia,250,parent: bari centro storico
it,cosa vedere a treviso e dintorni,250,parent: cosa fare a treviso
it,cosa vedere a l'aquila in un giorno,250,parent: l'aquila cosa vedere
it,cosa vedere a porto cervo,250,parent: cosa vedere a porto cervo
it,cosa vedere a borghetto sul mincio,250,parent: borghetto sul mincio cosa vedere
it,cosa vedere a pantelleria,250,parent: cosa vedere a pantelleria
it,cosa vedere a katowice,250,parent: katowice
it,cosa vedere a ragusa ibla,250,parent: ragusa ibla cosa vedere
it,cosa vedere a santa cruz de tenerife,250,parent: santa cruz de tenerife
it,cosa vedere a trevi,250,parent: cosa vedere a trevi
it,cosa vedere a,250,parent: cose da fare
it,cosa vedere a bratislava in 2 giorni,250,parent: cosa vedere a bratislava in 3 giorni
it,cosa vedere a lovere,250,parent: cosa vedere a lovere
it,cosa vedere a pietrasanta,250,parent: cosa vedere a pietrasanta
it,cosa vedere a marrakech in 2 giorni,250,parent: cosa vedere a marrakech in 2 giorni
it,cosa vedere a lione in un giorno,250,parent: lione
it,cosa vedere a monteriggioni,250,parent: monteriggioni cosa vedere
it,cosa c'è da vedere a budapest,250,parent: cosa vedere a budapest
it,cosa vedere a torino e dintorni,250,parent: cosa vedere a torino e dintorni
it,cosa vedere a rovigno,250,parent: rovigno cosa vedere
it,cosa vedere a new york in 3 giorni,250,parent: cosa vedere a new york in 3 giorni
it,cosa vedere a portoferraio,250,parent: cosa vedere a portoferraio
it,cosa vedere a durazzo,250,parent: durazzo cosa vedere
it,cosa vedere a chisinau,250,parent: cosa vedere a chisinau
it,cosa vedere a sapri,250,parent: cosa vedere a sapri
it,cosa vedere a poggibonsi,250,parent: poggibonsi cosa vedere
it,cosa vedere a berlino in 4 giorni,250,parent: cosa vedere a berlino in 4 giorni
it,cosa vedere a milano oggi,250,parent: milano oggi
it,cosa vedere a monselice,250,parent: cosa vedere a monselice
it,cosa c'è da vedere a malta,250,parent: cosa vedere a malta
it,cosa vedere a sorrento a piedi,250,parent: cosa vedere a sorrento a piedi
it,cosa vedere a merano in un giorno,250,parent: merano cosa vedere in un giorno
it,cosa vedere a pola,250,parent: cosa vedere a pola
it,cosa vedere a granada in 2 giorni,250,parent: cosa vedere a granada in 2 giorni
it,cosa vedere a massa,250,parent: cosa vedere a massa
it,cosa vedere a skiathos,250,parent: skiathos cosa vedere
it,cosa vedere a como a piedi,250,parent: cosa vedere a como a piedi
it,cosa vedere a napoli in tre giorni,250,parent: cosa vedere a napoli in 3 giorni
it,cosa vedere a trapani centro,250,parent: cosa fare a trapani
it,cosa vedere a limone sul garda,250,parent: cosa vedere a limone sul garda
it,cosa vedere a villa borghese,250,parent: villa borghese cosa vedere
it,cosa vedere a marsala in un giorno,250,parent: marsala cosa vedere
it,cosa vedere a bath,250,parent: cosa vedere a bath
it,cosa c'è da vedere a torino,250,parent: cosa vedere a torino
it,cosa vedere a castellammare di stabia,250,parent: castellammare di stabia cosa vedere
it,cosa vedere a mestre,250,parent: cosa vedere a mestre
it,cosa vedere a bolzano e dintorni in 3 giorni,250,parent: cosa vedere a bolzano e dintorni in 3 giorni
it,cosa vedere a dubai in 3 giorni,250,parent: cosa vedere a dubai in 3 giorni
it,cosa vedere a castel di sangro,250,parent: castel di sangro dove si trova
it,cosa vedere a empoli,250,parent: empoli città
it,cosa vedere a valencia in un giorno,250,parent: cosa vedere a valencia in un giorno
it,cosa vedere a caltanissetta,250,parent: caltanissetta cosa vedere
it,cosa vedere a pistoia in un giorno,250,parent: pistoia cosa vedere
it,cosa vedere a pesaro in un giorno,250,parent: cosa vedere a pesaro
it,cosa vedere a castelsardo,250,parent: castelsardo cosa vedere
it,cosa vedere a miami in 3 giorni,250,parent: cosa vedere a miami in 3 giorni
it,cosa vedere a volterra in un giorno,250,parent: cosa vedere a volterra in un giorno
it,cosa vedere a tuscania,250,parent: tuscania cosa vedere
it,cosa vedere a selinunte,250,parent: selinunte cosa vedere
it,cosa vedere a noto in mezza giornata,250,parent: noto cosa vedere
it,cosa vedere a santa teresa di gallura,250,parent: cosa vedere a santa teresa di gallura
it,cosa vedere a faro,250,parent: faro cosa vedere
it,cosa vedere a pitigliano,250,parent: pitigliano cosa vedere
it,cosa vedere a salisburgo in un giorno,250,parent: cosa vedere a salisburgo in un giorno
it,cosa vedere a matera in 2 giorni,250,parent: cosa vedere a matera
it,cosa vedere a perugia e dintorni,250,parent: cosa vedere a perugia
it,cosa vedere a capalbio,250,parent: cosa vedere a capalbio
it,cosa vedere a los angeles in 3 giorni,200,parent: cosa vedere a los angeles
it,cosa vedere a vienna in un giorno,200,parent: vienna in un giorno
it,cosa vedere a ho chi minh,200,parent: saigon
it,cosa vedere a bellinzona,200,parent: cosa vedere a bellinzona
it,cosa vedere a malta in 7 giorni,200,parent: cosa vedere a malta in 7 giorni
it,cosa vedere a cagliari in 3 giorni,200,parent: cosa vedere a cagliari in 3 giorni
it,cosa vedere a giverny,200,parent: giverny paese
it,cosa vedere a sciacca e dintorni,200,parent: sciacca cosa vedere
it,cosa vedere a melbourne,200,parent: melbourne cosa vedere
it,cosa vedere a loreto,200,parent: loreto e dintorni cosa vedere
it,cosa vedere a lucerna in un giorno,200,parent: lucerna
it,cosa vedere a vico equense,200,parent: vico equense cosa vedere
it,cosa vedere a passignano sul trasimeno,200,parent: passignano sul trasimeno cosa vedere
it,cosa vedere a tokyo in 4 giorni,200,parent: cosa vedere a tokyo
it,cosa vedere a spello a piedi,200,parent: spello
it,cosa vedere a losanna,200,parent: losanna cosa vedere
it,cosa vedere a novara in un giorno,200,parent: cosa vedere a novara in un giorno
it,cosa vedere a cetara,200,parent: cosa vedere a cetara
it,cosa vedere a città del messico,200,parent: citta del messico
it,cosa vedere a trieste in 2 giorni,200,parent: cosa vedere a trieste in due giorni
it,cosa vedere a parigi in un giorno,200,parent: parigi in un giorno
it,cosa vedere a cortina,200,parent: cosa vedere a cortina
it,cosa vedere a porto torres,200,parent: cosa vedere a porto torres
it,cosa vedere a gela,200,parent: gela cosa vedere
it,cosa vedere a soverato,200,parent: cosa vedere a soverato
it,cosa vedere a tarvisio,200,parent: tarvisio cosa vedere
it,cosa vedere a lucca e dintorni in 3 giorni,200,parent: cosa vedere a lucca e dintorni in 3 giorni
it,cosa vedere a sorrento in un giorno,200,parent: cosa vedere a sorrento in un giorno
it,cosa vedere a la spezia in un giorno,200,parent: cosa vedere a monterosso in un giorno
it,cosa vedere a corinaldo,200,parent: corinaldo cosa vedere
it,praia a mare cosa vedere,200,parent: praia a mare cosa vedere
it,cosa vedere a castro,200,parent: castro cosa vedere
it,cosa vedere a putignano,200,parent: cosa vedere a putignano
it,cosa vedere a il cairo,200,parent: cosa vedere al cairo
it,cosa vedere a madrid in un giorno,200,parent: madrid
it,cosa vedere a francoforte in 3 giorni,200,parent: cosa vedere a francoforte in 3 giorni
it,cosa vedere a cancun,200,parent: cosa vedere a cancun
it,cosa vedere a tenerife sud,200,parent: tenerife sud
it,cosa vedere a tindari,200,parent: tindari
it,cosa vedere a capodistria,200,parent: capodistria
it,cosa vedere vicino a lucca,200,parent: lucca e dintorni
it,cosa vedere a reggio emilia in un giorno,200,parent: cosa vedere a reggio emilia
it,cosa vedere a dublino in 4 giorni,200,parent: cosa vedere a dublino in 4 giorni
it,cosa vedere a hiroshima,200,parent: cosa vedere a hiroshima
it,cosa vedere a spello in mezza giornata,200,parent: spello
it,cosa vedere a maiori,200,parent: maiori cosa vedere
it,cosa c'è da vedere a cracovia,200,parent: cracovia cosa vedere
it,cosa vedere a budapest in 1 giorno,200,parent: cosa vedere a budapest in 1 giorno
it,cosa vedere a certaldo,200,parent: cosa vedere a certaldo
it,cosa vedere a procida in un giorno,200,parent: procida cosa vedere
it,cosa vedere a strasburgo in 3 giorni,200,parent: strasburgo
it,cosa vedere a grottaglie,200,parent: grottaglie cosa vedere
it,cosa vedere a lignano sabbiadoro,200,parent: lignano sabbiadoro cosa vedere
it,cosa vedere a marostica,200,parent: marostica cosa vedere
it,cosa vedere a alba,200,parent: cosa vedere ad alba
it,cosa vedere a giacarta,200,parent: giacarta
it,cosa vedere a praia a mare,200,parent: praia a mare cosa vedere
it,cosa vedere a porto ercole,200,parent: cosa vedere a porto ercole
it,cosa vedere a camden town,200,parent: camden town
it,cosa vedere a cardiff,200,parent: cardiff cosa vedere
it,cosa vedere a lisbona in 5 giorni,200,parent: cosa vedere a lisbona in 5 giorni
it,cosa vedere a san miniato,200,parent: san miniato cosa vedere
it,cosa vedere a palau,200,parent: cosa vedere a palau
it,cosa vedere a ancona,200,parent: ancona cosa vedere
it,cosa vedere a copenaghen in un giorno,200,parent: cosa vedere a copenaghen in un giorno
it,cosa vedere a ginevra in un giorno,200,parent: cosa vedere a ginevra in un giorno
it,cosa vedere a lipsia,200,parent: lipsia cosa vedere
it,cosa vedere a parigi in 7 giorni,200,parent: cosa vedere a parigi in 7 giorni
it,cosa vedere a tropea in un giorno,200,parent: cosa vedere a tropea in un giorno
it,cosa da vedere a napoli,200,parent: cosa vedere a napoli
it,cosa vedere a santarcangelo di romagna,200,
it,cosa vedere a bassano del grappa in un giorno,200,parent: bassano del grappa cosa vedere
it,cosa da vedere a madrid,200,parent: cosa vedere a madrid
it,cosa vedere a roma in due giorni,200,parent: cosa vedere a roma in 2 giorni
it,cosa vedere a pescara e dintorni,200,parent: cosa vedere a pescara e dintorni
it,cosa vedere a triana siviglia,200,parent: triana
it,cosa vedere a vancouver,200,parent: vancouver cosa vedere
it,cosa vedere a bucarest in un giorno,200,parent: cosa vedere a bucarest in un giorno
it,cosa vedere a cecina,200,parent: cosa vedere a cecina
it,cosa vedere a inverness,200,parent: inverness
it,cosa vedere a marsala e dintorni,200,parent: cosa vedere a marsala
it,cosa vedere a marrakesh,200,parent: medina di marrakech
it,cosa vedere a cannes in un giorno,200,parent: cosa vedere a cannes e dintorni
it,cosa vedere a salina,200,parent: salina centro
it,cosa vedere a linz,200,parent: linz cosa vedere
it,cosa vedere a pontremoli,200,parent: pontremoli cosa vedere
it,cosa vedere a san teodoro,200,parent: san teodoro cosa vedere
it,cosa vedere a cavalese,200,parent: cosa vedere a cavalese
it,cosa vedere a ravenna e dintorni,200,parent: 10 cose da vedere a ravenna
it,cosa vedere a santa margherita ligure,200,parent: santa margherita ligure cosa vedere
it,cosa c'è da vedere a perugia,200,parent: cosa vedere a perugia
it,cosa vedere a helsinki in 3 giorni,200,parent: cosa vedere a helsinki in 3 giorni
it,cosa vedere a collodi,200,parent: cosa vedere a collodi
it,cosa vedere a tallin,200,parent: tallinn cosa vedere
it,cosa c'è da vedere a milano,200,parent: cosa vedere a milano
it,cosa vedere a venezia di insolito,200,parent: cose da vedere a venezia
it,cosa vedere a corleone,200,parent: corleone cosa vedere
it,cosa vedere a torino con i bambini,200,parent: torino con bambini
it,cosa vedere a muggia,200,parent: muggia
it,cosa vedere a eindhoven,200,parent: cosa vedere a eindhoven
it,cosa vedere a tirana in due giorni,200,parent: tirana cosa vedere
it,cosa vedere a gaeta in un giorno,200,
it,cosa vedere a rouen,200,parent: rouen
it,cosa vedere a ferrara gratis,200,parent: cosa vedere a ferrara gratis
it,cosa vedere a roma in tre giorni,200,parent: cosa vedere a roma in 3 giorni
it,cosa vedere a mauritius,200,parent: mauritius
it,cosa vedere a york,200,parent: cosa vedere a york
it,cosa vedere a gardone riviera,200,parent: gardone riviera
it,cosa vedere a vienna in due giorni,200,parent: cosa vedere a vienna in 2 giorni
it,cosa vedere a budapest in 5 giorni,200,parent: cosa vedere a budapest in 5 giorni
it,cosa vedere a panama,200,parent: panama cosa vedere
it,cosa vedere a desenzano,200,parent: cose da fare a desenzano del garda
it,cosa vedere a ischia in 3 giorni,200,parent: cosa vedere a ischia in 3 giorni
it,cosa vedere a bucarest in 4 giorni,200,parent: bucarest
it,cosa vedere a stoccolma in 2 giorni,200,parent: cosa vedere a stoccolma in 2 giorni
it,cosa vedere a colle val d'elsa,200,parent: colle val d'elsa cosa vedere
it,cosa vedere a civitanova marche,200,parent: civitanova marche cosa vedere
it,cosa vedere a moena,200,parent: moena cosa vedere
it,cosa vedere a londra gratis,200,parent: musei gratis londra
it,cosa vedere a rieti,200,parent: rieti cosa vedere
it,cosa vedere a firenze in 2 giorni,200,parent: cosa vedere a firenze in due giorni
it,cosa vedere a foligno in un giorno,200,parent: cosa vedere a foligno a piedi
it,cosa vedere a gibellina,200,parent: gibellina cosa vedere
it,cosa vedere a lecce di sera,200,parent: cosa vedere a lecce di sera
it,cosa vedere a naxos,200,parent: naxos cosa vedere
it,cosa vedere a bari in 2 giorni,200,parent: cosa vedere a bari in 2 giorni
it,cosa vedere a fidenza,200,parent: fidenza cosa vedere
it,cosa vedere a istambul,200,parent: cosa vedere a istanbul
it,itinerario cosa vedere a napoli,200,parent: napoli in 3 giorni
it,cosa vedere a polignano,200,parent: polignano a mare cosa vedere
it,cosa vedere a siracusa e dintorni in 3 giorni,200,parent: siracusa e dintorni
it,cosa vedere a cremona in mezza giornata,200,parent: cosa vedere a cremona in un giorno
it,cosa vedere a salisburgo in 2 giorni,200,parent: salisburgo cosa vedere in 2 giorni
it,cosa vedere a mattinata,200,parent: mattinata
it,cosa da vedere a torino,200,parent: torino cosa vedere
it,cosa vedere vicino a bergamo,200,parent: gita fuori porta bergamo
it,cosa c'è da vedere a bucarest,200,parent: bucarest
it,cosa vedere a siena e dintorni in 3 giorni,200,parent: cosa vedere vicino siena
it,cosa vedere a rennes,200,parent: cosa vedere a rennes
it,cosa vedere a genova in 2 giorni,200,parent: cosa vedere a genova in 2 giorni
it,cosa vedere a bologna in 2 giorni,200,parent: cosa vedere a bologna
it,cosa c'è da vedere a trieste,200,parent: cosa vedere a trieste
it,cosa vedere a milano in mezza giornata,200,parent: cosa vedere a milano in mezza giornata
it,cosa vedere a varese e dintorni,200,parent: cosa fare a varese
it,cosa vedere a manchester in 3 giorni,200,parent: manchester cosa vedere
it,cosa vedere a lisbona in 1 giorno,200,parent: cosa vedere a lisbona in 1 giorno
it,cosa vedere a ravenna in 2 giorni,200,parent: ravenna cosa vedere in due giorni
it,cosa vedere a bolzano e dintorni,200,parent: bolzano e dintorni
it,cosa vedere a cambridge,200,parent: cambridge cosa vedere
it,cosa vedere a brooklyn,200,parent: cosa vedere a brooklyn
it,cosa vedere a tangeri,200,parent: cosa vedere a tangeri
it,cosa vedere a domodossola,200,parent: domodossola cosa vedere
it,cosa vedere a podgorica,200,parent: cosa vedere a podgorica
it,cosa vedere a sirolo,200,parent: sirolo cosa vedere
it,cosa vedere a matera e dintorni in 2 giorni,200,parent: cosa vedere a matera in due giorni
it,cosa vedere a torino centro,200,parent: mappa torino a piedi
it,cosa vedere a monopoli in mezza giornata,200,parent: cosa vedere a monopoli in mezza giornata
it,cosa vedere a molveno,200,parent: lago di molveno cosa vedere
it,cosa vedere a bilbao e dintorni,200,parent: cosa vedere a bilbao e dintorni
it,cosa vedere a tokyo in 5 giorni,200,parent: cosa vedere a tokyo in 5 giorni
it,cosa vedere a fes,200,parent: cosa vedere a fez
it,cosa vedere a pechino in 3 giorni,200,parent: cosa vedere a pechino in 3 giorni
it,cosa vedere a maranello,200,parent: maranello cosa vedere
it,cosa vedere a firenze con i bambini,200,parent: cosa fare a firenze con i bambini
it,cosa vedere a singapore in 3 giorni,200,parent: cosa vedere a singapore in 3 giorni
it,cosa vedere a salamanca,200,parent: salamanca cosa vedere
it,cosa vedere a favignana in un giorno,200,parent: cosa vedere a favignana in un giorno
it,cosa vedere a terrasini,200,parent: cosa vedere a terrasini
it,cosa vedere a agrigento,200,parent: agrigento cosa vedere
it,cosa vedere a orosei,200,parent: orosei cosa vedere
it,cosa vedere a castagneto carducci,200,parent: castagneto carducci
it,cosa vedere a milano marittima,200,parent: cosa vedere a milano marittima
it,cosa vedere a bracciano,200,parent: bracciano cosa vedere
it,cosa vedere a montenegro,200,parent: montenegro cosa vedere
it,cosa vedere a trento e dintorni,200,parent: cosa vedere a trento
it,cosa vedere qui vicino a me,200,
it,cosa vedere a ostuni in mezza giornata,200,parent: ostuni cosa vedere
it,cosa vedere a siviglia in un giorno,200,parent: cosa vedere a siviglia in un giorno
it,cosa vedere a villasimius,200,parent: villasimius cosa vedere
it,cosa vedere a new york in 4 giorni,200,parent: new york in 4 giorni
it,cosa vedere a rimini centro,200,parent: cosa vedere a rimini
it,cosa vedere a massa marittima,200,parent: massa marittima cosa vedere
it,cosa vedere a lucca e dintorni,200,parent: lucca cosa vedere
it,cosa vedere a brisighella,200,parent: brisighella cosa vedere
it,cosa vedere a gand in un giorno,200,parent: cosa vedere a gand in un giorno
it,cosa vedere a verona gratis,200,parent: cosa vedere a verona gratis
it,cosa vedere a palazzolo acreide,200,parent: palazzolo acreide cosa vedere
it,cosa vedere a monaco di baviera in un giorno,200,parent: cosa vedere a monaco di baviera in un giorno
it,cosa vedere a madrid in 5 giorni,200,parent: cosa vedere a madrid in 5 giorni
it,cosa vedere a livorno in mezza giornata,200,parent: cosa vedere a livorno in mezza giornata
it,cosa vedere a chiavenna,200,parent: chiavenna cosa vedere
it,cosa vedere a zagabria in 2 giorni,200,parent: cosa vedere a zagabria in 2 giorni
it,cosa vedere a marina di camerota,200,parent: cosa vedere a marina di camerota
it,cosa vedere a taranto in un giorno,200,parent: taranto cosa vedere in un giorno
it,cosa vedere a feltre,200,parent: feltre cosa vedere
it,cosa vedere a bologna centro,200,parent: cosa vedere a bologna
it,cosa vedere a otranto in un giorno,200,parent: otranto cosa vedere
it,cosa vedere a santiago de compostela,200,parent: santiago
it,cosa vedere a tarragona,200,parent: cosa vedere a tarragona
it,cosa vedere a benidorm,200,parent: cosa fare a benidorm
it,cosa vedere a sharm,200,parent: cosa fare a sharm el sheikh
it,cosa vedere a verona e dintorni in 3 giorni,200,parent: cosa vedere a verona e dintorni in 3 giorni
it,cosa vedere a hurghada,200,parent: cose da fare a hurghada
it,cosa vedere a napoli centro,200,parent: napoli in 3 giorni
it,cosa vedere a taormina in mezza giornata,200,parent: cosa vedere a taormina
it,cosa vedere a basilea in un giorno,200,parent: basilea cosa vedere in un giorno
it,cosa vedere a colmar in un giorno,200,parent: cosa vedere a colmar in un giorno
it,cosa vedere a cefalù in un giorno,200,parent: cosa vedere a cefalù
it,cosa vedere a minori,200,parent: cosa vedere a minori
it,cosa vedere a dobbiaco,200,parent: cosa vedere a dobbiaco
it,cosa vedere a bordeaux in 3 giorni,200,parent: cosa vedere a bordeaux
it,cosa vedere a rapallo,200,parent: cosa vedere a rapallo
it,cosa vedere a modica in mezza giornata,200,parent: cosa vedere a modica
it,cosa vedere a fasano,200,parent: cosa vedere a fasano
it,cosa vedere a nemi,200,parent: nemi cosa vedere
it,cosa vedere a sirmione in un giorno,200,parent: cosa vedere a sirmione in un giorno
it,cosa vedere a finale ligure,200,parent: cosa vedere a finale ligure
it,cosa vedere a foligno in mezza giornata,200,parent: cosa vedere a foligno in mezza giornata
it,cosa vedere a ischia a piedi,200,parent: cosa vedere a ischia a piedi
it,cosa vedere a carcassonne,200,parent: carcassonne
it,cosa vedere a bari e dintorni,200,parent: bari e dintorni cosa vedere
it,cosa vedere a danzica in 2 giorni,200,parent: danzica cosa vedere in 2 giorni
it,cosa vedere a cascais,200,parent: cascais cosa vedere
it,cosa vedere a este,200,parent: este cosa vedere
it,cosa vedere a aosta,200,parent: aosta cosa vedere
it,cosa vedere a glasgow in un giorno,200,parent: glasgow cosa vedere
it,cosa vedere a nuova delhi,150,parent: cosa vedere a delhi
it,cosa vedere a palermo mappa,150,parent: cosa vedere a palermo in un giorno
it,cosa vedere a digione,150,parent: cosa vedere a digione
it,cosa vedere a palermo e dintorni in 3 giorni,150,parent: cosa vedere a palermo in 3 giorni
it,cosa vedere a diano marina,150,parent: diano marina cosa vedere
it,cosa vedere a cordoba in 1 giorno,150,parent: cosa vedere a cordoba in un giorno
it,cosa c'è da vedere a roma,150,parent: cose da fare
it,cosa vedere a francoforte in 2 giorni,150,parent: cosa vedere a francoforte
it,cosa vedere a dubai in 4 giorni,150,parent: cosa vedere a dubai in 4 giorni
it,cosa vedere a lecce in due giorni,150,parent: cosa vedere a lecce in un giorno
it,cosa vedere a firenze in 2 giorni gratis,150,parent: cose da vedere a firenze gratis
it,cosa vedere a dallas,150,parent: cosa vedere a dallas
it,cosa vedere a zagabria in un giorno,150,parent: cosa vedere a zagabria in un giorno
it,cosa vedere a cracovia in 1 giorno,150,parent: cosa vedere a cracovia in 1 giorno
it,cosa vedere a vaduz,150,parent: vaduz
it,cosa vedere a san marino in mezza giornata,150,parent: cosa vedere a san marino
it,cosa vedere a volterra in mezza giornata,150,parent: cosa vedere a volterra in mezza giornata
it,cosa vedere vicino a trento,150,parent: borghi trentino
ja,京都 観光,78000,parent: 京都 観光
ja,熱海 観光,53000,parent: 熱海 観光
ja,神戸 観光,50000,parent: 神戸 観光
ja,仙台 観光,48000,parent: 仙台
ja,金沢 観光,47000,parent: 金沢 観光
ja,静岡 観光,45000,parent: 雨でも楽しめる 静岡
ja,北海道 観光,44000,parent: 北海道 観光
ja,沖縄 観光,41000,parent: 沖縄 観光
ja,鎌倉 観光,35000,parent: 鎌倉
ja,奈良 観光,31000,parent: 奈良 観光
ja,四国 観光,23000,parent: 中四国 観光
ja,千葉 観光,23000,parent: 千葉 観光
ja,尾道 観光,22000,parent: 尾道観光
ja,松島 観光,20000,parent: 松島観光
ja,愛媛 観光,20000,parent: 愛媛
ja,沖縄観光,19000,parent: 沖縄 観光
ja,石垣島 観光,18000,parent: 石垣島
ja,秋田 観光,17000,parent: 秋田 観光
ja,神戸観光,17000,parent: 神戸 観光
ja,金沢観光,16000,parent: 金沢 観光
ja,仙台観光,16000,parent: 仙台
ja,盛岡 観光,16000,parent: 盛岡 観光
ja,鎌倉観光,14000,parent: 鎌倉
ja,宇都宮 観光,14000,parent: 宇都宮 観光
ja,嵐山 観光,13000,parent: 嵐山 観光
ja,奄美大島 観光,13000,parent: 奄美大島 どこ
ja,九州 観光,13000,parent: 九州 観光
ja,香港 観光,13000,parent: 香港 観光
ja,タイ 観光,12000,parent: タイ 観光地
ja,宮城 観光,12000,parent: 宮城 観光地
ja,奈良観光,12000,parent: 奈良 観光
ja,倉敷 観光,12000,parent: 倉敷観光
ja,上海 観光,12000,parent: 上海 観光地
ja,北海道観光,12000,parent: 北海道 観光
ja,沼津 観光,11000,parent: 静岡 沼津
ja,湯布院 観光,11000,parent: 湯布院
ja,糸島観光,11000,parent: 糸島 サメ
ja,姫路 観光,11000,parent: 姫路城 観光
ja,帯広 観光,11000,parent: 帯広 観光
ja,鎌倉 観光 食べ歩き,10000,parent: 鎌倉 小町通り 食べ歩き
ja,松本 観光,9800,parent: 松本 観光
ja,出雲大社 観光,9800,parent: 出雲 観光
ja,観光 英語,9800,parent: 観光 英語
ja,沖縄 観光スポット,9700,parent: 沖縄 観光
ja,飛騨高山 観光,9700,parent: 高山 観光
ja,松島観光,9700,parent: 松島 観光 モデルコース
ja,宮島 観光,9700,parent: 厳島神社 アクセス
ja,バンコク 観光,9600,parent: バンコク 観光地
ja,高知県 観光,9600,parent: 高知県観光
ja,金沢 観光 モデルコース 1泊2日,9400,parent: 金沢観光モデルコース
ja,上高地 観光,9200,parent: 上高地 天気
ja,釧路 観光,9200,parent: 釧路市
ja,しまなみ海道 観光,9100,parent: しまなみ海道 観光
ja,渋谷 観光,8900,parent: 渋谷観光
ja,八丈島 観光,8800,parent: 八丈島 観光
ja,ホーチミン 観光,8700,parent: ホーチミン 観光
ja,東京観光 穴場 女子,8700,parent: 東京観光 おすすめ 女子
ja,兵庫県 観光,8400,parent: 兵庫県 観光
ja,博多観光,8300,parent: 博多観光
ja,沖縄観光スポット,8100,parent: 沖縄 観光
ja,那須高原 観光,8100,parent: 那須 観光
ja,高山 観光,8100,parent: 高山 観光
ja,セブ島 観光,8100,parent: セブ島 観光
ja,館山 観光,8000,parent: 館山 観光
ja,阿蘇 観光,7900,parent: 阿蘇 観光スポット
ja,高知観光,7900,parent: 高知県観光
ja,豊洲 観光,7700,parent: 豊洲 観光
ja,観光地 英語,7600,parent: 観光地英語
ja,栃木県 観光,7600,parent: 栃木県 観光
ja,四国観光,7600,parent: 四国 観光
ja,三島 観光,7500,parent: 三島観光
ja,川越観光,7400,parent: 川越 食べ歩き
ja,伊東 観光,7400,parent: 伊東 観光
ja,広島 観光 モデルコース 1泊2日,7300,parent: 広島観光モデルコース 1泊2日
ja,キング観光,7300,parent: キング観光
ja,台北 観光,7200,parent: 台湾 三大観光名所
ja,安曇野 観光,7100,parent: 安雲野
ja,伊勢志摩 観光,7100,parent: 伊勢志摩
ja,敦賀 観光,7000,parent: 敦賀観光
ja,千葉県 観光,7000,parent: 千葉 観光
ja,群馬観光,7000,parent: 群馬県 観光
ja,下関 観光,7000,parent: 下関 観光
ja,近江八幡 観光,7000,parent: 近江八幡 観光
ja,城崎温泉 観光,6800,parent: 城崎温泉 観光
ja,佐賀県 観光,6800,parent: 佐賀 観光
ja,キング観光彦根,6600,parent: キング観光彦根
ja,東北 観光,6600,parent: 東北 観光
ja,尾道観光,6600,parent: 尾道観光
ja,モンゴル 観光,6500,parent: モンゴル 観光
ja,佐原 観光,6400,parent: 佐原観光
ja,秋葉原 観光,6400,parent: 秋葉原 おすすめスポット
ja,道後温泉 観光,6400,parent: 道後温泉 観光
ja,天草 観光,6300,parent: 天草 観光
ja,台湾観光,6200,parent: 台湾 観光地
ja,千葉観光,6200,parent: 千葉 観光
ja,鳥羽 観光,6200,parent: 鳥羽 観光
ja,白浜 観光,6100,parent: 南紀白浜 観光
ja,長瀞 観光,6000,parent: 長瀞町 観光
ja,トルコ 観光,5900,parent: トルコ
ja,観光客 英語,5800,parent: 外国人観光客 英語
ja,那覇 観光,5800,parent: 那覇 観光
ja,神戸 観光スポット,5800,parent: 神戸
ja,ドバイ 観光,5800,parent: ドバイ
ja,御殿場 観光,5800,parent: 御殿場 観光
ja,九州観光,5800,parent: 九州 観光
ja,長野 観光 モデルコース 1泊2日,5700,parent: 長野 観光 モデルコース 1泊2日
ja,秋田観光,5700,parent: 秋田 観光
ja,熱海 観光スポット,5700,parent: 熱海 観光
ja,下田 観光,5700,parent: 下田市 観光
ja,アメリカ 観光地,5600,parent: アメリカ 観光地
ja,マニラ 観光,5600,parent: マニラ 観光
ja,沖縄 観光地,5600,parent: 沖縄 観光
ja,ミラノ 観光,5600,parent: ミラノ
ja,ケアンズ 観光,5400,parent: オーストラリア ケアンズ
ja,愛媛観光,5400,parent: 愛媛観光
ja,ラオス 観光,5300,parent: ラオス観光
ja,みなとみらい 観光,5300,parent: みなとみらい
ja,神戸 観光 モデルコース,5200,parent: 神戸 観光 モデルコース 1泊2日
ja,フランス 観光地,5100,parent: フランス 有名なもの
ja,恐山 観光,5100,parent: 恐山
ja,キング観光柳橋,5000,parent: キング観光柳橋
ja,沖縄観光地,5000,parent: 沖縄 観光
ja,中国地方 観光,5000,parent: 中国地方観光
ja,ハワイ 観光,5000,parent: ハワイ 観光
ja,浜名湖 観光,4900,parent: 浜名湖 観光
ja,ニース 観光,4900,parent: フランスニース
ja,松本市 観光,4900,parent: 松本 観光
ja,木更津 観光,4900,parent: 木更津 観光
ja,小笠原諸島 観光,4900,parent: 小笠原諸島
ja,出雲 観光,4900,parent: 出雲 観光
ja,知多半島 観光,4800,parent: 知多半島 観光
ja,竹富島 観光,4800,parent: 竹富島観光
ja,越後湯沢 観光,4800,parent: 越後湯沢 観光
ja,松江 観光,4800,parent: 松江 観光
ja,名古屋駅 観光,4700,parent: 名古屋駅周辺観光
ja,八ヶ岳 観光,4700,parent: 八ヶ岳
ja,鳴子観光ホテル,4600,parent: 鳴子観光ホテル
ja,長野市 観光,4600,parent: 長野 観光
ja,盛岡観光,4500,parent: 盛岡 観光
ja,郡上八幡 観光,4500,parent: 郡上八幡 食べ歩き
ja,ロンドン 観光,4500,parent: ロンドン観光
ja,和歌山県 観光,4400,parent: 和歌山 観光
ja,勝浦 観光,4400,parent: 勝浦 観光
ja,中国 観光,4400,parent: 中国 観光
ja,今治 観光,4300,parent: 今治 観光
ja,赤倉観光リゾートスキー場,4300,parent: 赤倉観光ホテルスキー場
ja,観光庁,4300,parent: 観光庁
ja,倉敷観光,4300,parent: 倉敷観光
ja,長浜 観光,4300,parent: 長浜 観光
ja,スリランカ 観光,4300,parent: スリランカ 現地ツアー
ja,登別 観光,4200,parent: 登別 観光
ja,キング観光金山,4200,parent: キング観光金山
ja,姫路観光,4200,parent: 姫路城 観光
ja,奈良観光スポット,4200,parent: 奈良 観光スポット
ja,会津 観光,4200,parent: 会津観光
ja,愛媛県 観光,4200,parent: 愛媛
ja,嵐山観光,4200,parent: 嵐山 観光
ja,奈良観光 モデルコース,4100,parent: 奈良観光モデルコース
ja,八王子 観光,4000,parent: 八王子 何がある
ja,ジャカルタ 観光,4000,parent: インドネシア ジャカルタ 観光
ja,秋田県 観光,4000,parent: 秋田 観光
ja,広島 観光スポット,3900,parent: 広島観光
ja,南房総 観光,3900,parent: 南房総 観光
ja,宇都宮観光,3900,parent: 宇都宮 観光
ja,仙台駅 観光,3900,parent: 仙台駅 周辺
ja,焼津 観光,3900,parent: 焼津観光
ja,与那国島 観光,3900,parent: 与那国島
ja,パラオ 観光,3800,parent: パラオ 観光
ja,石垣島観光,3800,parent: 石垣島
ja,四万十川 観光,3800,parent: 高知県四万十川
ja,ブルネイ 観光,3800,parent: ブルネイ観光
ja,カザフスタン 観光,3800,parent: カザフスタン 観光
ja,ヘルシンキ 観光,3700,parent: ヘルシンキ
ja,久留米 観光,3700,parent: 久留米 観光
ja,葉山 観光,3700,parent: 葉山 観光
ja,初島 観光,3700,parent: 初島
ja,赤穂 観光,3700,parent: 赤穂観光
ja,九十九里 観光,3700,parent: 九十九里 観光
ja,クロアチア 観光,3600,parent: クロアチア 観光
ja,藤田観光,3600,parent: 藤田観光株式会社
ja,観光列車,3600,parent: 観光列車 関西
ja,明石 観光,3600,parent: 明石 観光
ja,インド 観光,3600,parent: インド
ja,西伊豆 観光,3600,parent: 土肥 観光
ja,五浦観光ホテル,3600,parent: 五浦観光ホテル
ja,モロッコ 観光,3600,parent: モロッコ
ja,伊豆高原 観光,3600,parent: 伊東 観光
ja,米沢 観光,3500,parent: 米沢観光
ja,アメリカ 観光,3500,parent: アメリカ見れるもの
ja,新大阪 観光,3500,parent: 新大阪駅 観光
ja,佐賀観光,3500,parent: 佐賀 観光
ja,白馬 観光,3400,parent: 白馬 観光
ja,所沢 観光,3400,parent: 所沢 観光
ja,猿島 観光,3400,parent: 猿島 楽しみ方
ja,草津観光,3400,parent: 草津温泉 夜の楽しみ
ja,東京観光 穴場 女子 50代,3400,parent: 東京 おばさん 観光
ja,近く 観光,3400,parent: 近くの観光
ja,タイ観光,3400,parent: タイ 観光
ja,ブリスベン 観光,3300,parent: ブリスベン 観光
ja,島根 観光 モデルコース,3300,parent: 出雲大社 観光 モデルコース
ja,アイルランド 観光,3300,parent: アイルランド観光
ja,四日市 観光,3300,parent: 四日市市
ja,博多駅 観光,3300,parent: 博多 遊ぶところ 大人
ja,沼津観光,3300,parent: 沼津 観光
ja,京都 観光 穴場,3300,parent: 京都 穴場
ja,恩納村 観光,3300,parent: 恩納村 観光
ja,黒部ダム 観光,3300,parent: 黒部ダム観光
ja,名鉄観光,3300,parent: 名鉄観光サービス株式会社
ja,香港観光,3200,parent: 香港 観光
ja,対馬 観光,3200,parent: 対馬
ja,千葉県観光スポット,3200,parent: 千葉 観光
ja,江田島 観光,3200,parent: 江田島 観光
ja,伊豆半島 観光,3200,parent: 伊豆
ja,阿蘇観光,3200,parent: 阿蘇 観光
ja,タイ 観光地,3200,parent: タイ 観光
ja,仙台観光スポット,3100,parent: 仙台 観光スポット
ja,ニュージーランド観光,3100,parent: ニュージーランド
ja,霧島 観光,3100,parent: 霧島
ja,西表島 観光,3100,parent: 西表島 旅行
ja,フィジー 観光,3100,parent: フィジー 観光
ja,三宮 観光,3100,parent: 三宮
ja,アゼルバイジャン 観光,3100,parent: アゼルバイジャン どんな国
ja,銀山温泉 観光,3000,parent: 銀山温泉 日帰り入浴
ja,フランス観光地,3000,parent: フランス 観光地
ja,能登 観光,3000,parent: 能登
ja,ゴールドコースト 観光,3000,parent: オーストラリア ゴールドコースト
ja,生口島 観光,3000,parent: 生口島 観光
ja,稚内 観光,3000,parent: 稚内 観光
ja,中国 観光地,3000,parent: 中国 観光
ja,蓼科 観光,3000,parent: 蓼科 観光
ja,松本観光,3000,parent: 松本 観光
ja,周辺 観光,3000,parent: 近くの観光地
ja,カーボベルデ 観光,3000,parent: カーボベルデ 観光
ja,青森駅 観光,3000,parent: 青森市 観光
ja,真鶴 観光,3000,parent: 真鶴観光
ja,志摩観光ホテル ザ ベイスイート,3000,parent: 志摩観光ホテル ザ クラシック
ja,鎌倉観光スポット,3000,parent: 江ノ島観光
ja,日田 観光,3000,parent: 日田 観光
ja,金沢 観光地,3000,parent: 金沢 観光 おすすめ
ja,長崎市 観光,3000,parent: 長崎 観光
ja,千葉 観光地,2900,parent: 千葉 観光スポット
ja,湯布院観光,2900,parent: 湯布院
ja,天神 観光,2900,parent: 天神
ja,燕三条 観光,2900,parent: 燕三条 観光
ja,和歌山市 観光,2900,parent: 和歌山市内 観光
ja,サンフランシスコ 観光,2900,parent: サンフランシスコ 観光
ja,富山駅 観光,2900,parent: 富山駅
ja,長崎 観光 モデルコース,2900,parent: 長崎観光モデルコース
ja,日本 観光地 ランキング,2900,parent: 観光地 日本 ランキング
ja,洞爺湖 観光,2900,parent: 洞爺湖周辺 観光
ja,ローマ 観光,2800,parent: ローマ観光
ja,高山観光,2800,parent: 高山 観光
ja,イギリス観光,2800,parent: イギリス 有名な建物
ja,六本木 観光,2800,parent: 六本木 観光
ja,島原 観光,2800,parent: 島原観光
ja,岐阜市 観光,2800,parent: 岐阜市 観光
ja,仙台 観光スポット,2800,parent: 仙台
ja,奈良 観光スポット,2800,parent: 奈良の観光地
ja,名古屋駅周辺 観光,2800,parent: 名古屋駅周辺観光
ja,指宿 観光,2800,parent: 指宿観光
ja,博多駅周辺 観光,2800,parent: 博多駅 観光
ja,熱海駅 観光,2800,parent: 熱海 観光
ja,モルディブ 観光,2700,parent: モルディブ
ja,礼文島 観光,2700,parent: 礼文島
ja,トルコ観光,2700,parent: トルコ
ja,広島 観光 モデルコース,2700,parent: 広島 観光 モデルコース 1泊2日
ja,種子島 観光,2700,parent: 種子島
ja,ジョージア 観光,2700,parent: ジョージア
ja,九州 観光地,2700,parent: 九州 観光
ja,サイパン 観光,2700,parent: サイパン
ja,中国 観光ビザ,2700,parent: 中国 ビザ免除
ja,淡路島 観光 日帰り,2700,parent: 淡路島 観光 モデルコース
ja,鎌倉観光モデルコース,2700,parent: 鎌倉 観光スポット
ja,常滑 観光,2700,parent: 常滑市 観光
ja,沖縄 南部 観光,2600,parent: 沖縄 南部 観光
ja,神戸 観光地,2600,parent: 神戸
ja,道頓堀 観光,2600,parent: 大阪 道頓堀 観光
ja,京都観光 穴場,2600,parent: 京都 穴場
ja,仙台 観光 外せない,2600,parent: 仙台 観光
ja,ホイアン 観光,2600,parent: ベトナムホイアン
ja,観光バス,2600,parent: 信州観光バス
ja,神戸観光スポット,2600,parent: 神戸 観光
ja,高山市 観光,2600,parent: 高山 観光
ja,高知県観光,2600,parent: 高知
ja,福岡 観光 モデルコース,2500,parent: 福岡観光モデルコース
ja,甲府駅 観光,2500,parent: 甲府駅 観光
ja,観光地ランキング,2500,parent: 観光地ランキング 都道府県
ja,敦賀観光,2500,parent: 敦賀市
ja,十勝 観光,2500,parent: 帯広 観光
ja,鳥羽観光,2500,parent: 鳥羽 観光
ja,東北観光,2500,parent: 東北 観光
ja,室蘭 観光,2500,parent: 室蘭観光
ja,アムステルダム 観光,2500,parent: アムステルダム 国
ja,水上温泉 観光,2500,parent: 水上 観光
ja,沖縄本島 観光,2500,parent: 沖縄 観光
ja,洞爺観光ホテル,2500,parent: 洞爺観光ホテル
ja,天橋立観光,2500,parent: 天橋立
ja,南知多 観光,2500,parent: 南知多 観光
ja,由布院 観光,2500,parent: 湯布院
ja,田沢湖 観光,2400,parent: 田沢湖観光
ja,千歳 観光,2400,parent: 千歳市 観光
ja,秋田市 観光,2400,parent: 秋田市 観光
ja,ブダペスト 観光,2400,parent: ブダペスト 観光
ja,鎌倉観光コース 半日,2400,parent: 鎌倉 観光スポット
ja,富山市 観光,2400,parent: 富山 観光
ja,下北沢 観光,2400,parent: 下北沢 観光
ja,富良野観光,2400,parent: 富良野 観光
ja,海部観光,2400,parent: 海部観光
ja,京都観光穴場,2400,parent: 京都観光穴場
ja,千葉県観光,2400,parent: 千葉 観光
ja,津市 観光,2300,parent: 津市
ja,ロシア 観光,2300,parent: ロシア 観光
ja,北陸 観光,2300,parent: 北陸 旅行
ja,蔵王 観光,2300,parent: 蔵王
ja,房総半島 観光,2300,parent: 房総半島 観光
ja,キング観光生桑,2300,parent: キング観光生桑
ja,川湯観光ホテル,2300,parent: 川湯観光ホテル
ja,金沢市 観光,2300,parent: 金沢観光
ja,東伊豆 観光,2300,parent: 東伊豆 観光
ja,糸島観光 モデルコース,2300,parent: 糸島観光 モデルコース
ja,ハワイ島 観光,2300,parent: ハワイ島 観光
ja,摩耶観光ホテル,2300,parent: 摩耶観光ホテル ツアー
ja,尾道観光モデルコース 半日,2300,parent: 尾道観光モデルコース 半日
ja,ブラジル 観光,2300,parent: ブラジル
ja,篠島 観光,2300,parent: 篠島 観光
ja,トルクメニスタン 観光,2300,parent: トルクメニスタン 旅行
ja,トロント 観光,2300,parent: トロント 観光
ja,釧路観光,2300,parent: 釧路市
ja,北京 観光,2300,parent: 北京
ja,祇園 観光,2300,parent: 祇園
ja,津山 観光,2300,parent: 津山 観光
ja,京都観光おすすめ,2200,parent: 京都 おすすめ
ja,上海観光,2200,parent: 上海 観光地
ja,ノブレス観光ホテル,2200,parent: ノブレス観光ホテル
ja,徳島 観光地,2200,parent: 徳島 観光
ja,スロベニア 観光,2200,parent: スロベニア 観光
ja,四国観光モデルコース 2泊3日,2200,parent: 四国観光モデルコース 2泊3日
ja,出雲大社 観光 モデルコース,2200,parent: 島根 観光
ja,日本観光地ランキング,2200,parent: 国内旅行 おすすめ
ja,中禅寺湖 観光,2200,parent: 中禅寺湖 観光
ja,角館 観光,2200,parent: 角館
ja,ナポリ 観光,2200,parent: ナポリ 観光
ja,北海道観光おすすめ,2200,parent: 北海道 おすすめスポット
ja,飛騨高山観光,2200,parent: 高山 観光
ja,和歌山 観光スポット,2200,parent: 和歌山観光地
ja,南西観光ホテル,2200,parent: 南西観光ホテル
ja,博多観光スポット,2200,parent: 博多 観光
ja,長野県 観光 穴場,2200,parent: 長野県 観光 穴場
ja,エジプト観光,2200,parent: エジプト 観光
ja,ネパール 観光,2100,parent: ネパール 観光地
ja,ラスベガス 観光,2100,parent: ラスベガス
ja,天草観光,2100,parent: 天草 観光
ja,湯河原温泉 観光,2100,parent: 万葉公園 湯河原
ja,チュニジア 観光,2100,parent: チュニジア
ja,ルクセンブルク 観光,2100,parent: ルクセンブルク 観光
ja,築地 観光,2100,parent: 築地 観光
ja,古宇利島 観光,2100,parent: 古宇利島 観光
ja,多治見 観光,2100,parent: 多治見 観光
ja,沖縄 北部 観光,2100,parent: 沖縄 北部 観光
ja,筑波山 観光,2100,parent: 筑波山 観光
ja,淡路島 観光 モデルコース,2100,parent: 淡路島 観光 モデルコース
ja,四国 観光地,2100,parent: 四国 観光
ja,アテネ 観光,2100,parent: アテネ 観光
ja,男鹿半島 観光,2100,parent: 男鹿半島 観光
ja,氷見 観光,2100,parent: 氷見 観光
ja,金沢観光スポット,2100,parent: 金沢 観光 おすすめ
ja,徳島観光スポット,2100,parent: 徳島 観光
ja,山口市 観光,2100,parent: 山口市 観光
ja,八重山観光フェリー,2100,parent: 八重山観光フェリー
ja,スリランカ観光,2100,parent: スリランカ
ja,伊東駅 観光,2100,parent: 伊東 観光
ja,千葉 観光スポット,2100,parent: 千葉 観光地
ja,京都市 観光,2000,parent: 京都 観光
ja,青ヶ島 観光,2000,parent: 青ヶ島 観光
ja,天王寺 観光,2000,parent: 天王寺 観光
ja,中部地方 観光,2000,parent: 中部地方 観光
ja,フランクフルト 観光,2000,parent: ドイツフランクフルト
ja,九十九里浜 観光,2000,parent: 九十九里 観光
ja,伊江島 観光,2000,parent: 伊江島 観光
ja,新大久保 観光,2000,parent: 新大久保 観光
ja,キング観光桑名,2000,parent: キング観光桑名
ja,三島観光,2000,parent: 三島
ja,鳴門 観光,2000,parent: 鳴門 観光
ja,ダナン観光,2000,parent: ダナン 観光
ja,セブ 観光,2000,parent: セブ島 観光
ja,シアトル 観光,2000,parent: シアトル 観光
ja,鳥取 コナン 観光,2000,parent: 北栄町 コナン 観光
ja,トルコ 観光地,2000,parent: トルコ
ja,シドニー観光,2000,parent: シドニー 観光
ja,岐阜駅 観光,2000,parent: 岐阜駅周辺
ja,藤田観光株価,2000,parent: 藤田観光 株価
ja,中国人 観光客 減った,2000,parent: 中国人観光客
ja,ブリュッセル 観光,2000,parent: ブリュッセル
ja,式根島 観光,2000,parent: 式根島
ja,牛窓 観光,2000,parent: 牛窓
ja,ウィーン 観光,2000,parent: ウィーン 観光
ja,パプアニューギニア 観光,2000,parent: パプアニューギニア観光
ja,奈良井宿 観光,2000,parent: 奈良井宿
ja,お台場観光,2000,parent: お台場 観光
ja,ペルー 観光,1900,parent: ペルー 観光
ja,ヨルダン 観光,1900,parent: ヨルダン観光
ja,函館 観光地,1900,parent: 函館 観光
ja,鹿児島 観光 若者向け,1900,parent: 鹿児島 観光 若者向け
ja,北関東 観光,1900,parent: 北関東 観光
ja,バングラデシュ 観光,1900,parent: バングラデシュ 観光
ja,愛媛県観光,1900,parent: 愛媛 観光
ja,苫小牧観光,1900,parent: 苫小牧観光
ja,北杜市 観光,1900,parent: 北杜市 観光
ja,伊賀 観光,1900,parent: 観光
ja,富士宮 観光,1900,parent: 富士宮 観光
ja,和歌山 観光地,1900,parent: 和歌山県
ja,愛媛 観光地,1900,parent: 愛媛 観光
ja,さくら観光バス,1900,parent: さくら高速バス
ja,福岡観光モデルコース 1泊2日,1900,parent: 福岡観光モデルコース
ja,道東 観光,1900,parent: 道東 観光
ja,アルゼンチン 観光,1900,parent: アルゼンチン 観光
ja,なんば 観光,1900,parent: 心斎橋 観光
ja,メキシコ 観光,1900,parent: メキシコ 観光
ja,新潟 観光 モデルコース 1泊2日,1900,parent: 新潟 観光
ja,東京観光 女子,1900,parent: 東京観光 穴場 女子
ja,久米島 観光,1900,parent: 久米島 観光
ja,白馬村 観光,1900,parent: 白馬 観光
ja,コペンハーゲン 観光,1900,parent: コペンハーゲン 国
ja,信楽 観光,1900,parent: 信楽駅 観光
ja,グリーンランド 観光,1900,parent: グリーンランド 観光
ja,大垣 観光,1900,parent: 大垣 観光
ja,塩尻 観光,1900,parent: 塩尻 観光
ja,与論島 観光,1900,parent: 与論島
ja,周防大島 観光,1900,parent: 周防大島
ja,中国観光,1900,parent: 中国 観光
ja,フーコック島 観光,1800,parent: フーコック島
ja,春日部 観光,1800,parent: 春日部 観光
ja,福江島 観光,1800,parent: 福江島 観光
ja,清水 観光,1800,parent: 清水 観光
ja,三重県 観光地,1800,parent: 三重県 観光
ja,沖縄南部観光,1800,parent: 沖縄 南部 観光
ja,サンセバスチャン 観光,1800,parent: サンセバスチャン 観光
ja,強羅 観光,1800,parent: 強羅観光
ja,上田 観光,1800,parent: 上田市 観光
ja,広島観光地,1800,parent: 広島県 観光
ja,伊豆長岡 観光,1800,parent: 伊豆長岡 観光
ja,チューリッヒ 観光,1800,parent: チューリッヒ 観光
ja,志摩市観光農園,1800,parent: 志摩市観光農園
ja,仙台市 観光,1800,parent: 仙台 観光
ja,小田原観光 食べ歩き,1800,parent: 小田原観光 食べ歩き
ja,塩釜 観光,1800,parent: 塩釜 観光
ja,大洗観光,1800,parent: 大洗い
ja,横浜 観光 おすすめ,1800,parent: 横浜 観光
ja,重慶 観光,1800,parent: 重慶
ja,ベルリン 観光,1800,parent: ベルリン
ja,仙台 観光 モデルコース,1800,parent: 仙台 観光 モデルコース
ja,対馬観光,1800,parent: 対馬
ja,小樽観光スポット,1800,parent: 小樽 観光
ja,松江市 観光,1700,parent: 松江 観光
ja,稚内観光,1700,parent: 稚内観光
ja,京都 夜 観光,1700,parent: 京都 夜 観光
ja,壱岐島 観光,1700,parent: 壱岐
ja,熱海 観光地,1700,parent: 熱海 観光
ja,マダガスカル 観光,1700,parent: マダガスカル 観光
ja,広州 観光,1700,parent: 広州
ja,出雲観光,1700,parent: 出雲 観光
ja,新大阪駅 観光,1700,parent: 新大阪 観光
ja,月島 観光,1700,parent: 月島 観光
ja,ポーランド 観光,1700,parent: ポーランド 観光
ja,宮島観光 食べ歩き,1700,parent: 宮島食べ歩き
ja,黒川温泉 観光,1700,parent: 黒川温泉
ja,高知 観光地,1700,parent: 高知 観光
ja,鈴鹿 観光,1700,parent: 鈴鹿 観光
ja,石川県 観光地,1700,parent: 石川 観光
ja,福岡観光モデルコース,1700,parent: 福岡 観光 モデルコース 車なし
ja,富山 観光 モデルコース 1泊2日,1700,parent: 富山 日帰り
ja,愛知県観光スポット,1700,parent: 愛知県 観光
ja,神楽坂 観光,1700,parent: 神楽坂
ja,キング観光津,1700,parent: 津キング
ja,観光英語,1700,parent: 観光 英語
ja,カンクン 観光,1700,parent: カンクン 観光
ja,スペイン 観光地,1700,parent: スペイン 観光
ja,平泉観光,1700,parent: 平泉 観光
ja,オアフ島 観光,1700,parent: オアフ島
ja,北見 観光,1700,parent: 北見市
ja,安曇野観光,1700,parent: 安曇野 観光
ja,福山観光,1700,parent: 福山 観光
ja,上田市 観光,1700,parent: 上田
ja,セントーサ島 観光,1600,parent: シンガポール セントーサ島
ja,西安 観光,1600,parent: 西安 地図
ja,今治観光,1600,parent: 今治 観光
ja,津 観光,1600,parent: 津駅お土産
ja,観光船,1600,parent: 観光船
ja,箱根湯本駅 観光,1600,parent: 箱根湯本駅 観光
ja,チリ 観光,1600,parent: チリ 観光
ja,観光誘致株式会社,1600,parent: スーツ ユーチューバー
ja,奄美大島観光,1600,parent: 奄美大島観光
ja,玉造温泉 観光,1600,parent: 玉造温泉
ja,ミラノ観光,1600,parent: ミラノ 観光
ja,香川県 観光スポット,1600,parent: 香川県おすすめスポット
ja,湯河原観光,1600,parent: 湯河原 観光
ja,阿智村 観光,1600,parent: 阿智村 観光
ja,沖縄 雨 観光,1600,parent: 沖縄 雨 観光
ja,久高島 観光,1600,parent: 久高島
ja,皇居 観光,1600,parent: 皇居
nl,bezienswaardigheden,5900,parent: bezienswaardigheden veluwe
nl,wat te doen in maastricht,3700,parent: activiteiten maastricht
nl,wat te doen in drenthe,2700,parent: wat te doen in drenthe vandaag
nl,wat te doen in den haag,2500,parent: to do den haag
nl,wat te doen in drenthe vandaag,2200,parent: wat te doen in drenthe vandaag
nl,praag bezienswaardigheden,2200,parent: wat te doen in praag
nl,wat te doen in eindhoven,2100,parent: evenementen eindhoven dit weekend
nl,wat te doen in gent,2000,parent: wat te doen in gent
nl,wat te doen in den bosch,2000,parent: bezienswaardigheden den bosch
nl,wat te doen in brugge,1900,parent: wat te doen in brugge
nl,berlijn bezienswaardigheden,1800,parent: bezienswaardigheden berlijn
nl,wat te doen in zwolle,1800,parent: wat te doen in zwolle
nl,wat te doen in haarlem,1800,parent: wat te doen in haarlem
nl,bezienswaardigheden parijs,1800,parent: bezienswaardigheden parijs
nl,valencia bezienswaardigheden,1800,parent: valencia bezienswaardigheden
nl,wat te doen in leiden,1800,parent: wat te doen in leiden
nl,wat te doen in leeuwarden,1700,parent: leeuwarden wat te doen
nl,wat te doen in breda,1700,parent: wat te doen in breda
nl,wat te doen in valkenburg,1700,parent: wat te doen in valkenburg
nl,wat te doen in zeeland,1700,parent: wat te doen in zeeland
nl,wat te doen in nijmegen,1700,parent: wat te doen in nijmegen
nl,rome bezienswaardigheden,1600,parent: rome
nl,wat te doen in middelburg,1600,parent: wat te doen in middelburg
nl,wat te doen in amersfoort,1600,parent: wat te doen in amersfoort
nl,wat te doen in malaga,1500,parent: historisch centrum malaga centrum
nl,wat te doen in praag,1500,parent: wat te doen in praag
nl,wat te doen in apeldoorn,1500,parent: wandelen apeldoorn
nl,parijs bezienswaardigheden,1400,parent: bezienswaardigheden parijs
nl,wat te doen in emmen dit weekend,1400,parent: wat te doen in emmen dit weekend
nl,wat te doen in valencia,1300,parent: valencia bezienswaardigheden
nl,wenen bezienswaardigheden,1300,parent: wenen bezienswaardigheden
nl,wat te doen in parijs,1300,parent: must see parijs
nl,wat te doen in arnhem,1300,parent: activiteiten arnhem
nl,wat te doen in twente dit weekend,1300,parent: uit in twente
nl,wat te doen in berlijn,1300,parent: to do berlijn
nl,wat te doen in londen,1300,parent: wat te doen in londen
nl,wat te doen in twente vandaag,1300,parent: uit in twente
nl,bezienswaardigheden berlijn,1300,parent: bezienswaardigheden berlijn
nl,wat te doen in tilburg,1200,parent: wat te doen in tilburg
nl,wat te doen in sevilla,1200,parent: bezienswaardigheden sevilla
nl,bezienswaardigheden rome,1200,parent: wat te doen in rome
nl,wat te doen in keulen,1200,parent: wat te doen in keulen
nl,wat te doen in lissabon,1200,parent: lissabon wat te doen
nl,wat te doen in drenthe vandaag markten,1100,parent: markt drenthe
nl,wat te doen in dordrecht,1100,parent: wat te doen in dordrecht
nl,bezienswaardigheden nederland,1100,parent: bezienswaardigheden nederland
nl,bezienswaardigheden londen,1100,parent: bezienswaardigheden londen
nl,athene bezienswaardigheden,1100,parent: athene bezienswaardigheden
nl,bezienswaardigheden rotterdam,1100,parent: rotterdam bezienswaardigheden
nl,lissabon bezienswaardigheden,1100,parent: bezienswaardigheden lissabon
nl,brugge bezienswaardigheden,1000,parent: brugge bezienswaardigheden
nl,bezienswaardigheden lissabon,1000,parent: bezienswaardigheden lissabon
nl,sevilla bezienswaardigheden,1000,parent: sevilla
nl,wat te doen in brussel,1000,parent: wat te doen in brussel
nl,trier bezienswaardigheden,900,parent: trier bezienswaardigheden
nl,wat te doen in kopenhagen,900,parent: leuke dingen in kopenhagen
nl,wat te doen in tilburg dit weekend,900,parent: agenda tilburg
nl,bezienswaardigheden wenen,900,parent: wenen bezienswaardigheden
nl,barcelona bezienswaardigheden,900,parent: bezienswaardigheden barcelona
nl,bezienswaardigheden praag,900,parent: bezienswaardigheden praag
nl,wat te doen in lille,900,parent: wat te doen in lille
nl,wat te doen in wenen,900,parent: wat te doen in wenen
nl,wat te doen in luxemburg,900,parent: luxemburg wat te doen
nl,zakynthos bezienswaardigheden,900,parent: zakynthos bezienswaardigheden
nl,wat te doen in haarlem dit weekend,900,parent: wat te doen in haarlem dit weekend
nl,wat te doen in porto,900,parent: bezienswaardigheden porto
nl,wat is er te doen vandaag in brabant braderie,900,parent: braderie brabant
nl,wat is er te doen in drenthe,900,parent: wat te doen in drenthe vandaag
nl,wat te doen in barcelona,900,parent: wat te doen in barcelona
nl,wat te doen in enschede,900,parent: agenda enschede
nl,wat te doen in milaan,900,parent: wat te doen in milaan
nl,gent bezienswaardigheden,900,parent: wat te doen in gent
nl,wat te doen in marrakech,900,parent: wat te doen in marrakech
nl,bezienswaardigheden gent,800,parent: gent bezienswaardigheden
nl,wat te doen in scheveningen,800,parent: scheveningen te doen
nl,kopenhagen bezienswaardigheden,800,parent: kopenhagen bezienswaardigheden
nl,madrid bezienswaardigheden,800,parent: madrid bezienswaardigheden
nl,wat te doen in volendam,800,parent: volendam wat te doen
nl,bezienswaardigheden sevilla,800,parent: te doen in sevilla
nl,wat te doen in rome,800,parent: rome
nl,wat te doen in dusseldorf,800,parent: wat te doen in dusseldorf
nl,antwerpen bezienswaardigheden,800,parent: bezienswaardigheden antwerpen
nl,bezienswaardigheden barcelona,800,parent: bezienswaardigheden barcelona
nl,milaan bezienswaardigheden,800,parent: wat te doen in milaan
nl,bezienswaardigheden valencia,800,parent: valencia bezienswaardigheden
nl,fuerteventura bezienswaardigheden,800,parent: wat te doen op fuerteventura
nl,wat te doen in rotterdam dit weekend,800,parent: wat te doen in rotterdam
nl,wat te doen in zutphen,800,parent: wat te doen in zutphen
nl,bremen bezienswaardigheden,700,parent: bezienswaardigheden bremen
nl,delft bezienswaardigheden,700,parent: delft sehenswürdigkeiten
nl,wat te doen in overijssel dit weekend,700,parent: wat te doen vandaag overijssel
nl,malta bezienswaardigheden,700,parent: bezienswaardigheden malta
nl,bezienswaardigheden antwerpen,700,parent: antwerpen bezienswaardigheden
nl,wat te doen in zeeland vandaag,700,parent: wat te doen in zeeland
nl,wat te doen in arnhem dit weekend,700,parent: activiteiten arnhem
nl,lille bezienswaardigheden,700,parent: lille bezienswaardigheden
nl,wat te doen in dublin,700,parent: stedentrip dublin
nl,bezienswaardigheden malaga,700,parent: malaga
nl,wat te doen in assen,700,parent: wat te doen in assen
nl,boedapest bezienswaardigheden,700,parent: bezienswaardigheden boedapest
nl,bezienswaardigheden brugge,700,parent: brugge bezienswaardigheden
nl,bezienswaardigheden tenerife,700,parent: wat te doen tenerife
nl,bezienswaardigheden gran canaria,700,parent: wat te doen op gran canaria
nl,wat te doen in apeldoorn dit weekend,700,parent: wat te doen in apeldoorn dit weekend
nl,wat te doen in roermond,700,parent: wat te doen in roermond
nl,wat te doen in vlissingen,700,parent: vlissingen wat te doen
nl,bezienswaardigheden den haag,700,parent: highlights den haag
nl,bezienswaardigheden maastricht,700,parent: bezienswaardigheden maastricht
nl,wat te doen in madrid,700,parent: madrid
nl,wat te doen in edinburgh,700,parent: bezienswaardigheden edinburgh
nl,kreta bezienswaardigheden,700,parent: kreta bezienswaardigheden
nl,wat te doen in hamburg,700,parent: wat te doen in hamburg
nl,wat te doen tegen vliegen in huis,700,parent: wat te doen tegen vliegen in huis
nl,dublin bezienswaardigheden,700,parent: dublin bezienswaardigheden
nl,florence bezienswaardigheden,600,parent: bezienswaardigheden florence
nl,wat te doen in harderwijk,600,parent: wat doen in harderwijk
nl,wat te doen in groningen vandaag,600,parent: activiteiten groningen
nl,aken bezienswaardigheden,600,parent: bezienswaardigheden aken
nl,wat te doen in enschede vandaag,600,parent: enschede agenda
nl,gran canaria bezienswaardigheden,600,parent: gran canaria bezienswaardigheden
nl,londen bezienswaardigheden,600,parent: wat moet je zien in londen
nl,wat te doen in gouda,600,parent: vvv gouda
nl,wat te doen in malta,600,parent: bezienswaardigheden malta
nl,leuven bezienswaardigheden,600,parent: bezienswaardigheden leuven en omgeving
nl,bezienswaardigheden athene,600,parent: athene bezienswaardigheden
nl,bezienswaardigheden madrid,600,parent: madrid bezienswaardigheden
nl,krakau bezienswaardigheden,600,parent: shoppen krakau
nl,wat te doen in boedapest,600,parent: wat te doen in boedapest
nl,wat te doen in aken,600,parent: aken bezienswaardigheden
nl,wat te doen in almelo,600,parent: uit in almelo
nl,bezienswaardigheden kopenhagen,600,parent: kopenhagen bezienswaardigheden
nl,bezienswaardigheden keulen,600,parent: wat te doen in keulen
nl,munchen bezienswaardigheden,600,parent: munchen bezienswaardigheden
nl,wat te doen in nijmegen dit weekend,600,parent: wat te doen in nijmegen
nl,wat te doen in luik,600,parent: wat te doen in luik
nl,kos bezienswaardigheden,600,parent: wat te doen in kos
nl,wat te doen in nederland,600,parent: wat te doen in nederland
nl,luxemburg bezienswaardigheden,600,parent: luxemburg bezienswaardigheden
nl,wat te doen in luxemburg stad,600,parent: luxemburg stad
nl,bezienswaardigheden porto,600,parent: bezienswaardigheden porto
nl,bezienswaardigheden luxemburg,600,parent: luxemburg
nl,wat is er te doen in groningen,600,parent: wat te doen groningen
nl,wat te doen in venlo,600,parent: wat te doen in venlo
nl,porto bezienswaardigheden,600,parent: bezienswaardigheden porto
nl,wat te doen in almere,600,parent: almere activiteiten
nl,wat te doen in athene,600,parent: athene bezienswaardigheden
nl,vocht in knie wat te doen,600,parent: vocht in knie verwijderen
nl,lanzarote bezienswaardigheden,600,parent: lanzarote
nl,wat te doen in twente,600,parent: wat te doen in twente
nl,wat te doen in limburg,500,parent: wat te doen in limburg
nl,wat te doen in zwolle vandaag,500,parent: evenementen zwolle vandaag
nl,wat te doen in dubai,500,parent: dubai
nl,wat te doen in goes,500,parent: wat te doen in goes
nl,bezienswaardigheden malta,500,parent: wat te doen in malta
nl,dresden bezienswaardigheden,500,parent: dresden
nl,wat te doen in stockholm,500,parent: stockholm bezienswaardigheden
nl,marrakech bezienswaardigheden,500,parent: marrakech bezienswaardigheden
nl,madeira bezienswaardigheden,500,parent: bezienswaardigheden madeira
nl,bezienswaardigheden denemarken,500,parent: bezienswaardigheden denemarken
nl,wat te doen in winterberg,500,parent: winterberg zomer
nl,bezienswaardigheden rhodos,500,parent: rhodos reisadvies
nl,wat te doen in new york,500,parent: new york
nl,amsterdam bezienswaardigheden,500,parent: bezienswaardigheden amsterdam
nl,wat te doen in hoorn,500,parent: wat te doen in hoorn
nl,wat te doen in leuven,500,parent: leuven to do
nl,wat te doen in winterswijk,500,parent: wat te doen in winterswijk
nl,brussel bezienswaardigheden,500,parent: brussel bezienswaardigheden
nl,wat te doen in gelderland,500,parent: wat te doen in gelderland
nl,tenerife bezienswaardigheden,500,parent: tenerife bezienswaardigheden
nl,bezienswaardigheden curacao,500,parent: bezienswaardigheden curacao
nl,wat te doen in alkmaar dit weekend,500,parent: wat te doen in alkmaar
nl,keulen bezienswaardigheden,500,parent: bezienswaardigheden keulen
nl,rotterdam bezienswaardigheden,500,parent: rotterdam bezienswaardigheden
nl,wat te doen in tenerife,500,parent: beste strand tenerife
nl,napels bezienswaardigheden,500,parent: napels
nl,wat is er te doen in den bosch,500,parent: wat te doen in den bosch
nl,wat te doen in alicante,500,parent: wat te doen in alicante
nl,wat te doen in drenthe braderie,500,parent: markt drenthe
nl,wat te doen in krakau,500,parent: wat te doen in krakau
nl,wat te doen in bangkok,500,parent: bangkok
nl,kefalonia bezienswaardigheden,500,parent: kefalonia bezienswaardigheden
nl,rhodos bezienswaardigheden,500,parent: rhodos bezienswaardigheden
nl,wat te doen in noordwijk,500,parent: wat te doen in noordwijk
nl,bezienswaardigheden mallorca,500,parent: mallorca bezienswaardigheden
nl,wat is er te doen in dordrecht dit weekend,450,parent: wat is er te doen in dordrecht dit weekend
nl,hamburg bezienswaardigheden,450,parent: bezienswaardigheden hamburg
nl,wat is er te doen in apeldoorn,450,parent: wat te doen in apeldoorn dit weekend
nl,bezienswaardigheden milaan,450,parent: wat te doen in milaan
nl,wat te doen in bremen,450,parent: wat te doen in bremen
nl,dordrecht bezienswaardigheden,450,parent: dordrecht
nl,bezienswaardigheden edinburgh,450,parent: bezienswaardigheden edinburgh
nl,wat te doen in gran canaria,450,parent: wat te doen in gran canaria
nl,oslo bezienswaardigheden,450,parent: oslo bezienswaardigheden
nl,wat is er te doen vandaag in de buurt,450,parent: evenementen in de buurt vandaag
nl,bezienswaardigheden den bosch,450,parent: wat te doen in den bosch
nl,mallorca bezienswaardigheden,450,parent: mallorca bezienswaardigheden
nl,lefkas bezienswaardigheden,450,parent: lefkas bezienswaardigheden
nl,samos bezienswaardigheden,450,parent: samos bezienswaardigheden
nl,bezienswaardigheden florence,450,parent: florence
nl,bezienswaardigheden amersfoort,450,parent: bezienswaardigheden amersfoort
nl,wat te doen in eindhoven vandaag,450,parent: evenementen eindhoven dit weekend
nl,bezienswaardigheden utrecht,450,parent: bezienswaardigheden utrecht
nl,wat te doen in drenthe morgen,450,parent: wat te doen in drenthe vandaag
nl,wat te doen in zuid limburg,450,parent: wat te doen in zuid limburg
nl,wat te doen in emmen,450,parent: wat te doen in emmen dit weekend
nl,cordoba bezienswaardigheden,450,parent: cordoba bezienswaardigheden
nl,bezienswaardigheden china,450,parent: bezienswaardigheden china
nl,den haag bezienswaardigheden,450,parent: den haag bezienswaardigheden
nl,wat is er te doen in zeeland dit weekend,450,parent: wat te doen in zeeland
nl,wat te doen in enschede dit weekend,450,parent: agenda enschede
nl,wat te doen in amersfoort dit weekend,450,parent: uitagenda
nl,wat te doen in napels,450,parent: wat te doen in napels
nl,bezienswaardigheden brussel,450,parent: brussel bezienswaardigheden
nl,wat te doen in ommen,450,parent: wat te doen in ommen
nl,wat is er te doen in maastricht,450,parent: activiteiten maastricht
nl,luxemburg stad bezienswaardigheden,450,parent: luxemburg stad bezienswaardigheden
nl,deventer bezienswaardigheden,450,parent: deventer bezienswaardigheden
nl,wat te doen in oslo,450,parent: oslo bezienswaardigheden
nl,bezienswaardigheden delft,450,parent: hotspots delft
nl,wat te doen in bergen op zoom,400,parent: wat te doen in bergen op zoom
nl,wat te doen in madeira,400,parent: madeira
nl,wat te doen in sneek,400,parent: wat te doen in sneek
nl,wat te doen in hurghada,400,parent: wat te doen in hurghada
nl,wat is er vandaag te doen in friesland,400,parent: wat te doen in friesland
nl,wat te doen in chiang mai,400,parent: wat te doen in chiang mai
nl,wat te doen in valkenburg dit weekend,400,parent: wat te doen in valkenburg dit weekend
nl,wat te doen tegen teveel eiwit in urine,400,parent: eiwit in urine
nl,wat te doen in zakynthos,400,parent: zakynthos bezienswaardigheden
nl,leiden bezienswaardigheden,400,parent: leiden bezienswaardigheden
nl,bonaire bezienswaardigheden,400,parent: bonaire bezienswaardigheden
nl,wat is er te doen in zwolle,400,parent: activiteiten zwolle
nl,bali bezienswaardigheden,400,parent: bezienswaardigheden bali
nl,bezienswaardigheden leeuwarden,400,parent: leeuwarden bezienswaardigheden
nl,bezienswaardigheden albanie,400,parent: bezienswaardigheden albanie
nl,utrecht bezienswaardigheden,400,parent: utrecht bezienswaardigheden
nl,bezienswaardigheden dusseldorf,400,parent: wat te doen in dusseldorf
nl,bezienswaardigheden deventer,400,parent: deventer bezienswaardigheden
nl,wat is er te doen in arnhem,400,parent: wat is er te doen in arnhem
nl,maastricht bezienswaardigheden,400,parent: bezienswaardigheden maastricht
nl,bezienswaardigheden sicilie,400,parent: sicilie
nl,bezienswaardigheden marrakech,400,parent: bezienswaardigheden marrakech
nl,wat te doen in reims,400,parent: reims
nl,bezienswaardigheden dublin,400,parent: dublin bezienswaardigheden
nl,bezienswaardigheden new york,400,parent: bezienswaardigheden new york
nl,wat te doen in rhodos,400,parent: wat te doen in rhodos
nl,edinburgh bezienswaardigheden,400,parent: bezienswaardigheden edinburgh
nl,wat te doen in giethoorn,400,parent: wat te doen in giethoorn
nl,wat te doen in albanie,400,parent: wat te doen in albanie
nl,wat te doen in elburg,400,parent: wat te doen in elburg
nl,bezienswaardigheden boedapest,400,parent: bezienswaardigheden boedapest
nl,wat te doen in london,400,parent: wat te doen in londen
nl,alicante bezienswaardigheden,400,parent: alicante
nl,wat te doen in utrecht dit weekend,400,parent: te doen in utrecht
nl,bezienswaardigheden groningen,400,parent: bezienswaardigheden groningen
nl,wat te doen in de buurt,400,parent: wat te doen in de buurt
nl,wat te doen in emmen vandaag,350,parent: wat te doen in emmen dit weekend
nl,bezienswaardigheden valkenburg,350,parent: valkenburg activiteiten
nl,wat te doen in gelderland vandaag,350,parent: wat te doen in gelderland vandaag
nl,wat te doen in kampen,350,parent: wat te doen in kampen
nl,wat te doen in eindhoven dit weekend,350,parent: evenementen eindhoven dit weekend
nl,wat te doen in bologna,350,parent: wat te doen in bologna
nl,wat te doen in maastricht dit weekend,350,parent: festival maastricht vandaag
nl,bezienswaardigheden istanbul,350,parent: bezienswaardigheden istanbul
nl,new york bezienswaardigheden,350,parent: bezienswaardigheden new york
nl,bezienswaardigheden corfu,350,parent: bezienswaardigheden corfu
nl,bezienswaardigheden frankrijk,350,parent: bezienswaardigheden frankrijk
nl,wat te doen in cochem,350,parent: wat te doen in cochem
nl,bezienswaardigheden drenthe,350,parent: bezienswaardigheden drenthe
nl,wat te doen in kuala lumpur,350,parent: wat te doen in kuala lumpur
nl,wat te doen in ouddorp,350,parent: ouddorp
nl,wat te doen in mallorca,350,parent: wat te doen op mallorca
nl,bezienswaardigheden texel,350,parent: texel bezienswaardigheden
nl,wat te doen in kos,350,parent: wat te doen in kos
nl,wat te doen in bilbao,350,parent: bilbao
nl,wat is er te doen in den haag,350,parent: wat te doen in den haag dit weekend
nl,bezienswaardigheden colombia,350,parent: bezienswaardigheden colombia
nl,wat te doen in gorinchem,350,parent: wat te doen in gorinchem
nl,wat te doen in torremolinos,350,parent: wat te doen in torremolinos
nl,haarlem bezienswaardigheden,350,parent: bezienswaardigheden haarlem
nl,bezienswaardigheden breda,350,parent: bezienswaardigheden breda
nl,zwarte woud bezienswaardigheden,350,parent: bezienswaardigheden zwarte woud
nl,wat te doen in florence,350,parent: wat te doen in florence
nl,wat te doen in deventer vandaag,350,parent: wat te doen in deventer
nl,wat te doen in nijmegen vandaag,350,parent: wat te doen in nijmegen
nl,bezienswaardigheden japan,350,parent: bezienswaardigheden japan
nl,wat te doen in scheveningen dit weekend,350,parent: wat te doen in scheveningen
nl,bezienswaardigheden schotland,350,parent: bezienswaardigheden schotland
nl,wat is er te doen in eindhoven,350,parent: wat te doen in eindhoven
nl,bezienswaardigheden stockholm,350,parent: stockholm bezienswaardigheden
nl,wat te doen in zierikzee,350,parent: wat te doen in zierikzee
nl,wat te doen in singapore,350,parent: wat te doen in singapore
nl,boekarest bezienswaardigheden,350,parent: boekarest bezienswaardigheden
nl,straatsburg bezienswaardigheden,350,parent: wat te doen in straatsburg
nl,wat te doen in kaapstad,350,parent: wat te doen kaapstad
nl,reims bezienswaardigheden,350,parent: reims
nl,rouen bezienswaardigheden,350,parent: rouen bezienswaardigheden
nl,sardinie bezienswaardigheden,350,parent: sardinie bezienswaardigheden
nl,wat te doen in arnhem vandaag,350,parent: activiteiten arnhem
nl,wat is er te doen in breda,350,parent: wat te doen in breda
nl,wat te doen in istanbul,350,parent: bezienswaardigheden istanbul
nl,wat is er te doen in enschede,350,parent: agenda enschede
nl,bezienswaardigheden leiden,350,parent: leiden bezienswaardigheden
nl,wat te doen in apeldoorn centrum,350,parent: wat te doen in apeldoorn
nl,bezienswaardigheden kos,350,parent: bezienswaardigheden kos
nl,stockholm bezienswaardigheden,350,parent: stockholm
nl,wat is er te doen in nijmegen,350,parent: wat te doen in nijmegen
nl,bezienswaardigheden zakynthos,350,parent: zakynthos bezienswaardigheden
nl,denemarken bezienswaardigheden,350,parent: wat te doen in denemarken
nl,wat is er te doen in amersfoort,350,parent: wat te doen in amersfoort
nl,wat te doen in denemarken,350,parent: wat te doen in denemarken
nl,wat te doen in mechelen,350,parent: wat te doen in mechelen
nl,wat te doen in split,350,parent: split
nl,wat te doen in bergen noorwegen,300,parent: bergen norway
nl,bezienswaardigheden krakau,300,parent: krakau
nl,wat te doen in venlo dit weekend,300,
nl,wat te doen in groningen dit weekend,300,parent: activiteiten groningen
nl,middelburg bezienswaardigheden,300,parent: bezienswaardigheden middelburg
nl,bezienswaardigheden zweden,300,parent: bezienswaardigheden zweden
nl,wat te doen in nice,300,parent: wat te doen in nice
nl,bezienswaardigheden middelburg,300,parent: bezienswaardigheden middelburg
nl,kaapverdië bezienswaardigheden,300,parent: wat te doen in kaapverdie
nl,bezienswaardigheden sardinie,300,parent: sardinie bezienswaardigheden
nl,leeuwarden bezienswaardigheden,300,parent: bezienswaardigheden leeuwarden
nl,wat te doen in arcen,300,parent: wat te doen in arcen
nl,wat te doen in trier,300,parent: trier duitsland
nl,bezienswaardigheden london,300,parent: bezienswaardigheden londen
nl,bezienswaardigheden eindhoven,300,parent: wat te doen in eindhoven
nl,london bezienswaardigheden,300,parent: bezienswaardigheden londen
nl,cochem bezienswaardigheden,300,parent: wat te doen in cochem
nl,karpathos bezienswaardigheden,300,parent: karpathos bezienswaardigheden
nl,wat te doen tegen katten in de tuin,300,parent: katten verjagen
nl,bezienswaardigheden arnhem,300,parent: arnhem bezienswaardigheden
nl,granada bezienswaardigheden,300,parent: granada spanje
nl,bezienswaardigheden portugal,300,parent: bezienswaardigheden portugal
nl,breda bezienswaardigheden,300,parent: breda bezienswaardigheden
nl,muizen in huis wat te doen,300,parent: muis in huis
nl,bezienswaardigheden zwolle,300,parent: schoone bootverhuur
nl,bezienswaardigheden slovenie,300,parent: bezienswaardigheden slovenie
nl,wat te doen in miami,300,parent: wat te doen in miami
nl,istanbul bezienswaardigheden,300,parent: istanbul
nl,wat is er te doen in groningen vandaag,300,parent: activiteiten groningen
nl,bezienswaardigheden trier,300,parent: trier bezienswaardigheden
nl,bezienswaardigheden luxemburg stad,300,parent: luxemburg stad
nl,bezienswaardigheden noorwegen,300,parent: noorwegen
nl,wat te doen in leeuwarden dit weekend,300,parent: wat te doen in leeuwarden
nl,bezienswaardigheden zutphen centrum,300,parent: bezienswaardigheden zutphen
nl,wat te doen in maastricht vandaag,300,parent: wat te doen in maastricht
nl,wat te doen in harderwijk dit weekend,300,parent: wat te doen in harderwijk
nl,bezienswaardigheden cyprus,300,parent: cyprus
nl,luik bezienswaardigheden,300,parent: wat te doen in luik
nl,dusseldorf bezienswaardigheden,300,parent: dusseldorf
nl,wat te doen in kreta,300,parent: wat te doen in kreta
nl,turijn bezienswaardigheden,300,parent: turijn bezienswaardigheden
nl,bezienswaardigheden aken,300,parent: aken bezienswaardigheden
nl,wat te doen in munster,300,parent: munster duitsland
nl,wat te doen in heerenveen,300,parent: wat te doen in heerenveen
nl,bezienswaardigheden madeira,300,parent: bezienswaardigheden madeira
nl,wat te doen in monschau,300,parent: monschau
nl,bilbao bezienswaardigheden,300,parent: bilbao
nl,santorini bezienswaardigheden,300,parent: santorini bezienswaardigheden
nl,gouda bezienswaardigheden,300,parent: vvv gouda
nl,wat is er te doen in haarlem,300,parent: wat te doen in haarlem
nl,bratislava bezienswaardigheden,300,parent: bratislava bezienswaardigheden
nl,wat te doen in hardenberg vandaag,300,parent: wat te doen in hardenberg
nl,bezienswaardigheden hamburg,300,parent: hamburg bezienswaardigheden
nl,bezienswaardigheden spanje,300,parent: toerisme in spanje
nl,wat is er te doen in leiden,300,parent: uitagenda leiden
nl,albufeira bezienswaardigheden,300,parent: wat te doen in albufeira
nl,wat is er te doen in leeuwarden,300,parent: wat te doen in leeuwarden vandaag
nl,monschau bezienswaardigheden,300,parent: monschau
nl,bezienswaardigheden dordrecht,300,parent: dordrecht
nl,wat te doen in middelburg dit weekend,300,parent: wat te doen in middelburg
nl,wat te doen in bali,300,parent: wat te doen op bali
nl,wat te doen in de achterhoek,300,parent: wat te doen in de achterhoek
nl,wat is er te doen in middelburg,300,parent: wat te doen in middelburg
nl,wat te doen in breskens,300,parent: breskens
nl,zagreb bezienswaardigheden,300,parent: zagreb bezienswaardigheden
nl,bezienswaardigheden italie,300,parent: bezienswaardigheden italie
nl,groningen bezienswaardigheden,300,parent: groningen bezienswaardigheden
nl,zwolle bezienswaardigheden,300,parent: wat te doen in zwolle
nl,texel bezienswaardigheden,300,parent: texel bezienswaardigheden
nl,wat te doen in zanzibar,300,parent: wat te doen in zanzibar
nl,wat te doen in texel,300,parent: wat te doen op texel
nl,wat te doen in steenwijk vandaag,300,parent: steenwijk
nl,tirana bezienswaardigheden,300,parent: tirana
nl,zutphen bezienswaardigheden,300,parent: bezienswaardigheden zutphen
nl,chalkidiki bezienswaardigheden,300,parent: chalkidiki
nl,bezienswaardigheden munchen,300,parent: munchen
nl,wat is er te doen in tilburg,300,parent: agenda tilburg
nl,wat te doen in munchen,300,parent: munchen bezienswaardigheden
nl,bezienswaardigheden ijsland,300,parent: bezienswaardigheden ijsland
nl,bezienswaardigheden bali,300,parent: bezienswaardigheden bali
nl,wat te doen in apeldoorn vandaag,250,parent: apeldoorn te doen
nl,bezienswaardigheden zutphen,250,parent: bezienswaardigheden zutphen
nl,bezienswaardigheden alkmaar,250,parent: bezienswaardigheden alkmaar
nl,wat te doen in hoorn dit weekend,250,parent: wat te doen in hoorn vandaag
nl,innsbruck bezienswaardigheden,250,parent: wat te doen in innsbruck
nl,corsica bezienswaardigheden,250,parent: corsica bezienswaardigheden
nl,valkenburg bezienswaardigheden,250,parent: valkenburg activiteiten
nl,warschau bezienswaardigheden,250,parent: bezienswaardigheden warschau
nl,wat is er te doen vandaag in brabant,250,parent: uit in brabant
nl,wat te doen in assen dit weekend,250,parent: wat te doen in assen dit weekend
nl,zanzibar bezienswaardigheden,250,parent: zanzibar bezienswaardigheden
nl,wat te doen in friesland morgen,250,parent: wat te doen in friesland
nl,wat te doen in hanoi,250,parent: wat te doen in hanoi
nl,wat te doen in hilversum,250,parent: activiteiten hilversum
nl,wat te doen in tilburg vandaag,250,parent: agenda tilburg
nl,bezienswaardigheden fuerteventura,250,parent: fuerteventura bezienswaardigheden
nl,wat te doen in twente morgen,250,parent: uit in twente
nl,muis in huis wat te doen,250,parent: muis in huis
nl,wat te doen in doetinchem,250,parent: wat te doen in doetinchem
nl,wat is er te doen in alkmaar,250,parent: wat te doen in alkmaar
nl,apeldoorn bezienswaardigheden,250,parent: bezienswaardigheden apeldoorn
nl,wat te doen in tokyo,250,parent: tokyo
nl,split bezienswaardigheden,250,parent: bezienswaardigheden split
nl,bezienswaardigheden bilbao,250,parent: wat te doen in bilbao
nl,wat te doen in antalya,250,parent: bezienswaardigheden antalya
nl,palermo bezienswaardigheden,250,parent: palermo
nl,wat te doen in nunspeet,250,parent: wat te doen in nunspeet
nl,dubrovnik bezienswaardigheden,250,parent: dubrovnik
nl,ljubljana bezienswaardigheden,250,parent: ljubljana bezienswaardigheden
nl,wat te doen in breda centrum,250,parent: wat te doen in breda
nl,sardinië bezienswaardigheden,250,parent: wat te doen in sardinie
nl,salzburg bezienswaardigheden,250,parent: salzburg
nl,wat te doen in granada,250,parent: wat te doen in granada
nl,bezienswaardigheden algarve,250,parent: bezienswaardigheden algarve
nl,alkmaar bezienswaardigheden,250,parent: alkmaar bezienswaardigheden
nl,bezienswaardigheden apeldoorn,250,parent: bezienswaardigheden apeldoorn
nl,wat te doen in hardenberg,250,parent: wat te doen in hardenberg vandaag
nl,bezienswaardigheden egypte,250,parent: egypte bezienswaardigheden
nl,wat te doen in terneuzen,250,parent: wat te doen in terneuzen
nl,wat te doen in zandvoort,250,parent: wat te doen in zandvoort
nl,wat te doen in los angeles,250,parent: los angeles wat te doen
nl,wat te doen in oosterhout dit weekend,250,parent: wat te doen in oosterhout
nl,wat is er te doen in gent,250,parent: wat te doen in gent
nl,koblenz bezienswaardigheden,250,parent: bezienswaardigheden koblenz
nl,wat te doen in veere,250,parent: veere
nl,wat is er vandaag te doen in twente,250,parent: uit in twente
nl,ijsland bezienswaardigheden,250,parent: bezienswaardigheden ijsland
nl,wat te doen in hoorn vandaag,250,parent: wat te doen in hoorn vandaag
nl,venlo bezienswaardigheden,250,parent: venlo bezienswaardigheden
nl,wat te doen in oisterwijk,250,parent: wat te doen in oisterwijk
nl,wat te doen in warschau,250,parent: wat te doen in warschau
nl,puglia bezienswaardigheden,250,parent: bezienswaardigheden puglia
nl,verona bezienswaardigheden,250,parent: verona
nl,agadir bezienswaardigheden,250,parent: agadir bezienswaardigheden
nl,wat te doen in schagen,250,parent: wat te doen in schagen
nl,wat te doen in side,250,parent: wat te doen in side
nl,bezienswaardigheden kroatie,250,parent: bezienswaardigheden kroatie
nl,eindhoven bezienswaardigheden,250,parent: wat te doen in eindhoven
nl,wat te doen in japan,250,parent: japan vakantie tips
nl,thailand bezienswaardigheden,250,parent: bezienswaardigheden thailand
nl,wat te doen in zaandam,250,parent: wat te doen in zaandam
nl,bezienswaardigheden dubai,250,parent: dubai bezienswaardigheden
nl,den bosch bezienswaardigheden,250,parent: bezienswaardigheden den bosch
nl,bezienswaardigheden ibiza,250,parent: bezienswaardigheden ibiza
nl,bezienswaardigheden oslo,250,parent: oslo bezienswaardigheden
nl,wat te doen in phuket,250,parent: wat te doen phuket
nl,bezienswaardigheden luik,250,parent: wat te doen in luik
nl,albanië bezienswaardigheden,250,parent: bezienswaardigheden albanie
nl,wat te doen in de herfstvakantie,250,parent: uitje herfstvakantie
nl,oman bezienswaardigheden,250,parent: oman bezienswaardigheden
nl,leipzig bezienswaardigheden,250,parent: leipzig bezienswaardigheden
nl,wat is er te doen in brugge,250,parent: wat te doen in brugge
nl,wat te doen in sicilie,250,parent: wat te doen op sicilie
nl,wat te doen in voorthuizen,250,parent: voorthuizen activiteiten
nl,helsinki bezienswaardigheden,250,parent: helsinki bezienswaardigheden
nl,wat te doen in utrecht vandaag,250,parent: evenementen vandaag
nl,bezienswaardigheden lanzarote,250,parent: lanzarote
nl,kuala lumpur bezienswaardigheden,200,parent: bezienswaardigheden kuala lumpur
nl,dinant bezienswaardigheden,200,parent: dinant belgie
nl,hasselt bezienswaardigheden,200,parent: bezienswaardigheden hasselt
nl,wat te doen in ermelo,200,parent: activiteiten ermelo vandaag
nl,wat is er vandaag te doen in gelderland,200,parent: wat te doen vandaag gelderland
nl,bezienswaardigheden eifel duitsland,200,parent: eifel duitsland
nl,wat is er te doen in assen,200,parent: wat te doen in assen dit weekend
nl,wat te doen in zeist,200,parent: wat te doen in zeist
nl,wat te doen in appelscha,200,parent: activiteiten appelscha
nl,wat is er te doen in elburg vandaag,200,parent: elburg wat te doen
nl,girona bezienswaardigheden,200,parent: girona
nl,harz bezienswaardigheden,200,parent: harz bezienswaardigheden
nl,roermond bezienswaardigheden,200,parent: welke provincie ligt roermond
nl,wat te doen in oss vandaag,200,parent: evenementenkalender oss
nl,wat te doen in tiel vandaag,200,parent: uit in tiel
nl,wat te doen in dresden,200,parent: wat te doen in dresden
nl,bezienswaardigheden oostenrijk,200,parent: bezienswaardigheden oostenrijk
nl,wat te doen in egypte,200,parent: wat te doen in egypte
nl,wat te doen in callantsoog,200,parent: wat te doen in callantsoog
nl,wat te doen in san sebastian,200,parent: wat te doen in san sebastian
nl,wat is er te doen in maastricht vandaag,200,parent: festival maastricht vandaag
nl,wat te doen in dortmund,200,parent: is dortmund een leuke stad
nl,wat te doen in kyoto,200,parent: wat te doen in kyoto
nl,bezienswaardigheden thailand,200,parent: thailand must sees
nl,wat te doen in thailand,200,parent: wat te doen in thailand
nl,dubai bezienswaardigheden,200,parent: dubai attracties
nl,wat te doen in renesse,200,parent: wat te doen in renesse
nl,wat te doen in leiden dit weekend,200,parent: uitagenda leiden
nl,wat is er vandaag te doen in overijssel,200,parent: wat te doen vandaag overijssel
nl,la palma bezienswaardigheden,200,parent: la palma
nl,frankfurt bezienswaardigheden,200,parent: wat te doen in frankfurt
pl,wroclaw co zobaczyc w 1 dzien,900,
pl,najlepsze restauracje w warszawie,800,
pl,najlepsze restauracje w krakowie,800,
pl,restauracje w warszawie,500,
pl,co warto zobaczyc w lodzi w jeden dzien,450,
pl,restauracje w krakowie,450,
pl,co zobaczyc w poznaniu w jeden dzien,350,
pl,co warto zobaczyc w warszawie w jeden dzien,350,
pl,praga co zobaczyc w jeden dzien,350,
pl,wiedzen co zobaczyc w 1 dzien,300,
pl,restauracje w poznaniu,300,
pl,barcelona co zobaczyc w 3 dni,250,
pl,co zobaczyc w rzymie przez 3 dni,250,
pl,bieszczady w 3 dni co zobaczyc,250,
pl,malta co zobaczyc w 3 dni,250,
pl,berlin co warto zobaczyc w jeden dzien,250,
pl,barcelona co zobaczyc w 4 dni,200,
pl,lodz co zobaczyc w jeden dzien,200,
pl,wenecja co zobaczyc w 1 dzien,200,
pl,restauracje w sopocie,200,
pl,muzea w poznaniu,200,
pl,restauracje w katowicach,200,
pl,najlepsze restauracje w szczecinie,200,
pl,najlepsze restauracje w zakopanem,200,
pl,restauracje w gdansku,200,
pl,restauracje w szczecinie,200,
pl,restauracje w lodzi,200,
pt,o que fazer em gramado,14000,parent: lugares para visitar em gramado
pt,o que fazer em curitiba,13000,parent: passeios em curitiba
pt,o que fazer em sao paulo,12000,parent: o que tem para fazer em sao paulo
pt,o que fazer em campos do jordão,10000,parent: campos do jordão
pt,o que fazer em salvador,8800,parent: o que fazer em salvador hoje
pt,o que fazer em monte verde,7500,parent: monte verde o que fazer
pt,o que fazer em natal,6600,parent: passeios para fazer em natal
pt,o que fazer em joão pessoa,6000,parent: o que fazer joao pessoa
pt,o que fazer em porto seguro,5900,parent: porto seguro o que fazer
pt,o que fazer em poços de caldas,5500,parent: o que fazer em poços de caldas
pt,o que fazer em buenos aires,5400,parent: o que fazer em buenos aires
pt,o que fazer em holambra,5400,parent: holambra
pt,o que fazer em maceio,5000,parent: pontos turisticos maceio
pt,o que fazer em serra negra,4300,parent: serra negra o que fazer
pt,o que fazer em brasilia,4200,parent: o que fazer em brasilia
pt,o que fazer em tiradentes,3800,parent: tiradentes mg o que fazer
pt,o que fazer em aracaju,3600,parent: o que fazer em aracaju
pt,o que fazer em florianópolis,3600,parent: o que fazer em florianópolis
pt,o que fazer em são paulo,3600,parent: o que fazer em sp hoje
pt,o que fazer em ubatuba,3300,parent: ubatuba o que fazer
pt,o que fazer em blumenau,3300,parent: o que fazer em blumenau
pt,o que fazer em goiania,3300,parent: o que fazer em goiânia
pt,o que fazer em canela,2900,parent: atrações em canela
pt,o que fazer em atibaia,2800,parent: o que fazer em atibaia
pt,o que fazer em penedo,2700,parent: o que fazer em penedo rj
pt,o que fazer em brotas,2700,parent: o que tem para fazer em brotas
pt,o que fazer em maceió,2600,parent: pontos turisticos maceio
pt,o que fazer em santos,2500,parent: o que fazer em santos sp
pt,o que fazer em caldas novas,2500,parent: pontos turísticos em caldas novas
pt,o que fazer em pomerode,2500,parent: pomerode sc o que fazer
pt,o que fazer em bariloche,2500,parent: o que fazer em bariloche
pt,o que fazer em miami,2500,parent: o que fazer em miami em 3 dias
pt,o que fazer em socorro,2500,parent: o que fazer em socorro sp
pt,o que fazer em punta del este,2400,parent: o que fazer em punta del este
pt,o que fazer em aguas de lindoia,2300,parent: o que fazer em águas de lindóia
pt,o que fazer em sao paulo hoje,2300,parent: o que fazer em sao paulo
pt,o que fazer em ilhabela,2300,parent: o que fazer em ilhabela
pt,o que fazer em jericoacoara,2200,parent: jericoacoara o que fazer
pt,o que fazer em santiago,2200,parent: o que fazer em santiago
pt,o que fazer em pipa,2200,parent: o que fazer em pipa
pt,o que fazer em são roque,2200,parent: são roque
pt,o que fazer em são miguel dos milagres,2100,parent: são miguel dos milagres
pt,o que fazer em mendoza,2100,parent: o que fazer em mendoza
pt,o que fazer em joao pessoa,2100,parent: o que fazer joao pessoa
pt,o que fazer em angra dos reis,2100,parent: angra dos reis o que fazer
pt,o que fazer em cunha,2100,parent: o que fazer em cunha
pt,o que fazer em miguel pereira,2100,parent: o que fazer em miguel pereira
pt,o que fazer em urubici,2100,parent: o que fazer em urubici
pt,o que fazer em bombinhas,2100,parent: o que fazer em bombinhas
pt,o que fazer em londres,2000,parent: o que fazer em londres
pt,o que fazer em guararema,2000,parent: guararema o que fazer
pt,o que fazer em brasília hoje,2000,parent: capital do brasil hoje
pt,o que fazer em são thomé das letras,2000,parent: sao thomé das letras pontos turisticos
pt,o que fazer em barcelona,2000,parent: o que fazer em barcelona
pt,o que fazer em itaipava,1900,parent: o que fazer em itaipava
pt,o que fazer em paris,1900,parent: o que fazer em paris
pt,o que fazer em montevidéu,1800,parent: o que fazer em montevidéu
pt,o que fazer em sorocaba,1800,parent: sorocaba o que fazer
pt,o que fazer em ushuaia,1800,parent: ushuaia
pt,o que fazer em morro de sao paulo,1700,parent: passeios morro de sao paulo
pt,o que fazer em guarapari,1700,parent: o que fazer em guarapari
pt,o que fazer em milão,1700,parent: milão
pt,o que fazer em santo antonio do pinhal,1700,parent: santo antonio do pinhal a campos do jordão
pt,o que fazer em campos do jordao,1700,parent: passeio em campos do jordão preço
pt,o que fazer em pirenópolis,1600,parent: o que fazer em pirenópolis
pt,o que fazer em bonito ms,1600,parent: o que fazer em bonito
pt,o que fazer em trancoso,1500,parent: trancoso o que fazer
pt,o que fazer em santa catarina,1500,parent: lugares para visitar em sc
pt,o que fazer em roma,1500,parent: o que fazer em roma
pt,o que fazer em penha sc,1500,parent: o que fazer em penha sc a noite
pt,o que fazer em minas gerais,1500,parent: o que fazer em minas gerais
pt,o que fazer em ilheus,1500,parent: o que fazer em ilhéus bahia
pt,o que fazer em nova york,1500,parent: o que fazer em ny
pt,o que fazer em santiago chile,1500,parent: o que fazer em santiago
pt,o que fazer em lima,1400,parent: o que fazer em lima
pt,o que fazer em nova friburgo,1400,parent: o que fazer em nova friburgo
pt,o que fazer em montevideo,1400,parent: o que fazer em montevidéu
pt,o que fazer em sao jose dos campos,1400,parent: o que fazer em sao jose dos campos
pt,o que fazer em florença,1400,parent: o que fazer em florença
pt,o que fazer em embu das artes,1400,parent: o que fazer em embu das artes
pt,o que fazer em londrina,1400,parent: pontos turisticos londrina
pt,o que fazer em cartagena,1400,parent: o que fazer em cartagena
pt,o que fazer em morretes,1300,parent: o que fazer em morretes
pt,o que fazer em vitoria,1300,parent: o que fazer em vitoria es
pt,o que fazer em bruxelas,1300,parent: o que fazer em bruxelas
pt,o que fazer em visconde de maua,1300,parent: visconde de maua
pt,o que fazer em gonçalves,1300,parent: o que fazer em gonçalves mg
pt,o que fazer em orlando,1300,parent: roteiro orlando
pt,o que fazer em capitólio,1300,parent: o que fazer em capitolio
pt,o que fazer em veneza,1300,parent: o que fazer em veneza em 3 dias
pt,o que fazer em campos do jordão em 1 dia,1300,parent: o que fazer em campos do jordão em 1 dia
pt,o que fazer em paranapiacaba,1300,parent: paranapiacaba o que fazer
pt,o que fazer em belem,1300,parent: o que fazer em belem
pt,o que fazer em juiz de fora,1300,parent: o que fazer em juiz de fora
pt,o que fazer em são joão del rei,1200,parent: o que fazer em são joão del rei
pt,o que fazer em caraguatatuba,1200,parent: centro caraguatatuba
pt,o que fazer em palmas,1200,parent: o que fazer em palmas
pt,o que fazer em itacaré,1200,parent: o que fazer em itacaré
pt,o que fazer em curitiba hoje,1200,parent: lugares para ir em curitiba
pt,gripe em bebê de 1 mês o que fazer,1200,parent: gripe em bebê de 1 mês o que fazer
pt,o que fazer em amsterdam,1200,parent: amsterdam
pt,o que fazer em puerto iguazu,1200,parent: puerto iguazu
pt,o que fazer em holambra em 1 dia,1200,parent: roteiro holambra 1 dia
pt,o que fazer em los angeles,1100,parent: o que fazer em los angeles
pt,o que fazer em tiradentes mg,1100,parent: o que fazer em tiradentes
pt,o que fazer em extrema,1100,parent: extrema restaurante
pt,o que fazer em arraial d'ajuda,1100,parent: onde fica arraial d'ajuda
pt,o que fazer em vitoria es,1100,parent: o que fazer em vitoria
pt,o que fazer em penedo rj,1100,parent: penedo o que fazer
pt,o que fazer em salvador hoje,1100,parent: o que fazer em salvador hoje
pt,o que fazer em vila velha,1100,parent: pontos turisticos vila velha
pt,o que fazer em águas de lindóia,1100,parent: o que fazer em águas de lindóia
pt,o que fazer em cusco,1100,parent: o que fazer em cusco
pt,o que fazer em sao bento do sapucai,1100,parent: o que fazer em são bento do sapucaí
pt,o que fazer em cancun,1100,parent: o que fazer em cancum
pt,o que fazer em buenos aires em 5 dias,1100,parent: o que fazer em buenos aires em 5 dias
pt,o que fazer em camboriú,1100,parent: balneário camboriú o que fazer
pt,o que fazer em gonçalves mg,1100,parent: o que fazer em gonçalves
pt,o que fazer em caraiva,1100,parent: caraiva o que fazer
pt,o que fazer em fernando de noronha,1100,parent: o que fazer em fernando de noronha
pt,o que fazer em curitiba em 3 dias,1100,parent: o que fazer em curitiba em 3 dias
pt,o que fazer em monte sião,1100,parent: monte sião
pt,o que fazer em brusque,1100,parent: o que fazer em brusque
pt,o que fazer em são luis do maranhão,1000,parent: o que fazer em são luis do maranhão
pt,o que fazer em santa teresa es,1000,parent: o que fazer em santa teresa es
pt,o que fazer em san andres,1000,parent: o que fazer em san andres
pt,o que fazer em ilha grande,1000,parent: o que fazer em ilha grande
pt,o que fazer em bogota,1000,parent: o que fazer em bogota
pt,o que fazer em chicago,1000,parent: chicago illinois
pt,o que fazer em sao luis,1000,parent: o que fazer em são luis do maranhão
pt,o que fazer em vinhedo,1000,parent: vinhedo o que fazer
pt,o que fazer em domingos martins,1000,parent: o que fazer em domingos martins
pt,o que fazer em catas altas,1000,parent: o que fazer em catas altas mg
pt,o que fazer em dubai,1000,parent: o que fazer em dubai
pt,o que fazer em nova petropolis,900,parent: pontos turisticos nova petropolis
pt,o que fazer em lavras novas,900,parent: o que fazer em lavras novas
pt,o que fazer em canoa quebrada,900,parent: o que fazer em canoa quebrada
pt,o que fazer em monte verde mg,900,parent: o que fazer em monte verde
pt,o que fazer em cambará do sul,900,parent: cambará do sul o que fazer
pt,o que fazer em ponta grossa,900,parent: o que fazer em ponta grossa
pt,o que fazer em assunção paraguai,900,parent: o que fazer em assunção paraguai
pt,o que fazer em belém do pará,900,parent: o que fazer em belém
pt,o que fazer em porto portugal,900,parent: o que fazer em porto portugal
pt,o que fazer em lima peru,900,parent: o que fazer em lima
pt,o que fazer em olimpia,900,parent: o que fazer em olimpia
pt,o que fazer em maresias,900,parent: maresias
pt,o que fazer em campos do jordão em 2 dias,800,parent: roteiro campos do jordão 2 dias
pt,o que fazer em aguas de sao pedro,800,parent: o que fazer em são pedro sp
pt,o que fazer em sp hoje a noite,800,parent: o que fazer em sao paulo
pt,o que fazer em boipeba,800,parent: boipeba
pt,o que fazer em milao,800,parent: o que fazer em milão
pt,o que fazer em santo antônio do pinhal,800,parent: passeios em santo antonio do pinhal
pt,o que fazer em sao lourenço mg,800,parent: o que fazer em sao lourenço mg
pt,o que fazer em jundiai,800,parent: restaurantes jundiai
pt,o que fazer em maringa,800,parent: maringa o que fazer
pt,o que fazer em las vegas,800,parent: o que fazer em las vegas em 3 dias
pt,o que fazer em natal rn,800,parent: pontos turísticos em natal
pt,o que fazer em itajai,800,parent: o que fazer em itajai
pt,o que fazer em petrolina,800,parent: o que fazer em petrolina
pt,o que fazer em campinas hoje,800,parent: eventos campinas
pt,o que fazer em,800,parent: coisas para fazer
pt,o que fazer em sao miguel do gostoso,800,parent: são miguel do gostoso
pt,o que fazer em goiânia,800,parent: o que fazer em goiânia
pt,o que fazer em caso de queimadura,800,parent: oque passar na queimadura
pt,o que fazer em são lourenço,800,parent: o que fazer em sao lourenço mg
pt,o que fazer em ubatuba com chuva,800,parent: o que fazer em ubatuba com chuva
pt,o que fazer em olímpia,800,parent: o que fazer em olimpia
pt,o que fazer em gramado e canela,800,parent: lugares para visitar em gramado
pt,o que fazer em curitiba a noite,800,parent: passeios em curitiba
pt,o que fazer em florianópolis com chuva,700,parent: o que fazer em florianópolis com chuva
pt,o que fazer em holambra sp,700,parent: o que fazer em holambra
pt,o que fazer em são josé do rio preto,700,parent: o que fazer em são josé do rio preto
pt,o que fazer em ibitipoca,700,parent: ibitipoca o que fazer
pt,o que fazer em capitolio,700,parent: o que fazer em capitolio
pt,o que fazer em foz do iguaçu em 3 dias,700,parent: o que fazer em foz do iguaçu
pt,o que fazer em águas de são pedro,700,parent: águas de são pedro o que fazer
pt,o que fazer em viena,700,parent: viena o que fazer
pt,o que fazer em rio das ostras,700,parent: o que fazer em rio das ostras
pt,o que fazer em gramado com chuva,700,parent: o que fazer em gramado com chuva
pt,o que fazer em curitiba com crianças,700,parent: curitiba com crianças
pt,o que fazer em curaçao,700,parent: o que fazer em curaçao
pt,o que fazer em foz do iguaçu a noite,700,parent: o que fazer em foz do iguaçu a noite
pt,o que fazer em cotia,700,parent: cotia
pt,o que fazer em vassouras,700,parent: vassouras o que fazer
pt,o que fazer em prado bahia,700,parent: prado bahia
pt,o que fazer em ilhéus,700,parent: o que fazer em ilheus
pt,o que fazer em frankfurt,700,parent: o que fazer em frankfurt
pt,o que fazer em porto de galinhas a noite,700,parent: o que fazer a noite em porto de galinhas
pt,o que fazer com criancas em sao paulo,700,parent: lugares para levar crianças em sp
pt,o que fazer em verona,700,parent: o que fazer em verona
pt,o que fazer em berlim,700,parent: pontos turísticos de berlim
pt,o que fazer em caxambu,700,parent: o que fazer em caxambu
pt,o que fazer em sao paulo com crianças,700,parent: programação infantil abc
pt,o que fazer em boston,700,parent: o que fazer em boston
pt,o que fazer em istambul,700,parent: what to do in istanbul
pt,o que fazer em caxias do sul,700,parent: o que fazer em caxias do sul
pt,o que fazer em congonhas mg,700,parent: o que fazer em congonhas mg
pt,o que fazer em praga,700,parent: praga
pt,o que fazer em copacabana,700,parent: o que fazer em copacabana hoje
pt,o que fazer para menstruação descer em 30 minutos,700,parent: cha para descer menstruação
pt,o que fazer em passa quatro,700,parent: o que fazer em passa quatro
pt,o que fazer em guaramiranga,700,parent: o que fazer em guaramiranga
pt,o que fazer em natal a noite,700,parent: o que fazer a noite em natal
pt,o que fazer em vitória espírito santo,700,parent: o que fazer em vitoria es
pt,o que fazer em aruba,700,parent: aruba
pt,o que fazer em alagoas,700,parent: maceio alagoas
pt,o que fazer em gramado com crianças,700,parent: o que fazer em gramado com crianças
pt,o que fazer em pocos de caldas,600,parent: o que fazer em poços de caldas
pt,o que fazer em ilha bela,600,parent: o que fazer em ilha bela
pt,o que fazer em natal rio grande do norte,600,parent: pontos turisticos natal
pt,o que fazer em munique,600,parent: munique
pt,o que fazer em paraty em 3 dias,600,parent: o que fazer em paraty
pt,o que fazer em porto,600,parent: o que fazer em porto portugal
pt,o que fazer em zurique,600,parent: o que fazer em zurique em 1 dia
pt,o que fazer em cunha sp,600,parent: cunha são paulo
pt,o que fazer em colonia del sacramento,600,parent: colonia de sacramento
pt,o que fazer em luxemburgo,600,parent: o que fazer em luxemburgo
pt,o que fazer em farroupilha,600,parent: o que fazer em farroupilha
pt,o que fazer em friburgo,600,parent: o que fazer em nova friburgo
pt,o que fazer em sevilha,600,parent: sevilha o que fazer
pt,dor de ouvido em criança o que fazer,600,parent: dor de ouvido em criança
pt,o que fazer em pouso alegre,600,parent: pouso alegre turismo
pt,tosse em bebê de 2 meses o que fazer,600,parent: tosse em bebê quando se preocupar
pt,o que fazer em cumbuco,600,parent: o que fazer em cumbuco
pt,o que fazer em trindade,600,parent: trindade paraty
pt,o que fazer em la paz,600,parent: la paz
pt,o que fazer em indaiatuba,600,parent: o que fazer em indaiatuba
pt,o que fazer em toronto,600,parent: o que fazer em toronto
pt,o que fazer em guaruja,600,parent: o que fazer no guaruja
pt,o que fazer em santiago no chile,600,parent: o que fazer em santiago
pt,o que fazer em são bento do sapucaí,600,parent: sao bento do sapucai o que fazer
pt,o que fazer em são pedro,600,parent: o que fazer em sao pedro
pt,o que fazer em botucatu,600,parent: o que fazer em botucatu
pt,crise de tosse seca em criança o que fazer,600,parent: meu filho não para de tossir o que fazer
pt,o que fazer em salvador em 3 dias,600,parent: o que fazer em salvador em 3 dias
pt,o que fazer em curitiba em 2 dias,600,parent: curitiba o que fazer em 2 dias
pt,o que fazer em recife a noite,600,parent: o que fazer em recife a noite
pt,o que fazer em garanhuns,600,parent: pontos turisticos garanhuns
pt,o que fazer em santa cruz de la sierra,600,parent: o que fazer em santa cruz de la sierra
pt,o que fazer em saquarema,600,parent: o que fazer em saquarema
pt,o que fazer em uma crise de ansiedade,600,parent: como controlar a ansiedade
pt,o que fazer em itaipava rj,500,parent: o que fazer em itaipava
pt,o que fazer em vitória,500,parent: o que fazer em vitoria es
pt,o que fazer em penha,500,parent: pontos turísticos de penha
pt,o que fazer em são francisco xavier,500,parent: sao francisco xavier restaurante
pt,o que fazer em montes claros,500,parent: montes claros
pt,o que fazer em torres,500,parent: o que fazer em torres
pt,o que fazer em itacare,500,parent: o que fazer em itacaré
pt,o que fazer em amparo,500,parent: o que fazer em amparo
pt,o que fazer em osaka,500,parent: osaka o que fazer
pt,o que fazer em visconde de mauá,500,parent: visconde de mauá
pt,o que fazer em malta,500,parent: o que fazer em malta
pt,o que fazer em itatiba,500,parent: o que fazer em itatiba
pt,o que fazer em juquehy,500,parent: o que fazer em juquehy
pt,o que fazer em bariloche no inverno,500,parent: o que fazer em bariloche
pt,o que fazer em roma em 3 dias,500,parent: o que fazer em roma em 3 dias
pt,o que fazer em são roque em 1 dia,500,parent: o que fazer em são roque em 1 dia
pt,o que fazer em fortaleza em 5 dias,500,parent: o que fazer em fortaleza em 5 dias
pt,o que fazer em chapecó,500,parent: o que fazer em chapecó
pt,o que fazer em praia grande sc,500,parent: o que fazer em praia grande sc
pt,o que fazer em gramado em 3 dias,500,parent: o que fazer em gramado em 3 dias
pt,o que fazer em foz do iguaçu com crianças,500,parent: o que fazer em foz do iguaçu com crianças
pt,o que fazer em porto alegre hoje,500,parent: o que fazer em porto alegre
pt,o que fazer em sao francisco xavier,500,parent: o que fazer em sao francisco xavier
pt,o que fazer em maragogi a noite,500,parent: o que fazer em maragogi a noite
pt,o que fazer em mairiporã,500,parent: pontos turisticos mairiporã
pt,o que fazer em monte verde em 3 dias,500,parent: o que tem para fazer em monte verde
pt,o que fazer em olimpia sp,500,parent: olimpia
pt,o que fazer em natal em 5 dias,500,parent: o que fazer em natal em 3 dias
pt,o que fazer em barretos,500,parent: o que tem em barretos
pt,o que fazer em casa,500,parent: treinos para fazer em casa
pt,o que fazer em belo horizonte em 3 dias,500,parent: o que fazer em bh em 3 dias
pt,o que fazer em santiago do chile,500,parent: o que fazer em santiago
pt,o que fazer em cabo verde,500,parent: o que fazer em cabo verde
pt,o que fazer em navegantes,500,parent: o que fazer em navegantes
pt,o que fazer em crise de ansiedade,500,parent: como controlar a ansiedade
pt,o que fazer em jaragua do sul,500,parent: o que fazer em jaragua do sul
pt,o que fazer em treze tilias,500,parent: o que fazer em treze tilias
pt,o que fazer em alter do chão,450,parent: o que fazer em alter do chão
pt,o que fazer em el calafate,450,parent: el calafate
pt,o que fazer em ouro preto mg,450,parent: things to do in ouro preto
pt,o que fazer em barra grande piaui,450,parent: o que fazer em barra grande piaui
pt,o que fazer em orlando além dos parques,450,parent: o que fazer em orlando fora os parques
pt,o que fazer em canasvieiras,450,parent: canasvieiras
pt,o que fazer em cuiabá,450,parent: o que fazer em cuiabá
pt,o que fazer em socorro sp,450,parent: socorro
pt,o que fazer em palmas tocantins,450,parent: o que fazer em palmas tocantins
pt,o que fazer em garibaldi,450,parent: o que fazer em garibaldi
pt,o que fazer em valencia,450,parent: o que fazer em valencia
pt,o que fazer em mendoza argentina,450,parent: o que fazer em mendoza
pt,o que fazer em são sebastião,450,parent: o que fazer em são sebastião
pt,o que fazer em genebra,450,parent: o que fazer em genebra
pt,o que fazer em joão pessoa a noite,450,parent: o que fazer em joão pessoa a noite
pt,o que fazer em pomerode em 1 dia,450,parent: o que fazer em pomerode em 1 dia
pt,o que fazer em sp com crianças,450,parent: lugares para levar crianças em sp
pt,o que fazer em miami em 3 dias,450,parent: miami o que fazer
pt,o que fazer em goiânia hoje,450,parent: o que fazer em goiania
pt,o que fazer em washington dc,450,parent: o que fazer em washington dc
pt,o que fazer em caso de desmaio,450,parent: desmaio
pt,o que fazer em monte verde em 2 dias,450,parent: hugel bar monte verde
pt,o que fazer em vitoria da conquista,450,parent: o que fazer em vitoria da conquista
pt,o que fazer em guaratuba,450,parent: o que fazer em guaratuba
pt,o que fazer em balneário camboriú a noite,450,parent: o que fazer em balneário camboriú a noite
pt,o que fazer em araraquara,450,parent: o que fazer em araraquara
pt,o que fazer em foz do iguaçu em 5 dias,450,parent: roteiro foz do iguaçu
pt,o que fazer em atenas,450,parent: o que fazer em atenas
pt,o que fazer em porto seguro em 7 dias,450,parent: o que fazer em porto seguro em 5 dias
pt,o que fazer em campos do jordão em 3 dias,450,parent: roteiro campos do jordão
pt,o que fazer em cuba,450,parent: o que fazer em cuba
pt,o que fazer em bogotá,450,parent: o que fazer em bogota
pt,o que fazer em bragança paulista,450,parent: o que fazer em bragança paulista
pt,o que fazer em recife em 1 dia,450,parent: o que fazer em recife em 1 dia
pt,o que fazer em paraty com chuva,450,parent: o que fazer em paraty com chuva
pt,o que fazer em brumadinho,450,parent: o que fazer em brumadinho
pt,o que fazer em caso de infarto,450,parent: o que fazer em caso de infarto
pt,o que fazer em napoles,450,parent: o que fazer em napoles
pt,o que fazer em goias,450,parent: o que fazer em goias
pt,o que fazer em itatiaia,450,parent: o que fazer em itatiaia
pt,o que fazer em dublin,400,parent: dublin o que fazer
pt,o que fazer em medellin,400,parent: o que fazer em medellin
pt,o que fazer em canela rs,400,parent: o que fazer em canela
pt,o que fazer em recife em 3 dias,400,parent: o que fazer em recife em 3 dias
pt,o que fazer em ilha comprida,400,parent: o que fazer em ilha comprida
pt,o que fazer em doha,400,parent: o que fazer em doha
pt,o que fazer em vancouver,400,parent: o que fazer em vancouver
pt,o que visitar em sao paulo,400,parent: o que fazer em sao paulo
pt,o que fazer em budapeste,400,parent: o que fazer em budapeste
pt,o que fazer em salta argentina,400,parent: o que fazer em salta argentina
pt,o que fazer em aracaju em 3 dias,400,parent: o que fazer em aracaju em 3 dias
pt,o que fazer em taubaté,400,parent: o que fazer em taubaté
pt,o que fazer em arraial do cabo a noite,400,parent: o que fazer em arraial do cabo a noite
pt,o que fazer em montevideu,400,parent: o que fazer em montevidéu
pt,o que fazer em maceió a noite,400,parent: o que fazer a noite em maceio
pt,o que fazer em capitólio a noite,400,parent: o que fazer em capitólio a noite
pt,o que fazer em aracaju em 5 dias,400,parent: o que fazer em aracaju
pt,o que fazer em mariana mg,400,parent: o que fazer em mariana mg
pt,o que fazer em são miguel do gostoso,400,parent: são miguel do gostoso
pt,o que fazer em uberlândia,400,parent: o que fazer em uberlandia
pt,o que fazer em ribeirao preto,400,parent: o que fazer em ribeirão preto
pt,o que fazer em andorra,400,parent: o que fazer em andorra
pt,o que fazer em valinhos,400,parent: o que fazer em valinhos
pt,o que fazer em rifaina,400,parent: rifaina
pt,o que fazer em cabo frio a noite,400,parent: o que fazer em cabo frio a noite
pt,o que fazer em aparecida do norte a noite,400,parent: o que fazer em aparecida do norte a noite
pt,o que fazer em tokyo,400,parent: coisas para fazer em tokyo
pt,o que fazer em araxa,400,parent: o que fazer em araxa
pt,o que fazer em curitiba em 1 dia,400,parent: passeio em curitiba
pt,o que fazer hoje em brasilia,400,parent: o que fazer em brasília hoje
pt,dor de ouvido em bebê o que fazer para aliviar,400,parent: como saber se o bebe esta com dor de ouvido
pt,o que fazer em buenos aires em 4 dias,400,parent: o que fazer em buenos aires em 4 dias
pt,o que fazer em garopaba,400,parent: garopaba sc
pt,o que fazer em madrid em 2 dias,400,parent: o que fazer em madrid em 2 dias
pt,o que fazer em fort lauderdale,400,parent: o que fazer em fort lauderdale
pt,o que fazer em diamantina mg,400,parent: o que fazer em diamantina
pt,o que fazer em barreirinhas,400,parent: o que fazer em barreirinhas
pt,o que fazer em mogi das cruzes,400,parent: o que fazer em mogi das cruzes
pt,o que fazer em pedra azul,400,parent: o que fazer em pedra azul
pt,o que fazer em mangaratiba,400,parent: o que fazer em mangaratiba
pt,o que fazer em aparecida,400,parent: o que fazer em aparecida
pt,o que fazer em sorocaba hoje,400,parent: o que fazer em sorocaba hoje
pt,o que fazer em porto seguro com chuva,400,parent: o que fazer em porto seguro com chuva
pt,o que fazer em porto seguro em 5 dias,400,parent: o que fazer em porto seguro em 5 dias
pt,o que fazer em serra negra sp,400,parent: serra negra
pt,o que fazer em bento goncalves,350,parent: o que fazer em bento gonçalves
pt,o que fazer em lagoa santa,350,parent: o que fazer em lagoa santa mg
pt,o que fazer em rio quente,350,parent: o que fazer em rio quente
pt,o que fazer em porto alegre em 1 dia,350,parent: o que fazer em porto alegre hoje
pt,o que fazer em nova trento,350,parent: o que fazer em nova trento
pt,o que fazer em urubici sc,350,parent: o que fazer em urubici
pt,o que fazer em marrocos,350,parent: o que fazer em marrocos
pt,o que fazer em paris em 3 dias,350,parent: quantos dias ficar em paris
pt,o que fazer em ny,350,parent: o que fazer em ny
pt,o que fazer no chile em 5 dias,350,parent: o que fazer no chile em 5 dias
pt,o que fazer em flecheiras,350,parent: o que fazer em flecheiras
pt,o que fazer em jundiaí,350,parent: restaurantes jundiai
pt,o que fazer em bonito pe,350,parent: o que fazer em bonito pe
pt,o que fazer em maceio 5 dias,350,parent: o que fazer em maceio
pt,o que fazer em ciudad del este,350,parent: o que fazer em ciudad del este
pt,o que fazer em salvador em 5 dias,350,parent: roteiro salvador
pt,o que fazer em paquetá,350,parent: o que fazer em paquetá
pt,o que fazer em são carlos,350,parent: o que fazer em são carlos
pt,o que fazer em bangkok,350,parent: o que fazer em bangkok
pt,o que fazer em sao pedro,350,parent: o que fazer em sao pedro
pt,o que fazer em coimbra,350,parent: o que fazer em coimbra
pt,o que fazer em santos sp,350,parent: o que fazer em santos
pt,o que fazer no uruguai em 5 dias,350,parent: o que fazer no uruguai em 5 dias
pt,o que fazer em joanópolis,350,parent: o que fazer em joanópolis
pt,me furei com agulha usada em paciente o que fazer,350,parent: me furei com agulha usada em paciente o que fazer
pt,o que fazer em santa teresa rj,350,parent: o que fazer em santa teresa rj
pt,o que fazer em caso de convulsão,350,parent: convulsão o que fazer
pt,o que fazer em volta redonda,350,parent: o que fazer em volta redonda
pt,o que fazer em são miguel dos milagres a noite,350,parent: o que fazer em são miguel dos milagres a noite
pt,o que fazer em são roque sp,350,parent: imagens de são roque
pt,o que fazer em curitiba?,350,parent: curitiba o que fazer
pt,o que fazer em bolonha,350,parent: o que fazer em bolonha
pt,o que fazer em atlanta,350,parent: o que fazer em atlanta
pt,o que fazer em puerto varas,350,parent: o que fazer em puerto varas
pt,o que visitar em gramado,350,parent: o que fazer em gramado
pt,o que fazer em barbacena,350,parent: o que fazer em barbacena
pt,o que fazer em joanesburgo,350,parent: joanesburgo
pt,o que fazer em niterói hoje,350,parent: o que fazer em niterói hoje
pt,o que fazer em cananéia,350,parent: cananeia
pt,o que fazer para vender em casa,350,parent: coisas para vender em casa
pt,o que fazer em cape town,350,parent: o que fazer em cape town
pt,o que fazer em manaus hoje,350,parent: festa em manaus hoje
pt,o que fazer em madri,350,parent: o que fazer em madrid
pt,o que fazer em caconde,350,parent: caconde sp
pt,o que fazer em joinville hoje,350,parent: eventos em joinville
pt,o que fazer em barra do garças,350,parent: o que fazer em barra do garças
pt,o que fazer em hong kong,350,parent: hong kong turismo
pt,o que fazer em limeira,350,parent: o que fazer em limeira
pt,o que fazer em corumbau,350,parent: corumbau
pt,o que fazer em tampa,350,parent: o que fazer em tampa
pt,o que fazer em fortaleza em 3 dias,350,parent: o que fazer em fortaleza em 3 dias
pt,o que fazer em maringá,350,parent: o que fazer em maringa
pt,o que fazer em mariana,350,parent: o que fazer em mariana mg
pt,o que fazer em kyoto,350,parent: kyoto
pt,o que fazer em barcelona em 3 dias,350,parent: roteiro barcelona 3 dias
pt,o que fazer em andradas,350,parent: andradas mg pontos turisticos
pt,o que fazer em madrid em 3 dias,350,parent: o que fazer em madrid em 3 dias
pt,o que fazer em extrema mg,350,parent: extrema
pt,o que fazer em maceió em 3 dias,300,parent: o que fazer em maceio
pt,o que fazer em bueno brandão,300,parent: bueno brandão
pt,o que fazer em tulum,300,parent: tulum
pt,o que fazer em bh em 3 dias,300,parent: o que fazer em belo horizonte em 3 dias
pt,o que fazer em atins,300,parent: atins
pt,o que fazer em lisboa em 3 dias,300,parent: o que fazer em lisboa
pt,o que fazer no rio de janeiro em 3 dias,300,parent: o que fazer no rio de janeiro em 3 dias
pt,o que fazer em cartagena colombia,300,parent: o que fazer em cartagena
pt,o que fazer em porto seguro a noite,300,parent: o que fazer em porto seguro a noite
pt,o que fazer em aquiraz,300,parent: o que fazer em aquiraz
pt,o que fazer em salesópolis,300,parent: o que fazer em salesópolis
pt,o que fazer em foz do iguaçu em 4 dias,300,parent: roteiro foz do iguaçu 4 dias
pt,o que fazer no uruguai em 7 dias,300,parent: o que fazer no uruguai em 7 dias
pt,o que fazer domingo em sp,300,parent: o.que fazer em.sao paulo
pt,o que fazer em natal em 3 dias,300,parent: o que fazer em natal em 3 dias
pt,o que fazer em avaré,300,parent: o que fazer em avaré
pt,o que fazer em copenhague,300,parent: o que fazer em copenhague
pt,o que fazer em aguas da prata,300,parent: águas da prata
pt,o que fazer em catas altas mg,300,parent: o que fazer em catas altas mg
pt,o que fazer em blumenau sc,300,parent: o que fazer em blumenau
pt,o que fazer em campos do jordão com chuva,300,parent: o que fazer em campos do jordão com chuva
pt,o que fazer em santarem,300,parent: o que fazer em santarem
pt,o que fazer em santa teresa,300,parent: o que fazer em santa teresa es
pt,o que fazer em cumuruxatiba,300,parent: hospedagem cumuruxatiba
pt,o que fazer no tédio em casa,300,parent: o que fazer em casa no tedio
pt,o que fazer em sintra,300,parent: o que fazer em sintra
pt,o que fazer em sao miguel dos milagres,300,parent: são miguel dos milagres
pt,o que fazer em angra dos reis a noite,300,parent: centro de angra dos reis a noite
pt,o que fazer em brotas sp,300,parent: o que fazer em brotas
pt,o que fazer em santiago em 3 dias,300,parent: o que fazer em santiago
pt,o que fazer a noite em curitiba,300,parent: lugares para ir em curitiba a noite
pt,o que fazer em sete lagoas,300,parent: lugares para ir em sete lagoas
pt,o que fazer em belém,300,parent: o que fazer em belem
pt,o que fazer em criciuma,300,parent: o que fazer em criciuma
pt,o que fazer em lavras mg,300,parent: o que fazer em lavras
pt,o que fazer em curitiba com chuva,300,parent: o que fazer em curitiba com chuva
pt,o que fazer em praia grande,300,parent: o que fazer em praia grande
pt,o que fazer em machu picchu,300,parent: o que fazer em machu picchu
pt,o que fazer em sao thomé das letras,300,parent: sao thome das letras
pt,tosse seca em criança o que fazer,300,parent: tosse seca em criança
pt,o que fazer em cabo frio com chuva,300,parent: o que fazer em cabo frio com chuva
pt,o que fazer em cabreuva,300,parent: o que fazer em cabreuva
pt,o que fazer em macacos,300,parent: o que fazer em macacos mg
pt,o que fazer em lapinha da serra,300,parent: o que fazer em lapinha da serra
pt,picada de abelha em criança o que fazer,300,parent: picada de abelha o que fazer
pt,o que fazer em carneiros,300,parent: o que fazer na praia dos carneiros
pt,o que fazer em san francisco,300,parent: o que fazer em san francisco
pt,o que fazer em goias velho,300,parent: o que fazer em goias velho
pt,o que fazer em lindoia,300,parent: o que fazer em lindoia
pt,o que fazer em singapura,300,parent: o que fazer em singapura
pt,o que fazer em luanda,300,parent: angola o que fazer
pt,o que fazer em lucerna,300,parent: lucerna
pt,o que fazer em lyon,300,parent: o que fazer em lyon
pt,o que fazer em venda nova do imigrante,300,parent: o que fazer em venda nova do imigrante
pt,o que fazer em curacao,300,parent: o que fazer em curacao
pt,o que fazer em brasilia hoje,300,parent: eventos em brasília hoje
pt,o que fazer em campos do jordão a noite,300,parent: o que fazer em campos do jordão a noite
pt,o que fazer em olinda em 1 dia,300,parent: o que fazer em olinda em 1 dia
pt,o que fazer em nova petrópolis,300,parent: nova petrópolis
pt,o que fazer em florianópolis hoje,300,parent: eventos florianopolis
pt,o que fazer em pequim,300,parent: o que fazer em pequim
pt,o que fazer em tocantins,300,parent: o que fazer em tocantins
pt,o que fazer a noite em foz do iguaçu,300,parent: o que fazer em foz do iguaçu a noite
pt,o que fazer em montreal,300,parent: o que fazer em montreal
pt,o que fazer em novo hamburgo,300,parent: o que fazer em novo hamburgo
pt,o que fazer em cordoba argentina,300,parent: o que fazer em cordoba argentina
pt,o que fazer em londres em 3 dias,300,parent: o que fazer em londres em 3 dias
pt,o que fazer em macaé,300,parent: o que fazer em macaé
pt,o que fazer em blumenau com crianças,300,parent: o que fazer em blumenau com crianças
pt,o que fazer em carrancas,300,parent: carrancas
pt,o que fazer em sao paulo no domingo,300,parent: o que fazer em sp hoje
pt,o que fazer em paripueira,300,parent: paripueira
pt,dor de barriga em criança o que fazer,300,parent: criança com dor na barriga
pt,o que fazer na argentina em 5 dias,300,parent: o que fazer em buenos aires
pt,o que tem para fazer em campos do jordão,300,parent: campos do jordão
pt,o que fazer em seattle,300,parent: o que fazer em seattle
pt,o que fazer em paraty a noite,300,parent: paraty a noite
pt,o que fazer em santiago em 5 dias,300,parent: o que fazer em santiago em 5 dias
pt,o que fazer em poços de caldas a noite,300,parent: restaurantes em poços de caldas
sv,att göra i göteborg,3900,parent: att göra i göteborg
sv,att göra i stockholm,3500,parent: att göra i stockholm
sv,sevärdheter,2600,parent: utflykter skåne
sv,saker att göra i stockholm,1800,parent: att göra i stockholm
sv,att göra i malmö,1700,parent: att göra i malmö
sv,att göra i stockholm idag,1500,parent: vad händer i stockholm idag
sv,sevärdheter stockholm,1500,parent: enskede
sv,saker att göra i göteborg,1400,parent: att göra i göteborg
sv,att göra i köpenhamn,1200,parent: göra i köpenhamn
sv,sevärdheter göteborg,1100,parent: att göra i göteborg
sv,att göra i uppsala,1100,parent: sevärdheter uppsala
sv,att göra i örebro,1000,parent: att göra i örebro
sv,att göra i helsingborg,1000,parent: att göra i helsingborg
sv,prag sevärdheter,1000,parent: att göra i prag
sv,att göra i skåne,1000,parent: utflykt skåne
sv,annorlunda saker att göra i stockholm,1000,parent: saker att göra stockholm
sv,sevärdheter sverige,800,parent: sevärdheter sverige
sv,att göra i göteborg med barn,800,parent: göteborg barn
sv,att göra i stockholm idag gratis,800,parent: att göra i stockholm idag gratis
sv,att göra i stockholm med barn,800,parent: att göra med barn i stockholm
sv,att göra i karlstad,700,parent: att göra i karlstad
sv,barcelona sevärdheter,700,parent: barcelona sevärdheter
sv,mysiga saker att göra i stockholm,700,parent: saker att göra
sv,att göra i västerås,700,parent: att göra i västerås
sv,att göra i norrköping,700,parent: visit norrköping
sv,lissabon sevärdheter,600,parent: lissabon sevärdheter
sv,att göra i gdansk,600,parent: att göra i gdansk
sv,att göra i gävle,600,parent: att göra i gävle
sv,sevärdheter gotland,600,parent: gotland sevärdheter
sv,att göra i london,600,parent: att göra i london
sv,att göra i kalmar,600,parent: visit kalmar
sv,saker att göra i malmö,600,parent: att göra i malmö
sv,sevärdheter rom,600,parent: sevärdheter rom
sv,att göra i jönköping,600,parent: sevärdheter jönköping
sv,att göra i berlin,600,parent: att göra i berlin
sv,roliga saker att göra i stockholm,600,parent: att göra i stockholm
sv,sevärdheter london,600,parent: sevärdheter london
sv,helsingfors sevärdheter,500,parent: helsingfors sevärdheter
sv,att göra i prag,500,parent: sevärdheter prag
sv,sevärdheter malmö,500,parent: saker att göra i malmö
sv,berlin sevärdheter,500,parent: berlin
sv,att göra i falun,500,parent: att göra i falun
sv,att göra i växjö,500,parent: att göra i växjö
sv,sevärdheter berlin,500,parent: att göra i berlin
sv,sevärdheter dalarna,500,parent: att göra i dalarna
sv,att göra i göteborg vuxna,500,parent: att göra i göteborg
sv,att göra i oslo,500,parent: att göra i oslo
sv,gdansk sevärdheter,500,parent: gdansk sevärdheter
sv,sevärdheter skåne,500,parent: sevärdheter skåne
sv,stockholm sevärdheter,500,parent: sevärdheter stockholm
sv,rom sevärdheter,450,parent: sevärdheter rom
sv,florens sevärdheter,450,parent: florens sevärdheter
sv,sevärdheter uppsala,450,parent: att göra i uppsala
sv,göteborg sevärdheter,450,parent: ting å gjøre i gøteborg
sv,att göra i linköping,450,parent: att göra i linköping
sv,att göra i dalarna,450,parent: att göra i dalarna
sv,köpenhamn sevärdheter,450,parent: sevärdheter köpenhamn
sv,london sevärdheter,450,parent: london sevärdheter
sv,sevärdheter köpenhamn,450,parent: att göra i köpenhamn
sv,att göra i västervik,450,parent: att göra i västervik
sv,att göra i helsingfors,450,parent: helsingfors
sv,aten sevärdheter,400,parent: reseguide aten
sv,hamburg sevärdheter,400,parent: hamburg sevärdheter
sv,gotland sevärdheter,400,parent: sevärdheter gotland
sv,wien sevärdheter,400,parent: sevärdheter wien
sv,sevärdheter prag,400,parent: prag sevärdheter
sv,sevärdheter paris,400,parent: paris sevärdheter
sv,krakow sevärdheter,400,parent: att göra i krakow
sv,att göra i helsingör,400,parent: helsingör
sv,att göra i göteborg idag,400,parent: evenemang göteborg
sv,sevärdheter barcelona,400,parent: barcelona sevärdheter
sv,sevärdheter norge,400,parent: sevärdheter norge
sv,paris sevärdheter,350,parent: att göra i paris
sv,att göra i uppsala med barn,350,parent: att göra i uppsala med barn
sv,att göra i paris,350,parent: att göra i paris
sv,att göra i lund,350,parent: händer i lund
sv,budapest sevärdheter,350,parent: att göra i budapest
sv,att göra i skåne med barn,350,parent: roliga dagsutflykter skåne
sv,saker att göra i uppsala,350,parent: att göra i uppsala
sv,oslo sevärdheter,350,parent: sevärdheter oslo
sv,att göra i örebro med barn,350,parent: att göra i örebro med barn
sv,att göra i barcelona,350,parent: barcelona sevärdheter
sv,att göra i umeå,350,parent: upplevelser umeå
sv,att göra i visby,350,parent: visby
sv,uppsala sevärdheter,350,parent: sevärdheter uppsala
sv,malmö sevärdheter,350,parent: saker att göra i malmö
sv,dublin sevärdheter,350,parent: dublin
sv,saker att göra i skåne,350,parent: sevärdheter skåne
sv,att göra i krakow,350,parent: krakow
sv,att göra i skövde,350,parent: att göra i skövde
sv,att göra i halmstad,350,parent: att göra halmstad
sv,sevärdheter helsingborg,350,parent: sevärdheter helsingborg
sv,sevärdheter helsingfors,300,parent: helsingfors sevärdheter
sv,madrid sevärdheter,300,parent: sevärdheter madrid
sv,sevärdheter tyskland,300,parent: vad kan man göra i tyskland
sv,norge sevärdheter,300,parent: sevärdheter norge
sv,att göra i milano,300,parent: att göra i milano
sv,att göra i amsterdam,300,parent: amsterdam
sv,att göra i rättvik,300,parent: saker att göra i rättvik
sv,sevärdheter västra götaland,300,parent: sevärdheter västra götaland
sv,att göra i rom,300,parent: sevärdheter rom
sv,att göra i dublin,300,parent: att göra i dublin
sv,att göra i borlänge,300,parent: att göra i borlänge
sv,milano sevärdheter,300,parent: att göra i milano
sv,amsterdam sevärdheter,300,parent: amsterdam sevärdheter
sv,saker att göra i örebro,300,parent: aktiviteter örebro
sv,att göra i stockholm i helgen,300,parent: vad händer i stockholm idag
sv,att göra i gränna,300,parent: att göra i gränna
sv,att göra i värmland,300,parent: att göra i värmland
sv,att göra i hamburg,300,parent: att göra i hamburg
sv,new york sevärdheter,250,parent: sevärdheter new york
sv,att göra i sundsvall,250,parent: sundsvall
sv,att göra i eskilstuna,250,parent: att göra i eskilstuna
sv,österlen sevärdheter,250,parent: österlen sevärdheter
sv,att göra i strömstad,250,parent: att göra i strömstad
sv,att göra i ystad,250,parent: vad kan man göra i ystad
sv,ovanliga sevärdheter sverige,250,parent: udda utflykter
sv,att göra i jönköping med barn,250,parent: att göra i jönköping med barn
sv,roliga saker att göra i göteborg,250,parent: roliga saker att göra i göteborg
sv,sevilla sevärdheter,250,parent: sevila
sv,att göra i malmö idag,250,parent: vad händer i malmö idag
sv,sevärdheter budapest,250,parent: sevärdheter budapest
sv,att göra i trollhättan,250,parent: att göra i trollhättan
sv,sevärdheter karlstad,250,parent: sevärdheter karlstad
sv,att göra i budapest,250,parent: budapest
sv,edinburgh sevärdheter,250,parent: sevärdheter edinburgh
sv,malaga sevärdheter,250,parent: sevärdheter malaga
sv,att göra i lidköping,250,parent: att göra i lidköping
sv,sevärdheter norrköping,250,parent: sevärdheter norrköping
sv,norrköping sevärdheter,250,parent: sevärdheter norrköping
sv,sevärdheter i stockholm,250,parent: sevärdheter stockholm
sv,att göra i malaga,250,parent: att göra i malaga
sv,helsingborg sevärdheter,250,parent: sevärdheter helsingborg
sv,bryssel sevärdheter,250,parent: bryssel sevärdheter
sv,sevärdheter värmland,250,parent: att göra i värmland
sv,öland sevärdheter,250,parent: öland sevärdheter
sv,riga sevärdheter,250,parent: riga sevärdheter
sv,tyskland sevärdheter,250,parent: vad kan man göra i tyskland
sv,sevärdheter wien,250,parent: wien
sv,sevärdheter gävle,250,parent: saker att göra i gävle
sv,saker att göra i köpenhamn,250,parent: att göra i köpenhamn
sv,sevärdheter oslo,250,parent: sevärdheter oslo
sv,malta sevärdheter,250,parent: malta sevärdheter
sv,saker att göra i helsingborg,250,parent: att göra i helsingborg
sv,sevärdheter halmstad,250,parent: sevärdheter halmstad
sv,sevärdheter i rom,250,parent: att göra i rom
sv,sevärdheter umeå,250,parent: umeå sevärdheter
sv,att göra i riga,250,parent: att göra i riga
sv,att göra i lissabon,250,parent: att göra i lissabon
sv,att göra i wien,250,parent: sevärdheter i wien
sv,marrakech sevärdheter,200,parent: marrakech sevärdheter
sv,att göra i mariefred,200,parent: att göra i mariefred
sv,saker att göra i prag,200,parent: att göra i prag
sv,bornholm karta sevärdheter,200,parent: bornholm att göra
sv,kalmar sevärdheter,200,parent: att göra i kalmar
sv,sevärdheter amsterdam,200,parent: amsterdam sevärdheter
sv,sevärdheter dublin,200,parent: dublin
sv,saker att göra i sverige,200,parent: bucketlist
sv,sevärdheter österlen,200,parent: sevärdheter österlen
sv,sevärdheter lissabon,200,parent: lissabon sevärdheter
sv,västerås sevärdheter,200,parent: västerås sevärdheter
sv,roliga saker att göra i uppsala,200,parent: aktiviteter uppsala
sv,sevärdheter danmark,200,parent: saker att göra i danmark
sv,att göra i båstad,200,parent: att göra i båstad
sv,västervik sevärdheter,200,parent: västervik sevärdheter
sv,sevärdheter linköping,200,parent: att göra i linköping
sv,sevärdheter halland,200,parent: att göra i halland
sv,att göra i porto,200,parent: att göra i porto
sv,valencia sevärdheter,200,parent: valencia sevärdheter
sv,saker att göra i västerås,200,parent: saker du kan göra i västerås
sv,karlstad sevärdheter,200,parent: sevärdheter karlstad
sv,östersund sevärdheter,200,parent: östersund sevärdheter
sv,skåne sevärdheter,200,parent: sevärdheter skåne
sv,rügen sevärdheter,200,parent: rügen sevärdheter
sv,att göra i uddevalla,200,parent: att göra i uddevalla
sv,rhodos sevärdheter,200,parent: sevärdheter rhodos
sv,sevärdheter växjö,200,parent: växjö sehenswürdigkeiten
sv,att göra i torrevieja,200,parent: torrevieja
sv,split sevärdheter,200,parent: split sevärdheter
sv,udda sevärdheter dalarna,200,parent: udda sevärdheter dalarna
sv,att göra i växjö med barn,200,parent: att göra i växjö med barn
sv,saker att göra i new york,200,parent: att göra i new york
sv,münchen sevärdheter,200,parent: münchen sevärdheter
sv,sevärdheter rättvik,200,parent: rättvik sevärdheter
sv,saker att göra i berlin,200,parent: att göra i berlin
sv,falun sevärdheter,200,parent: sevärdheter falun
sv,sevärdheter lidköping,200,parent: sevärdheter lidköping
sv,sevärdheter i barcelona,200,parent: barcelona sevärdheter
sv,att göra med barn i uppsala,200,parent: att göra i uppsala med barn
sv,oskarshamn sevärdheter,200,parent: oskarshamn
sv,irland sevärdheter,200,parent: irland sevärdheter
sv,nice sevärdheter,200,parent: sevärdheter nice
sv,att göra i småland,200,parent: visit småland
sv,sevärdheter öland,200,parent: öland sevärdheter
sv,sevärdheter i london,200,parent: london sevärdheter
sv,att göra i alanya,200,parent: sevärdheter alanya
sv,visby sevärdheter,200,parent: sevärdheter visby
sv,sevärdheter new york,200,parent: att göra i new york
sv,sevärdheter tallinn,200,parent: sevärdheter tallinn
sv,sevärdheter i köpenhamn,200,parent: sevärdheter köpenhamn
sv,att göra i göteborg i helgen,200,parent: vad händer i göteborg idag
sv,reykjavik sevärdheter,200,parent: reykjavik
sv,sevärdheter gdansk,200,parent: att göra i gdansk
sv,att göra i sundsvall med barn,200,parent: att göra i sundsvall med barn
sv,att göra i kiruna,200,parent: vad kan man göra i kiruna
sv,toronto sevärdheter,200,parent: toronto sevärdheter
sv,att göra i sälen på sommaren,200,parent: sommar sälen
sv,att göra i östersund,200,parent: östersund
sv,att göra i oslo med barn,200,parent: att göra i oslo med barn
sv,tallinn sevärdheter,200,parent: att göra i tallinn
sv,saker att göra i umeå,200,parent: aktiviteter umeå
sv,att göra i dubrovnik,200,parent: dubrovnik
sv,sevärdheter dubai,200,parent: att göra i dubai
sv,tokyo sevärdheter,200,parent: att göra i tokyo
sv,att göra i danmark,200,parent: saker att göra i danmark
sv,frankrike sevärdheter,200,parent: frankrike
sv,att göra i leksand,200,parent: sevärdheter leksand
sv,kap verde sevärdheter,200,parent: kap verde sevärdheter
sv,att göra i london med barn,200,parent: london med barn
sv,kreta sevärdheter,200,parent: att göra på kreta
sv,skottland sevärdheter,200,parent: skottland
sv,att göra i vadstena,200,parent: vadstena
sv,att göra i sala,200,parent: att göra i sala
sv,att göra i bangkok,200,parent: att göra i bangkok
sv,bilbao sevärdheter,200,parent: bilbao sevärdheter
sv,mariestad sevärdheter,200,parent: mariestad sevärdheter
sv,att göra i aten,200,parent: aten
sv,växjö sevärdheter,200,parent: att göra i växjö
sv,udda saker att göra i berlin,200,parent: udda saker att göra i berlin
sv,warszawa sevärdheter,200,parent: warszawa
sv,borås sevärdheter,200,parent: att göra i borås
sv,att göra i köpenhamn med barn,200,parent: att göra i köpenhamn med barn
sv,sevärdheter kalmar,200,parent: att göra i kalmar
sv,att göra i hjo,200,parent: att göra i hjo
sv,att göra i uppsala idag,200,parent: vad händer i uppsala idag
sv,åland sevärdheter,200,parent: visit åland
sv,att göra i åre,200,parent: att göra i åre
sv,sevärdheter falun,200,parent: sevärdheter falun
sv,island sevärdheter,200,parent: att göra på island
sv,billiga saker att göra i göteborg,150,parent: gratis museum göteborg
sv,saker att göra i danmark,150,parent: saker att göra i danmark
sv,att göra i valencia,150,parent: valencia
sv,att göra i bologna,150,parent: bologna
sv,rhodos stad sevärdheter,150,parent: rhodos sevärdheter
sv,att göra i nynäshamn,150,parent: att göra i nynäshamn
sv,eskilstuna sevärdheter,150,parent: att göra i eskilstuna
sv,saker att göra i linköping,150,parent: att göra i linköping
sv,att göra i värmland idag,150,parent: händer i värmland
sv,saker att göra i karlstad,150,parent: aktiviteter karlstad
sv,udda saker att göra i london,150,parent: udda saker att göra i london
sv,att göra i munchen,150,parent: att göra i munchen
sv,sevärdheter milano,150,parent: att göra i milano
sv,sevärdheter madrid,150,parent: sevärdheter madrid
sv,japan sevärdheter,150,parent: japanskt tempel
sv,cypern sevärdheter,150,parent: att göra på cypern
sv,saker att göra i stockholm med barn,150,parent: barn i stan
sv,att göra med barn i stockholm idag,150,parent: att göra med barn i stockholm idag
sv,att göra i nice,150,parent: att göra i nice
sv,sevärdheter södra sverige,150,parent: att göra i södra sverige
sv,saker att göra i gdansk,150,parent: gdansk sevärdheter
sv,roligt att göra i stockholm,150,parent: att göra i stockholm
sv,sverige sevärdheter,150,parent: sevärdheter sverige
sv,sevärdheter varberg,150,parent: varberg sevärdheter
sv,palma de mallorca sevärdheter,150,parent: palma de mallorca sevärdheter
sv,att göra i falun med barn,150,parent: att göra i falun med barn
sv,att göra i singapore,150,parent: att göra i singapore
sv,att göra i trosa,150,parent: att göra i trosa
sv,gratis saker att göra i stockholm,150,parent: museum barn stockholm
sv,saker att göra i barcelona,150,parent: barcelona sevärdheter
sv,sevärdheter frankrike,150,parent: frankrike
sv,att göra i parga,150,parent: att göra i parga
sv,sevärdheter i oslo,150,parent: sevärdheter oslo
sv,att göra med barn i skåne,150,parent: att göra med barn i skåne
sv,jylland sevärdheter,150,parent: jylland sevärdheter
sv,sevärdheter västkusten,150,parent: västkusten
sv,att göra i sälen,150,parent: att göra i sälen
sv,sevärdheter krakow,150,parent: krakow
sv,åhus sevärdheter,150,parent: sevärdheter åhus
sv,boston sevärdheter,150,parent: boston sevärdheter
sv,att göra i borås med barn,150,parent: aktiviteter borås
sv,romantiska saker att göra i jönköping,150,parent: romantiska saker att göra i jönköping
sv,sevärdheter gran canaria med bil,150,parent: sevärdheter gran canaria med bil
sv,vad finns det att göra i göteborg,150,parent: att göra i göteborg
sv,sevärdheter i new york,150,parent: sevärdheter new york
sv,istanbul sevärdheter,150,parent: istanbul sevärdheter
sv,att göra i luleå,150,parent: aktiviteter luleå
sv,bremen sevärdheter,150,parent: bremen sevärdheter
sv,sevärdheter norra tyskland,150,parent: pärlor norra tyskland
sv,att göra i sivota,150,parent: sivota
sv,att göra i vilnius,150,parent: att göra i vilnius
sv,sevärdheter hjo,150,parent: sevärdheter hjo
sv,sardinien sevärdheter,150,parent: sardinien
sv,skara sevärdheter,150,parent: skara sevärdheter
sv,att göra i eskilstuna med barn,150,parent: att göra i eskilstuna
sv,sevärdheter i prag,150,parent: att göra i prag
sv,att göra i simrishamn,150,parent: sevärdheter simrishamn
sv,vad finns det att göra i stockholm,150,parent: att göra stockholm
sv,glasgow sevärdheter,150,parent: glasgow sevärdheter
sv,sevärdheter i sverige,150,parent: sevärdheter sverige
sv,att göra i london gratis,150,parent: att göra i london gratis
sv,helsingör sevärdheter,150,parent: vad kan man göra i helsingör
sv,att göra i järvsö,150,parent: att göra i järvsö
sv,saker att göra i växjö,150,parent: att göra i växjö
sv,att göra i phuket,150,parent: att göra i phuket
sv,saker att göra i dublin,150,parent: att göra i dublin
sv,bohuslän sevärdheter,150,parent: bohuslän sevärdheter
sv,jokkmokk sevärdheter,150,parent: sevärdheter jokkmokk
sv,danmark sevärdheter,150,parent: saker att göra i danmark
sv,att göra i neapel,150,parent: att göra i neapel
sv,att göra i sverige,150,parent: upplevelser sverige
sv,åre sevärdheter,150,parent: åre sevärdheter
sv,sevärdheter östersund,150,parent: sevärdheter östersund
sv,saker att göra i oslo,150,parent: att göra i oslo
sv,att göra i enköping,150,parent: att göra i enköping
sv,sevärdheter dalsland,150,parent: att göra i dalsland
sv,sevärdheter leksand,150,parent: sevärdheter leksand
sv,att göra i malmö i helgen,150,parent: vad händer i malmö idag
sv,sunne sevärdheter,150,parent: sunne sevärdheter
sv,alicante sevärdheter,150,parent: att göra i alicante
sv,köln sevärdheter,150,parent: köln sevärdheter
sv,att göra i göteborg när det regnar,150,parent: inomhusaktiviteter göteborg
sv,sevärdheter västervik,150,parent: sevärdheter västervik
sv,sevärdheter trollhättan,150,parent: att göra i trollhättan
sv,att göra i norrköping med barn,150,
sv,dalsland sevärdheter,150,parent: dalsland sevärdheter
sv,att göra i kalmar idag,150,parent: evenemang kalmar
sv,att göra i dalarna med barn,150,parent: att göra i dalarna med barn
sv,sevärdheter malta,150,parent: malta sevärdheter
sv,sevärdheter bornholm,150,parent: sevärdheter bornholm
sv,att göra i hudiksvall,150,parent: hudiksvall
sv,lidköping sevärdheter,150,parent: att göra i lidköping
sv,saker att göra i träslöjden,150,parent: träslöjd ideer
sv,sydney sevärdheter,150,parent: sydney
sv,att göra i new york,150,parent: att göra i new york
sv,ho chi minh city sevärdheter,150,parent: ho chi minh city sevärdheter
sv,rättvik sevärdheter,150,parent: göra i rättvik
sv,höga kusten sevärdheter,150,parent: höga kusten sevärdheter
sv,sevärdheter i skåne,150,parent: udda aktiviteter skåne
sv,smögen sevärdheter,150,parent: att göra i smögen
sv,sevärdheter runt vättern,150,parent: vättern
sv,singapore sevärdheter,150,parent: att göra i singapore
sv,saker att göra i amsterdam,150,parent: amsterdam
sv,saker att göra i gävle,150,parent: göra i gävle
sv,att göra i stockholm gratis,150,parent: att göra i stockholm idag gratis
sv,belgrad sevärdheter,150,parent: belgrad
sv,att göra i blekinge,150,parent: att göra i blekinge
sv,att göra i madrid,150,parent: att göra i madrid
sv,bukarest sevärdheter,150,parent: bukarest sevärdheter
sv,sevärdheter kreta,150,parent: kreta sevärdheter
sv,bornholm sevärdheter,150,parent: sevärdheter bornholm
sv,sevärdheter aten,150,parent: aten sevärdheter
sv,sevärdheter malaga,150,parent: sevärdheter malaga
sv,las vegas sevärdheter,150,parent: las vegas sevärdheter
sv,ystad sevärdheter,150,parent: vad kan man göra i ystad
sv,att göra i skaraborg,150,parent: utflyktsmål skaraborg
sv,zadar sevärdheter,150,parent: zadar sevärdheter
sv,sevärdheter usa,150,parent: cincinnati
sv,ayia napa sevärdheter,150,parent: ayia napa sevärdheter
sv,sevärdheter i norge,150,parent: sevärdheter norge
sv,att göra i tallinn,150,parent: tallin
sv,att göra med barn i köpenhamn,150,parent: köpenhamn med barn
sv,att göra i marbella,150,parent: marbella sevärdheter
sv,innsbruck sevärdheter,150,parent: innsbruck sevärdheter
sv,usa sevärdheter,150,parent: sevärdheter usa
sv,sevärdheter island,150,parent: att göra på island
sv,att göra i umeå med barn,150,parent: aktiviteter umeå
sv,att göra i rostock,150,parent: rostock
sv,att göra i falköping,150,parent: att göra i falköping
sv,att göra i grebbestad,150,parent: att göra i grebbestad
sv,aktiviteter att göra i stockholm,150,parent: vad kan man göra i stockholm
sv,neapel sevärdheter,150,parent: att göra i neapel
sv,att göra i oskarshamn,150,parent: oskarshamn att göra
sv,grekland sevärdheter,150,parent: grekland sevärdheter
sv,att göra i florens,150,parent: florens
sv,saker att göra i sommar,150,parent: saker att göra i sommar
sv,gävle sevärdheter,150,parent: att göra i gävle
sv,sevärdheter blekinge,150,parent: sevärdheter i blekinge
sv,att göra i sälen om man inte åker skidor,150,parent: att göra i sälen om man inte åker skidor
sv,att göra i åre på sommaren,150,parent: att göra i åre på sommaren
sv,venedig sevärdheter,150,parent: venedig sevärdheter
sv,sevärdheter europa,150,parent: sevärdheter europa
sv,normandie sevärdheter,150,parent: normandie
sv,roliga saker att göra i sverige,150,parent: semester södra sverige
sv,australien sevärdheter,150,parent: sevärdheter australien
sv,dubai sevärdheter,150,parent: att göra i dubai
sv,att göra i tokyo,150,parent: att göra i tokyo
sv,san diego sevärdheter,150,parent: san diego sevärdheter
sv,sevärdheter bohuslän,150,parent: sevärdheter bohuslän
sv,sevärdheter småland karta,150,parent: visit småland
sv,att göra i helsingör med barn,150,parent: att göra i helsingör med barn
sv,udda saker att göra i rom,150,parent: udda saker att göra i rom
sv,vilnius sevärdheter,150,parent: att göra i vilnius
sv,sevärdheter skövde,150,parent: att göra i skövde
sv,bergamo sevärdheter,150,parent: bergamo sevärdheter
sv,att göra i östergötland i helgen,150,parent: östergötland
sv,saker att göra i norrköping,150,parent: visit norrköping
sv,sevärdheter irland,150,parent: sevärdheter irland
sv,sevärdheter i dalarna,150,parent: att göra i dalarna
sv,billiga saker att göra i stockholm,150,parent: gratis i stockholm
sv,hjo sevärdheter,150,parent: hjo
sv,skagen sevärdheter,150,parent: skagen sevärdheter
sv,att göra i skellefteå,150,parent: utflyktsmål skellefteå
sv,salzburg sevärdheter,150,parent: salzburg sevärdheter
sv,varberg sevärdheter,150,parent: att göra i varberg
sv,att göra i åhus,150,parent: åhus
sv,själland sevärdheter,150,parent: pärlor på själland
sv,fuerteventura sevärdheter,150,parent: saker du kan göra i fuerteventura
sv,att göra i orsa,150,parent: orsa
sv,att göra i falkenberg,150,parent: att göra i falkenberg
sv,att göra i norrköping barn,150,parent: att göra i norrköping barn
sv,vildmarksvägen sevärdheter,150,parent: vildmarksvägen
sv,umeå sevärdheter,150,parent: sevärdheter umeå
sv,saker att göra i jönköping,150,parent: aktiviteter jönköping
sv,gränna sevärdheter,150,parent: att göra i gränna
sv,att göra i edinburgh,150,parent: att göra i edinburgh
sv,sevärdheter i göteborg,150,parent: saker att göra i göteborg
sv,vimmerby sevärdheter,150,parent: vimmerby sevärdheter
sv,dalarna sevärdheter,150,parent: att göra i dalarna
sv,att göra i borlänge med barn,150,parent: att göra i borlänge med barn
sv,halmstad sevärdheter,150,parent: sevärdheter halmstad
sv,sevärdheter uppland,150,parent: sevärdheter uppland
sv,att göra med barn i malmö,150,parent: kul i malmö
sv,linköping sevärdheter,150,parent: att göra i linköping
sv,bologna sevärdheter,150,parent: bologna sevärdheter
sv,liverpool sevärdheter,150,parent: liverpool sevärdheter
sv,vaxholm sevärdheter,150,parent: vaxholm sevärdheter
sv,saker att göra i kiruna,150,parent: vad kan man göra i kiruna
sv,sevärdheter i danmark,150,parent: saker att göra i danmark
sv,att göra i kiruna sommar,150,
sv,frankfurt sevärdheter,150,parent: frankfurt sevärdheter
sv,kivik sevärdheter,150,parent: kivik sevärdheter
sv,att göra i mora med barn,150,parent: att göra i mora med barn
sv,sevärdheter visby,150,parent: visby
sv,att göra i varberg med barn,150,parent: att göra i varberg med barn
sv,att göra i örebro i helgen,150,parent: händer i örebro
sv,porto sevärdheter,150,parent: att göra i porto
sv,saker att göra i paris,150,parent: sevärdheter paris
sv,att göra i barcelona med barn,100,parent: att göra i barcelona med barn
sv,att göra i orlando,100,parent: att göra i orlando
sv,saker att göra i los angeles,100,parent: los angeles
sv,att göra i ystad med barn,100,parent: att göra i ystad med barn
sv,att göra i sörmland,100,parent: utflyktsmål sörmland
sv,saker att göra i östersund,100,parent: att göra i östersund
sv,sevärdheter skaraborg,100,parent: sevärdheter skaraborg
sv,att göra i krabi,100,parent: att göra i krabi
sv,sevärdheter sverige karta,100,parent: sevärdheter sverige karta
sv,lysekil sevärdheter,100,parent: lysekil sevärdheter
sv,sevärdheter gran canaria,100,parent: att göra på gran canaria
sv,att göra i nacka,100,parent: att göra i nacka
sv,sevärdheter åland,100,parent: visit åland
sv,roliga saker att göra i malmö,100,parent: aktiviteter malmö
sv,sevärdheter på gotland,100,parent: gotland sevärdheter
sv,att göra i bergamo,100,parent: bergamo sevärdheter
sv,pisa sevärdheter,100,parent: pisa
sv,att göra i uppland,100,parent: underbara utflykter runt uppsala
sv,samos sevärdheter,100,parent: samos sevärdheter
sv,att göra i vemdalen,100,parent: vemdalen
sv,montenegro sevärdheter,100,parent: montenegro sevärdheter
sv,att göra i makarska,100,parent: makarska
sv,saker att göra i göteborg ungdom,100,parent: att göra i göteborg med barn
sv,att göra i sigtuna,100,parent: sigtuna att göra
sv,sevärdheter runt vänern,100,parent: sevärdheter runt vänern
sv,sevärdheter västergötland,100,parent: sevärdheter västergötland
sv,att göra i växjö idag,100,parent: händer i växjö
sv,saker att göra i skövde,100,parent: aktiviteter skövde
sv,dubrovnik sevärdheter,100,parent: dubrovnik
sv,att göra i stockholm imorgon,100,
sv,bratislava sevärdheter,100,parent: sevärdheter bratislava
sv,saker att göra i wien,100,parent: wien
sv,chicago sevärdheter,100,parent: chicago sevärdheter
sv,att göra i palma,100,parent: palma de mallorca
sv,att göra i cannes,100,parent: att göra i cannes
sv,att göra i härnösand,100,parent: härnösand
sv,hawaii sevärdheter,100,parent: hawaii
sv,saker att göra i dalarna,100,parent: att göra i dalarna
sv,saker att göra i sundsvall,100,parent: sundsvall
sv,lanzarote sevärdheter,100,parent: lanzarote sevärdheter
sv,annorlunda saker att göra i paris,100,parent: annorlunda saker att göra i paris
sv,sevärdheter i wien,100,parent: wien sevärdheter
sv,sevärdheter lund,100,parent: lund sevärdheter
sv,att göra i alicante,100,parent: alicante
sv,lofoten karta sevärdheter,100,parent: lofoten norge
sv,sevärdheter cypern,100,parent: att göra på cypern
sv,saker att göra i norge,100,parent: fina ställen i norge
sv,trosa sevärdheter,100,parent: att göra i trosa
sv,szczecin sevärdheter,100,parent: szczecin sevärdheter
sv,att göra i toscana,100,parent: att göra i toscana
sv,saker att göra i tokyo,100,parent: att göra i tokyo
sv,mexiko sevärdheter,100,parent: sevärdheter i mexiko
sv,sevärdheter hälsingland,100,parent: smultronställen hälsingland
sv,grebbestad sevärdheter,100,parent: att göra i grebbestad
sv,skopje sevärdheter,100,parent: skopje sevärdheter
sv,sevärdheter kroatien,100,parent: kroatien
sv,att göra i gdansk med barn,100,parent: att göra i gdansk med barn
sv,melbourne sevärdheter,100,parent: melbourne sevärdheter
sv,roliga saker att göra i london,100,parent: att göra i london
sv,att göra i borås idag,100,parent: vad händer i borås i helgen
sv,att göra i norrtälje,100,parent: roslagen
sv,att göra i berlin med barn,100,parent: berlin med barn
sv,landskrona sevärdheter,100,parent: landskrona sevärdheter
tr,istanbul'da gezilecek yerler,39000,parent: istanbul gezilecek yerler
tr,istanbul gezilecek yerler,33000,parent: istanbul'da gezilecek yerler
tr,eskişehir gezilecek yerler,27000,parent: eskişehir'de gezilecek yerler
tr,antalya gezilecek yerler,26000,parent: antalya gezilecek yerler
tr,mardin gezilecek yerler,21000,parent: mardin gezilecek yerler
tr,izmir'de gezilecek yerler,18000,parent: izmir gezilecek yerler
tr,sakarya gezilecek yerler,16000,parent: sakarya da gezilecek yerler
tr,izmir gezilecek yerler,16000,parent: izmir gezilecek yerler
tr,fethiye gezilecek yerler,16000,parent: fethiye de gezilecek yerler
tr,konya'da gezilecek yerler,15000,parent: konya gezilecek yerler
tr,edirne'de gezilecek yerler,15000,parent: edirne'de gezilecek yerler
tr,adana gezilecek yerler,14000,parent: adana da gezilecek yerler
tr,eskişehir'de gezilecek yerler,14000,parent: eskişehir gezilecek yerler
tr,balıkesir gezilecek yerler,13000,parent: balıkesir'de gezilecek yerler
tr,samsun gezilecek yerler,13000,parent: samsun'da gezilecek yerler
tr,ordu gezilecek yerler,13000,parent: ordu'da gezilecek yerler
tr,mardin'de gezilecek yerler,13000,parent: mardin gezilecek yerler
tr,bolu gezilecek yerler,13000,parent: bolu da gezilecek yerler
tr,adana'da gezilecek yerler,13000,parent: adanada gezilecek yerler
tr,üsküdar gezilecek yerler,13000,parent: üsküdar'da gezilecek yerler
tr,kastamonu gezilecek yerler,13000,parent: inkumu kamp alanı
tr,konya gezilecek yerler,13000,parent: konya gezilecek yerler
tr,marmaris gezilecek yerler,11000,parent: marmaris'te gezilecek yerler
tr,edirne gezilecek yerler,10000,parent: edirne'de gezilecek yerler
tr,antalya'da gezilecek yerler,10000,parent: antalya gezilecek yerler
tr,gezilecek yerler,10000,parent: türkiye gezilecek yerler
tr,sapanca gezilecek yerler,9900,parent: sapanca gezilecek yerler
tr,tiflis gezilecek yerler,9700,parent: tiflis gezi rehberi
tr,giresun gezilecek yerler,9300,parent: giresun gezilecek yerler
tr,kocaeli gezilecek yerler,9200,parent: izmit'te gezilecek yerler
tr,kuşadası gezilecek yerler,9100,parent: kuşadası fotoğraf çekilecek yerler
tr,kapadokya gezilecek yerler,8800,parent: kapadokyada gezilecek yerler
tr,sakarya'da gezilecek yerler,8700,parent: sakaryada gezilecek yerler
tr,afyon'da gezilecek yerler,8600,parent: afyon doğal güzellikleri
tr,yalova gezilecek yerler,8300,parent: yalova gezilecek
tr,erzurum gezilecek yerler,8300,parent: erzurum'da gezilecek yerler
tr,anadolu yakası gezilecek yerler,8100,parent: istanbul anadolu yakası gezilecek yerler
tr,balıkesir'de gezilecek yerler,8100,parent: balıkesir'de gezilecek yerler
tr,istanbul anadolu yakası gezilecek yerler,7600,parent: anadolu yakası gezilecek yerler
tr,alanya'da gezilecek yerler,7400,parent: alanya akşam gezilecek yerler
tr,erzurum'da gezilecek yerler,7300,parent: erzurum'da gezilecek yerler
tr,afyon gezilecek yerler,7300,parent: afyon'da gezilecek yerler
tr,van gezilecek yerler,7200,parent: van'da gezilecek yerler
tr,midyat gezilecek yerler,7200,parent: midyat gezilecek yerler
tr,istanbul avrupa yakası gezilecek yerler,7100,parent: istanbul avrupa yakası gezilecek yerler
tr,kırklareli gezilecek yerler,6900,parent: kırklareli gezilecek yerler
tr,beykoz gezilecek yerler,6800,parent: beykoz da gezilecek yerler
tr,büyükada gezilecek yerler,6600,parent: büyükada gezilecek yerler
tr,aydın gezilecek yerler,6500,parent: aydın'da gezilecek yerler
tr,çanakkale'de gezilecek yerler,6500,parent: çanakkale'de gezilecek mekanlar
tr,bosna hersek gezilecek yerler,6300,parent: bosna hersek
tr,urla gezilecek yerler,6300,parent: urla gezilecek yerler
tr,denizli'de gezilecek yerler,6300,parent: denizli gezilecek yerler
tr,üsküp gezilecek yerler,6300,parent: üsküp gezilecek yerler
tr,amasra gezilecek yerler,6300,parent: amasra'da gezilecek yerler
tr,makedonya gezilecek yerler,6100,parent: kuzey makedonya gezilecek yerler
tr,üsküdar'da gezilecek yerler,6100,parent: üsküdar gezilecek yerler
tr,belgrad gezilecek yerler,5800,parent: belgrad
tr,midyat'ta gezilecek yerler,5800,parent: midyat gezilecek yerler
tr,ısparta gezilecek yerler,5800,parent: ısparta
tr,datça gezilecek yerler,5700,parent: datça muğla gezilecek yerler
tr,manavgat gezilecek yerler,5700,parent: manavgat gezilecek yerler
tr,niğde gezilecek yerler,5500,parent: niğde'de gezilecek yerler
tr,bolu'da gezilecek yerler,5500,parent: bolu da gezilecek yerler
tr,azerbaycan gezilecek yerler,5500,parent: azerbaycan gezilecek yerler
tr,ürgüp gezilecek yerler,5400,parent: ürgüp gezilecek yerler
tr,elazığ gezilecek yerler,5400,parent: elazığ gezilecek yerler
tr,urlada gezilecek yerler,5400,parent: urla gezilecek yerler
tr,mısır gezilecek yerler,5300,parent: mısır'da gezilecek yerler
tr,düzce gezilecek yerler,5300,parent: düzce gezilecek yerler
tr,kadıköy gezilecek yerler,5200,parent: kadıköy gezilecek yerler
tr,zonguldak gezilecek yerler,5200,parent: zonguldak'ta gezilecek yerler
tr,adana da gezilecek yerler,5200,parent: adana da gezilecek yerler
tr,izmirde gezilecek yerler,5200,parent: izmir gezilecek yerler
tr,manisa'da gezilecek yerler,5200,parent: manisa gezilecek yerler
tr,kadıköy'de gezilecek yerler,5200,parent: kadıköy gezilecek yerler
tr,şanlıurfa gezilecek yerler,4900,parent: urfa'da gezilecek yerler
tr,tunceli gezilecek yerler,4800,parent: tunceli gezilecek yerler
tr,istanbul da gezilecek yerler,4700,parent: istanbul'da gezilecek yerler
tr,bodrum gezilecek yerler,4700,parent: bodrum da gezilecek yerler
tr,sapanca'da gezilecek yerler,4700,parent: sapanca gezilecek yerler
tr,bartın gezilecek yerler,4600,parent: bartın gezilecek yerler
tr,safranbolu'da gezilecek yerler,4600,parent: safranbolu gezilecek yerler
tr,avanos gezilecek yerler,4500,parent: avanos
tr,osmaniye gezilecek yerler,4400,parent: osmaniye gezilecek yerler
tr,kıbrıs gezilecek yerler,4400,parent: kıbrıs'ta gezilecek yerler
tr,karabük gezilecek yerler,4300,parent: karabük merkez gezilecek yerler
tr,yunanistan gezilecek yerler,4300,parent: yunanistan gezilecek yerler
tr,beypazarı gezilecek yerler,4300,parent: beypazarı gezilecek yerler
tr,kaş gezilecek yerler,4100,parent: antalya kaş gezilecek yerler
tr,köyceğiz gezilecek yerler,4100,parent: köyceğiz gezilecek yerler
tr,viyana gezilecek yerler,4100,parent: viyana gezilecek yerler
tr,şile'de gezilecek yerler,4000,parent: şilede gezilecek yerler
tr,gökçeada gezilecek yerler,4000,parent: gokce ada
tr,çorum gezilecek yerler,4000,parent: çorum gezilecek yerler
tr,kosova gezilecek yerler,4000,parent: kosova gezilecek yerler
tr,marmaris'te gezilecek yerler,3900,parent: marmaris'te gezilecek yerler
tr,avrupa yakası gezilecek yerler,3900,parent: istanbul avrupa yakası gezilecek yerler
tr,kahramanmaraş gezilecek yerler,3800,parent: kahramanmaraş ta gezilecek yerler
tr,türkiye gezilecek yerler,3700,parent: gezilecek yerler
tr,kopenhag gezilecek yerler,3700,parent: kopenhag'da gezilecek yerler
tr,gezilecek yerler istanbul,3700,parent: istanbul gezilecek yerler
tr,prag gezilecek yerler,3600,parent: prag gezilecek yerler
tr,ispanya gezilecek yerler,3600,parent: ispanyada gezilecek yerler
tr,budapeşte gezilecek yerler,3600,parent: budapeşte
tr,konya da gezilecek yerler,3600,parent: konya'da gezilecek yerler
tr,kırıkkale gezilecek yerler,3500,parent: kırıkkale'de gezilecek yerler
tr,antalya da gezilecek yerler,3500,parent: antalya gezilecek yerler
tr,kastamonu'da gezilecek yerler,3500,parent: kastamonu gezilecek yerler
tr,izmir de gezilecek yerler,3500,parent: izmir gezilecek yerler
tr,moldova gezilecek yerler,3400,parent: moldova gezilecek yerler
tr,nevşehir'de gezilecek yerler,3300,parent: nevşehir'de gezilecek yerler
tr,kütahya'da gezilecek yerler,3300,parent: kütahya gezilecek yerler merkez
tr,bozcaada gezilecek yerler,3300,parent: bozcaada
tr,iznik gezilecek yerler,3300,parent: iznik gezilecek yerler
tr,siirt gezilecek yerler,3300,parent: siirt'in neyi meşhur
tr,hatay gezilecek yerler,3300,parent: hatay'ın doğal güzellikleri
tr,alaçatı gezilecek yerler,3200,parent: alaçatı'da gezilecek yerler
tr,aydın'da gezilecek yerler,3200,parent: aydın'da gezilecek yerler
tr,kızılcahamam gezilecek yerler,3100,parent: kızılcahamam gezilecek yerler
tr,kapadokya'da gezilecek yerler,3100,parent: kapadokya gezilecek yerler
tr,malatya'da gezilecek yerler,3100,parent: malatyada gezilecek yerler
tr,italya gezilecek yerler,3100,parent: italya gezilecek yerler
tr,giresun'da gezilecek yerler,3000,parent: giresun'da gezilecek yerler
tr,karadeniz'de gezilecek yerler,3000,parent: karadeniz gezilecek yerler
tr,akyaka gezilecek yerler,3000,parent: akyaka muğla
tr,yalova'da gezilecek yerler,3000,parent: yalova gezilecek yerler
tr,antalyada gezilecek yerler,3000,parent: antalya gezilecek yerler
tr,dubai gezilecek yerler,3000,parent: dubai gezilecek yerler
tr,atina gezilecek yerler,3000,parent: atina gezilecek yerler
tr,şirince gezilecek yerler,2900,parent: şirince gezilecek yerler
tr,akçakoca gezilecek yerler,2800,parent: akçakoca nasıl bir yer
tr,ığdır gezilecek yerler,2800,parent: ığdır'da gezilecek yerler
tr,seferihisar gezilecek yerler,2800,parent: seferihisar gezilecek yerler
tr,tiran gezilecek yerler,2800,parent: tiran gezilecek yerler
tr,sarıyer gezilecek yerler,2800,parent: sarıyerde gezilecek yerler
tr,cunda gezilecek yerler,2800,parent: ayvalık cunda gezilecek yerler
tr,madrid gezilecek yerler,2800,parent: madrid'de gezilecek yerler
tr,heybeliada gezilecek yerler,2800,parent: heybeliada
tr,tarsus gezilecek yerler,2800,parent: tarsusta gezilecek yerler
tr,yozgat gezilecek yerler,2800,parent: yozgat gezilecek yerler
tr,fas gezilecek yerler,2800,parent: fas gezilecek yerler
tr,fethiye'de gezilecek yerler,2700,parent: fethiye'de gezilecek yerler
tr,side gezilecek yerler,2700,parent: side gezilecek yerler
tr,antep'te gezilecek yerler,2700,parent: gaziantep gezilecek yerler
tr,köln gezilecek yerler,2600,parent: köln gezilecek yerler
tr,iskenderun gezilecek yerler,2600,parent: iskenderun'da gezilecek yerler
tr,elazığ'da gezilecek yerler,2600,parent: elazığ gezilecek yerler
tr,almanya gezilecek yerler,2600,parent: almanya gezilecek yerler
tr,assos gezilecek yerler,2500,parent: çanakkale assos
tr,bolu da gezilecek yerler,2500,parent: boluda gezilecek yerler
tr,antalya merkez gezilecek yerler,2500,parent: antalya merkez gezilecek yerler
tr,beykoz'da gezilecek yerler,2500,parent: beykoz da gezilecek yerler
tr,kuzguncuk gezilecek yerler,2500,parent: kuzguncuk gezilecek yerler
tr,karadeniz gezilecek yerler,2400,parent: karadenizde gezilecek yerler
tr,bandırma gezilecek yerler,2400,parent: bandırma gezilecek yerler
tr,çorum'da gezilecek yerler,2400,parent: çorum gezilecek yerler
tr,düsseldorf gezilecek yerler,2400,parent: dusseldorf
tr,şile gezilecek yerler,2400,parent: şilede gezilecek yerler
tr,tayland gezilecek yerler,2400,parent: tayland gezilecek yerler
tr,göreme gezilecek yerler,2400,parent: göreme merkez
tr,kıbrıs'ta gezilecek yerler,2300,parent: kıbrıs'ta gezilecek yerler
tr,bingöl gezilecek yerler,2300,parent: bingölde gezilecek yerler
tr,özbekistan gezilecek yerler,2300,parent: özbekistan'da gezilecek yerler
tr,gelibolu gezilecek yerler,2200,parent: geliboluda gezilecek yerler
tr,maşukiye gezilecek yerler,2200,parent: maşukiye gezilecek yerler
tr,dedeağaç gezilecek yerler,2200,parent: dedeağaç gezilecek yerler
tr,berlin gezilecek yerler,2200,parent: berlin'de gezilecek yerler
tr,hollanda gezilecek yerler,2200,parent: hollanda
tr,eskişehir de gezilecek yerler,2200,parent: eskişehir merkezde gezilecek yerler
tr,pamukkale gezilecek yerler,2200,parent: pamukkale gezilecek yerler
tr,afyonkarahisar gezilecek yerler,2100,parent: afyon'da gezilecek yerler
tr,balat gezilecek yerler,2100,parent: balat gezilecek yerler
tr,bulgaristan gezilecek yerler,2100,parent: bulgaristan
tr,istanbula yakın gezilecek yerler,2100,parent: istanbula yakın gezilecek yerler
tr,mısır'da gezilecek yerler,2100,parent: mısır'da gezilecek yerler
tr,iznik'te gezilecek yerler,2100,parent: iznik gezilecek yerler
tr,sakarya da gezilecek yerler,2100,parent: sakarya gezilecek
tr,gebze gezilecek yerler,2100,parent: gebze gezilecek yerler
tr,göcek gezilecek yerler,2100,parent: göcek gezilecek yerler
tr,gaziantep'te gezilecek yerler,2100,parent: gaziantep gezilecek yer
tr,londra gezilecek yerler,2100,parent: londra
tr,van da gezilecek yerler,2000,parent: van'da gezilecek yerler
tr,samsunda gezilecek yerler,2000,parent: samsun merkezde gezilecek yerler
tr,bursa'da iskender nerede yenir,2000,parent: bursa'da iskender nerede yenir
tr,anadolu yakasında gezilecek yerler,2000,parent: anadolu yakası'nda gezilecek yerler
tr,italya'da gezilecek yerler,2000,parent: italya gezilecek yerler
tr,stuttgart gezilecek yerler,2000,parent: stuttgart gezilecek yerler
tr,priştine gezilecek yerler,1900,parent: priştine neresi
tr,milano gezilecek yerler,1900,parent: milano gezilecek yerler
tr,zürih gezilecek yerler,1900,parent: zürih gezilecek yerler
tr,silifke gezilecek yerler,1900,parent: silifke gezilecek yerler
tr,karaman gezilecek yerler,1900,parent: karaman'da gezilecek yerler
tr,antalya kaş gezilecek yerler,1900,parent: kaş gezilecek yerler
tr,bursa iskender nerede yenir,1900,parent: bursa iskender nerde yenir
tr,bali gezilecek yerler,1900,parent: bali de gezilecek yerler
tr,boluda gezilecek yerler,1900,parent: bolu'da gezilecek yerler
tr,silivri gezilecek yerler,1900,parent: silivride gezilecek yerler
tr,arsuz gezilecek yerler,1800,parent: arsuzda gezilecek yerler
tr,basel gezilecek yerler,1800,parent: basel'de gezilecek yerler
tr,üsküdar da gezilecek yerler,1800,parent: üsküdar'da gezilecek yerler
tr,çatalca'da gezilecek yerler,1800,parent: çatalca gezilecek yerler
tr,fransa gezilecek yerler,1800,parent: fransa gezilecek yerler
tr,dikili gezilecek yerler,1800,parent: dikili gezilecek yerler
tr,gölyazı gezilecek yerler,1800,parent: gölyazı gezilecek yerler
tr,niğde'de gezilecek yerler,1800,parent: niğde de gezilecek yerler
tr,hakkari gezilecek yerler,1800,parent: hakkari gezilecek yerler
tr,şilede gezilecek yerler,1800,parent: şile gezilecek yerler
tr,bükreş gezilecek yerler,1800,parent: bükreş gezilecek yerler
tr,rusya gezilecek yerler,1800,parent: rusya gezilecek yerler
tr,viyana'da gezilecek yerler,1700,parent: viyana
tr,datça'da gezilecek yerler,1700,parent: datça muğla gezilecek yerler
tr,beşiktaşta gezilecek yerler,1700,parent: beşiktaş da gezilecek yerler
tr,adapazarı gezilecek yerler,1700,parent: adapazarı gezilecek yerler
tr,danimarka gezilecek yerler,1700,parent: danimarka'da gezilecek yerler
tr,çeşme gezilecek yerler,1700,parent: çeşme gezilecek yerler
tr,beyşehir gezilecek yerler,1700,parent: beyşehir gezilecek yerler
tr,ısparta'da gezilecek yerler,1700,parent: ısparta gezilecek yerler
tr,taraklı gezilecek yerler,1600,parent: taraklı gezilecek yerler
tr,demre gezilecek yerler,1600,parent: demre gezilecek yerler
tr,selanik gezilecek yerler,1600,parent: selanik'te gezilecek yerler
tr,ardahan gezilecek yerler,1600,parent: ardahan gezilecek yerler
tr,bakü'de gezilecek yerler,1600,parent: bakü azerbaycan gezilecek yerler
tr,iran gezilecek yerler,1600,parent: iran gezilecek yerler
tr,samsun da gezilecek yerler,1600,parent: samsunda gezilecek yerler
tr,kalkan gezilecek yerler,1600,parent: kalkan'da gezilecek yerler
tr,ünye gezilecek yerler,1600,parent: ünye gezilecek yerler
tr,stockholm gezilecek yerler,1600,parent: stockholm gezilecek yerler
tr,türkiye'de gezilecek yerler,1600,parent: türkiye gezilecek yerler
tr,sivrihisar gezilecek yerler,1500,parent: sivrihisar da gezilecek yerler
tr,sevilla gezilecek yerler,1500,parent: sevilla gezilecek yerler
tr,bayramda gezilecek yerler,1500,parent: bayramda gezilecek yerler
tr,kıyıköy gezilecek yerler,1500,parent: kıyıköy gezilecek yerler
tr,iğneada gezilecek yerler,1500,parent: iğneada gezilecek yerler
tr,bartın'da gezilecek yerler,1500,parent: bartın gezilecek yerler
tr,konyada gezilecek yerler,1500,parent: konya tarihi yerler
tr,nallıhan gezilecek yerler,1500,parent: nallıhan gezilecek yerler
tr,sofya gezilecek yerler,1500,parent: sofya nerede
tr,karasu gezilecek yerler,1500,parent: karasuda gezilecek yerler
tr,eski mardin gezilecek yerler,1500,parent: mardin gezilecek yerler
tr,floransa gezilecek yerler,1400,parent: floransa gezilecek yerler
tr,singapur gezilecek yerler,1400,parent: singapur gezilecek yerler
tr,belek gezilecek yerler,1400,parent: belekte gezilecek yerler
tr,sakız adası gezilecek yerler,1400,parent: sakiz adasi
tr,istanbul gezilecek yerler avrupa,1400,parent: istanbul avrupa yakası gezilecek yerler
tr,bingöl'de gezilecek yerler,1400,parent: bingöl gezilecek yerler
tr,üsküdar istanbul gezilecek yerler,1400,parent: üsküdar gezilecek yerler
tr,sapanca da gezilecek yerler,1400,parent: sapanca gezilecek yerler
tr,finike gezilecek yerler,1400,parent: finike gezilecek yerler
tr,romanya gezilecek yerler,1400,parent: romanya gezilecek yerler
tr,almanya'da gezilecek yerler,1400,parent: almanya gezilecek yerler
tr,mardin de gezilecek yerler,1400,parent: mardin gezilecek yerler
tr,sharm el sheikh gezilecek yerler,1400,parent: sharm el sheikh gezilecek yerler
tr,norveç gezilecek yerler,1400,parent: norveç gezilecek yerler
tr,gebze'de gezilecek yerler,1400,parent: kocaeli tarihi yerler
tr,tunus gezilecek yerler,1400,parent: tunus gezilecek yerler
tr,kazakistan gezilecek yerler,1400,parent: kazakistan gezilecek yerler
tr,frankfurt gezilecek yerler,1400,parent: frankfurt gezilecek yerler
tr,manavgat'ta gezilecek yerler,1400,parent: manavgat gezilecek yerler
tr,alaçatı'da gezilecek yerler,1400,parent: alaçatı gezilecek yerler
tr,zonguldak'ta gezilecek yerler,1400,parent: zonguldak gezilecek yerler
tr,ahlat gezilecek yerler,1400,parent: ahlat'ta gezilecek yerler
tr,denizli de gezilecek yerler,1300,parent: denizli'de gezilecek yerler
tr,ürgüp'te gezilecek yerler,1300,parent: ürgüp'te gezilecek yerler
tr,edinburgh gezilecek yerler,1300,parent: edinburgh gezilecek yerler
tr,adanada kebap nerede yenir,1300,parent: adanada kebap nerede yenir
tr,fethiyede gezilecek yerler,1300,parent: fethiye'de gezilecek yerler
tr,mudurnu gezilecek yerler,1300,parent: mudurnu gezilecek yerler
tr,kuşadası merkezde gezilecek yerler,1300,parent: kusadasi merkez
tr,balat'ta gezilecek yerler,1300,parent: balat gezilecek yerler
tr,kaş'ta gezilecek yerler,1300,parent: kaş'ta gezilecek yerler
tr,erdemli gezilecek yerler,1300,parent: erdemli gezilecek yerler
tr,gemlik gezilecek yerler,1300,parent: gemlik gezilecek yerler
tr,lizbon gezilecek yerler,1300,parent: lizbon gezilecek yerler
tr,avrupa yakasında gezilecek yerler,1300,parent: avrupa yakası gezilecek yerler
tr,tarsus'ta gezilecek yerler,1300,parent: tarsusta gezilecek yerler
tr,çerkezköy gezilecek yerler,1300,parent: çerkezköy gezilecek yerler
tr,vietnam gezilecek yerler,1300,parent: vietnam
tr,ispanya'da gezilecek yerler,1300,parent: ispanya gezilecek yerler
tr,tokyo gezilecek yerler,1300,parent: japonya gezilecek yerler
tr,adalarda gezilecek yerler,1300,parent: adalar gezilecek yerler
tr,şirince'de gezilecek yerler,1200,parent: şirince
tr,ingiltere gezilecek yerler,1200,parent: londra
tr,selçuk gezilecek yerler,1200,parent: selçuk gezilecek yerler
tr,kırıkkale'de gezilecek yerler,1200,parent: kırıkkale gezilecek yerler
tr,serik gezilecek yerler,1200,parent: serik gezilecek yerler
tr,balıkesir merkez gezilecek yerler,1200,parent: balıkesir gezilecek yerler
tr,bakü azerbaycan gezilecek yerler,1200,parent: bakü azerbaycan gezilecek yerler
tr,umman gezilecek yerler,1200,parent: umman kadınları
tr,bafra gezilecek yerler,1200,parent: bafra gezilecek yerler
tr,rodos gezilecek yerler,1200,parent: rodos gezilecek yerler
tr,denizlide gezilecek yerler,1200,parent: denizli gezilecek yerler
tr,porsuk çayı odunpazarı evleri eskişehir gezilecek yerler,1200,parent: eskişehir odunpazarı
tr,urla da gezilecek yerler,1200,parent: urla gezilecek yerler
tr,pendik gezilecek yerler,1200,parent: pendikte gezilecek yerler
tr,bursa'da günübirlik gezilecek yerler,1200,parent: bursa'da günübirlik gezilecek yerler
tr,kırşehir'de gezilecek yerler,1200,parent: kırşehir'de gezilecek yerler
tr,portekiz gezilecek yerler,1200,parent: portekiz
tr,geyikli gezilecek yerler,1200,parent: geyiklide gezilecek yerler
tr,çorumda gezilecek yerler,1200,parent: çorumda gezilecek yerler
tr,kartepe gezilecek yerler,1200,parent: kartepede gezilecek yerler
tr,ereğli gezilecek yerler,1200,parent: ereğli gezilecek yerler
tr,erdek gezilecek yerler,1200,parent: balıkesir erdek gezilecek yerler
tr,atina'da gezilecek yerler,1200,parent: atina gezilecek yerler
tr,isveç gezilecek yerler,1200,parent: isveçte gezilecek yerler
tr,antakya gezilecek yerler,1200,parent: hatay'da gezilecek yerler
tr,istanbul'da gezilecek yerler avrupa yakası,1100,parent: istanbul avrupa yakası gezilecek yerler
tr,gaziantep de gezilecek yerler,1100,parent: antep gezilecek yerler
tr,mardin midyat gezilecek yerler,1100,parent: midyat gezilecek yerler
tr,maşukiye sapanca gezilecek yerler,1100,parent: maşukiye gezilecek yerler
tr,bratislava gezilecek yerler,1100,parent: slovakya gezilecek yerler
tr,lyon gezilecek yerler,1100,parent: lyon gezilecek yerler
tr,çine köftesi nerede yenir,1100,parent: çine köftesi
tr,moskova gezilecek yerler,1100,parent: moskova gezilecek yerler
tr,kavala gezilecek yerler,1100,parent: kavala gezilecek yerler
tr,edremit'te gezilecek yerler,1100,parent: edremit gezilecek yerler
tr,tire gezilecek yerler,1100,parent: tire gezilecek yerler
tr,brezilya gezilecek yerler,1100,parent: brezilya gezilecek yerler
tr,eskişehirde gezilecek yerler,1100,parent: eskişehir'de gezilecek yerler
tr,prag'da gezilecek yerler,1100,parent: prag gezilecek yerler
tr,fatih gezilecek yerler,1100,parent: fatih gezilecek yerler
tr,günübirlik gezilecek istanbul gezilecek yerler,1100,parent: günübirlik gezilecek istanbul gezilecek yerler
tr,bangkok gezilecek yerler,1100,parent: bangkok
tr,arnavutköy gezilecek yerler,1100,parent: arnavutköy gezilecek yerler
tr,datça muğla gezilecek yerler,1100,parent: datça gezilecek yerler
tr,şile de gezilecek yerler,1100,parent: şilede gezilecek yerler
tr,venedik gezilecek yerler,1100,parent: venedik'te gezilecek yerler
tr,kemaliye gezilecek yerler,1100,parent: erzincan kemaliye gezilecek yerler
tr,ankara'da gezilecek yerler doğa,1100,parent: ankara'da gezilecek yerler doğa
tr,adrasan gezilecek yerler,1100,parent: adrasan
tr,beypazarı'nda gezilecek yerler,1100,parent: beypazarı gezilecek yerler
tr,mardinde gezilecek yerler,1100,parent: mardin gezilecek yerler
tr,ohrid gezilecek yerler,1100,parent: ohrid gezilecek yerler
tr,kumluca gezilecek yerler,1100,parent: kumluca da gezilecek yerler
tr,midilli adası gezilecek yerler,1100,parent: midilli adası gezilecek yerler
tr,kışın gezilecek yerler,1100,parent: kışın tatile gidilecek yerler
tr,konya ereğli gezilecek yerler,1100,parent: ereğli gezilecek yerler
tr,cenevre gezilecek yerler,1100,parent: cenevre gezilecek yerler
tr,günübirlik gezilecek bursa da gezilecek yerler,1100,parent: günübirlik gezilecek bursa da gezilecek yerler
tr,dalyan gezilecek yerler,1100,parent: dalyan gezilecek yerler
tr,antalya merkezde gezilecek yerler,1000,parent: antalya merkez gezilecek yerler
tr,tunceli'de gezilecek yerler,1000,parent: tunceli gezilecek yerler
tr,gökçeada'da gezilecek yerler,1000,parent: gökçeada gezilecek yerler
tr,kırgızistan gezilecek yerler,1000,parent: kırgızistan gezilecek yerler
tr,adanada gezilecek yerler,1000,parent: adana'da gezilecek yerler
tr,erzurum da gezilecek yerler,1000,parent: erzurum'da gezilecek yerler
tr,karaburun gezilecek yerler,1000,parent: izmir karaburun gezilecek yerler
tr,fethiye de gezilecek yerler,1000,parent: fethiye'de gezilecek yerler
tr,istanbul'da kışın gezilecek yerler,1000,parent: istanbul da kışın gezilecek yerler
tr,tarsusta gezilecek yerler,1000,parent: tarsusta gezilecek yerler
tr,üsküdarda gezilecek yerler,1000,parent: üsküdarda gidilebilecek yerler
tr,ürdün gezilecek yerler,1000,parent: ürdün gezilecek yerler
tr,salzburg gezilecek yerler,1000,parent: salzburg gezilecek yerler
tr,new york gezilecek yerler,1000,parent: new york da gezilecek yerler
tr,halfeti gezilecek yerler,1000,parent: halfeti gezilecek yerler
tr,isparta gezilecek yerler,1000,parent: ısparta gezilecek yerler
tr,taksim gezilecek yerler,1000,parent: taksim'de gezilecek yerler
tr,niğdede gezilecek yerler,1000,parent: niğde nasıl bir yer
tr,zonguldak ereğli gezilecek yerler,1000,parent: ereğli gezilecek yerler
tr,bodrum'da gezilecek yerler,1000,parent: bodrum da gezilecek yerler
tr,macaristan gezilecek yerler,1000,parent: tokaj
tr,sapanca gölü gezilecek yerler,1000,parent: sapanca gezilecek yerler
tr,barcelona gezilecek yerler,1000,parent: barselona gezilecek yerler
tr,sri lanka gezilecek yerler,1000,parent: sri lanka neyi meşhur
tr,şarköy gezilecek yerler,1000,parent: şarköy gezilecek yerler
tr,bozüyük gezilecek yerler,1000,parent: bozüyük bilecik gezilecek yerler
tr,malezya gezilecek yerler,1000,parent: malezyada gezilecek yerler
tr,şirince izmir gezilecek yerler,1000,parent: şirince gezilecek yerler
tr,bandırma'da gezilecek yerler,1000,parent: bandırma gezilecek yerler
tr,merzifon gezilecek yerler,1000,parent: merzifon gezilecek yerler
tr,fransa'da gezilecek yerler,1000,parent: fransa
tr,katar gezilecek yerler,1000,parent: katar
tr,ödemiş gezilecek yerler,1000,parent: ödemiş gezilecek yerler
tr,fatih'te gezilecek yerler,1000,parent: fatih gezilecek yerler
tr,uzungöl trabzon gezilecek yerler,1000,parent: uzungöl gezilecek yerler
tr,diyarbakır da gezilecek yerler,1000,parent: diyarbakır gezilecek yerler
tr,batum'da gezilecek yerler,1000,parent: batum gezilecek yerler
tr,girne gezilecek yerler,1000,parent: girne de gezilecek yerler
tr,edirne de gezilecek yerler,1000,parent: edirne gezilecek yerler
tr,akşehir gezilecek yerler,1000,parent: akşehir'de gezilecek yerler
tr,büyükçekmece gezilecek yerler,900,parent: büyükçekmece gidilecek mekanlar
tr,avanos'ta gezilecek yerler,900,parent: avanos
tr,mersin erdemli gezilecek yerler,900,parent: erdemli gezilecek yerler
tr,çorlu'da gezilecek yerler,900,parent: çorlu gezilecek yerler
tr,phuket gezilecek yerler,900,parent: phuket gezilecek yerler
tr,rize merkez gezilecek yerler,900,parent: rize'de gezilecek yerler
tr,sakarya karasu gezilecek yerler,900,parent: karasu gezilecek yerler
tr,pendikte gezilecek yerler,900,parent: pendikte gezilecek yerler
tr,göreme'de gezilecek yerler,900,parent: göremede gezilecek yerler
tr,polonya gezilecek yerler,900,parent: polonya
tr,bolu merkez gezilecek yerler,900,parent: bolu da gezilecek yerler
tr,çengelköy gezilecek yerler,900,parent: çengelköy gezilecek yerler
tr,samandağ gezilecek yerler,900,parent: samandağ gezilecek yerler
tr,bakırköy gezilecek yerler,900,parent: bakırköy gezilecek yerler
tr,balıkesir de gezilecek yerler,900,parent: balıkesir gezilecek yerler
tr,cumalıkızık gezilecek yerler,900,parent: cumalıkızık
tr,sığacık gezilecek yerler,900,parent: sığacık gezilecek yerler
tr,kuzey makedonya gezilecek yerler,900,parent: makedonya gezilecek yerler
tr,niğde de gezilecek yerler,900,parent: niğde de gezilecek yerler
tr,kemer'de gezilecek yerler,900,parent: kemer gezilecek yerler
tr,londra'da gezilecek yerler,900,parent: londra
tr,türkmenistan gezilecek yerler,900,parent: türkmenistan gezilecek yerler
tr,konyaaltı gezilecek yerler,900,parent: konyaaltı gezilecek yerler
tr,balkanlarda gezilecek yerler,900,parent: balkanlarda gezilecek yerler
tr,kaz dağları gezilecek yerler,900,parent: kaz dağları gezilecek yerler
tr,seydişehir gezilecek yerler,900,parent: seydişehir nerede
tr,beylikdüzü gezilecek yerler,900,parent: beylikdüzü gezilecek yerler
tr,datça da gezilecek yerler,900,parent: datça muğla gezilecek yerler
tr,dikilide gezilecek yerler,900,parent: dikili gezilecek yerler
tr,ortaca gezilecek yerler,900,parent: ortaca gezilecek yerler
tr,tuzla gezilecek yerler,900,parent: tuzlada gezilecek yerler
tr,ölüdeniz gezilecek yerler,900,parent: ölüdeniz gezilecek yerler
tr,trabzonda gezilecek yerler,800,parent: trabzon'da gezilecek yerler
tr,eskisehir gezilecek yerler,800,parent: eskişehir gezilecek yerler
tr,marsilya gezilecek yerler,800,parent: marsilya'da gezilecek yerler
tr,çanakkale merkez gezilecek yerler,800,parent: çanakkale gezilecek yerler merkez
tr,yalova da gezilecek yerler,800,parent: yalova'da gezilecek yerler
tr,isviçre'de gezilecek yerler,800,parent: isviçre
tr,viranşehir gezilecek yerler,800,parent: viranşehir'de gezilecek yerler
tr,çatalca da gezilecek yerler,800,parent: çatalca gezilecek yerler
tr,polonezköy gezilecek yerler,800,parent: polonezköy gezilecek yerler
tr,seferihisar'da gezilecek yerler,800,parent: seferihisar sığacık
tr,belgrad'da gezilecek yerler,800,parent: belgrad
tr,endonezya gezilecek yerler,800,parent: endonezya gezilecek yerler
tr,krakow gezilecek yerler,800,parent: krakow gezilecek yerler
tr,kalkan'da gezilecek yerler,800,parent: kalkan'da gezilecek yerler
tr,bologna gezilecek yerler,800,parent: bolonya
tr,beyşehir'de gezilecek yerler,800,parent: beyşehir gezilecek yerler
tr,yalova çınarcık gezilecek yerler,800,parent: yalova çınarcık gezilecek yerler
tr,nürnberg gezilecek yerler,800,parent: almanya nürnberg
tr,tire'de gezilecek yerler,800,parent: tire gezilecek yerler
tr,kastamonu da gezilecek yerler,800,parent: kastamonu gezilecek yerler
tr,akyazı gezilecek yerler,800,parent: akyazı gezilecek yerler
tr,oslo gezilecek yerler,800,parent: oslo gezilecek yerler
tr,erdek'te gezilecek yerler,800,parent: balıkesir erdek gezilecek yerler
tr,midilli gezilecek yerler,800,parent: midilli
tr,trabzon'da gezilecek yerler merkez,800,parent: trabzon'da gezilecek yerler merkez
tr,ermenek gezilecek yerler,800,parent: ermenek gezilecek yerler
tr,kotor gezilecek yerler,800,parent: kotor
tr,nusaybin gezilecek yerler,800,parent: nusaybin gezilecek yerler
tr,samsun atakum gezilecek yerler,800,parent: samsun atakumda gezilecek yerler
tr,balıkesir merkezde gezilecek yerler,800,parent: balıkesir gezilecek yerler
tr,helsinki gezilecek yerler,800,parent: helsinki gezilecek yerler
tr,plovdiv gezilecek yerler,800,parent: filibe gezilecek yerler
tr,azerbaycan'da gezilecek yerler,800,parent: azerbaycan gezilecek yerler
tr,çanakkale assos gezilecek yerler,800,parent: assos gezilecek yerler
tr,gölbaşı gezilecek yerler,800,parent: gölbaşı gezilecek yerler
tr,van edremit gezilecek yerler,800,parent: van edremit gezilecek yerler
tr,cezayir gezilecek yerler,800,parent: cezayir gezilecek yerler
tr,siverek gezilecek yerler,800,parent: siverek'te gezilecek yerler
tr,üsküp'te gezilecek yerler,800,parent: üsküp gezilecek yerler
tr,marmara adası gezilecek yerler,800,parent: marmara adası gezilecek yerler
tr,sivas merkez gezilecek yerler,800,parent: sivas gezilecek yerler
tr,arjantin gezilecek yerler,800,parent: arjantin gezilecek yerler
tr,trilye gezilecek yerler,800,parent: trilye
tr,izmirde gezilecek doğal yerler,800,parent: izmirde gezilecek doğal yerler
tr,masal şatosu eskişehir gezilecek yerler,800,parent: masal şatosu eskişehir gezilecek yerler
tr,çin gezilecek yerler,800,parent: çinde gezilecek yerler
tr,antalya gezilecek yerler merkez,800,parent: antalya merkez gezilecek yerler
tr,taksim'de gezilecek yerler,800,parent: taksim'de gezilecek yerler
tr,malta gezilecek yerler,800,parent: maltada gezilecek yerler
tr,ünye'de gezilecek yerler,800,parent: ünye
tr,lefkoşa kıbrıs gezilecek yerler,800,parent: lefkoşa kıbrıs gezilecek yerler
tr,tiflis'te gezilecek yerler,800,parent: gürcistan tiflis
tr,belek'te gezilecek yerler,800,parent: belekte gezilecek yerler
tr,urfada gezilecek yerler,800,parent: urfa'da gezilecek yerler
tr,lübnan gezilecek yerler,800,parent: lübnan gezilecek yerler
tr,nice gezilecek yerler,800,parent: nice gezilecek yerler
tr,manavgatta gezilecek yerler,700,parent: manavgat gezilecek yerler
tr,hindistan gezilecek yerler,700,parent: hindistan'ın en güzel şehri
tr,balıkesir akçay gezilecek yerler,700,parent: akçay gezilecek yerler
tr,muğla merkez gezilecek yerler,700,parent: muğla merkezde gezilecek yerler
tr,gerede gezilecek yerler,700,parent: gerede gezilecek yerler
tr,dresden gezilecek yerler,700,parent: dresden gezilecek yerler
tr,bursa merkez gezilecek yerler,700,parent: bursa merkez
tr,istanbul gezilecek yerler anadolu,700,parent: anadolu yakasında gezilecek yerler
tr,cizre gezilecek yerler,700,parent: cizre gezilecek yerler
tr,maşukiye'de gezilecek yerler,700,parent: maşukiye gezilecek yerler
tr,beyrut gezilecek yerler,700,parent: beyrut gezilecek yerler
tr,kaş da gezilecek yerler,700,parent: kaş
tr,eceabat gezilecek yerler,700,parent: çanakkale eceabat gezilecek yerler
tr,nahçıvan gezilecek yerler,700,parent: nahçıvan gezilecek yerler
tr,antalya belek gezilecek yerler,700,parent: belekte gezilecek yerler
tr,batı karadeniz gezilecek yerler,700,parent: batı karadeniz'de gezilecek yerler
tr,valencia gezilecek yerler,700,parent: valencia gezilecek yerler
tr,niksar gezilecek yerler,700,parent: niksar gezilecek yerler
tr,ısparta merkez gezilecek yerler,700,parent: ısparta gezilecek yerler
tr,yalıkavak gezilecek yerler,700,parent: bodrum yalıkavak gezilecek yerler
tr,nazilli gezilecek yerler,700,parent: aydın nazilli gezilecek yerler
tr,karaköyde gezilecek yerler,700,parent: karaköyde gezilecek yerler
tr,ankaraya yakın gezilecek yerler,700,parent: ankara'ya yakın gezilecek yerler
tr,gelibolu'da gezilecek yerler,700,parent: gelibolu gezilecek yerler
tr,birgi gezilecek yerler,700,parent: birgi
tr,amerika gezilecek yerler,700,parent: amerika gezilecek yerler
tr,antalya manavgat gezilecek yerler,700,parent: manavgat gezilecek yerler
tr,rize merkezde gezilecek yerler,700,parent: rize merkez gezilecek yerler
tr,antalya kalkan gezilecek yerler,700,parent: kalkan'da gezilecek yerler
tr,napoli gezilecek yerler,700,parent: napolide gezilecek yerler
tr,lüksemburg gezilecek yerler,700,parent: lüksemburg gezilecek yerler
tr,konya etli ekmek nerede yenir,700,parent: konya etli ekmek nerede yenir
tr,filipinler gezilecek yerler,600,parent: filipinler gezilecek yerler
tr,hurghada gezilecek yerler,600,parent: hurghada gezilecek yerler
tr,çınarcık gezilecek yerler,600,parent: çınarcık gezilecek yerler
tr,azerbaycan bakü gezilecek yerler,600,parent: bakü gezilecek yerler
tr,rodos adası gezilecek yerler,600,parent: rodos gezilecek yerler
tr,büyükadada gezilecek yerler,600,parent: büyükada da nereler gezilir
tr,kahire gezilecek yerler,600,parent: kahire'de gezilecek yerler
tr,bodrumda gezilecek yerler,600,parent: bodrumda gezilecek yerler
tr,zeytinburnu gezilecek yerler,600,parent: zeytinburnu gezilecek yerler
tr,anamur gezilecek yerler,600,parent: anamur gezilecek yerler
tr,bartın amasra gezilecek yerler,600,parent: amasra gezilecek yerler
tr,edirne gezilecek yerler doğa,600,parent: edirne'nin doğal güzellikleri
tr,türkiyede gezilecek yerler,600,parent: türkiye gezilecek yerler
tr,istanbul gezilecek yerler listesi,600,parent: istanbul gezilecek yerler
tr,irlanda gezilecek yerler,600,parent: irlanda da gezilecek yerler
tr,kandıra gezilecek yerler,600,parent: kandıra gezilecek yerler
tr,antalya side gezilecek yerler,600,parent: side gezilecek yerler
tr,bursa merkezde gezilecek yerler,600,parent: bursa merkez
tr,mordoğan gezilecek yerler,600,parent: mordoğanda gezilecek yerler
tr,ıspartada gezilecek yerler,600,parent: ısparta gezilecek yerler
tr,iskoçya gezilecek yerler,600,parent: iskoçya
tr,amsterdam'da gezilecek yerler,600,parent: amsterdam'da gezilecek yerler
tr,sürmene gezilecek yerler,600,parent: sürmene gezilecek yerler
tr,ankaraya yakin gezilecek yerler,600,parent: ankara çevresi gezilecek yerler
tr,seydikemer gezilecek yerler,600,parent: seydikemer gezilecek yerler
tr,kaş kalkan gezilecek yerler,600,parent: kalkan'da gezilecek yerler
tr,konya merkez gezilecek yerler,600,parent: konya da gezilecek yerler
tr,beyazsu mardin midyat gezilecek yerler,600,parent: beyazsu mardin
tr,hırvatistan gezilecek yerler,600,parent: hırvatistan gezilecek yerler
tr,eski datça gezilecek yerler,600,parent: eski datça gezilecek yerler
tr,çarşamba gezilecek yerler,600,parent: samsun çarşamba gezilecek yerler
tr,ürgüpte gezilecek yerler,600,parent: ürgüp'te gezilecek yerler
tr,bursa nilüfer gezilecek yerler,600,parent: bursa nilüfer gezilecek yerler
tr,çamlıhemşin gezilecek yerler,600,parent: çamlıhemşin
tr,istanbul'da gezilecek en güzel yerler,600,parent: istanbul'da gezilecek yerler
tr,izmir urla gezilecek yerler,600,parent: urla gezilecek yerler
tr,silifke'de gezilecek yerler,600,parent: silifke gezilecek yerler
tr,roma da gezilecek yerler,600,parent: roma gezilecek yerler
tr,doğuda gezilecek yerler,600,parent: doğuda gezilecek yerler
tr,antalya serik gezilecek yerler,600,parent: serik gezilecek yerler
tr,selçuk'ta gezilecek yerler,600,parent: selçuk'ta gezilecek yerler
tr,çekmeköy gezilecek yerler,600,parent: çekmeköy gezilecek yerler
tr,istanbul'da gezilecek yerler anadolu yakası,600,parent: anadolu yakasında gezilecek yerler
tr,gölcük gezilecek yerler,600,parent: kocaeli gölcük gezilecek yerler
tr,adalar gezilecek yerler,600,parent: adalarda gezilecek yerler
tr,beypazarında gezilecek yerler,600,parent: beypazarı gezilecek yerler
tr,antalya konyaaltı gezilecek yerler,600,parent: konyaaltı gezilecek yerler
tr,osaka gezilecek yerler,600,parent: osaka gezilecek yerler
tr,keşan gezilecek yerler,600,parent: keşan gezilecek yerler
tr,taşkent gezilecek yerler,600,parent: taşkent gezilecek yerler
tr,mersin silifke gezilecek yerler,600,parent: mersin silifke gezilecek yerler
tr,hakkari'de gezilecek yerler,600,parent: hakkari gezilecek yerler
tr,budva gezilecek yerler,600,parent: budva gezilecek yerler
tr,istanbul'da çocuklarla gezilecek yerler,600,parent: istanbulda çoçuk eğlence yerleri
tr,abu dabi gezilecek yerler,600,parent: abu dhabi gezilecek yerler
tr,cide gezilecek yerler,600,parent: cide gezilecek yerler
tr,hevsel bahçeleri diyarbakır gezilecek yerler,600,parent: diyarbakır hevsel bahçeleri
tr,colmar gezilecek yerler,600,parent: colmar gezilecek yerler
tr,izmir selçuk gezilecek yerler,600,parent: selçuk gezilecek yerler
tr,varşova gezilecek yerler,600,parent: varşova gezilecek yerler
tr,rotterdam gezilecek yerler,600,parent: rotterdam da gezilecek yerler
tr,söke gezilecek yerler,600,parent: söke gezilecek yerler
tr,cape town gezilecek yerler,600,parent: cape town gezilecek yerler
tr,kartal gezilecek yerler,600,parent: kartal gezilecek yerler
tr,gölyazı bursa gezilecek yerler,600,parent: gölyazı
tr,riva gezilecek yerler,600,parent: riva gezilecek yerler
tr,manisa merkez gezilecek yerler,600,parent: gezilecek yerler manisa sahil
tr,balıkesir edremit gezilecek yerler,600,parent: edremitte gezilecek yerler
tr,ordu merkez gezilecek yerler,600,parent: ordu gezilecek yerler
tr,küçükkuyu gezilecek yerler,600,parent: küçükkuyu gezilecek yerler
tr,gerze gezilecek yerler,600,parent: sinop gerze gezilecek yerler
tr,eğirdir gezilecek yerler,600,parent: eğirdir de gezilecek yerler
tr,gaziantep te gezilecek yerler,600,parent: gaziantep gezilecek yerler
tr,ortaköy gezilecek yerler,600,parent: ortaköy gezilecek yerler
tr,izmir merkezde gezilecek yerler,600,parent: izmir'de gezilecek yerler
tr,salihli gezilecek yerler,600,parent: salihlide gezilecek yerler
tr,karacabey gezilecek yerler,600,parent: karacabey gezilecek yerler
tr,st petersburg gezilecek yerler,600,parent: petersburg gezilecek yerler
tr,kızılcahamam'da gezilecek yerler,600,parent: kızılcahamam gezilecek yerler
tr,odunpazarı evleri eskişehir gezilecek yerler,600,parent: odunpazarı evleri eskişehir gezilecek yerler
tr,mardin merkez gezilecek yerler,600,parent: mardin gezilecek yerler
tr,söğüt gezilecek yerler,600,parent: söğütte gezilecek yerler
tr,kktc gezilecek yerler,600,parent: kıbrıs'ta gezilecek yerler
tr,nişantaşı gezilecek yerler,600,parent: nişantaşı gezilecek yerler
tr,moğolistan gezilecek yerler,600,parent: moğolistan gezilecek yerler
tr,meksika gezilecek yerler,600,parent: meksika
tr,adilcevaz gezilecek yerler,600,parent: adilcevaz da gezilecek yerler
tr,beykozda gezilecek yerler,600,parent: beykoz gezilecek yerler
tr,olimpos gezilecek yerler,600,parent: olimpos
tr,rusya'da gezilecek yerler,600,parent: rusya gezilecek yerler
tr,keçiören gezilecek yerler,600,parent: keçiörende gezilecek yerler
tr,bergama'da gezilecek yerler,600,parent: pergamon antik kenti
tr,manisada gezilecek yerler,600,parent: manisa gezilecek yerler
tr,ısparta da gezilecek yerler,600,parent: ısparta gezilecek yerler
tr,izlanda gezilecek yerler,600,parent: izlanda gezilecek yerler
tr,malatya darende gezilecek yerler,600,parent: darende de gezilecek yerler
tr,ukrayna gezilecek yerler,600,parent: ukrayna gezilecek yerler
tr,ereğli'de gezilecek yerler,600,parent: ereğli gezilecek yerler
tr,buzluk mağarası afyon gezilecek yerler,600,parent: buzluk mağarası afyon gezilecek yerler
tr,muğla merkezde gezilecek yerler,600,parent: muğla merkezde gezilecek yerler
tr,dörtyol gezilecek yerler,600,parent: dörtyol gezilecek yerler
tr,nizip gezilecek yerler,600,parent: nizipte gezilecek yerler
tr,bayramda gezilecek yerler istanbul,500,parent: bayramda gezilecek yerler istanbul
tr,gazimağusa gezilecek yerler,500,parent: gazimağusa gezilecek yerler
tr,budapeşte'de gezilecek yerler,500,parent: budapeşte
tr,alsancak gezilecek yerler,500,parent: alsancak gezilecek yerler
tr,suudi arabistan gezilecek yerler,500,parent: suudi arabistan gezilecek yerler
tr,marmaris içmeler gezilecek yerler,500,parent: içmelerde gezilecek yerler
tr,istanbul'da gezilecek tarihi yerler,500,parent: istanbul un tarihi yerleri
tr,istanbul'a yakın günübirlik gezilecek yerler,500,parent: istanbula yakın yerler
tr,köln'de gezilecek yerler,500,parent: köln gezilecek yerler
tr,bolu merkezde gezilecek yerler,500,parent: bolu'da gezilecek yerler
tr,side de gezilecek yerler,500,parent: side gezilecek yerler
tr,fethiye ölüdeniz gezilecek yerler,500,parent: ölüdeniz gezilecek yerler
tr,boyabat gezilecek yerler,500,parent: boyabat nerede
tr,brugge gezilecek yerler,500,parent: brugge
tr,bafra'da gezilecek yerler,500,parent: bafra gezilecek yerler
tr,hong kong gezilecek yerler,500,parent: hong kong gezilecek yerler
tr,girne'de gezilecek yerler,500,parent: girne
tr,sırbistan belgrad gezilecek yerler,500,parent: belgrad
tr,haymana gezilecek yerler,500,parent: haymana gezilecek yerler
tr,günübirlik gezilecek yerler,500,parent: istanbula yakın gezilecek yerler
tr,uşakta gezilecek yerler,500,parent: uşak'da gezilecek yerler
tr,istanbul gezilecek yerler haritası,500,parent: istanbul gezilecek yerler haritası
tr,afyon'da gezilecek yerler doğa,500,parent: afyon kaymağı
tr,kula gezilecek yerler,500,parent: kulada gezilecek yerler
tr,bakırcılar çarşısı gaziantep gezilecek yerler,500,parent: gaziantep bakırcılar çarşısı
tr,balkanlar gezilecek yerler,500,parent: balkanlar gezilecek yerler
tr,tirebolu gezilecek yerler,500,parent: tirebolu gezilecek yerler
tr,aydın merkezde gezilecek yerler,500,parent: aydın'da gezilecek yerler
tr,istanbul fatih gezilecek yerler,500,parent: fatih'te gezilecek yerler
tr,silifkede gezilecek yerler,500,parent: silifke gezilecek yerler
tr,arhavi gezilecek yerler,500,parent: arhavi gezilecek yerler
tr,sakarya sapanca gezilecek yerler,500,parent: sapanca gezilecek yerler
tr,gümüşlük gezilecek yerler,500,parent: gümüşlük
tr,kuzey kıbrıs gezilecek yerler,500,parent: kıbrıs gezilecek yerler
tr,bursa gemlik gezilecek yerler,500,parent: gemlik gezilecek yerler
tr,selimiye gezilecek yerler,500,parent: marmaris selimiye
tr,dublin gezilecek yerler,500,parent: irlanda gezilecek yerler
tr,armutlu gezilecek yerler,500,parent: armutlu gezilecek yerler
tr,istanbul'da çocukla gezilecek yerler,500,parent: istanbulda çocukla gezilecek yerler
tr,erzin gezilecek yerler,500,parent: erzin gezilecek yerler
tr,istanbul'da günübirlik gezilecek yerler,500,parent: hafta sonu gezilecek yerler
tr,andırın gezilecek yerler,500,parent: andırın da gezilecek yerler
tr,kanada gezilecek yerler,500,parent: canada
tr,izmir alaçatı gezilecek yerler,500,parent: alaçatı gezilecek yerler
tr,erzurum merkez gezilecek yerler,500,parent: erzurum gezilecek yerler merkez
tr,nevşehir merkez gezilecek yerler,500,parent: nevşehir de gezilecek yerler
tr,sirkeci gezilecek yerler,500,parent: sirkeci gezilecek yerler
tr,fas'ta gezilecek yerler,500,parent: fas gezilecek yerler
tr,bilbao gezilecek yerler,500,parent: bilbao gezilecek yerler
tr,erdekte gezilecek yerler,500,parent: erdekte gezilecek yerler
tr,bulgaristan'da gezilecek yerler,500,parent: bulgaristan
tr,biga gezilecek yerler,500,parent: çanakkale biga gezilecek yerler
tr,safranbolu da gezilecek yerler,500,parent: safranbolu gezilecek yerler
tr,podgorica gezilecek yerler,500,parent: karadağ
tr,muğla köyceğiz gezilecek yerler,500,parent: köyceğiz gezilecek yerler
tr,hasankeyf gezilecek yerler,500,parent: hasankeyf gezilecek yerler
tr,ingiltere'de gezilecek yerler,500,parent: yol üzeri gezilecek yerler
tr,bebekte gezilecek yerler,500,parent: bebekte gezilecek yerler
tr,istanbul çocukla gezilecek yerler,500,parent: istanbulda çocukla gezilecek yerler
tr,izmir buca gezilecek yerler,500,parent: izmir buca gezilecek yerler
tr,kişinev gezilecek yerler,500,parent: kişinev gezilecek yerler
tr,los angeles gezilecek yerler,500,parent: los angeles gezilecek yerler
tr,ljubljana gezilecek yerler,500,parent: ljubljana gezilecek yerler
tr,kastamonu cide gezilecek yerler,500,parent: cide gezilecek yerler
tr,kemer merkez gezilecek yerler,500,parent: kemer gezilecek yerler
tr,elazığ da gezilecek yerler,500,parent: elazığ gezilecek yerler
tr,kızılay gezilecek yerler,500,parent: kızılay gezilecek yerler
tr,akşehir'de gezilecek yerler,500,parent: akşehir'de gezilecek yerler
tr,sinop gerze gezilecek yerler,500,parent: gerze gezilecek yerler
tr,vizesiz gezilecek yerler,500,parent: vizesiz tatil yerleri
tr,sivas merkezde gezilecek yerler,500,parent: sivas'ta gezilecek yerler
tr,doha gezilecek yerler,500,parent: doha gezilecek yerler
tr,aydın merkez gezilecek yerler,500,parent: aydın'da gezilecek yerler
tr,çamlıdere gezilecek yerler,500,parent: çamlıdere gezilecek yerler
tr,göcek'te gezilecek yerler,500,parent: göcek gezilecek yerler
tr,tuzlada gezilecek yerler,500,parent: tuzlada gezilecek yerler
tr,kuveyt gezilecek yerler,500,parent: kuveyt gezilecek yerler
tr,birecik gezilecek yerler,500,parent: birecik gezilecek yerler
tr,israil gezilecek yerler,500,parent: israil gezilecek yerler
tr,aşk vadisi kapadokya gezilecek yerler,500,parent: aşıklar vadisi
tr,izmir merkez gezilecek yerler,500,parent: izmir merkez gezilecek yerler
tr,bodrum merkez gezilecek yerler,500,parent: bodrum merkez gezilecek yerler
tr,marakeş gezilecek yerler,500,parent: marakeş
tr,kuzguncuk'ta gezilecek yerler,500,parent: kuzguncuk gezilecek yerler
tr,sinop merkez gezilecek yerler,500,parent: sinop gezilecek yerler
tr,iznikte gezilecek yerler,500,parent: iznik gezilecek yerler
tr,bilecik söğüt gezilecek yerler,450,parent: söğüt gezilecek yerler
tr,orhangazi gezilecek yerler,450,parent: orhangazi gezilecek yerler
tr,merzifonda gezilecek yerler,450,parent: merzifon gezilecek yerler
tr,erciş gezilecek yerler,450,parent: erciş'te gezilecek yerler
tr,konya gezilecek yerler merkez,450,parent: konya gezilecek yerler
tr,kanlıca gezilecek yerler,450,parent: kanlıca gezilecek yerler
tr,çorum da gezilecek yerler,450,parent: çorumda gezilecek yerler
tr,erzincan da gezilecek yerler,450,parent: erzincan'da gezilecek yerler
tr,luzern gezilecek yerler,450,parent: luzern gezilecek yerler
tr,heidelberg gezilecek yerler,450,parent: heidelberg
tr,istanbul avrupa yakasında gezilecek yerler,450,parent: istanbul avrupa yakası gezilecek yerler
tr,izmir çevresi gezilecek yerler,450,parent: izmir çevresi gezilecek yerler
tr,ordu gezilecek yerler listesi,450,parent: ordu gezilecek yerler
tr,peru gezilecek yerler,450,parent: peru gezilecek yerler
tr,samsun merkezde gezilecek yerler,450,parent: samsun merkez gezilecek yerler
tr,balatta gezilecek yerler,450,parent: balat gezilecek yerler
tr,akhisar gezilecek yerler,450,parent: akhisarda gezilecek yerler
tr,granada gezilecek yerler,450,parent: granada gezilecek yerler
tr,izmir'de gezilecek doğal yerler,450,parent: izmir'de gezilecek doğal yerler
tr,burhaniye gezilecek yerler,450,parent: burhaniye gezilecek yerler
tr,izmir tire gezilecek yerler,450,parent: tire'de gezilecek yerler
tr,ege bölgesi gezilecek yerler,450,parent: ege gezilecek yerler
tr,istanbul çevresi gezilecek yerler,450,parent: istanbul çevresi gezilecek yerler
tr,karadeniz turu gezilecek yerler,450,parent: doğu karadeniz gezilecek yerler
tr,kos gezilecek yerler,450,parent: kos
tr,iskeçe gezilecek yerler,450,parent: iskeçe gezilecek yerler
tr,viyana da gezilecek yerler,450,parent: viyana gezilecek yerler
tr,istanbul avrupa gezilecek yerler,450,parent: istanbul avrupa yakası gezilecek yerler
tr,cumalıkızık köyü gezilecek yerler,450,parent: cumalıkızık köyü gezilecek yerler
tr,arsuz'da gezilecek yerler,450,parent: arsuzda gezilecek yerler
tr,belekte gezilecek yerler,450,parent: belekte gezilecek yerler
tr,slovenya gezilecek yerler,450,parent: slovenya gezilecek yerler
tr,çayeli gezilecek yerler,450,parent: çayeli gezilecek yerler
tr,zürih'te gezilecek yerler,450,parent: zürih gezilecek yerler
tr,erbaa gezilecek yerler,450,parent: erbaa gezilecek yerler
tr,izmir dikili gezilecek yerler,450,parent: dikili gezilecek yerler
tr,belçika'da gezilecek yerler,450,parent: belçika gezilecek yerler
tr,dortmund gezilecek yerler,450,parent: dortmund gezilecek yerler
tr,marmara ereğlisi gezilecek yerler,450,parent: tekirdağ gezilecek yerler
tr,beşiktaş da gezilecek yerler,450,parent: beşiktaş gezilecek yerler
tr,bursa inegöl gezilecek yerler,450,parent: inegölde gezilecek yerler
tr,japonya'da gezilecek yerler,450,parent: destinations to visit in japan
tr,medine'de gezilecek yerler,450,parent: medine de ne var
tr,silivri'de gezilecek yerler,450,parent: silivri gezilecek yerler
tr,safranbolu amasra gezilecek yerler,450,parent: safranbolu amasra gezilecek yerler
tr,balıkesir erdek gezilecek yerler,450,parent: balıkesir erdek gezilecek yerler
tr,özbekistan'da gezilecek yerler,450,parent: özbekistan'da gezilecek yerler
tr,doğanbey köyü gezilecek yerler,450,parent: doğanbey köyü gezilecek yerler
tr,ulus gezilecek yerler,450,parent: ulus gezilecek yerler
tr,develi gezilecek yerler,450,parent: develi gezilecek yerler
tr,serik'te gezilecek yerler,450,parent: serik gezilecek yerler
tr,zagreb gezilecek yerler,450,parent: zagreb gezilecek yerler
tr,malaga gezilecek yerler,450,parent: malaga ispanya
tr,antalya kepez gezilecek yerler,450,parent: antalya kepez gezilecek yerler
tr,istanbul anadolu gezilecek yerler,450,parent: anadolu yakası gezilecek yerler
tr,berlinde gezilecek yerler,450,parent: berlin gezilecek yerler
tr,torbalı gezilecek yerler,450,parent: torbalı gezilecek yerler
tr,antalya'da gezilecek yerler merkez,450,parent: antalya merkez gezilecek yerler
tr,foça'da gezilecek yerler,450,parent: eski foça gezilecek yerler
tr,dünyada gezilecek yerler,450,parent: en güzel ülkeler
tr,afyonkarahisar'da gezilecek yerler,450,parent: afyon gezilecek yerler
tr,ksamil gezilecek yerler,450,parent: ksamil gezilecek yerler
tr,susurluk gezilecek yerler,450,parent: susurluk gezilecek yerler
tr,turgutreis gezilecek yerler,450,parent: turgutreis gezilecek yerler
tr,anadolu yakası'nda gezilecek yerler,450,parent: anadolu yakası gezilecek yerler
tr,sivas'ta gezilecek yerler merkez,450,parent: sivas'ta gezilecek yerler merkez
tr,çekya gezilecek yerler,450,parent: çekya gezilecek yerler
tr,antalya lara gezilecek yerler,450,parent: antalya lara gezilecek yerler
tr,konya merkezde gezilecek yerler,450,parent: konya merkezde gezilecek yerler
tr,bremen gezilecek yerler,450,parent: bremen gezilecek yerler
tr,çanakkale biga gezilecek yerler,450,parent: çanakkale biga gezilecek yerler
tr,simav gezilecek yerler,400,parent: simav gezilecek yerler
tr,çatalcada gezilecek yerler,400,parent: çatalca gezilecek yerler
tr,tuzla'da gezilecek yerler,400,parent: tuzlada gezilecek yerler
tr,midyat mardin gezilecek yerler,400,parent: midyat gezilecek yerler
tr,ispanyada gezilecek yerler,400,parent: ispanya gezilecek yerler
tr,denizli merkez gezilecek yerler,400,parent: denizli'de gezilecek yerler
tr,akbük gezilecek yerler,400,parent: akbük gezilecek yerler
tr,başiskele gezilecek yerler,400,parent: başiskele gezilecek yerler
tr,şavşat gezilecek yerler,400,parent: şavşat gezilecek yerler
tr,ürgüp de gezilecek yerler,400,parent: ürgüp gezilecek yerler
tr,bostancı gezilecek yerler,400,parent: bostancı gezilecek yerler
tr,maçka gezilecek yerler,400,parent: maçkada gezilecek yerler
tr,turgutlu gezilecek yerler,400,parent: turgutlu gezilecek yerler
tr,samsun çarşamba gezilecek yerler,400,parent: samsun çarşamba gezilecek yerler
tr,antakya'da gezilecek yerler,400,parent: antakya gezilecek yerler
tr,moldova'da gezilecek yerler,400,parent: moldova gezilecek yerler
tr,romanya'da gezilecek yerler,400,parent: romanya gezilecek yerler
tr,gürcistan tiflis gezilecek yerler,400,parent: tiflis gezilecek yerler
tr,tayland'da gezilecek yerler,400,parent: tayland gezilecek yerler
tr,iğneada'da gezilecek yerler,400,parent: iğneada gezilecek yerler
tr,fatihte gezilecek yerler,400,parent: fatih gezilecek yerler
tr,gümülcine gezilecek yerler,400,parent: gümülcine gezilecek yerler
tr,fethiye merkez gezilecek yerler,400,parent: fethiye gezilecek yerler
tr,kiliste gezilecek yerler,400,parent: kilis gezilecek yerler
tr,istanbula yakin gezilecek yerler,400,parent: istanbula yakın gezilecek yerler
tr,avcılar gezilecek yerler,400,parent: avcılar gezilecek yerler
tr,kopenhag'da gezilecek yerler,400,parent: kopenhag gezi rehberi
tr,erikli gezilecek yerler,400,parent: erikli gezilecek yerler
tr,almatı gezilecek yerler,400,parent: almatı gezilecek yerler
tr,aydın efeler gezilecek yerler,400,parent: aydın efeler gezilecek yerler
tr,ortaköy'de gezilecek yerler,400,parent: ortaköy'de gezilecek yerler
tr,karşıda gezilecek yerler,400,parent: karşıda gezilecek yerler
tr,eski mardin'de gezilecek yerler,400,parent: mardin gezilecek yerler
tr,mardin gezilecek yerler listesi,400,parent: mardin gezilecek yerler
tr,mardin merkezde gezilecek yerler,400,parent: mardin gezilecek yerler
tr,kore'de gezilecek yerler,400,parent: güney kore gezilecek yerler
tr,sultanbeyli gezilecek yerler,400,parent: sultanbeyli gezilecek yerler
tr,bodrum da gezilecek yerler,400,parent: bodrum gezilecek yerler
tr,mut gezilecek yerler,400,parent: mersin mut gezilecek yerler
tr,harran gezilecek yerler,400,parent: harran gezilecek yerler
tr,istanbul'da gezilecek yerler ücretsiz,400,parent: istanbul'da ücretsiz gezilecek yerler
tr,italya da gezilecek yerler,400,parent: italya'da görülmesi gereken yerler
tr,tiran'da gezilecek yerler,400,parent: tiran gezilecek yerler
tr,güney kore'de gezilecek yerler,400,parent: güney kore gezilecek yerler
tr,afyon merkez gezilecek yerler,400,parent: afyon merkez gezilecek yerler
tr,yuvarlakçay köyceğiz gezilecek yerler,400,parent: yuvarlakçay köyceğiz gezilecek yerler
tr,edirnede gezilecek yerler,400,parent: edirne gezilecek yerler
tr,ege de gezilecek yerler,400,parent: ege bölgesi gezilecek yerler
tr,alaşehir gezilecek yerler,400,parent: alaşehir gezilecek yerler
tr,arnavutluk tiran gezilecek yerler,400,parent: arnavutluk ta gezilecek yerler
tr,sancaktepe gezilecek yerler,400,parent: sancaktepe gezilecek yerler
tr,erzurum merkezde gezilecek yerler,400,parent: erzurum gezilecek yerler haritası
tr,litvanya gezilecek yerler,400,parent: litvanya gezilecek yerler
tr,halkidiki gezilecek yerler,400,parent: halkidiki
tr,ordu ünye gezilecek yerler,400,parent: ünye gezilecek yerler
tr,meis adası gezilecek yerler,400,parent: meis adası gezilecek yerler
tr,tirilye gezilecek yerler,400,parent: trilye
tr,polatlı da gezilecek yerler,400,parent: polatlı gezilecek yerler
tr,söke'de gezilecek yerler,400,parent: söke gezilecek yerler
tr,iç anadolu gezilecek yerler,400,parent: iç anadolu gezilecek yerler
tr,çaycuma gezilecek yerler,400,parent: çaycuma gezilecek yerler
tr,çin'de gezilecek yerler,400,parent: çin gezilecek yerler
tr,silivride gezilecek yerler,400,parent: silivri gezilecek yerler
tr,güdül gezilecek yerler,400,parent: güdül gezilecek yerler
tr,semerkand gezilecek yerler,400,parent: semerkand gezilecek yerler
tr,yeni zelanda gezilecek yerler,400,parent: yeni zelanda gezilecek yerler
tr,kocaali gezilecek yerler,400,parent: kocaali gezilecek yerler
tr,suşehri gezilecek yerler,400,parent: sivas suşehri gezilecek yerler
tr,kadıköy de gezilecek yerler,400,parent: kadıköy gezilecek yerler
tr,novi sad gezilecek yerler,400,parent: novi sad
tr,gürcistan batum gezilecek yerler,400,parent: batum gezilecek yerler
tr,ege gezilecek yerler,400,parent: ege gezilecek yerler
tr,cordoba gezilecek yerler,400,parent: cordoba gezilecek yerler
tr,manchester gezilecek yerler,400,parent: manchester gezilecek yerler
tr,midyatta gezilecek yerler,400,parent: midyat tarihi yerler
tr,lara gezilecek yerler,400,parent: antalya lara
tr,gezilecek yerler türkiye,400,parent: gezecek yerler
tr,bartın da gezilecek yerler,400,parent: bartın gezilecek yerler
tr,kırıkkalede gezilecek yerler,400,parent: kırıkkale gezilecek yerler
tr,van merkez gezilecek yerler,400,parent: van gezilecek yerler
tr,eskişehir'e yakın gezilecek yerler,400,parent: eskişehir'e yakın günübirlik gezilecek yerler
tr,maldivler gezilecek yerler,400,parent: maldivler gezilecek yerler
tr,sincan gezilecek yerler,400,parent: ankara sincan gezilecek yerler
tr,atakum gezilecek yerler,400,parent: atakum gezilecek yerler
tr,antep te gezilecek yerler,400,parent: gaziantep gezilecek yerler
tr,üsküpte gezilecek yerler,400,parent: üsküp gezilecek yerler
tr,mersin tarsus gezilecek yerler,400,parent: tarsusta gezilecek yerler
tr,batum da gezilecek yerler,400,parent: batum gezilecek yerler
tr,develide gezilecek yerler,400,parent: develide gezilecek yerler
tr,şebinkarahisar gezilecek yerler,400,parent: şebinkarahisar gezilecek yerler
tr,bursa osmangazi gezilecek yerler,400,parent: bursa osmangazi gezilecek yerler
tr,izmir gezilecek yerler doğa,400,parent: izmir gezilecek yerler doğa
tr,gümbet bodrum gezilecek yerler,400,parent: bodrum gümbet gezilecek yerler
tr,slovakya gezilecek yerler,400,parent: slovakya gezilecek yerler
tr,havza gezilecek yerler,400,parent: havza gezilecek yerler
tr,ankara beypazarı gezilecek yerler,400,parent: beypazarı gezilecek yerler
tr,zanzibar gezilecek yerler,350,parent: zanzibar
tr,riyad gezilecek yerler,350,parent: riyad gezilecek yerler
tr,sakarya akyazı gezilecek yerler,350,parent: akyazı gezilecek yerler
tr,kartalda gezilecek yerler,350,parent: kartal gezilecek yerler
tr,avanos da gezilecek yerler,350,parent: avanos
tr,kahire'de gezilecek yerler,350,parent: kahire'de gezilecek yerler
tr,nevşehir kapadokya gezilecek yerler,350,parent: kapadokya gezilecek yerler
tr,marmara bölgesi gezilecek yerler,350,parent: marmara bölgesi gezilecek yerler
tr,tokyo'da gezilecek yerler,350,parent: tokyo'da gezilecek yerler
tr,eskişehir merkezde gezilecek yerler,350,parent: eskişehir merkezde gezilecek yerler
tr,sonbaharda gezilecek yerler,350,parent: sonbaharda yapılacak aktiviteler
tr,kızıltepe gezilecek yerler,350,parent: kızıltepe gezilecek yerler
tr,çeşme'de gezilecek yerler,350,parent: çeşme gezilecek yerler
tr,konya sille gezilecek yerler,350,parent: sille gezilecek yerler
tr,assos da gezilecek yerler,350,parent: assos gezilecek yerler
tr,izmir menderes gezilecek yerler,350,parent: menderes gezilecek yerler
tr,mengen gezilecek yerler,350,parent: mengen gezilecek yerler
tr,hopa'da gezilecek yerler,350,parent: hopa'da gezilecek yerler
tr,kartepede gezilecek yerler,350,parent: kartepede gezilecek yerler
tr,selanik'te gezilecek yerler,350,parent: selanik gezilecek yerler
tr,şarm el şeyh gezilecek yerler,350,parent: sharm el sheikh gezilecek yerler
tr,van merkezde gezilecek yerler,350,parent: van'da gezilecek yerler
tr,garipçe köyü gezilecek yerler,350,parent: garipçe köyü
tr,ulus'ta gezilecek yerler,350,parent: ulus gezilecek yerler
tr,şili gezilecek yerler,350,parent: şili nerede
tr,devrek gezilecek yerler,350,parent: zonguldak'ta gezilecek yerler
tr,tallinn gezilecek yerler,350,parent: tallinn gezilecek yerler
tr,toledo gezilecek yerler,350,parent: toledo gezilecek yerler
tr,karabükte gezilecek yerler,350,parent: karabük gezilecek yerler
tr,etimesgut gezilecek yerler,350,parent: etimesgut gezilecek yerler
tr,sivas suşehri gezilecek yerler,350,parent: sivas suşehri gezilecek yerler
tr,bodrum gümüşlük gezilecek yerler,350,parent: bodrum gümüşlük
tr,eyüp sultan gezilecek yerler,350,parent: eyüp sultan gezilecek yerler
tr,ispanya da gezilecek yerler,350,parent: ispanya gezilecek yerler
tr,karasuda gezilecek yerler,350,parent: karasu'da gezilecek yerler
tr,şişli gezilecek yerler,350,parent: şişli gezilecek yerler
tr,mostar gezilecek yerler,350,parent: mostar gezilecek yerler
tr,menderes gezilecek yerler,350,parent: izmir menderes gezilecek yerler
tr,ankara yakın gezilecek yerler,350,parent: ankara çevresi gezilecek yerler
tr,bozyazı gezilecek yerler,350,parent: bozyazı gezilecek yerler
tr,thassos gezilecek yerler,350,parent: thassos adası
tr,kaş merkez gezilecek yerler,350,parent: antalya kaş gezilecek yerler
tr,kdz ereğli gezilecek yerler,350,parent: zonguldak ereğli gezilecek yerler
tr,muğla ören gezilecek yerler,350,parent: milas ören gezilecek yerler
tr,istanbul da kışın gezilecek yerler,350,parent: istanbul da kışın gezilecek yerler
tr,medine gezilecek yerler,350,parent: medine de ne var
tr,asosta gezilecek yerler,350,parent: asosta gezilecek yerler
tr,istanbul da günübirlik gezilecek yerler,350,parent: günübirlik gezilecek istanbul gezilecek yerler
tr,bursa karacabey gezilecek yerler,350,parent: karacabey gezilecek yerler
tr,ödemiş birgi gezilecek yerler,350,parent: birgi köyü
tr,ankara kalesi gezilecek yerler,350,parent: ankara kalesi gezilecek yerler
tr,samsun ayvacık gezilecek yerler,350,parent: ayvacık gezilecek yerler
tr,finike'de gezilecek yerler,350,parent: finike gezilecek yerler
tr,akçakoca da gezilecek yerler,350,parent: akçakoca gezilecek yerler
tr,abana gezilecek yerler,350,parent: abana gezilecek yerler
tr,cizre'de gezilecek yerler,350,parent: cizre gezilecek yerler
tr,geyve gezilecek yerler,350,parent: geyve gezilecek yerler
tr,artvin hopa gezilecek yerler,350,parent: hopa'da gezilecek yerler
tr,lapseki gezilecek yerler,350,parent: lapseki gezilecek yerler
tr,adatepe köyü gezilecek yerler,350,parent: adatepe köyü
tr,sivrihisarda gezilecek yerler,350,parent: sivrihisar gezilecek yerler
tr,sarımsaklı gezilecek yerler,350,parent: sarımsaklı gezilecek yerler
tr,istanbul'da akşam gezilecek yerler,350,parent: istanbul gezilecek yerler
tr,karasu'da gezilecek yerler,350,parent: karasu'da gezilecek yerler
tr,moskova'da gezilecek yerler,350,parent: moskova gezilecek yerler
tr,odunpazarı gezilecek yerler,350,parent: porsuk çayı odunpazarı evleri eskişehir gezilecek yerler
tr,bursa'da gezilecek tarihi yerler,350,parent: bursa tarihi yerler
tr,tosya gezilecek yerler,350,parent: tosya gezilecek yerler
tr,acıpayam gezilecek yerler,350,parent: acıpayam gezilecek yerler
tr,uçhisar gezilecek yerler,350,parent: uçhisar gezilecek yerler
tr,trakyada gezilecek yerler,350,parent: trakyada gezilecek yerler
tr,afyon merkezde gezilecek yerler,350,parent: afyon merkez gezilecek yerler
tr,prizren gezilecek yerler,350,parent: prizren gezilecek yerler
tr,aydıncık gezilecek yerler,350,parent: aydıncık gezilecek yerler
tr,isparta'da gezilecek yerler,350,parent: ısparta gezilecek yerler
tr,karadeniz de gezilecek yerler,350,parent: karadenizde gezilecek yerler
tr,yakakent gezilecek yerler,350,parent: samsun yakakent gezilecek yerler
tr,mekke'de gezilecek yerler,350,parent: mekke gezilecek yerler
tr,karadeniz turunda gezilecek yerler,350,parent: karadeniz'de gezilecek yerler
tr,muglada gezilecek yerler,350,parent: muğla'da gezilecek yerler
tr,güre gezilecek yerler,350,parent: güre gezilecek yerler
tr,iznik gölü gezilecek yerler,350,parent: iznik askania gezilecek yerler
tr,iskenderiye gezilecek yerler,350,parent: iskenderiye gezilecek yerler
tr,gölcük'te gezilecek yerler,350,parent: kocaeli gölcük gezilecek yerler
tr,muğla marmaris gezilecek yerler,350,parent: marmaris gezilecek yerler
tr,bulgaristan sofya gezilecek yerler,350,parent: sofya gezilecek yerler
tr,miami gezilecek yerler,350,parent: miami gezilecek yerler
tr,bodrum gümbet gezilecek yerler,350,parent: bodrum gümbet gezilecek yerler
tr,buldan gezilecek yerler,350,parent: buldan gezilecek yerler
tr,kadirli gezilecek yerler,350,parent: kadirli gezilecek yerler
tr,taksimde gezilecek yerler,350,parent: taksim gezilecek yerler
tr,köyceğiz muğla gezilecek yerler,350,parent: köyceğiz gezilecek yerler
tr,afşin gezilecek yerler,350,parent: afşin gezilecek yerler
tr,bartında gezilecek yerler,350,parent: bartın gezilecek yerler
tr,istanbul da gezilecek yerler avrupa yakası,350,parent: avrupa yakasında gezilecek yerler
tr,geyiklide gezilecek yerler,350,parent: geyikli gezilecek yerler
tr,patmos gezilecek yerler,350,parent: patmos adası
tr,kamboçya gezilecek yerler,350,parent: kamboçya gezilecek yerler
tr,silopi gezilecek yerler,350,parent: silopi gezilecek yerler
tr,mısırda gezilecek yerler,350,parent: mısır gezilecek yerler
tr,bingölde gezilecek yerler,350,parent: bingöl gezilecek yerler
tr,ardeşen gezilecek yerler,350,parent: ardeşen gezilecek yerler
tr,hatay antakya gezilecek yerler,350,parent: hatay antakya gezilecek yerler
tr,konakta gezilecek yerler,350,parent: konak gezilecek yerler
tr,eğil gezilecek yerler,350,parent: diyarbakır eğil
tr,tarihi yarımada gezilecek yerler,350,parent: tarihi yarımada gezi rotası
tr,kemalpaşa gezilecek yerler,350,parent: kemalpaşa gezilecek yerler
tr,amerika'da gezilecek yerler,350,parent: amerika gezilecek yerler
tr,afyon'da gezilecek yerler merkez,350,parent: afyon'da gezilecek yerler
tr,gönen gezilecek yerler,350,parent: gönen gezilecek yerler
tr,köyceğiz de gezilecek yerler,350,parent: köyceğiz gezilecek yerler
tr,türkiye de gezilecek yerler,350,parent: türkiye gezilecek yerler
tr,istanbul'da gece gezilecek yerler,350,parent: istanbul gece gezilecek yerler
tr,hendek gezilecek yerler,350,parent: hendek gezilecek yerler
tr,menemen gezilecek yerler,350,parent: menemen gezilecek yerler
tr,sofya'da gezilecek yerler,350,parent: sofya gezilecek yerler
tr,istanbul çocuklarla gezilecek yerler,300,parent: istanbul çocukla gezilecek yerler
tr,gazlıgöl gezilecek yerler,300,parent: gazlıgöl gezilecek yerler
tr,bahçelievler gezilecek yerler,300,parent: bahçelievler gezilecek yerler
tr,yüksekova gezilecek yerler,300,parent: hakkari gezilecek yerler
tr,londra da gezilecek yerler,300,parent: londra
tr,sapancada gezilecek yerler,300,parent: sapanca gezilecek yerler
tr,uşak da gezilecek yerler,300,parent: uşak gezilecek yerler
tr,sarıgerme gezilecek yerler,300,parent: sarıgerme gezilecek yerler
tr,polonezköy istanbulda gezilecek yerler,300,parent: polonezköy istanbulda gezilecek yerler
tr,basel'de gezilecek yerler,300,parent: basel nerede
tr,marmaris merkezde gezilecek yerler,300,parent: marmaris gezi rehberi
tr,gürün gezilecek yerler,300,parent: gürün gezilecek yerler
tr,izmir seferihisar gezilecek yerler,300,parent: seferihisar sığacık
tr,sarıkamış gezilecek yerler,300,parent: sarıkamış gezilecek yerler
tr,niğde bor gezilecek yerler,300,parent: niğde bor gezilecek yerler
tr,norveç'te gezilecek yerler,300,parent: norveç gezilecek yerler
tr,çorum merkez gezilecek yerler,300,parent: çorum'da gezilecek yerler
tr,fethiye merkezde gezilecek yerler,300,parent: fethiye gezilecek yerler
tr,nepal gezilecek yerler,300,parent: nepal gezilecek yerler
tr,kulada gezilecek yerler,300,parent: kula gezilecek yerler
tr,almanya da gezilecek yerler,300,parent: almanya gezilecek yerler
tr,balıkesir'de gezilecek yerler merkez,300,parent: balıkesir gezilecek yerler
tr,bebek gezilecek yerler,300,parent: bebekte gezilecek yerler
tr,finikede gezilecek yerler,300,parent: finike gezilecek yerler
tr,adana gezilecek yerler merkez,300,parent: adanada nereler gezilir
tr,akdağmadeni gezilecek yerler,300,parent: akdağmadeni gezilecek yerler
tr,bozcaada çanakkale gezilecek yerler,300,parent: bozcaada gezilecek yerler
tr,güzelbahçe gezilecek yerler,300,parent: güzelbahçe gezilecek yerler
tr,ladik gezilecek yerler,300,parent: ladik gezilecek yerler
pl,co zobaczyć w warszawa,2800,recovered from the Polish analytic record
pl,co zobaczyć w gdansk,1700,recovered from the Polish analytic record
pl,co zobaczyć w krakow,1500,recovered from the Polish analytic record
pl,co zobaczyć w lodz,1500,recovered from the Polish analytic record
pl,co zobaczyć w lublin,1000,recovered from the Polish analytic record
pl,co zobaczyć w gdynia,900,recovered from the Polish analytic record
pl,co zobaczyć w katowice,900,recovered from the Polish analytic record
pl,co zobaczyć w szczecin,900,recovered from the Polish analytic record
pl,co zobaczyć w bydgoszcz,700,recovered from the Polish analytic record
pl,co zobaczyć w bialystok,600,recovered from the Polish analytic record
pl,co zobaczyć w torun,600,recovered from the Polish analytic record
pl,co zobaczyć w poznan,700,recovered from the Polish analytic record
pl,co zobaczyć w olsztyn,450,recovered from the Polish analytic record
pl,co zobaczyć w kielce,400,recovered from the Polish analytic record
pl,co zobaczyć w czestochowa,350,recovered from the Polish analytic record
pl,co zobaczyć w rzeszow,250,recovered from the Polish analytic record
pl,co zobaczyć w opole,250,recovered from the Polish analytic record
pl,co zobaczyć w elblag,200,recovered from the Polish analytic record
pl,co zobaczyć w zamosc,200,recovered from the Polish analytic record
pl,co zobaczyć w gniezno,200,recovered from the Polish analytic record
pl,co zobaczyć w gliwice,200,recovered from the Polish analytic record
pl,co zobaczyć w walbrzych,200,recovered from the Polish analytic record
pl,co zobaczyć w jelenia gora,300,recovered from the Polish analytic record
pl,co zobaczyć w zielona gora,200,recovered from the Polish analytic record
pl,co zobaczyć w koszalin,200,recovered from the Polish analytic record
pl,co zobaczyć w kolobrzeg,800,recovered from the Polish analytic record
pl,co zobaczyć w swinoujscie,600,recovered from the Polish analytic record
pl,co zobaczyć w karpacz,600,recovered from the Polish analytic record
pl,co zobaczyć w szklarska poreba,600,recovered from the Polish analytic record
pl,co zobaczyć w zakopane,600,recovered from the Polish analytic record
pl,co zobaczyć w sopot,500,recovered from the Polish analytic record
pl,co zobaczyć w kazimierz dolny,300,recovered from the Polish analytic record
pl,co zobaczyć w miedzyzdroje,250,recovered from the Polish analytic record
pl,co zobaczyć w mikolajki,200,recovered from the Polish analytic record
pl,co zobaczyć w krynica zdroj,200,recovered from the Polish analytic record
pl,co zobaczyć w szczawnica,250,recovered from the Polish analytic record
pl,co zobaczyć w szczyrk,200,recovered from the Polish analytic record
pl,co zobaczyć w leba,200,recovered from the Polish analytic record
pl,co zobaczyć w ustka,200,recovered from the Polish analytic record
pl,co zobaczyć w gizycko,200,recovered from the Polish analytic record
pl,co zobaczyć w nalenczow,200,recovered from the Polish analytic record
pl,co zobaczyć w wisla,350,recovered from the Polish analytic record
pl,co zobaczyć w sandomierz,450,recovered from the Polish analytic record
pl,co zobaczyć w bieszczady,400,recovered from the Polish analytic record
