searcher_market,language,city,city_country,city_id,volume,source_keyword,how_resolved
de-DE,de,Hamburg,DE,2911298,34000,hamburg sehenswürdigkeiten,slug match in the gazetteer
de-DE,de,Munich,DE,2867714,20000,münchen sehenswürdigkeiten,exonym münchen resolved to Munich (DE)
de-DE,de,Leipzig,DE,2879139,17000,leipzig sehenswürdigkeiten,slug match in the gazetteer
de-DE,de,Amsterdam,NL,2759794,17000,amsterdam sehenswürdigkeiten,slug match in the gazetteer
de-DE,de,Prague,CZ,3067696,15000,prag sehenswürdigkeiten,"GeoNames alternate name prag resolved to Prague (CZ), 1 candidates, most populous chosen"
de-DE,de,Salzburg,AT,2766824,15000,salzburg sehenswürdigkeiten,slug match in the gazetteer
de-DE,de,Köln,DE,2886242,14000,köln sehenswürdigkeiten,slug match in the gazetteer
de-DE,de,London,GB,2643743,14000,london sehenswürdigkeiten,slug match in the gazetteer
de-DE,de,Nuremberg,DE,2861650,14000,nürnberg sehenswürdigkeiten,exonym nürnberg resolved to Nuremberg (DE)
de-DE,de,Munich,DE,2867714,13000,sehenswürdigkeiten münchen,exonym münchen resolved to Munich (DE)
de-DE,de,Erfurt,DE,2929670,13000,erfurt sehenswürdigkeiten,slug match in the gazetteer
de-DE,de,Copenhagen,DK,2618425,13000,kopenhagen sehenswürdigkeiten,exonym kopenhagen resolved to Copenhagen (DK)
de-DE,de,Hamburg,DE,2911298,12000,sehenswürdigkeiten hamburg,slug match in the gazetteer
de-DE,de,Paris,FR,2988507,12000,paris sehenswürdigkeiten,slug match in the gazetteer
de-DE,de,Rome,IT,3169070,11000,rom sehenswürdigkeiten,"GeoNames alternate name rom resolved to Rome (IT), 2 candidates, most populous chosen"
de-DE,de,Trier,DE,2821164,11000,trier sehenswürdigkeiten,slug match in the gazetteer
de-DE,de,Bamberg,DE,2952984,11000,bamberg sehenswürdigkeiten,slug match in the gazetteer
de-DE,de,Frankfurt (Oder),DE,2925535,10000,frankfurt sehenswürdigkeiten,"GeoNames alternate name frankfurt resolved to Frankfurt (Oder) (DE), 4 candidates, most populous chosen"
de-DE,de,Barcelona,ES,3128760,10000,barcelona sehenswürdigkeiten,slug match in the gazetteer
de-DE,de,Lisbon,PT,2267057,9700,lissabon sehenswürdigkeiten,exonym lissabon resolved to Lisbon (PT)
de-DE,de,Koblenz,DE,2886946,9500,koblenz sehenswürdigkeiten,slug match in the gazetteer
de-DE,de,Dublin,IE,2964574,9400,dublin sehenswürdigkeiten,slug match in the gazetteer
de-DE,de,Leipzig,DE,2879139,9300,sehenswürdigkeiten leipzig,slug match in the gazetteer
de-DE,de,Budapest,HU,3054643,8800,budapest sehenswürdigkeiten,slug match in the gazetteer
de-DE,de,Lemay,US,4394905,8000,luxemburg sehenswürdigkeiten,"GeoNames alternate name luxemburg resolved to Lemay (US), 2 candidates, most populous chosen"
de-DE,de,Bremen,DE,2944388,8000,bremen sehenswürdigkeiten,slug match in the gazetteer
de-DE,de,Brussels,BE,2800866,7700,brüssel sehenswürdigkeiten,exonym brüssel resolved to Brussels (BE)
de-DE,de,Milan,IT,3173435,7500,mailand sehenswürdigkeiten,"GeoNames alternate name mailand resolved to Milan (IT), 1 candidates, most populous chosen"
de-DE,de,Regensburg,DE,2849483,7400,regensburg sehenswürdigkeiten,slug match in the gazetteer
de-DE,de,Santa Cruz de Tenerife,ES,2511174,7400,teneriffa sehenswürdigkeiten,"GeoNames alternate name teneriffa resolved to Santa Cruz de Tenerife (ES), 1 candidates, most populous chosen"
de-DE,de,Florence,IT,3176959,7200,florenz sehenswürdigkeiten,exonym florenz resolved to Florence (IT)
de-DE,de,Madeira,US,4517353,7100,madeira sehenswürdigkeiten,slug match in the gazetteer
de-DE,de,Nyu-York,UA,699751,7100,new york sehenswürdigkeiten,"GeoNames alternate name new york resolved to Nyu-York (UA), 2 candidates, most populous chosen"
de-DE,de,Wernigerode,DE,2810808,6900,wernigerode sehenswürdigkeiten,slug match in the gazetteer
de-DE,de,Köln,DE,2886242,6600,sehenswürdigkeiten köln,slug match in the gazetteer
de-DE,de,Antwerp,BE,2803138,6600,antwerpen sehenswürdigkeiten,exonym antwerpen resolved to Antwerp (BE)
de-DE,de,Venice,IT,3164603,6200,venedig sehenswürdigkeiten,exonym venedig resolved to Venice (IT)
de-DE,de,Malta,BR,3395720,6100,malta sehenswürdigkeiten,slug match in the gazetteer
de-DE,de,Münster,DE,2867543,6000,münster sehenswürdigkeiten,slug match in the gazetteer
de-DE,de,Oslo,NO,3143244,5900,oslo sehenswürdigkeiten,slug match in the gazetteer
de-DE,de,Freiburg,DE,2925177,5900,freiburg sehenswürdigkeiten,slug match in the gazetteer
de-DE,de,Quedlinburg,DE,2851465,5800,quedlinburg sehenswürdigkeiten,slug match in the gazetteer
de-DE,de,Nuremberg,DE,2861650,5700,sehenswürdigkeiten nürnberg,exonym nürnberg resolved to Nuremberg (DE)
de-DE,de,Colmar,FR,3024297,5500,colmar sehenswürdigkeiten,slug match in the gazetteer
de-DE,de,Barcelona,ES,3128760,5300,sehenswürdigkeiten barcelona,slug match in the gazetteer
de-DE,de,Cochem,DE,2939949,5200,cochem sehenswürdigkeiten,slug match in the gazetteer
de-DE,de,Amsterdam,NL,2759794,5200,sehenswürdigkeiten amsterdam,slug match in the gazetteer
de-DE,de,Passau,DE,2855328,5100,passau sehenswürdigkeiten,slug match in the gazetteer
de-DE,de,Stockholm,SE,2673730,5100,stockholm sehenswürdigkeiten,slug match in the gazetteer
de-DE,de,Maastricht,NL,2751283,5100,maastricht sehenswürdigkeiten,slug match in the gazetteer
de-DE,de,Dubai,AE,292223,5100,dubai sehenswürdigkeiten,slug match in the gazetteer
de-DE,de,Istanbul,TR,745044,5000,istanbul sehenswürdigkeiten,slug match in the gazetteer
de-DE,de,Porto,PT,2735943,5000,porto sehenswürdigkeiten,slug match in the gazetteer
de-DE,de,Bremerhaven,DE,2944368,4900,bremerhaven sehenswürdigkeiten,slug match in the gazetteer
de-DE,de,Monschau,DE,2869756,4900,monschau sehenswürdigkeiten,slug match in the gazetteer
de-DE,de,Rome,IT,3169070,4800,sehenswürdigkeiten rom,"GeoNames alternate name rom resolved to Rome (IT), 2 candidates, most populous chosen"
de-DE,de,Athens,GR,264371,4800,athen sehenswürdigkeiten,exonym athen resolved to Athens (GR)
de-DE,de,Lüneburg,DE,2875115,4700,lüneburg sehenswürdigkeiten,slug match in the gazetteer
de-DE,de,Füssen,DE,2923507,4600,füssen sehenswürdigkeiten,slug match in the gazetteer
de-DE,de,Frankfurt (Oder),DE,2925535,4600,sehenswürdigkeiten frankfurt,"GeoNames alternate name frankfurt resolved to Frankfurt (Oder) (DE), 4 candidates, most populous chosen"
de-DE,de,Zürich,CH,2657896,4600,zürich sehenswürdigkeiten,slug match in the gazetteer
de-DE,de,Fulda,DE,2923822,4500,fulda sehenswürdigkeiten,slug match in the gazetteer
de-DE,de,The Hague,NL,2747373,4500,den haag sehenswürdigkeiten,"GeoNames alternate name den haag resolved to The Hague (NL), 1 candidates, most populous chosen"
de-DE,de,Regensburg,DE,2849483,4500,sehenswürdigkeiten regensburg,slug match in the gazetteer
de-DE,de,Innsbruck,AT,2775220,4500,innsbruck sehenswürdigkeiten,slug match in the gazetteer
de-DE,de,Rostock,DE,2844588,4400,rostock sehenswürdigkeiten,slug match in the gazetteer
de-DE,de,Sevilla,ES,2510911,4400,sevilla sehenswürdigkeiten,slug match in the gazetteer
de-DE,de,Naples,IT,3172394,4300,neapel sehenswürdigkeiten,exonym neapel resolved to Naples (IT)
de-DE,de,Copenhagen,DK,2618425,4100,sehenswürdigkeiten kopenhagen,exonym kopenhagen resolved to Copenhagen (DK)
de-DE,de,Utrecht,NL,2745912,4000,utrecht sehenswürdigkeiten,slug match in the gazetteer
de-DE,de,Wismar,DE,2807465,3900,wismar sehenswürdigkeiten,slug match in the gazetteer
de-DE,de,Stralsund,DE,2826287,3900,stralsund sehenswürdigkeiten,slug match in the gazetteer
de-DE,de,Edinburgh,GB,2650225,3800,edinburgh sehenswürdigkeiten,slug match in the gazetteer
de-DE,de,Gdańsk,PL,3099434,3700,danzig sehenswürdigkeiten,"GeoNames alternate name danzig resolved to Gdańsk (PL), 1 candidates, most populous chosen"
de-DE,de,Nyu-York,UA,699751,3700,sehenswürdigkeiten new york,"GeoNames alternate name new york resolved to Nyu-York (UA), 2 candidates, most populous chosen"
de-DE,de,Cuxhaven,DE,2939658,3700,cuxhaven sehenswürdigkeiten,slug match in the gazetteer
de-DE,de,Bratislava,SK,3060972,3600,bratislava sehenswürdigkeiten,slug match in the gazetteer
de-DE,de,Flensburg,DE,2926271,3500,flensburg sehenswürdigkeiten,slug match in the gazetteer
de-DE,de,Basel,CH,2661604,3500,basel sehenswürdigkeiten,slug match in the gazetteer
de-DE,de,Carlsbad,US,5334223,3500,karlsbad sehenswürdigkeiten,"GeoNames alternate name karlsbad resolved to Carlsbad (US), 2 candidates, most populous chosen"
de-DE,de,Aschaffenburg,DE,2955272,3500,aschaffenburg sehenswürdigkeiten,slug match in the gazetteer
de-DE,de,Rothenburg ob der Tauber,DE,2844056,3500,rothenburg ob der tauber sehenswürdigkeiten,slug match in the gazetteer
de-DE,de,Tokyo,JP,1850147,3400,tokio sehenswürdigkeiten,"GeoNames alternate name tokio resolved to Tokyo (JP), 1 candidates, most populous chosen"
de-DE,de,Salzburg,AT,2766824,3400,sehenswürdigkeiten salzburg,slug match in the gazetteer
de-DE,de,Trier,DE,2821164,3300,sehenswürdigkeiten trier,slug match in the gazetteer
de-DE,de,Szczecin,PL,3083829,3300,stettin sehenswürdigkeiten,exonym stettin resolved to Szczecin (PL)
de-DE,de,Warsaw,PL,756135,3300,warschau sehenswürdigkeiten,exonym warschau resolved to Warsaw (PL)
de-DE,de,Los Angeles,US,5368361,3300,los angeles sehenswürdigkeiten,slug match in the gazetteer
de-DE,de,Duisburg,DE,2934691,3300,duisburg sehenswürdigkeiten,slug match in the gazetteer
de-DE,de,Nice,FR,2990440,3200,nizza sehenswürdigkeiten,exonym nizza resolved to Nice (FR)
de-DE,de,Bamberg,DE,2952984,3100,sehenswürdigkeiten bamberg,slug match in the gazetteer
de-DE,de,Bologna,IT,3181928,3100,bologna sehenswürdigkeiten,slug match in the gazetteer
de-DE,de,Malmö,SE,2692969,3100,malmö sehenswürdigkeiten,slug match in the gazetteer
de-DE,de,Liège,BE,2792413,3100,lüttich sehenswürdigkeiten,exonym lüttich resolved to Liege (BE)
de-DE,de,Wilhelmshaven,DE,2808720,3100,wilhelmshaven sehenswürdigkeiten,slug match in the gazetteer
de-DE,de,Helsinki,FI,658225,3000,helsinki sehenswürdigkeiten,slug match in the gazetteer
de-DE,de,Speyer,DE,2830582,3000,speyer sehenswürdigkeiten,slug match in the gazetteer
de-DE,de,Bangkok,TH,1609350,2900,bangkok sehenswürdigkeiten,slug match in the gazetteer
de-DE,de,Friedrichshafen,DE,2924585,2900,friedrichshafen sehenswürdigkeiten,slug match in the gazetteer
de-DE,de,Lisbon,PT,2267057,2800,sehenswürdigkeiten lissabon,exonym lissabon resolved to Lisbon (PT)
de-DE,de,Singāpur,IN,1445156,2800,singapur sehenswürdigkeiten,slug match in the gazetteer
de-DE,de,Breslau,CA,5908481,2800,breslau sehenswürdigkeiten,slug match in the gazetteer
de-DE,de,Magdeburg,DE,2874545,2800,magdeburg sehenswürdigkeiten,slug match in the gazetteer
de-DE,de,Verona,IT,3164527,2800,verona sehenswürdigkeiten,slug match in the gazetteer
de-DE,de,Kraków,PL,3094802,2700,krakau sehenswürdigkeiten,"GeoNames alternate name krakau resolved to Kraków (PL), 1 candidates, most populous chosen"
de-DE,de,Koblenz,DE,2886946,2700,sehenswürdigkeiten koblenz,slug match in the gazetteer
de-DE,de,Hannover,DE,2910831,2700,sehenswürdigkeiten hannover,slug match in the gazetteer
de-DE,de,Lindau,DE,2877550,2700,lindau sehenswürdigkeiten,slug match in the gazetteer
de-DE,de,Mainz,DE,2874225,2600,mainz sehenswürdigkeiten,slug match in the gazetteer
de-DE,de,Ljubljana,SI,3196359,2600,ljubljana sehenswürdigkeiten,slug match in the gazetteer
de-DE,de,Bolzano,IT,3181913,2600,bozen sehenswürdigkeiten,"GeoNames alternate name bozen resolved to Bolzano (IT), 1 candidates, most populous chosen"
de-DE,de,Trieste,IT,3165185,2600,triest sehenswürdigkeiten,"GeoNames alternate name triest resolved to Trieste (IT), 1 candidates, most populous chosen"
de-DE,de,Milan,IT,3173435,2600,sehenswürdigkeiten mailand,"GeoNames alternate name mailand resolved to Milan (IT), 1 candidates, most populous chosen"
de-DE,de,Heilbronn,DE,2907669,2500,heilbronn sehenswürdigkeiten,slug match in the gazetteer
de-DE,de,Abu Dhabi,AE,292968,2500,abu dhabi sehenswürdigkeiten,slug match in the gazetteer
de-DE,de,Bucharest,RO,683506,2500,bukarest sehenswürdigkeiten,"GeoNames alternate name bukarest resolved to Bucharest (RO), 1 candidates, most populous chosen"
de-DE,de,Stockholm,SE,2673730,2500,sehenswürdigkeiten stockholm,slug match in the gazetteer
de-DE,de,Rotterdam,NL,2747891,2500,sehenswürdigkeiten rotterdam,slug match in the gazetteer
de-DE,de,Bilbao,ES,3128026,2400,bilbao sehenswürdigkeiten,slug match in the gazetteer
de-DE,de,Marseille,FR,2995469,2400,marseille sehenswürdigkeiten,slug match in the gazetteer
de-DE,de,Palermo,IT,2523920,2400,palermo sehenswürdigkeiten,slug match in the gazetteer
de-DE,de,Merano,IT,3173577,2400,meran sehenswürdigkeiten,"GeoNames alternate name meran resolved to Merano (IT), 1 candidates, most populous chosen"
de-DE,de,Marrakesh,MA,2542997,2400,marrakesch sehenswürdigkeiten,"GeoNames alternate name marrakesch resolved to Marrakesh (MA), 1 candidates, most populous chosen"
de-DE,de,Alicante,ES,2521978,2400,alicante sehenswürdigkeiten,slug match in the gazetteer
de-DE,de,Brussels,BE,2800866,2400,sehenswürdigkeiten brüssel,exonym brüssel resolved to Brussels (BE)
de-DE,de,Groningen,NL,2755251,2400,groningen sehenswürdigkeiten,slug match in the gazetteer
de-DE,de,Kuala Lumpur,MY,1735161,2400,kuala lumpur sehenswürdigkeiten,slug match in the gazetteer
de-DE,de,Bautzen,DE,2951881,2300,bautzen sehenswürdigkeiten,slug match in the gazetteer
de-DE,de,Würzburg,DE,2805615,2300,sehenswürdigkeiten würzburg,slug match in the gazetteer
de-DE,de,San Francisco,US,5391959,2300,san francisco sehenswürdigkeiten,slug match in the gazetteer
de-DE,de,Hamburg,DE,2911298,2300,sehenswürdigkeiten in hamburg,slug match in the gazetteer
de-DE,de,Maribor,SI,3195506,2200,marburg sehenswürdigkeiten,"GeoNames alternate name marburg resolved to Maribor (SI), 2 candidates, most populous chosen"
de-DE,de,Gent,BE,2797656,2200,gent sehenswürdigkeiten,slug match in the gazetteer
de-DE,de,Świnoujście,PL,3083955,2200,swinemünde sehenswürdigkeiten,exonym swinemünde resolved to Swinoujscie (PL)
de-DE,de,Landshut,DE,2881485,2200,landshut sehenswürdigkeiten,slug match in the gazetteer
de-DE,de,Turin,IT,3165524,2200,turin sehenswürdigkeiten,slug match in the gazetteer
de-DE,de,Budapest,HU,3054643,2200,sehenswürdigkeiten budapest,slug match in the gazetteer
de-DE,de,Genoa,IT,3176219,2200,genua sehenswürdigkeiten,"GeoNames alternate name genua resolved to Genoa (IT), 1 candidates, most populous chosen"
de-DE,de,Wuppertal,DE,2805753,2100,wuppertal sehenswürdigkeiten,slug match in the gazetteer
de-DE,de,Lemay,US,4394905,2100,sehenswürdigkeiten luxemburg,"GeoNames alternate name luxemburg resolved to Lemay (US), 2 candidates, most populous chosen"
de-DE,de,Bussum,NL,2758064,2100,büsum sehenswürdigkeiten,"GeoNames alternate name büsum resolved to Bussum (NL), 1 candidates, most populous chosen"
de-DE,de,Venlo,NL,2745641,2100,venlo sehenswürdigkeiten,slug match in the gazetteer
de-DE,de,Braunschweig,DE,2945024,2100,braunschweig sehenswürdigkeiten,slug match in the gazetteer
de-DE,de,Aiud,RO,686590,2100,sehenswürdigkeiten straßburg,"GeoNames alternate name straßburg resolved to Aiud (RO), 1 candidates, most populous chosen"
de-DE,de,Bielefeld,DE,2949186,2100,bielefeld sehenswürdigkeiten,slug match in the gazetteer
de-DE,de,Tallinn,EE,588409,2000,tallinn sehenswürdigkeiten,slug match in the gazetteer
de-DE,de,Kristiansand,NO,3149318,2000,kristiansand sehenswürdigkeiten,slug match in the gazetteer
de-DE,de,Zagreb,HR,3186886,2000,zagreb sehenswürdigkeiten,slug match in the gazetteer
de-DE,de,Phuket,TH,1151254,2000,phuket sehenswürdigkeiten,slug match in the gazetteer
de-DE,de,Santa Cruz de Tenerife,ES,2511174,2000,sehenswürdigkeiten teneriffa,"GeoNames alternate name teneriffa resolved to Santa Cruz de Tenerife (ES), 1 candidates, most populous chosen"
de-DE,de,Brandenburg an der Havel,DE,2945358,2000,sehenswürdigkeiten brandenburg,"GeoNames alternate name brandenburg resolved to Brandenburg an der Havel (DE), 1 candidates, most populous chosen"
de-DE,de,Le Havre,FR,3003796,2000,le havre sehenswürdigkeiten,slug match in the gazetteer
de-DE,de,Metz,FR,2994160,2000,metz sehenswürdigkeiten,slug match in the gazetteer
de-DE,de,Miami,US,4164138,1900,miami sehenswürdigkeiten,slug match in the gazetteer
de-DE,de,Eisenach,DE,2931574,1900,eisenach sehenswürdigkeiten,slug match in the gazetteer
de-DE,de,Görlitz,DE,2918987,1900,görlitz sehenswürdigkeiten,slug match in the gazetteer
de-DE,de,Hildesheim,DE,2904789,1900,hildesheim sehenswürdigkeiten,slug match in the gazetteer
de-DE,de,Istanbul,TR,745044,1900,sehenswürdigkeiten istanbul,slug match in the gazetteer
de-DE,de,Detmold,DE,2937936,1900,detmold sehenswürdigkeiten,slug match in the gazetteer
de-DE,de,Split,HR,3190261,1800,split sehenswürdigkeiten,slug match in the gazetteer
de-DE,de,Wetzlar,DE,2809889,1800,wetzlar sehenswürdigkeiten,slug match in the gazetteer
de-DE,de,Jena,DE,2895044,1800,jena sehenswürdigkeiten,slug match in the gazetteer
de-DE,de,Antalya,TR,323777,1800,antalya sehenswürdigkeiten,slug match in the gazetteer
de-DE,de,Goslar,DE,2918840,1800,goslar sehenswürdigkeiten,slug match in the gazetteer
de-DE,de,Thessaloníki,GR,734077,1800,thessaloniki sehenswürdigkeiten,slug match in the gazetteer
de-DE,de,Wismar,DE,2807465,1800,sehenswürdigkeiten wismar,slug match in the gazetteer
de-DE,de,Dubai,AE,292223,1800,sehenswürdigkeiten dubai,slug match in the gazetteer
de-DE,de,Mannheim,DE,2873891,1800,sehenswürdigkeiten mannheim,slug match in the gazetteer
de-DE,de,Luzern,CH,2659811,1800,luzern sehenswürdigkeiten,slug match in the gazetteer
de-DE,de,Freiburg,DE,2925177,1800,sehenswürdigkeiten freiburg,slug match in the gazetteer
de-DE,de,Athens,GR,264371,1800,sehenswürdigkeiten athen,exonym athen resolved to Athens (GR)
de-DE,de,Kyoto,JP,1857910,1800,kyoto sehenswürdigkeiten,slug match in the gazetteer
de-DE,de,Pilsen,CZ,3068160,1800,pilsen sehenswürdigkeiten,slug match in the gazetteer
de-DE,de,Coburg,DE,2939951,1700,coburg sehenswürdigkeiten,slug match in the gazetteer
de-DE,de,Kiel,DE,2891122,1700,sehenswürdigkeiten kiel,slug match in the gazetteer
de-DE,de,Mariánské Lázně,CZ,3071024,1700,marienbad sehenswürdigkeiten,"GeoNames alternate name marienbad resolved to Mariánské Lázně (CZ), 1 candidates, most populous chosen"
de-DE,de,Meersburg,DE,2872486,1700,meersburg sehenswürdigkeiten,slug match in the gazetteer
de-DE,de,Venice,IT,3164603,1700,sehenswürdigkeiten venedig,exonym venedig resolved to Venice (IT)
de-DE,de,Las Vegas,US,5506956,1700,las vegas sehenswürdigkeiten,slug match in the gazetteer
de-DE,de,Meissen,DE,2872155,1700,meißen sehenswürdigkeiten,slug match in the gazetteer
de-DE,de,Montenegro,BR,3456826,1700,montenegro sehenswürdigkeiten,slug match in the gazetteer
de-DE,de,Oslo,NO,3143244,1600,sehenswürdigkeiten oslo,slug match in the gazetteer
de-DE,de,Bari,IT,3182351,1600,bari sehenswürdigkeiten,slug match in the gazetteer
de-DE,de,Zakynthos,GR,251280,1600,zakynthos sehenswürdigkeiten,slug match in the gazetteer
de-DE,de,Madeira,US,4517353,1600,sehenswürdigkeiten madeira,slug match in the gazetteer
de-DE,de,Xanten,DE,2805385,1600,xanten sehenswürdigkeiten,slug match in the gazetteer
de-DE,de,Osaka,JP,1853909,1600,osaka sehenswürdigkeiten,slug match in the gazetteer
de-DE,de,Funchal,PT,2267827,1600,funchal sehenswürdigkeiten,slug match in the gazetteer
de-DE,de,Limburg an der Lahn,DE,2877648,1600,limburg sehenswürdigkeiten,"GeoNames alternate name limburg resolved to Limburg an der Lahn (DE), 2 candidates, most populous chosen"
de-DE,de,Seoul,KR,1835848,1600,seoul sehenswürdigkeiten,slug match in the gazetteer
de-DE,de,Dubrovnik,HR,3201047,1500,dubrovnik sehenswürdigkeiten,slug match in the gazetteer
de-DE,de,Bergen,NO,3161732,1500,bergen sehenswürdigkeiten,slug match in the gazetteer
de-DE,de,Dijon,FR,3021372,1500,dijon sehenswürdigkeiten,slug match in the gazetteer
de-DE,de,Rüdesheim am Rhein,DE,2843395,1500,rüdesheim sehenswürdigkeiten,"GeoNames alternate name rüdesheim resolved to Rüdesheim am Rhein (DE), 1 candidates, most populous chosen"
de-DE,de,Florida,CU,3558771,1500,florida sehenswürdigkeiten,slug match in the gazetteer
de-DE,de,Rostock,DE,2844588,1500,sehenswürdigkeiten rostock,slug match in the gazetteer
de-DE,de,Glasgow,GB,2648579,1500,glasgow sehenswürdigkeiten,slug match in the gazetteer
de-DE,de,Granada,ES,2517117,1500,granada sehenswürdigkeiten,slug match in the gazetteer
de-DE,de,Faro,PT,2268339,1500,faro sehenswürdigkeiten,slug match in the gazetteer
de-DE,de,Schwäbisch Hall,DE,2835481,1500,schwäbisch hall sehenswürdigkeiten,slug match in the gazetteer
de-DE,de,Freiburg,DE,2925177,1500,sehenswürdigkeiten in freiburg im breisgau,"GeoNames alternate name freiburg im breisgau resolved to Freiburg (DE), 1 candidates, most populous chosen"
de-DE,de,Ostseebad Kühlungsborn,DE,2856193,1500,kühlungsborn sehenswürdigkeiten,"GeoNames alternate name kühlungsborn resolved to Ostseebad Kühlungsborn (DE), 1 candidates, most populous chosen"
de-DE,de,Sofia,BG,727011,1400,sofia sehenswürdigkeiten,slug match in the gazetteer
de-DE,de,Nuremberg,DE,2861650,1400,sehenswürdigkeiten in nürnberg,exonym nürnberg resolved to Nuremberg (DE)
de-DE,de,Ulm,DE,2820256,1400,sehenswürdigkeiten ulm,slug match in the gazetteer
de-DE,de,Ostseebad Binz,DE,2856198,1400,binz sehenswürdigkeiten,"GeoNames alternate name binz resolved to Ostseebad Binz (DE), 1 candidates, most populous chosen"
de-DE,de,Trondheim,NO,3133880,1400,trondheim sehenswürdigkeiten,slug match in the gazetteer
de-DE,de,Cagliari,IT,2525473,1400,cagliari sehenswürdigkeiten,slug match in the gazetteer
de-DE,de,Eckernförde,DE,2933627,1400,eckernförde sehenswürdigkeiten,slug match in the gazetteer
de-DE,de,Vilnius,LT,593116,1400,vilnius sehenswürdigkeiten,slug match in the gazetteer
de-DE,de,Stralsund,DE,2826287,1400,sehenswürdigkeiten stralsund,slug match in the gazetteer
de-DE,de,Rome,IT,3169070,1400,sehenswürdigkeiten in rom,"GeoNames alternate name rom resolved to Rome (IT), 2 candidates, most populous chosen"
de-DE,de,Pirna,DE,2853572,1400,pirna sehenswürdigkeiten,slug match in the gazetteer
de-DE,de,Side,TR,301238,1400,side sehenswürdigkeiten,slug match in the gazetteer
de-DE,de,Braunlage,DE,2945055,1400,braunlage sehenswürdigkeiten,slug match in the gazetteer
de-DE,de,Bangkok,TH,1609350,1400,sehenswürdigkeiten bangkok,slug match in the gazetteer
de-DE,de,Helsinki,FI,658225,1400,sehenswürdigkeiten helsinki,slug match in the gazetteer
de-DE,de,Weimar,DE,2812482,1400,sehenswürdigkeiten weimar,slug match in the gazetteer
de-DE,de,Miltenberg,DE,2871079,1400,miltenberg sehenswürdigkeiten,slug match in the gazetteer
de-DE,de,Porto,PT,2735943,1400,sehenswürdigkeiten porto,slug match in the gazetteer
de-DE,de,Gibraltar,GI,2411585,1300,gibraltar sehenswürdigkeiten,slug match in the gazetteer
de-DE,de,Chicago,US,4887398,1300,chicago sehenswürdigkeiten,slug match in the gazetteer
de-DE,de,Tokyo,JP,1850147,1300,sehenswürdigkeiten tokio,"GeoNames alternate name tokio resolved to Tokyo (JP), 1 candidates, most populous chosen"
de-DE,de,Zwickau,DE,2803560,1300,zwickau sehenswürdigkeiten,slug match in the gazetteer
de-DE,de,Ko Samui,TH,1154689,1300,koh samui sehenswürdigkeiten,"GeoNames alternate name koh samui resolved to Ko Samui (TH), 1 candidates, most populous chosen"
de-DE,de,Aurich,DE,2954006,1300,aurich sehenswürdigkeiten,slug match in the gazetteer
de-DE,de,Paderborn,DE,2855745,1300,paderborn sehenswürdigkeiten,slug match in the gazetteer
de-DE,de,Mosul,IQ,99072,1300,mosel sehenswürdigkeiten,"GeoNames alternate name mosel resolved to Mosul (IQ), 1 candidates, most populous chosen"
de-DE,de,Gotha,DE,2918752,1300,gotha sehenswürdigkeiten,slug match in the gazetteer
de-DE,de,Belgrade,RS,792680,1300,belgrad sehenswürdigkeiten,"GeoNames alternate name belgrad resolved to Belgrade (RS), 3 candidates, most populous chosen"
de-DE,de,Tromsø,NO,3133895,1300,tromso sehenswürdigkeiten,slug match in the gazetteer
de-DE,de,Sassnitz,DE,2841333,1300,sassnitz sehenswürdigkeiten,slug match in the gazetteer
de-DE,de,Doha,QA,290030,1300,doha sehenswürdigkeiten,slug match in the gazetteer
de-DE,de,Zadar,HR,3186952,1300,zadar sehenswürdigkeiten,slug match in the gazetteer
de-DE,de,Zürich,CH,2657896,1200,sehenswürdigkeiten zürich,slug match in the gazetteer
de-DE,de,Überlingen,DE,2820577,1200,überlingen sehenswürdigkeiten,slug match in the gazetteer
de-DE,de,Bad Wildungen,DE,2953317,1200,bad wildungen sehenswürdigkeiten,slug match in the gazetteer
de-DE,de,Kraków,PL,3094802,1200,sehenswürdigkeiten krakau,"GeoNames alternate name krakau resolved to Kraków (PL), 1 candidates, most populous chosen"
de-DE,de,Shanghai,CN,1796236,1200,shanghai sehenswürdigkeiten,slug match in the gazetteer
de-DE,de,Pisa,IT,3170647,1200,pisa sehenswürdigkeiten,slug match in the gazetteer
de-DE,de,Bad Kissingen,DE,2953424,1200,bad kissingen sehenswürdigkeiten,slug match in the gazetteer
de-DE,de,Florence,IT,3176959,1200,sehenswürdigkeiten florenz,exonym florenz resolved to Florence (IT)
de-DE,de,Paris,FR,2988507,1200,paris sehenswürdigkeiten karte,slug match in the gazetteer
de-DE,de,London,GB,2643743,1200,london sehenswürdigkeiten karte,slug match in the gazetteer
de-DE,de,Chiang Mai,TH,1153671,1200,chiang mai sehenswürdigkeiten,slug match in the gazetteer
de-DE,de,Cuxhaven,DE,2939658,1200,sehenswürdigkeiten cuxhaven,slug match in the gazetteer
de-DE,de,Concord,US,4461574,1200,usa sehenswürdigkeiten,"GeoNames alternate name usa resolved to Concord (US), 3 candidates, most populous chosen"
de-DE,de,Rothenburg ob der Tauber,DE,2844056,1200,sehenswürdigkeiten in rothenburg ob der tauber,slug match in the gazetteer
de-DE,de,Bad Harzburg,DE,2953449,1200,bad harzburg sehenswürdigkeiten,slug match in the gazetteer
de-DE,de,Marbella,ES,2514169,1200,marbella sehenswürdigkeiten,slug match in the gazetteer
de-DE,de,Nijmegen,NL,2750053,1200,nijmegen sehenswürdigkeiten,slug match in the gazetteer
de-DE,de,Verona,IT,3164527,1200,sehenswürdigkeiten verona,slug match in the gazetteer
de-DE,de,Bad Tölz,DE,2953324,1100,bad tölz sehenswürdigkeiten,slug match in the gazetteer
de-DE,de,Winterberg,DE,2807788,1100,winterberg sehenswürdigkeiten,slug match in the gazetteer
de-DE,de,Waren,DE,2814131,1100,waren müritz sehenswürdigkeiten,"GeoNames alternate name waren müritz resolved to Waren (DE), 1 candidates, most populous chosen"
de-DE,de,Amsterdam,NL,2759794,1100,sehenswürdigkeiten in amsterdam,slug match in the gazetteer
de-DE,de,Baden-Baden,DE,2953504,1100,baden-baden sehenswürdigkeiten,slug match in the gazetteer
de-DE,de,Rouen,FR,2982652,1100,rouen sehenswürdigkeiten,slug match in the gazetteer
de-DE,de,Brugge,BE,2800931,1100,sehenswürdigkeiten brügge,slug match in the gazetteer
de-DE,de,Ronda,ES,2511730,1100,ronda sehenswürdigkeiten,slug match in the gazetteer
de-DE,de,Peru,US,4924733,1100,peru sehenswürdigkeiten,slug match in the gazetteer
de-DE,de,The Hague,NL,2747373,1100,sehenswürdigkeiten den haag,"GeoNames alternate name den haag resolved to The Hague (NL), 1 candidates, most populous chosen"
de-DE,de,Ibiza,ES,2516479,1100,ibiza sehenswürdigkeiten,slug match in the gazetteer
de-DE,de,Grömitz,DE,2917150,1100,grömitz sehenswürdigkeiten,slug match in the gazetteer
de-DE,de,China,MX,3530839,1100,china sehenswürdigkeiten,slug match in the gazetteer
de-DE,de,Wiesbaden,DE,2809346,1100,sehenswürdigkeiten wiesbaden,slug match in the gazetteer
de-DE,de,Hanoi,VN,1581130,1100,hanoi sehenswürdigkeiten,slug match in the gazetteer
de-DE,de,Belfast,GB,2655984,1100,belfast sehenswürdigkeiten,slug match in the gazetteer
de-DE,de,Mainz,DE,2874225,1100,sehenswürdigkeiten mainz,slug match in the gazetteer
de-DE,de,Thale,DE,2823141,1100,thale sehenswürdigkeiten,slug match in the gazetteer
de-DE,de,Naples,IT,3172394,1100,sehenswürdigkeiten neapel,exonym neapel resolved to Naples (IT)
de-DE,de,Wales,GB,2634894,1100,wales sehenswürdigkeiten,slug match in the gazetteer
de-DE,de,Füssen,DE,2923507,1100,sehenswürdigkeiten füssen,slug match in the gazetteer
de-DE,de,Warsaw,PL,756135,1100,sehenswürdigkeiten warschau,exonym warschau resolved to Warsaw (PL)
de-DE,de,Monaco,MC,2993458,1100,monaco sehenswürdigkeiten,slug match in the gazetteer
de-DE,de,Costa Rica,BR,6316937,1100,costa rica sehenswürdigkeiten,slug match in the gazetteer
de-DE,de,Edinburgh,GB,2650225,1100,sehenswürdigkeiten edinburgh,slug match in the gazetteer
de-DE,de,Timmendorfer Strand,DE,2822160,1000,timmendorfer strand sehenswürdigkeiten,slug match in the gazetteer
de-DE,de,Montpellier,FR,2992166,1000,montpellier sehenswürdigkeiten,slug match in the gazetteer
de-DE,de,Zanzibar,TZ,148730,1000,sansibar sehenswürdigkeiten,"GeoNames alternate name sansibar resolved to Zanzibar (TZ), 1 candidates, most populous chosen"
de-DE,de,Ansbach,DE,2955936,1000,ansbach sehenswürdigkeiten,slug match in the gazetteer
de-DE,de,Stralsund,DE,2826287,1000,sehenswürdigkeiten in stralsund,slug match in the gazetteer
de-DE,de,Rome,IT,3169070,1000,rom sehenswürdigkeiten karte,"GeoNames alternate name rom resolved to Rome (IT), 2 candidates, most populous chosen"
de-DE,de,Amberg,DE,2956656,1000,amberg sehenswürdigkeiten,slug match in the gazetteer
de-DE,de,Reykjavík,IS,3413829,1000,reykjavik sehenswürdigkeiten,slug match in the gazetteer
de-DE,de,Soest,DE,2831708,1000,soest sehenswürdigkeiten,slug match in the gazetteer
de-DE,de,Malta,BR,3395720,1000,sehenswürdigkeiten malta,slug match in the gazetteer
de-DE,de,Córdoba,AR,3860259,1000,cordoba sehenswürdigkeiten,slug match in the gazetteer
de-DE,de,Göttingen,DE,2918632,1000,sehenswürdigkeiten göttingen,slug match in the gazetteer
de-DE,de,Kulmbach,DE,2882588,1000,kulmbach sehenswürdigkeiten,slug match in the gazetteer
de-DE,de,Boston,US,4930956,1000,boston sehenswürdigkeiten,slug match in the gazetteer
de-DE,de,La Gomera,GT,3594575,1000,la gomera sehenswürdigkeiten,slug match in the gazetteer
de-DE,de,Catania,IT,2525068,1000,catania sehenswürdigkeiten,slug match in the gazetteer
de-DE,de,Quedlinburg,DE,2851465,1000,sehenswürdigkeiten in quedlinburg,slug match in the gazetteer
de-DE,de,Carlsbad,US,5334223,1000,sehenswürdigkeiten karlsbad,"GeoNames alternate name karlsbad resolved to Carlsbad (US), 2 candidates, most populous chosen"
de-DE,de,Olbia,IT,3172087,1000,olbia sehenswürdigkeiten,slug match in the gazetteer
de-DE,de,Innsbruck,AT,2775220,1000,sehenswürdigkeiten innsbruck,slug match in the gazetteer
de-DE,de,Nancy,FR,2990999,1000,nancy sehenswürdigkeiten,slug match in the gazetteer
de-DE,de,Siena,IT,3166548,1000,siena sehenswürdigkeiten,slug match in the gazetteer
de-DE,de,Kiel,DE,2891122,900,sehenswürdigkeiten in kiel,slug match in the gazetteer
de-DE,de,Lucca,IT,3174530,900,lucca sehenswürdigkeiten,slug match in the gazetteer
de-DE,de,Dublin,IE,2964574,900,sehenswürdigkeiten in dublin,slug match in the gazetteer
de-DE,de,Gießen,DE,2920512,900,gießen sehenswürdigkeiten,slug match in the gazetteer
de-DE,de,Willingen,DE,2808544,900,willingen sehenswürdigkeiten,slug match in the gazetteer
de-DE,de,Sarajevo,BA,3191281,900,sarajevo sehenswürdigkeiten,slug match in the gazetteer
de-DE,de,Suhl,DE,2824948,900,suhl sehenswürdigkeiten,slug match in the gazetteer
de-DE,de,Koblenz,DE,2886946,900,sehenswürdigkeiten in koblenz,slug match in the gazetteer
de-DE,de,Fürth,DE,2923544,900,fürth sehenswürdigkeiten,slug match in the gazetteer
de-DE,de,Neuruppin,DE,2864276,900,neuruppin sehenswürdigkeiten,slug match in the gazetteer
de-DE,de,Bad Salzuflen,DE,2953358,900,bad salzuflen sehenswürdigkeiten,slug match in the gazetteer
de-DE,de,Goslar,DE,2918840,900,sehenswürdigkeiten goslar,slug match in the gazetteer
de-DE,de,Alanya,TR,324190,900,alanya sehenswürdigkeiten,slug match in the gazetteer
de-DE,de,Manchester,GB,2643123,900,manchester sehenswürdigkeiten,slug match in the gazetteer
de-DE,de,Los Angeles,US,5368361,900,sehenswürdigkeiten los angeles,slug match in the gazetteer
de-DE,de,Kappeln,DE,2893023,900,kappeln sehenswürdigkeiten,slug match in the gazetteer
de-DE,de,Concord,US,4461574,900,sehenswürdigkeiten usa,"GeoNames alternate name usa resolved to Concord (US), 3 candidates, most populous chosen"
de-DE,de,Wismar,DE,2807465,900,sehenswürdigkeiten in wismar,slug match in the gazetteer
de-DE,de,Bamberg,DE,2952984,900,sehenswürdigkeiten in bamberg,slug match in the gazetteer
de-DE,de,Vancouver,CA,6173331,900,vancouver sehenswürdigkeiten,slug match in the gazetteer
de-DE,de,Bad Doberan,DE,2953528,900,bad doberan sehenswürdigkeiten,slug match in the gazetteer
de-DE,de,Freudenstadt,DE,2924894,900,freudenstadt sehenswürdigkeiten,slug match in the gazetteer
de-DE,de,Ludwigsburg,DE,2875392,900,ludwigsburg sehenswürdigkeiten,slug match in the gazetteer
de-DE,de,Wernigerode,DE,2810808,900,sehenswürdigkeiten wernigerode,slug match in the gazetteer
de-DE,de,Holland,US,4996248,900,holland sehenswürdigkeiten,slug match in the gazetteer
de-DE,de,Southampton,GB,2637487,900,southampton sehenswürdigkeiten,slug match in the gazetteer
de-DE,de,Würzburg,DE,2805615,900,sehenswürdigkeiten in würzburg,slug match in the gazetteer
de-DE,de,Mittenwald,DE,2870482,900,mittenwald sehenswürdigkeiten,slug match in the gazetteer
de-DE,de,Skagen,DK,2613939,900,skagen sehenswürdigkeiten,slug match in the gazetteer
de-DE,de,Oberhausen,DE,2860410,900,oberhausen sehenswürdigkeiten,slug match in the gazetteer
de-DE,de,Zandvoort,NL,2744042,900,zandvoort sehenswürdigkeiten,slug match in the gazetteer
de-DE,de,Quedlinburg,DE,2851465,900,sehenswürdigkeiten quedlinburg,slug match in the gazetteer
de-DE,de,Basel,CH,2661604,900,sehenswürdigkeiten basel,slug match in the gazetteer
de-DE,de,Hansestadt Stade,DE,2829901,900,stade sehenswürdigkeiten,"GeoNames alternate name stade resolved to Hansestadt Stade (DE), 1 candidates, most populous chosen"
de-DE,de,Krabi,TH,1152633,800,krabi sehenswürdigkeiten,slug match in the gazetteer
de-DE,de,Palermo,IT,2523920,800,sehenswürdigkeiten palermo,slug match in the gazetteer
de-DE,de,Schmalkalden,DE,2838059,800,schmalkalden sehenswürdigkeiten,slug match in the gazetteer
de-DE,de,Albufeira,PT,2272222,800,albufeira sehenswürdigkeiten,slug match in the gazetteer
de-DE,de,Buenos Aires,AR,3435910,800,buenos aires sehenswürdigkeiten,slug match in the gazetteer
de-DE,de,San Diego,US,5391811,800,san diego sehenswürdigkeiten,slug match in the gazetteer
de-DE,de,Kotor,ME,3197538,800,kotor sehenswürdigkeiten,slug match in the gazetteer
de-DE,de,New York City,US,5128581,800,new york city sehenswürdigkeiten,slug match in the gazetteer
de-DE,de,Norden,DE,2862118,800,norden sehenswürdigkeiten,slug match in the gazetteer
de-DE,de,Bad Homburg vor der Höhe,DE,2953436,800,bad homburg sehenswürdigkeiten,"GeoNames alternate name bad homburg resolved to Bad Homburg vor der Höhe (DE), 1 candidates, most populous chosen"
de-DE,de,Wolgast,DE,2806501,800,wolgast sehenswürdigkeiten,slug match in the gazetteer
de-DE,de,Şile,TR,739636,800,chile sehenswürdigkeiten,"GeoNames alternate name chile resolved to Şile (TR), 1 candidates, most populous chosen"
de-DE,de,Salzburg,AT,2766824,800,sehenswürdigkeiten in salzburg,slug match in the gazetteer
de-DE,de,Cannes,FR,3028808,800,cannes sehenswürdigkeiten,slug match in the gazetteer
de-DE,de,Worms,DE,2806142,800,worms sehenswürdigkeiten,slug match in the gazetteer
de-DE,de,Marseille,FR,2995469,800,sehenswürdigkeiten marseille,slug match in the gazetteer
de-DE,de,Nantes,FR,2990969,800,nantes sehenswürdigkeiten,slug match in the gazetteer
de-DE,de,Bergamo,IT,3182164,800,bergamo sehenswürdigkeiten,slug match in the gazetteer
de-DE,de,Königsee,DE,2885895,800,königssee sehenswürdigkeiten,"GeoNames alternate name königssee resolved to Königsee (DE), 1 candidates, most populous chosen"
de-DE,de,Vienna,AT,2761369,800,wien sehenswürdigkeiten karte,exonym wien resolved to Vienna (AT)
de-DE,de,Sirmione,IT,3166499,800,sirmione sehenswürdigkeiten,slug match in the gazetteer
de-DE,de,Oldenburg,DE,2857458,800,oldenburg sehenswürdigkeiten,slug match in the gazetteer
de-DE,de,Posen,US,4906527,800,posen sehenswürdigkeiten,slug match in the gazetteer
de-DE,de,Lemay,US,4394905,800,sehenswürdigkeiten in luxemburg,"GeoNames alternate name luxemburg resolved to Lemay (US), 2 candidates, most populous chosen"
de-DE,de,Skopje,MK,785842,800,skopje sehenswürdigkeiten,slug match in the gazetteer
de-DE,de,Tangier,MA,2530335,800,tanger sehenswürdigkeiten,"GeoNames alternate name tanger resolved to Tangier (MA), 1 candidates, most populous chosen"
de-DE,de,České Budějovice,CZ,3077916,800,budweis sehenswürdigkeiten,"GeoNames alternate name budweis resolved to České Budějovice (CZ), 1 candidates, most populous chosen"
de-DE,de,Baden-Baden,DE,2953504,800,sehenswürdigkeiten baden baden,slug match in the gazetteer
de-DE,de,Bad Hersfeld,DE,2953439,800,bad hersfeld sehenswürdigkeiten,slug match in the gazetteer
de-DE,de,Duisburg,DE,2934691,800,sehenswürdigkeiten duisburg,slug match in the gazetteer
de-DE,de,Utrecht,NL,2745912,800,sehenswürdigkeiten utrecht,slug match in the gazetteer
de-DE,de,Wissembourg,FR,2967325,700,wissembourg sehenswürdigkeiten,slug match in the gazetteer
de-DE,de,Zwolle,NL,2743477,700,zwolle sehenswürdigkeiten,slug match in the gazetteer
de-DE,de,Visby,SE,2662689,700,visby sehenswürdigkeiten,slug match in the gazetteer
de-DE,de,Andorra,ES,3130067,700,andorra sehenswürdigkeiten,slug match in the gazetteer
de-DE,de,Elva,EE,592279,700,elba sehenswürdigkeiten,"GeoNames alternate name elba resolved to Elva (EE), 1 candidates, most populous chosen"
de-DE,de,Newcastle,AU,2155472,700,newcastle sehenswürdigkeiten,slug match in the gazetteer
de-DE,de,Miami,US,4164138,700,sehenswürdigkeiten miami,slug match in the gazetteer
de-DE,de,Friedrichroda,DE,2924656,700,friedrichroda sehenswürdigkeiten,slug match in the gazetteer
de-DE,de,Bad Wimpfen,DE,2953315,700,bad wimpfen sehenswürdigkeiten,slug match in the gazetteer
de-DE,de,Bad Füssing,DE,2923500,700,bad füssing sehenswürdigkeiten,slug match in the gazetteer
de-DE,de,Kosciusko,US,4432542,700,peking sehenswürdigkeiten,"GeoNames alternate name peking resolved to Kosciusko (US), 2 candidates, most populous chosen"
de-DE,de,Stendal,DE,2827479,700,stendal sehenswürdigkeiten,slug match in the gazetteer
de-DE,de,Deggendorf,DE,2938540,700,deggendorf sehenswürdigkeiten,slug match in the gazetteer
de-DE,de,Magdeburg,DE,2874545,700,sehenswürdigkeiten in magdeburg,slug match in the gazetteer
de-DE,de,Gera,DE,2921232,700,gera sehenswürdigkeiten,slug match in the gazetteer
de-DE,de,Liverpool,GB,2644210,700,liverpool sehenswürdigkeiten,slug match in the gazetteer
de-DE,de,Scharbeutz,DE,2840393,700,scharbeutz sehenswürdigkeiten,slug match in the gazetteer
de-DE,de,San Francisco,US,5391959,700,sehenswürdigkeiten san francisco,slug match in the gazetteer
de-DE,de,Innsbruck,AT,2775220,700,sehenswürdigkeiten in innsbruck,slug match in the gazetteer
de-DE,de,Görlitz,DE,2918987,700,sehenswürdigkeiten görlitz,slug match in the gazetteer
de-DE,de,Maribor,SI,3195506,700,maribor sehenswürdigkeiten,slug match in the gazetteer
de-DE,de,Mosul,IQ,99072,700,sehenswürdigkeiten mosel,"GeoNames alternate name mosel resolved to Mosul (IQ), 1 candidates, most populous chosen"
de-DE,de,Seattle,US,5809844,700,seattle sehenswürdigkeiten,slug match in the gazetteer
de-DE,de,Vaduz,LI,3042030,700,vaduz sehenswürdigkeiten,slug match in the gazetteer
de-DE,de,Siegen,DE,2832495,700,siegen sehenswürdigkeiten,slug match in the gazetteer
de-DE,de,Laboe,DE,2882059,700,laboe sehenswürdigkeiten,slug match in the gazetteer
de-DE,de,Hamm,DE,2911240,700,hamm sehenswürdigkeiten,slug match in the gazetteer
de-DE,de,Kraków,PL,3094802,700,krk sehenswürdigkeiten,"GeoNames alternate name krk resolved to Kraków (PL), 1 candidates, most populous chosen"
de-DE,de,Bielefeld,DE,2949186,700,sehenswürdigkeiten bielefeld,slug match in the gazetteer
de-DE,de,Ostseebad Binz,DE,2856198,500,sehenswürdigkeiten in binz,"GeoNames alternate name binz resolved to Ostseebad Binz (DE), 1 candidates, most populous chosen"
de-DE,de,Valencia,VE,3625549,500,sehenswürdigkeiten in valencia,slug match in the gazetteer
de-DE,de,Pisa,IT,3170647,500,sehenswürdigkeiten pisa,slug match in the gazetteer
de-DE,de,Amsterdam,NL,2759794,500,amsterdam sehenswürdigkeiten karte,slug match in the gazetteer
de-DE,de,Amiens,FR,3037854,500,amiens sehenswürdigkeiten,slug match in the gazetteer
de-DE,de,Basel,CH,2661604,500,sehenswürdigkeiten in basel,slug match in the gazetteer
de-DE,de,Oberstdorf,DE,2858964,500,sehenswürdigkeiten in oberstdorf,slug match in the gazetteer
de-DE,de,Kronach,DE,2883784,500,kronach sehenswürdigkeiten,slug match in the gazetteer
de-DE,de,Klagenfurt am Wörthersee,AT,2774326,500,klagenfurt sehenswürdigkeiten,"GeoNames alternate name klagenfurt resolved to Klagenfurt am Wörthersee (AT), 1 candidates, most populous chosen"
de-DE,de,Międzyzdroje,PL,3091961,500,misdroy sehenswürdigkeiten,"GeoNames alternate name misdroy resolved to Międzyzdroje (PL), 1 candidates, most populous chosen"
de-DE,de,Aberdeen,GB,2657832,500,aberdeen sehenswürdigkeiten,slug match in the gazetteer
de-DE,de,Mantua,IT,3174051,500,mantua sehenswürdigkeiten,slug match in the gazetteer
de-DE,de,Leutkirch,DE,2878270,500,leutkirch sehenswürdigkeiten,slug match in the gazetteer
de-DE,de,Deventer,NL,2756987,500,deventer sehenswürdigkeiten,slug match in the gazetteer
de-DE,de,Berchtesgaden,DE,2950881,500,sehenswürdigkeiten berchtesgaden,slug match in the gazetteer
de-DE,de,Cubatão,BR,3465059,500,kuba sehenswürdigkeiten,"GeoNames alternate name kuba resolved to Cubatão (BR), 3 candidates, most populous chosen"
de-DE,de,Kuşadası,TR,305359,500,kusadasi sehenswürdigkeiten,slug match in the gazetteer
de-DE,de,Annecy,FR,3037543,500,annecy sehenswürdigkeiten,slug match in the gazetteer
de-DE,de,Philadelphia,US,4560349,500,philadelphia sehenswürdigkeiten,slug match in the gazetteer
de-DE,de,Isny,DE,2895638,500,isny sehenswürdigkeiten,slug match in the gazetteer
de-DE,de,Abu Dhabi,AE,292968,500,sehenswürdigkeiten abu dhabi,slug match in the gazetteer
de-DE,de,Bernkastel-Kues,DE,2949998,500,bernkastel kues sehenswürdigkeiten,slug match in the gazetteer
de-DE,de,Boppard,DE,2946366,500,boppard sehenswürdigkeiten,slug match in the gazetteer
de-DE,de,Birmingham,GB,2655603,500,birmingham sehenswürdigkeiten,slug match in the gazetteer
de-DE,de,Rijeka,HR,3191648,500,rijeka sehenswürdigkeiten,slug match in the gazetteer
de-DE,de,Bad Brückenau,DE,2953535,500,bad brückenau sehenswürdigkeiten,slug match in the gazetteer
de-DE,de,Gerolstein,DE,2920963,500,gerolstein sehenswürdigkeiten,slug match in the gazetteer
de-DE,de,Waren,DE,2814131,500,waren sehenswürdigkeiten,slug match in the gazetteer
de-DE,de,Key West,US,4160812,500,key west sehenswürdigkeiten,slug match in the gazetteer
de-DE,de,Marsa Alam,EG,352736,500,marsa alam sehenswürdigkeiten,slug match in the gazetteer
de-DE,de,Lindau,DE,2877550,500,sehenswürdigkeiten in lindau,slug match in the gazetteer
de-DE,de,Norderney,DE,2862041,500,sehenswürdigkeiten norderney,slug match in the gazetteer
de-DE,de,Landau in der Pfalz,DE,2881646,500,landau sehenswürdigkeiten,"GeoNames alternate name landau resolved to Landau in der Pfalz (DE), 2 candidates, most populous chosen"
de-DE,de,Timmendorfer Strand,DE,2822160,500,sehenswürdigkeiten in timmendorfer strand,slug match in the gazetteer
de-DE,de,Vipiteno,IT,3164065,500,sterzing sehenswürdigkeiten,"GeoNames alternate name sterzing resolved to Vipiteno (IT), 1 candidates, most populous chosen"
de-DE,de,Sinsheim,DE,2831872,500,sinsheim sehenswürdigkeiten,slug match in the gazetteer
de-DE,de,Malta,BR,3395720,500,malta sehenswürdigkeiten karte,slug match in the gazetteer
de-DE,de,Bad Pyrmont,DE,2953379,500,bad pyrmont sehenswürdigkeiten,slug match in the gazetteer
de-DE,de,Muscat,OM,287286,500,muscat sehenswürdigkeiten,slug match in the gazetteer
de-DE,de,Idar-Oberstein,DE,2896753,500,idar oberstein sehenswürdigkeiten,slug match in the gazetteer
de-DE,de,Tarragona,ES,3108288,500,tarragona sehenswürdigkeiten,slug match in the gazetteer
de-DE,de,Tunis,TN,2464470,500,tunis sehenswürdigkeiten,slug match in the gazetteer
de-DE,de,Merano,IT,3173577,500,sehenswürdigkeiten meran,"GeoNames alternate name meran resolved to Merano (IT), 1 candidates, most populous chosen"
de-DE,de,Ibiza,ES,2516479,500,sehenswürdigkeiten ibiza,slug match in the gazetteer
de-DE,de,Bāli,IN,1277539,500,sehenswürdigkeiten bali,slug match in the gazetteer
de-DE,de,Nordhausen,DE,2861982,500,nordhausen sehenswürdigkeiten,slug match in the gazetteer
de-DE,de,Istanbul,TR,745044,500,sehenswürdigkeiten in istanbul,slug match in the gazetteer
de-DE,de,Ruhpolding,DE,2843203,500,ruhpolding sehenswürdigkeiten,slug match in the gazetteer
de-DE,de,Landshut,DE,2881485,500,sehenswürdigkeiten landshut,slug match in the gazetteer
de-DE,de,San Sebastián,GT,3589548,500,san sebastián sehenswürdigkeiten,slug match in the gazetteer
de-DE,de,Québec,CA,6325494,500,quebec sehenswürdigkeiten,slug match in the gazetteer
de-DE,de,Breslau,CA,5908481,500,sehenswürdigkeiten breslau,slug match in the gazetteer
de-DE,de,Dresden,DE,2935022,500,dresden sehenswürdigkeiten karte,slug match in the gazetteer
de-DE,de,Kelheim,DE,2891834,500,kelheim sehenswürdigkeiten,slug match in the gazetteer
de-DE,de,Porto,PT,2735943,500,sehenswürdigkeiten in porto,slug match in the gazetteer
de-DE,de,Edinburgh,GB,2650225,500,sehenswürdigkeiten in edinburgh,slug match in the gazetteer
de-DE,de,Kanazawa,JP,1860243,500,kanazawa sehenswürdigkeiten,slug match in the gazetteer
de-DE,de,Lefkáda,GR,258438,500,lefkada sehenswürdigkeiten,slug match in the gazetteer
de-DE,de,Cuxhaven,DE,2939658,500,sehenswürdigkeiten in cuxhaven,slug match in the gazetteer
de-DE,de,Speyer,DE,2830582,500,sehenswürdigkeiten in speyer,slug match in the gazetteer
de-DE,de,Kos,GR,259245,500,sehenswürdigkeiten kos,slug match in the gazetteer
de-DE,de,Garmisch-Partenkirchen,DE,2922530,500,sehenswürdigkeiten in garmisch-partenkirchen,slug match in the gazetteer
de-DE,de,Milan,IT,3173435,500,milano sehenswürdigkeiten,"GeoNames alternate name milano resolved to Milan (IT), 1 candidates, most populous chosen"
de-DE,de,Bad Mergentheim,DE,2953402,500,bad mergentheim sehenswürdigkeiten,slug match in the gazetteer
de-DE,de,Riva del Garda,IT,3169272,500,riva del garda sehenswürdigkeiten,slug match in the gazetteer
de-DE,de,Rothenburg,DE,2844062,450,rothenburg sehenswürdigkeiten,slug match in the gazetteer
de-DE,de,Paris,FR,2988507,450,sehenswürdigkeiten paris karte,slug match in the gazetteer
de-DE,de,Luzern,CH,2659811,450,sehenswürdigkeiten luzern,slug match in the gazetteer
de-DE,de,Calais,FR,3029162,450,calais sehenswürdigkeiten,slug match in the gazetteer
de-DE,de,Padua,IT,3171728,450,padua sehenswürdigkeiten,slug match in the gazetteer
de-DE,de,Madeira,US,4517353,450,madeira sehenswürdigkeiten karte,slug match in the gazetteer
de-DE,de,Chongqing,CN,1814906,450,chongqing sehenswürdigkeiten,slug match in the gazetteer
de-DE,de,Copenhagen,DK,2618425,450,kopenhagen sehenswürdigkeiten karte,exonym kopenhagen resolved to Copenhagen (DK)
de-DE,de,Aalborg,DK,2624886,450,aalborg sehenswürdigkeiten,slug match in the gazetteer
de-DE,de,Santa Cruz de Tenerife,ES,2511174,450,sehenswürdigkeiten in teneriffa,"GeoNames alternate name teneriffa resolved to Santa Cruz de Tenerife (ES), 1 candidates, most populous chosen"
de-DE,de,Glasgow,GB,2648579,450,sehenswürdigkeiten glasgow,slug match in the gazetteer
de-DE,de,Ostend,BE,2789786,450,ostende sehenswürdigkeiten,"GeoNames alternate name ostende resolved to Ostend (BE), 1 candidates, most populous chosen"
de-DE,de,Bad Oeynhausen,DE,2953386,450,bad oeynhausen sehenswürdigkeiten,slug match in the gazetteer
de-DE,de,Florence,IT,3176959,450,sehenswürdigkeiten in florenz,exonym florenz resolved to Florence (IT)
de-DE,de,Bremerhaven,DE,2944368,450,sehenswürdigkeiten in bremerhaven,slug match in the gazetteer
de-DE,de,Shanghai,CN,1796236,450,sehenswürdigkeiten shanghai,slug match in the gazetteer
de-DE,de,Oxford,GB,2640729,450,oxford sehenswürdigkeiten,slug match in the gazetteer
de-DE,de,Rabat,MA,2538475,450,rabat sehenswürdigkeiten,slug match in the gazetteer
de-DE,de,Würzburg,DE,2805615,450,würzburg sehenswürdigkeiten 1 tag,slug match in the gazetteer
de-DE,de,Can Picafort,ES,2520229,450,can picafort sehenswürdigkeiten,slug match in the gazetteer
de-DE,de,Röbel,DE,2846286,450,röbel sehenswürdigkeiten,slug match in the gazetteer
de-DE,de,Namur,BE,2790471,450,namur sehenswürdigkeiten,slug match in the gazetteer
de-DE,de,Willingen,DE,2808544,450,sehenswürdigkeiten in willingen,slug match in the gazetteer
de-DE,de,Michelstadt,DE,2871284,450,michelstadt sehenswürdigkeiten,slug match in the gazetteer
de-DE,de,Bautzen,DE,2951881,450,sehenswürdigkeiten bautzen,slug match in the gazetteer
de-DE,de,Zürich,CH,2657896,450,sehenswürdigkeiten in zürich,slug match in the gazetteer
de-DE,de,Biarritz,FR,3032797,450,biarritz sehenswürdigkeiten,slug match in the gazetteer
de-DE,de,Liège,BE,2792413,450,sehenswürdigkeiten lüttich,exonym lüttich resolved to Liege (BE)
de-DE,de,Ilmenau,DE,2896514,450,ilmenau sehenswürdigkeiten,slug match in the gazetteer
de-DE,de,Venice,IT,3164603,450,sehenswürdigkeiten in venedig,exonym venedig resolved to Venice (IT)
de-DE,de,Side,TR,301238,450,sehenswürdigkeiten side,slug match in the gazetteer
de-DE,de,Bad Sachsa,DE,2953364,450,bad sachsa sehenswürdigkeiten,slug match in the gazetteer
de-DE,de,Ottawa,CA,6094817,450,ottawa sehenswürdigkeiten,slug match in the gazetteer
de-DE,de,Calgary,CA,5913490,450,calgary sehenswürdigkeiten,slug match in the gazetteer
de-DE,de,Ankara,TR,323786,450,ankara sehenswürdigkeiten,slug match in the gazetteer
de-DE,de,Cherbourg,FR,3025466,450,cherbourg sehenswürdigkeiten,slug match in the gazetteer
de-DE,de,Las Vegas,US,5506956,450,sehenswürdigkeiten las vegas,slug match in the gazetteer
de-DE,de,Manavgat,TR,304854,450,manavgat sehenswürdigkeiten,slug match in the gazetteer
de-DE,de,Sibiu,RO,667268,450,sibiu sehenswürdigkeiten,slug match in the gazetteer
de-DE,de,Burghausen,DE,2941279,450,burghausen sehenswürdigkeiten,slug match in the gazetteer
de-DE,de,Fukuoka,JP,1863967,450,fukuoka sehenswürdigkeiten,slug match in the gazetteer
de-DE,de,Tønder,DK,2611497,450,tondern sehenswürdigkeiten,"GeoNames alternate name tondern resolved to Tønder (DK), 1 candidates, most populous chosen"
de-DE,de,Cala Rajada,ES,2520564,450,cala ratjada sehenswürdigkeiten,"GeoNames alternate name cala ratjada resolved to Cala Rajada (ES), 1 candidates, most populous chosen"
de-DE,de,Neustadt in Holstein,DE,2864034,450,neustadt in holstein sehenswürdigkeiten,slug match in the gazetteer
de-DE,de,Udine,IT,3165072,450,udine sehenswürdigkeiten,slug match in the gazetteer
de-DE,de,Mönchengladbach,DE,2869894,450,mönchengladbach sehenswürdigkeiten,slug match in the gazetteer
de-DE,de,Zagreb,HR,3186886,450,sehenswürdigkeiten zagreb,slug match in the gazetteer
de-DE,de,Wertheim,DE,2810716,450,wertheim sehenswürdigkeiten,slug match in the gazetteer
de-DE,de,Perth,AU,2063523,450,perth sehenswürdigkeiten,slug match in the gazetteer
de-DE,de,Paphos,CY,146214,450,paphos sehenswürdigkeiten,slug match in the gazetteer
de-DE,de,Oldenburg,DE,2857458,450,sehenswürdigkeiten in oldenburg,slug match in the gazetteer
de-DE,de,Alba,IT,3183364,450,aruba sehenswürdigkeiten,"GeoNames alternate name aruba resolved to Alba (IT), 1 candidates, most populous chosen"
de-DE,de,Liverpool,GB,2644210,450,sehenswürdigkeiten liverpool,slug match in the gazetteer
de-DE,de,Kuala Lumpur,MY,1735161,450,sehenswürdigkeiten kuala lumpur,slug match in the gazetteer
de-DE,de,Genoa,IT,3176219,450,sehenswürdigkeiten genua,"GeoNames alternate name genua resolved to Genoa (IT), 1 candidates, most populous chosen"
de-DE,de,Brugge,BE,2800931,450,sehenswürdigkeiten in brügge,slug match in the gazetteer
de-DE,de,Bergen,NO,3161732,450,sehenswürdigkeiten bergen,slug match in the gazetteer
de-DE,de,Taormina,IT,2522975,450,taormina sehenswürdigkeiten,slug match in the gazetteer
de-DE,de,La Rochelle,FR,3006787,450,la rochelle sehenswürdigkeiten,slug match in the gazetteer
de-DE,de,Monschau,DE,2869756,450,sehenswürdigkeiten in monschau,slug match in the gazetteer
de-DE,de,Reykjavík,IS,3413829,450,sehenswürdigkeiten reykjavik,slug match in the gazetteer
de-DE,de,Cork,IE,2965140,450,cork sehenswürdigkeiten,slug match in the gazetteer
de-DE,de,Seligenstadt,DE,2833242,400,seligenstadt sehenswürdigkeiten,slug match in the gazetteer
de-DE,de,Brescia,IT,3181554,400,brescia sehenswürdigkeiten,slug match in the gazetteer
de-DE,de,Solingen,DE,2831580,400,solingen sehenswürdigkeiten,slug match in the gazetteer
de-DE,de,Pula,HR,3192224,400,sehenswürdigkeiten pula,slug match in the gazetteer
de-DE,de,Utrecht,NL,2745912,400,sehenswürdigkeiten in utrecht,slug match in the gazetteer
de-DE,de,Wolfenbüttel,DE,2806914,400,wolfenbüttel sehenswürdigkeiten,slug match in the gazetteer
de-DE,de,Middelburg,ZA,976361,400,middelburg sehenswürdigkeiten,slug match in the gazetteer
de-DE,de,Hansestadt Salzwedel,DE,2842112,400,salzwedel sehenswürdigkeiten,"GeoNames alternate name salzwedel resolved to Hansestadt Salzwedel (DE), 1 candidates, most populous chosen"
de-DE,de,Groningen,NL,2755251,400,sehenswürdigkeiten in groningen,slug match in the gazetteer
de-DE,de,Iserlohn,DE,2895669,400,iserlohn sehenswürdigkeiten,slug match in the gazetteer
de-DE,de,Neumünster,DE,2864475,400,neumünster sehenswürdigkeiten,slug match in the gazetteer
de-DE,de,Bilbao,ES,3128026,400,sehenswürdigkeiten bilbao,slug match in the gazetteer
de-DE,de,Oberhausen,DE,2860410,400,sehenswürdigkeiten oberhausen,slug match in the gazetteer
de-DE,de,Toledo,US,5174035,400,toledo sehenswürdigkeiten,slug match in the gazetteer
de-DE,de,Denver,US,5419384,400,denver sehenswürdigkeiten,slug match in the gazetteer
de-DE,de,Heppenheim an der Bergstrasse,DE,2906268,400,heppenheim sehenswürdigkeiten,"GeoNames alternate name heppenheim resolved to Heppenheim an der Bergstrasse (DE), 1 candidates, most populous chosen"
de-DE,de,Lemgo,DE,2878943,400,lemgo sehenswürdigkeiten,slug match in the gazetteer
de-DE,de,Timmendorfer Strand,DE,2822160,400,sehenswürdigkeiten timmendorfer strand,slug match in the gazetteer
de-DE,de,Taipei,TW,1668341,400,taipei sehenswürdigkeiten,slug match in the gazetteer
de-DE,de,Świnoujście,PL,3083955,400,sehenswürdigkeiten in swinemünde,exonym swinemünde resolved to Swinoujscie (PL)
de-DE,de,Bad Camberg,DE,2940381,400,bad camberg sehenswürdigkeiten,slug match in the gazetteer
de-DE,de,Český Krumlov,CZ,3077889,400,krumau sehenswürdigkeiten,"GeoNames alternate name krumau resolved to Český Krumlov (CZ), 1 candidates, most populous chosen"
de-DE,de,Tallinn,EE,588409,400,sehenswürdigkeiten tallinn,slug match in the gazetteer
de-DE,de,Caorle,IT,3180749,400,caorle sehenswürdigkeiten,slug match in the gazetteer
de-DE,de,Chicago,US,4887398,400,sehenswürdigkeiten chicago,slug match in the gazetteer
de-DE,de,Esens,DE,2928911,400,esens sehenswürdigkeiten,slug match in the gazetteer
de-DE,de,Armenia,CO,3689560,400,armenien sehenswürdigkeiten,"GeoNames alternate name armenien resolved to Armenia (CO), 1 candidates, most populous chosen"
de-DE,de,Leipzig,DE,2879139,400,leipzig sehenswürdigkeiten 1 tag,slug match in the gazetteer
de-DE,de,Hildesheim,DE,2904789,400,sehenswürdigkeiten hildesheim,slug match in the gazetteer
de-DE,de,Narvik,NO,3144987,400,narvik sehenswürdigkeiten,slug match in the gazetteer
de-DE,de,Butjadingen,DE,3336894,400,butjadingen sehenswürdigkeiten,slug match in the gazetteer
de-DE,de,Schliersee,DE,2838502,400,schliersee sehenswürdigkeiten,slug match in the gazetteer
de-DE,de,Erding,DE,2929715,400,erding sehenswürdigkeiten,slug match in the gazetteer
de-DE,de,Waren,DE,2814131,400,sehenswürdigkeiten in waren (müritz),"GeoNames alternate name waren (müritz) resolved to Waren (DE), 1 candidates, most populous chosen"
de-DE,de,Bernburg,DE,2950073,400,bernburg sehenswürdigkeiten,slug match in the gazetteer
de-DE,de,Höxter,DE,2898321,400,höxter sehenswürdigkeiten,slug match in the gazetteer
de-DE,de,Hong Kong,HK,1819729,400,hong kong sehenswürdigkeiten,slug match in the gazetteer
de-DE,de,Immenstadt im Allgäu,DE,2896261,400,immenstadt sehenswürdigkeiten,"GeoNames alternate name immenstadt resolved to Immenstadt im Allgäu (DE), 1 candidates, most populous chosen"
de-DE,de,São Paulo,BR,3448439,400,sao paulo sehenswürdigkeiten,slug match in the gazetteer
de-DE,de,Mumbai,IN,1275339,400,mumbai sehenswürdigkeiten,slug match in the gazetteer
de-DE,de,Rhodes,GR,400666,400,rhodos sehenswürdigkeiten karte,"GeoNames alternate name rhodos resolved to Rhodes (GR), 1 candidates, most populous chosen"
de-DE,de,George Town,MY,1735106,400,penang sehenswürdigkeiten,"GeoNames alternate name penang resolved to George Town (MY), 1 candidates, most populous chosen"
de-DE,de,Rottweil,DE,2843636,400,rottweil sehenswürdigkeiten,slug match in the gazetteer
de-DE,de,Mainz,DE,2874225,400,sehenswürdigkeiten in mainz,slug match in the gazetteer
de-DE,de,Sigmaringen,DE,2832232,400,sigmaringen sehenswürdigkeiten,slug match in the gazetteer
de-DE,de,Bad Staffelstein,DE,2829701,400,bad staffelstein sehenswürdigkeiten,slug match in the gazetteer
de-DE,de,Bamberg,DE,2952984,400,bamberg sehenswürdigkeiten karte,slug match in the gazetteer
de-DE,de,Antibes,FR,3037456,400,antibes sehenswürdigkeiten,slug match in the gazetteer
de-DE,de,Bottrop,DE,2945756,400,bottrop sehenswürdigkeiten,slug match in the gazetteer
de-DE,de,Belek,TR,321580,400,belek sehenswürdigkeiten,slug match in the gazetteer
de-DE,de,Monaco,MC,2993458,400,sehenswürdigkeiten monaco,slug match in the gazetteer
de-DE,de,Turin,IT,3165524,400,sehenswürdigkeiten turin,slug match in the gazetteer
de-DE,de,Granada,ES,2517117,400,sehenswürdigkeiten granada,slug match in the gazetteer
de-DE,de,Lörrach,DE,2875881,400,lörrach sehenswürdigkeiten,slug match in the gazetteer
de-DE,de,Ravensburg,DE,2849802,400,sehenswürdigkeiten ravensburg,slug match in the gazetteer
de-DE,de,Ostseebad Kühlungsborn,DE,2856193,400,arendsee sehenswürdigkeiten,"GeoNames alternate name arendsee resolved to Ostseebad Kühlungsborn (DE), 1 candidates, most populous chosen"
de-DE,de,Wales,GB,2634894,400,sehenswürdigkeiten wales,slug match in the gazetteer
de-DE,de,Hamburg,DE,2911298,400,hamburg sehenswürdigkeiten karte,slug match in the gazetteer
de-DE,de,Volkach,DE,2816702,400,volkach sehenswürdigkeiten,slug match in the gazetteer
de-DE,de,Okinawa,JP,1894616,400,okinawa sehenswürdigkeiten,slug match in the gazetteer
de-DE,de,Bucharest,RO,683506,400,sehenswürdigkeiten bukarest,"GeoNames alternate name bukarest resolved to Bucharest (RO), 1 candidates, most populous chosen"
de-DE,de,Sofia,BG,727011,400,sehenswürdigkeiten sofia,slug match in the gazetteer
de-DE,de,Caen,FR,3029241,400,caen sehenswürdigkeiten,slug match in the gazetteer
de-DE,de,Breslau,CA,5908481,400,sehenswürdigkeiten in breslau,slug match in the gazetteer
de-DE,de,Zanzibar,TZ,148730,350,sehenswürdigkeiten sansibar,"GeoNames alternate name sansibar resolved to Zanzibar (TZ), 1 candidates, most populous chosen"
de-DE,de,Brilon,DE,2944079,350,brilon sehenswürdigkeiten,slug match in the gazetteer
de-DE,de,Wittenberg,DE,7303020,350,lutherstadt wittenberg sehenswürdigkeiten,"GeoNames alternate name lutherstadt wittenberg resolved to Wittenberg (DE), 1 candidates, most populous chosen"
de-DE,de,Eckernförde,DE,2933627,350,sehenswürdigkeiten eckernförde,slug match in the gazetteer
de-DE,de,Volterra,IT,3163962,350,volterra sehenswürdigkeiten,slug match in the gazetteer
de-DE,de,Bāli,IN,1277539,350,bali sehenswürdigkeiten karte,slug match in the gazetteer
de-DE,de,Kitzbühel,AT,2774347,350,kitzbühel sehenswürdigkeiten,slug match in the gazetteer
de-DE,de,Seoul,KR,1835848,350,sehenswürdigkeiten seoul,slug match in the gazetteer
de-DE,de,Osnabrück,DE,2856883,350,sehenswürdigkeiten in osnabrück,slug match in the gazetteer
de-DE,de,Varna,BG,726050,350,varna sehenswürdigkeiten,slug match in the gazetteer
de-DE,de,Santiago de Compostela,ES,3109642,350,santiago de compostela sehenswürdigkeiten,slug match in the gazetteer
de-DE,de,Fuentes de Andalucía,ES,2517500,350,ukraine sehenswürdigkeiten,"GeoNames alternate name ukraine resolved to Fuentes de Andalucía (ES), 1 candidates, most populous chosen"
de-DE,de,Soltau,DE,2831486,350,soltau sehenswürdigkeiten,slug match in the gazetteer
de-DE,de,Ratzeburg,DE,2850132,350,ratzeburg sehenswürdigkeiten,slug match in the gazetteer
de-DE,de,Vancouver,CA,6173331,350,sehenswürdigkeiten vancouver,slug match in the gazetteer
de-DE,de,Braga,PT,2742032,350,braga sehenswürdigkeiten,slug match in the gazetteer
de-DE,de,Coimbra,PT,2740637,350,coimbra sehenswürdigkeiten,slug match in the gazetteer
de-DE,de,Budapest,HU,3054643,350,budapest sehenswürdigkeiten karte,slug match in the gazetteer
de-DE,de,Villach,AT,2762372,350,villach sehenswürdigkeiten,slug match in the gazetteer
de-DE,de,Limburg an der Lahn,DE,2877648,350,limburg an der lahn sehenswürdigkeiten,slug match in the gazetteer
de-DE,de,London,GB,2643743,350,london karte sehenswürdigkeiten,slug match in the gazetteer
de-DE,de,Beilstein,DE,2951346,350,beilstein sehenswürdigkeiten,slug match in the gazetteer
de-DE,de,Nyu-York,UA,699751,350,new york sehenswürdigkeiten karte,"GeoNames alternate name new york resolved to Nyu-York (UA), 2 candidates, most populous chosen"
de-DE,de,Bad Rothenfelde,DE,2953367,350,bad rothenfelde sehenswürdigkeiten,slug match in the gazetteer
de-DE,de,Františkovy Lázně,CZ,3076136,350,franzensbad sehenswürdigkeiten,"GeoNames alternate name franzensbad resolved to Františkovy Lázně (CZ), 1 candidates, most populous chosen"
de-DE,de,Oberstdorf,DE,2858964,350,sehenswürdigkeiten oberstdorf,slug match in the gazetteer
de-DE,de,Haan,DE,2913195,350,de haan sehenswürdigkeiten,slug match in the gazetteer
de-DE,de,Sassnitz,DE,2841333,350,sehenswürdigkeiten sassnitz,slug match in the gazetteer
de-DE,de,Orléans,CA,8556295,350,orleans sehenswürdigkeiten,slug match in the gazetteer
de-DE,de,The Hague,NL,2747373,350,sehenswürdigkeiten in den haag,"GeoNames alternate name den haag resolved to The Hague (NL), 1 candidates, most populous chosen"
de-DE,de,Karlovy Vary,CZ,3073803,350,karlovy vary sehenswürdigkeiten,slug match in the gazetteer
de-DE,de,Dinkelsbühl,DE,2936886,350,sehenswürdigkeiten in dinkelsbühl,slug match in the gazetteer
de-DE,de,Bristol,GB,2654675,350,bristol sehenswürdigkeiten,slug match in the gazetteer
de-DE,de,Venlo,NL,2745641,350,sehenswürdigkeiten in venlo,slug match in the gazetteer
de-DE,de,Alkmaar,NL,2759899,350,alkmaar sehenswürdigkeiten,slug match in the gazetteer
de-DE,de,Tecklenburg,DE,2823728,350,tecklenburg sehenswürdigkeiten,slug match in the gazetteer
de-DE,de,Athens,GR,264371,350,sehenswürdigkeiten in athen,exonym athen resolved to Athens (GR)
de-DE,de,Nerja,ES,2513240,350,nerja sehenswürdigkeiten,slug match in the gazetteer
de-DE,de,Fürth,DE,2923544,350,sehenswürdigkeiten fürth,slug match in the gazetteer
de-DE,de,Verona,IT,3164527,350,sehenswürdigkeiten in verona,slug match in the gazetteer
de-DE,de,Mulhouse,FR,2991214,350,mulhouse sehenswürdigkeiten,slug match in the gazetteer
de-DE,de,Houston,US,4699066,350,houston sehenswürdigkeiten,slug match in the gazetteer
de-DE,de,Schwetzingen,DE,2834240,350,schwetzingen sehenswürdigkeiten,slug match in the gazetteer
de-DE,de,Bad Orb,DE,2953384,350,bad orb sehenswürdigkeiten,slug match in the gazetteer
de-DE,de,Corfu,GR,2463679,350,korfu sehenswürdigkeiten karte,"GeoNames alternate name korfu resolved to Corfu (GR), 1 candidates, most populous chosen"
de-DE,de,Fethiye,TR,314967,350,fethiye sehenswürdigkeiten,slug match in the gazetteer
de-DE,de,Civitavecchia,IT,3178587,350,civitavecchia sehenswürdigkeiten,slug match in the gazetteer
de-DE,de,Bangkok,TH,1609350,350,sehenswürdigkeiten in bangkok,slug match in the gazetteer
de-DE,de,Straubing,DE,2826099,350,straubing sehenswürdigkeiten,slug match in the gazetteer
de-DE,de,Bielefeld,DE,2949186,350,sehenswürdigkeiten in bielefeld,slug match in the gazetteer
de-DE,de,Colombo,LK,1248991,350,colombo sehenswürdigkeiten,slug match in the gazetteer
de-DE,de,Istanbul,TR,745044,350,istanbul sehenswürdigkeiten karte,slug match in the gazetteer
de-DE,de,Kraków,PL,3094802,350,sehenswürdigkeiten in krakau,"GeoNames alternate name krakau resolved to Kraków (PL), 1 candidates, most populous chosen"
de-DE,de,Ueckermünde,DE,2820471,350,ueckermünde sehenswürdigkeiten,slug match in the gazetteer
de-DE,de,Umag,HR,3188498,350,umag sehenswürdigkeiten,slug match in the gazetteer
de-DE,de,Mönchengladbach,DE,2869894,350,sehenswürdigkeiten mönchengladbach,slug match in the gazetteer
de-DE,de,Idar-Oberstein,DE,2896753,350,idar-oberstein sehenswürdigkeiten,slug match in the gazetteer
de-DE,de,Atlanta,US,4180439,350,atlanta sehenswürdigkeiten,slug match in the gazetteer
de-DE,de,Bensheim,DE,2950978,350,bensheim sehenswürdigkeiten,slug match in the gazetteer
de-DE,de,Warburg,DE,2814153,350,warburg sehenswürdigkeiten,slug match in the gazetteer
de-DE,de,Zaandam,NL,2744118,350,zaandam sehenswürdigkeiten,slug match in the gazetteer
de-DE,de,Zadar,HR,3186952,350,sehenswürdigkeiten zadar,slug match in the gazetteer
de-DE,de,Greenland,BB,3373831,350,grönland sehenswürdigkeiten,"GeoNames alternate name grönland resolved to Greenland (BB), 1 candidates, most populous chosen"
de-DE,de,Bad Füssing,DE,2923500,350,sehenswürdigkeiten in bad füssing,slug match in the gazetteer
de-DE,de,Schwäbisch Hall,DE,2835481,350,sehenswürdigkeiten schwäbisch hall,slug match in the gazetteer
de-DE,de,Marrakesh,MA,2542997,350,sehenswürdigkeiten in marrakesch,"GeoNames alternate name marrakesch resolved to Marrakesh (MA), 1 candidates, most populous chosen"
de-DE,de,Baku,AZ,587084,350,baku sehenswürdigkeiten,slug match in the gazetteer
de-DE,de,Duderstadt,DE,2934728,350,duderstadt sehenswürdigkeiten,slug match in the gazetteer
de-DE,de,Ho Chi Minh City,VN,1566083,350,ho chi minh city sehenswürdigkeiten,slug match in the gazetteer
de-DE,de,Pattaya,TH,1614295,350,pattaya sehenswürdigkeiten,slug match in the gazetteer
de-DE,de,Grimma,DE,2917325,350,grimma sehenswürdigkeiten,slug match in the gazetteer
de-DE,de,Ostseebad Binz,DE,2856198,350,sehenswürdigkeiten binz,"GeoNames alternate name binz resolved to Ostseebad Binz (DE), 1 candidates, most populous chosen"
de-DE,de,Bispingen,DE,2948222,350,bispingen sehenswürdigkeiten,slug match in the gazetteer
de-DE,de,London,GB,2643743,350,sehenswürdigkeiten london karte,slug match in the gazetteer
de-DE,de,Náxos,GR,256632,350,naxos sehenswürdigkeiten,slug match in the gazetteer
de-DE,de,Oslo,NO,3143244,350,sehenswürdigkeiten in oslo,slug match in the gazetteer
de-DE,de,Menton,FR,2994497,350,menton sehenswürdigkeiten,slug match in the gazetteer
de-DE,de,Jena,DE,2895044,350,sehenswürdigkeiten in jena,slug match in the gazetteer
de-DE,de,Canberra,AU,2172517,350,canberra sehenswürdigkeiten,slug match in the gazetteer
de-DE,de,Podgorica,ME,3193044,350,podgorica sehenswürdigkeiten,slug match in the gazetteer
de-DE,de,Braşov,RO,683844,350,brasov sehenswürdigkeiten,slug match in the gazetteer
de-DE,de,Auckland,NZ,2193733,350,auckland sehenswürdigkeiten,slug match in the gazetteer
de-DE,de,Schmallenberg,DE,2838053,350,schmallenberg sehenswürdigkeiten,slug match in the gazetteer
de-DE,de,Los Angeles,US,5368361,350,sehenswürdigkeiten in los angeles,slug match in the gazetteer
de-DE,de,Jerez de la Frontera,ES,2516326,350,jerez de la frontera sehenswürdigkeiten,slug match in the gazetteer
de-DE,de,Funchal,PT,2267827,350,sehenswürdigkeiten funchal,slug match in the gazetteer
de-DE,de,Tavira,PT,2262744,350,tavira sehenswürdigkeiten,slug match in the gazetteer
de-DE,de,Rome,IT,3169070,350,sehenswürdigkeiten rom karte,"GeoNames alternate name rom resolved to Rome (IT), 2 candidates, most populous chosen"
de-DE,de,Milan,IT,3173435,350,mailand sehenswürdigkeiten karte,"GeoNames alternate name mailand resolved to Milan (IT), 1 candidates, most populous chosen"
de-DE,de,Günzburg,DE,2913555,350,günzburg sehenswürdigkeiten,slug match in the gazetteer
de-DE,de,Ilsenburg,DE,2896483,350,ilsenburg sehenswürdigkeiten,slug match in the gazetteer
de-DE,de,Scheveningen,NL,2747599,350,scheveningen sehenswürdigkeiten,slug match in the gazetteer
de-DE,de,Kyoto,JP,1857910,350,sehenswürdigkeiten kyoto,slug match in the gazetteer
de-DE,de,Madeira,US,4517353,300,sehenswürdigkeiten in madeira,slug match in the gazetteer
de-DE,de,Timişoara,RO,665087,300,timisoara sehenswürdigkeiten,slug match in the gazetteer
de-DE,de,Pescara,IT,3171168,300,pescara sehenswürdigkeiten,slug match in the gazetteer
de-DE,de,Ribe,DK,2614813,300,ribe sehenswürdigkeiten,slug match in the gazetteer
de-DE,de,Cozumel,MX,3530103,300,cozumel sehenswürdigkeiten,slug match in the gazetteer
de-DE,de,Cagliari,IT,2525473,300,sehenswürdigkeiten cagliari,slug match in the gazetteer
de-DE,de,Calw,DE,2940383,300,calw sehenswürdigkeiten,slug match in the gazetteer
de-DE,de,Arcen,NL,2759684,300,arcen sehenswürdigkeiten,slug match in the gazetteer
de-DE,de,Córdoba,AR,3860259,300,córdoba sehenswürdigkeiten,slug match in the gazetteer
de-DE,de,Eisenhüttenstadt,DE,2931481,300,eisenhüttenstadt sehenswürdigkeiten,slug match in the gazetteer
de-DE,de,Leuven,BE,2792482,300,leuven sehenswürdigkeiten,slug match in the gazetteer
de-DE,de,Hoa Lư,VN,1571968,300,ninh binh sehenswürdigkeiten,"GeoNames alternate name ninh binh resolved to Hoa Lư (VN), 1 candidates, most populous chosen"
de-DE,de,Besançon,FR,3033123,300,besancon sehenswürdigkeiten,slug match in the gazetteer
de-DE,de,Rennes,FR,2983990,300,rennes sehenswürdigkeiten,slug match in the gazetteer
de-DE,de,Grenada,US,4428539,300,grenada sehenswürdigkeiten,slug match in the gazetteer
de-DE,de,Cardiff,GB,2653822,300,cardiff sehenswürdigkeiten,slug match in the gazetteer
de-DE,de,Sóller,ES,2510821,300,soller sehenswürdigkeiten,slug match in the gazetteer
de-DE,de,Regensburg,DE,2849483,300,regensburg sehenswürdigkeiten 1 tag,slug match in the gazetteer
de-DE,de,Kemer,TR,308220,300,kemer sehenswürdigkeiten,slug match in the gazetteer
de-DE,de,Santiago,CL,3871336,300,santiago de chile sehenswürdigkeiten,"GeoNames alternate name santiago de chile resolved to Santiago (CL), 1 candidates, most populous chosen"
de-DE,de,Stockholm,SE,2673730,300,stockholm sehenswürdigkeiten karte,slug match in the gazetteer
de-DE,de,Kosciusko,US,4432542,300,sehenswürdigkeiten peking,"GeoNames alternate name peking resolved to Kosciusko (US), 2 candidates, most populous chosen"
de-DE,de,Duisburg,DE,2934691,300,sehenswürdigkeiten in duisburg,slug match in the gazetteer
de-DE,de,Aurich,DE,2954006,300,sehenswürdigkeiten in aurich,slug match in the gazetteer
de-DE,de,Siegen,DE,2832495,300,sehenswürdigkeiten siegen,slug match in the gazetteer
de-DE,de,Kaliningrad,RU,554234,300,kaliningrad sehenswürdigkeiten,slug match in the gazetteer
de-DE,de,Crailsheim,DE,2939797,300,crailsheim sehenswürdigkeiten,slug match in the gazetteer
de-DE,de,Madeira,US,4517353,300,madeira karte sehenswürdigkeiten,slug match in the gazetteer
de-DE,de,Matera,IT,3173721,300,matera sehenswürdigkeiten,slug match in the gazetteer
de-DE,de,Marktoberdorf,DE,2873291,300,marktoberdorf sehenswürdigkeiten,slug match in the gazetteer
de-DE,de,Sassnitz,DE,2841333,300,sehenswürdigkeiten in sassnitz,slug match in the gazetteer
de-DE,de,Triberg,DE,2821216,300,triberg sehenswürdigkeiten,slug match in the gazetteer
de-DE,de,Holzminden,DE,2899601,300,holzminden sehenswürdigkeiten,slug match in the gazetteer
de-DE,de,Iesolo,IT,3175627,300,jesolo sehenswürdigkeiten,"GeoNames alternate name jesolo resolved to Iesolo (IT), 1 candidates, most populous chosen"
de-DE,de,Norden,DE,2862118,300,sehenswürdigkeiten in norden,slug match in the gazetteer
de-DE,de,Osaka,JP,1853909,300,sehenswürdigkeiten osaka,slug match in the gazetteer
de-DE,de,Meersburg,DE,2872486,300,sehenswürdigkeiten meersburg,slug match in the gazetteer
de-DE,de,Saalfeld,DE,2842688,300,saalfeld sehenswürdigkeiten,slug match in the gazetteer
de-DE,de,Alexandria,EG,361058,300,alexandria sehenswürdigkeiten,slug match in the gazetteer
de-DE,de,Rinteln,DE,2846523,300,rinteln sehenswürdigkeiten,slug match in the gazetteer
de-DE,de,Apolda,DE,2955770,300,apolda sehenswürdigkeiten,slug match in the gazetteer
de-DE,de,Salt Lake City,US,5780993,300,salt lake city sehenswürdigkeiten,slug match in the gazetteer
de-DE,de,Hollywood,US,4158928,300,hollywood sehenswürdigkeiten,slug match in the gazetteer
de-DE,de,Phu Quoc,VN,8531735,300,phu quoc sehenswürdigkeiten,slug match in the gazetteer
de-DE,de,Hanoi,VN,1581130,300,sehenswürdigkeiten hanoi,slug match in the gazetteer
de-DE,de,Mainz,DE,2874225,300,mainz sehenswürdigkeiten 1 tag,slug match in the gazetteer
de-DE,de,Liège,BE,2792413,300,sehenswürdigkeiten in lüttich,exonym lüttich resolved to Liege (BE)
de-DE,de,Stuttgart,DE,2825297,300,stuttgart sehenswürdigkeiten an einem tag,slug match in the gazetteer
de-DE,de,Manila,PH,1701668,300,manila sehenswürdigkeiten,slug match in the gazetteer
en-US,en,Chicago,US,4887398,88000,things to do in chicago,slug match in the gazetteer
en-GB,en,Chicago,US,4887398,88000,things to do in chicago,slug match in the gazetteer
en-AU,en,Chicago,US,4887398,88000,things to do in chicago,slug match in the gazetteer
en-US,en,San Diego,US,5391811,55000,things to do in san diego,slug match in the gazetteer
en-GB,en,San Diego,US,5391811,55000,things to do in san diego,slug match in the gazetteer
en-AU,en,San Diego,US,5391811,55000,things to do in san diego,slug match in the gazetteer
en-US,en,Nashville,US,4644585,52000,things to do in nashville,slug match in the gazetteer
en-GB,en,Nashville,US,4644585,52000,things to do in nashville,slug match in the gazetteer
en-AU,en,Nashville,US,4644585,52000,things to do in nashville,slug match in the gazetteer
en-US,en,Chicago,US,4887398,48000,best things to do in chicago,slug match in the gazetteer
en-GB,en,Chicago,US,4887398,48000,best things to do in chicago,slug match in the gazetteer
en-AU,en,Chicago,US,4887398,48000,best things to do in chicago,slug match in the gazetteer
en-US,en,Las Vegas,US,5506956,44000,things to do in las vegas,slug match in the gazetteer
en-GB,en,Las Vegas,US,5506956,44000,things to do in las vegas,slug match in the gazetteer
en-AU,en,Las Vegas,US,5506956,44000,things to do in las vegas,slug match in the gazetteer
en-US,en,Orlando,US,4167147,42000,things to do in orlando,slug match in the gazetteer
en-GB,en,Orlando,US,4167147,42000,things to do in orlando,slug match in the gazetteer
en-AU,en,Orlando,US,4167147,42000,things to do in orlando,slug match in the gazetteer
en-US,en,Atlanta,US,4180439,40000,things to do in atlanta,slug match in the gazetteer
en-GB,en,Atlanta,US,4180439,40000,things to do in atlanta,slug match in the gazetteer
en-AU,en,Atlanta,US,4180439,40000,things to do in atlanta,slug match in the gazetteer
en-US,en,Boston,US,4930956,40000,things to do in boston,slug match in the gazetteer
en-GB,en,Boston,US,4930956,40000,things to do in boston,slug match in the gazetteer
en-AU,en,Boston,US,4930956,40000,things to do in boston,slug match in the gazetteer
en-US,en,Denver,US,5419384,40000,things to do in denver,slug match in the gazetteer
en-GB,en,Denver,US,5419384,40000,things to do in denver,slug match in the gazetteer
en-AU,en,Denver,US,5419384,40000,things to do in denver,slug match in the gazetteer
en-US,en,Dallas,US,4684888,39000,things to do in dallas,slug match in the gazetteer
en-GB,en,Dallas,US,4684888,39000,things to do in dallas,slug match in the gazetteer
en-AU,en,Dallas,US,4684888,39000,things to do in dallas,slug match in the gazetteer
en-US,en,Miami,US,4164138,39000,things to do in miami,slug match in the gazetteer
en-GB,en,Miami,US,4164138,39000,things to do in miami,slug match in the gazetteer
en-AU,en,Miami,US,4164138,39000,things to do in miami,slug match in the gazetteer
en-US,en,Los Angeles,US,5368361,37000,things to do in la,"GeoNames alternate name la resolved to Los Angeles (US), 1 candidates, most populous chosen"
en-GB,en,Los Angeles,US,5368361,37000,things to do in la,"GeoNames alternate name la resolved to Los Angeles (US), 1 candidates, most populous chosen"
en-AU,en,Los Angeles,US,5368361,37000,things to do in la,"GeoNames alternate name la resolved to Los Angeles (US), 1 candidates, most populous chosen"
en-US,en,Seattle,US,5809844,35000,things to do in seattle,slug match in the gazetteer
en-GB,en,Seattle,US,5809844,35000,things to do in seattle,slug match in the gazetteer
en-AU,en,Seattle,US,5809844,35000,things to do in seattle,slug match in the gazetteer
en-US,en,Las Vegas,US,5506956,34000,things to do in vegas,exonym vegas resolved to Las Vegas (US)
en-GB,en,Las Vegas,US,5506956,34000,things to do in vegas,exonym vegas resolved to Las Vegas (US)
en-AU,en,Las Vegas,US,5506956,34000,things to do in vegas,exonym vegas resolved to Las Vegas (US)
en-US,en,New Orleans,US,4335045,33000,things to do in new orleans,slug match in the gazetteer
en-GB,en,New Orleans,US,4335045,33000,things to do in new orleans,slug match in the gazetteer
en-AU,en,New Orleans,US,4335045,33000,things to do in new orleans,slug match in the gazetteer
en-US,en,San Antonio,US,4726206,33000,things to do in san antonio,slug match in the gazetteer
en-GB,en,San Antonio,US,4726206,33000,things to do in san antonio,slug match in the gazetteer
en-AU,en,San Antonio,US,4726206,33000,things to do in san antonio,slug match in the gazetteer
en-US,en,Houston,US,4699066,32000,things to do in houston,slug match in the gazetteer
en-GB,en,Houston,US,4699066,32000,things to do in houston,slug match in the gazetteer
en-AU,en,Houston,US,4699066,32000,things to do in houston,slug match in the gazetteer
en-US,en,Nyu-York,UA,699751,31000,things to do in new york,"GeoNames alternate name new york resolved to Nyu-York (UA), 2 candidates, most populous chosen"
en-GB,en,Nyu-York,UA,699751,31000,things to do in new york,"GeoNames alternate name new york resolved to Nyu-York (UA), 2 candidates, most populous chosen"
en-AU,en,Nyu-York,UA,699751,31000,things to do in new york,"GeoNames alternate name new york resolved to Nyu-York (UA), 2 candidates, most populous chosen"
en-US,en,New York City,US,5128581,30000,things to do in nyc,exonym nyc resolved to New York City (US)
en-GB,en,New York City,US,5128581,30000,things to do in nyc,exonym nyc resolved to New York City (US)
en-AU,en,New York City,US,5128581,30000,things to do in nyc,exonym nyc resolved to New York City (US)
en-US,en,San Francisco,US,5391959,29000,things to do in san francisco,slug match in the gazetteer
en-GB,en,San Francisco,US,5391959,29000,things to do in san francisco,slug match in the gazetteer
en-AU,en,San Francisco,US,5391959,29000,things to do in san francisco,slug match in the gazetteer
en-US,en,Austin,US,4671654,28000,things to do in austin,slug match in the gazetteer
en-GB,en,Austin,US,4671654,28000,things to do in austin,slug match in the gazetteer
en-AU,en,Austin,US,4671654,28000,things to do in austin,slug match in the gazetteer
en-US,en,Charleston,US,4574324,28000,things to do in charleston sc,"charleston disambiguated by the US state SC the keyword names, 1 candidates in that state"
en-GB,en,Charleston,US,4574324,28000,things to do in charleston sc,"charleston disambiguated by the US state SC the keyword names, 1 candidates in that state"
en-AU,en,Charleston,US,4574324,28000,things to do in charleston sc,"charleston disambiguated by the US state SC the keyword names, 1 candidates in that state"
en-US,en,Tampa,US,4174757,26000,things to do in tampa,slug match in the gazetteer
en-GB,en,Tampa,US,4174757,26000,things to do in tampa,slug match in the gazetteer
en-AU,en,Tampa,US,4174757,26000,things to do in tampa,slug match in the gazetteer
en-US,en,Pigeon Forge,US,4649251,26000,things to do in pigeon forge,slug match in the gazetteer
en-GB,en,Pigeon Forge,US,4649251,26000,things to do in pigeon forge,slug match in the gazetteer
en-AU,en,Pigeon Forge,US,4649251,26000,things to do in pigeon forge,slug match in the gazetteer
en-US,en,Myrtle Beach,US,4588718,25000,things to do in myrtle beach,slug match in the gazetteer
en-GB,en,Myrtle Beach,US,4588718,25000,things to do in myrtle beach,slug match in the gazetteer
en-AU,en,Myrtle Beach,US,4588718,25000,things to do in myrtle beach,slug match in the gazetteer
en-US,en,Savannah,US,4221552,25000,things to do in savannah ga,"savannah disambiguated by the US state GA the keyword names, 1 candidates in that state"
en-GB,en,Savannah,US,4221552,25000,things to do in savannah ga,"savannah disambiguated by the US state GA the keyword names, 1 candidates in that state"
en-AU,en,Savannah,US,4221552,25000,things to do in savannah ga,"savannah disambiguated by the US state GA the keyword names, 1 candidates in that state"
en-US,en,London,GB,2643743,24000,things to do in london,slug match in the gazetteer
en-GB,en,London,GB,2643743,24000,things to do in london,slug match in the gazetteer
en-AU,en,London,GB,2643743,24000,things to do in london,slug match in the gazetteer
en-US,en,Colorado Springs,US,5417598,22000,things to do in colorado springs,slug match in the gazetteer
en-GB,en,Colorado Springs,US,5417598,22000,things to do in colorado springs,slug match in the gazetteer
en-AU,en,Colorado Springs,US,5417598,22000,things to do in colorado springs,slug match in the gazetteer
en-US,en,Charlotte,US,4460243,22000,things to do in charlotte nc,"charlotte disambiguated by the US state NC the keyword names, 1 candidates in that state"
en-GB,en,Charlotte,US,4460243,22000,things to do in charlotte nc,"charlotte disambiguated by the US state NC the keyword names, 1 candidates in that state"
en-AU,en,Charlotte,US,4460243,22000,things to do in charlotte nc,"charlotte disambiguated by the US state NC the keyword names, 1 candidates in that state"
en-US,en,Paris,FR,2988507,21000,things to do in paris,slug match in the gazetteer
en-GB,en,Paris,FR,2988507,21000,things to do in paris,slug match in the gazetteer
en-AU,en,Paris,FR,2988507,21000,things to do in paris,slug match in the gazetteer
en-US,en,Los Angeles,US,5368361,21000,things to do in los angeles,slug match in the gazetteer
en-GB,en,Los Angeles,US,5368361,21000,things to do in los angeles,slug match in the gazetteer
en-AU,en,Los Angeles,US,5368361,21000,things to do in los angeles,slug match in the gazetteer
en-US,en,Orlando,US,4167147,20000,things to do in orlando florida,"orlando disambiguated by the US state FL the keyword names, 1 candidates in that state"
en-GB,en,Orlando,US,4167147,20000,things to do in orlando florida,"orlando disambiguated by the US state FL the keyword names, 1 candidates in that state"
en-AU,en,Orlando,US,4167147,20000,things to do in orlando florida,"orlando disambiguated by the US state FL the keyword names, 1 candidates in that state"
en-US,en,Philadelphia,US,4560349,20000,things to do in philadelphia,slug match in the gazetteer
en-GB,en,Philadelphia,US,4560349,20000,things to do in philadelphia,slug match in the gazetteer
en-AU,en,Philadelphia,US,4560349,20000,things to do in philadelphia,slug match in the gazetteer
en-US,en,Portland,US,5746545,20000,things to do in portland,slug match in the gazetteer
en-GB,en,Portland,US,5746545,20000,things to do in portland,slug match in the gazetteer
en-AU,en,Portland,US,5746545,20000,things to do in portland,slug match in the gazetteer
en-US,en,Phoenix,US,5308655,20000,things to do in phoenix,slug match in the gazetteer
en-GB,en,Phoenix,US,5308655,20000,things to do in phoenix,slug match in the gazetteer
en-AU,en,Phoenix,US,5308655,20000,things to do in phoenix,slug match in the gazetteer
en-US,en,Puerto Rico,CO,3671348,19000,things to do in puerto rico,slug match in the gazetteer
en-GB,en,Puerto Rico,CO,3671348,19000,things to do in puerto rico,slug match in the gazetteer
en-AU,en,Puerto Rico,CO,3671348,19000,things to do in puerto rico,slug match in the gazetteer
en-US,en,Key West,US,4160812,19000,things to do in key west,slug match in the gazetteer
en-GB,en,Key West,US,4160812,19000,things to do in key west,slug match in the gazetteer
en-AU,en,Key West,US,4160812,19000,things to do in key west,slug match in the gazetteer
en-US,en,Kansas City,US,4393217,18000,things to do in kansas city,slug match in the gazetteer
en-GB,en,Kansas City,US,4393217,18000,things to do in kansas city,slug match in the gazetteer
en-AU,en,Kansas City,US,4393217,18000,things to do in kansas city,slug match in the gazetteer
en-US,en,Fort Lauderdale,US,4155966,18000,things to do in fort lauderdale,slug match in the gazetteer
en-GB,en,Fort Lauderdale,US,4155966,18000,things to do in fort lauderdale,slug match in the gazetteer
en-AU,en,Fort Lauderdale,US,4155966,18000,things to do in fort lauderdale,slug match in the gazetteer
en-US,en,Washington,US,4140963,18000,things to do in washington dc,"washington disambiguated by the US state DC the keyword names, 1 candidates in that state"
en-GB,en,Washington,US,4140963,18000,things to do in washington dc,"washington disambiguated by the US state DC the keyword names, 1 candidates in that state"
en-AU,en,Washington,US,4140963,18000,things to do in washington dc,"washington disambiguated by the US state DC the keyword names, 1 candidates in that state"
en-US,en,Washington,US,4140963,17000,things to do in dc,exonym dc resolved to Washington (US)
en-GB,en,Washington,US,4140963,17000,things to do in dc,exonym dc resolved to Washington (US)
en-AU,en,Washington,US,4140963,17000,things to do in dc,exonym dc resolved to Washington (US)
en-US,en,Branson,US,4378219,17000,things to do in branson mo,"branson disambiguated by the US state MO the keyword names, 1 candidates in that state"
en-GB,en,Branson,US,4378219,17000,things to do in branson mo,"branson disambiguated by the US state MO the keyword names, 1 candidates in that state"
en-AU,en,Branson,US,4378219,17000,things to do in branson mo,"branson disambiguated by the US state MO the keyword names, 1 candidates in that state"
en-US,en,Indianapolis,US,4259418,17000,things to do in indianapolis,slug match in the gazetteer
en-GB,en,Indianapolis,US,4259418,17000,things to do in indianapolis,slug match in the gazetteer
en-AU,en,Indianapolis,US,4259418,17000,things to do in indianapolis,slug match in the gazetteer
en-US,en,St. Louis,US,4407066,16000,things to do in st louis,slug match in the gazetteer
en-GB,en,St. Louis,US,4407066,16000,things to do in st louis,slug match in the gazetteer
en-AU,en,St. Louis,US,4407066,16000,things to do in st louis,slug match in the gazetteer
en-US,en,Denver,US,5419384,16000,things to do in denver colorado,"denver disambiguated by the US state CO the keyword names, 1 candidates in that state"
en-GB,en,Denver,US,5419384,16000,things to do in denver colorado,"denver disambiguated by the US state CO the keyword names, 1 candidates in that state"
en-AU,en,Denver,US,5419384,16000,things to do in denver colorado,"denver disambiguated by the US state CO the keyword names, 1 candidates in that state"
en-US,en,Salt Lake City,US,5780993,16000,things to do in salt lake city,slug match in the gazetteer
en-GB,en,Salt Lake City,US,5780993,16000,things to do in salt lake city,slug match in the gazetteer
en-AU,en,Salt Lake City,US,5780993,16000,things to do in salt lake city,slug match in the gazetteer
en-US,en,Sedona,US,5313667,16000,things to do in sedona,slug match in the gazetteer
en-GB,en,Sedona,US,5313667,16000,things to do in sedona,slug match in the gazetteer
en-AU,en,Sedona,US,5313667,16000,things to do in sedona,slug match in the gazetteer
en-US,en,Pittsburgh,US,5206379,16000,things to do in pittsburgh,slug match in the gazetteer
en-GB,en,Pittsburgh,US,5206379,16000,things to do in pittsburgh,slug match in the gazetteer
en-AU,en,Pittsburgh,US,5206379,16000,things to do in pittsburgh,slug match in the gazetteer
en-US,en,Florida,CU,3558771,16000,things to do in florida,slug match in the gazetteer
en-GB,en,Florida,CU,3558771,16000,things to do in florida,slug match in the gazetteer
en-AU,en,Florida,CU,3558771,16000,things to do in florida,slug match in the gazetteer
en-US,en,Toronto,CA,6167865,16000,things to do in toronto,slug match in the gazetteer
en-GB,en,Toronto,CA,6167865,16000,things to do in toronto,slug match in the gazetteer
en-AU,en,Toronto,CA,6167865,16000,things to do in toronto,slug match in the gazetteer
en-US,en,Palm Springs,US,5380668,15000,things to do in palm springs,slug match in the gazetteer
en-GB,en,Palm Springs,US,5380668,15000,things to do in palm springs,slug match in the gazetteer
en-AU,en,Palm Springs,US,5380668,15000,things to do in palm springs,slug match in the gazetteer
en-US,en,Honolulu,US,5856195,15000,things to do in honolulu,slug match in the gazetteer
en-GB,en,Honolulu,US,5856195,15000,things to do in honolulu,slug match in the gazetteer
en-AU,en,Honolulu,US,5856195,15000,things to do in honolulu,slug match in the gazetteer
en-US,en,Portland,US,4975802,15000,things to do in portland maine,"portland disambiguated by the US state ME the keyword names, 1 candidates in that state"
en-GB,en,Portland,US,4975802,15000,things to do in portland maine,"portland disambiguated by the US state ME the keyword names, 1 candidates in that state"
en-AU,en,Portland,US,4975802,15000,things to do in portland maine,"portland disambiguated by the US state ME the keyword names, 1 candidates in that state"
en-US,en,Minneapolis,US,5037649,15000,things to do in minneapolis,slug match in the gazetteer
en-GB,en,Minneapolis,US,5037649,15000,things to do in minneapolis,slug match in the gazetteer
en-AU,en,Minneapolis,US,5037649,15000,things to do in minneapolis,slug match in the gazetteer
en-US,en,Chattanooga,US,4612862,14000,things to do in chattanooga,slug match in the gazetteer
en-GB,en,Chattanooga,US,4612862,14000,things to do in chattanooga,slug match in the gazetteer
en-AU,en,Chattanooga,US,4612862,14000,things to do in chattanooga,slug match in the gazetteer
en-US,en,Saint Augustine,US,4170894,14000,things to do in st augustine,"GeoNames alternate name st augustine resolved to Saint Augustine (US), 1 candidates, most populous chosen"
en-GB,en,Saint Augustine,US,4170894,14000,things to do in st augustine,"GeoNames alternate name st augustine resolved to Saint Augustine (US), 1 candidates, most populous chosen"
en-AU,en,Saint Augustine,US,4170894,14000,things to do in st augustine,"GeoNames alternate name st augustine resolved to Saint Augustine (US), 1 candidates, most populous chosen"
en-US,en,Arizona,HN,3615069,14000,things to do in arizona,slug match in the gazetteer
en-GB,en,Arizona,HN,3615069,14000,things to do in arizona,slug match in the gazetteer
en-AU,en,Arizona,HN,3615069,14000,things to do in arizona,slug match in the gazetteer
en-US,en,Rome,IT,3169070,14000,things to do in rome,slug match in the gazetteer
en-GB,en,Rome,IT,3169070,14000,things to do in rome,slug match in the gazetteer
en-AU,en,Rome,IT,3169070,14000,things to do in rome,slug match in the gazetteer
en-US,en,Amsterdam,NL,2759794,14000,things to do in amsterdam,slug match in the gazetteer
en-GB,en,Amsterdam,NL,2759794,14000,things to do in amsterdam,slug match in the gazetteer
en-AU,en,Amsterdam,NL,2759794,14000,things to do in amsterdam,slug match in the gazetteer
en-US,en,Santa Barbara,US,5392952,14000,things to do in santa barbara,slug match in the gazetteer
en-GB,en,Santa Barbara,US,5392952,14000,things to do in santa barbara,slug match in the gazetteer
en-AU,en,Santa Barbara,US,5392952,14000,things to do in santa barbara,slug match in the gazetteer
en-US,en,Portland,US,5746545,13000,things to do in portland oregon,"portland disambiguated by the US state OR the keyword names, 1 candidates in that state"
en-GB,en,Portland,US,5746545,13000,things to do in portland oregon,"portland disambiguated by the US state OR the keyword names, 1 candidates in that state"
en-AU,en,Portland,US,5746545,13000,things to do in portland oregon,"portland disambiguated by the US state OR the keyword names, 1 candidates in that state"
en-US,en,Columbus,US,4509177,13000,things to do in columbus ohio,"columbus disambiguated by the US state OH the keyword names, 1 candidates in that state"
en-GB,en,Columbus,US,4509177,13000,things to do in columbus ohio,"columbus disambiguated by the US state OH the keyword names, 1 candidates in that state"
en-AU,en,Columbus,US,4509177,13000,things to do in columbus ohio,"columbus disambiguated by the US state OH the keyword names, 1 candidates in that state"
en-US,en,Destin,US,4153188,13000,things to do in destin florida,"destin disambiguated by the US state FL the keyword names, 1 candidates in that state"
en-GB,en,Destin,US,4153188,13000,things to do in destin florida,"destin disambiguated by the US state FL the keyword names, 1 candidates in that state"
en-AU,en,Destin,US,4153188,13000,things to do in destin florida,"destin disambiguated by the US state FL the keyword names, 1 candidates in that state"
en-US,en,Austin,US,4671654,13000,things to do in austin texas,"austin disambiguated by the US state TX the keyword names, 1 candidates in that state"
en-GB,en,Austin,US,4671654,13000,things to do in austin texas,"austin disambiguated by the US state TX the keyword names, 1 candidates in that state"
en-AU,en,Austin,US,4671654,13000,things to do in austin texas,"austin disambiguated by the US state TX the keyword names, 1 candidates in that state"
en-US,en,Asheville,US,4453066,12000,things to do in asheville nc,"asheville disambiguated by the US state NC the keyword names, 1 candidates in that state"
en-GB,en,Asheville,US,4453066,12000,things to do in asheville nc,"asheville disambiguated by the US state NC the keyword names, 1 candidates in that state"
en-AU,en,Asheville,US,4453066,12000,things to do in asheville nc,"asheville disambiguated by the US state NC the keyword names, 1 candidates in that state"
en-US,en,Mexico City,MX,3530597,12000,things to do in mexico city,slug match in the gazetteer
en-GB,en,Mexico City,MX,3530597,12000,things to do in mexico city,slug match in the gazetteer
en-AU,en,Mexico City,MX,3530597,12000,things to do in mexico city,slug match in the gazetteer
en-US,en,Barcelona,ES,3128760,12000,things to do in barcelona,slug match in the gazetteer
en-GB,en,Barcelona,ES,3128760,12000,things to do in barcelona,slug match in the gazetteer
en-AU,en,Barcelona,ES,3128760,12000,things to do in barcelona,slug match in the gazetteer
en-US,en,Montréal,CA,6077243,12000,things to do in montreal,slug match in the gazetteer
en-GB,en,Montréal,CA,6077243,12000,things to do in montreal,slug match in the gazetteer
en-AU,en,Montréal,CA,6077243,12000,things to do in montreal,slug match in the gazetteer
en-US,en,Dubai,AE,292223,12000,things to do in dubai,slug match in the gazetteer
en-GB,en,Dubai,AE,292223,12000,things to do in dubai,slug match in the gazetteer
en-AU,en,Dubai,AE,292223,12000,things to do in dubai,slug match in the gazetteer
en-US,en,Phoenix,US,5308655,11000,things to do in phoenix arizona,"phoenix disambiguated by the US state AZ the keyword names, 1 candidates in that state"
en-GB,en,Phoenix,US,5308655,11000,things to do in phoenix arizona,"phoenix disambiguated by the US state AZ the keyword names, 1 candidates in that state"
en-AU,en,Phoenix,US,5308655,11000,things to do in phoenix arizona,"phoenix disambiguated by the US state AZ the keyword names, 1 candidates in that state"
en-US,en,Des Plaines,US,4889772,11000,things to do in maine,"GeoNames alternate name maine resolved to Des Plaines (US), 1 candidates, most populous chosen"
en-GB,en,Des Plaines,US,4889772,11000,things to do in maine,"GeoNames alternate name maine resolved to Des Plaines (US), 1 candidates, most populous chosen"
en-AU,en,Des Plaines,US,4889772,11000,things to do in maine,"GeoNames alternate name maine resolved to Des Plaines (US), 1 candidates, most populous chosen"
en-US,en,Louisville,US,4299276,11000,things to do in louisville ky,"louisville disambiguated by the US state KY the keyword names, 1 candidates in that state"
en-GB,en,Louisville,US,4299276,11000,things to do in louisville ky,"louisville disambiguated by the US state KY the keyword names, 1 candidates in that state"
en-AU,en,Louisville,US,4299276,11000,things to do in louisville ky,"louisville disambiguated by the US state KY the keyword names, 1 candidates in that state"
en-US,en,Galveston,US,4692883,11000,things to do in galveston,slug match in the gazetteer
en-GB,en,Galveston,US,4692883,11000,things to do in galveston,slug match in the gazetteer
en-AU,en,Galveston,US,4692883,11000,things to do in galveston,slug match in the gazetteer
en-US,en,Salem,US,4950065,10000,things to do in salem ma,"salem disambiguated by the US state MA the keyword names, 1 candidates in that state"
en-GB,en,Salem,US,4950065,10000,things to do in salem ma,"salem disambiguated by the US state MA the keyword names, 1 candidates in that state"
en-AU,en,Salem,US,4950065,10000,things to do in salem ma,"salem disambiguated by the US state MA the keyword names, 1 candidates in that state"
en-US,en,Milwaukee,US,5263045,10000,things to do in milwaukee,slug match in the gazetteer
en-GB,en,Milwaukee,US,5263045,10000,things to do in milwaukee,slug match in the gazetteer
en-AU,en,Milwaukee,US,5263045,10000,things to do in milwaukee,slug match in the gazetteer
en-US,en,Vancouver,CA,6173331,10000,things to do in vancouver,slug match in the gazetteer
en-GB,en,Vancouver,CA,6173331,10000,things to do in vancouver,slug match in the gazetteer
en-AU,en,Vancouver,CA,6173331,10000,things to do in vancouver,slug match in the gazetteer
en-US,en,Santa Fe,AR,3836277,9900,things to do in santa fe,slug match in the gazetteer
en-GB,en,Santa Fe,AR,3836277,9900,things to do in santa fe,slug match in the gazetteer
en-AU,en,Santa Fe,AR,3836277,9900,things to do in santa fe,slug match in the gazetteer
en-US,en,Lisbon,PT,2267057,9800,things to do in lisbon,slug match in the gazetteer
en-GB,en,Lisbon,PT,2267057,9800,things to do in lisbon,slug match in the gazetteer
en-AU,en,Lisbon,PT,2267057,9800,things to do in lisbon,slug match in the gazetteer
en-US,en,Cancún,MX,3531673,9700,things to do in cancun,slug match in the gazetteer
en-GB,en,Cancún,MX,3531673,9700,things to do in cancun,slug match in the gazetteer
en-AU,en,Cancún,MX,3531673,9700,things to do in cancun,slug match in the gazetteer
en-US,en,Sarasota,US,4172131,9500,things to do in sarasota,slug match in the gazetteer
en-GB,en,Sarasota,US,4172131,9500,things to do in sarasota,slug match in the gazetteer
en-AU,en,Sarasota,US,4172131,9500,things to do in sarasota,slug match in the gazetteer
en-US,en,Flagstaff,US,5294810,9400,things to do in flagstaff,slug match in the gazetteer
en-GB,en,Flagstaff,US,5294810,9400,things to do in flagstaff,slug match in the gazetteer
en-AU,en,Flagstaff,US,5294810,9400,things to do in flagstaff,slug match in the gazetteer
en-US,en,Madrid,ES,3117735,9400,things to do in madrid,slug match in the gazetteer
en-GB,en,Madrid,ES,3117735,9400,things to do in madrid,slug match in the gazetteer
en-AU,en,Madrid,ES,3117735,9400,things to do in madrid,slug match in the gazetteer
en-US,en,New York City,US,5128581,9400,things to do in new york city,slug match in the gazetteer
en-GB,en,New York City,US,5128581,9400,things to do in new york city,slug match in the gazetteer
en-AU,en,New York City,US,5128581,9400,things to do in new york city,slug match in the gazetteer
en-US,en,Nashville,US,4644585,9300,things to do in nashville tn,"nashville disambiguated by the US state TN the keyword names, 1 candidates in that state"
en-GB,en,Nashville,US,4644585,9300,things to do in nashville tn,"nashville disambiguated by the US state TN the keyword names, 1 candidates in that state"
en-AU,en,Nashville,US,4644585,9300,things to do in nashville tn,"nashville disambiguated by the US state TN the keyword names, 1 candidates in that state"
en-US,en,San Jose,US,5392171,9300,things to do in san jose,slug match in the gazetteer
en-GB,en,San Jose,US,5392171,9300,things to do in san jose,slug match in the gazetteer
en-AU,en,San Jose,US,5392171,9300,things to do in san jose,slug match in the gazetteer
en-US,en,Reno,US,5511077,9000,things to do in reno,slug match in the gazetteer
en-GB,en,Reno,US,5511077,9000,things to do in reno,slug match in the gazetteer
en-AU,en,Reno,US,5511077,9000,things to do in reno,slug match in the gazetteer
en-US,en,Tucson,US,5318313,8800,things to do in tucson,slug match in the gazetteer
en-GB,en,Tucson,US,5318313,8800,things to do in tucson,slug match in the gazetteer
en-AU,en,Tucson,US,5318313,8800,things to do in tucson,slug match in the gazetteer
en-US,en,Corpus Christi,US,4683416,8700,things to do in corpus christi,slug match in the gazetteer
en-GB,en,Corpus Christi,US,4683416,8700,things to do in corpus christi,slug match in the gazetteer
en-AU,en,Corpus Christi,US,4683416,8700,things to do in corpus christi,slug match in the gazetteer
en-US,en,Dallas,US,4684888,8600,things to do in dallas texas,"dallas disambiguated by the US state TX the keyword names, 1 candidates in that state"
en-GB,en,Dallas,US,4684888,8600,things to do in dallas texas,"dallas disambiguated by the US state TX the keyword names, 1 candidates in that state"
en-AU,en,Dallas,US,4684888,8600,things to do in dallas texas,"dallas disambiguated by the US state TX the keyword names, 1 candidates in that state"
en-US,en,Lancaster,US,5197079,8600,things to do in lancaster pa,"lancaster disambiguated by the US state PA the keyword names, 1 candidates in that state"
en-GB,en,Lancaster,US,5197079,8600,things to do in lancaster pa,"lancaster disambiguated by the US state PA the keyword names, 1 candidates in that state"
en-AU,en,Lancaster,US,5197079,8600,things to do in lancaster pa,"lancaster disambiguated by the US state PA the keyword names, 1 candidates in that state"
en-US,en,Wilmington,US,4499379,8500,things to do in wilmington nc,"wilmington disambiguated by the US state NC the keyword names, 1 candidates in that state"
en-GB,en,Wilmington,US,4499379,8500,things to do in wilmington nc,"wilmington disambiguated by the US state NC the keyword names, 1 candidates in that state"
en-AU,en,Wilmington,US,4499379,8500,things to do in wilmington nc,"wilmington disambiguated by the US state NC the keyword names, 1 candidates in that state"
en-US,en,Cleveland,US,5150529,8100,things to do in cleveland ohio,"cleveland disambiguated by the US state OH the keyword names, 1 candidates in that state"
en-GB,en,Cleveland,US,5150529,8100,things to do in cleveland ohio,"cleveland disambiguated by the US state OH the keyword names, 1 candidates in that state"
en-AU,en,Cleveland,US,5150529,8100,things to do in cleveland ohio,"cleveland disambiguated by the US state OH the keyword names, 1 candidates in that state"
en-US,en,Mexico,US,4398103,8000,things to do in new mexico,"GeoNames alternate name new mexico resolved to Mexico (US), 2 candidates, most populous chosen"
en-GB,en,Mexico,US,4398103,8000,things to do in new mexico,"GeoNames alternate name new mexico resolved to Mexico (US), 2 candidates, most populous chosen"
en-AU,en,Mexico,US,4398103,8000,things to do in new mexico,"GeoNames alternate name new mexico resolved to Mexico (US), 2 candidates, most populous chosen"
en-US,en,Knoxville,US,4634946,7900,things to do in knoxville tn,"knoxville disambiguated by the US state TN the keyword names, 1 candidates in that state"
en-GB,en,Knoxville,US,4634946,7900,things to do in knoxville tn,"knoxville disambiguated by the US state TN the keyword names, 1 candidates in that state"
en-AU,en,Knoxville,US,4634946,7900,things to do in knoxville tn,"knoxville disambiguated by the US state TN the keyword names, 1 candidates in that state"
en-US,en,Puerto Vallarta,MX,3991328,7700,things to do in puerto vallarta,slug match in the gazetteer
en-GB,en,Puerto Vallarta,MX,3991328,7700,things to do in puerto vallarta,slug match in the gazetteer
en-AU,en,Puerto Vallarta,MX,3991328,7700,things to do in puerto vallarta,slug match in the gazetteer
en-US,en,Punta Cana,DO,3494242,7700,things to do in punta cana,slug match in the gazetteer
en-GB,en,Punta Cana,DO,3494242,7700,things to do in punta cana,slug match in the gazetteer
en-AU,en,Punta Cana,DO,3494242,7700,things to do in punta cana,slug match in the gazetteer
en-US,en,Singapore,SG,1880252,7700,things to do in singapore,slug match in the gazetteer
en-GB,en,Singapore,SG,1880252,7700,things to do in singapore,slug match in the gazetteer
en-AU,en,Singapore,SG,1880252,7700,things to do in singapore,slug match in the gazetteer
en-US,en,Kyoto,JP,1857910,7600,things to do in kyoto,slug match in the gazetteer
en-GB,en,Kyoto,JP,1857910,7600,things to do in kyoto,slug match in the gazetteer
en-AU,en,Kyoto,JP,1857910,7600,things to do in kyoto,slug match in the gazetteer
en-US,en,Lexington,US,4297983,7500,things to do in lexington ky,"lexington disambiguated by the US state KY the keyword names, 1 candidates in that state"
en-GB,en,Lexington,US,4297983,7500,things to do in lexington ky,"lexington disambiguated by the US state KY the keyword names, 1 candidates in that state"
en-AU,en,Lexington,US,4297983,7500,things to do in lexington ky,"lexington disambiguated by the US state KY the keyword names, 1 candidates in that state"
en-US,en,Montana,BG,729114,7500,things to do in montana,slug match in the gazetteer
en-GB,en,Montana,BG,729114,7500,things to do in montana,slug match in the gazetteer
en-AU,en,Montana,BG,729114,7500,things to do in montana,slug match in the gazetteer
en-US,en,Virginia,ZA,943882,7400,things to do in virginia,slug match in the gazetteer
en-GB,en,Virginia,ZA,943882,7400,things to do in virginia,slug match in the gazetteer
en-AU,en,Virginia,ZA,943882,7400,things to do in virginia,slug match in the gazetteer
en-US,en,Monterey,US,5374361,7400,things to do in monterey,slug match in the gazetteer
en-GB,en,Monterey,US,5374361,7400,things to do in monterey,slug match in the gazetteer
en-AU,en,Monterey,US,5374361,7400,things to do in monterey,slug match in the gazetteer
en-US,en,Hilton Head,US,4581833,7400,things to do in hilton head,slug match in the gazetteer
en-GB,en,Hilton Head,US,4581833,7400,things to do in hilton head,slug match in the gazetteer
en-AU,en,Hilton Head,US,4581833,7400,things to do in hilton head,slug match in the gazetteer
en-US,en,Fredericksburg,US,4692279,7400,things to do in fredericksburg tx,"fredericksburg disambiguated by the US state TX the keyword names, 1 candidates in that state"
en-GB,en,Fredericksburg,US,4692279,7400,things to do in fredericksburg tx,"fredericksburg disambiguated by the US state TX the keyword names, 1 candidates in that state"
en-AU,en,Fredericksburg,US,4692279,7400,things to do in fredericksburg tx,"fredericksburg disambiguated by the US state TX the keyword names, 1 candidates in that state"
en-US,en,Tulum,MX,3515040,7300,things to do in tulum,slug match in the gazetteer
en-GB,en,Tulum,MX,3515040,7300,things to do in tulum,slug match in the gazetteer
en-AU,en,Tulum,MX,3515040,7300,things to do in tulum,slug match in the gazetteer
en-US,en,Pensacola,US,4168228,7300,things to do in pensacola,slug match in the gazetteer
en-GB,en,Pensacola,US,4168228,7300,things to do in pensacola,slug match in the gazetteer
en-AU,en,Pensacola,US,4168228,7300,things to do in pensacola,slug match in the gazetteer
en-US,en,Savannah,US,4221552,7300,things to do in savannah,slug match in the gazetteer
en-GB,en,Savannah,US,4221552,7300,things to do in savannah,slug match in the gazetteer
en-AU,en,Savannah,US,4221552,7300,things to do in savannah,slug match in the gazetteer
en-US,en,Fort Worth,US,4691930,7300,things to do in fort worth,slug match in the gazetteer
en-GB,en,Fort Worth,US,4691930,7300,things to do in fort worth,slug match in the gazetteer
en-AU,en,Fort Worth,US,4691930,7300,things to do in fort worth,slug match in the gazetteer
en-US,en,Tulsa,US,4553433,7100,things to do in tulsa,slug match in the gazetteer
en-GB,en,Tulsa,US,4553433,7100,things to do in tulsa,slug match in the gazetteer
en-AU,en,Tulsa,US,4553433,7100,things to do in tulsa,slug match in the gazetteer
en-US,en,Québec,CA,6325494,7000,things to do in quebec city,exonym quebec city resolved to Quebec (CA)
en-GB,en,Québec,CA,6325494,7000,things to do in quebec city,exonym quebec city resolved to Quebec (CA)
en-AU,en,Québec,CA,6325494,7000,things to do in quebec city,exonym quebec city resolved to Quebec (CA)
en-US,en,Brooklyn,US,5110302,7000,things to do in brooklyn,slug match in the gazetteer
en-GB,en,Brooklyn,US,5110302,7000,things to do in brooklyn,slug match in the gazetteer
en-AU,en,Brooklyn,US,5110302,7000,things to do in brooklyn,slug match in the gazetteer
en-US,en,Greenville,US,4580543,7000,things to do in greenville sc,"greenville disambiguated by the US state SC the keyword names, 1 candidates in that state"
en-GB,en,Greenville,US,4580543,7000,things to do in greenville sc,"greenville disambiguated by the US state SC the keyword names, 1 candidates in that state"
en-AU,en,Greenville,US,4580543,7000,things to do in greenville sc,"greenville disambiguated by the US state SC the keyword names, 1 candidates in that state"
en-US,en,Panama City,PA,3703443,6900,things to do in panama city,slug match in the gazetteer
en-GB,en,Panama City,PA,3703443,6900,things to do in panama city,slug match in the gazetteer
en-AU,en,Panama City,PA,3703443,6900,things to do in panama city,slug match in the gazetteer
en-US,en,Oregon,US,5165734,6900,things to do in oregon,slug match in the gazetteer
en-GB,en,Oregon,US,5165734,6900,things to do in oregon,slug match in the gazetteer
en-AU,en,Oregon,US,5165734,6900,things to do in oregon,slug match in the gazetteer
en-US,en,Oklahoma City,US,4544349,6800,things to do in oklahoma city,slug match in the gazetteer
en-GB,en,Oklahoma City,US,4544349,6800,things to do in oklahoma city,slug match in the gazetteer
en-AU,en,Oklahoma City,US,4544349,6800,things to do in oklahoma city,slug match in the gazetteer
en-US,en,Dublin,IE,2964574,6700,things to do in dublin,slug match in the gazetteer
en-GB,en,Dublin,IE,2964574,6700,things to do in dublin,slug match in the gazetteer
en-AU,en,Dublin,IE,2964574,6700,things to do in dublin,slug match in the gazetteer
en-US,en,Waco,US,4739526,6600,things to do in waco,slug match in the gazetteer
en-GB,en,Waco,US,4739526,6600,things to do in waco,slug match in the gazetteer
en-AU,en,Waco,US,4739526,6600,things to do in waco,slug match in the gazetteer
en-US,en,El Paso,US,5520993,6600,things to do in el paso,slug match in the gazetteer
en-GB,en,El Paso,US,5520993,6600,things to do in el paso,slug match in the gazetteer
en-AU,en,El Paso,US,5520993,6600,things to do in el paso,slug match in the gazetteer
en-US,en,Long Beach,US,5367929,6500,things to do in long beach,slug match in the gazetteer
en-GB,en,Long Beach,US,5367929,6500,things to do in long beach,slug match in the gazetteer
en-AU,en,Long Beach,US,5367929,6500,things to do in long beach,slug match in the gazetteer
en-US,en,St. Thomas,CA,6158357,6500,things to do in st thomas,slug match in the gazetteer
en-GB,en,St. Thomas,CA,6158357,6500,things to do in st thomas,slug match in the gazetteer
en-AU,en,St. Thomas,CA,6158357,6500,things to do in st thomas,slug match in the gazetteer
en-US,en,Milan,IT,3173435,6400,things to do in milan,slug match in the gazetteer
en-GB,en,Milan,IT,3173435,6400,things to do in milan,slug match in the gazetteer
en-AU,en,Milan,IT,3173435,6400,things to do in milan,slug match in the gazetteer
en-US,en,Charleston,US,4574324,6400,things to do in charleston,slug match in the gazetteer
en-GB,en,Charleston,US,4574324,6400,things to do in charleston,slug match in the gazetteer
en-AU,en,Charleston,US,4574324,6400,things to do in charleston,slug match in the gazetteer
en-US,en,Traverse City,US,5012495,6300,things to do in traverse city,slug match in the gazetteer
en-GB,en,Traverse City,US,5012495,6300,things to do in traverse city,slug match in the gazetteer
en-AU,en,Traverse City,US,5012495,6300,things to do in traverse city,slug match in the gazetteer
en-US,en,Seoul,KR,1835848,6300,things to do in seoul,slug match in the gazetteer
en-GB,en,Seoul,KR,1835848,6300,things to do in seoul,slug match in the gazetteer
en-AU,en,Seoul,KR,1835848,6300,things to do in seoul,slug match in the gazetteer
en-US,en,Williamsburg,US,4793846,6300,things to do in williamsburg va,"williamsburg disambiguated by the US state VA the keyword names, 1 candidates in that state"
en-GB,en,Williamsburg,US,4793846,6300,things to do in williamsburg va,"williamsburg disambiguated by the US state VA the keyword names, 1 candidates in that state"
en-AU,en,Williamsburg,US,4793846,6300,things to do in williamsburg va,"williamsburg disambiguated by the US state VA the keyword names, 1 candidates in that state"
en-US,en,Prague,CZ,3067696,6200,things to do in prague,slug match in the gazetteer
en-GB,en,Prague,CZ,3067696,6200,things to do in prague,slug match in the gazetteer
en-AU,en,Prague,CZ,3067696,6200,things to do in prague,slug match in the gazetteer
en-US,en,Buffalo,US,5110629,6100,things to do in buffalo ny,"buffalo disambiguated by the US state NY the keyword names, 1 candidates in that state"
en-GB,en,Buffalo,US,5110629,6100,things to do in buffalo ny,"buffalo disambiguated by the US state NY the keyword names, 1 candidates in that state"
en-AU,en,Buffalo,US,5110629,6100,things to do in buffalo ny,"buffalo disambiguated by the US state NY the keyword names, 1 candidates in that state"
en-US,en,Omaha,US,5074472,6100,things to do in omaha,slug match in the gazetteer
en-GB,en,Omaha,US,5074472,6100,things to do in omaha,slug match in the gazetteer
en-AU,en,Omaha,US,5074472,6100,things to do in omaha,slug match in the gazetteer
en-US,en,Nassau,BS,3571824,6100,things to do in nassau bahamas,exonym nassau bahamas resolved to Nassau (BS)
en-GB,en,Nassau,BS,3571824,6100,things to do in nassau bahamas,exonym nassau bahamas resolved to Nassau (BS)
en-AU,en,Nassau,BS,3571824,6100,things to do in nassau bahamas,exonym nassau bahamas resolved to Nassau (BS)
en-US,en,Jamaica,CU,3556406,6100,things to do in jamaica,slug match in the gazetteer
en-GB,en,Jamaica,CU,3556406,6100,things to do in jamaica,slug match in the gazetteer
en-AU,en,Jamaica,CU,3556406,6100,things to do in jamaica,slug match in the gazetteer
en-US,en,Cabo de Santo Agostinho,BR,3404545,6000,things to do in cabo,"GeoNames alternate name cabo resolved to Cabo de Santo Agostinho (BR), 1 candidates, most populous chosen"
en-GB,en,Cabo de Santo Agostinho,BR,3404545,6000,things to do in cabo,"GeoNames alternate name cabo resolved to Cabo de Santo Agostinho (BR), 1 candidates, most populous chosen"
en-AU,en,Cabo de Santo Agostinho,BR,3404545,6000,things to do in cabo,"GeoNames alternate name cabo resolved to Cabo de Santo Agostinho (BR), 1 candidates, most populous chosen"
en-US,en,Munich,DE,2867714,6000,things to do in munich,slug match in the gazetteer
en-GB,en,Munich,DE,2867714,6000,things to do in munich,slug match in the gazetteer
en-AU,en,Munich,DE,2867714,6000,things to do in munich,slug match in the gazetteer
en-US,en,Gulf Shores,US,4065552,6000,things to do in gulf shores,slug match in the gazetteer
en-GB,en,Gulf Shores,US,4065552,6000,things to do in gulf shores,slug match in the gazetteer
en-AU,en,Gulf Shores,US,4065552,6000,things to do in gulf shores,slug match in the gazetteer
en-US,en,Key Largo,US,4160795,6000,things to do in key largo,slug match in the gazetteer
en-GB,en,Key Largo,US,4160795,6000,things to do in key largo,slug match in the gazetteer
en-AU,en,Key Largo,US,4160795,6000,things to do in key largo,slug match in the gazetteer
en-US,en,Santa Cruz,PH,1688253,6000,things to do in santa cruz,slug match in the gazetteer
en-GB,en,Santa Cruz,PH,1688253,6000,things to do in santa cruz,slug match in the gazetteer
en-AU,en,Santa Cruz,PH,1688253,6000,things to do in santa cruz,slug match in the gazetteer
en-US,en,Venice,IT,3164603,5900,things to do in venice,slug match in the gazetteer
en-GB,en,Venice,IT,3164603,5900,things to do in venice,slug match in the gazetteer
en-AU,en,Venice,IT,3164603,5900,things to do in venice,slug match in the gazetteer
en-US,en,Breckenridge,US,4676181,5700,things to do in breckenridge,slug match in the gazetteer
en-GB,en,Breckenridge,US,4676181,5700,things to do in breckenridge,slug match in the gazetteer
en-AU,en,Breckenridge,US,4676181,5700,things to do in breckenridge,slug match in the gazetteer
en-US,en,Maryland City,US,4361831,5700,things to do in maryland,"GeoNames alternate name maryland resolved to Maryland City (US), 1 candidates, most populous chosen"
en-GB,en,Maryland City,US,4361831,5700,things to do in maryland,"GeoNames alternate name maryland resolved to Maryland City (US), 1 candidates, most populous chosen"
en-AU,en,Maryland City,US,4361831,5700,things to do in maryland,"GeoNames alternate name maryland resolved to Maryland City (US), 1 candidates, most populous chosen"
en-US,en,Zürich,CH,2657896,5600,things to do in zurich,slug match in the gazetteer
en-GB,en,Zürich,CH,2657896,5600,things to do in zurich,slug match in the gazetteer
en-AU,en,Zürich,CH,2657896,5600,things to do in zurich,slug match in the gazetteer
en-US,en,Big Bear City,US,5328152,5600,things to do in big bear,"GeoNames alternate name big bear resolved to Big Bear City (US), 1 candidates, most populous chosen"
en-GB,en,Big Bear City,US,5328152,5600,things to do in big bear,"GeoNames alternate name big bear resolved to Big Bear City (US), 1 candidates, most populous chosen"
en-AU,en,Big Bear City,US,5328152,5600,things to do in big bear,"GeoNames alternate name big bear resolved to Big Bear City (US), 1 candidates, most populous chosen"
en-US,en,Columbia,US,4575352,5600,things to do in columbia sc,"columbia disambiguated by the US state SC the keyword names, 1 candidates in that state"
en-GB,en,Columbia,US,4575352,5600,things to do in columbia sc,"columbia disambiguated by the US state SC the keyword names, 1 candidates in that state"
en-AU,en,Columbia,US,4575352,5600,things to do in columbia sc,"columbia disambiguated by the US state SC the keyword names, 1 candidates in that state"
en-US,en,Edinburgh,GB,2650225,5500,things to do in edinburgh,slug match in the gazetteer
en-GB,en,Edinburgh,GB,2650225,5500,things to do in edinburgh,slug match in the gazetteer
en-AU,en,Edinburgh,GB,2650225,5500,things to do in edinburgh,slug match in the gazetteer
en-US,en,Bāli,IN,1277539,5400,things to do in bali,slug match in the gazetteer
en-GB,en,Bāli,IN,1277539,5400,things to do in bali,slug match in the gazetteer
en-AU,en,Bāli,IN,1277539,5400,things to do in bali,slug match in the gazetteer
en-US,en,Cabo San Lucas,MX,3985710,5300,things to do in cabo san lucas,slug match in the gazetteer
en-GB,en,Cabo San Lucas,MX,3985710,5300,things to do in cabo san lucas,slug match in the gazetteer
en-AU,en,Cabo San Lucas,MX,3985710,5300,things to do in cabo san lucas,slug match in the gazetteer
en-US,en,Belize,AO,2243646,5300,things to do in belize,slug match in the gazetteer
en-GB,en,Belize,AO,2243646,5300,things to do in belize,slug match in the gazetteer
en-AU,en,Belize,AO,2243646,5300,things to do in belize,slug match in the gazetteer
en-US,en,Manhattan,US,5125771,5200,things to do in manhattan,slug match in the gazetteer
en-GB,en,Manhattan,US,5125771,5200,things to do in manhattan,slug match in the gazetteer
en-AU,en,Manhattan,US,5125771,5200,things to do in manhattan,slug match in the gazetteer
en-US,en,Estes Park,US,5576882,5200,things to do in estes park,slug match in the gazetteer
en-GB,en,Estes Park,US,5576882,5200,things to do in estes park,slug match in the gazetteer
en-AU,en,Estes Park,US,5576882,5200,things to do in estes park,slug match in the gazetteer
en-US,en,Boise,US,5586437,5200,things to do in boise,slug match in the gazetteer
en-GB,en,Boise,US,5586437,5200,things to do in boise,slug match in the gazetteer
en-AU,en,Boise,US,5586437,5200,things to do in boise,slug match in the gazetteer
en-US,en,Bozeman,US,5641727,5100,things to do in bozeman mt,"bozeman disambiguated by the US state MT the keyword names, 1 candidates in that state"
en-GB,en,Bozeman,US,5641727,5100,things to do in bozeman mt,"bozeman disambiguated by the US state MT the keyword names, 1 candidates in that state"
en-AU,en,Bozeman,US,5641727,5100,things to do in bozeman mt,"bozeman disambiguated by the US state MT the keyword names, 1 candidates in that state"
en-US,en,Newport,US,5223593,5000,things to do in newport ri,"newport disambiguated by the US state RI the keyword names, 1 candidates in that state"
en-GB,en,Newport,US,5223593,5000,things to do in newport ri,"newport disambiguated by the US state RI the keyword names, 1 candidates in that state"
en-AU,en,Newport,US,5223593,5000,things to do in newport ri,"newport disambiguated by the US state RI the keyword names, 1 candidates in that state"
en-US,en,Florence,IT,3176959,5000,things to do in florence,slug match in the gazetteer
en-GB,en,Florence,IT,3176959,5000,things to do in florence,slug match in the gazetteer
en-AU,en,Florence,IT,3176959,5000,things to do in florence,slug match in the gazetteer
en-US,en,Cocoa Beach,US,4151441,5000,things to do in cocoa beach,slug match in the gazetteer
en-GB,en,Cocoa Beach,US,4151441,5000,things to do in cocoa beach,slug match in the gazetteer
en-AU,en,Cocoa Beach,US,4151441,5000,things to do in cocoa beach,slug match in the gazetteer
en-US,en,Leavenworth,US,4274305,4900,things to do in leavenworth,slug match in the gazetteer
en-GB,en,Leavenworth,US,4274305,4900,things to do in leavenworth,slug match in the gazetteer
en-AU,en,Leavenworth,US,4274305,4900,things to do in leavenworth,slug match in the gazetteer
en-US,en,Louisville,US,4299276,4900,things to do in louisville,slug match in the gazetteer
en-GB,en,Louisville,US,4299276,4900,things to do in louisville,slug match in the gazetteer
en-AU,en,Louisville,US,4299276,4900,things to do in louisville,slug match in the gazetteer
en-US,en,Tallahassee,US,4174715,4800,things to do in tallahassee,slug match in the gazetteer
en-GB,en,Tallahassee,US,4174715,4800,things to do in tallahassee,slug match in the gazetteer
en-AU,en,Tallahassee,US,4174715,4800,things to do in tallahassee,slug match in the gazetteer
en-US,en,Birmingham,US,4049979,4800,things to do in birmingham al,"birmingham disambiguated by the US state AL the keyword names, 1 candidates in that state"
en-GB,en,Birmingham,US,4049979,4800,things to do in birmingham al,"birmingham disambiguated by the US state AL the keyword names, 1 candidates in that state"
en-AU,en,Birmingham,US,4049979,4800,things to do in birmingham al,"birmingham disambiguated by the US state AL the keyword names, 1 candidates in that state"
en-US,en,Athens,GR,264371,4800,things to do in athens,slug match in the gazetteer
en-GB,en,Athens,GR,264371,4800,things to do in athens,slug match in the gazetteer
en-AU,en,Athens,GR,264371,4800,things to do in athens,slug match in the gazetteer
en-US,en,Istanbul,TR,745044,4700,things to do in istanbul,slug match in the gazetteer
en-GB,en,Istanbul,TR,745044,4700,things to do in istanbul,slug match in the gazetteer
en-AU,en,Istanbul,TR,745044,4700,things to do in istanbul,slug match in the gazetteer
en-US,en,Şile,TR,739636,4700,things to do in chile,"GeoNames alternate name chile resolved to Şile (TR), 1 candidates, most populous chosen"
en-GB,en,Şile,TR,739636,4700,things to do in chile,"GeoNames alternate name chile resolved to Şile (TR), 1 candidates, most populous chosen"
en-AU,en,Şile,TR,739636,4700,things to do in chile,"GeoNames alternate name chile resolved to Şile (TR), 1 candidates, most populous chosen"
en-US,en,Moab,US,5543307,4700,things to do in moab,slug match in the gazetteer
en-GB,en,Moab,US,5543307,4700,things to do in moab,slug match in the gazetteer
en-AU,en,Moab,US,5543307,4700,things to do in moab,slug match in the gazetteer
en-US,en,Copenhagen,DK,2618425,4700,things to do in copenhagen,slug match in the gazetteer
en-GB,en,Copenhagen,DK,2618425,4700,things to do in copenhagen,slug match in the gazetteer
en-AU,en,Copenhagen,DK,2618425,4700,things to do in copenhagen,slug match in the gazetteer
en-US,en,Bangkok,TH,1609350,4700,things to do in bangkok,slug match in the gazetteer
en-GB,en,Bangkok,TH,1609350,4700,things to do in bangkok,slug match in the gazetteer
en-AU,en,Bangkok,TH,1609350,4700,things to do in bangkok,slug match in the gazetteer
en-US,en,Vienna,AT,2761369,4700,things to do in vienna,slug match in the gazetteer
en-GB,en,Vienna,AT,2761369,4700,things to do in vienna,slug match in the gazetteer
en-AU,en,Vienna,AT,2761369,4700,things to do in vienna,slug match in the gazetteer
en-US,en,Budapest,HU,3054643,4600,things to do in budapest,slug match in the gazetteer
en-GB,en,Budapest,HU,3054643,4600,things to do in budapest,slug match in the gazetteer
en-AU,en,Budapest,HU,3054643,4600,things to do in budapest,slug match in the gazetteer
en-US,en,Porto,PT,2735943,4500,things to do in porto,slug match in the gazetteer
en-GB,en,Porto,PT,2735943,4500,things to do in porto,slug match in the gazetteer
en-AU,en,Porto,PT,2735943,4500,things to do in porto,slug match in the gazetteer
en-US,en,Naples,IT,3172394,4500,things to do in naples,slug match in the gazetteer
en-GB,en,Naples,IT,3172394,4500,things to do in naples,slug match in the gazetteer
en-AU,en,Naples,IT,3172394,4500,things to do in naples,slug match in the gazetteer
en-US,en,Cozumel,MX,3530103,4200,things to do in cozumel,slug match in the gazetteer
en-GB,en,Cozumel,MX,3530103,4200,things to do in cozumel,slug match in the gazetteer
en-AU,en,Cozumel,MX,3530103,4200,things to do in cozumel,slug match in the gazetteer
en-US,en,Berlin,DE,2950159,4100,things to do in berlin,slug match in the gazetteer
en-GB,en,Berlin,DE,2950159,4100,things to do in berlin,slug match in the gazetteer
en-AU,en,Berlin,DE,2950159,4100,things to do in berlin,slug match in the gazetteer
en-US,en,Grand Rapids,US,4994358,4000,things to do in grand rapids,slug match in the gazetteer
en-GB,en,Grand Rapids,US,4994358,4000,things to do in grand rapids,slug match in the gazetteer
en-AU,en,Grand Rapids,US,4994358,4000,things to do in grand rapids,slug match in the gazetteer
en-US,en,Nara,ML,2453079,1900,things to do in nara,slug match in the gazetteer
en-GB,en,Nara,ML,2453079,1900,things to do in nara,slug match in the gazetteer
en-AU,en,Nara,ML,2453079,1900,things to do in nara,slug match in the gazetteer
en-US,en,Auckland,NZ,2193733,1900,things to do in auckland,slug match in the gazetteer
en-GB,en,Auckland,NZ,2193733,1900,things to do in auckland,slug match in the gazetteer
en-AU,en,Auckland,NZ,2193733,1900,things to do in auckland,slug match in the gazetteer
en-US,en,Saint-Louis,SN,2246452,1900,things to do in saint louis,slug match in the gazetteer
en-GB,en,Saint-Louis,SN,2246452,1900,things to do in saint louis,slug match in the gazetteer
en-AU,en,Saint-Louis,SN,2246452,1900,things to do in saint louis,slug match in the gazetteer
en-US,en,Mobile,US,4076598,1900,things to do in mobile,slug match in the gazetteer
en-GB,en,Mobile,US,4076598,1900,things to do in mobile,slug match in the gazetteer
en-AU,en,Mobile,US,4076598,1900,things to do in mobile,slug match in the gazetteer
en-US,en,Crete,US,4889120,1900,things to do in crete,slug match in the gazetteer
en-GB,en,Crete,US,4889120,1900,things to do in crete,slug match in the gazetteer
en-AU,en,Crete,US,4889120,1900,things to do in crete,slug match in the gazetteer
en-US,en,Fort Wayne,US,4920423,1900,things to do in fort wayne,slug match in the gazetteer
en-GB,en,Fort Wayne,US,4920423,1900,things to do in fort wayne,slug match in the gazetteer
en-AU,en,Fort Wayne,US,4920423,1900,things to do in fort wayne,slug match in the gazetteer
en-US,en,Brisbane,AU,2174003,1900,things to do in brisbane,slug match in the gazetteer
en-GB,en,Brisbane,AU,2174003,1900,things to do in brisbane,slug match in the gazetteer
en-AU,en,Brisbane,AU,2174003,1900,things to do in brisbane,slug match in the gazetteer
en-US,en,Sorrento,IT,3166350,1900,things to do in sorrento,slug match in the gazetteer
en-GB,en,Sorrento,IT,3166350,1900,things to do in sorrento,slug match in the gazetteer
en-AU,en,Sorrento,IT,3166350,1900,things to do in sorrento,slug match in the gazetteer
en-US,en,Mykonos,GR,257056,1900,things to do in mykonos,slug match in the gazetteer
en-GB,en,Mykonos,GR,257056,1900,things to do in mykonos,slug match in the gazetteer
en-AU,en,Mykonos,GR,257056,1900,things to do in mykonos,slug match in the gazetteer
en-US,en,Hot Springs,US,4115412,1900,things to do in hot springs ar,"hot springs disambiguated by the US state AR the keyword names, 1 candidates in that state"
en-GB,en,Hot Springs,US,4115412,1900,things to do in hot springs ar,"hot springs disambiguated by the US state AR the keyword names, 1 candidates in that state"
en-AU,en,Hot Springs,US,4115412,1900,things to do in hot springs ar,"hot springs disambiguated by the US state AR the keyword names, 1 candidates in that state"
en-US,en,Charleston,US,4574324,1900,things to do in charleston south carolina,"charleston disambiguated by the US state SC the keyword names, 1 candidates in that state"
en-GB,en,Charleston,US,4574324,1900,things to do in charleston south carolina,"charleston disambiguated by the US state SC the keyword names, 1 candidates in that state"
en-AU,en,Charleston,US,4574324,1900,things to do in charleston south carolina,"charleston disambiguated by the US state SC the keyword names, 1 candidates in that state"
en-US,en,Paris,FR,2988507,1900,things to do in paris with kids,slug match in the gazetteer
en-GB,en,Paris,FR,2988507,1900,things to do in paris with kids,slug match in the gazetteer
en-AU,en,Paris,FR,2988507,1900,things to do in paris with kids,slug match in the gazetteer
en-US,en,Salem,US,4950065,1900,things to do in salem massachusetts,"salem disambiguated by the US state MA the keyword names, 1 candidates in that state"
en-GB,en,Salem,US,4950065,1900,things to do in salem massachusetts,"salem disambiguated by the US state MA the keyword names, 1 candidates in that state"
en-AU,en,Salem,US,4950065,1900,things to do in salem massachusetts,"salem disambiguated by the US state MA the keyword names, 1 candidates in that state"
en-US,en,Rotterdam,NL,2747891,1900,things to do in rotterdam,slug match in the gazetteer
en-GB,en,Rotterdam,NL,2747891,1900,things to do in rotterdam,slug match in the gazetteer
en-AU,en,Rotterdam,NL,2747891,1900,things to do in rotterdam,slug match in the gazetteer
en-US,en,New Orleans,US,4335045,1900,things to do in new orleans this weekend,slug match in the gazetteer
en-GB,en,New Orleans,US,4335045,1900,things to do in new orleans this weekend,slug match in the gazetteer
en-AU,en,New Orleans,US,4335045,1900,things to do in new orleans this weekend,slug match in the gazetteer
en-US,en,São Paulo,BR,3448439,1900,things to do in sao paulo,slug match in the gazetteer
en-GB,en,São Paulo,BR,3448439,1900,things to do in sao paulo,slug match in the gazetteer
en-AU,en,São Paulo,BR,3448439,1900,things to do in sao paulo,slug match in the gazetteer
en-US,en,Philadelphia,US,4560349,1900,best things to do in philadelphia,slug match in the gazetteer
en-GB,en,Philadelphia,US,4560349,1900,best things to do in philadelphia,slug match in the gazetteer
en-AU,en,Philadelphia,US,4560349,1900,best things to do in philadelphia,slug match in the gazetteer
en-US,en,Cape Town,ZA,3369157,1900,things to do in cape town,slug match in the gazetteer
en-GB,en,Cape Town,ZA,3369157,1900,things to do in cape town,slug match in the gazetteer
en-AU,en,Cape Town,ZA,3369157,1900,things to do in cape town,slug match in the gazetteer
en-US,en,Sandusky,US,5170691,1900,things to do in sandusky ohio,"sandusky disambiguated by the US state OH the keyword names, 1 candidates in that state"
en-GB,en,Sandusky,US,5170691,1900,things to do in sandusky ohio,"sandusky disambiguated by the US state OH the keyword names, 1 candidates in that state"
en-AU,en,Sandusky,US,5170691,1900,things to do in sandusky ohio,"sandusky disambiguated by the US state OH the keyword names, 1 candidates in that state"
en-US,en,Fredericksburg,US,4760059,1900,things to do in fredericksburg va,"fredericksburg disambiguated by the US state VA the keyword names, 1 candidates in that state"
en-GB,en,Fredericksburg,US,4760059,1900,things to do in fredericksburg va,"fredericksburg disambiguated by the US state VA the keyword names, 1 candidates in that state"
en-AU,en,Fredericksburg,US,4760059,1900,things to do in fredericksburg va,"fredericksburg disambiguated by the US state VA the keyword names, 1 candidates in that state"
en-US,en,Marseille,FR,2995469,1900,things to do in marseille,slug match in the gazetteer
en-GB,en,Marseille,FR,2995469,1900,things to do in marseille,slug match in the gazetteer
en-AU,en,Marseille,FR,2995469,1900,things to do in marseille,slug match in the gazetteer
en-US,en,Orlando,US,4167147,1900,best things to do in orlando,slug match in the gazetteer
en-GB,en,Orlando,US,4167147,1900,best things to do in orlando,slug match in the gazetteer
en-AU,en,Orlando,US,4167147,1900,best things to do in orlando,slug match in the gazetteer
en-US,en,Dubuque,US,4854529,1900,things to do in dubuque iowa,"dubuque disambiguated by the US state IA the keyword names, 1 candidates in that state"
en-GB,en,Dubuque,US,4854529,1900,things to do in dubuque iowa,"dubuque disambiguated by the US state IA the keyword names, 1 candidates in that state"
en-AU,en,Dubuque,US,4854529,1900,things to do in dubuque iowa,"dubuque disambiguated by the US state IA the keyword names, 1 candidates in that state"
en-US,en,Ibiza,ES,2516479,1800,things to do in ibiza,slug match in the gazetteer
en-GB,en,Ibiza,ES,2516479,1800,things to do in ibiza,slug match in the gazetteer
en-AU,en,Ibiza,ES,2516479,1800,things to do in ibiza,slug match in the gazetteer
en-US,en,Hoi An,VN,1580541,1800,things to do in hoi an,slug match in the gazetteer
en-GB,en,Hoi An,VN,1580541,1800,things to do in hoi an,slug match in the gazetteer
en-AU,en,Hoi An,VN,1580541,1800,things to do in hoi an,slug match in the gazetteer
en-US,en,Montenegro,BR,3456826,1800,things to do in montenegro,slug match in the gazetteer
en-GB,en,Montenegro,BR,3456826,1800,things to do in montenegro,slug match in the gazetteer
en-AU,en,Montenegro,BR,3456826,1800,things to do in montenegro,slug match in the gazetteer
en-US,en,Valencia,VE,3625549,1800,things to do in valencia,slug match in the gazetteer
en-GB,en,Valencia,VE,3625549,1800,things to do in valencia,slug match in the gazetteer
en-AU,en,Valencia,VE,3625549,1800,things to do in valencia,slug match in the gazetteer
en-US,en,Lake Charles,US,4330236,1800,things to do in lake charles,slug match in the gazetteer
en-GB,en,Lake Charles,US,4330236,1800,things to do in lake charles,slug match in the gazetteer
en-AU,en,Lake Charles,US,4330236,1800,things to do in lake charles,slug match in the gazetteer
en-US,en,Palo Alto,US,5380748,1800,things to do in palo alto,slug match in the gazetteer
en-GB,en,Palo Alto,US,5380748,1800,things to do in palo alto,slug match in the gazetteer
en-AU,en,Palo Alto,US,5380748,1800,things to do in palo alto,slug match in the gazetteer
en-US,en,Vail,US,5442727,1800,things to do in vail colorado,"vail disambiguated by the US state CO the keyword names, 1 candidates in that state"
en-GB,en,Vail,US,5442727,1800,things to do in vail colorado,"vail disambiguated by the US state CO the keyword names, 1 candidates in that state"
en-AU,en,Vail,US,5442727,1800,things to do in vail colorado,"vail disambiguated by the US state CO the keyword names, 1 candidates in that state"
en-US,en,Pigeon Forge,US,4649251,1800,free things to do in pigeon forge,slug match in the gazetteer
en-GB,en,Pigeon Forge,US,4649251,1800,free things to do in pigeon forge,slug match in the gazetteer
en-AU,en,Pigeon Forge,US,4649251,1800,free things to do in pigeon forge,slug match in the gazetteer
en-US,en,Santa Rosa,PH,1687894,1800,things to do in santa rosa,slug match in the gazetteer
en-GB,en,Santa Rosa,PH,1687894,1800,things to do in santa rosa,slug match in the gazetteer
en-AU,en,Santa Rosa,PH,1687894,1800,things to do in santa rosa,slug match in the gazetteer
en-US,en,Wichita,US,4281730,1800,things to do in wichita ks,"wichita disambiguated by the US state KS the keyword names, 1 candidates in that state"
en-GB,en,Wichita,US,4281730,1800,things to do in wichita ks,"wichita disambiguated by the US state KS the keyword names, 1 candidates in that state"
en-AU,en,Wichita,US,4281730,1800,things to do in wichita ks,"wichita disambiguated by the US state KS the keyword names, 1 candidates in that state"
en-US,en,Vicksburg,US,4449620,1800,things to do in vicksburg ms,"vicksburg disambiguated by the US state MS the keyword names, 1 candidates in that state"
en-GB,en,Vicksburg,US,4449620,1800,things to do in vicksburg ms,"vicksburg disambiguated by the US state MS the keyword names, 1 candidates in that state"
en-AU,en,Vicksburg,US,4449620,1800,things to do in vicksburg ms,"vicksburg disambiguated by the US state MS the keyword names, 1 candidates in that state"
en-US,en,Rogers,US,4128894,1800,things to do in rogers arkansas,"rogers disambiguated by the US state AR the keyword names, 1 candidates in that state"
en-GB,en,Rogers,US,4128894,1800,things to do in rogers arkansas,"rogers disambiguated by the US state AR the keyword names, 1 candidates in that state"
en-AU,en,Rogers,US,4128894,1800,things to do in rogers arkansas,"rogers disambiguated by the US state AR the keyword names, 1 candidates in that state"
en-US,en,Gettysburg,US,4558183,1800,things to do in gettysburg,slug match in the gazetteer
en-GB,en,Gettysburg,US,4558183,1800,things to do in gettysburg,slug match in the gazetteer
en-AU,en,Gettysburg,US,4558183,1800,things to do in gettysburg,slug match in the gazetteer
en-US,en,Wilmington,US,4145381,1800,things to do in wilmington de,"wilmington disambiguated by the US state DE the keyword names, 1 candidates in that state"
en-GB,en,Wilmington,US,4145381,1800,things to do in wilmington de,"wilmington disambiguated by the US state DE the keyword names, 1 candidates in that state"
en-AU,en,Wilmington,US,4145381,1800,things to do in wilmington de,"wilmington disambiguated by the US state DE the keyword names, 1 candidates in that state"
en-US,en,Biloxi,US,4418478,1800,things to do in biloxi,slug match in the gazetteer
en-GB,en,Biloxi,US,4418478,1800,things to do in biloxi,slug match in the gazetteer
en-AU,en,Biloxi,US,4418478,1800,things to do in biloxi,slug match in the gazetteer
en-US,en,Rome,IT,3169070,1800,best things to do in rome,slug match in the gazetteer
en-GB,en,Rome,IT,3169070,1800,best things to do in rome,slug match in the gazetteer
en-AU,en,Rome,IT,3169070,1800,best things to do in rome,slug match in the gazetteer
en-US,en,Kansas City,US,4393217,1800,things to do in kansas city today,slug match in the gazetteer
en-GB,en,Kansas City,US,4393217,1800,things to do in kansas city today,slug match in the gazetteer
en-AU,en,Kansas City,US,4393217,1800,things to do in kansas city today,slug match in the gazetteer
en-US,en,Warsaw,PL,756135,1800,things to do in warsaw,slug match in the gazetteer
en-GB,en,Warsaw,PL,756135,1800,things to do in warsaw,slug match in the gazetteer
en-AU,en,Warsaw,PL,756135,1800,things to do in warsaw,slug match in the gazetteer
en-US,en,North Myrtle Beach,US,4589446,1800,things to do in north myrtle beach,slug match in the gazetteer
en-GB,en,North Myrtle Beach,US,4589446,1800,things to do in north myrtle beach,slug match in the gazetteer
en-AU,en,North Myrtle Beach,US,4589446,1800,things to do in north myrtle beach,slug match in the gazetteer
en-US,en,Paris,FR,2988507,1800,fun things to do in paris,slug match in the gazetteer
en-GB,en,Paris,FR,2988507,1800,fun things to do in paris,slug match in the gazetteer
en-AU,en,Paris,FR,2988507,1800,fun things to do in paris,slug match in the gazetteer
en-US,en,Overland Park,US,4276873,1800,things to do in overland park,slug match in the gazetteer
en-GB,en,Overland Park,US,4276873,1800,things to do in overland park,slug match in the gazetteer
en-AU,en,Overland Park,US,4276873,1800,things to do in overland park,slug match in the gazetteer
en-US,en,Tempe,US,5317058,1800,things to do in tempe,slug match in the gazetteer
en-GB,en,Tempe,US,5317058,1800,things to do in tempe,slug match in the gazetteer
en-AU,en,Tempe,US,5317058,1800,things to do in tempe,slug match in the gazetteer
en-US,en,Manchester,GB,2643123,1800,things to do in manchester,slug match in the gazetteer
en-GB,en,Manchester,GB,2643123,1800,things to do in manchester,slug match in the gazetteer
en-AU,en,Manchester,GB,2643123,1800,things to do in manchester,slug match in the gazetteer
en-US,en,Verona,IT,3164527,1800,things to do in verona,slug match in the gazetteer
en-GB,en,Verona,IT,3164527,1800,things to do in verona,slug match in the gazetteer
en-AU,en,Verona,IT,3164527,1800,things to do in verona,slug match in the gazetteer
en-US,en,Los Angeles,US,5368361,1800,things to do in los angeles california,"los angeles disambiguated by the US state CA the keyword names, 1 candidates in that state"
en-GB,en,Los Angeles,US,5368361,1800,things to do in los angeles california,"los angeles disambiguated by the US state CA the keyword names, 1 candidates in that state"
en-AU,en,Los Angeles,US,5368361,1800,things to do in los angeles california,"los angeles disambiguated by the US state CA the keyword names, 1 candidates in that state"
en-US,en,Wildwood,US,4504856,1800,things to do in wildwood nj,"wildwood disambiguated by the US state NJ the keyword names, 1 candidates in that state"
en-GB,en,Wildwood,US,4504856,1800,things to do in wildwood nj,"wildwood disambiguated by the US state NJ the keyword names, 1 candidates in that state"
en-AU,en,Wildwood,US,4504856,1800,things to do in wildwood nj,"wildwood disambiguated by the US state NJ the keyword names, 1 candidates in that state"
en-US,en,Florence,US,5727032,1800,things to do in florence oregon,"florence disambiguated by the US state OR the keyword names, 1 candidates in that state"
en-GB,en,Florence,US,5727032,1800,things to do in florence oregon,"florence disambiguated by the US state OR the keyword names, 1 candidates in that state"
en-AU,en,Florence,US,5727032,1800,things to do in florence oregon,"florence disambiguated by the US state OR the keyword names, 1 candidates in that state"
en-US,en,Bisbee,US,5284905,1800,things to do in bisbee az,"bisbee disambiguated by the US state AZ the keyword names, 1 candidates in that state"
en-GB,en,Bisbee,US,5284905,1800,things to do in bisbee az,"bisbee disambiguated by the US state AZ the keyword names, 1 candidates in that state"
en-AU,en,Bisbee,US,5284905,1800,things to do in bisbee az,"bisbee disambiguated by the US state AZ the keyword names, 1 candidates in that state"
en-US,en,Bozeman,US,5641727,1800,things to do in bozeman,slug match in the gazetteer
en-GB,en,Bozeman,US,5641727,1800,things to do in bozeman,slug match in the gazetteer
en-AU,en,Bozeman,US,5641727,1800,things to do in bozeman,slug match in the gazetteer
en-US,en,Luxembourg,LU,2960316,1800,things to do in luxembourg,slug match in the gazetteer
en-GB,en,Luxembourg,LU,2960316,1800,things to do in luxembourg,slug match in the gazetteer
en-AU,en,Luxembourg,LU,2960316,1800,things to do in luxembourg,slug match in the gazetteer
en-US,en,Orange Beach,US,4081696,1800,things to do in orange beach alabama,"orange beach disambiguated by the US state AL the keyword names, 1 candidates in that state"
en-GB,en,Orange Beach,US,4081696,1800,things to do in orange beach alabama,"orange beach disambiguated by the US state AL the keyword names, 1 candidates in that state"
en-AU,en,Orange Beach,US,4081696,1800,things to do in orange beach alabama,"orange beach disambiguated by the US state AL the keyword names, 1 candidates in that state"
en-US,en,Riverside,US,5387877,1800,things to do in riverside,slug match in the gazetteer
en-GB,en,Riverside,US,5387877,1800,things to do in riverside,slug match in the gazetteer
en-AU,en,Riverside,US,5387877,1800,things to do in riverside,slug match in the gazetteer
en-US,en,Missoula,US,5666639,1800,things to do in missoula,slug match in the gazetteer
en-GB,en,Missoula,US,5666639,1800,things to do in missoula,slug match in the gazetteer
en-AU,en,Missoula,US,5666639,1800,things to do in missoula,slug match in the gazetteer
en-US,en,Milwaukee,US,5263045,1800,things to do in milwaukee wisconsin,"milwaukee disambiguated by the US state WI the keyword names, 1 candidates in that state"
en-GB,en,Milwaukee,US,5263045,1800,things to do in milwaukee wisconsin,"milwaukee disambiguated by the US state WI the keyword names, 1 candidates in that state"
en-AU,en,Milwaukee,US,5263045,1800,things to do in milwaukee wisconsin,"milwaukee disambiguated by the US state WI the keyword names, 1 candidates in that state"
en-US,en,Oceanside,US,5378771,1700,things to do in oceanside,slug match in the gazetteer
en-GB,en,Oceanside,US,5378771,1700,things to do in oceanside,slug match in the gazetteer
en-AU,en,Oceanside,US,5378771,1700,things to do in oceanside,slug match in the gazetteer
en-US,en,Sioux Falls,US,5231851,1700,things to do in sioux falls south dakota,"sioux falls disambiguated by the US state SD the keyword names, 1 candidates in that state"
en-GB,en,Sioux Falls,US,5231851,1700,things to do in sioux falls south dakota,"sioux falls disambiguated by the US state SD the keyword names, 1 candidates in that state"
en-AU,en,Sioux Falls,US,5231851,1700,things to do in sioux falls south dakota,"sioux falls disambiguated by the US state SD the keyword names, 1 candidates in that state"
en-US,en,Atlanta,US,4180439,1700,best things to do in atlanta,slug match in the gazetteer
en-GB,en,Atlanta,US,4180439,1700,best things to do in atlanta,slug match in the gazetteer
en-AU,en,Atlanta,US,4180439,1700,best things to do in atlanta,slug match in the gazetteer
en-US,en,Ho Chi Minh City,VN,1566083,1700,things to do in ho chi minh city,slug match in the gazetteer
en-GB,en,Ho Chi Minh City,VN,1566083,1700,things to do in ho chi minh city,slug match in the gazetteer
en-AU,en,Ho Chi Minh City,VN,1566083,1700,things to do in ho chi minh city,slug match in the gazetteer
en-US,en,Holland,US,4996248,1700,things to do in holland mi,"holland disambiguated by the US state MI the keyword names, 1 candidates in that state"
en-GB,en,Holland,US,4996248,1700,things to do in holland mi,"holland disambiguated by the US state MI the keyword names, 1 candidates in that state"
en-AU,en,Holland,US,4996248,1700,things to do in holland mi,"holland disambiguated by the US state MI the keyword names, 1 candidates in that state"
en-US,en,New Orleans,US,4335045,1700,things to do in new orleans with kids,slug match in the gazetteer
en-GB,en,New Orleans,US,4335045,1700,things to do in new orleans with kids,slug match in the gazetteer
en-AU,en,New Orleans,US,4335045,1700,things to do in new orleans with kids,slug match in the gazetteer
en-US,en,Durango,US,5420241,1700,things to do in durango colorado,"durango disambiguated by the US state CO the keyword names, 1 candidates in that state"
en-GB,en,Durango,US,5420241,1700,things to do in durango colorado,"durango disambiguated by the US state CO the keyword names, 1 candidates in that state"
en-AU,en,Durango,US,5420241,1700,things to do in durango colorado,"durango disambiguated by the US state CO the keyword names, 1 candidates in that state"
en-US,en,Lubbock,US,5525577,1700,things to do in lubbock texas,"lubbock disambiguated by the US state TX the keyword names, 1 candidates in that state"
en-GB,en,Lubbock,US,5525577,1700,things to do in lubbock texas,"lubbock disambiguated by the US state TX the keyword names, 1 candidates in that state"
en-AU,en,Lubbock,US,5525577,1700,things to do in lubbock texas,"lubbock disambiguated by the US state TX the keyword names, 1 candidates in that state"
en-US,en,Seaside,US,5750984,1700,things to do in seaside oregon,"seaside disambiguated by the US state OR the keyword names, 1 candidates in that state"
en-GB,en,Seaside,US,5750984,1700,things to do in seaside oregon,"seaside disambiguated by the US state OR the keyword names, 1 candidates in that state"
en-AU,en,Seaside,US,5750984,1700,things to do in seaside oregon,"seaside disambiguated by the US state OR the keyword names, 1 candidates in that state"
en-US,en,Los Angeles,US,5368361,1700,best things to do in los angeles,slug match in the gazetteer
en-GB,en,Los Angeles,US,5368361,1700,best things to do in los angeles,slug match in the gazetteer
en-AU,en,Los Angeles,US,5368361,1700,best things to do in los angeles,slug match in the gazetteer
en-US,en,Waco,US,4739526,1700,things to do in waco texas,"waco disambiguated by the US state TX the keyword names, 1 candidates in that state"
en-GB,en,Waco,US,4739526,1700,things to do in waco texas,"waco disambiguated by the US state TX the keyword names, 1 candidates in that state"
en-AU,en,Waco,US,4739526,1700,things to do in waco texas,"waco disambiguated by the US state TX the keyword names, 1 candidates in that state"
en-US,en,Odessa,US,5527554,1700,things to do in odessa tx,"odessa disambiguated by the US state TX the keyword names, 1 candidates in that state"
en-GB,en,Odessa,US,5527554,1700,things to do in odessa tx,"odessa disambiguated by the US state TX the keyword names, 1 candidates in that state"
en-AU,en,Odessa,US,5527554,1700,things to do in odessa tx,"odessa disambiguated by the US state TX the keyword names, 1 candidates in that state"
en-US,en,Palermo,IT,2523920,1700,things to do in palermo,slug match in the gazetteer
en-GB,en,Palermo,IT,2523920,1700,things to do in palermo,slug match in the gazetteer
en-AU,en,Palermo,IT,2523920,1700,things to do in palermo,slug match in the gazetteer
en-US,en,Los Angeles,US,5368361,1700,things to do in la with kids,"GeoNames alternate name la resolved to Los Angeles (US), 1 candidates, most populous chosen"
en-GB,en,Los Angeles,US,5368361,1700,things to do in la with kids,"GeoNames alternate name la resolved to Los Angeles (US), 1 candidates, most populous chosen"
en-AU,en,Los Angeles,US,5368361,1700,things to do in la with kids,"GeoNames alternate name la resolved to Los Angeles (US), 1 candidates, most populous chosen"
en-US,en,Bonita Springs,US,4148533,1700,things to do in bonita springs,slug match in the gazetteer
en-GB,en,Bonita Springs,US,4148533,1700,things to do in bonita springs,slug match in the gazetteer
en-AU,en,Bonita Springs,US,4148533,1700,things to do in bonita springs,slug match in the gazetteer
en-US,en,St. Louis,US,4407066,1700,things to do in stl,"GeoNames alternate name stl resolved to St. Louis (US), 1 candidates, most populous chosen"
en-GB,en,St. Louis,US,4407066,1700,things to do in stl,"GeoNames alternate name stl resolved to St. Louis (US), 1 candidates, most populous chosen"
en-AU,en,St. Louis,US,4407066,1700,things to do in stl,"GeoNames alternate name stl resolved to St. Louis (US), 1 candidates, most populous chosen"
en-US,en,Kalispell,US,5660340,1700,things to do in kalispell mt,"kalispell disambiguated by the US state MT the keyword names, 1 candidates in that state"
en-GB,en,Kalispell,US,5660340,1700,things to do in kalispell mt,"kalispell disambiguated by the US state MT the keyword names, 1 candidates in that state"
en-AU,en,Kalispell,US,5660340,1700,things to do in kalispell mt,"kalispell disambiguated by the US state MT the keyword names, 1 candidates in that state"
en-US,en,Chattanooga,US,4612862,1700,fun things to do in chattanooga,slug match in the gazetteer
en-GB,en,Chattanooga,US,4612862,1700,fun things to do in chattanooga,slug match in the gazetteer
en-AU,en,Chattanooga,US,4612862,1700,fun things to do in chattanooga,slug match in the gazetteer
en-US,en,Clarksville,US,4613868,1700,things to do in clarksville tn,"clarksville disambiguated by the US state TN the keyword names, 1 candidates in that state"
en-GB,en,Clarksville,US,4613868,1700,things to do in clarksville tn,"clarksville disambiguated by the US state TN the keyword names, 1 candidates in that state"
en-AU,en,Clarksville,US,4613868,1700,things to do in clarksville tn,"clarksville disambiguated by the US state TN the keyword names, 1 candidates in that state"
en-US,en,Austin,US,4671654,1700,fun things to do in austin for adults,slug match in the gazetteer
en-GB,en,Austin,US,4671654,1700,fun things to do in austin for adults,slug match in the gazetteer
en-AU,en,Austin,US,4671654,1700,fun things to do in austin for adults,slug match in the gazetteer
en-US,en,Las Vegas,US,5506956,1700,free things to do in vegas,exonym vegas resolved to Las Vegas (US)
en-GB,en,Las Vegas,US,5506956,1700,free things to do in vegas,exonym vegas resolved to Las Vegas (US)
en-AU,en,Las Vegas,US,5506956,1700,free things to do in vegas,exonym vegas resolved to Las Vegas (US)
en-US,en,California,US,4350049,1700,fun things to do in california,slug match in the gazetteer
en-GB,en,California,US,4350049,1700,fun things to do in california,slug match in the gazetteer
en-AU,en,California,US,4350049,1700,fun things to do in california,slug match in the gazetteer
en-US,en,Ithaca,US,5122432,1700,things to do in ithaca ny,"ithaca disambiguated by the US state NY the keyword names, 1 candidates in that state"
en-GB,en,Ithaca,US,5122432,1700,things to do in ithaca ny,"ithaca disambiguated by the US state NY the keyword names, 1 candidates in that state"
en-AU,en,Ithaca,US,5122432,1700,things to do in ithaca ny,"ithaca disambiguated by the US state NY the keyword names, 1 candidates in that state"
en-US,en,Albany,US,5106834,1700,things to do in albany,slug match in the gazetteer
en-GB,en,Albany,US,5106834,1700,things to do in albany,slug match in the gazetteer
en-AU,en,Albany,US,5106834,1700,things to do in albany,slug match in the gazetteer
en-US,en,Tijuana,MX,3981609,1700,things to do in tijuana,slug match in the gazetteer
en-GB,en,Tijuana,MX,3981609,1700,things to do in tijuana,slug match in the gazetteer
en-AU,en,Tijuana,MX,3981609,1700,things to do in tijuana,slug match in the gazetteer
en-US,en,Los Angeles,US,5368361,1700,free things to do in la,"GeoNames alternate name la resolved to Los Angeles (US), 1 candidates, most populous chosen"
en-GB,en,Los Angeles,US,5368361,1700,free things to do in la,"GeoNames alternate name la resolved to Los Angeles (US), 1 candidates, most populous chosen"
en-AU,en,Los Angeles,US,5368361,1700,free things to do in la,"GeoNames alternate name la resolved to Los Angeles (US), 1 candidates, most populous chosen"
en-US,en,Bethpage,US,5108955,1700,things to do in central park,"GeoNames alternate name central park resolved to Bethpage (US), 1 candidates, most populous chosen"
en-GB,en,Bethpage,US,5108955,1700,things to do in central park,"GeoNames alternate name central park resolved to Bethpage (US), 1 candidates, most populous chosen"
en-AU,en,Bethpage,US,5108955,1700,things to do in central park,"GeoNames alternate name central park resolved to Bethpage (US), 1 candidates, most populous chosen"
en-US,en,Juneau,US,5554072,1700,things to do in juneau,slug match in the gazetteer
en-GB,en,Juneau,US,5554072,1700,things to do in juneau,slug match in the gazetteer
en-AU,en,Juneau,US,5554072,1700,things to do in juneau,slug match in the gazetteer
en-US,en,Belfast,GB,2655984,1700,things to do in belfast,slug match in the gazetteer
en-GB,en,Belfast,GB,2655984,1700,things to do in belfast,slug match in the gazetteer
en-AU,en,Belfast,GB,2655984,1700,things to do in belfast,slug match in the gazetteer
en-US,en,Madison,US,5261457,1700,things to do in madison,slug match in the gazetteer
en-GB,en,Madison,US,5261457,1700,things to do in madison,slug match in the gazetteer
en-AU,en,Madison,US,5261457,1700,things to do in madison,slug match in the gazetteer
en-US,en,Isla Mujeres,MX,3526756,1700,things to do in isla mujeres,slug match in the gazetteer
en-GB,en,Isla Mujeres,MX,3526756,1700,things to do in isla mujeres,slug match in the gazetteer
en-AU,en,Isla Mujeres,MX,3526756,1700,things to do in isla mujeres,slug match in the gazetteer
en-US,en,Amsterdam,NL,2759794,1700,best things to do in amsterdam,slug match in the gazetteer
en-GB,en,Amsterdam,NL,2759794,1700,best things to do in amsterdam,slug match in the gazetteer
en-AU,en,Amsterdam,NL,2759794,1700,best things to do in amsterdam,slug match in the gazetteer
en-US,en,Casper,US,5820705,1700,things to do in casper wyoming,"casper disambiguated by the US state WY the keyword names, 1 candidates in that state"
en-GB,en,Casper,US,5820705,1700,things to do in casper wyoming,"casper disambiguated by the US state WY the keyword names, 1 candidates in that state"
en-AU,en,Casper,US,5820705,1700,things to do in casper wyoming,"casper disambiguated by the US state WY the keyword names, 1 candidates in that state"
en-US,en,New Haven,US,4839366,1700,things to do in new haven ct,"new haven disambiguated by the US state CT the keyword names, 1 candidates in that state"
en-GB,en,New Haven,US,4839366,1700,things to do in new haven ct,"new haven disambiguated by the US state CT the keyword names, 1 candidates in that state"
en-AU,en,New Haven,US,4839366,1700,things to do in new haven ct,"new haven disambiguated by the US state CT the keyword names, 1 candidates in that state"
en-US,en,Mazatlán,MX,3996322,1700,things to do in mazatlan,slug match in the gazetteer
en-GB,en,Mazatlán,MX,3996322,1700,things to do in mazatlan,slug match in the gazetteer
en-AU,en,Mazatlán,MX,3996322,1700,things to do in mazatlan,slug match in the gazetteer
en-US,en,Knoxville,US,4634946,1700,things to do in knoxville tennessee,"knoxville disambiguated by the US state TN the keyword names, 1 candidates in that state"
en-GB,en,Knoxville,US,4634946,1700,things to do in knoxville tennessee,"knoxville disambiguated by the US state TN the keyword names, 1 candidates in that state"
en-AU,en,Knoxville,US,4634946,1700,things to do in knoxville tennessee,"knoxville disambiguated by the US state TN the keyword names, 1 candidates in that state"
en-US,en,Pismo Beach,US,5383431,1700,things to do in pismo beach,slug match in the gazetteer
en-GB,en,Pismo Beach,US,5383431,1700,things to do in pismo beach,slug match in the gazetteer
en-AU,en,Pismo Beach,US,5383431,1700,things to do in pismo beach,slug match in the gazetteer
en-US,en,Cody,US,5821593,1700,things to do in cody wy,"cody disambiguated by the US state WY the keyword names, 1 candidates in that state"
en-GB,en,Cody,US,5821593,1700,things to do in cody wy,"cody disambiguated by the US state WY the keyword names, 1 candidates in that state"
en-AU,en,Cody,US,5821593,1700,things to do in cody wy,"cody disambiguated by the US state WY the keyword names, 1 candidates in that state"
en-US,en,Pompano Beach,US,4169014,1700,things to do in pompano beach,slug match in the gazetteer
en-GB,en,Pompano Beach,US,4169014,1700,things to do in pompano beach,slug match in the gazetteer
en-AU,en,Pompano Beach,US,4169014,1700,things to do in pompano beach,slug match in the gazetteer
en-US,en,Columbia,US,4575352,1700,things to do in columbia,slug match in the gazetteer
en-GB,en,Columbia,US,4575352,1700,things to do in columbia,slug match in the gazetteer
en-AU,en,Columbia,US,4575352,1700,things to do in columbia,slug match in the gazetteer
en-US,en,Nuremberg,DE,2861650,1700,things to do in nuremberg,slug match in the gazetteer
en-GB,en,Nuremberg,DE,2861650,1700,things to do in nuremberg,slug match in the gazetteer
en-AU,en,Nuremberg,DE,2861650,1700,things to do in nuremberg,slug match in the gazetteer
en-US,en,Dunedin,US,4153759,1700,things to do in dunedin fl,"dunedin disambiguated by the US state FL the keyword names, 1 candidates in that state"
en-GB,en,Dunedin,US,4153759,1700,things to do in dunedin fl,"dunedin disambiguated by the US state FL the keyword names, 1 candidates in that state"
en-AU,en,Dunedin,US,4153759,1700,things to do in dunedin fl,"dunedin disambiguated by the US state FL the keyword names, 1 candidates in that state"
en-US,en,Savannah,US,4221552,1700,fun things to do in savannah ga,"savannah disambiguated by the US state GA the keyword names, 1 candidates in that state"
en-GB,en,Savannah,US,4221552,1700,fun things to do in savannah ga,"savannah disambiguated by the US state GA the keyword names, 1 candidates in that state"
en-AU,en,Savannah,US,4221552,1700,fun things to do in savannah ga,"savannah disambiguated by the US state GA the keyword names, 1 candidates in that state"
en-US,en,Málaga,ES,2514256,1700,things to do in malaga,slug match in the gazetteer
en-GB,en,Málaga,ES,2514256,1700,things to do in malaga,slug match in the gazetteer
en-AU,en,Málaga,ES,2514256,1700,things to do in malaga,slug match in the gazetteer
en-US,en,London,GB,2643743,1700,things to do in london with kids,slug match in the gazetteer
en-GB,en,London,GB,2643743,1700,things to do in london with kids,slug match in the gazetteer
en-AU,en,London,GB,2643743,1700,things to do in london with kids,slug match in the gazetteer
en-US,en,Key West,US,4160812,1700,things to do in key west florida,"key west disambiguated by the US state FL the keyword names, 1 candidates in that state"
en-GB,en,Key West,US,4160812,1700,things to do in key west florida,"key west disambiguated by the US state FL the keyword names, 1 candidates in that state"
en-AU,en,Key West,US,4160812,1700,things to do in key west florida,"key west disambiguated by the US state FL the keyword names, 1 candidates in that state"
en-US,en,Mumbai,IN,1275339,1700,things to do in mumbai,slug match in the gazetteer
en-GB,en,Mumbai,IN,1275339,1700,things to do in mumbai,slug match in the gazetteer
en-AU,en,Mumbai,IN,1275339,1700,things to do in mumbai,slug match in the gazetteer
en-US,en,New Orleans,US,4335045,1700,things to do in new orleans today,slug match in the gazetteer
en-GB,en,New Orleans,US,4335045,1700,things to do in new orleans today,slug match in the gazetteer
en-AU,en,New Orleans,US,4335045,1700,things to do in new orleans today,slug match in the gazetteer
en-US,en,Georgetown,GY,3378644,1700,things to do in georgetown,slug match in the gazetteer
en-GB,en,Georgetown,GY,3378644,1700,things to do in georgetown,slug match in the gazetteer
en-AU,en,Georgetown,GY,3378644,1700,things to do in georgetown,slug match in the gazetteer
en-US,en,Saint Augustine,US,4170894,1700,things to do in st. augustine,"GeoNames alternate name st. augustine resolved to Saint Augustine (US), 1 candidates, most populous chosen"
en-GB,en,Saint Augustine,US,4170894,1700,things to do in st. augustine,"GeoNames alternate name st. augustine resolved to Saint Augustine (US), 1 candidates, most populous chosen"
en-AU,en,Saint Augustine,US,4170894,1700,things to do in st. augustine,"GeoNames alternate name st. augustine resolved to Saint Augustine (US), 1 candidates, most populous chosen"
en-US,en,Indianapolis,US,4259418,1700,fun things to do in indianapolis,slug match in the gazetteer
en-GB,en,Indianapolis,US,4259418,1700,fun things to do in indianapolis,slug match in the gazetteer
en-AU,en,Indianapolis,US,4259418,1700,fun things to do in indianapolis,slug match in the gazetteer
en-US,en,Bratislava,SK,3060972,1700,things to do in bratislava,slug match in the gazetteer
en-GB,en,Bratislava,SK,3060972,1700,things to do in bratislava,slug match in the gazetteer
en-AU,en,Bratislava,SK,3060972,1700,things to do in bratislava,slug match in the gazetteer
en-US,en,Pittsburgh,US,5206379,1600,fun things to do in pittsburgh,slug match in the gazetteer
en-GB,en,Pittsburgh,US,5206379,1600,fun things to do in pittsburgh,slug match in the gazetteer
en-AU,en,Pittsburgh,US,5206379,1600,fun things to do in pittsburgh,slug match in the gazetteer
en-US,en,Carmel,US,4255466,1600,things to do in carmel indiana,"carmel disambiguated by the US state IN the keyword names, 1 candidates in that state"
en-GB,en,Carmel,US,4255466,1600,things to do in carmel indiana,"carmel disambiguated by the US state IN the keyword names, 1 candidates in that state"
en-AU,en,Carmel,US,4255466,1600,things to do in carmel indiana,"carmel disambiguated by the US state IN the keyword names, 1 candidates in that state"
en-US,en,Frankfort,US,4292188,1600,things to do in frankfort ky,"frankfort disambiguated by the US state KY the keyword names, 1 candidates in that state"
en-GB,en,Frankfort,US,4292188,1600,things to do in frankfort ky,"frankfort disambiguated by the US state KY the keyword names, 1 candidates in that state"
en-AU,en,Frankfort,US,4292188,1600,things to do in frankfort ky,"frankfort disambiguated by the US state KY the keyword names, 1 candidates in that state"
en-US,en,Split,HR,3190261,1600,things to do in split,slug match in the gazetteer
en-GB,en,Split,HR,3190261,1600,things to do in split,slug match in the gazetteer
en-AU,en,Split,HR,3190261,1600,things to do in split,slug match in the gazetteer
en-US,en,Rivas,NI,3617052,1600,things to do in nicaragua,"GeoNames alternate name nicaragua resolved to Rivas (NI), 1 candidates, most populous chosen"
en-GB,en,Rivas,NI,3617052,1600,things to do in nicaragua,"GeoNames alternate name nicaragua resolved to Rivas (NI), 1 candidates, most populous chosen"
en-AU,en,Rivas,NI,3617052,1600,things to do in nicaragua,"GeoNames alternate name nicaragua resolved to Rivas (NI), 1 candidates, most populous chosen"
en-US,en,Tokyo,JP,1850147,1600,fun things to do in tokyo,slug match in the gazetteer
en-GB,en,Tokyo,JP,1850147,1600,fun things to do in tokyo,slug match in the gazetteer
en-AU,en,Tokyo,JP,1850147,1600,fun things to do in tokyo,slug match in the gazetteer
en-US,en,Yakima,US,5816605,1600,things to do in yakima,slug match in the gazetteer
en-GB,en,Yakima,US,5816605,1600,things to do in yakima,slug match in the gazetteer
en-AU,en,Yakima,US,5816605,1600,things to do in yakima,slug match in the gazetteer
en-US,en,Chicago,US,4887398,1600,top things to do in chicago,slug match in the gazetteer
en-GB,en,Chicago,US,4887398,1600,top things to do in chicago,slug match in the gazetteer
en-AU,en,Chicago,US,4887398,1600,top things to do in chicago,slug match in the gazetteer
en-US,en,Bucharest,RO,683506,1600,things to do in bucharest,slug match in the gazetteer
en-GB,en,Bucharest,RO,683506,1600,things to do in bucharest,slug match in the gazetteer
en-AU,en,Bucharest,RO,683506,1600,things to do in bucharest,slug match in the gazetteer
en-US,en,Dallas,US,4684888,1600,best things to do in dallas,slug match in the gazetteer
en-GB,en,Dallas,US,4684888,1600,best things to do in dallas,slug match in the gazetteer
en-AU,en,Dallas,US,4684888,1600,best things to do in dallas,slug match in the gazetteer
en-US,en,Cusco,PE,3941584,1600,things to do in cusco,slug match in the gazetteer
en-GB,en,Cusco,PE,3941584,1600,things to do in cusco,slug match in the gazetteer
en-AU,en,Cusco,PE,3941584,1600,things to do in cusco,slug match in the gazetteer
en-US,en,Palm Beach,US,4167505,1600,things to do in palm beach,slug match in the gazetteer
en-GB,en,Palm Beach,US,4167505,1600,things to do in palm beach,slug match in the gazetteer
en-AU,en,Palm Beach,US,4167505,1600,things to do in palm beach,slug match in the gazetteer
en-US,en,Newport,GB,2641598,1600,things to do in newport,slug match in the gazetteer
en-GB,en,Newport,GB,2641598,1600,things to do in newport,slug match in the gazetteer
en-AU,en,Newport,GB,2641598,1600,things to do in newport,slug match in the gazetteer
en-US,en,Long Beach,US,5367929,1600,things to do in long beach ca,"long beach disambiguated by the US state CA the keyword names, 1 candidates in that state"
en-GB,en,Long Beach,US,5367929,1600,things to do in long beach ca,"long beach disambiguated by the US state CA the keyword names, 1 candidates in that state"
en-AU,en,Long Beach,US,5367929,1600,things to do in long beach ca,"long beach disambiguated by the US state CA the keyword names, 1 candidates in that state"
en-US,en,Tokyo,JP,1850147,1600,top things to do in tokyo,slug match in the gazetteer
en-GB,en,Tokyo,JP,1850147,1600,top things to do in tokyo,slug match in the gazetteer
en-AU,en,Tokyo,JP,1850147,1600,top things to do in tokyo,slug match in the gazetteer
en-US,en,Daytona Beach,US,4152872,1600,things to do in daytona,"GeoNames alternate name daytona resolved to Daytona Beach (US), 1 candidates, most populous chosen"
en-GB,en,Daytona Beach,US,4152872,1600,things to do in daytona,"GeoNames alternate name daytona resolved to Daytona Beach (US), 1 candidates, most populous chosen"
en-AU,en,Daytona Beach,US,4152872,1600,things to do in daytona,"GeoNames alternate name daytona resolved to Daytona Beach (US), 1 candidates, most populous chosen"
en-US,en,Birmingham,US,4049979,1600,things to do in birmingham alabama,"birmingham disambiguated by the US state AL the keyword names, 1 candidates in that state"
en-GB,en,Birmingham,US,4049979,1600,things to do in birmingham alabama,"birmingham disambiguated by the US state AL the keyword names, 1 candidates in that state"
en-AU,en,Birmingham,US,4049979,1600,things to do in birmingham alabama,"birmingham disambiguated by the US state AL the keyword names, 1 candidates in that state"
en-US,en,Newport,US,5742750,1600,things to do in newport oregon,"newport disambiguated by the US state OR the keyword names, 1 candidates in that state"
en-GB,en,Newport,US,5742750,1600,things to do in newport oregon,"newport disambiguated by the US state OR the keyword names, 1 candidates in that state"
en-AU,en,Newport,US,5742750,1600,things to do in newport oregon,"newport disambiguated by the US state OR the keyword names, 1 candidates in that state"
en-US,en,Orlando,US,4167147,1600,things to do in orlando fl,"orlando disambiguated by the US state FL the keyword names, 1 candidates in that state"
en-GB,en,Orlando,US,4167147,1600,things to do in orlando fl,"orlando disambiguated by the US state FL the keyword names, 1 candidates in that state"
en-AU,en,Orlando,US,4167147,1600,things to do in orlando fl,"orlando disambiguated by the US state FL the keyword names, 1 candidates in that state"
en-US,en,Inverness,GB,2646088,1600,things to do in inverness,slug match in the gazetteer
en-GB,en,Inverness,GB,2646088,1600,things to do in inverness,slug match in the gazetteer
en-AU,en,Inverness,GB,2646088,1600,things to do in inverness,slug match in the gazetteer
en-US,en,Jackson,US,4431410,1600,things to do in jackson ms,"jackson disambiguated by the US state MS the keyword names, 1 candidates in that state"
en-GB,en,Jackson,US,4431410,1600,things to do in jackson ms,"jackson disambiguated by the US state MS the keyword names, 1 candidates in that state"
en-AU,en,Jackson,US,4431410,1600,things to do in jackson ms,"jackson disambiguated by the US state MS the keyword names, 1 candidates in that state"
en-US,en,Quito,EC,3652462,1600,things to do in quito,slug match in the gazetteer
en-GB,en,Quito,EC,3652462,1600,things to do in quito,slug match in the gazetteer
en-AU,en,Quito,EC,3652462,1600,things to do in quito,slug match in the gazetteer
en-US,en,Port Townsend,US,5807239,1600,things to do in port townsend,slug match in the gazetteer
en-GB,en,Port Townsend,US,5807239,1600,things to do in port townsend,slug match in the gazetteer
en-AU,en,Port Townsend,US,5807239,1600,things to do in port townsend,slug match in the gazetteer
en-US,en,Tupelo,US,4448903,1600,things to do in tupelo ms,"tupelo disambiguated by the US state MS the keyword names, 1 candidates in that state"
en-GB,en,Tupelo,US,4448903,1600,things to do in tupelo ms,"tupelo disambiguated by the US state MS the keyword names, 1 candidates in that state"
en-AU,en,Tupelo,US,4448903,1600,things to do in tupelo ms,"tupelo disambiguated by the US state MS the keyword names, 1 candidates in that state"
en-US,en,Lincoln,US,5072006,1600,things to do in lincoln ne,"lincoln disambiguated by the US state NE the keyword names, 1 candidates in that state"
en-GB,en,Lincoln,US,5072006,1600,things to do in lincoln ne,"lincoln disambiguated by the US state NE the keyword names, 1 candidates in that state"
en-AU,en,Lincoln,US,5072006,1600,things to do in lincoln ne,"lincoln disambiguated by the US state NE the keyword names, 1 candidates in that state"
en-US,en,Santa Rosa Beach,US,4172094,1600,things to do in santa rosa beach fl,"santa rosa beach disambiguated by the US state FL the keyword names, 1 candidates in that state"
en-GB,en,Santa Rosa Beach,US,4172094,1600,things to do in santa rosa beach fl,"santa rosa beach disambiguated by the US state FL the keyword names, 1 candidates in that state"
en-AU,en,Santa Rosa Beach,US,4172094,1600,things to do in santa rosa beach fl,"santa rosa beach disambiguated by the US state FL the keyword names, 1 candidates in that state"
en-US,en,Ottawa,CA,6094817,1600,things to do in ottawa,slug match in the gazetteer
en-GB,en,Ottawa,CA,6094817,1600,things to do in ottawa,slug match in the gazetteer
en-AU,en,Ottawa,CA,6094817,1600,things to do in ottawa,slug match in the gazetteer
en-US,en,Concord,US,5084868,1600,things to do in concord nh,"concord disambiguated by the US state NH the keyword names, 1 candidates in that state"
en-GB,en,Concord,US,5084868,1600,things to do in concord nh,"concord disambiguated by the US state NH the keyword names, 1 candidates in that state"
en-AU,en,Concord,US,5084868,1600,things to do in concord nh,"concord disambiguated by the US state NH the keyword names, 1 candidates in that state"
en-US,en,Interlaken,US,5359577,1600,things to do in interlaken,slug match in the gazetteer
en-GB,en,Interlaken,US,5359577,1600,things to do in interlaken,slug match in the gazetteer
en-AU,en,Interlaken,US,5359577,1600,things to do in interlaken,slug match in the gazetteer
en-US,en,Puerto Rico,CO,3671348,1600,fun things to do in puerto rico,slug match in the gazetteer
en-GB,en,Puerto Rico,CO,3671348,1600,fun things to do in puerto rico,slug match in the gazetteer
en-AU,en,Puerto Rico,CO,3671348,1600,fun things to do in puerto rico,slug match in the gazetteer
en-US,en,London,GB,2643743,1600,fun things to do in london,slug match in the gazetteer
en-GB,en,London,GB,2643743,1600,fun things to do in london,slug match in the gazetteer
en-AU,en,London,GB,2643743,1600,fun things to do in london,slug match in the gazetteer
en-US,en,Cincinnati,US,4508722,1600,things to do in cincinnati today,slug match in the gazetteer
en-GB,en,Cincinnati,US,4508722,1600,things to do in cincinnati today,slug match in the gazetteer
en-AU,en,Cincinnati,US,4508722,1600,things to do in cincinnati today,slug match in the gazetteer
en-US,en,Cedar Rapids,US,4850751,1600,things to do in cedar rapids iowa,"cedar rapids disambiguated by the US state IA the keyword names, 1 candidates in that state"
en-GB,en,Cedar Rapids,US,4850751,1600,things to do in cedar rapids iowa,"cedar rapids disambiguated by the US state IA the keyword names, 1 candidates in that state"
en-AU,en,Cedar Rapids,US,4850751,1600,things to do in cedar rapids iowa,"cedar rapids disambiguated by the US state IA the keyword names, 1 candidates in that state"
en-US,en,Bordeaux,FR,3031582,1600,things to do in bordeaux,slug match in the gazetteer
en-GB,en,Bordeaux,FR,3031582,1600,things to do in bordeaux,slug match in the gazetteer
en-AU,en,Bordeaux,FR,3031582,1600,things to do in bordeaux,slug match in the gazetteer
en-US,en,Dana Point,US,5341483,1600,things to do in dana point,slug match in the gazetteer
en-GB,en,Dana Point,US,5341483,1600,things to do in dana point,slug match in the gazetteer
en-AU,en,Dana Point,US,5341483,1600,things to do in dana point,slug match in the gazetteer
en-US,en,Topeka,US,4280539,1600,things to do in topeka ks,"topeka disambiguated by the US state KS the keyword names, 1 candidates in that state"
en-GB,en,Topeka,US,4280539,1600,things to do in topeka ks,"topeka disambiguated by the US state KS the keyword names, 1 candidates in that state"
en-AU,en,Topeka,US,4280539,1600,things to do in topeka ks,"topeka disambiguated by the US state KS the keyword names, 1 candidates in that state"
en-US,en,Youngstown,US,5177568,1600,things to do in youngstown ohio,"youngstown disambiguated by the US state OH the keyword names, 1 candidates in that state"
en-GB,en,Youngstown,US,5177568,1600,things to do in youngstown ohio,"youngstown disambiguated by the US state OH the keyword names, 1 candidates in that state"
en-AU,en,Youngstown,US,5177568,1600,things to do in youngstown ohio,"youngstown disambiguated by the US state OH the keyword names, 1 candidates in that state"
en-US,en,Coronado,US,5339663,1600,things to do in coronado,slug match in the gazetteer
en-GB,en,Coronado,US,5339663,1600,things to do in coronado,slug match in the gazetteer
en-AU,en,Coronado,US,5339663,1600,things to do in coronado,slug match in the gazetteer
en-US,en,Chattanooga,US,4612862,1600,things to do in chattanooga with kids,slug match in the gazetteer
en-GB,en,Chattanooga,US,4612862,1600,things to do in chattanooga with kids,slug match in the gazetteer
en-AU,en,Chattanooga,US,4612862,1600,things to do in chattanooga with kids,slug match in the gazetteer
en-US,en,Mexico City,MX,3530597,1600,best things to do in mexico city,slug match in the gazetteer
en-GB,en,Mexico City,MX,3530597,1600,best things to do in mexico city,slug match in the gazetteer
en-AU,en,Mexico City,MX,3530597,1600,best things to do in mexico city,slug match in the gazetteer
en-US,en,Perth,AU,2063523,1600,things to do in perth,slug match in the gazetteer
en-GB,en,Perth,AU,2063523,1600,things to do in perth,slug match in the gazetteer
en-AU,en,Perth,AU,2063523,1600,things to do in perth,slug match in the gazetteer
en-US,en,Los Angeles,US,5368361,1600,things to do in los angeles with kids,slug match in the gazetteer
en-GB,en,Los Angeles,US,5368361,1600,things to do in los angeles with kids,slug match in the gazetteer
en-AU,en,Los Angeles,US,5368361,1600,things to do in los angeles with kids,slug match in the gazetteer
en-US,en,Grand Rapids,US,4994358,1600,things to do in grand rapids michigan,"grand rapids disambiguated by the US state MI the keyword names, 1 candidates in that state"
en-GB,en,Grand Rapids,US,4994358,1600,things to do in grand rapids michigan,"grand rapids disambiguated by the US state MI the keyword names, 1 candidates in that state"
en-AU,en,Grand Rapids,US,4994358,1600,things to do in grand rapids michigan,"grand rapids disambiguated by the US state MI the keyword names, 1 candidates in that state"
en-US,en,Landing,US,5100308,1600,things to do in summer,"GeoNames alternate name summer resolved to Landing (US), 1 candidates, most populous chosen"
en-GB,en,Landing,US,5100308,1600,things to do in summer,"GeoNames alternate name summer resolved to Landing (US), 1 candidates, most populous chosen"
en-AU,en,Landing,US,5100308,1600,things to do in summer,"GeoNames alternate name summer resolved to Landing (US), 1 candidates, most populous chosen"
en-US,en,Sitka,US,5557293,1600,things to do in sitka alaska,"sitka disambiguated by the US state AK the keyword names, 1 candidates in that state"
en-GB,en,Sitka,US,5557293,1600,things to do in sitka alaska,"sitka disambiguated by the US state AK the keyword names, 1 candidates in that state"
en-AU,en,Sitka,US,5557293,1600,things to do in sitka alaska,"sitka disambiguated by the US state AK the keyword names, 1 candidates in that state"
en-US,en,Winter Park,US,4178560,1600,things to do in winter park fl,"winter park disambiguated by the US state FL the keyword names, 1 candidates in that state"
en-GB,en,Winter Park,US,4178560,1600,things to do in winter park fl,"winter park disambiguated by the US state FL the keyword names, 1 candidates in that state"
en-AU,en,Winter Park,US,4178560,1600,things to do in winter park fl,"winter park disambiguated by the US state FL the keyword names, 1 candidates in that state"
en-US,en,Lexington,US,4297983,1600,fun things to do in lexington ky,"lexington disambiguated by the US state KY the keyword names, 1 candidates in that state"
en-GB,en,Lexington,US,4297983,1600,fun things to do in lexington ky,"lexington disambiguated by the US state KY the keyword names, 1 candidates in that state"
en-AU,en,Lexington,US,4297983,1600,fun things to do in lexington ky,"lexington disambiguated by the US state KY the keyword names, 1 candidates in that state"
en-US,en,Charleston,US,4574324,1500,fun things to do in charleston sc,"charleston disambiguated by the US state SC the keyword names, 1 candidates in that state"
en-GB,en,Charleston,US,4574324,1500,fun things to do in charleston sc,"charleston disambiguated by the US state SC the keyword names, 1 candidates in that state"
en-AU,en,Charleston,US,4574324,1500,fun things to do in charleston sc,"charleston disambiguated by the US state SC the keyword names, 1 candidates in that state"
en-US,en,Asbury Park,US,5095281,1500,things to do in asbury park,slug match in the gazetteer
en-GB,en,Asbury Park,US,5095281,1500,things to do in asbury park,slug match in the gazetteer
en-AU,en,Asbury Park,US,5095281,1500,things to do in asbury park,slug match in the gazetteer
en-US,en,Jordan,HK,8224045,1500,things to do in jordan,slug match in the gazetteer
en-GB,en,Jordan,HK,8224045,1500,things to do in jordan,slug match in the gazetteer
en-AU,en,Jordan,HK,8224045,1500,things to do in jordan,slug match in the gazetteer
en-US,en,Cleveland,US,5150529,1500,things to do in cleveland today,slug match in the gazetteer
en-GB,en,Cleveland,US,5150529,1500,things to do in cleveland today,slug match in the gazetteer
en-AU,en,Cleveland,US,5150529,1500,things to do in cleveland today,slug match in the gazetteer
en-US,en,Providence,US,5224151,1500,things to do in providence rhode island,"providence disambiguated by the US state RI the keyword names, 1 candidates in that state"
en-GB,en,Providence,US,5224151,1500,things to do in providence rhode island,"providence disambiguated by the US state RI the keyword names, 1 candidates in that state"
en-AU,en,Providence,US,5224151,1500,things to do in providence rhode island,"providence disambiguated by the US state RI the keyword names, 1 candidates in that state"
en-US,en,Huntsville,US,4068590,1500,things to do in huntsville,slug match in the gazetteer
en-GB,en,Huntsville,US,4068590,1500,things to do in huntsville,slug match in the gazetteer
en-AU,en,Huntsville,US,4068590,1500,things to do in huntsville,slug match in the gazetteer
en-US,en,Fort Myers Beach,US,4155996,1500,things to do in fort myers beach,slug match in the gazetteer
en-GB,en,Fort Myers Beach,US,4155996,1500,things to do in fort myers beach,slug match in the gazetteer
en-AU,en,Fort Myers Beach,US,4155996,1500,things to do in fort myers beach,slug match in the gazetteer
en-US,en,San Diego,US,5391811,1500,top things to do in san diego,slug match in the gazetteer
en-GB,en,San Diego,US,5391811,1500,top things to do in san diego,slug match in the gazetteer
en-AU,en,San Diego,US,5391811,1500,top things to do in san diego,slug match in the gazetteer
en-US,en,Lititz,US,5198218,1500,things to do in lititz pa,"lititz disambiguated by the US state PA the keyword names, 1 candidates in that state"
en-GB,en,Lititz,US,5198218,1500,things to do in lititz pa,"lititz disambiguated by the US state PA the keyword names, 1 candidates in that state"
en-AU,en,Lititz,US,5198218,1500,things to do in lititz pa,"lititz disambiguated by the US state PA the keyword names, 1 candidates in that state"
en-US,en,Half Moon Bay,US,5354943,1500,things to do in half moon bay,slug match in the gazetteer
en-GB,en,Half Moon Bay,US,5354943,1500,things to do in half moon bay,slug match in the gazetteer
en-AU,en,Half Moon Bay,US,5354943,1500,things to do in half moon bay,slug match in the gazetteer
en-US,en,Boone,US,4456703,1500,things to do in boone,slug match in the gazetteer
en-GB,en,Boone,US,4456703,1500,things to do in boone,slug match in the gazetteer
en-AU,en,Boone,US,4456703,1500,things to do in boone,slug match in the gazetteer
en-US,en,Palm Desert,US,5380626,1500,things to do in palm desert,slug match in the gazetteer
en-GB,en,Palm Desert,US,5380626,1500,things to do in palm desert,slug match in the gazetteer
en-AU,en,Palm Desert,US,5380626,1500,things to do in palm desert,slug match in the gazetteer
en-US,en,Galveston,US,4692883,1500,things to do in galveston with kids,slug match in the gazetteer
en-GB,en,Galveston,US,4692883,1500,things to do in galveston with kids,slug match in the gazetteer
en-AU,en,Galveston,US,4692883,1500,things to do in galveston with kids,slug match in the gazetteer
en-US,en,Anaheim,US,5323810,1500,things to do in anaheim california,"anaheim disambiguated by the US state CA the keyword names, 1 candidates in that state"
en-GB,en,Anaheim,US,5323810,1500,things to do in anaheim california,"anaheim disambiguated by the US state CA the keyword names, 1 candidates in that state"
en-AU,en,Anaheim,US,5323810,1500,things to do in anaheim california,"anaheim disambiguated by the US state CA the keyword names, 1 candidates in that state"
en-US,en,Colorado Springs,US,5417598,1500,things to do in colorado springs this weekend,slug match in the gazetteer
en-GB,en,Colorado Springs,US,5417598,1500,things to do in colorado springs this weekend,slug match in the gazetteer
en-AU,en,Colorado Springs,US,5417598,1500,things to do in colorado springs this weekend,slug match in the gazetteer
en-US,en,Chengdu,CN,1815286,1500,things to do in chengdu,slug match in the gazetteer
en-GB,en,Chengdu,CN,1815286,1500,things to do in chengdu,slug match in the gazetteer
en-AU,en,Chengdu,CN,1815286,1500,things to do in chengdu,slug match in the gazetteer
en-US,en,Grand Junction,US,5423573,1500,things to do in grand junction colorado,"grand junction disambiguated by the US state CO the keyword names, 1 candidates in that state"
en-GB,en,Grand Junction,US,5423573,1500,things to do in grand junction colorado,"grand junction disambiguated by the US state CO the keyword names, 1 candidates in that state"
en-AU,en,Grand Junction,US,5423573,1500,things to do in grand junction colorado,"grand junction disambiguated by the US state CO the keyword names, 1 candidates in that state"
en-US,en,Kansas City,US,4393217,1500,things to do in kansas city with kids,slug match in the gazetteer
en-GB,en,Kansas City,US,4393217,1500,things to do in kansas city with kids,slug match in the gazetteer
en-AU,en,Kansas City,US,4393217,1500,things to do in kansas city with kids,slug match in the gazetteer
en-US,en,Ann Arbor,US,4984247,1500,things to do in ann arbor michigan,"ann arbor disambiguated by the US state MI the keyword names, 1 candidates in that state"
en-GB,en,Ann Arbor,US,4984247,1500,things to do in ann arbor michigan,"ann arbor disambiguated by the US state MI the keyword names, 1 candidates in that state"
en-AU,en,Ann Arbor,US,4984247,1500,things to do in ann arbor michigan,"ann arbor disambiguated by the US state MI the keyword names, 1 candidates in that state"
en-US,en,Albania,CO,3690250,1500,things to do in albania,slug match in the gazetteer
en-GB,en,Albania,CO,3690250,1500,things to do in albania,slug match in the gazetteer
en-AU,en,Albania,CO,3690250,1500,things to do in albania,slug match in the gazetteer
en-US,en,Québec,CA,6325494,1500,things to do in quebec,slug match in the gazetteer
en-GB,en,Québec,CA,6325494,1500,things to do in quebec,slug match in the gazetteer
en-AU,en,Québec,CA,6325494,1500,things to do in quebec,slug match in the gazetteer
en-US,en,San Juan Capistrano,US,5392229,1500,things to do in san juan capistrano,slug match in the gazetteer
en-GB,en,San Juan Capistrano,US,5392229,1500,things to do in san juan capistrano,slug match in the gazetteer
en-AU,en,San Juan Capistrano,US,5392229,1500,things to do in san juan capistrano,slug match in the gazetteer
en-US,en,Cebu City,PH,1717512,1500,things to do in cebu,"GeoNames alternate name cebu resolved to Cebu City (PH), 1 candidates, most populous chosen"
en-GB,en,Cebu City,PH,1717512,1500,things to do in cebu,"GeoNames alternate name cebu resolved to Cebu City (PH), 1 candidates, most populous chosen"
en-AU,en,Cebu City,PH,1717512,1500,things to do in cebu,"GeoNames alternate name cebu resolved to Cebu City (PH), 1 candidates, most populous chosen"
en-US,en,Fairbanks,US,5861897,1500,things to do in fairbanks,slug match in the gazetteer
en-GB,en,Fairbanks,US,5861897,1500,things to do in fairbanks,slug match in the gazetteer
en-AU,en,Fairbanks,US,5861897,1500,things to do in fairbanks,slug match in the gazetteer
en-US,en,The Woodlands,US,4736476,1500,things to do in the woodlands,slug match in the gazetteer
en-GB,en,The Woodlands,US,4736476,1500,things to do in the woodlands,slug match in the gazetteer
en-AU,en,The Woodlands,US,4736476,1500,things to do in the woodlands,slug match in the gazetteer
en-US,en,Hood River,US,5731777,1500,things to do in hood river,slug match in the gazetteer
en-GB,en,Hood River,US,5731777,1500,things to do in hood river,slug match in the gazetteer
en-AU,en,Hood River,US,5731777,1500,things to do in hood river,slug match in the gazetteer
en-US,en,Waynesville,US,4497868,1500,things to do in waynesville nc,"waynesville disambiguated by the US state NC the keyword names, 1 candidates in that state"
en-GB,en,Waynesville,US,4497868,1500,things to do in waynesville nc,"waynesville disambiguated by the US state NC the keyword names, 1 candidates in that state"
en-AU,en,Waynesville,US,4497868,1500,things to do in waynesville nc,"waynesville disambiguated by the US state NC the keyword names, 1 candidates in that state"
en-US,en,Salt Lake City,US,5780993,1500,things to do in salt lake city utah,"salt lake city disambiguated by the US state UT the keyword names, 1 candidates in that state"
en-GB,en,Salt Lake City,US,5780993,1500,things to do in salt lake city utah,"salt lake city disambiguated by the US state UT the keyword names, 1 candidates in that state"
en-AU,en,Salt Lake City,US,5780993,1500,things to do in salt lake city utah,"salt lake city disambiguated by the US state UT the keyword names, 1 candidates in that state"
en-US,en,Nola,CF,2383827,1500,things to do in nola,slug match in the gazetteer
en-GB,en,Nola,CF,2383827,1500,things to do in nola,slug match in the gazetteer
en-AU,en,Nola,CF,2383827,1500,things to do in nola,slug match in the gazetteer
en-US,en,Abilene,US,4669635,1500,things to do in abilene,slug match in the gazetteer
en-GB,en,Abilene,US,4669635,1500,things to do in abilene,slug match in the gazetteer
en-AU,en,Abilene,US,4669635,1500,things to do in abilene,slug match in the gazetteer
en-US,en,Hudson,US,5121509,1500,things to do in hudson ny,"hudson disambiguated by the US state NY the keyword names, 1 candidates in that state"
en-GB,en,Hudson,US,5121509,1500,things to do in hudson ny,"hudson disambiguated by the US state NY the keyword names, 1 candidates in that state"
en-AU,en,Hudson,US,5121509,1500,things to do in hudson ny,"hudson disambiguated by the US state NY the keyword names, 1 candidates in that state"
en-US,en,Logan,US,5777544,1500,things to do in logan utah,"logan disambiguated by the US state UT the keyword names, 1 candidates in that state"
en-GB,en,Logan,US,5777544,1500,things to do in logan utah,"logan disambiguated by the US state UT the keyword names, 1 candidates in that state"
en-AU,en,Logan,US,5777544,1500,things to do in logan utah,"logan disambiguated by the US state UT the keyword names, 1 candidates in that state"
en-US,en,Portland,US,5746545,1500,fun things to do in portland,slug match in the gazetteer
en-GB,en,Portland,US,5746545,1500,fun things to do in portland,slug match in the gazetteer
en-AU,en,Portland,US,5746545,1500,fun things to do in portland,slug match in the gazetteer
en-US,en,Olympia,US,5805687,1500,things to do in olympia,slug match in the gazetteer
en-GB,en,Olympia,US,5805687,1500,things to do in olympia,slug match in the gazetteer
en-AU,en,Olympia,US,5805687,1500,things to do in olympia,slug match in the gazetteer
en-US,en,Newburyport,US,4945256,1500,things to do in newburyport ma,"newburyport disambiguated by the US state MA the keyword names, 1 candidates in that state"
en-GB,en,Newburyport,US,4945256,1500,things to do in newburyport ma,"newburyport disambiguated by the US state MA the keyword names, 1 candidates in that state"
en-AU,en,Newburyport,US,4945256,1500,things to do in newburyport ma,"newburyport disambiguated by the US state MA the keyword names, 1 candidates in that state"
en-US,en,Miami,US,4164138,1500,free things to do in miami,slug match in the gazetteer
en-GB,en,Miami,US,4164138,1500,free things to do in miami,slug match in the gazetteer
en-AU,en,Miami,US,4164138,1500,free things to do in miami,slug match in the gazetteer
en-US,en,Boston,US,4930956,1500,top things to do in boston,slug match in the gazetteer
en-GB,en,Boston,US,4930956,1500,top things to do in boston,slug match in the gazetteer
en-AU,en,Boston,US,4930956,1500,top things to do in boston,slug match in the gazetteer
en-US,en,Sturgeon Bay,US,5274867,1500,things to do in sturgeon bay,slug match in the gazetteer
en-GB,en,Sturgeon Bay,US,5274867,1500,things to do in sturgeon bay,slug match in the gazetteer
en-AU,en,Sturgeon Bay,US,5274867,1500,things to do in sturgeon bay,slug match in the gazetteer
en-US,en,Kuala Lumpur,MY,1735161,1500,things to do in kuala lumpur,slug match in the gazetteer
en-GB,en,Kuala Lumpur,MY,1735161,1500,things to do in kuala lumpur,slug match in the gazetteer
en-AU,en,Kuala Lumpur,MY,1735161,1500,things to do in kuala lumpur,slug match in the gazetteer
en-US,en,Lexington,US,4297983,1500,things to do in lexington,slug match in the gazetteer
en-GB,en,Lexington,US,4297983,1500,things to do in lexington,slug match in the gazetteer
en-AU,en,Lexington,US,4297983,1500,things to do in lexington,slug match in the gazetteer
en-US,en,Macon,US,4207400,1500,things to do in macon ga,"macon disambiguated by the US state GA the keyword names, 1 candidates in that state"
en-GB,en,Macon,US,4207400,1500,things to do in macon ga,"macon disambiguated by the US state GA the keyword names, 1 candidates in that state"
en-AU,en,Macon,US,4207400,1500,things to do in macon ga,"macon disambiguated by the US state GA the keyword names, 1 candidates in that state"
en-US,en,Mérida,MX,3523349,1500,things to do in merida,slug match in the gazetteer
en-GB,en,Mérida,MX,3523349,1500,things to do in merida,slug match in the gazetteer
en-AU,en,Mérida,MX,3523349,1500,things to do in merida,slug match in the gazetteer
en-US,en,Durham,US,4464368,1500,things to do in durham,slug match in the gazetteer
en-GB,en,Durham,US,4464368,1500,things to do in durham,slug match in the gazetteer
en-AU,en,Durham,US,4464368,1500,things to do in durham,slug match in the gazetteer
en-US,en,Williamsburg,US,4793846,1500,things to do in williamsburg,slug match in the gazetteer
en-GB,en,Williamsburg,US,4793846,1500,things to do in williamsburg,slug match in the gazetteer
en-AU,en,Williamsburg,US,4793846,1500,things to do in williamsburg,slug match in the gazetteer
en-US,en,St. Louis,US,4407066,1500,things to do in st louis with kids,slug match in the gazetteer
en-GB,en,St. Louis,US,4407066,1500,things to do in st louis with kids,slug match in the gazetteer
en-AU,en,St. Louis,US,4407066,1500,things to do in st louis with kids,slug match in the gazetteer
en-US,en,Astoria,US,5711847,1500,things to do in astoria,slug match in the gazetteer
en-GB,en,Astoria,US,5711847,1500,things to do in astoria,slug match in the gazetteer
en-AU,en,Astoria,US,5711847,1500,things to do in astoria,slug match in the gazetteer
en-US,en,Fort Lauderdale,US,4155966,1500,fun things to do in fort lauderdale,slug match in the gazetteer
en-GB,en,Fort Lauderdale,US,4155966,1500,fun things to do in fort lauderdale,slug match in the gazetteer
en-AU,en,Fort Lauderdale,US,4155966,1500,fun things to do in fort lauderdale,slug match in the gazetteer
en-US,en,Beacon,US,5108219,1500,things to do in beacon ny,"beacon disambiguated by the US state NY the keyword names, 1 candidates in that state"
en-GB,en,Beacon,US,5108219,1500,things to do in beacon ny,"beacon disambiguated by the US state NY the keyword names, 1 candidates in that state"
en-AU,en,Beacon,US,5108219,1500,things to do in beacon ny,"beacon disambiguated by the US state NY the keyword names, 1 candidates in that state"
en-US,en,Katy,US,4702732,1500,things to do in katy,slug match in the gazetteer
en-GB,en,Katy,US,4702732,1500,things to do in katy,slug match in the gazetteer
en-AU,en,Katy,US,4702732,1500,things to do in katy,slug match in the gazetteer
en-US,en,Bardstown,US,4283133,1500,things to do in bardstown ky,"bardstown disambiguated by the US state KY the keyword names, 1 candidates in that state"
en-GB,en,Bardstown,US,4283133,1500,things to do in bardstown ky,"bardstown disambiguated by the US state KY the keyword names, 1 candidates in that state"
en-AU,en,Bardstown,US,4283133,1500,things to do in bardstown ky,"bardstown disambiguated by the US state KY the keyword names, 1 candidates in that state"
en-US,en,Stillwater,US,5048814,1500,things to do in stillwater mn,"stillwater disambiguated by the US state MN the keyword names, 1 candidates in that state"
en-GB,en,Stillwater,US,5048814,1500,things to do in stillwater mn,"stillwater disambiguated by the US state MN the keyword names, 1 candidates in that state"
en-AU,en,Stillwater,US,5048814,1500,things to do in stillwater mn,"stillwater disambiguated by the US state MN the keyword names, 1 candidates in that state"
en-US,en,Casablanca,MA,2553604,1500,things to do in casablanca,slug match in the gazetteer
en-GB,en,Casablanca,MA,2553604,1500,things to do in casablanca,slug match in the gazetteer
en-AU,en,Casablanca,MA,2553604,1500,things to do in casablanca,slug match in the gazetteer
en-US,en,Beverly Hills,US,4985891,1500,things to do in beverly hills,slug match in the gazetteer
en-GB,en,Beverly Hills,US,4985891,1500,things to do in beverly hills,slug match in the gazetteer
en-AU,en,Beverly Hills,US,4985891,1500,things to do in beverly hills,slug match in the gazetteer
en-US,en,Fernandina Beach,US,4155006,1500,things to do in fernandina beach,slug match in the gazetteer
en-GB,en,Fernandina Beach,US,4155006,1500,things to do in fernandina beach,slug match in the gazetteer
en-AU,en,Fernandina Beach,US,4155006,1500,things to do in fernandina beach,slug match in the gazetteer
en-US,en,Nyu-York,UA,699751,1500,things to do in new york this weekend,"GeoNames alternate name new york resolved to Nyu-York (UA), 2 candidates, most populous chosen"
en-GB,en,Nyu-York,UA,699751,1500,things to do in new york this weekend,"GeoNames alternate name new york resolved to Nyu-York (UA), 2 candidates, most populous chosen"
en-AU,en,Nyu-York,UA,699751,1500,things to do in new york this weekend,"GeoNames alternate name new york resolved to Nyu-York (UA), 2 candidates, most populous chosen"
en-US,en,Milwaukee,US,5263045,1500,fun things to do in milwaukee,slug match in the gazetteer
en-GB,en,Milwaukee,US,5263045,1500,fun things to do in milwaukee,slug match in the gazetteer
en-AU,en,Milwaukee,US,5263045,1500,fun things to do in milwaukee,slug match in the gazetteer
en-US,en,Laughlin,US,5507016,1500,things to do in laughlin,slug match in the gazetteer
en-GB,en,Laughlin,US,5507016,1500,things to do in laughlin,slug match in the gazetteer
en-AU,en,Laughlin,US,5507016,1500,things to do in laughlin,slug match in the gazetteer
en-US,en,Carlsbad,US,5460459,1500,things to do in carlsbad nm,"carlsbad disambiguated by the US state NM the keyword names, 1 candidates in that state"
en-GB,en,Carlsbad,US,5460459,1500,things to do in carlsbad nm,"carlsbad disambiguated by the US state NM the keyword names, 1 candidates in that state"
en-AU,en,Carlsbad,US,5460459,1500,things to do in carlsbad nm,"carlsbad disambiguated by the US state NM the keyword names, 1 candidates in that state"
en-US,en,Plymouth,US,4947597,1500,things to do in plymouth ma,"plymouth disambiguated by the US state MA the keyword names, 1 candidates in that state"
en-GB,en,Plymouth,US,4947597,1500,things to do in plymouth ma,"plymouth disambiguated by the US state MA the keyword names, 1 candidates in that state"
en-AU,en,Plymouth,US,4947597,1500,things to do in plymouth ma,"plymouth disambiguated by the US state MA the keyword names, 1 candidates in that state"
en-US,en,Hamburg,DE,2911298,1500,things to do in hamburg,slug match in the gazetteer
en-GB,en,Hamburg,DE,2911298,1500,things to do in hamburg,slug match in the gazetteer
en-AU,en,Hamburg,DE,2911298,1500,things to do in hamburg,slug match in the gazetteer
en-US,en,Cape Coral,US,4149962,1400,things to do in cape coral florida,"cape coral disambiguated by the US state FL the keyword names, 1 candidates in that state"
en-GB,en,Cape Coral,US,4149962,1400,things to do in cape coral florida,"cape coral disambiguated by the US state FL the keyword names, 1 candidates in that state"
en-AU,en,Cape Coral,US,4149962,1400,things to do in cape coral florida,"cape coral disambiguated by the US state FL the keyword names, 1 candidates in that state"
en-US,en,Johannesburg,ZA,993800,1400,things to do in johannesburg,slug match in the gazetteer
en-GB,en,Johannesburg,ZA,993800,1400,things to do in johannesburg,slug match in the gazetteer
en-AU,en,Johannesburg,ZA,993800,1400,things to do in johannesburg,slug match in the gazetteer
en-US,en,Colorado Springs,US,5417598,1400,free things to do in colorado springs,slug match in the gazetteer
en-GB,en,Colorado Springs,US,5417598,1400,free things to do in colorado springs,slug match in the gazetteer
en-AU,en,Colorado Springs,US,5417598,1400,free things to do in colorado springs,slug match in the gazetteer
en-US,en,Hollywood,US,4158928,1400,things to do in hollywood florida,"hollywood disambiguated by the US state FL the keyword names, 1 candidates in that state"
en-GB,en,Hollywood,US,4158928,1400,things to do in hollywood florida,"hollywood disambiguated by the US state FL the keyword names, 1 candidates in that state"
en-AU,en,Hollywood,US,4158928,1400,things to do in hollywood florida,"hollywood disambiguated by the US state FL the keyword names, 1 candidates in that state"
en-US,en,Oxford,GB,2640729,1400,things to do in oxford,slug match in the gazetteer
en-GB,en,Oxford,GB,2640729,1400,things to do in oxford,slug match in the gazetteer
en-AU,en,Oxford,GB,2640729,1400,things to do in oxford,slug match in the gazetteer
en-US,en,Midland,US,5526337,1400,things to do in midland tx,"midland disambiguated by the US state TX the keyword names, 1 candidates in that state"
en-GB,en,Midland,US,5526337,1400,things to do in midland tx,"midland disambiguated by the US state TX the keyword names, 1 candidates in that state"
en-AU,en,Midland,US,5526337,1400,things to do in midland tx,"midland disambiguated by the US state TX the keyword names, 1 candidates in that state"
en-US,en,Taos,US,5493811,1400,things to do in taos new mexico,"taos disambiguated by the US state NM the keyword names, 1 candidates in that state"
en-GB,en,Taos,US,5493811,1400,things to do in taos new mexico,"taos disambiguated by the US state NM the keyword names, 1 candidates in that state"
en-AU,en,Taos,US,5493811,1400,things to do in taos new mexico,"taos disambiguated by the US state NM the keyword names, 1 candidates in that state"
en-US,en,Washington,US,4140963,1400,free things to do in dc,exonym dc resolved to Washington (US)
en-GB,en,Washington,US,4140963,1400,free things to do in dc,exonym dc resolved to Washington (US)
en-AU,en,Washington,US,4140963,1400,free things to do in dc,exonym dc resolved to Washington (US)
en-US,en,Fort Lauderdale,US,4155966,1400,things to do in fort lauderdale with kids,slug match in the gazetteer
en-GB,en,Fort Lauderdale,US,4155966,1400,things to do in fort lauderdale with kids,slug match in the gazetteer
en-AU,en,Fort Lauderdale,US,4155966,1400,things to do in fort lauderdale with kids,slug match in the gazetteer
en-US,en,Ocean City,US,4503351,1400,things to do in ocean city,slug match in the gazetteer
en-GB,en,Ocean City,US,4503351,1400,things to do in ocean city,slug match in the gazetteer
en-AU,en,Ocean City,US,4503351,1400,things to do in ocean city,slug match in the gazetteer
en-US,en,Duluth,US,5024719,1400,things to do in duluth mn,"duluth disambiguated by the US state MN the keyword names, 1 candidates in that state"
en-GB,en,Duluth,US,5024719,1400,things to do in duluth mn,"duluth disambiguated by the US state MN the keyword names, 1 candidates in that state"
en-AU,en,Duluth,US,5024719,1400,things to do in duluth mn,"duluth disambiguated by the US state MN the keyword names, 1 candidates in that state"
en-US,en,Chicago,US,4887398,1400,free things to do in chicago today,slug match in the gazetteer
en-GB,en,Chicago,US,4887398,1400,free things to do in chicago today,slug match in the gazetteer
en-AU,en,Chicago,US,4887398,1400,free things to do in chicago today,slug match in the gazetteer
en-US,en,Strasbourg,FR,2973783,1400,things to do in strasbourg,slug match in the gazetteer
en-GB,en,Strasbourg,FR,2973783,1400,things to do in strasbourg,slug match in the gazetteer
en-AU,en,Strasbourg,FR,2973783,1400,things to do in strasbourg,slug match in the gazetteer
en-US,en,Bruges,FR,3029799,1400,things to do in bruges,slug match in the gazetteer
en-GB,en,Bruges,FR,3029799,1400,things to do in bruges,slug match in the gazetteer
en-AU,en,Bruges,FR,3029799,1400,things to do in bruges,slug match in the gazetteer
en-US,en,Memphis,US,4641239,1400,fun things to do in memphis,slug match in the gazetteer
en-GB,en,Memphis,US,4641239,1400,fun things to do in memphis,slug match in the gazetteer
en-AU,en,Memphis,US,4641239,1400,fun things to do in memphis,slug match in the gazetteer
en-US,en,Sedona,US,5313667,1400,best things to do in sedona,slug match in the gazetteer
en-GB,en,Sedona,US,5313667,1400,best things to do in sedona,slug match in the gazetteer
en-AU,en,Sedona,US,5313667,1400,best things to do in sedona,slug match in the gazetteer
en-US,en,Santa Cruz de Tenerife,ES,2511174,1400,things to do in tenerife,"GeoNames alternate name tenerife resolved to Santa Cruz de Tenerife (ES), 2 candidates, most populous chosen"
en-GB,en,Santa Cruz de Tenerife,ES,2511174,1400,things to do in tenerife,"GeoNames alternate name tenerife resolved to Santa Cruz de Tenerife (ES), 2 candidates, most populous chosen"
en-AU,en,Santa Cruz de Tenerife,ES,2511174,1400,things to do in tenerife,"GeoNames alternate name tenerife resolved to Santa Cruz de Tenerife (ES), 2 candidates, most populous chosen"
en-US,en,St. Louis,US,4407066,1400,things to do in st louis mo,"st louis disambiguated by the US state MO the keyword names, 1 candidates in that state"
en-GB,en,St. Louis,US,4407066,1400,things to do in st louis mo,"st louis disambiguated by the US state MO the keyword names, 1 candidates in that state"
en-AU,en,St. Louis,US,4407066,1400,things to do in st louis mo,"st louis disambiguated by the US state MO the keyword names, 1 candidates in that state"
en-US,en,Hakone,JP,1863357,1400,things to do in hakone,slug match in the gazetteer
en-GB,en,Hakone,JP,1863357,1400,things to do in hakone,slug match in the gazetteer
en-AU,en,Hakone,JP,1863357,1400,things to do in hakone,slug match in the gazetteer
en-US,en,Lakeland,US,4161438,1400,things to do in lakeland,slug match in the gazetteer
en-GB,en,Lakeland,US,4161438,1400,things to do in lakeland,slug match in the gazetteer
en-AU,en,Lakeland,US,4161438,1400,things to do in lakeland,slug match in the gazetteer
en-US,en,Tuscaloosa,US,4094455,1400,things to do in tuscaloosa,slug match in the gazetteer
en-GB,en,Tuscaloosa,US,4094455,1400,things to do in tuscaloosa,slug match in the gazetteer
en-AU,en,Tuscaloosa,US,4094455,1400,things to do in tuscaloosa,slug match in the gazetteer
en-US,en,Walla Walla,US,5814916,1400,things to do in walla walla,slug match in the gazetteer
en-GB,en,Walla Walla,US,5814916,1400,things to do in walla walla,slug match in the gazetteer
en-AU,en,Walla Walla,US,5814916,1400,things to do in walla walla,slug match in the gazetteer
en-US,en,Lafayette,US,4330145,1400,things to do in lafayette la,"lafayette disambiguated by the US state LA the keyword names, 1 candidates in that state"
en-GB,en,Lafayette,US,4330145,1400,things to do in lafayette la,"lafayette disambiguated by the US state LA the keyword names, 1 candidates in that state"
en-AU,en,Lafayette,US,4330145,1400,things to do in lafayette la,"lafayette disambiguated by the US state LA the keyword names, 1 candidates in that state"
en-US,en,Houston,US,4699066,1400,best things to do in houston,slug match in the gazetteer
en-GB,en,Houston,US,4699066,1400,best things to do in houston,slug match in the gazetteer
en-AU,en,Houston,US,4699066,1400,best things to do in houston,slug match in the gazetteer
en-US,en,Dallas,US,4684888,1400,things to do in dfw this weekend,"GeoNames alternate name dfw resolved to Dallas (US), 1 candidates, most populous chosen"
en-GB,en,Dallas,US,4684888,1400,things to do in dfw this weekend,"GeoNames alternate name dfw resolved to Dallas (US), 1 candidates, most populous chosen"
en-AU,en,Dallas,US,4684888,1400,things to do in dfw this weekend,"GeoNames alternate name dfw resolved to Dallas (US), 1 candidates, most populous chosen"
en-US,en,Sonoma,US,5397095,1400,things to do in sonoma,slug match in the gazetteer
en-GB,en,Sonoma,US,5397095,1400,things to do in sonoma,slug match in the gazetteer
en-AU,en,Sonoma,US,5397095,1400,things to do in sonoma,slug match in the gazetteer
en-US,en,Ontario,US,5379439,1400,things to do in ontario,slug match in the gazetteer
en-GB,en,Ontario,US,5379439,1400,things to do in ontario,slug match in the gazetteer
en-AU,en,Ontario,US,5379439,1400,things to do in ontario,slug match in the gazetteer
en-US,en,Brattleboro,US,5234141,1400,things to do in brattleboro vt,"brattleboro disambiguated by the US state VT the keyword names, 1 candidates in that state"
en-GB,en,Brattleboro,US,5234141,1400,things to do in brattleboro vt,"brattleboro disambiguated by the US state VT the keyword names, 1 candidates in that state"
en-AU,en,Brattleboro,US,5234141,1400,things to do in brattleboro vt,"brattleboro disambiguated by the US state VT the keyword names, 1 candidates in that state"
en-US,en,Fairhope,US,4061234,1400,things to do in fairhope al,"fairhope disambiguated by the US state AL the keyword names, 1 candidates in that state"
en-GB,en,Fairhope,US,4061234,1400,things to do in fairhope al,"fairhope disambiguated by the US state AL the keyword names, 1 candidates in that state"
en-AU,en,Fairhope,US,4061234,1400,things to do in fairhope al,"fairhope disambiguated by the US state AL the keyword names, 1 candidates in that state"
en-US,en,Bilbao,ES,3128026,1400,things to do in bilbao,slug match in the gazetteer
en-GB,en,Bilbao,ES,3128026,1400,things to do in bilbao,slug match in the gazetteer
en-AU,en,Bilbao,ES,3128026,1400,things to do in bilbao,slug match in the gazetteer
en-US,en,Barcelona,ES,3128760,1400,best things to do in barcelona,slug match in the gazetteer
en-GB,en,Barcelona,ES,3128760,1400,best things to do in barcelona,slug match in the gazetteer
en-AU,en,Barcelona,ES,3128760,1400,best things to do in barcelona,slug match in the gazetteer
en-US,en,Tallahassee,US,4174715,1400,things to do in tallahassee florida,"tallahassee disambiguated by the US state FL the keyword names, 1 candidates in that state"
en-GB,en,Tallahassee,US,4174715,1400,things to do in tallahassee florida,"tallahassee disambiguated by the US state FL the keyword names, 1 candidates in that state"
en-AU,en,Tallahassee,US,4174715,1400,things to do in tallahassee florida,"tallahassee disambiguated by the US state FL the keyword names, 1 candidates in that state"
en-US,en,Springfield,US,4409896,1400,fun things to do in springfield mo,"springfield disambiguated by the US state MO the keyword names, 1 candidates in that state"
en-GB,en,Springfield,US,4409896,1400,fun things to do in springfield mo,"springfield disambiguated by the US state MO the keyword names, 1 candidates in that state"
en-AU,en,Springfield,US,4409896,1400,fun things to do in springfield mo,"springfield disambiguated by the US state MO the keyword names, 1 candidates in that state"
en-US,en,Pigeon Forge,US,4649251,1400,best things to do in pigeon forge,slug match in the gazetteer
en-GB,en,Pigeon Forge,US,4649251,1400,best things to do in pigeon forge,slug match in the gazetteer
en-AU,en,Pigeon Forge,US,4649251,1400,best things to do in pigeon forge,slug match in the gazetteer
en-US,en,Billings,US,5640350,1400,things to do in billings montana,"billings disambiguated by the US state MT the keyword names, 1 candidates in that state"
en-GB,en,Billings,US,5640350,1400,things to do in billings montana,"billings disambiguated by the US state MT the keyword names, 1 candidates in that state"
en-AU,en,Billings,US,5640350,1400,things to do in billings montana,"billings disambiguated by the US state MT the keyword names, 1 candidates in that state"
en-US,en,Laughlin,US,5507016,1400,things to do in laughlin nevada,"laughlin disambiguated by the US state NV the keyword names, 1 candidates in that state"
en-GB,en,Laughlin,US,5507016,1400,things to do in laughlin nevada,"laughlin disambiguated by the US state NV the keyword names, 1 candidates in that state"
en-AU,en,Laughlin,US,5507016,1400,things to do in laughlin nevada,"laughlin disambiguated by the US state NV the keyword names, 1 candidates in that state"
en-US,en,Lakeland,US,4161438,1400,things to do in lakeland fl,"lakeland disambiguated by the US state FL the keyword names, 1 candidates in that state"
en-GB,en,Lakeland,US,4161438,1400,things to do in lakeland fl,"lakeland disambiguated by the US state FL the keyword names, 1 candidates in that state"
en-AU,en,Lakeland,US,4161438,1400,things to do in lakeland fl,"lakeland disambiguated by the US state FL the keyword names, 1 candidates in that state"
en-US,en,Kingston,US,5123477,1400,things to do in kingston ny,"kingston disambiguated by the US state NY the keyword names, 1 candidates in that state"
en-GB,en,Kingston,US,5123477,1400,things to do in kingston ny,"kingston disambiguated by the US state NY the keyword names, 1 candidates in that state"
en-AU,en,Kingston,US,5123477,1400,things to do in kingston ny,"kingston disambiguated by the US state NY the keyword names, 1 candidates in that state"
en-US,en,St. Louis,US,4407066,1400,things to do in st louis today,slug match in the gazetteer
en-GB,en,St. Louis,US,4407066,1400,things to do in st louis today,slug match in the gazetteer
en-AU,en,St. Louis,US,4407066,1400,things to do in st louis today,slug match in the gazetteer
en-US,en,New York City,US,5128581,1400,best things to do in new york city,slug match in the gazetteer
en-GB,en,New York City,US,5128581,1400,best things to do in new york city,slug match in the gazetteer
en-AU,en,New York City,US,5128581,1400,best things to do in new york city,slug match in the gazetteer
en-US,en,Granada,ES,2517117,1400,things to do in granada,slug match in the gazetteer
en-GB,en,Granada,ES,2517117,1400,things to do in granada,slug match in the gazetteer
en-AU,en,Granada,ES,2517117,1400,things to do in granada,slug match in the gazetteer
en-US,en,Charlottesville,US,4752031,1400,things to do in charlottesville,slug match in the gazetteer
en-GB,en,Charlottesville,US,4752031,1400,things to do in charlottesville,slug match in the gazetteer
en-AU,en,Charlottesville,US,4752031,1400,things to do in charlottesville,slug match in the gazetteer
en-US,en,Bluffton,US,4571722,1400,things to do in bluffton sc,"bluffton disambiguated by the US state SC the keyword names, 1 candidates in that state"
en-GB,en,Bluffton,US,4571722,1400,things to do in bluffton sc,"bluffton disambiguated by the US state SC the keyword names, 1 candidates in that state"
en-AU,en,Bluffton,US,4571722,1400,things to do in bluffton sc,"bluffton disambiguated by the US state SC the keyword names, 1 candidates in that state"
en-US,en,Phoenix,US,5308655,1400,best things to do in phoenix,slug match in the gazetteer
en-GB,en,Phoenix,US,5308655,1400,best things to do in phoenix,slug match in the gazetteer
en-AU,en,Phoenix,US,5308655,1400,best things to do in phoenix,slug match in the gazetteer
en-US,en,Eureka,US,5563397,1400,things to do in eureka ca,"eureka disambiguated by the US state CA the keyword names, 1 candidates in that state"
en-GB,en,Eureka,US,5563397,1400,things to do in eureka ca,"eureka disambiguated by the US state CA the keyword names, 1 candidates in that state"
en-AU,en,Eureka,US,5563397,1400,things to do in eureka ca,"eureka disambiguated by the US state CA the keyword names, 1 candidates in that state"
en-US,en,Bainbridge Island,US,5816320,1400,things to do in bainbridge island,slug match in the gazetteer
en-GB,en,Bainbridge Island,US,5816320,1400,things to do in bainbridge island,slug match in the gazetteer
en-AU,en,Bainbridge Island,US,5816320,1400,things to do in bainbridge island,slug match in the gazetteer
en-US,en,Manchester,US,5089178,1400,things to do in manchester nh,"manchester disambiguated by the US state NH the keyword names, 1 candidates in that state"
en-GB,en,Manchester,US,5089178,1400,things to do in manchester nh,"manchester disambiguated by the US state NH the keyword names, 1 candidates in that state"
en-AU,en,Manchester,US,5089178,1400,things to do in manchester nh,"manchester disambiguated by the US state NH the keyword names, 1 candidates in that state"
en-US,en,Charlotte,US,4460243,1400,fun things to do in charlotte nc,"charlotte disambiguated by the US state NC the keyword names, 1 candidates in that state"
en-GB,en,Charlotte,US,4460243,1400,fun things to do in charlotte nc,"charlotte disambiguated by the US state NC the keyword names, 1 candidates in that state"
en-AU,en,Charlotte,US,4460243,1400,fun things to do in charlotte nc,"charlotte disambiguated by the US state NC the keyword names, 1 candidates in that state"
en-US,en,Destin,US,4153188,1400,fun things to do in destin florida,"destin disambiguated by the US state FL the keyword names, 1 candidates in that state"
en-GB,en,Destin,US,4153188,1400,fun things to do in destin florida,"destin disambiguated by the US state FL the keyword names, 1 candidates in that state"
en-AU,en,Destin,US,4153188,1400,fun things to do in destin florida,"destin disambiguated by the US state FL the keyword names, 1 candidates in that state"
en-US,en,San Francisco,US,5391959,1400,things to do in san francisco with kids,slug match in the gazetteer
en-GB,en,San Francisco,US,5391959,1400,things to do in san francisco with kids,slug match in the gazetteer
en-AU,en,San Francisco,US,5391959,1400,things to do in san francisco with kids,slug match in the gazetteer
en-US,en,Seattle,US,5809844,1400,top things to do in seattle,slug match in the gazetteer
en-GB,en,Seattle,US,5809844,1400,top things to do in seattle,slug match in the gazetteer
en-AU,en,Seattle,US,5809844,1400,top things to do in seattle,slug match in the gazetteer
en-US,en,Mammoth Lakes,US,5370006,1400,things to do in mammoth lakes,slug match in the gazetteer
en-GB,en,Mammoth Lakes,US,5370006,1400,things to do in mammoth lakes,slug match in the gazetteer
en-AU,en,Mammoth Lakes,US,5370006,1400,things to do in mammoth lakes,slug match in the gazetteer
en-US,en,Ocala,US,4166673,1400,things to do in ocala fl,"ocala disambiguated by the US state FL the keyword names, 1 candidates in that state"
en-GB,en,Ocala,US,4166673,1400,things to do in ocala fl,"ocala disambiguated by the US state FL the keyword names, 1 candidates in that state"
en-AU,en,Ocala,US,4166673,1400,things to do in ocala fl,"ocala disambiguated by the US state FL the keyword names, 1 candidates in that state"
en-US,en,Durango,ES,3123773,1400,things to do in durango,slug match in the gazetteer
en-GB,en,Durango,ES,3123773,1400,things to do in durango,slug match in the gazetteer
en-AU,en,Durango,ES,3123773,1400,things to do in durango,slug match in the gazetteer
en-US,en,Flagstaff,US,5294810,1400,things to do in flagstaff arizona,"flagstaff disambiguated by the US state AZ the keyword names, 1 candidates in that state"
en-GB,en,Flagstaff,US,5294810,1400,things to do in flagstaff arizona,"flagstaff disambiguated by the US state AZ the keyword names, 1 candidates in that state"
en-AU,en,Flagstaff,US,5294810,1400,things to do in flagstaff arizona,"flagstaff disambiguated by the US state AZ the keyword names, 1 candidates in that state"
en-US,en,Minneapolis,US,5037649,1400,fun things to do in minneapolis,slug match in the gazetteer
en-GB,en,Minneapolis,US,5037649,1400,fun things to do in minneapolis,slug match in the gazetteer
en-AU,en,Minneapolis,US,5037649,1400,fun things to do in minneapolis,slug match in the gazetteer
en-US,en,Natchez,US,4437982,1400,things to do in natchez ms,"natchez disambiguated by the US state MS the keyword names, 1 candidates in that state"
en-GB,en,Natchez,US,4437982,1400,things to do in natchez ms,"natchez disambiguated by the US state MS the keyword names, 1 candidates in that state"
en-AU,en,Natchez,US,4437982,1400,things to do in natchez ms,"natchez disambiguated by the US state MS the keyword names, 1 candidates in that state"
en-US,en,Washington,US,4140963,1400,best things to do in dc,exonym dc resolved to Washington (US)
en-GB,en,Washington,US,4140963,1400,best things to do in dc,exonym dc resolved to Washington (US)
en-AU,en,Washington,US,4140963,1400,best things to do in dc,exonym dc resolved to Washington (US)
en-US,en,Spearfish,US,5769288,1400,things to do in spearfish sd,"spearfish disambiguated by the US state SD the keyword names, 1 candidates in that state"
en-GB,en,Spearfish,US,5769288,1400,things to do in spearfish sd,"spearfish disambiguated by the US state SD the keyword names, 1 candidates in that state"
en-AU,en,Spearfish,US,5769288,1400,things to do in spearfish sd,"spearfish disambiguated by the US state SD the keyword names, 1 candidates in that state"
en-US,en,Lyon,FR,2996944,1400,things to do in lyon,slug match in the gazetteer
en-GB,en,Lyon,FR,2996944,1400,things to do in lyon,slug match in the gazetteer
en-AU,en,Lyon,FR,2996944,1400,things to do in lyon,slug match in the gazetteer
en-US,en,Palm Springs,US,5380668,1400,things to do in palm springs ca,"palm springs disambiguated by the US state CA the keyword names, 1 candidates in that state"
en-GB,en,Palm Springs,US,5380668,1400,things to do in palm springs ca,"palm springs disambiguated by the US state CA the keyword names, 1 candidates in that state"
en-AU,en,Palm Springs,US,5380668,1400,things to do in palm springs ca,"palm springs disambiguated by the US state CA the keyword names, 1 candidates in that state"
en-US,en,Denver,US,5419384,1400,things to do in denver co,"denver disambiguated by the US state CO the keyword names, 1 candidates in that state"
en-GB,en,Denver,US,5419384,1400,things to do in denver co,"denver disambiguated by the US state CO the keyword names, 1 candidates in that state"
en-AU,en,Denver,US,5419384,1400,things to do in denver co,"denver disambiguated by the US state CO the keyword names, 1 candidates in that state"
en-US,en,Philadelphia,US,4560349,1400,fun things to do in philadelphia,slug match in the gazetteer
en-GB,en,Philadelphia,US,4560349,1400,fun things to do in philadelphia,slug match in the gazetteer
en-AU,en,Philadelphia,US,4560349,1400,fun things to do in philadelphia,slug match in the gazetteer
en-US,en,Cedar Rapids,US,4850751,1400,things to do in cedar rapids,slug match in the gazetteer
en-GB,en,Cedar Rapids,US,4850751,1400,things to do in cedar rapids,slug match in the gazetteer
en-AU,en,Cedar Rapids,US,4850751,1400,things to do in cedar rapids,slug match in the gazetteer
en-US,en,Princeton,US,5102922,1300,things to do in princeton nj,"princeton disambiguated by the US state NJ the keyword names, 1 candidates in that state"
en-GB,en,Princeton,US,5102922,1300,things to do in princeton nj,"princeton disambiguated by the US state NJ the keyword names, 1 candidates in that state"
en-AU,en,Princeton,US,5102922,1300,things to do in princeton nj,"princeton disambiguated by the US state NJ the keyword names, 1 candidates in that state"
en-US,en,Sedona,US,5313667,1300,things to do in sedona az,"sedona disambiguated by the US state AZ the keyword names, 1 candidates in that state"
en-GB,en,Sedona,US,5313667,1300,things to do in sedona az,"sedona disambiguated by the US state AZ the keyword names, 1 candidates in that state"
en-AU,en,Sedona,US,5313667,1300,things to do in sedona az,"sedona disambiguated by the US state AZ the keyword names, 1 candidates in that state"
en-US,en,Salt Lake City,US,5780993,1300,things to do in salt lake city today,slug match in the gazetteer
en-GB,en,Salt Lake City,US,5780993,1300,things to do in salt lake city today,slug match in the gazetteer
en-AU,en,Salt Lake City,US,5780993,1300,things to do in salt lake city today,slug match in the gazetteer
en-US,en,Lubbock,US,5525577,1300,things to do in lubbock tx,"lubbock disambiguated by the US state TX the keyword names, 1 candidates in that state"
en-GB,en,Lubbock,US,5525577,1300,things to do in lubbock tx,"lubbock disambiguated by the US state TX the keyword names, 1 candidates in that state"
en-AU,en,Lubbock,US,5525577,1300,things to do in lubbock tx,"lubbock disambiguated by the US state TX the keyword names, 1 candidates in that state"
en-US,en,Washington,US,4140963,1300,things to do in washington dc with kids,"washington disambiguated by the US state DC the keyword names, 1 candidates in that state"
en-GB,en,Washington,US,4140963,1300,things to do in washington dc with kids,"washington disambiguated by the US state DC the keyword names, 1 candidates in that state"
en-AU,en,Washington,US,4140963,1300,things to do in washington dc with kids,"washington disambiguated by the US state DC the keyword names, 1 candidates in that state"
en-US,en,Reno,US,5511077,1300,fun things to do in reno,slug match in the gazetteer
en-GB,en,Reno,US,5511077,1300,fun things to do in reno,slug match in the gazetteer
en-AU,en,Reno,US,5511077,1300,fun things to do in reno,slug match in the gazetteer
en-US,en,Redding,US,5570160,1300,things to do in redding ca,"redding disambiguated by the US state CA the keyword names, 1 candidates in that state"
en-GB,en,Redding,US,5570160,1300,things to do in redding ca,"redding disambiguated by the US state CA the keyword names, 1 candidates in that state"
en-AU,en,Redding,US,5570160,1300,things to do in redding ca,"redding disambiguated by the US state CA the keyword names, 1 candidates in that state"
en-US,en,Nyu-York,UA,699751,1300,things to do in new york with kids,"GeoNames alternate name new york resolved to Nyu-York (UA), 2 candidates, most populous chosen"
en-GB,en,Nyu-York,UA,699751,1300,things to do in new york with kids,"GeoNames alternate name new york resolved to Nyu-York (UA), 2 candidates, most populous chosen"
en-AU,en,Nyu-York,UA,699751,1300,things to do in new york with kids,"GeoNames alternate name new york resolved to Nyu-York (UA), 2 candidates, most populous chosen"
en-US,en,Alba,IT,3183364,1300,best things to do in aruba,"GeoNames alternate name aruba resolved to Alba (IT), 1 candidates, most populous chosen"
en-GB,en,Alba,IT,3183364,1300,best things to do in aruba,"GeoNames alternate name aruba resolved to Alba (IT), 1 candidates, most populous chosen"
en-AU,en,Alba,IT,3183364,1300,best things to do in aruba,"GeoNames alternate name aruba resolved to Alba (IT), 1 candidates, most populous chosen"
en-US,en,Kerrville,US,4703078,1300,things to do in kerrville tx,"kerrville disambiguated by the US state TX the keyword names, 1 candidates in that state"
en-GB,en,Kerrville,US,4703078,1300,things to do in kerrville tx,"kerrville disambiguated by the US state TX the keyword names, 1 candidates in that state"
en-AU,en,Kerrville,US,4703078,1300,things to do in kerrville tx,"kerrville disambiguated by the US state TX the keyword names, 1 candidates in that state"
en-US,en,New York City,US,5128581,1300,fun things to do in new york city,slug match in the gazetteer
en-GB,en,New York City,US,5128581,1300,fun things to do in new york city,slug match in the gazetteer
en-AU,en,New York City,US,5128581,1300,fun things to do in new york city,slug match in the gazetteer
en-US,en,Baton Rouge,US,4315588,1300,fun things to do in baton rouge,slug match in the gazetteer
en-GB,en,Baton Rouge,US,4315588,1300,fun things to do in baton rouge,slug match in the gazetteer
en-AU,en,Baton Rouge,US,4315588,1300,fun things to do in baton rouge,slug match in the gazetteer
en-US,en,Carson City,US,5501344,1300,things to do in carson city,slug match in the gazetteer
en-GB,en,Carson City,US,5501344,1300,things to do in carson city,slug match in the gazetteer
en-AU,en,Carson City,US,5501344,1300,things to do in carson city,slug match in the gazetteer
en-US,en,Baltimore,US,4347778,1300,things to do in baltimore maryland,"baltimore disambiguated by the US state MD the keyword names, 1 candidates in that state"
en-GB,en,Baltimore,US,4347778,1300,things to do in baltimore maryland,"baltimore disambiguated by the US state MD the keyword names, 1 candidates in that state"
en-AU,en,Baltimore,US,4347778,1300,things to do in baltimore maryland,"baltimore disambiguated by the US state MD the keyword names, 1 candidates in that state"
en-US,en,Wilmington,US,4499379,1300,things to do in wilmington,slug match in the gazetteer
en-GB,en,Wilmington,US,4499379,1300,things to do in wilmington,slug match in the gazetteer
en-AU,en,Wilmington,US,4499379,1300,things to do in wilmington,slug match in the gazetteer
en-US,en,Round Rock,US,4724129,1300,things to do in round rock,slug match in the gazetteer
en-GB,en,Round Rock,US,4724129,1300,things to do in round rock,slug match in the gazetteer
en-AU,en,Round Rock,US,4724129,1300,things to do in round rock,slug match in the gazetteer
en-US,en,Indianapolis,US,4259418,1300,things to do in indianapolis indiana,"indianapolis disambiguated by the US state IN the keyword names, 1 candidates in that state"
en-GB,en,Indianapolis,US,4259418,1300,things to do in indianapolis indiana,"indianapolis disambiguated by the US state IN the keyword names, 1 candidates in that state"
en-AU,en,Indianapolis,US,4259418,1300,things to do in indianapolis indiana,"indianapolis disambiguated by the US state IN the keyword names, 1 candidates in that state"
en-US,en,Louisville,US,4299276,1300,things to do in louisville ky this weekend,"louisville disambiguated by the US state KY the keyword names, 1 candidates in that state"
en-GB,en,Louisville,US,4299276,1300,things to do in louisville ky this weekend,"louisville disambiguated by the US state KY the keyword names, 1 candidates in that state"
en-AU,en,Louisville,US,4299276,1300,things to do in louisville ky this weekend,"louisville disambiguated by the US state KY the keyword names, 1 candidates in that state"
en-US,en,New Smyrna Beach,US,4165913,1300,things to do in new smyrna beach,slug match in the gazetteer
en-GB,en,New Smyrna Beach,US,4165913,1300,things to do in new smyrna beach,slug match in the gazetteer
en-AU,en,New Smyrna Beach,US,4165913,1300,things to do in new smyrna beach,slug match in the gazetteer
en-US,en,Washington,US,4140963,1300,free things to do in washington dc,"washington disambiguated by the US state DC the keyword names, 1 candidates in that state"
en-GB,en,Washington,US,4140963,1300,free things to do in washington dc,"washington disambiguated by the US state DC the keyword names, 1 candidates in that state"
en-AU,en,Washington,US,4140963,1300,free things to do in washington dc,"washington disambiguated by the US state DC the keyword names, 1 candidates in that state"
en-US,en,Branson,US,4378219,1300,things to do in branson mo with kids,"branson disambiguated by the US state MO the keyword names, 1 candidates in that state"
en-GB,en,Branson,US,4378219,1300,things to do in branson mo with kids,"branson disambiguated by the US state MO the keyword names, 1 candidates in that state"
en-AU,en,Branson,US,4378219,1300,things to do in branson mo with kids,"branson disambiguated by the US state MO the keyword names, 1 candidates in that state"
en-US,en,Oklahoma City,US,4544349,1300,fun things to do in okc,"GeoNames alternate name okc resolved to Oklahoma City (US), 1 candidates, most populous chosen"
en-GB,en,Oklahoma City,US,4544349,1300,fun things to do in okc,"GeoNames alternate name okc resolved to Oklahoma City (US), 1 candidates, most populous chosen"
en-AU,en,Oklahoma City,US,4544349,1300,fun things to do in okc,"GeoNames alternate name okc resolved to Oklahoma City (US), 1 candidates, most populous chosen"
en-US,en,Oklahoma City,US,4544349,1300,fun things to do in oklahoma,"GeoNames alternate name oklahoma resolved to Oklahoma City (US), 1 candidates, most populous chosen"
en-GB,en,Oklahoma City,US,4544349,1300,fun things to do in oklahoma,"GeoNames alternate name oklahoma resolved to Oklahoma City (US), 1 candidates, most populous chosen"
en-AU,en,Oklahoma City,US,4544349,1300,fun things to do in oklahoma,"GeoNames alternate name oklahoma resolved to Oklahoma City (US), 1 candidates, most populous chosen"
en-US,en,Black Mountain,US,4456121,1300,things to do in black mountain nc,"black mountain disambiguated by the US state NC the keyword names, 1 candidates in that state"
en-GB,en,Black Mountain,US,4456121,1300,things to do in black mountain nc,"black mountain disambiguated by the US state NC the keyword names, 1 candidates in that state"
en-AU,en,Black Mountain,US,4456121,1300,things to do in black mountain nc,"black mountain disambiguated by the US state NC the keyword names, 1 candidates in that state"
en-US,en,Myrtle Beach,US,4588718,1300,things to do in myrtle beach sc,"myrtle beach disambiguated by the US state SC the keyword names, 1 candidates in that state"
en-GB,en,Myrtle Beach,US,4588718,1300,things to do in myrtle beach sc,"myrtle beach disambiguated by the US state SC the keyword names, 1 candidates in that state"
en-AU,en,Myrtle Beach,US,4588718,1300,things to do in myrtle beach sc,"myrtle beach disambiguated by the US state SC the keyword names, 1 candidates in that state"
en-US,en,York,GB,2633352,1300,things to do in york,slug match in the gazetteer
en-GB,en,York,GB,2633352,1300,things to do in york,slug match in the gazetteer
en-AU,en,York,GB,2633352,1300,things to do in york,slug match in the gazetteer
en-US,en,Hagerstown,US,4357141,1300,things to do in hagerstown md,"hagerstown disambiguated by the US state MD the keyword names, 1 candidates in that state"
en-GB,en,Hagerstown,US,4357141,1300,things to do in hagerstown md,"hagerstown disambiguated by the US state MD the keyword names, 1 candidates in that state"
en-AU,en,Hagerstown,US,4357141,1300,things to do in hagerstown md,"hagerstown disambiguated by the US state MD the keyword names, 1 candidates in that state"
en-US,en,Key West,US,4160812,1300,best things to do in key west,slug match in the gazetteer
en-GB,en,Key West,US,4160812,1300,best things to do in key west,slug match in the gazetteer
en-AU,en,Key West,US,4160812,1300,best things to do in key west,slug match in the gazetteer
en-US,en,Colorado Springs,US,5417598,1300,things to do in colorado springs today,slug match in the gazetteer
en-GB,en,Colorado Springs,US,5417598,1300,things to do in colorado springs today,slug match in the gazetteer
en-AU,en,Colorado Springs,US,5417598,1300,things to do in colorado springs today,slug match in the gazetteer
en-US,en,Halifax,CA,6324729,1300,things to do in halifax,slug match in the gazetteer
en-GB,en,Halifax,CA,6324729,1300,things to do in halifax,slug match in the gazetteer
en-AU,en,Halifax,CA,6324729,1300,things to do in halifax,slug match in the gazetteer
en-US,en,Fargo,US,5059163,1300,things to do in fargo,slug match in the gazetteer
en-GB,en,Fargo,US,5059163,1300,things to do in fargo,slug match in the gazetteer
en-AU,en,Fargo,US,5059163,1300,things to do in fargo,slug match in the gazetteer
en-US,en,Des Plaines,US,4889772,1300,fun things to do in maine,"GeoNames alternate name maine resolved to Des Plaines (US), 1 candidates, most populous chosen"
en-GB,en,Des Plaines,US,4889772,1300,fun things to do in maine,"GeoNames alternate name maine resolved to Des Plaines (US), 1 candidates, most populous chosen"
en-AU,en,Des Plaines,US,4889772,1300,fun things to do in maine,"GeoNames alternate name maine resolved to Des Plaines (US), 1 candidates, most populous chosen"
en-US,en,Stuttgart,DE,2825297,1300,things to do in stuttgart,slug match in the gazetteer
en-GB,en,Stuttgart,DE,2825297,1300,things to do in stuttgart,slug match in the gazetteer
en-AU,en,Stuttgart,DE,2825297,1300,things to do in stuttgart,slug match in the gazetteer
en-US,en,St. Louis,US,4407066,1300,things to do in st. louis,slug match in the gazetteer
en-GB,en,St. Louis,US,4407066,1300,things to do in st. louis,slug match in the gazetteer
en-AU,en,St. Louis,US,4407066,1300,things to do in st. louis,slug match in the gazetteer
en-US,en,Peoria,US,4905687,1300,things to do in peoria il,"peoria disambiguated by the US state IL the keyword names, 1 candidates in that state"
en-GB,en,Peoria,US,4905687,1300,things to do in peoria il,"peoria disambiguated by the US state IL the keyword names, 1 candidates in that state"
en-AU,en,Peoria,US,4905687,1300,things to do in peoria il,"peoria disambiguated by the US state IL the keyword names, 1 candidates in that state"
en-US,en,Chongqing,CN,1814906,1300,things to do in chongqing,slug match in the gazetteer
en-GB,en,Chongqing,CN,1814906,1300,things to do in chongqing,slug match in the gazetteer
en-AU,en,Chongqing,CN,1814906,1300,things to do in chongqing,slug match in the gazetteer
en-US,en,Owensboro,US,4303436,1300,things to do in owensboro ky,"owensboro disambiguated by the US state KY the keyword names, 1 candidates in that state"
en-GB,en,Owensboro,US,4303436,1300,things to do in owensboro ky,"owensboro disambiguated by the US state KY the keyword names, 1 candidates in that state"
en-AU,en,Owensboro,US,4303436,1300,things to do in owensboro ky,"owensboro disambiguated by the US state KY the keyword names, 1 candidates in that state"
en-US,en,Sedona,US,5313667,1300,things to do in sedona with kids,slug match in the gazetteer
en-GB,en,Sedona,US,5313667,1300,things to do in sedona with kids,slug match in the gazetteer
en-AU,en,Sedona,US,5313667,1300,things to do in sedona with kids,slug match in the gazetteer
en-US,en,Raleigh,US,4487042,1300,fun things to do in raleigh nc,"raleigh disambiguated by the US state NC the keyword names, 1 candidates in that state"
en-GB,en,Raleigh,US,4487042,1300,fun things to do in raleigh nc,"raleigh disambiguated by the US state NC the keyword names, 1 candidates in that state"
en-AU,en,Raleigh,US,4487042,1300,fun things to do in raleigh nc,"raleigh disambiguated by the US state NC the keyword names, 1 candidates in that state"
en-US,en,Bangor,US,4957280,1300,things to do in bangor maine,"bangor disambiguated by the US state ME the keyword names, 1 candidates in that state"
en-GB,en,Bangor,US,4957280,1300,things to do in bangor maine,"bangor disambiguated by the US state ME the keyword names, 1 candidates in that state"
en-AU,en,Bangor,US,4957280,1300,things to do in bangor maine,"bangor disambiguated by the US state ME the keyword names, 1 candidates in that state"
en-US,en,Jerusalem,IL,281184,1300,things to do in jerusalem,slug match in the gazetteer
en-GB,en,Jerusalem,IL,281184,1300,things to do in jerusalem,slug match in the gazetteer
en-AU,en,Jerusalem,IL,281184,1300,things to do in jerusalem,slug match in the gazetteer
en-US,en,Cañon City,US,5416005,1300,things to do in canon city,slug match in the gazetteer
en-GB,en,Cañon City,US,5416005,1300,things to do in canon city,slug match in the gazetteer
en-AU,en,Cañon City,US,5416005,1300,things to do in canon city,slug match in the gazetteer
en-US,en,Petaluma,US,5382232,1300,things to do in petaluma,slug match in the gazetteer
en-GB,en,Petaluma,US,5382232,1300,things to do in petaluma,slug match in the gazetteer
en-AU,en,Petaluma,US,5382232,1300,things to do in petaluma,slug match in the gazetteer
en-US,en,Buffalo,US,5110629,1300,things to do in buffalo new york,"buffalo disambiguated by the US state NY the keyword names, 1 candidates in that state"
en-GB,en,Buffalo,US,5110629,1300,things to do in buffalo new york,"buffalo disambiguated by the US state NY the keyword names, 1 candidates in that state"
en-AU,en,Buffalo,US,5110629,1300,things to do in buffalo new york,"buffalo disambiguated by the US state NY the keyword names, 1 candidates in that state"
en-US,en,Queenstown,ZA,963516,1300,things to do in queenstown,slug match in the gazetteer
en-GB,en,Queenstown,ZA,963516,1300,things to do in queenstown,slug match in the gazetteer
en-AU,en,Queenstown,ZA,963516,1300,things to do in queenstown,slug match in the gazetteer
en-US,en,Cartagena,CO,3687238,1300,things to do in cartagena,slug match in the gazetteer
en-GB,en,Cartagena,CO,3687238,1300,things to do in cartagena,slug match in the gazetteer
en-AU,en,Cartagena,CO,3687238,1300,things to do in cartagena,slug match in the gazetteer
en-US,en,Fort Lauderdale,US,4155966,1300,things to do in fort lauderdale florida,"fort lauderdale disambiguated by the US state FL the keyword names, 1 candidates in that state"
en-GB,en,Fort Lauderdale,US,4155966,1300,things to do in fort lauderdale florida,"fort lauderdale disambiguated by the US state FL the keyword names, 1 candidates in that state"
en-AU,en,Fort Lauderdale,US,4155966,1300,things to do in fort lauderdale florida,"fort lauderdale disambiguated by the US state FL the keyword names, 1 candidates in that state"
en-US,en,Madrid,ES,3117735,1300,best things to do in madrid,slug match in the gazetteer
en-GB,en,Madrid,ES,3117735,1300,best things to do in madrid,slug match in the gazetteer
en-AU,en,Madrid,ES,3117735,1300,best things to do in madrid,slug match in the gazetteer
en-US,en,Barranquilla,CO,3689147,1300,things to do in barranquilla,slug match in the gazetteer
en-GB,en,Barranquilla,CO,3689147,1300,things to do in barranquilla,slug match in the gazetteer
en-AU,en,Barranquilla,CO,3689147,1300,things to do in barranquilla,slug match in the gazetteer
en-US,en,Lào Cai,VN,1576303,1300,things to do in laos,"GeoNames alternate name laos resolved to Lào Cai (VN), 1 candidates, most populous chosen"
en-GB,en,Lào Cai,VN,1576303,1300,things to do in laos,"GeoNames alternate name laos resolved to Lào Cai (VN), 1 candidates, most populous chosen"
en-AU,en,Lào Cai,VN,1576303,1300,things to do in laos,"GeoNames alternate name laos resolved to Lào Cai (VN), 1 candidates, most populous chosen"
en-US,en,Tampa,US,4174757,1300,best things to do in tampa,slug match in the gazetteer
en-GB,en,Tampa,US,4174757,1300,best things to do in tampa,slug match in the gazetteer
en-AU,en,Tampa,US,4174757,1300,best things to do in tampa,slug match in the gazetteer
en-US,en,Pensacola,US,4168228,1300,things to do in pensacola fl,"pensacola disambiguated by the US state FL the keyword names, 1 candidates in that state"
en-GB,en,Pensacola,US,4168228,1300,things to do in pensacola fl,"pensacola disambiguated by the US state FL the keyword names, 1 candidates in that state"
en-AU,en,Pensacola,US,4168228,1300,things to do in pensacola fl,"pensacola disambiguated by the US state FL the keyword names, 1 candidates in that state"
en-US,en,Moscow,RU,524901,1300,things to do in moscow,slug match in the gazetteer
en-GB,en,Moscow,RU,524901,1300,things to do in moscow,slug match in the gazetteer
en-AU,en,Moscow,RU,524901,1300,things to do in moscow,slug match in the gazetteer
en-US,en,Poulsbo,US,5807337,1300,things to do in poulsbo,slug match in the gazetteer
en-GB,en,Poulsbo,US,5807337,1300,things to do in poulsbo,slug match in the gazetteer
en-AU,en,Poulsbo,US,5807337,1300,things to do in poulsbo,slug match in the gazetteer
en-US,en,Manhattan,US,5125771,1300,things to do in manhattan new york,"manhattan disambiguated by the US state NY the keyword names, 1 candidates in that state"
en-GB,en,Manhattan,US,5125771,1300,things to do in manhattan new york,"manhattan disambiguated by the US state NY the keyword names, 1 candidates in that state"
en-AU,en,Manhattan,US,5125771,1300,things to do in manhattan new york,"manhattan disambiguated by the US state NY the keyword names, 1 candidates in that state"
en-US,en,Brooklyn,US,5110302,1300,things to do in brooklyn ny,"brooklyn disambiguated by the US state NY the keyword names, 1 candidates in that state"
en-GB,en,Brooklyn,US,5110302,1300,things to do in brooklyn ny,"brooklyn disambiguated by the US state NY the keyword names, 1 candidates in that state"
en-AU,en,Brooklyn,US,5110302,1300,things to do in brooklyn ny,"brooklyn disambiguated by the US state NY the keyword names, 1 candidates in that state"
en-US,en,Atlanta,US,4180439,1300,"things to do in atlanta, ga for adults","atlanta, disambiguated by the US state GA the keyword names, 1 candidates in that state"
en-GB,en,Atlanta,US,4180439,1300,"things to do in atlanta, ga for adults","atlanta, disambiguated by the US state GA the keyword names, 1 candidates in that state"
en-AU,en,Atlanta,US,4180439,1300,"things to do in atlanta, ga for adults","atlanta, disambiguated by the US state GA the keyword names, 1 candidates in that state"
en-US,en,Altoona,US,5178195,1300,things to do in altoona pa,"altoona disambiguated by the US state PA the keyword names, 1 candidates in that state"
en-GB,en,Altoona,US,5178195,1300,things to do in altoona pa,"altoona disambiguated by the US state PA the keyword names, 1 candidates in that state"
en-AU,en,Altoona,US,5178195,1300,things to do in altoona pa,"altoona disambiguated by the US state PA the keyword names, 1 candidates in that state"
en-US,en,Orlando,US,4167147,1300,fun things to do in orlando florida,"orlando disambiguated by the US state FL the keyword names, 1 candidates in that state"
en-GB,en,Orlando,US,4167147,1300,fun things to do in orlando florida,"orlando disambiguated by the US state FL the keyword names, 1 candidates in that state"
en-AU,en,Orlando,US,4167147,1300,fun things to do in orlando florida,"orlando disambiguated by the US state FL the keyword names, 1 candidates in that state"
en-US,en,New Orleans,US,4335045,1300,fun things to do in new orleans for adults,slug match in the gazetteer
en-GB,en,New Orleans,US,4335045,1300,fun things to do in new orleans for adults,slug match in the gazetteer
en-AU,en,New Orleans,US,4335045,1300,fun things to do in new orleans for adults,slug match in the gazetteer
es-ES,es,Madrid,ES,3117735,16000,que ver en madrid,slug match in the gazetteer
es-ES,es,Granada,ES,2517117,14000,que ver en granada,slug match in the gazetteer
es-ES,es,Sevilla,ES,2510911,13000,que ver en sevilla,slug match in the gazetteer
es-ES,es,Santa Cruz de Tenerife,ES,2511174,11000,que ver en tenerife,"GeoNames alternate name tenerife resolved to Santa Cruz de Tenerife (ES), 2 candidates, most populous chosen"
es-ES,es,Bilbao,ES,3128026,11000,que ver en bilbao,slug match in the gazetteer
es-ES,es,Toledo,US,5174035,11000,que ver en toledo,slug match in the gazetteer
es-ES,es,Roma,LS,932151,10000,que ver en roma,slug match in the gazetteer
es-ES,es,Valencia,VE,3625549,9600,que ver en valencia,slug match in the gazetteer
es-ES,es,Porto,PT,2735943,9600,que ver en oporto,"GeoNames alternate name oporto resolved to Porto (PT), 1 candidates, most populous chosen"
es-ES,es,Málaga,ES,2514256,9500,que ver en malaga,slug match in the gazetteer
es-ES,es,Milan,IT,3173435,8700,que ver en milan,slug match in the gazetteer
es-ES,es,Zaragoza,ES,3104324,8700,que ver en zaragoza,slug match in the gazetteer
es-ES,es,Cadiz,PH,1721168,8600,que ver en cadiz,slug match in the gazetteer
es-ES,es,London,GB,2643743,8400,que ver en londres,exonym londres resolved to London (GB)
es-ES,es,Salamanca,MX,3988214,8200,que ver en salamanca,slug match in the gazetteer
es-ES,es,Córdoba,AR,3860259,8200,que ver en cordoba,slug match in the gazetteer
es-ES,es,Asturias,PH,1730032,8000,que ver en asturias,slug match in the gazetteer
es-ES,es,Lisbon,PT,2267057,7800,que ver en lisboa,"GeoNames alternate name lisboa resolved to Lisbon (PT), 1 candidates, most populous chosen"
es-ES,es,Vienne,FR,2969284,7800,que ver en viena,"GeoNames alternate name viena resolved to Vienne (FR), 1 candidates, most populous chosen"
es-ES,es,Alicante,ES,2521978,7800,que ver en alicante,slug match in the gazetteer
es-ES,es,Segovia,ES,3109256,7600,que ver en segovia,slug match in the gazetteer
es-ES,es,Valladolid,ES,3106672,7300,que ver en valladolid,slug match in the gazetteer
es-ES,es,Prague,CZ,3067696,7200,que ver en praga,"GeoNames alternate name praga resolved to Prague (CZ), 1 candidates, most populous chosen"
es-ES,es,San Sebastián,GT,3589548,7000,que ver en san sebastian,slug match in the gazetteer
es-ES,es,Cuenca,EC,3658666,6600,que ver en cuenca,slug match in the gazetteer
es-ES,es,Santander,ES,3109718,6300,que ver en santander,slug match in the gazetteer
es-ES,es,Budapest,HU,3054643,6200,que ver en budapest,slug match in the gazetteer
es-ES,es,Brussels,BE,2800866,6200,que ver en bruselas,exonym bruselas resolved to Brussels (BE)
es-ES,es,Florencia,CO,3682426,6100,que ver en florencia,slug match in the gazetteer
es-ES,es,Paris,FR,2988507,6100,que ver en paris,slug match in the gazetteer
es-ES,es,Gijón,ES,3121424,6000,que ver en gijon,slug match in the gazetteer
es-ES,es,Santiago de Compostela,ES,3109642,5900,que ver en santiago de compostela,slug match in the gazetteer
es-ES,es,Mérida,MX,3523349,5800,que ver en merida,slug match in the gazetteer
es-ES,es,Pamplona,ES,3114472,5700,que ver en pamplona,slug match in the gazetteer
es-ES,es,Ibiza,ES,2516479,5700,que ver en ibiza,slug match in the gazetteer
es-ES,es,Marrakesh,MA,2542997,5500,que ver en marrakech,"GeoNames alternate name marrakech resolved to Marrakesh (MA), 1 candidates, most populous chosen"
es-ES,es,Ávila,ES,3129136,5400,que ver en avila,slug match in the gazetteer
es-ES,es,Tarragona,ES,3108288,5200,que ver en tarragona,slug match in the gazetteer
es-ES,es,Jerez de la Frontera,ES,2516326,5100,que ver en jerez de la frontera,slug match in the gazetteer
es-ES,es,Malta,BR,3395720,5100,que ver en malta,slug match in the gazetteer
es-ES,es,Pontevedra,ES,3113209,5000,que ver en pontevedra,slug match in the gazetteer
es-ES,es,Napoles,PH,1698160,5000,que ver en napoles,slug match in the gazetteer
es-ES,es,Amsterdam,NL,2759794,5000,que ver en amsterdam,slug match in the gazetteer
es-ES,es,Murcia,ES,2513416,5000,que ver en murcia,slug match in the gazetteer
es-ES,es,Altea,ES,2521804,5000,que ver en altea,slug match in the gazetteer
es-ES,es,Almería,ES,2521886,4900,que ver en almeria,slug match in the gazetteer
es-ES,es,Soria,ES,3108681,4900,que ver en soria,slug match in the gazetteer
es-ES,es,Zamora,ES,3104342,4800,que ver en zamora,slug match in the gazetteer
es-ES,es,Teruel,ES,3108126,4700,que ver en teruel,slug match in the gazetteer
es-ES,es,Nerja,ES,2513240,4700,que ver en nerja,slug match in the gazetteer
es-ES,es,Andorra,ES,3130067,4700,que ver en andorra,slug match in the gazetteer
es-ES,es,Cáceres,ES,2520611,4600,que ver en caceres,slug match in the gazetteer
es-ES,es,Vitória,BR,3444924,4600,que ver en vitoria,slug match in the gazetteer
es-ES,es,Llanes,ES,3118304,4400,que ver en llanes,slug match in the gazetteer
es-ES,es,Logroño,ES,3118150,4300,que ver en logrono,slug match in the gazetteer
es-ES,es,Venecia,CO,3666193,4300,que ver en venecia,slug match in the gazetteer
es-ES,es,Logroño,ES,3118150,4300,que ver en logroño,slug match in the gazetteer
es-ES,es,Lugo,ES,3117814,4200,que ver en lugo,slug match in the gazetteer
es-ES,es,León,NI,3618030,4000,que ver en leon,slug match in the gazetteer
es-ES,es,Halych,UA,709034,3900,que ver en galicia,"GeoNames alternate name galicia resolved to Halych (UA), 1 candidates, most populous chosen"
es-ES,es,Huelva,ES,2516548,3800,que ver en huelva,slug match in the gazetteer
es-ES,es,Atenas,CR,3624842,3800,que ver en atenas,slug match in the gazetteer
es-ES,es,Dublin,IE,2964574,3800,que ver en dublin,slug match in the gazetteer
es-ES,es,Cartagena,CO,3687238,3600,que ver en cartagena,slug match in the gazetteer
es-ES,es,Palma,ES,2512989,3600,que ver en palma de mallorca,"GeoNames alternate name palma de mallorca resolved to Palma (ES), 1 candidates, most populous chosen"
es-ES,es,Ciudad Real,ES,2519402,3600,que ver en ciudad real,slug match in the gazetteer
es-ES,es,Berlin,DE,2950159,3600,que ver en berlin,slug match in the gazetteer
es-ES,es,Albania,CO,3690250,3400,que ver en albania,slug match in the gazetteer
es-ES,es,Astorga,BR,3471368,3400,que ver en astorga,slug match in the gazetteer
es-ES,es,Aveiro,PT,2742611,3300,que ver en aveiro,slug match in the gazetteer
es-ES,es,Ginebra,CO,3682039,3300,que ver en ginebra,slug match in the gazetteer
es-ES,es,A Coruña,ES,3119841,3200,que ver en a coruña,"GeoNames alternate name coruña resolved to A Coruña (ES), 1 candidates, most populous chosen"
es-ES,es,La Palma,US,5364022,3200,que ver en la palma,slug match in the gazetteer
es-ES,es,Istanbul,TR,745044,3200,que ver en estambul,exonym estambul resolved to Istanbul (TR)
es-ES,es,Trujillo,PE,3691175,3200,que ver en trujillo,slug match in the gazetteer
es-ES,es,Copenhagen,DK,2618425,3200,que ver en copenhague,"GeoNames alternate name copenhague resolved to Copenhagen (DK), 1 candidates, most populous chosen"
es-ES,es,Cangas de Onís,ES,3126571,3200,que ver en cangas de onis,slug match in the gazetteer
es-ES,es,Ronda,ES,2511730,3200,que ver en ronda,slug match in the gazetteer
es-ES,es,Denia,ES,2518878,3100,que ver en denia,slug match in the gazetteer
es-ES,es,Peníscola,ES,3113860,3100,que ver en peñiscola,slug match in the gazetteer
es-ES,es,Girona,ES,3121456,3100,que ver en girona,slug match in the gazetteer
es-ES,es,Santa Cruz de Tenerife,ES,2511174,3100,que ver en santa cruz de tenerife,slug match in the gazetteer
es-ES,es,Madeira,US,4517353,3100,que ver en madeira,slug match in the gazetteer
es-ES,es,Edinburgh,GB,2650225,3000,que ver en edimburgo,exonym edimburgo resolved to Edinburgh (GB)
es-ES,es,Albacete,ES,2522258,2900,que ver en albacete,slug match in the gazetteer
es-ES,es,Stockholm,SE,2673730,2900,que ver en estocolmo,"GeoNames alternate name estocolmo resolved to Stockholm (SE), 1 candidates, most populous chosen"
es-ES,es,Kraków,PL,3094802,2900,que ver en cracovia,"GeoNames alternate name cracovia resolved to Kraków (PL), 1 candidates, most populous chosen"
es-ES,es,Zürich,CH,2657896,2700,que ver en zurich,slug match in the gazetteer
es-ES,es,Ribadesella,ES,3111855,2700,que ver en ribadesella,slug match in the gazetteer
es-ES,es,Tarifa,ES,2510599,2600,que ver en tarifa,slug match in the gazetteer
es-ES,es,Guadalajara,MX,4005539,2600,que ver en guadalajara,slug match in the gazetteer
es-ES,es,Munich,DE,2867714,2600,que ver en munich,slug match in the gazetteer
es-ES,es,Génova,CO,3682068,2600,que ver en genova,slug match in the gazetteer
es-ES,es,Bologna,IT,3181928,2600,que ver en bolonia,"GeoNames alternate name bolonia resolved to Bologna (IT), 1 candidates, most populous chosen"
es-ES,es,Toulouse,FR,2972315,2500,que ver en toulouse,slug match in the gazetteer
es-ES,es,Marbella,ES,2514169,2500,que ver en marbella,slug match in the gazetteer
es-ES,es,Aranjuez,ES,3129857,2500,que ver en aranjuez,slug match in the gazetteer
es-ES,es,Úbeda,ES,2510116,2400,que ver en ubeda,slug match in the gazetteer
es-ES,es,Gibraltar,GI,2411585,2400,que ver en calpe,"GeoNames alternate name calpe resolved to Gibraltar (GI), 2 candidates, most populous chosen"
es-ES,es,Ribadeo,ES,3111859,2400,que ver en ribadeo,slug match in the gazetteer
es-ES,es,Strasbourg,FR,2973783,2300,que ver en estrasburgo,"GeoNames alternate name estrasburgo resolved to Strasbourg (FR), 1 candidates, most populous chosen"
es-ES,es,Ourense,ES,3114965,2300,que ver en ourense,slug match in the gazetteer
es-ES,es,Baeza,ES,2521413,2300,que ver en baeza,slug match in the gazetteer
es-ES,es,Verona,IT,3164527,2300,que ver en verona,slug match in the gazetteer
es-ES,es,Avilés,ES,3129135,2300,que ver en aviles,slug match in the gazetteer
es-ES,es,Bayonne,FR,3034475,2200,que ver en bayona,"GeoNames alternate name bayona resolved to Bayonne (FR), 1 candidates, most populous chosen"
es-ES,es,Suances,ES,3108534,2200,que ver en suances,slug match in the gazetteer
es-ES,es,La Rioja,AR,3848950,2200,que ver en la rioja,slug match in the gazetteer
es-ES,es,Ponferrada,ES,3113236,2200,que ver en ponferrada,slug match in the gazetteer
es-ES,es,Castelló de la Plana,ES,2519752,2200,que ver en castellon,"GeoNames alternate name castellon resolved to Castelló de la Plana (ES), 1 candidates, most populous chosen"
es-ES,es,Cazorla,ES,2519672,2100,que ver en cazorla,slug match in the gazetteer
es-ES,es,Jaén,ES,2516395,2100,que ver en jaen,slug match in the gazetteer
es-ES,es,Vejer de la Frontera,ES,2509783,2100,que ver en vejer de la frontera,slug match in the gazetteer
es-ES,es,Palencia,ES,3114531,2100,que ver en palencia,slug match in the gazetteer
es-ES,es,Badajoz,ES,2521420,2100,que ver en badajoz,slug match in the gazetteer
es-ES,es,Elche,ES,2518559,2100,que ver en elche,slug match in the gazetteer
es-ES,es,A Coruña,ES,3119841,2100,que ver en coruña,"GeoNames alternate name coruña resolved to A Coruña (ES), 1 candidates, most populous chosen"
es-ES,es,Tangier,MA,2530335,2100,que ver en tanger,"GeoNames alternate name tanger resolved to Tangier (MA), 1 candidates, most populous chosen"
es-ES,es,Cambados,ES,3126899,2100,que ver en cambados,slug match in the gazetteer
es-ES,es,Palermo,IT,2523920,2100,que ver en palermo,slug match in the gazetteer
es-ES,es,Gent,BE,2797656,2000,que ver en gante,"GeoNames alternate name gante resolved to Gent (BE), 1 candidates, most populous chosen"
es-ES,es,Cudillero,ES,3124142,2000,que ver en cudillero,slug match in the gazetteer
es-ES,es,Gibraltar,GI,2411585,2000,que ver en gibraltar,slug match in the gazetteer
es-ES,es,Bāli,IN,1277539,2000,que ver en bali,slug match in the gazetteer
es-ES,es,Chinchón,ES,3125144,2000,que ver en chinchon,slug match in the gazetteer
es-ES,es,Oslo,NO,3143244,2000,que ver en oslo,slug match in the gazetteer
es-ES,es,Castro-Urdiales,ES,3125621,2000,que ver en castro urdiales,slug match in the gazetteer
es-ES,es,Córdoba,AR,3860259,2000,que ver en córdoba,slug match in the gazetteer
es-ES,es,Manchester,GB,2643123,1900,que ver en manchester,slug match in the gazetteer
es-ES,es,Hondarribia,ES,3121881,1900,que ver en hondarribia,slug match in the gazetteer
es-ES,es,Turin,IT,3165524,1900,que ver en turin,slug match in the gazetteer
es-ES,es,Lyon,FR,2996944,1900,que ver en lyon,slug match in the gazetteer
es-ES,es,Braga,PT,2742032,1900,que ver en braga,slug match in the gazetteer
es-ES,es,Alcalá de Henares,ES,3130616,1800,que ver en alcala de henares,slug match in the gazetteer
es-ES,es,Tailândia,BR,6318732,1800,que ver en tailandia,slug match in the gazetteer
es-ES,es,Sofia,BG,727011,1800,que ver en sofia,slug match in the gazetteer
es-ES,es,Perpignan,FR,2987914,1800,que ver en perpignan,slug match in the gazetteer
es-ES,es,Zumaia,ES,3104218,1800,que ver en zumaia,slug match in the gazetteer
es-ES,es,Fuengirola,ES,2517595,1800,que ver en fuengirola,slug match in the gazetteer
es-ES,es,Pisa,IT,3170647,1800,que ver en pisa,slug match in the gazetteer
es-ES,es,Bergamo,IT,3182164,1800,que ver en bergamo,slug match in the gazetteer
es-ES,es,Bucharest,RO,683506,1700,que ver en bucarest,"GeoNames alternate name bucarest resolved to Bucharest (RO), 1 candidates, most populous chosen"
es-ES,es,Jaca,ES,3120211,1700,que ver en jaca,slug match in the gazetteer
es-ES,es,Tordesillas,ES,3107952,1700,que ver en tordesillas,slug match in the gazetteer
es-ES,es,Gandia,ES,2517367,1700,que ver en gandia,slug match in the gazetteer
es-ES,es,Torremolinos,ES,2510281,1700,que ver en torremolinos,slug match in the gazetteer
es-ES,es,Saint-Jean-de-Luz,FR,2979309,1700,que ver en san juan de luz,"GeoNames alternate name san juan de luz resolved to Saint-Jean-de-Luz (FR), 1 candidates, most populous chosen"
es-ES,es,Sintra,PT,2262912,1700,que ver en sintra,slug match in the gazetteer
es-ES,es,Nantes,FR,2990969,1700,que ver en nantes,slug match in the gazetteer
es-ES,es,Antequera,ES,2521710,1700,que ver en antequera,slug match in the gazetteer
es-ES,es,Madrid,ES,3117735,1600,cosas que ver en madrid,slug match in the gazetteer
es-ES,es,Santoña,ES,3109527,1600,que ver en santoña,slug match in the gazetteer
es-ES,es,Fes,MA,2548885,1600,que ver en fez,"GeoNames alternate name fez resolved to Fes (MA), 1 candidates, most populous chosen"
es-ES,es,Narbonne,FR,2990919,1600,que ver en narbona,"GeoNames alternate name narbona resolved to Narbonne (FR), 1 candidates, most populous chosen"
es-ES,es,Tirana,AL,3183875,1600,que ver en tirana,slug match in the gazetteer
es-ES,es,Arcos de la Frontera,ES,2521665,1600,que ver en arcos de la frontera,slug match in the gazetteer
es-ES,es,Conil de la Frontera,ES,2519289,1600,que ver en conil,"GeoNames alternate name conil resolved to Conil de la Frontera (ES), 1 candidates, most populous chosen"
es-ES,es,Peru,US,4924733,1500,que ver en peru,slug match in the gazetteer
es-ES,es,El Puerto de Santa María,ES,2518207,1500,que ver en el puerto de santa maria,slug match in the gazetteer
es-ES,es,Mojacar,ES,2513786,1500,que ver en mojacar,slug match in the gazetteer
es-ES,es,Sanlúcar de Barrameda,ES,2511306,1500,que ver en sanlúcar de barrameda,slug match in the gazetteer
es-ES,es,Estepona,ES,2517816,1500,que ver en estepona,slug match in the gazetteer
es-ES,es,Rota,ES,2511700,1500,que ver en rota,slug match in the gazetteer
es-ES,es,Cabo Verde,BR,3468607,1500,que ver en cabo verde,slug match in the gazetteer
es-ES,es,Santa Pola,ES,2511102,1500,que ver en santa pola,slug match in the gazetteer
es-ES,es,Talavera de la Reina,ES,2510693,1500,que ver en talavera de la reina,slug match in the gazetteer
es-ES,es,Tokyo,JP,1850147,1400,que ver en tokio,"GeoNames alternate name tokio resolved to Tokyo (JP), 1 candidates, most populous chosen"
es-ES,es,Tossa de Mar,ES,3107661,1400,que ver en tossa de mar,slug match in the gazetteer
es-ES,es,Colonia,US,5096798,1400,que ver en colonia,slug match in the gazetteer
es-ES,es,Madrid,ES,3117735,1400,que ver en madrid hoy,slug match in the gazetteer
es-ES,es,Liverpool,GB,2644210,1400,que ver en liverpool,slug match in the gazetteer
es-ES,es,Bratislava,SK,3060972,1400,que ver en bratislava,slug match in the gazetteer
es-ES,es,Monforte de Lemos,ES,3116478,1400,que ver en monforte de lemos,slug match in the gazetteer
es-ES,es,Bermeo,ES,3128174,1400,que ver en bermeo,slug match in the gazetteer
es-ES,es,Costa Rica,BR,6316937,1400,que ver en costa rica,slug match in the gazetteer
es-ES,es,Sanlúcar de Barrameda,ES,2511306,1400,que ver en sanlucar de barrameda,slug match in the gazetteer
es-ES,es,Tavira,PT,2262744,1400,que ver en tavira,slug match in the gazetteer
es-ES,es,Baiona,ES,3128462,1400,que ver en baiona,slug match in the gazetteer
es-ES,es,Frankfurt (Oder),DE,2925535,1300,que ver en frankfurt,"GeoNames alternate name frankfurt resolved to Frankfurt (Oder) (DE), 4 candidates, most populous chosen"
es-ES,es,Zagreb,HR,3186886,1300,que ver en zagreb,slug match in the gazetteer
es-ES,es,Torrevieja,ES,2510253,1300,que ver en torrevieja,slug match in the gazetteer
es-ES,es,Villajoyosa,ES,2509588,1300,que ver en villajoyosa,slug match in the gazetteer
es-ES,es,Chicago,US,4887398,1300,que ver en chicago,slug match in the gazetteer
es-ES,es,Reus,ES,3111933,1300,que ver en reus,slug match in the gazetteer
es-ES,es,Bari,IT,3182351,1300,que ver en bari,slug match in the gazetteer
es-ES,es,La Orotava,ES,2515692,1200,que ver en la orotava,slug match in the gazetteer
es-ES,es,Chipiona,ES,2519477,1200,que ver en chipiona,slug match in the gazetteer
es-ES,es,Betanzos,ES,3128071,1200,que ver en betanzos,slug match in the gazetteer
es-ES,es,La Gomera,GT,3594575,1200,que ver en la gomera,slug match in the gazetteer
es-ES,es,China,MX,3530839,1200,que ver en china,slug match in the gazetteer
es-ES,es,Sanxenxo,ES,3110610,1200,que ver en sanxenxo,slug match in the gazetteer
es-ES,es,Garachico,ES,2517349,1200,que ver en garachico,slug match in the gazetteer
es-ES,es,Basel,CH,2661604,1200,que ver en basilea,"GeoNames alternate name basilea resolved to Basel (CH), 1 candidates, most populous chosen"
es-ES,es,Chiclana de la Frontera,ES,2519513,1200,que ver en chiclana,"GeoNames alternate name chiclana resolved to Chiclana de la Frontera (ES), 1 candidates, most populous chosen"
es-ES,es,Tunis,TN,2464470,1200,que ver en tunez,"GeoNames alternate name tunez resolved to Tunis (TN), 1 candidates, most populous chosen"
es-ES,es,O Grove,ES,3121078,1200,que ver en o grove,slug match in the gazetteer
es-ES,es,Tudela,ES,3107418,1200,que ver en tudela,slug match in the gazetteer
es-ES,es,Foz,ES,3122172,1200,que ver en foz,slug match in the gazetteer
es-ES,es,Barbate,ES,2521335,1200,que ver en barbate,slug match in the gazetteer
es-ES,es,Osuna,ES,2513052,1200,que ver en osuna,slug match in the gazetteer
es-ES,es,Miami,US,4164138,1100,que ver en miami,slug match in the gazetteer
es-ES,es,Almería,ES,2521886,1100,que ver en almería,slug match in the gazetteer
es-ES,es,Şile,TR,739636,1100,que ver en chile,"GeoNames alternate name chile resolved to Şile (TR), 1 candidates, most populous chosen"
es-ES,es,Laredo,US,4705349,1100,que ver en laredo,slug match in the gazetteer
es-ES,es,Andorra la Vella,AD,3041563,1100,que ver en andorra la vella,slug match in the gazetteer
es-ES,es,Lleida,ES,3118514,1100,que ver en lleida,slug match in the gazetteer
es-ES,es,Montenegro,BR,3456826,1100,que ver en montenegro,slug match in the gazetteer
es-ES,es,Tui,ES,3107364,1100,que ver en tui,slug match in the gazetteer
es-ES,es,San Francisco,US,5391959,1100,que ver en san francisco,slug match in the gazetteer
es-ES,es,Sitges,ES,3108877,1100,que ver en sitges,slug match in the gazetteer
es-ES,es,Bangkok,TH,1609350,1100,que ver en bangkok,slug match in the gazetteer
es-ES,es,Antwerp,BE,2803138,1100,que ver en amberes,"GeoNames alternate name amberes resolved to Antwerp (BE), 1 candidates, most populous chosen"
es-ES,es,Castelló de la Plana,ES,2519752,1100,que ver en castellon de la plana,"GeoNames alternate name castellon de la plana resolved to Castelló de la Plana (ES), 1 candidates, most populous chosen"
es-ES,es,Plasencia,ES,3113331,1100,que ver en plasencia,slug match in the gazetteer
es-ES,es,Sóller,ES,2510821,1100,que ver en soller,slug match in the gazetteer
es-ES,es,Fisterra,ES,3122426,1100,que ver en finisterre,"GeoNames alternate name finisterre resolved to Fisterra (ES), 1 candidates, most populous chosen"
es-ES,es,Montpellier,FR,2992166,1100,que ver en montpellier,slug match in the gazetteer
es-ES,es,Bilbao,ES,3128026,1100,que ver en bilbao y alrededores,slug match in the gazetteer
es-ES,es,Dubai,AE,292223,1100,que ver en dubai,slug match in the gazetteer
es-ES,es,Granada,ES,2517117,1000,cosas que ver en granada,slug match in the gazetteer
es-ES,es,Kyoto,JP,1857910,1000,que ver en kioto,"GeoNames alternate name kioto resolved to Kyoto (JP), 1 candidates, most populous chosen"
es-ES,es,Catania,IT,2525068,1000,que ver en catania,slug match in the gazetteer
es-ES,es,Colombia,CU,3563856,1000,que ver en colombia,slug match in the gazetteer
es-ES,es,Düsseldorf,DE,2934246,1000,que ver en dusseldorf,slug match in the gazetteer
es-ES,es,Singāpur,IN,1445156,1000,que ver en singapur,slug match in the gazetteer
es-ES,es,Viveiro,ES,3104475,1000,que ver en viveiro,slug match in the gazetteer
es-ES,es,Zafra,ES,2509377,1000,que ver en zafra,slug match in the gazetteer
es-ES,es,Haro,ES,3120874,1000,que ver en haro,slug match in the gazetteer
es-ES,es,Almuñécar,ES,2521847,1000,que ver en almuñecar,slug match in the gazetteer
es-ES,es,Bragança,PT,2742027,1000,que ver en braganza,"GeoNames alternate name braganza resolved to Bragança (PT), 1 candidates, most populous chosen"
es-ES,es,Gasteiz / Vitoria,ES,3104499,1000,que ver en vitoria gasteiz,"GeoNames alternate name vitoria gasteiz resolved to Gasteiz / Vitoria (ES), 1 candidates, most populous chosen"
es-ES,es,Niiza,JP,6822138,1000,que ver en niza,"GeoNames alternate name niza resolved to Niiza (JP), 2 candidates, most populous chosen"
es-ES,es,Helsinki,FI,658225,1000,que ver en helsinki,slug match in the gazetteer
es-ES,es,Osaka,JP,1853909,1000,que ver en osaka,slug match in the gazetteer
es-ES,es,Cáceres,ES,2520611,900,que ver en cáceres,slug match in the gazetteer
es-ES,es,Panama City,PA,3703443,900,que ver en panama,"GeoNames alternate name panama resolved to Panama City (PA), 2 candidates, most populous chosen"
es-ES,es,Santiago,CL,3871336,900,que ver en santiago,slug match in the gazetteer
es-ES,es,Málaga,ES,2514256,900,que ver en málaga,slug match in the gazetteer
es-ES,es,Aranda de Duero,ES,3129877,900,que ver en aranda de duero,slug match in the gazetteer
es-ES,es,Teror,ES,2510508,900,que ver en teror,slug match in the gazetteer
es-ES,es,Guimarães,PT,2738752,900,que ver en guimaraes,slug match in the gazetteer
es-ES,es,Sagunto,ES,2511619,900,que ver en sagunto,slug match in the gazetteer
es-ES,es,Coimbra,PT,2740637,900,que ver en coimbra,slug match in the gazetteer
es-ES,es,Allariz,ES,3130354,900,que ver en allariz,slug match in the gazetteer
es-ES,es,Punta Cana,DO,3494242,900,que ver en punta cana,slug match in the gazetteer
es-ES,es,Mykonos,GR,257056,900,que ver en mykonos,slug match in the gazetteer
es-ES,es,Jerez de la Frontera,ES,2516326,900,que ver en jerez,"GeoNames alternate name jerez resolved to Jerez de la Frontera (ES), 2 candidates, most populous chosen"
es-ES,es,Gijón,ES,3121424,900,que ver en gijón,slug match in the gazetteer
es-ES,es,Belfast,GB,2655984,900,que ver en belfast,slug match in the gazetteer
es-ES,es,Cork,IE,2965140,900,que ver en cork,slug match in the gazetteer
es-ES,es,Kuala Lumpur,MY,1735161,900,que ver en kuala lumpur,slug match in the gazetteer
es-ES,es,Belgrade,RS,792680,900,que ver en belgrado,"GeoNames alternate name belgrado resolved to Belgrade (RS), 1 candidates, most populous chosen"
es-ES,es,Ceuta,ES,6362987,900,que ver en ceuta,slug match in the gazetteer
es-ES,es,Glasgow,GB,2648579,900,que ver en glasgow,slug match in the gazetteer
es-ES,es,Benicàssim,ES,3128272,900,que ver en benicasim,"GeoNames alternate name benicasim resolved to Benicàssim (ES), 1 candidates, most populous chosen"
es-ES,es,Siena,IT,3166548,900,que ver en siena,slug match in the gazetteer
es-ES,es,Lorca,ES,2514891,900,que ver en lorca,slug match in the gazetteer
es-ES,es,Medina Sidonia,ES,2513961,900,que ver en medina sidonia,slug match in the gazetteer
es-ES,es,Barcelona,ES,3128760,900,cosas que ver en barcelona,slug match in the gazetteer
es-ES,es,Boston,US,4930956,900,que ver en boston,slug match in the gazetteer
es-ES,es,Rabat,MA,2538475,900,que ver en rabat,slug match in the gazetteer
es-ES,es,Lloret de Mar,ES,3118212,900,que ver en lloret de mar,slug match in the gazetteer
es-ES,es,Peníscola,ES,3113860,800,que ver en peñiscola y alrededores,slug match in the gazetteer
es-ES,es,Santo Domingo de la Calzada,ES,3109535,800,que ver en santo domingo de la calzada,slug match in the gazetteer
es-ES,es,Salou,ES,3110986,800,que ver en salou,slug match in the gazetteer
es-ES,es,Santander,ES,3109718,800,que ver en santander y alrededores,slug match in the gazetteer
es-ES,es,Ayamonte,ES,2521456,800,que ver en ayamonte,slug match in the gazetteer
es-ES,es,Níjar,ES,2513222,800,que ver en nijar,slug match in the gazetteer
es-ES,es,Icod de los Vinos,ES,2516474,800,que ver en icod de los vinos,slug match in the gazetteer
es-ES,es,Motril,ES,2513477,800,que ver en motril,slug match in the gazetteer
es-ES,es,Casablanca,MA,2553604,800,que ver en casablanca,slug match in the gazetteer
es-ES,es,Sarria,ES,3109369,800,que ver en sarria,slug match in the gazetteer
es-ES,es,Blanes,ES,3127978,800,que ver en blanes,slug match in the gazetteer
es-ES,es,Guadalupe,MX,4005492,800,que ver en guadalupe,slug match in the gazetteer
es-ES,es,Faro,PT,2268339,800,que ver en faro,slug match in the gazetteer
es-ES,es,Roma,LS,932151,800,cosas que ver en roma,slug match in the gazetteer
es-ES,es,Estella-Lizarra,ES,3122762,800,que ver en estella,"GeoNames alternate name estella resolved to Estella-Lizarra (ES), 1 candidates, most populous chosen"
es-ES,es,Cairo,EG,360630,800,que ver en el cairo,"GeoNames alternate name el cairo resolved to Cairo (EG), 1 candidates, most populous chosen"
es-ES,es,Cambrils,ES,3126888,800,que ver en cambrils,slug match in the gazetteer
es-ES,es,Riano,IT,3169443,800,que ver en riaño,slug match in the gazetteer
es-ES,es,Figueres,ES,3122453,800,que ver en figueres,slug match in the gazetteer
es-ES,es,Puerto Rico,CO,3671348,800,que ver en puerto rico,slug match in the gazetteer
es-ES,es,Alcúdia,ES,2522091,800,que ver en alcudia,slug match in the gazetteer
es-ES,es,Isla Cristina,ES,2516431,800,que ver en isla cristina,slug match in the gazetteer
es-ES,es,Algeciras,ES,2522013,800,que ver en algeciras,slug match in the gazetteer
es-ES,es,Buenos Aires,AR,3435910,800,que ver en buenos aires,slug match in the gazetteer
es-ES,es,Aracena,ES,2521694,800,que ver en aracena,slug match in the gazetteer
es-ES,es,La Cañada,MX,4003211,800,que ver en canada,"GeoNames alternate name canada resolved to La Cañada (MX), 1 candidates, most populous chosen"
es-ES,es,Los Angeles,US,5368361,800,que ver en los angeles,slug match in the gazetteer
es-ES,es,Muros,ES,3115824,800,que ver en muros,slug match in the gazetteer
es-ES,es,Benalmádena,ES,2521139,800,que ver en benalmadena,slug match in the gazetteer
es-ES,es,Logroño,ES,3118150,800,que ver en logroño y alrededores,slug match in the gazetteer
es-ES,es,London,GB,2643743,700,cosas que ver en londres,exonym londres resolved to London (GB)
es-ES,es,Benavente,ES,3128291,700,que ver en benavente,slug match in the gazetteer
es-ES,es,Viana do Castelo,PT,2732773,700,que ver en viana do castelo,slug match in the gazetteer
es-ES,es,Ferrol,ES,3123493,700,que ver en ferrol,slug match in the gazetteer
es-ES,es,Almagro,ES,2521928,700,que ver en almagro,slug match in the gazetteer
es-ES,es,Trieste,IT,3165185,700,que ver en trieste,slug match in the gazetteer
es-ES,es,Irun,ES,3120304,700,que ver en irun,slug match in the gazetteer
es-ES,es,Roses,ES,3111348,700,que ver en roses,slug match in the gazetteer
es-ES,es,El Burgo de Osma,ES,3123622,700,que ver en burgo de osma,"GeoNames alternate name burgo de osma resolved to El Burgo de Osma (ES), 1 candidates, most populous chosen"
es-ES,es,Mexico,PH,1699805,700,que ver en mexico,slug match in the gazetteer
es-ES,es,La Laguna,ES,2511401,700,que ver en la laguna,slug match in the gazetteer
es-ES,es,Colmar,FR,3024297,700,que ver en colmar,slug match in the gazetteer
es-ES,es,Teguise,ES,2510573,700,que ver en teguise,slug match in the gazetteer
es-ES,es,Javea,ES,2516336,700,que ver en javea,slug match in the gazetteer
es-ES,es,Birmingham,GB,2655603,700,que ver en birmingham,slug match in the gazetteer
es-ES,es,Lugo,ES,3117814,700,que ver en lugo y alrededores,slug match in the gazetteer
es-ES,es,Villaviciosa,ES,3104707,700,que ver en villaviciosa,slug match in the gazetteer
es-ES,es,Valdepeñas,ES,2509982,700,que ver en valdepeñas,slug match in the gazetteer
es-ES,es,Padua,IT,3171728,700,que ver en padua,slug match in the gazetteer
es-ES,es,Bergen,NO,3161732,700,que ver en bergen,slug match in the gazetteer
es-ES,es,Corfu,GR,2463679,700,que ver en corfu,slug match in the gazetteer
es-ES,es,Pau,FR,2988358,700,que ver en pau,slug match in the gazetteer
es-ES,es,Prague,CZ,3067696,700,que ver en praga en 3 días,"GeoNames alternate name praga resolved to Prague (CZ), 1 candidates, most populous chosen"
es-ES,es,Candeleda,ES,3126622,700,que ver en candeleda,slug match in the gazetteer
es-ES,es,Bordeaux,FR,3031582,600,que ver en burdeos y alrededores,exonym burdeos resolved to Bordeaux (FR)
es-ES,es,Tortosa,ES,3107677,600,que ver en tortosa,slug match in the gazetteer
es-ES,es,Melilla,ES,2513947,600,que ver en melilla,slug match in the gazetteer
es-ES,es,Jordânia,BR,3459708,600,que ver en jordania,slug match in the gazetteer
es-ES,es,Donostia / San Sebastián,ES,3110044,600,que ver en donosti,"GeoNames alternate name donosti resolved to Donostia / San Sebastián (ES), 1 candidates, most populous chosen"
es-ES,es,Paris,FR,2988507,600,cosas que ver en paris,slug match in the gazetteer
es-ES,es,Évora,PT,2268406,600,que ver en evora,slug match in the gazetteer
es-ES,es,Nuremberg,DE,2861650,600,que ver en nuremberg,slug match in the gazetteer
es-ES,es,Vigo,ES,3105976,600,que ver en vigo en un día,slug match in the gazetteer
es-ES,es,Getxo,ES,3121007,600,que ver en getxo,slug match in the gazetteer
es-ES,es,Padrón,ES,3114643,600,que ver en padron,slug match in the gazetteer
es-ES,es,León,NI,3618030,600,que ver en leon y alrededores,slug match in the gazetteer
es-ES,es,Gernika-Lumo,ES,3120989,600,que ver en gernika,"GeoNames alternate name gernika resolved to Gernika-Lumo (ES), 1 candidates, most populous chosen"
es-ES,es,Béjar,ES,3128382,600,que ver en bejar,slug match in the gazetteer
es-ES,es,Córdoba,AR,3860259,600,cosas que ver en cordoba,slug match in the gazetteer
es-ES,es,Zarautz,ES,3104316,600,que ver en zarautz,slug match in the gazetteer
es-ES,es,Penafiel,PT,2736469,600,que ver en peñafiel,slug match in the gazetteer
es-ES,es,Napoles,PH,1698160,600,que ver en nápoles,slug match in the gazetteer
es-ES,es,Chiang Mai,TH,1153671,600,que ver en chiang mai,slug match in the gazetteer
es-ES,es,Toro,CO,3666881,600,que ver en toro,slug match in the gazetteer
es-ES,es,Bern,CH,2661552,600,que ver en berna,"GeoNames alternate name berna resolved to Bern (CH), 1 candidates, most populous chosen"
es-ES,es,Setúbal,PT,2262963,600,que ver en setubal,slug match in the gazetteer
es-ES,es,Monaco,MC,2993458,600,que ver en monaco,slug match in the gazetteer
es-ES,es,Lucerna,HN,3605222,600,que ver en lucerna,slug match in the gazetteer
es-ES,es,Las Vegas,US,5506956,600,que ver en las vegas,slug match in the gazetteer
es-ES,es,Agaete,ES,2522423,600,que ver en agaete,slug match in the gazetteer
es-ES,es,Lekeitio,ES,3118523,600,que ver en lekeitio,slug match in the gazetteer
es-ES,es,Sabiñánigo,ES,3111185,600,que ver en sabiñanigo,slug match in the gazetteer
es-ES,es,Pamplona,ES,3114472,600,que ver en pamplona y alrededores,slug match in the gazetteer
es-ES,es,Guadix,ES,2516925,600,que ver en guadix,slug match in the gazetteer
es-ES,es,Vigo,ES,3105976,600,que ver en vigo y alrededores,slug match in the gazetteer
es-ES,es,Hanoi,VN,1581130,600,que ver en hanoi,slug match in the gazetteer
es-ES,es,Linares,MX,3524348,600,que ver en linares,slug match in the gazetteer
es-ES,es,Tarifa,ES,2510599,600,que ver en tarifa en un día,slug match in the gazetteer
es-ES,es,Calatayud,ES,3127047,600,que ver en calatayud,slug match in the gazetteer
es-ES,es,Ciudad Rodrigo,ES,3124963,600,que ver en ciudad rodrigo,slug match in the gazetteer
es-ES,es,Montblanc,ES,3116411,600,que ver en montblanc,slug match in the gazetteer
es-ES,es,Sorrento,IT,3166350,600,que ver en sorrento,slug match in the gazetteer
es-ES,es,Calella,ES,3127007,600,que ver en calella,slug match in the gazetteer
es-ES,es,Seoul,KR,1835848,600,que ver en seul,"GeoNames alternate name seul resolved to Seoul (KR), 1 candidates, most populous chosen"
es-ES,es,Vielha,ES,3105994,600,que ver en vielha,slug match in the gazetteer
es-ES,es,Ávila,ES,3129136,600,que ver en ávila en un día,slug match in the gazetteer
es-ES,es,Medellín,CO,3674962,500,que ver en medellin,slug match in the gazetteer
es-ES,es,Asturias,PH,1730032,500,cosas que ver en asturias,slug match in the gazetteer
es-ES,es,Toronto,CA,6167865,500,que ver en toronto,slug match in the gazetteer
es-ES,es,Palma,ES,2512989,500,que ver en palma,slug match in the gazetteer
es-ES,es,Benidorm,ES,2521088,500,que ver en benidorm y alrededores,slug match in the gazetteer
es-ES,es,Luanco,ES,3117862,500,que ver en luanco,slug match in the gazetteer
es-ES,es,Burgos,ES,3127461,500,que ver en burgos y alrededores,slug match in the gazetteer
es-ES,es,Chengdu,CN,1815286,500,que ver en chengdu,slug match in the gazetteer
es-ES,es,Manacor,ES,2514216,500,que ver en manacor,slug match in the gazetteer
es-ES,es,Torrejón de Ardoz,ES,3107784,500,que ver en torrejon de ardoz,slug match in the gazetteer
es-ES,es,Porto,PT,2735943,500,que ver en oporto en 3 días,"GeoNames alternate name oporto resolved to Porto (PT), 1 candidates, most populous chosen"
es-ES,es,Doha,QA,290030,500,que ver en doha,slug match in the gazetteer
es-ES,es,Andalucía,CO,3689905,500,que ver en andalucia,slug match in the gazetteer
es-ES,es,Jerez de los Caballeros,ES,2516325,500,que ver en jerez de los caballeros,slug match in the gazetteer
es-ES,es,Cabezón de la Sal,ES,3127224,500,que ver en cabezon de la sal,slug match in the gazetteer
es-ES,es,Tomelloso,ES,2510392,500,que ver en tomelloso,slug match in the gazetteer
es-ES,es,Pekin,US,4905599,500,que ver en pekin,slug match in the gazetteer
es-ES,es,Olivenza,ES,9883562,500,que ver en olivenza,slug match in the gazetteer
es-ES,es,Albufeira,PT,2272222,500,que ver en albufeira,slug match in the gazetteer
es-ES,es,Lucca,IT,3174530,500,que ver en lucca,slug match in the gazetteer
es-ES,es,Cullera,ES,2518949,500,que ver en cullera,slug match in the gazetteer
es-ES,es,Gdańsk,PL,3099434,500,que ver en gdansk,slug match in the gazetteer
es-ES,es,Toledo,US,5174035,500,cosas que ver en toledo,slug match in the gazetteer
es-ES,es,Guatemala City,GT,3598132,500,que ver en guatemala,"GeoNames alternate name guatemala resolved to Guatemala City (GT), 1 candidates, most populous chosen"
es-ES,es,Mojacar,ES,2513786,500,que ver en mojacar pueblo,"GeoNames alternate name mojacar pueblo resolved to Mojacar (ES), 1 candidates, most populous chosen"
es-ES,es,Cadiz,PH,1721168,500,que ver en cádiz,slug match in the gazetteer
es-ES,es,Burgos,ES,3127461,500,que ver en burgos y alrededores en 4 días,slug match in the gazetteer
es-ES,es,Palos de la Frontera,ES,2512950,500,que ver en palos de la frontera,slug match in the gazetteer
es-ES,es,Rute,ES,2511649,500,que ver en rute,slug match in the gazetteer
es-ES,es,Mogán,ES,2513798,500,que ver en mogan,slug match in the gazetteer
es-ES,es,Alcañiz,ES,3130606,500,que ver en alcañiz,slug match in the gazetteer
es-ES,es,Cedeira,ES,3125537,500,que ver en cedeira,slug match in the gazetteer
es-ES,es,Porto,PT,2735943,500,cosas que ver en oporto,"GeoNames alternate name oporto resolved to Porto (PT), 1 candidates, most populous chosen"
es-ES,es,Elvas,PT,2268615,500,que ver en elvas,slug match in the gazetteer
es-ES,es,Baza,ES,2521215,500,que ver en baza,slug match in the gazetteer
es-ES,es,Peniche,PT,2264923,500,que ver en peniche,slug match in the gazetteer
es-ES,es,Galway,IE,2964180,500,que ver en galway,slug match in the gazetteer
es-ES,es,Ourense,ES,3114965,500,que ver en orense,"GeoNames alternate name orense resolved to Ourense (ES), 1 candidates, most populous chosen"
es-ES,es,Berga,ES,3128201,500,que ver en berga,slug match in the gazetteer
es-ES,es,Tétouan,MA,2528910,500,que ver en tetuan,"GeoNames alternate name tetuan resolved to Tétouan (MA), 1 candidates, most populous chosen"
es-ES,es,Lourdes,FR,2997395,500,que ver en lourdes,slug match in the gazetteer
es-ES,es,Calahorra,ES,3127065,500,que ver en calahorra,slug match in the gazetteer
es-ES,es,Caldas de Reis,ES,3127034,500,que ver en caldas de reis,slug match in the gazetteer
es-ES,es,Lagos,NG,2332459,500,que ver en lagos,slug match in the gazetteer
es-ES,es,Nyu-York,UA,699751,500,que ver en new york,"GeoNames alternate name new york resolved to Nyu-York (UA), 2 candidates, most populous chosen"
es-ES,es,Bath,GB,2656173,500,que ver en bath,slug match in the gazetteer
es-ES,es,Camariñas,ES,3126915,500,que ver en camariñas,slug match in the gazetteer
es-ES,es,Arenas de San Pedro,ES,3129678,500,que ver en arenas de san pedro,slug match in the gazetteer
es-ES,es,Carboneras,ES,2520163,500,que ver en carboneras,slug match in the gazetteer
es-ES,es,Oxford,GB,2640729,500,que ver en oxford,slug match in the gazetteer
es-ES,es,Nîmes,FR,2990363,500,que ver en nimes,slug match in the gazetteer
es-ES,es,Tarazona,ES,3108308,500,que ver en tarazona,slug match in the gazetteer
es-ES,es,Empuriabrava,ES,3123473,500,que ver en empuriabrava,slug match in the gazetteer
es-ES,es,Ribadavia,ES,3111863,500,que ver en ribadavia,slug match in the gazetteer
es-ES,es,Medina del Campo,ES,3117010,500,que ver en medina del campo,slug match in the gazetteer
es-ES,es,Portugalete,ES,3113082,500,que ver en portugalete,slug match in the gazetteer
es-ES,es,Calasparra,ES,2520558,500,que ver en calasparra,slug match in the gazetteer
es-ES,es,Málaga,ES,2514256,500,que ver en málaga y alrededores,slug match in the gazetteer
es-ES,es,Reinosa,ES,3112075,500,que ver en reinosa,slug match in the gazetteer
es-ES,es,Agadir,MA,2561668,500,que ver en agadir,slug match in the gazetteer
es-ES,es,Teruel,ES,3108126,500,que ver en teruel y alrededores,slug match in the gazetteer
es-ES,es,Tafalla,ES,3108412,500,que ver en tafalla,slug match in the gazetteer
es-ES,es,Normandia,BR,6317687,500,que ver en normandia,slug match in the gazetteer
es-ES,es,Porto,PT,2735943,500,que ver en oporto y alrededores,"GeoNames alternate name oporto resolved to Porto (PT), 1 candidates, most populous chosen"
es-ES,es,Lisbon,PT,2267057,500,cosas que ver en lisboa,"GeoNames alternate name lisboa resolved to Lisbon (PT), 1 candidates, most populous chosen"
es-ES,es,Firgas,ES,2517717,450,que ver en firgas,slug match in the gazetteer
es-ES,es,Córdoba,AR,3860259,450,que ver en córdoba en 3 días,slug match in the gazetteer
es-ES,es,Tolosa,ES,3108008,450,que ver en tolosa,slug match in the gazetteer
es-ES,es,Roquetas de Mar,ES,2511716,450,que ver en roquetas de mar y alrededores,slug match in the gazetteer
es-ES,es,Málaga,ES,2514256,450,cosas que ver en malaga,slug match in the gazetteer
es-ES,es,Maspalomas,ES,2514042,450,que ver en maspalomas,slug match in the gazetteer
es-ES,es,Washington,US,4140963,450,que ver en washington,slug match in the gazetteer
es-ES,es,Cáceres,ES,2520611,450,que ver en cáceres y alrededores en 3 días,slug match in the gazetteer
es-ES,es,Las Palmas,MX,8858141,450,que ver en las palmas,slug match in the gazetteer
es-ES,es,Albacete,ES,2522258,450,que ver en albacete y alrededores,slug match in the gazetteer
es-ES,es,Lucena,PH,1705357,450,que ver en lucena,slug match in the gazetteer
es-ES,es,Infantes,ES,2516449,450,que ver en villanueva de los infantes,"GeoNames alternate name villanueva de los infantes resolved to Infantes (ES), 1 candidates, most populous chosen"
es-ES,es,Porto,PT,2735943,450,que ver en oporto en 2 días,"GeoNames alternate name oporto resolved to Porto (PT), 1 candidates, most populous chosen"
es-ES,es,Armenia,CO,3689560,450,que ver en armenia,slug match in the gazetteer
es-ES,es,Salamanca,MX,3988214,450,que ver en salamanca y alrededores,slug match in the gazetteer
es-ES,es,Gernika-Lumo,ES,3120989,450,que ver en guernica,"GeoNames alternate name guernica resolved to Gernika-Lumo (ES), 1 candidates, most populous chosen"
es-ES,es,Teruel,ES,3108126,450,que ver en teruel y alrededores en 4 días,slug match in the gazetteer
es-ES,es,Bogotá,CO,3688689,450,que ver en bogota,slug match in the gazetteer
es-ES,es,Funchal,PT,2267827,450,que ver en funchal,slug match in the gazetteer
es-ES,es,Baden-Baden,DE,2953504,450,que ver en baden baden,slug match in the gazetteer
es-ES,es,Palamós,ES,3114566,450,que ver en palamos,slug match in the gazetteer
es-ES,es,Llanes,ES,3118304,450,que ver en llanes y alrededores,slug match in the gazetteer
es-ES,es,Santa Cruz de la Palma,ES,2511180,450,que ver en santa cruz de la palma,slug match in the gazetteer
es-ES,es,Chinchón,ES,3125144,450,que ver en chinchón,slug match in the gazetteer
es-ES,es,Malpica,ES,3117606,450,que ver en malpica,slug match in the gazetteer
es-ES,es,Winona,US,5053156,450,que ver en oña,"GeoNames alternate name oña resolved to Winona (US), 1 candidates, most populous chosen"
es-ES,es,Eindhoven,NL,2756253,450,que ver en eindhoven,slug match in the gazetteer
es-ES,es,Ena,JP,6822220,450,que ver en ayna,"GeoNames alternate name ayna resolved to Ena (JP), 1 candidates, most populous chosen"
es-ES,es,Segovia,ES,3109256,450,que ver en segovia y alrededores,slug match in the gazetteer
es-ES,es,Orlando,US,4167147,450,que ver en orlando,slug match in the gazetteer
es-ES,es,Benalmádena,ES,2521139,450,que ver en benalmádena,slug match in the gazetteer
es-ES,es,Ronda,ES,2511730,450,que ver en ronda y alrededores,slug match in the gazetteer
es-ES,es,Hiroshima,JP,1862415,450,que ver en hiroshima,slug match in the gazetteer
es-ES,es,Vic,ES,3106050,450,que ver en vic,slug match in the gazetteer
es-ES,es,Zaragoza,ES,3104324,450,que ver en zaragoza en un día,slug match in the gazetteer
es-ES,es,Tromsø,NO,3133895,450,que ver en tromso,slug match in the gazetteer
es-ES,es,Phuket,TH,1151254,450,que ver en phuket,slug match in the gazetteer
es-ES,es,Reykjavík,IS,3413829,450,que ver en reikiavik,"GeoNames alternate name reikiavik resolved to Reykjavík (IS), 1 candidates, most populous chosen"
es-ES,es,Budapest,HU,3054643,450,que ver en budapest en 3 días,slug match in the gazetteer
es-ES,es,San Ildefonso,ES,3110581,450,que ver en la granja de san ildefonso,"GeoNames alternate name la granja de san ildefonso resolved to San Ildefonso (ES), 1 candidates, most populous chosen"
es-ES,es,Malmö,SE,2692969,450,que ver en malmo,slug match in the gazetteer
es-ES,es,Lima,PE,3936456,450,que ver en lima,slug match in the gazetteer
es-ES,es,Inverness,GB,2646088,450,que ver en inverness,slug match in the gazetteer
es-ES,es,Lào Cai,VN,1576303,450,que ver en laos,"GeoNames alternate name laos resolved to Lào Cai (VN), 1 candidates, most populous chosen"
es-ES,es,Cadiz,PH,1721168,450,que ver en cadiz y alrededores,slug match in the gazetteer
es-ES,es,Benicarló,ES,3128273,450,que ver en benicarlo,slug match in the gazetteer
es-ES,es,Puerto del Rosario,ES,2512186,450,que ver en puerto del rosario,slug match in the gazetteer
es-ES,es,Belmonte,BR,3470137,450,que ver en belmonte,slug match in the gazetteer
es-ES,es,Zadar,HR,3186952,450,que ver en zadar,slug match in the gazetteer
es-ES,es,Moratalla,ES,2513562,450,que ver en moratalla,slug match in the gazetteer
es-ES,es,Takayama,JP,1850892,450,que ver en takayama,slug match in the gazetteer
es-ES,es,Zanzibar,TZ,148730,450,que ver en zanzibar,slug match in the gazetteer
es-ES,es,Milan,IT,3173435,450,que ver en milán,slug match in the gazetteer
es-ES,es,Porto,PT,2735943,400,que ver en oporto en 4 días,"GeoNames alternate name oporto resolved to Porto (PT), 1 candidates, most populous chosen"
es-ES,es,Tarragona,ES,3108288,400,que ver en tarragona y alrededores,slug match in the gazetteer
es-ES,es,Capri,IT,3180630,400,que ver en capri,slug match in the gazetteer
es-ES,es,Denia,ES,2518878,400,que ver en denia y alrededores,slug match in the gazetteer
es-ES,es,Jaca,ES,3120211,400,que ver en jaca y alrededores,slug match in the gazetteer
es-ES,es,Mazarrón,ES,2513983,400,que ver en mazarron,slug match in the gazetteer
es-ES,es,Almendralejo,ES,2521893,400,que ver en almendralejo,slug match in the gazetteer
es-ES,es,Toledo,US,5174035,400,que ver en toledo y alrededores,slug match in the gazetteer
es-ES,es,Cangas do Morrazo,ES,3126577,400,que ver en cangas,"GeoNames alternate name cangas resolved to Cangas do Morrazo (ES), 2 candidates, most populous chosen"
es-ES,es,Nara,ML,2453079,400,que ver en nara,slug match in the gazetteer
es-ES,es,Bristol,GB,2654675,400,que ver en bristol,slug match in the gazetteer
es-ES,es,Chiclana de la Frontera,ES,2519513,400,que ver en chiclana de la frontera,slug match in the gazetteer
es-ES,es,Macedonia,US,5161539,400,que ver en macedonia,slug match in the gazetteer
es-ES,es,Avignon,FR,3035681,400,que ver en avignon,slug match in the gazetteer
es-ES,es,Ubrique,ES,2510112,400,que ver en ubrique,slug match in the gazetteer
es-ES,es,Gibraltar,GI,2411585,400,que ver en calpe y alrededores,"GeoNames alternate name calpe resolved to Gibraltar (GI), 2 candidates, most populous chosen"
es-ES,es,Bilbao,ES,3128026,400,que ver en bilbao en un día,slug match in the gazetteer
es-ES,es,Requena,PE,3692895,400,que ver en requena,slug match in the gazetteer
es-ES,es,Mieres,ES,3116789,400,que ver en mieres,slug match in the gazetteer
es-ES,es,Shanghai,CN,1796236,400,que ver en shanghai,slug match in the gazetteer
es-ES,es,Granada,ES,2517117,400,que ver en granada en 3 días,slug match in the gazetteer
es-ES,es,Sarajevo,BA,3191281,400,que ver en sarajevo,slug match in the gazetteer
es-ES,es,Estoril,PT,2268436,400,que ver en estoril,slug match in the gazetteer
es-ES,es,Rennes,FR,2983990,400,que ver en rennes,slug match in the gazetteer
es-ES,es,Bueu,ES,3127538,400,que ver en bueu,slug match in the gazetteer
es-ES,es,Manzanares,ES,2514190,400,que ver en manzanares,slug match in the gazetteer
es-ES,es,Arzúa,ES,3129293,400,que ver en arzua,slug match in the gazetteer
es-ES,es,Tabarka,TN,2464871,400,que ver en tabarca,"GeoNames alternate name tabarca resolved to Tabarka (TN), 1 candidates, most populous chosen"
es-ES,es,Águilas,ES,2522333,400,que ver en aguilas,slug match in the gazetteer
es-ES,es,Candelaria de La Frontera,SV,3587157,400,que ver en candelario,"GeoNames alternate name candelario resolved to Candelaria de La Frontera (SV), 1 candidates, most populous chosen"
es-ES,es,Córdoba,AR,3860259,400,que ver en córdoba en un día,slug match in the gazetteer
es-ES,es,Vera,AR,3833027,400,que ver en vera,slug match in the gazetteer
es-ES,es,Campo de Criptana,ES,2520413,400,que ver en campo de criptana,slug match in the gazetteer
es-ES,es,Prades,FR,2985653,400,que ver en prades,slug match in the gazetteer
es-ES,es,Zamora,ES,3104342,400,que ver en zamora y alrededores,slug match in the gazetteer
es-ES,es,Chongqing,CN,1814906,400,que ver en chongqing,slug match in the gazetteer
es-ES,es,Pollença,ES,2512432,400,que ver en pollensa,"GeoNames alternate name pollensa resolved to Pollença (ES), 1 candidates, most populous chosen"
es-ES,es,Ortigueira,BR,3455777,400,que ver en ortigueira,slug match in the gazetteer
es-ES,es,Skopje,MK,785842,400,que ver en skopje,slug match in the gazetteer
es-ES,es,Montréal,CA,6077243,400,que ver en montreal,slug match in the gazetteer
es-ES,es,Garrucha,ES,2517310,400,que ver en garrucha,slug match in the gazetteer
es-ES,es,Lisbon,PT,2267057,400,que ver en lisboa y alrededores,"GeoNames alternate name lisboa resolved to Lisbon (PT), 1 candidates, most populous chosen"
es-ES,es,Telde,ES,2510542,400,que ver en telde,slug match in the gazetteer
es-ES,es,Lerma,MX,3524388,400,que ver en lerma,slug match in the gazetteer
es-ES,es,Pompei,IT,3170335,400,que ver en pompeya,"GeoNames alternate name pompeya resolved to Pompei (IT), 1 candidates, most populous chosen"
es-ES,es,Alcázar de San Juan,ES,2522131,400,que ver en alcazar de san juan,slug match in the gazetteer
es-ES,es,Utrecht,NL,2745912,400,que ver en utrecht,slug match in the gazetteer
es-ES,es,Cannes,FR,3028808,400,que ver en cannes,slug match in the gazetteer
es-ES,es,Leuven,BE,2792482,400,que ver en lovaina,"GeoNames alternate name lovaina resolved to Leuven (BE), 1 candidates, most populous chosen"
es-ES,es,Puigcerdà,ES,3112680,350,que ver en puigcerda,slug match in the gazetteer
es-ES,es,Lalín,ES,3119536,350,que ver en lalin,slug match in the gazetteer
es-ES,es,Béziers,FR,3032833,350,que ver en beziers,slug match in the gazetteer
es-ES,es,Torrox,ES,2510245,350,que ver en torrox,slug match in the gazetteer
es-ES,es,Murcia,ES,2513416,350,que ver en murcia y alrededores,slug match in the gazetteer
es-ES,es,Lecce,IT,3174953,350,que ver en lecce,slug match in the gazetteer
es-ES,es,Porto Cristo,ES,2512378,350,que ver en porto cristo,slug match in the gazetteer
es-ES,es,Cáceres,ES,2520611,350,que ver en cáceres en un día,slug match in the gazetteer
es-ES,es,Cardiff,GB,2653822,350,que ver en cardiff,slug match in the gazetteer
es-ES,es,Prague,CZ,3067696,350,cosas que ver en praga,"GeoNames alternate name praga resolved to Prague (CZ), 1 candidates, most populous chosen"
es-ES,es,Daimiel,ES,2518924,350,que ver en daimiel,slug match in the gazetteer
es-ES,es,San Sebastián,GT,3589548,350,que ver en san sebastián en un día,slug match in the gazetteer
es-ES,es,Lepe,ES,2515072,350,que ver en lepe,slug match in the gazetteer
es-ES,es,Carcassonne,FR,3028641,350,que ver en carcasona,"GeoNames alternate name carcasona resolved to Carcassonne (FR), 1 candidates, most populous chosen"
es-ES,es,Lérida,CO,3676626,350,que ver en lerida,slug match in the gazetteer
es-ES,es,La Bañeza,ES,3119979,350,que ver en la bañeza,slug match in the gazetteer
es-ES,es,Toledo,US,5174035,350,que ver en toledo en un día,slug match in the gazetteer
es-ES,es,Chaves,BR,3402199,350,que ver en chaves,slug match in the gazetteer
es-ES,es,Salerno,IT,3168673,350,que ver en salerno,slug match in the gazetteer
es-ES,es,La Rochelle,FR,3006787,350,que ver en la rochelle,slug match in the gazetteer
es-ES,es,Lisbon,PT,2267057,350,que ver en lisboa en 2 días,"GeoNames alternate name lisboa resolved to Lisbon (PT), 1 candidates, most populous chosen"
es-ES,es,Cagliari,IT,2525473,350,que ver en cagliari,slug match in the gazetteer
es-ES,es,Segorbe,ES,2510972,350,que ver en segorbe,slug match in the gazetteer
es-ES,es,Gáldar,ES,2517436,350,que ver en galdar,slug match in the gazetteer
es-ES,es,Gijón,ES,3121424,350,que ver en gijon y alrededores,slug match in the gazetteer
es-ES,es,Sant Feliu de Guíxols,ES,3110643,350,que ver en sant feliu de guixols,slug match in the gazetteer
es-ES,es,Nazaré,BR,3456366,350,que ver en nazare,slug match in the gazetteer
es-ES,es,Kyoto,JP,1857910,350,que ver en kyoto,slug match in the gazetteer
es-ES,es,Almuñécar,ES,2521847,350,que ver en almuñécar,slug match in the gazetteer
es-ES,es,El Salvador,PH,1713911,350,que ver en el salvador,slug match in the gazetteer
es-ES,es,Gerona,PH,1713004,350,que ver en gerona,slug match in the gazetteer
es-ES,es,Ciutadella,ES,3124967,350,que ver en ciutadella,slug match in the gazetteer
es-ES,es,Coria,ES,2519234,350,que ver en coria,slug match in the gazetteer
es-ES,es,Vilnius,LT,593116,350,que ver en vilna,"GeoNames alternate name vilna resolved to Vilnius (LT), 1 candidates, most populous chosen"
es-ES,es,Tarancón,ES,3108317,350,que ver en tarancon,slug match in the gazetteer
es-ES,es,Avilés,ES,3129135,350,que ver en avilés,slug match in the gazetteer
es-ES,es,Almansa,ES,2521923,350,que ver en almansa,slug match in the gazetteer
es-ES,es,Llerena,ES,2515002,350,que ver en llerena,slug match in the gazetteer
es-ES,es,Albania,CO,3690250,350,que ver en albania en una semana,slug match in the gazetteer
es-ES,es,Bremen,DE,2944388,350,que ver en bremen,slug match in the gazetteer
es-ES,es,La Valette-du-Var,FR,3005825,350,que ver en la valeta,"GeoNames alternate name la valeta resolved to La Valette-du-Var (FR), 2 candidates, most populous chosen"
es-ES,es,Gijón,ES,3121424,350,que ver en gijón en un día,slug match in the gazetteer
es-ES,es,Alora,ES,2521840,350,que ver en alora,slug match in the gazetteer
es-ES,es,Paris 18 Buttes-Montmartre,FR,3029374,350,que ver en montmartre,"GeoNames alternate name montmartre resolved to Paris 18 Buttes-Montmartre (FR), 1 candidates, most populous chosen"
es-ES,es,Livorno,IT,3174659,350,que ver en livorno,slug match in the gazetteer
es-ES,es,Granada,ES,2517117,350,que ver en granada en un día,slug match in the gazetteer
es-ES,es,Burela de Cabo,ES,3127476,350,que ver en burela,"GeoNames alternate name burela resolved to Burela de Cabo (ES), 2 candidates, most populous chosen"
es-ES,es,Castelló de la Plana,ES,2519752,350,que ver en castellón,"GeoNames alternate name castellón resolved to Castelló de la Plana (ES), 1 candidates, most populous chosen"
es-ES,es,León,NI,3618030,350,que ver en león y alrededores en 3 días,slug match in the gazetteer
es-ES,es,Segovia,ES,3109256,350,que ver en segovia en un día,slug match in the gazetteer
es-ES,es,Corralejo,ES,2519217,350,que ver en corralejo,slug match in the gazetteer
es-ES,es,Albania,CO,3690250,350,que ver en albania en 7 días,slug match in the gazetteer
es-ES,es,Wrocław,PL,3081368,350,que ver en wroclaw,slug match in the gazetteer
es-ES,es,Salamanca,MX,3988214,350,cosas que ver en salamanca,slug match in the gazetteer
fr-FR,fr,Lyon,FR,2996944,9300,que faire a lyon,slug match in the gazetteer
fr-FR,fr,Lyon,FR,2996944,7100,que faire a lyon ce weekend,slug match in the gazetteer
fr-FR,fr,Bordeaux,FR,3031582,6600,que faire a bordeaux,slug match in the gazetteer
fr-FR,fr,Marseille,FR,2995469,5900,que faire a marseille,slug match in the gazetteer
fr-FR,fr,Marrakesh,MA,2542997,5500,que faire a marrakech,"GeoNames alternate name marrakech resolved to Marrakesh (MA), 1 candidates, most populous chosen"
fr-FR,fr,Amsterdam,NL,2759794,5100,que faire a amsterdam,slug match in the gazetteer
fr-FR,fr,Porto,PT,2735943,5000,que faire a porto,slug match in the gazetteer
fr-FR,fr,Lille,FR,2998324,4700,que faire a lille,slug match in the gazetteer
fr-FR,fr,Lyon,FR,2996944,4100,que faire a lyon ce week end,slug match in the gazetteer
fr-FR,fr,Barcelona,ES,3128760,4000,que faire a barcelone,"GeoNames alternate name barcelone resolved to Barcelona (ES), 1 candidates, most populous chosen"
fr-FR,fr,Madrid,ES,3117735,3900,que faire a madrid,slug match in the gazetteer
fr-FR,fr,Annecy,FR,3037543,3800,que faire a annecy,slug match in the gazetteer
fr-FR,fr,Milan,IT,3173435,3600,que faire a milan,slug match in the gazetteer
fr-FR,fr,Copenhagen,DK,2618425,3600,que faire a copenhague,"GeoNames alternate name copenhague resolved to Copenhagen (DK), 1 candidates, most populous chosen"
fr-FR,fr,Nantes,FR,2990969,3500,que faire a nantes,slug match in the gazetteer
fr-FR,fr,La Rochelle,FR,3006787,3500,que faire a la rochelle,slug match in the gazetteer
fr-FR,fr,Lisbon,PT,2267057,3000,que faire a lisbonne,"GeoNames alternate name lisbonne resolved to Lisbon (PT), 1 candidates, most populous chosen"
it-IT,it,Palermo,IT,2523920,17000,cosa vedere a palermo,slug match in the gazetteer
it-IT,it,Naples,IT,3172394,17000,cosa vedere a napoli,"GeoNames alternate name napoli resolved to Naples (IT), 1 candidates, most populous chosen"
it-IT,it,Vienna,AT,2761369,11000,cosa vedere a vienna,slug match in the gazetteer
it-IT,it,Turin,IT,3165524,11000,cosa vedere a torino,"GeoNames alternate name torino resolved to Turin (IT), 1 candidates, most populous chosen"
it-IT,it,Roma,LS,932151,11000,cosa vedere a roma,slug match in the gazetteer
it-IT,it,Budapest,HU,3054643,10000,cosa vedere a budapest,slug match in the gazetteer
it-IT,it,Madrid,ES,3117735,10000,cosa vedere a madrid,slug match in the gazetteer
it-IT,it,Prague,CZ,3067696,9300,cosa vedere a praga,"GeoNames alternate name praga resolved to Prague (CZ), 1 candidates, most populous chosen"
it-IT,it,Milan,IT,3173435,9100,cosa vedere a milano,"GeoNames alternate name milano resolved to Milan (IT), 1 candidates, most populous chosen"
it-IT,it,Paris,FR,2988507,9000,cosa vedere a parigi,exonym parigi resolved to Paris (FR)
it-IT,it,Barcelona,ES,3128760,8700,cosa vedere a barcellona,"GeoNames alternate name barcellona resolved to Barcelona (ES), 2 candidates, most populous chosen"
it-IT,it,Florence,IT,3176959,8300,cosa vedere a firenze,"GeoNames alternate name firenze resolved to Florence (IT), 1 candidates, most populous chosen"
it-IT,it,London,GB,2643743,8100,cosa vedere a londra,exonym londra resolved to London (GB)
it-IT,it,Catania,IT,2525068,7500,cosa vedere a catania,slug match in the gazetteer
it-IT,it,Trieste,IT,3165185,6900,cosa vedere a trieste,slug match in the gazetteer
it-IT,it,Padua,IT,3171728,6700,cosa vedere a padova,"GeoNames alternate name padova resolved to Padua (IT), 1 candidates, most populous chosen"
it-IT,it,Valencia,VE,3625549,6600,cosa vedere a valencia,slug match in the gazetteer
it-IT,it,Lisbon,PT,2267057,6500,cosa vedere a lisbona,"GeoNames alternate name lisbona resolved to Lisbon (PT), 1 candidates, most populous chosen"
it-IT,it,Venice,IT,3164603,6300,cosa vedere a venezia,exonym venezia resolved to Venice (IT)
it-IT,it,Naples,IT,3172394,5900,cosa vedere a napoli in 3 giorni,"GeoNames alternate name napoli resolved to Naples (IT), 1 candidates, most populous chosen"
it-IT,it,Mantua,IT,3174051,5900,cosa vedere a mantova,"GeoNames alternate name mantova resolved to Mantua (IT), 1 candidates, most populous chosen"
it-IT,it,Ferrara,IT,3177090,5600,cosa vedere a ferrara,slug match in the gazetteer
it-IT,it,Bari,IT,3182351,5500,cosa vedere a bari,slug match in the gazetteer
it-IT,it,Malta,BR,3395720,5400,cosa vedere a malta,slug match in the gazetteer
it-IT,it,Génova,CO,3682068,5100,cosa vedere a genova,slug match in the gazetteer
it-IT,it,Sevilla,ES,2510911,5000,cosa vedere a siviglia,exonym siviglia resolved to Sevilla (ES)
it-IT,it,Siena,IT,3166548,4900,cosa vedere a siena,slug match in the gazetteer
it-IT,it,Trento,IT,3165243,4800,cosa vedere a trento,slug match in the gazetteer
it-IT,it,Pisa,IT,3170647,4700,cosa vedere a pisa,slug match in the gazetteer
it-IT,it,Brussels,BE,2800866,4700,cosa vedere a bruxelles,exonym bruxelles resolved to Brussels (BE)
it-IT,it,Matera,IT,3173721,4700,cosa vedere a matera,slug match in the gazetteer
it-IT,it,Perugia,IT,3171180,4400,cosa vedere a perugia,slug match in the gazetteer
it-IT,it,Lucca,IT,3174530,4200,cosa vedere a lucca,slug match in the gazetteer
it-IT,it,Bucharest,RO,683506,4200,cosa vedere a bucarest,"GeoNames alternate name bucarest resolved to Bucharest (RO), 1 candidates, most populous chosen"
it-IT,it,Nyu-York,UA,699751,4200,cosa vedere a new york,"GeoNames alternate name new york resolved to Nyu-York (UA), 2 candidates, most populous chosen"
it-IT,it,Parma,IT,3171457,4000,cosa vedere a parma,slug match in the gazetteer
it-IT,it,Málaga,ES,2514256,3800,cosa vedere a malaga,slug match in the gazetteer
it-IT,it,Lecce,IT,3174953,3800,cosa vedere a lecce,slug match in the gazetteer
it-IT,it,Bolzano,IT,3181913,3600,cosa vedere a bolzano,slug match in the gazetteer
it-IT,it,Copenhagen,DK,2618425,3600,cosa vedere a copenaghen,"GeoNames alternate name copenaghen resolved to Copenhagen (DK), 1 candidates, most populous chosen"
it-IT,it,Munich,DE,2867714,3500,cosa vedere a monaco di baviera,exonym monaco di baviera resolved to Munich (DE)
it-IT,it,Sofia,BG,727011,3400,cosa vedere a sofia,slug match in the gazetteer
it-IT,it,Treviso,IT,3165201,3400,cosa vedere a treviso,slug match in the gazetteer
it-IT,it,Polignano a Mare,IT,3170382,3400,polignano a mare cosa vedere,slug match in the gazetteer
it-IT,it,Naples,IT,3172394,3300,cosa vedere a napoli in un giorno,"GeoNames alternate name napoli resolved to Naples (IT), 1 candidates, most populous chosen"
it-IT,it,Dublin,IE,2964574,3200,cosa vedere a dublino,exonym dublino resolved to Dublin (IE)
it-IT,it,Modena,IT,3173331,3200,cosa vedere a modena,slug match in the gazetteer
it-IT,it,Roma,LS,932151,3100,cosa vedere a roma in 3 giorni,slug match in the gazetteer
it-IT,it,Vienna,AT,2761369,3100,cosa vedere a vienna in 3 giorni,slug match in the gazetteer
it-IT,it,Nice,FR,2990440,3100,cosa vedere a nizza,exonym nizza resolved to Nice (FR)
it-IT,it,Barcelona,ES,3128760,3100,cosa vedere a barcellona in 3 giorni,"GeoNames alternate name barcellona resolved to Barcelona (ES), 2 candidates, most populous chosen"
it-IT,it,Gubbio,IT,3175687,3000,cosa vedere a gubbio,slug match in the gazetteer
it-IT,it,Kraków,PL,3094802,3000,cosa vedere a cracovia,"GeoNames alternate name cracovia resolved to Kraków (PL), 1 candidates, most populous chosen"
it-IT,it,Milan,IT,3173435,3000,cosa vedere a milano in un giorno,"GeoNames alternate name milano resolved to Milan (IT), 1 candidates, most populous chosen"
it-IT,it,Bergamo,IT,3182164,3000,cosa vedere a bergamo,slug match in the gazetteer
it-IT,it,Verona,IT,3164527,3000,cosa vedere a verona in un giorno,slug match in the gazetteer
it-IT,it,Porto,PT,2735943,2900,cosa vedere a porto,slug match in the gazetteer
it-IT,it,Cagliari,IT,2525473,2900,cosa vedere a cagliari,slug match in the gazetteer
it-IT,it,Budapest,HU,3054643,2900,cosa vedere a budapest in 3 giorni,slug match in the gazetteer
it-IT,it,Siracusa,IT,2523083,2800,cosa vedere a siracusa,slug match in the gazetteer
it-IT,it,Marseille,FR,2995469,2800,cosa vedere a marsiglia,exonym marsiglia resolved to Marseille (FR)
it-IT,it,Turin,IT,3165524,2700,cosa vedere a torino in un giorno,"GeoNames alternate name torino resolved to Turin (IT), 1 candidates, most populous chosen"
it-IT,it,Rimini,IT,3169361,2700,cosa vedere a rimini,slug match in the gazetteer
it-IT,it,Istanbul,TR,745044,2700,cosa vedere a istanbul,slug match in the gazetteer
it-IT,it,Valencia,VE,3625549,2700,cosa vedere a valencia in 3 giorni,slug match in the gazetteer
it-IT,it,Ravenna,IT,3169561,2600,cosa vedere a ravenna,slug match in the gazetteer
it-IT,it,Livorno,IT,3174659,2600,cosa vedere a livorno,slug match in the gazetteer
it-IT,it,San Marino,US,5392400,2600,cosa vedere a san marino,slug match in the gazetteer
it-IT,it,Madrid,ES,3117735,2600,cosa vedere a madrid in 3 giorni,slug match in the gazetteer
it-IT,it,Stockholm,SE,2673730,2500,cosa vedere a stoccolma,"GeoNames alternate name stoccolma resolved to Stockholm (SE), 1 candidates, most populous chosen"
it-IT,it,Tirana,AL,3183875,2500,cosa vedere a tirana,slug match in the gazetteer
it-IT,it,Marrakesh,MA,2542997,2500,cosa vedere a marrakech,"GeoNames alternate name marrakech resolved to Marrakesh (MA), 1 candidates, most populous chosen"
it-IT,it,Salerno,IT,3168673,2500,cosa vedere a salerno,slug match in the gazetteer
it-IT,it,Florence,IT,3176959,2500,cosa vedere a firenze in un giorno,"GeoNames alternate name firenze resolved to Florence (IT), 1 candidates, most populous chosen"
it-IT,it,Como,IT,3178229,2500,cosa vedere a como,slug match in the gazetteer
it-IT,it,Warsaw,PL,756135,2400,cosa vedere a varsavia,"GeoNames alternate name varsavia resolved to Warsaw (PL), 1 candidates, most populous chosen"
it-IT,it,Prague,CZ,3067696,2400,cosa vedere a praga in 3 giorni,"GeoNames alternate name praga resolved to Prague (CZ), 1 candidates, most populous chosen"
it-IT,it,Dubai,AE,292223,2400,cosa vedere a dubai,slug match in the gazetteer
it-IT,it,Piacenza,IT,3171058,2300,cosa vedere a piacenza,slug match in the gazetteer
it-IT,it,Sorrento,IT,3166350,2300,cosa vedere a sorrento,slug match in the gazetteer
it-IT,it,Berlin,DE,2950159,2300,cosa vedere a berlino,"GeoNames alternate name berlino resolved to Berlin (DE), 2 candidates, most populous chosen"
it-IT,it,Sevilla,ES,2510911,2300,cosa vedere a siviglia in 3 giorni,exonym siviglia resolved to Sevilla (ES)
it-IT,it,London,GB,2643743,2300,cosa vedere a londra in 3 giorni,exonym londra resolved to London (GB)
it-IT,it,Pavia,IT,3171366,2300,cosa vedere a pavia,slug match in the gazetteer
it-IT,it,Bologna,IT,3181928,2200,cosa vedere a bologna in un giorno,slug match in the gazetteer
it-IT,it,Lisbon,PT,2267057,2200,cosa vedere a lisbona in 3 giorni,"GeoNames alternate name lisbona resolved to Lisbon (PT), 1 candidates, most populous chosen"
it-IT,it,Tokyo,JP,1850147,2200,cosa vedere a tokyo,slug match in the gazetteer
it-IT,it,Brescia,IT,3181554,2200,cosa vedere a brescia,slug match in the gazetteer
it-IT,it,Viterbo,IT,3164039,2200,cosa vedere a viterbo,slug match in the gazetteer
it-IT,it,Taormina,IT,2522975,2100,cosa vedere a taormina,slug match in the gazetteer
it-IT,it,Noto,IT,2523998,2100,cosa vedere a noto,slug match in the gazetteer
it-IT,it,Paris,FR,2988507,2100,cosa vedere a parigi in 3 giorni,exonym parigi resolved to Paris (FR)
it-IT,it,Cremona,IT,3177838,2100,cosa vedere a cremona,slug match in the gazetteer
it-IT,it,Marsala,IT,2524245,2000,cosa vedere a marsala,slug match in the gazetteer
it-IT,it,Reggio nell'Emilia,IT,3169522,2000,cosa vedere a reggio emilia,"GeoNames alternate name reggio emilia resolved to Reggio nell'Emilia (IT), 1 candidates, most populous chosen"
it-IT,it,Santa Cruz de Tenerife,ES,2511174,2000,cosa vedere a tenerife,"GeoNames alternate name tenerife resolved to Santa Cruz de Tenerife (ES), 2 candidates, most populous chosen"
it-IT,it,Venice,IT,3164603,1900,cosa vedere a venezia in un giorno,exonym venezia resolved to Venice (IT)
it-IT,it,Merano,IT,3173577,1900,cosa vedere a merano,slug match in the gazetteer
it-IT,it,Tropea,IT,2522847,1900,cosa vedere a tropea,slug match in the gazetteer
it-IT,it,Sirmione,IT,3166499,1900,cosa vedere a sirmione,slug match in the gazetteer
it-IT,it,Modica,IT,2524119,1900,cosa vedere a modica,slug match in the gazetteer
it-IT,it,Oslo,NO,3143244,1800,cosa vedere a oslo,slug match in the gazetteer
it-IT,it,Spoleto,IT,3166236,1800,cosa vedere a spoleto,slug match in the gazetteer
it-IT,it,Pescara,IT,3171168,1800,cosa vedere a pescara,slug match in the gazetteer
it-IT,it,Capri,IT,3180630,1800,cosa vedere a capri,slug match in the gazetteer
it-IT,it,Lugano,CH,2659836,1700,cosa vedere a lugano,slug match in the gazetteer
it-IT,it,Padua,IT,3171728,1700,cosa vedere a padova in un giorno,"GeoNames alternate name padova resolved to Padua (IT), 1 candidates, most populous chosen"
it-IT,it,Innsbruck,AT,2775220,1700,cosa vedere a innsbruck,slug match in the gazetteer
it-IT,it,Edinburgh,GB,2650225,1700,cosa vedere a edimburgo,exonym edimburgo resolved to Edinburgh (GB)
it-IT,it,Granada,ES,2517117,1700,cosa vedere a granada,slug match in the gazetteer
it-IT,it,Turin,IT,3165524,1700,cosa vedere a torino in 3 giorni,"GeoNames alternate name torino resolved to Turin (IT), 1 candidates, most populous chosen"
it-IT,it,Ferrara,IT,3177090,1700,cosa vedere a ferrara in un giorno,slug match in the gazetteer
it-IT,it,Palma,ES,2512989,1700,cosa vedere a palma di maiorca,"GeoNames alternate name palma di maiorca resolved to Palma (ES), 1 candidates, most populous chosen"
it-IT,it,Vicenza,IT,3164419,1700,cosa vedere a vicenza,slug match in the gazetteer
it-IT,it,Ljubljana,SI,3196359,1600,cosa vedere a lubiana,exonym lubiana resolved to Ljubljana (SI)
it-IT,it,Bilbao,ES,3128026,1600,cosa vedere a bilbao,slug match in the gazetteer
it-IT,it,Chioggia,IT,3178784,1600,cosa vedere a chioggia,slug match in the gazetteer
it-IT,it,Ischia,IT,3175458,1600,cosa vedere a ischia,slug match in the gazetteer
it-IT,it,Udine,IT,3165072,1600,cosa vedere a udine,slug match in the gazetteer
it-IT,it,Lyon,FR,2996944,1600,cosa vedere a lione,"GeoNames alternate name lione resolved to Lyon (FR), 1 candidates, most populous chosen"
it-IT,it,Vienna,AT,2761369,1600,cosa vedere a vienna in 2 giorni,slug match in the gazetteer
it-IT,it,Perugia,IT,3171180,1600,cosa vedere a perugia in un giorno,slug match in the gazetteer
it-IT,it,Orvieto,IT,3171874,1600,cosa vedere a orvieto,slug match in the gazetteer
it-IT,it,Ostuni,IT,3171786,1500,cosa vedere a ostuni,slug match in the gazetteer
it-IT,it,Messina,IT,2524170,1500,cosa vedere a messina,slug match in the gazetteer
it-IT,it,Parma,IT,3171457,1500,cosa vedere a parma in un giorno,slug match in the gazetteer
it-IT,it,Zagreb,HR,3186886,1500,cosa vedere a zagabria,"GeoNames alternate name zagabria resolved to Zagreb (HR), 1 candidates, most populous chosen"
it-IT,it,Manchester,GB,2643123,1500,cosa vedere a manchester,slug match in the gazetteer
it-IT,it,Monza,IT,3172629,1500,cosa vedere a monza,slug match in the gazetteer
it-IT,it,Pesaro,IT,3171173,1500,cosa vedere a pesaro,slug match in the gazetteer
it-IT,it,Gallipoli,IT,3176366,1400,cosa vedere a gallipoli,slug match in the gazetteer
it-IT,it,Génova,CO,3682068,1400,cosa vedere a genova in un giorno,slug match in the gazetteer
it-IT,it,Los Angeles,US,5368361,1400,cosa vedere a los angeles,slug match in the gazetteer
it-IT,it,Mykonos,GR,257056,1400,cosa vedere a mykonos,slug match in the gazetteer
it-IT,it,Ragusa,IT,2523650,1400,cosa vedere a ragusa,slug match in the gazetteer
it-IT,it,Brindisi,IT,3181528,1400,cosa vedere a brindisi,slug match in the gazetteer
it-IT,it,Reggio Calabria,IT,2523630,1400,cosa vedere a reggio calabria,slug match in the gazetteer
it-IT,it,Kraków,PL,3094802,1400,cosa vedere a cracovia in 3 giorni,"GeoNames alternate name cracovia resolved to Kraków (PL), 1 candidates, most populous chosen"
it-IT,it,La Spezia,IT,3175081,1400,cosa vedere a la spezia,slug match in the gazetteer
it-IT,it,Córdoba,AR,3860259,1300,cosa vedere a cordoba,slug match in the gazetteer
it-IT,it,Trieste,IT,3165185,1300,cosa vedere a trieste in un giorno,slug match in the gazetteer
it-IT,it,Florence,IT,3176959,1300,cosa vedere a firenze in 3 giorni,"GeoNames alternate name firenze resolved to Florence (IT), 1 candidates, most populous chosen"
it-IT,it,Malta,BR,3395720,1300,cosa vedere a malta in 3 giorni,slug match in the gazetteer
it-IT,it,Polignano a Mare,IT,3170382,1300,cosa vedere a polignano a mare,slug match in the gazetteer
it-IT,it,Turin,IT,3165524,1300,cosa vedere a torino in 2 giorni,"GeoNames alternate name torino resolved to Turin (IT), 1 candidates, most populous chosen"
it-IT,it,Bratislava,SK,3060972,1300,cosa vedere a bratislava,slug match in the gazetteer
it-IT,it,Bassano del Grappa,IT,3182297,1300,cosa vedere a bassano del grappa,slug match in the gazetteer
it-IT,it,Cefalù,IT,2525041,1300,cosa vedere a cefalù,slug match in the gazetteer
it-IT,it,Gorizia,IT,3175986,1300,cosa vedere a gorizia,slug match in the gazetteer
it-IT,it,Vieste,IT,3164387,1300,cosa vedere a vieste,slug match in the gazetteer
it-IT,it,Grosseto,IT,3175786,1200,cosa vedere a grosseto,slug match in the gazetteer
it-IT,it,Volterra,IT,3163962,1200,cosa vedere a volterra,slug match in the gazetteer
it-IT,it,Palermo,IT,2523920,1200,cosa vedere a palermo in un giorno,slug match in the gazetteer
it-IT,it,Taranto,IT,3165926,1200,cosa vedere a taranto,slug match in the gazetteer
it-IT,it,San Francisco,US,5391959,1200,cosa vedere a san francisco,slug match in the gazetteer
it-IT,it,Lecco,IT,3174945,1200,cosa vedere a lecco,slug match in the gazetteer
it-IT,it,Pisa,IT,3170647,1200,cosa vedere a pisa in un giorno,slug match in the gazetteer
it-IT,it,Amsterdam,NL,2759794,1200,cosa vedere a amsterdam,slug match in the gazetteer
it-IT,it,Singapore,SG,1880252,1200,cosa vedere a singapore,slug match in the gazetteer
it-IT,it,Frankfurt am Main,DE,2925533,1200,cosa vedere a francoforte,"GeoNames alternate name francoforte resolved to Frankfurt am Main (DE), 1 candidates, most populous chosen"
it-IT,it,Siena,IT,3166548,1200,cosa vedere a siena in un giorno,slug match in the gazetteer
it-IT,it,Savona,IT,3167022,1200,cosa vedere a savona,slug match in the gazetteer
it-IT,it,Dublin,IE,2964574,1100,cosa vedere a dublino in 3 giorni,exonym dublino resolved to Dublin (IE)
it-IT,it,Urbino,IT,3165035,1100,cosa vedere a urbino,slug match in the gazetteer
it-IT,it,Sciacca,IT,2523194,1100,cosa vedere a sciacca,slug match in the gazetteer
it-IT,it,Monopoli,IT,3173131,1100,cosa vedere a monopoli,slug match in the gazetteer
it-IT,it,Lucca,IT,3174530,1100,cosa vedere a lucca in un giorno,slug match in the gazetteer
it-IT,it,Monaco,MC,2993458,1100,cosa vedere a monaco,slug match in the gazetteer
it-IT,it,Trani,IT,3165322,1100,cosa vedere a trani,slug match in the gazetteer
it-IT,it,Vilnius,LT,593116,1100,cosa vedere a vilnius,slug match in the gazetteer
it-IT,it,Bāli,IN,1277539,1100,cosa vedere a bali,slug match in the gazetteer
it-IT,it,Trapani,IT,2522876,1100,cosa vedere a trapani,slug match in the gazetteer
it-IT,it,Gdańsk,PL,3099434,1100,cosa vedere a danzica,"GeoNames alternate name danzica resolved to Gdańsk (PL), 1 candidates, most populous chosen"
it-IT,it,Caserta,IT,3179866,1100,cosa vedere a caserta,slug match in the gazetteer
it-IT,it,Novara,IT,3172189,1000,cosa vedere a novara,slug match in the gazetteer
it-IT,it,London,GB,2643743,1000,cosa vedere a londra in 4 giorni,exonym londra resolved to London (GB)
it-IT,it,Helsinki,FI,658225,1000,cosa vedere a helsinki,slug match in the gazetteer
it-IT,it,Bruges,FR,3029799,1000,cosa vedere a bruges,slug match in the gazetteer
it-IT,it,Kyoto,JP,1857910,1000,cosa vedere a kyoto,slug match in the gazetteer
it-IT,it,Warsaw,PL,756135,1000,cosa vedere a varsavia in 3 giorni,"GeoNames alternate name varsavia resolved to Warsaw (PL), 1 candidates, most populous chosen"
it-IT,it,Sanremo,IT,3167777,1000,cosa vedere a sanremo,slug match in the gazetteer
it-IT,it,Catania,IT,2525068,1000,cosa vedere a catania in un giorno,slug match in the gazetteer
it-IT,it,Miami,US,4164138,1000,cosa vedere a miami,slug match in the gazetteer
it-IT,it,Salzburg,AT,2766824,1000,cosa vedere a salisburgo,"GeoNames alternate name salisburgo resolved to Salzburg (AT), 1 candidates, most populous chosen"
it-IT,it,Shanghai,CN,1796236,1000,cosa vedere a shanghai,slug match in the gazetteer
it-IT,it,Sevilla,ES,2510911,1000,cosa vedere a siviglia in 2 giorni,exonym siviglia resolved to Sevilla (ES)
it-IT,it,Civitavecchia,IT,3178587,1000,cosa vedere a civitavecchia,slug match in the gazetteer
it-IT,it,Peschiera del Garda,IT,3171152,1000,cosa vedere a peschiera del garda,slug match in the gazetteer
it-IT,it,Roma,LS,932151,1000,cosa vedere a roma in 2 giorni,slug match in the gazetteer
it-IT,it,Bangkok,TH,1609350,1000,cosa vedere a bangkok,slug match in the gazetteer
it-IT,it,Colmar,FR,3024297,1000,cosa vedere a colmar,slug match in the gazetteer
it-IT,it,Pistoia,IT,3170621,1000,cosa vedere a pistoia,slug match in the gazetteer
it-IT,it,Bari,IT,3182351,900,cosa vedere a bari in un giorno,slug match in the gazetteer
it-IT,it,Procida,IT,3169807,900,cosa vedere a procida,slug match in the gazetteer
it-IT,it,Basel,CH,2661604,900,cosa vedere a basilea,"GeoNames alternate name basilea resolved to Basel (CH), 1 candidates, most populous chosen"
it-IT,it,Mazara del Vallo,IT,2524205,900,cosa vedere a mazara del vallo,slug match in the gazetteer
it-IT,it,Nyu-York,UA,699751,900,cosa vedere a new york in 5 giorni,"GeoNames alternate name new york resolved to Nyu-York (UA), 2 candidates, most populous chosen"
it-IT,it,Berlin,DE,2950159,900,cosa vedere a berlino in 3 giorni,"GeoNames alternate name berlino resolved to Berlin (DE), 2 candidates, most populous chosen"
it-IT,it,Foligno,IT,3176854,900,cosa vedere a foligno,slug match in the gazetteer
it-IT,it,Termoli,IT,3165773,900,cosa vedere a termoli,slug match in the gazetteer
it-IT,it,Terni,IT,3165771,900,cosa vedere a terni,slug match in the gazetteer
it-IT,it,Tivoli,IT,3165624,900,cosa vedere a tivoli,slug match in the gazetteer
it-IT,it,Valencia,VE,3625549,900,cosa vedere a valencia in 2 giorni,slug match in the gazetteer
it-IT,it,Copenhagen,DK,2618425,900,cosa vedere a copenaghen in 3 giorni,"GeoNames alternate name copenaghen resolved to Copenhagen (DK), 1 candidates, most populous chosen"
it-IT,it,Paris,FR,2988507,900,cosa vedere a parigi in 4 giorni,exonym parigi resolved to Paris (FR)
it-IT,it,Lecce,IT,3174953,900,cosa vedere a lecce in un giorno,slug match in the gazetteer
it-IT,it,Riga,LV,456172,900,cosa vedere a riga,slug match in the gazetteer
it-IT,it,Ravenna,IT,3169561,900,cosa vedere a ravenna in un giorno,slug match in the gazetteer
it-IT,it,Osaka,JP,1853909,900,cosa vedere a osaka,slug match in the gazetteer
it-IT,it,Barcelona,ES,3128760,900,cosa vedere a barcellona in 2 giorni,"GeoNames alternate name barcellona resolved to Barcelona (ES), 2 candidates, most populous chosen"
it-IT,it,Madrid,ES,3117735,900,cosa vedere a madrid in 2 giorni,slug match in the gazetteer
it-IT,it,Brussels,BE,2800866,900,cosa vedere a bruxelles in 3 giorni,exonym bruxelles resolved to Brussels (BE)
it-IT,it,Desenzano del Garda,IT,3177610,900,cosa vedere a desenzano del garda,slug match in the gazetteer
it-IT,it,Roma,LS,932151,900,cosa vedere a roma in un giorno,slug match in the gazetteer
it-IT,it,Varese,IT,3164699,900,cosa vedere a varese,slug match in the gazetteer
it-IT,it,Budapest,HU,3054643,900,cosa vedere a budapest in 2 giorni,slug match in the gazetteer
it-IT,it,Sarajevo,BA,3191281,900,cosa vedere a sarajevo,slug match in the gazetteer
it-IT,it,Glasgow,GB,2648579,900,cosa vedere a glasgow,slug match in the gazetteer
it-IT,it,Colonia,US,5096798,800,cosa vedere a colonia,slug match in the gazetteer
it-IT,it,Treviso,IT,3165201,800,cosa vedere a treviso in un giorno,slug match in the gazetteer
it-IT,it,Rodi,KE,12718635,800,cosa vedere a rodi,slug match in the gazetteer
it-IT,it,Zanzibar,TZ,148730,800,cosa vedere a zanzibar,slug match in the gazetteer
it-IT,it,Pompei,IT,3170335,800,cosa vedere a pompei,slug match in the gazetteer
it-IT,it,Scicli,IT,2523192,800,cosa vedere a scicli,slug match in the gazetteer
it-IT,it,Málaga,ES,2514256,800,cosa vedere a malaga in 3 giorni,slug match in the gazetteer
it-IT,it,Reykjavík,IS,3413829,800,cosa vedere a reykjavik,slug match in the gazetteer
it-IT,it,Stuttgart,DE,2825297,800,cosa vedere a stoccarda,"GeoNames alternate name stoccarda resolved to Stuttgart (DE), 1 candidates, most populous chosen"
it-IT,it,Cannes,FR,3028808,800,cosa vedere a cannes,slug match in the gazetteer
it-IT,it,Narni,IT,3172377,800,cosa vedere a narni,slug match in the gazetteer
it-IT,it,Olbia,IT,3172087,800,cosa vedere a olbia,slug match in the gazetteer
it-IT,it,Cagliari,IT,2525473,800,cosa vedere a cagliari in un giorno,slug match in the gazetteer
it-IT,it,Chicago,US,4887398,800,cosa vedere a chicago,slug match in the gazetteer
it-IT,it,Kraków,PL,3094802,800,cosa vedere a cracovia in 2 giorni,"GeoNames alternate name cracovia resolved to Kraków (PL), 1 candidates, most populous chosen"
it-IT,it,Prague,CZ,3067696,800,cosa vedere a praga in 2 giorni,"GeoNames alternate name praga resolved to Prague (CZ), 1 candidates, most populous chosen"
it-IT,it,Prato,IT,3169921,800,cosa vedere a prato,slug match in the gazetteer
it-IT,it,Belgrade,RS,792680,800,cosa vedere a belgrado,"GeoNames alternate name belgrado resolved to Belgrade (RS), 1 candidates, most populous chosen"
it-IT,it,Locorotondo,IT,3174641,800,cosa vedere a locorotondo,slug match in the gazetteer
it-IT,it,Montecarlo,AR,3430601,800,cosa vedere a montecarlo,slug match in the gazetteer
it-IT,it,San Benedetto del Tronto,IT,3168550,800,cosa vedere a san benedetto del tronto,slug match in the gazetteer
it-IT,it,Budapest,HU,3054643,700,cosa vedere a budapest in 4 giorni,slug match in the gazetteer
it-IT,it,Monreale,IT,2524085,700,cosa vedere a monreale,slug match in the gazetteer
it-IT,it,Paris,FR,2988507,700,cosa vedere a parigi in 2 giorni,exonym parigi resolved to Paris (FR)
it-IT,it,Sofia,BG,727011,700,cosa vedere a sofia in 2 giorni,slug match in the gazetteer
it-IT,it,Marseille,FR,2995469,700,cosa vedere a marsiglia in un giorno,exonym marsiglia resolved to Marseille (FR)
it-IT,it,Brescia,IT,3181554,700,cosa vedere a brescia in un giorno,slug match in the gazetteer
it-IT,it,Grado,ES,3121238,700,cosa vedere a grado,slug match in the gazetteer
it-IT,it,Palermo,IT,2523920,700,cosa vedere a palermo in 3 giorni,slug match in the gazetteer
it-IT,it,Riva del Garda,IT,3169272,700,cosa vedere a riva del garda,slug match in the gazetteer
it-IT,it,Pavia,IT,3171366,700,cosa vedere a pavia in un giorno,slug match in the gazetteer
it-IT,it,Tolosa,ES,3108008,700,cosa vedere a tolosa,slug match in the gazetteer
it-IT,it,Matera,IT,3173721,700,cosa vedere a matera in un giorno,slug match in the gazetteer
it-IT,it,Bressanone,IT,3181550,700,cosa vedere a bressanone,slug match in the gazetteer
it-IT,it,Cesenatico,IT,3178956,700,cosa vedere a cesenatico,slug match in the gazetteer
it-IT,it,Corfu,GR,2463679,700,cosa vedere a corfù,slug match in the gazetteer
it-IT,it,Skopje,MK,785842,700,cosa vedere a skopje,slug match in the gazetteer
it-IT,it,Rovereto,IT,3168854,700,cosa vedere a rovereto,slug match in the gazetteer
it-IT,it,Brussels,BE,2800866,700,cosa vedere a bruxelles in 2 giorni,exonym bruxelles resolved to Brussels (BE)
it-IT,it,Sassari,IT,3167096,700,cosa vedere a sassari,slug match in the gazetteer
it-IT,it,Istanbul,TR,745044,700,cosa vedere a istanbul in 3 giorni,slug match in the gazetteer
it-IT,it,Cuneo,IT,3177700,700,cosa vedere a cuneo,slug match in the gazetteer
it-IT,it,Mantua,IT,3174051,700,cosa vedere a mantova in un giorno,"GeoNames alternate name mantova resolved to Mantua (IT), 1 candidates, most populous chosen"
it-IT,it,Kos,GR,259245,700,cosa vedere a kos,slug match in the gazetteer
it-IT,it,Biella,IT,3182043,700,cosa vedere a biella,slug match in the gazetteer
it-IT,it,Cremona,IT,3177838,700,cosa vedere a cremona in un giorno,slug match in the gazetteer
it-IT,it,Wrocław,PL,3081368,700,cosa vedere a breslavia,"GeoNames alternate name breslavia resolved to Wrocław (PL), 1 candidates, most populous chosen"
it-IT,it,Viareggio,IT,3164433,700,cosa vedere a viareggio,slug match in the gazetteer
it-IT,it,Stockholm,SE,2673730,700,cosa vedere a stoccolma in 3 giorni,"GeoNames alternate name stoccolma resolved to Stockholm (SE), 1 candidates, most populous chosen"
it-IT,it,Senigallia,IT,3166740,700,cosa vedere a senigallia,slug match in the gazetteer
it-IT,it,Madrid,ES,3117735,700,cosa vedere a madrid in 4 giorni,slug match in the gazetteer
it-IT,it,Bordeaux,FR,3031582,700,cosa vedere a bordeaux,slug match in the gazetteer
it-IT,it,Nuremberg,DE,2861650,700,cosa vedere a norimberga,"GeoNames alternate name norimberga resolved to Nuremberg (DE), 1 candidates, most populous chosen"
it-IT,it,Rovigo,IT,3168843,600,cosa vedere a rovigo,slug match in the gazetteer
it-IT,it,Ljubljana,SI,3196359,600,cosa vedere a lubiana in un giorno,exonym lubiana resolved to Ljubljana (SI)
it-IT,it,Gaeta,IT,3176438,600,cosa vedere a gaeta,slug match in the gazetteer
it-IT,it,Barcelona,ES,3128760,600,cosa vedere a barcellona in 4 giorni,"GeoNames alternate name barcellona resolved to Barcelona (ES), 2 candidates, most populous chosen"
it-IT,it,Caltagirone,IT,2525450,600,cosa vedere a caltagirone,slug match in the gazetteer
it-IT,it,Trieste,IT,3165185,600,cosa vedere a trieste in 3 giorni,slug match in the gazetteer
it-IT,it,Sintra,PT,2262912,600,cosa vedere a sintra,slug match in the gazetteer
it-IT,it,Madeira,US,4517353,600,cosa vedere a madeira,slug match in the gazetteer
it-IT,it,Fano,IT,3177219,600,cosa vedere a fano,slug match in the gazetteer
it-IT,it,Lisbon,PT,2267057,600,cosa vedere a lisbona in 2 giorni,"GeoNames alternate name lisbona resolved to Lisbon (PT), 1 candidates, most populous chosen"
it-IT,it,Piacenza,IT,3171058,600,cosa vedere a piacenza in un giorno,slug match in the gazetteer
it-IT,it,Valletta,MT,2562305,600,cosa vedere a la valletta,"GeoNames alternate name la valletta resolved to Valletta (MT), 1 candidates, most populous chosen"
it-IT,it,Marrakesh,MA,2542997,600,cosa vedere a marrakech in 3 giorni,"GeoNames alternate name marrakech resolved to Marrakesh (MA), 1 candidates, most populous chosen"
it-IT,it,Casablanca,MA,2553604,600,cosa vedere a casablanca,slug match in the gazetteer
it-IT,it,Pordenone,IT,3170147,600,cosa vedere a pordenone,slug match in the gazetteer
it-IT,it,Split,HR,3190261,600,cosa vedere a spalato,"GeoNames alternate name spalato resolved to Split (HR), 1 candidates, most populous chosen"
it-IT,it,Bern,CH,2661552,600,cosa vedere a berna,"GeoNames alternate name berna resolved to Bern (CH), 1 candidates, most populous chosen"
it-IT,it,Las Vegas,US,5506956,600,cosa vedere a las vegas,slug match in the gazetteer
it-IT,it,Toronto,CA,6167865,600,cosa vedere a toronto,slug match in the gazetteer
it-IT,it,Belluno,IT,3182210,600,cosa vedere a belluno,slug match in the gazetteer
it-IT,it,Bolzano,IT,3181913,600,cosa vedere a bolzano in un giorno,slug match in the gazetteer
it-IT,it,Edinburgh,GB,2650225,600,cosa vedere a edimburgo in 3 giorni,exonym edimburgo resolved to Edinburgh (GB)
it-IT,it,Cesena,IT,3178957,600,cosa vedere a cesena,slug match in the gazetteer
it-IT,it,Bucharest,RO,683506,600,cosa vedere a bucarest in 3 giorni,"GeoNames alternate name bucarest resolved to Bucharest (RO), 1 candidates, most populous chosen"
it-IT,it,Macerata,IT,3174380,600,cosa vedere a macerata,slug match in the gazetteer
it-IT,it,Brunico,IT,3181480,600,cosa vedere a brunico,slug match in the gazetteer
it-IT,it,Forlì,IT,3176746,600,cosa vedere a forlì,slug match in the gazetteer
it-IT,it,Cadiz,ES,2520600,600,cosa vedere a cadice,"GeoNames alternate name cadice resolved to Cadiz (ES), 1 candidates, most populous chosen"
it-IT,it,Lucerna,HN,3605222,600,cosa vedere a lucerna,slug match in the gazetteer
it-IT,it,Benevento,IT,3182179,600,cosa vedere a benevento,slug match in the gazetteer
it-IT,it,London,GB,2643743,600,cosa vedere a londra in 2 giorni,exonym londra resolved to London (GB)
it-IT,it,Vienna,AT,2761369,600,cosa vedere a vienna in 4 giorni,slug match in the gazetteer
it-IT,it,Vicenza,IT,3164419,600,cosa vedere a vicenza in un giorno,slug match in the gazetteer
it-IT,it,Bucharest,RO,683506,600,cosa vedere a bucarest in 2 giorni,"GeoNames alternate name bucarest resolved to Bucharest (RO), 1 candidates, most populous chosen"
it-IT,it,Sondrio,IT,3166397,500,cosa vedere a sondrio,slug match in the gazetteer
it-IT,it,Gent,BE,2797656,500,cosa vedere a gand,"GeoNames alternate name gand resolved to Gent (BE), 1 candidates, most populous chosen"
it-IT,it,Cosenza,IT,2524907,500,cosa vedere a cosenza,slug match in the gazetteer
it-IT,it,Lisbon,PT,2267057,500,cosa vedere a lisbona in 4 giorni,"GeoNames alternate name lisbona resolved to Lisbon (PT), 1 candidates, most populous chosen"
it-IT,it,Siracusa,IT,2523083,500,cosa vedere a siracusa in un giorno,slug match in the gazetteer
it-IT,it,Warsaw,PL,756135,500,cosa vedere a varsavia in 2 giorni,"GeoNames alternate name varsavia resolved to Warsaw (PL), 1 candidates, most populous chosen"
it-IT,it,Prague,CZ,3067696,500,cosa vedere a praga in 4 giorni,"GeoNames alternate name praga resolved to Prague (CZ), 1 candidates, most populous chosen"
it-IT,it,Teramo,IT,3165803,500,cosa vedere a teramo,slug match in the gazetteer
it-IT,it,Riccione,IT,3169424,500,cosa vedere a riccione,slug match in the gazetteer
it-IT,it,Seoul,KR,1835848,500,cosa vedere a seoul,slug match in the gazetteer
it-IT,it,Castellammare del Golfo,IT,2525095,500,cosa vedere a castellammare del golfo,slug match in the gazetteer
it-IT,it,Palmanova,ES,6355010,500,cosa vedere a palmanova,slug match in the gazetteer
it-IT,it,Bergen,NO,3161732,500,cosa vedere a bergen,slug match in the gazetteer
it-IT,it,Venice,IT,3164603,500,cosa vedere a venezia in 3 giorni,exonym venezia resolved to Venice (IT)
it-IT,it,Thessaloníki,GR,734077,500,cosa vedere a salonicco,"GeoNames alternate name salonicco resolved to Thessaloníki (GR), 1 candidates, most populous chosen"
it-IT,it,Nice,FR,2990440,500,cosa vedere a nizza in un giorno,exonym nizza resolved to Nice (FR)
it-IT,it,Rio de Janeiro,BR,3451190,500,cosa vedere a rio de janeiro,slug match in the gazetteer
it-IT,it,Imola,IT,3175537,500,cosa vedere a imola,slug match in the gazetteer
it-IT,it,Cervia,IT,3178998,500,cosa vedere a cervia,slug match in the gazetteer
it-IT,it,Vasto,IT,3164672,500,cosa vedere a vasto,slug match in the gazetteer
it-IT,it,Todi,IT,3165612,500,cosa vedere a todi,slug match in the gazetteer
it-IT,it,Bergamo,IT,3182164,500,cosa vedere a bergamo in un giorno,slug match in the gazetteer
it-IT,it,Düsseldorf,DE,2934246,500,cosa vedere a dusseldorf,slug match in the gazetteer
it-IT,it,Tirana,AL,3183875,500,cosa vedere a tirana in 3 giorni,slug match in the gazetteer
it-IT,it,Modena,IT,3173331,500,cosa vedere a modena in un giorno,slug match in the gazetteer
it-IT,it,Foggia,IT,3176885,500,cosa vedere a foggia,slug match in the gazetteer
it-IT,it,Boston,US,4930956,500,cosa vedere a boston,slug match in the gazetteer
it-IT,it,Campobasso,IT,3180991,500,cosa vedere a campobasso,slug match in the gazetteer
it-IT,it,Birmingham,GB,2655603,500,cosa vedere a birmingham,slug match in the gazetteer
it-IT,it,Chieti,IT,3178796,500,cosa vedere a chieti,slug match in the gazetteer
it-IT,it,Liverpool,GB,2644210,500,cosa vedere a liverpool,slug match in the gazetteer
it-IT,it,Paris,FR,2988507,500,cosa vedere a parigi in 5 giorni,exonym parigi resolved to Paris (FR)
it-IT,it,Toledo,US,5174035,500,cosa vedere a toledo,slug match in the gazetteer
it-IT,it,Potenza,IT,3170027,500,cosa vedere a potenza,slug match in the gazetteer
it-IT,it,Mentone,US,5372242,500,cosa vedere a mentone,slug match in the gazetteer
it-IT,it,Gubbio,IT,3175687,500,cosa vedere a gubbio in un giorno,slug match in the gazetteer
it-IT,it,Paris 18 Buttes-Montmartre,FR,3029374,500,cosa vedere a montmartre,"GeoNames alternate name montmartre resolved to Paris 18 Buttes-Montmartre (FR), 1 candidates, most populous chosen"
it-IT,it,Kuala Lumpur,MY,1735161,450,cosa vedere a kuala lumpur,slug match in the gazetteer
it-IT,it,Roma,LS,932151,450,cosa vedere a roma in 4 giorni,slug match in the gazetteer
it-IT,it,Oristano,IT,2523964,450,cosa vedere a oristano,slug match in the gazetteer
it-IT,it,Vercelli,IT,3164565,450,cosa vedere a vercelli,slug match in the gazetteer
it-IT,it,Naples,IT,3172394,450,cosa vedere a napoli in 2 giorni,"GeoNames alternate name napoli resolved to Naples (IT), 1 candidates, most populous chosen"
it-IT,it,Luxor,EG,360502,450,cosa vedere a luxor,slug match in the gazetteer
it-IT,it,Bosa,IT,3181706,450,cosa vedere a bosa,slug match in the gazetteer
it-IT,it,Moscow,RU,524901,450,cosa vedere a mosca,"GeoNames alternate name mosca resolved to Moscow (RU), 1 candidates, most populous chosen"
it-IT,it,Cork,IE,2965140,450,cosa vedere a cork,slug match in the gazetteer
it-IT,it,Sevilla,ES,2510911,450,cosa vedere a siviglia in 4 giorni,exonym siviglia resolved to Sevilla (ES)
it-IT,it,Dubrovnik,HR,3201047,450,cosa vedere a dubrovnik,slug match in the gazetteer
it-IT,it,Sofia,BG,727011,450,cosa vedere a sofia in 3 giorni,slug match in the gazetteer
it-IT,it,Marbella,ES,2514169,450,cosa vedere a marbella,slug match in the gazetteer
it-IT,it,Livorno,IT,3174659,450,cosa vedere a livorno in un giorno,slug match in the gazetteer
it-IT,it,Munich,DE,2867714,450,cosa vedere a monaco di baviera in 2 giorni,exonym monaco di baviera resolved to Munich (DE)
it-IT,it,Udine,IT,3165072,450,cosa vedere a udine in un giorno,slug match in the gazetteer
it-IT,it,Málaga,ES,2514256,450,cosa vedere a malaga in 2 giorni,slug match in the gazetteer
it-IT,it,Washington,US,4140963,450,cosa vedere a washington,slug match in the gazetteer
it-IT,it,Doha,QA,290030,450,cosa vedere a doha,slug match in the gazetteer
it-IT,it,Munich,DE,2867714,450,cosa vedere a monaco di baviera in 3 giorni,exonym monaco di baviera resolved to Munich (DE)
it-IT,it,Ibiza,ES,2516479,450,cosa vedere a ibiza,slug match in the gazetteer
it-IT,it,Cisternino,IT,3178630,450,cosa vedere a cisternino,slug match in the gazetteer
it-IT,it,Tokyo,JP,1850147,450,cosa vedere a tokyo in 3 giorni,slug match in the gazetteer
it-IT,it,Salo,FI,637948,450,cosa vedere a salò,slug match in the gazetteer
it-IT,it,Crotone,IT,2524881,450,cosa vedere a crotone,slug match in the gazetteer
it-IT,it,Tallinn,EE,588409,450,cosa vedere a tallinn,slug match in the gazetteer
it-IT,it,Marsa Alam,EG,352736,450,cosa vedere a marsa alam,slug match in the gazetteer
it-IT,it,Lodi,US,5367565,450,cosa vedere a lodi,slug match in the gazetteer
it-IT,it,Hong Kong,HK,1819729,450,cosa vedere a hong kong,slug match in the gazetteer
it-IT,it,Buenos Aires,AR,3435910,450,cosa vedere a buenos aires,slug match in the gazetteer
it-IT,it,Sestri Levante,IT,3166595,400,cosa vedere a sestri levante,slug match in the gazetteer
it-IT,it,Malmö,SE,2692969,400,cosa vedere a malmo,slug match in the gazetteer
it-IT,it,Frosinone,IT,3176515,400,cosa vedere a frosinone,slug match in the gazetteer
it-IT,it,Barcelona,ES,3128760,400,cosa vedere a barcellona in un giorno,"GeoNames alternate name barcellona resolved to Barcelona (ES), 2 candidates, most populous chosen"
it-IT,it,Copenhagen,DK,2618425,400,cosa vedere a copenaghen in 2 giorni,"GeoNames alternate name copenaghen resolved to Copenhagen (DK), 1 candidates, most populous chosen"
it-IT,it,Córdoba,AR,3860259,400,cosa vedere a cordoba in un giorno,slug match in the gazetteer
it-IT,it,Catanzaro,IT,2525059,400,cosa vedere a catanzaro,slug match in the gazetteer
it-IT,it,Coimbra,PT,2740637,400,cosa vedere a coimbra,slug match in the gazetteer
it-IT,it,Faenza,IT,3177300,400,cosa vedere a faenza,slug match in the gazetteer
it-IT,it,Montréal,CA,6077243,400,cosa vedere a montreal,slug match in the gazetteer
it-IT,it,Gorizia,IT,3175986,400,cosa vedere a gorizia in un giorno,slug match in the gazetteer
it-IT,it,Nuoro,IT,3172154,400,cosa vedere a nuoro,slug match in the gazetteer
it-IT,it,Ronda,ES,2511730,400,cosa vedere a ronda,slug match in the gazetteer
it-IT,it,Tirana,AL,3183875,400,cosa vedere a tirana in 2 giorni,slug match in the gazetteer
it-IT,it,Graz,AT,2778067,400,cosa vedere a graz,slug match in the gazetteer
it-IT,it,Granada,ES,2517117,400,cosa vedere a granada in un giorno,slug match in the gazetteer
it-IT,it,Philadelphia,US,4560349,400,cosa vedere a philadelphia,slug match in the gazetteer
it-IT,it,Forte dei Marmi,IT,3176674,400,cosa vedere a forte dei marmi,slug match in the gazetteer
it-IT,it,Istanbul,TR,745044,400,cosa vedere a istanbul in 4 giorni,slug match in the gazetteer
it-IT,it,London,GB,2643743,400,cosa vedere a londra in 5 giorni,exonym londra resolved to London (GB)
it-IT,it,Recanati,IT,3169540,400,cosa vedere a recanati,slug match in the gazetteer
it-IT,it,Città di Castello,IT,3178619,400,cosa vedere a città di castello,slug match in the gazetteer
it-IT,it,Bratislava,SK,3060972,350,cosa vedere a bratislava in 3 giorni,slug match in the gazetteer
it-IT,it,Cividale del Friuli,IT,3178605,350,cosa vedere a cividale del friuli,slug match in the gazetteer
it-IT,it,Valeggio sul Mincio,IT,3164924,350,cosa vedere a valeggio sul mincio,slug match in the gazetteer
it-IT,it,Monza,IT,3172629,350,cosa vedere a monza in un giorno,slug match in the gazetteer
it-IT,it,Gothenburg,SE,2711537,350,cosa vedere a goteborg,"GeoNames alternate name goteborg resolved to Gothenburg (SE), 1 candidates, most populous chosen"
it-IT,it,Valencia,VE,3625549,350,cosa vedere a valencia in 4 giorni,slug match in the gazetteer
it-IT,it,Rovaniemi,FI,638936,350,cosa vedere a rovaniemi,slug match in the gazetteer
it-IT,it,Málaga,ES,2514256,350,cosa vedere a malaga in un giorno,slug match in the gazetteer
it-IT,it,Seoul,KR,1835848,350,cosa vedere a seul,"GeoNames alternate name seul resolved to Seoul (KR), 1 candidates, most populous chosen"
it-IT,it,Barletta,IT,3182340,350,cosa vedere a barletta,slug match in the gazetteer
it-IT,it,Trapani,IT,2522876,350,cosa vedere a trapani in un giorno,slug match in the gazetteer
it-IT,it,Tromsø,NO,3133895,350,cosa vedere a tromso,slug match in the gazetteer
it-IT,it,Carloforte,IT,2525348,350,cosa vedere a carloforte,slug match in the gazetteer
it-IT,it,Bra,IT,3181631,350,cosa vedere a bra,slug match in the gazetteer
it-IT,it,Athens,GR,264371,350,cosa vedere a atene,"GeoNames alternate name atene resolved to Athens (GR), 1 candidates, most populous chosen"
it-IT,it,Zara,TR,295982,350,cosa vedere a zara,slug match in the gazetteer
it-IT,it,Castiglione del Lago,IT,3179419,350,cosa vedere a castiglione del lago,slug match in the gazetteer
it-IT,it,Fribourg,CH,2660718,350,cosa vedere a friburgo,"GeoNames alternate name friburgo resolved to Fribourg (CH), 1 candidates, most populous chosen"
it-IT,it,Lugano,CH,2659836,350,cosa vedere a lugano in un giorno,slug match in the gazetteer
it-IT,it,Cattolica,IT,3179347,350,cosa vedere a cattolica,slug match in the gazetteer
it-IT,it,Alicante,ES,2521978,350,cosa vedere a alicante,slug match in the gazetteer
it-IT,it,Copenhagen,DK,2618425,350,cosa vedere a copenhagen in 3 giorni,slug match in the gazetteer
it-IT,it,Bruges,FR,3029799,350,cosa vedere a bruges in un giorno,slug match in the gazetteer
it-IT,it,Iseo,IT,3175447,350,cosa vedere a iseo,slug match in the gazetteer
it-IT,it,Verbania,IT,6457398,350,cosa vedere a verbania,slug match in the gazetteer
it-IT,it,Piazza Armerina,IT,2523796,350,cosa vedere a piazza armerina,slug match in the gazetteer
it-IT,it,Vipiteno,IT,3164065,350,cosa vedere a vipiteno,slug match in the gazetteer
it-IT,it,Catania,IT,2525068,350,cosa vedere a catania in 2 giorni,slug match in the gazetteer
it-IT,it,Isernia,IT,3175445,350,cosa vedere a isernia,slug match in the gazetteer
it-IT,it,Nardò,IT,3172379,350,cosa vedere a nardò,slug match in the gazetteer
it-IT,it,Frascati,IT,3176589,350,cosa vedere a frascati,slug match in the gazetteer
it-IT,it,Saint-Tropez,FR,2976742,350,cosa vedere a saint tropez,slug match in the gazetteer
it-IT,it,Montecatini-Terme,IT,3172996,350,cosa vedere a montecatini terme,slug match in the gazetteer
it-IT,it,Ortona,IT,3171886,350,cosa vedere a ortona,slug match in the gazetteer
it-IT,it,Bagheria,IT,2525628,350,cosa vedere a bagheria,slug match in the gazetteer
it-IT,it,Belfast,GB,2655984,350,cosa vedere a belfast,slug match in the gazetteer
it-IT,it,Salerno,IT,3168673,350,cosa vedere a salerno in un giorno,slug match in the gazetteer
it-IT,it,Bangkok,TH,1609350,350,cosa vedere a bangkok in 3 giorni,slug match in the gazetteer
it-IT,it,Milazzo,IT,2524155,350,cosa vedere a milazzo,slug match in the gazetteer
it-IT,it,Zakynthos,GR,251280,350,cosa vedere a zante,"GeoNames alternate name zante resolved to Zakynthos (GR), 1 candidates, most populous chosen"
it-IT,it,Bristol,GB,2654675,350,cosa vedere a bristol,slug match in the gazetteer
it-IT,it,Santo Domingo,DO,3492908,350,cosa vedere a santo domingo,slug match in the gazetteer
it-IT,it,Génova,CO,3682068,350,cosa vedere a genova in 3 giorni,slug match in the gazetteer
it-IT,it,Pozzuoli,IT,3169984,350,cosa vedere a pozzuoli,slug match in the gazetteer
it-IT,it,Messina,IT,2524170,350,cosa vedere a messina in un giorno,slug match in the gazetteer
it-IT,it,Sharm el-Sheikh,EG,349340,350,cosa vedere a sharm el sheikh,slug match in the gazetteer
it-IT,it,Innsbruck,AT,2775220,350,cosa vedere a innsbruck in un giorno,slug match in the gazetteer
it-IT,it,Nantes,FR,2990969,350,cosa vedere a nantes,slug match in the gazetteer
it-IT,it,Comacchio,IT,3178245,300,cosa vedere a comacchio,slug match in the gazetteer
it-IT,it,Cefalù,IT,2525041,300,cosa vedere a cefalu,slug match in the gazetteer
it-IT,it,Dublin,IE,2964574,300,cosa vedere a dublino in 2 giorni,exonym dublino resolved to Dublin (IE)
it-IT,it,Fes,MA,2548885,300,cosa vedere a fez,"GeoNames alternate name fez resolved to Fes (MA), 1 candidates, most populous chosen"
it-IT,it,Carrara,IT,3180423,300,cosa vedere a carrara,slug match in the gazetteer
it-IT,it,Braşov,RO,683844,300,cosa vedere a brasov,slug match in the gazetteer
it-IT,it,Capri,IT,3180630,300,cosa vedere a capri in un giorno,slug match in the gazetteer
it-IT,it,Fabriano,IT,3177315,300,cosa vedere a fabriano,slug match in the gazetteer
it-IT,it,Bari,IT,3182351,300,cosa vedere a bari in 3 giorni,slug match in the gazetteer
it-IT,it,Rijeka,HR,3191648,300,cosa vedere a fiume,"GeoNames alternate name fiume resolved to Rijeka (HR), 1 candidates, most populous chosen"
it-IT,it,Alberobello,IT,3183330,300,cosa vedere a alberobello,slug match in the gazetteer
it-IT,it,Santander,ES,3109718,300,cosa vedere a santander,slug match in the gazetteer
it-IT,it,Fiuggi,IT,3176946,300,cosa vedere a fiuggi,slug match in the gazetteer
it-IT,it,San Diego,US,5391811,300,cosa vedere a san diego,slug match in the gazetteer
it-IT,it,Formia,IT,3176738,300,cosa vedere a formia,slug match in the gazetteer
it-IT,it,Porto Recanati,IT,3170075,300,cosa vedere a porto recanati,slug match in the gazetteer
it-IT,it,Ivrea,IT,3175384,300,cosa vedere a ivrea,slug match in the gazetteer
it-IT,it,Trento,IT,3165243,300,cosa vedere a trento in un giorno,slug match in the gazetteer
it-IT,it,Asti,IT,3182714,300,cosa vedere a asti,slug match in the gazetteer
it-IT,it,Martina Franca,IT,3173841,300,cosa vedere a martina franca,slug match in the gazetteer
it-IT,it,Copenhagen,DK,2618425,300,cosa vedere a copenhagen,slug match in the gazetteer
it-IT,it,Kraków,PL,3094802,300,cosa vedere a cracovia in 4 giorni,"GeoNames alternate name cracovia resolved to Kraków (PL), 1 candidates, most populous chosen"
it-IT,it,Pamplona,ES,3114472,300,cosa vedere a pamplona,slug match in the gazetteer
it-IT,it,Imperia,IT,3175532,300,cosa vedere a imperia,slug match in the gazetteer
it-IT,it,Como,IT,3178229,300,cosa vedere a como in un giorno,slug match in the gazetteer
it-IT,it,Arezzo,IT,3182884,300,cosa vedere a arezzo,slug match in the gazetteer
it-IT,it,Galatina,IT,3176407,300,cosa vedere a galatina,slug match in the gazetteer
it-IT,it,Manfredonia,IT,3174092,300,cosa vedere a manfredonia,slug match in the gazetteer
it-IT,it,Montpellier,FR,2992166,300,cosa vedere a montpellier,slug match in the gazetteer
it-IT,it,Bratislava,SK,3060972,300,cosa vedere a bratislava in un giorno,slug match in the gazetteer
it-IT,it,Malta,BR,3395720,300,cosa vedere a malta in 4 giorni,slug match in the gazetteer
it-IT,it,Montecarlo,AR,3430601,300,cosa vedere a montecarlo in un giorno,slug match in the gazetteer
it-IT,it,Bologna,IT,3181928,300,cosa vedere a bologna in 3 giorni,slug match in the gazetteer
it-IT,it,Posillipo,IT,3170055,300,cosa vedere a posillipo,slug match in the gazetteer
it-IT,it,San Daniele del Friuli,IT,3168438,300,cosa vedere a san daniele del friuli,slug match in the gazetteer
it-IT,it,Tirana,AL,3183875,300,cosa vedere a tirana in un giorno,slug match in the gazetteer
it-IT,it,Grottammare,IT,3175771,300,cosa vedere a grottammare,slug match in the gazetteer
it-IT,it,Soave,IT,3166468,300,cosa vedere a soave,slug match in the gazetteer
it-IT,it,Ispica,IT,2524493,300,cosa vedere a ispica,slug match in the gazetteer
it-IT,it,Latina,IT,3175058,300,cosa vedere a latina,slug match in the gazetteer
it-IT,it,Porto,PT,2735943,300,cosa vedere a porto in 3 giorni,slug match in the gazetteer
it-IT,it,Oxford,GB,2640729,300,cosa vedere a oxford,slug match in the gazetteer
it-IT,it,Sansepolcro,IT,3167736,300,cosa vedere a sansepolcro,slug match in the gazetteer
it-IT,it,Brindisi,IT,3181528,300,cosa vedere a brindisi in un giorno,slug match in the gazetteer
it-IT,it,Marrakesh,MA,2542997,300,cosa vedere a marrakech in 4 giorni,"GeoNames alternate name marrakech resolved to Marrakesh (MA), 1 candidates, most populous chosen"
it-IT,it,Ascoli Piceno,IT,3182749,300,cosa vedere a ascoli piceno,slug match in the gazetteer
it-IT,it,Capo d'Orlando,IT,2525384,300,cosa vedere a capo d'orlando,slug match in the gazetteer
it-IT,it,Utrecht,NL,2745912,300,cosa vedere a utrecht,slug match in the gazetteer
it-IT,it,Chiang Mai,TH,1153671,300,cosa vedere a chiang mai,slug match in the gazetteer
it-IT,it,Mantua,IT,3174051,300,cosa vedere a mantova in 2 giorni,"GeoNames alternate name mantova resolved to Mantua (IT), 1 candidates, most populous chosen"
it-IT,it,Giardini-Naxos,IT,2524622,300,cosa vedere a giardini naxos,slug match in the gazetteer
it-IT,it,Enna,IT,2524819,300,cosa vedere a enna,slug match in the gazetteer
it-IT,it,Berlin,DE,2950159,300,cosa vedere a berlino in 2 giorni,"GeoNames alternate name berlino resolved to Berlin (DE), 2 candidates, most populous chosen"
it-IT,it,Iesolo,IT,3175627,300,cosa vedere a jesolo,"GeoNames alternate name jesolo resolved to Iesolo (IT), 1 candidates, most populous chosen"
it-IT,it,Sydney,AU,2147714,250,cosa vedere a sydney,slug match in the gazetteer
it-IT,it,Lyon,FR,2996944,250,cosa vedere a lione in 3 giorni,"GeoNames alternate name lione resolved to Lyon (FR), 1 candidates, most populous chosen"
it-IT,it,Vienna,AT,2761369,250,cosa vedere a vienna in 5 giorni,slug match in the gazetteer
it-IT,it,Porto,PT,2735943,250,cosa vedere a oporto,"GeoNames alternate name oporto resolved to Porto (PT), 1 candidates, most populous chosen"
it-IT,it,Sant'Antioco,IT,2523297,250,cosa vedere a sant'antioco,slug match in the gazetteer
it-IT,it,Ischia,IT,3175458,250,cosa vedere a ischia in un giorno,slug match in the gazetteer
it-IT,it,Catania,IT,2525068,250,cosa vedere a catania in 3 giorni,slug match in the gazetteer
it-IT,it,Siena,IT,3166548,250,cosa vedere a siena in 2 giorni,slug match in the gazetteer
it-IT,it,Conegliano,IT,3178197,250,cosa vedere a conegliano,slug match in the gazetteer
it-IT,it,Varazze,IT,3164709,250,cosa vedere a varazze,slug match in the gazetteer
it-IT,it,Castelfranco Veneto,IT,3179684,250,cosa vedere a castelfranco veneto,slug match in the gazetteer
it-IT,it,Girona,ES,3121456,250,cosa vedere a girona,slug match in the gazetteer
it-IT,it,Roseto degli Abruzzi,IT,3168936,250,cosa vedere a roseto degli abruzzi,slug match in the gazetteer
it-IT,it,Orvieto,IT,3171874,250,cosa vedere a orvieto in un giorno,slug match in the gazetteer
it-IT,it,Crema,IT,3177841,250,cosa vedere a crema,slug match in the gazetteer
it-IT,it,Casale Monferrato,IT,3180208,250,cosa vedere a casale monferrato,slug match in the gazetteer
it-IT,it,Malta,BR,3395720,250,cosa vedere a malta in 2 giorni,slug match in the gazetteer
it-IT,it,Cordova,US,4050552,250,cosa vedere a cordova,slug match in the gazetteer
it-IT,it,Vigevano,IT,3164376,250,cosa vedere a vigevano,slug match in the gazetteer
it-IT,it,Lecco,IT,3174945,250,cosa vedere a lecco in un giorno,slug match in the gazetteer
it-IT,it,Treviso,IT,3165201,250,cosa vedere a treviso in mezza giornata,slug match in the gazetteer
it-IT,it,Locarno,CH,2659869,250,cosa vedere a locarno,slug match in the gazetteer
it-IT,it,Phuket,TH,1151254,250,cosa vedere a phuket,slug match in the gazetteer
it-IT,it,Lerici,IT,3174856,250,cosa vedere a lerici,slug match in the gazetteer
it-IT,it,Forlì,IT,3176746,250,cosa vedere a forli,slug match in the gazetteer
it-IT,it,Orvieto,IT,3171874,250,cosa vedere a orvieto in mezza giornata,slug match in the gazetteer
it-IT,it,Edinburgh,GB,2650225,250,cosa vedere a edimburgo in 2 giorni,exonym edimburgo resolved to Edinburgh (GB)
it-IT,it,Kanazawa,JP,1860243,250,cosa vedere a kanazawa,slug match in the gazetteer
it-IT,it,Baku,AZ,587084,250,cosa vedere a baku,slug match in the gazetteer
it-IT,it,Scalea,IT,2523207,250,cosa vedere a scalea,slug match in the gazetteer
it-IT,it,Copenhagen,DK,2618425,250,cosa vedere a copenaghen in 4 giorni,"GeoNames alternate name copenaghen resolved to Copenhagen (DK), 1 candidates, most populous chosen"
it-IT,it,San Sebastián,GT,3589548,250,cosa vedere a san sebastian,slug match in the gazetteer
it-IT,it,Dresden,DE,2935022,250,cosa vedere a dresda,"GeoNames alternate name dresda resolved to Dresden (DE), 1 candidates, most populous chosen"
it-IT,it,L'Aquila,IT,3175121,250,cosa vedere a l'aquila in un giorno,slug match in the gazetteer
it-IT,it,Pantelleria,IT,2523890,250,cosa vedere a pantelleria,slug match in the gazetteer
it-IT,it,Katowice,PL,3096472,250,cosa vedere a katowice,slug match in the gazetteer
it-IT,it,Santa Cruz de Tenerife,ES,2511174,250,cosa vedere a santa cruz de tenerife,slug match in the gazetteer
it-IT,it,Bratislava,SK,3060972,250,cosa vedere a bratislava in 2 giorni,slug match in the gazetteer
it-IT,it,Lovere,IT,3174543,250,cosa vedere a lovere,slug match in the gazetteer
it-IT,it,Pietrasanta,IT,3170778,250,cosa vedere a pietrasanta,slug match in the gazetteer
it-IT,it,Marrakesh,MA,2542997,250,cosa vedere a marrakech in 2 giorni,"GeoNames alternate name marrakech resolved to Marrakesh (MA), 1 candidates, most populous chosen"
it-IT,it,Lyon,FR,2996944,250,cosa vedere a lione in un giorno,"GeoNames alternate name lione resolved to Lyon (FR), 1 candidates, most populous chosen"
it-IT,it,Rovinj,HR,3191518,250,cosa vedere a rovigno,"GeoNames alternate name rovigno resolved to Rovinj (HR), 1 candidates, most populous chosen"
it-IT,it,Nyu-York,UA,699751,250,cosa vedere a new york in 3 giorni,"GeoNames alternate name new york resolved to Nyu-York (UA), 2 candidates, most populous chosen"
it-IT,it,Portoferraio,IT,3170094,250,cosa vedere a portoferraio,slug match in the gazetteer
it-IT,it,Durrës,AL,3185728,250,cosa vedere a durazzo,"GeoNames alternate name durazzo resolved to Durrës (AL), 1 candidates, most populous chosen"
it-IT,it,Chisinau,MD,618426,250,cosa vedere a chisinau,slug match in the gazetteer
it-IT,it,Sapri,IT,3167152,250,cosa vedere a sapri,slug match in the gazetteer
it-IT,it,Poggibonsi,IT,3170504,250,cosa vedere a poggibonsi,slug match in the gazetteer
it-IT,it,Berlin,DE,2950159,250,cosa vedere a berlino in 4 giorni,"GeoNames alternate name berlino resolved to Berlin (DE), 2 candidates, most populous chosen"
it-IT,it,Monselice,IT,3173124,250,cosa vedere a monselice,slug match in the gazetteer
it-IT,it,Merano,IT,3173577,250,cosa vedere a merano in un giorno,slug match in the gazetteer
it-IT,it,Pula,HR,3192224,250,cosa vedere a pola,"GeoNames alternate name pola resolved to Pula (HR), 2 candidates, most populous chosen"
it-IT,it,Granada,ES,2517117,250,cosa vedere a granada in 2 giorni,slug match in the gazetteer
it-IT,it,Massa,IT,3173775,250,cosa vedere a massa,slug match in the gazetteer
it-IT,it,Marsala,IT,2524245,250,cosa vedere a marsala in un giorno,slug match in the gazetteer
it-IT,it,Bath,GB,2656173,250,cosa vedere a bath,slug match in the gazetteer
it-IT,it,Castellammare di Stabia,IT,3179661,250,cosa vedere a castellammare di stabia,slug match in the gazetteer
it-IT,it,Mestre,IT,3173529,250,cosa vedere a mestre,slug match in the gazetteer
it-IT,it,Dubai,AE,292223,250,cosa vedere a dubai in 3 giorni,slug match in the gazetteer
it-IT,it,Castel di Sangro,IT,3179703,250,cosa vedere a castel di sangro,slug match in the gazetteer
it-IT,it,Empoli,IT,3177400,250,cosa vedere a empoli,slug match in the gazetteer
it-IT,it,Valencia,VE,3625549,250,cosa vedere a valencia in un giorno,slug match in the gazetteer
it-IT,it,Caltanissetta,IT,2525448,250,cosa vedere a caltanissetta,slug match in the gazetteer
it-IT,it,Pistoia,IT,3170621,250,cosa vedere a pistoia in un giorno,slug match in the gazetteer
it-IT,it,Pesaro,IT,3171173,250,cosa vedere a pesaro in un giorno,slug match in the gazetteer
it-IT,it,Castelsardo,IT,3179470,250,cosa vedere a castelsardo,slug match in the gazetteer
it-IT,it,Miami,US,4164138,250,cosa vedere a miami in 3 giorni,slug match in the gazetteer
it-IT,it,Volterra,IT,3163962,250,cosa vedere a volterra in un giorno,slug match in the gazetteer
it-IT,it,Tuscania,IT,3165083,250,cosa vedere a tuscania,slug match in the gazetteer
it-IT,it,Noto,IT,2523998,250,cosa vedere a noto in mezza giornata,slug match in the gazetteer
it-IT,it,Faro,PT,2268339,250,cosa vedere a faro,slug match in the gazetteer
it-IT,it,Salzburg,AT,2766824,250,cosa vedere a salisburgo in un giorno,"GeoNames alternate name salisburgo resolved to Salzburg (AT), 1 candidates, most populous chosen"
it-IT,it,Matera,IT,3173721,250,cosa vedere a matera in 2 giorni,slug match in the gazetteer
it-IT,it,Los Angeles,US,5368361,200,cosa vedere a los angeles in 3 giorni,slug match in the gazetteer
it-IT,it,Vienna,AT,2761369,200,cosa vedere a vienna in un giorno,slug match in the gazetteer
it-IT,it,Ho Chi Minh City,VN,1566083,200,cosa vedere a ho chi minh,"GeoNames alternate name ho chi minh resolved to Ho Chi Minh City (VN), 1 candidates, most populous chosen"
it-IT,it,Bellinzona,CH,2661567,200,cosa vedere a bellinzona,slug match in the gazetteer
it-IT,it,Cagliari,IT,2525473,200,cosa vedere a cagliari in 3 giorni,slug match in the gazetteer
it-IT,it,Melbourne,AU,2158177,200,cosa vedere a melbourne,slug match in the gazetteer
it-IT,it,Loreto,MX,3998291,200,cosa vedere a loreto,slug match in the gazetteer
it-IT,it,Lucerna,HN,3605222,200,cosa vedere a lucerna in un giorno,slug match in the gazetteer
it-IT,it,Vico Equense,IT,3164407,200,cosa vedere a vico equense,slug match in the gazetteer
it-IT,it,Tokyo,JP,1850147,200,cosa vedere a tokyo in 4 giorni,slug match in the gazetteer
it-IT,it,Lausanne,CH,2659994,200,cosa vedere a losanna,"GeoNames alternate name losanna resolved to Lausanne (CH), 1 candidates, most populous chosen"
it-IT,it,Novara,IT,3172189,200,cosa vedere a novara in un giorno,slug match in the gazetteer
it-IT,it,Mexico City,MX,3530597,200,cosa vedere a città del messico,"GeoNames alternate name città del messico resolved to Mexico City (MX), 1 candidates, most populous chosen"
it-IT,it,Trieste,IT,3165185,200,cosa vedere a trieste in 2 giorni,slug match in the gazetteer
it-IT,it,Paris,FR,2988507,200,cosa vedere a parigi in un giorno,exonym parigi resolved to Paris (FR)
it-IT,it,Porto Torres,IT,3170069,200,cosa vedere a porto torres,slug match in the gazetteer
it-IT,it,Gela,IT,2524653,200,cosa vedere a gela,slug match in the gazetteer
it-IT,it,Soverato Marina,IT,2523045,200,cosa vedere a soverato,"GeoNames alternate name soverato resolved to Soverato Marina (IT), 1 candidates, most populous chosen"
it-IT,it,Sorrento,IT,3166350,200,cosa vedere a sorrento in un giorno,slug match in the gazetteer
it-IT,it,La Spezia,IT,3175081,200,cosa vedere a la spezia in un giorno,slug match in the gazetteer
it-IT,it,Praia a Mare,IT,2523687,200,praia a mare cosa vedere,slug match in the gazetteer
it-IT,it,Castro,BR,3466704,200,cosa vedere a castro,slug match in the gazetteer
it-IT,it,Putignano,IT,3169742,200,cosa vedere a putignano,slug match in the gazetteer
it-IT,it,Madrid,ES,3117735,200,cosa vedere a madrid in un giorno,slug match in the gazetteer
it-IT,it,Frankfurt am Main,DE,2925533,200,cosa vedere a francoforte in 3 giorni,"GeoNames alternate name francoforte resolved to Frankfurt am Main (DE), 1 candidates, most populous chosen"
it-IT,it,Cancún,MX,3531673,200,cosa vedere a cancun,slug match in the gazetteer
it-IT,it,Koper,SI,3197753,200,cosa vedere a capodistria,"GeoNames alternate name capodistria resolved to Koper (SI), 1 candidates, most populous chosen"
it-IT,it,Reggio nell'Emilia,IT,3169522,200,cosa vedere a reggio emilia in un giorno,"GeoNames alternate name reggio emilia resolved to Reggio nell'Emilia (IT), 1 candidates, most populous chosen"
it-IT,it,Dublin,IE,2964574,200,cosa vedere a dublino in 4 giorni,exonym dublino resolved to Dublin (IE)
it-IT,it,Hiroshima,JP,1862415,200,cosa vedere a hiroshima,slug match in the gazetteer
it-IT,it,Maiori,IT,3174214,200,cosa vedere a maiori,slug match in the gazetteer
it-IT,it,Certaldo,IT,3179024,200,cosa vedere a certaldo,slug match in the gazetteer
it-IT,it,Procida,IT,3169807,200,cosa vedere a procida in un giorno,slug match in the gazetteer
it-IT,it,Grottaglie,IT,3175773,200,cosa vedere a grottaglie,slug match in the gazetteer
it-IT,it,Lignano Sabbiadoro,IT,3174729,200,cosa vedere a lignano sabbiadoro,slug match in the gazetteer
it-IT,it,Marostica,IT,3173878,200,cosa vedere a marostica,slug match in the gazetteer
it-IT,it,Alba,IT,3183364,200,cosa vedere a alba,slug match in the gazetteer
it-IT,it,Praia a Mare,IT,2523687,200,cosa vedere a praia a mare,slug match in the gazetteer
it-IT,it,Camden Town,GB,3345437,200,cosa vedere a camden town,slug match in the gazetteer
it-IT,it,Cardiff,GB,2653822,200,cosa vedere a cardiff,slug match in the gazetteer
it-IT,it,Lisbon,PT,2267057,200,cosa vedere a lisbona in 5 giorni,"GeoNames alternate name lisbona resolved to Lisbon (PT), 1 candidates, most populous chosen"
it-IT,it,San Miniato,IT,3167953,200,cosa vedere a san miniato,slug match in the gazetteer
it-IT,it,Palaú,MX,3993893,200,cosa vedere a palau,slug match in the gazetteer
it-IT,it,Ancona,IT,3183089,200,cosa vedere a ancona,slug match in the gazetteer
it-IT,it,Copenhagen,DK,2618425,200,cosa vedere a copenaghen in un giorno,"GeoNames alternate name copenaghen resolved to Copenhagen (DK), 1 candidates, most populous chosen"
it-IT,it,Tropea,IT,2522847,200,cosa vedere a tropea in un giorno,slug match in the gazetteer
it-IT,it,Santarcangelo,IT,3167373,200,cosa vedere a santarcangelo di romagna,"GeoNames alternate name santarcangelo di romagna resolved to Santarcangelo (IT), 1 candidates, most populous chosen"
it-IT,it,Bassano del Grappa,IT,3182297,200,cosa vedere a bassano del grappa in un giorno,slug match in the gazetteer
it-IT,it,Vancouver,CA,6173331,200,cosa vedere a vancouver,slug match in the gazetteer
it-IT,it,Bucharest,RO,683506,200,cosa vedere a bucarest in un giorno,"GeoNames alternate name bucarest resolved to Bucharest (RO), 1 candidates, most populous chosen"
it-IT,it,Cecina,IT,3179235,200,cosa vedere a cecina,slug match in the gazetteer
it-IT,it,Inverness,GB,2646088,200,cosa vedere a inverness,slug match in the gazetteer
it-IT,it,Marrakesh,MA,2542997,200,cosa vedere a marrakesh,slug match in the gazetteer
it-IT,it,Cannes,FR,3028808,200,cosa vedere a cannes in un giorno,slug match in the gazetteer
it-IT,it,Salina,US,4278890,200,cosa vedere a salina,slug match in the gazetteer
it-IT,it,Linz,AT,2772400,200,cosa vedere a linz,slug match in the gazetteer
it-IT,it,Pontremoli,IT,3170191,200,cosa vedere a pontremoli,slug match in the gazetteer
it-IT,it,Santa Margherita Ligure,IT,3167595,200,cosa vedere a santa margherita ligure,slug match in the gazetteer
it-IT,it,Helsinki,FI,658225,200,cosa vedere a helsinki in 3 giorni,slug match in the gazetteer
it-IT,it,Corleone,IT,2524928,200,cosa vedere a corleone,slug match in the gazetteer
it-IT,it,Muggia,IT,3172483,200,cosa vedere a muggia,slug match in the gazetteer
it-IT,it,Eindhoven,NL,2756253,200,cosa vedere a eindhoven,slug match in the gazetteer
it-IT,it,Gaeta,IT,3176438,200,cosa vedere a gaeta in un giorno,slug match in the gazetteer
it-IT,it,Rouen,FR,2982652,200,cosa vedere a rouen,slug match in the gazetteer
it-IT,it,York,GB,2633352,200,cosa vedere a york,slug match in the gazetteer
it-IT,it,Budapest,HU,3054643,200,cosa vedere a budapest in 5 giorni,slug match in the gazetteer
it-IT,it,Panama City,PA,3703443,200,cosa vedere a panama,"GeoNames alternate name panama resolved to Panama City (PA), 2 candidates, most populous chosen"
it-IT,it,Desenzano del Garda,IT,3177610,200,cosa vedere a desenzano,"GeoNames alternate name desenzano resolved to Desenzano del Garda (IT), 1 candidates, most populous chosen"
it-IT,it,Ischia,IT,3175458,200,cosa vedere a ischia in 3 giorni,slug match in the gazetteer
it-IT,it,Bucharest,RO,683506,200,cosa vedere a bucarest in 4 giorni,"GeoNames alternate name bucarest resolved to Bucharest (RO), 1 candidates, most populous chosen"
it-IT,it,Stockholm,SE,2673730,200,cosa vedere a stoccolma in 2 giorni,"GeoNames alternate name stoccolma resolved to Stockholm (SE), 1 candidates, most populous chosen"
it-IT,it,Colle di Val d'Elsa,IT,3178402,200,cosa vedere a colle val d'elsa,"GeoNames alternate name colle val d'elsa resolved to Colle di Val d'Elsa (IT), 1 candidates, most populous chosen"
it-IT,it,Civitanova Marche,IT,3170102,200,cosa vedere a civitanova marche,slug match in the gazetteer
it-IT,it,Rieti,IT,3169412,200,cosa vedere a rieti,slug match in the gazetteer
it-IT,it,Florence,IT,3176959,200,cosa vedere a firenze in 2 giorni,"GeoNames alternate name firenze resolved to Florence (IT), 1 candidates, most populous chosen"
it-IT,it,Foligno,IT,3176854,200,cosa vedere a foligno in un giorno,slug match in the gazetteer
it-IT,it,Náxos,GR,256632,200,cosa vedere a naxos,slug match in the gazetteer
it-IT,it,Bari,IT,3182351,200,cosa vedere a bari in 2 giorni,slug match in the gazetteer
it-IT,it,Fidenza,IT,3177029,200,cosa vedere a fidenza,slug match in the gazetteer
it-IT,it,Polignano a Mare,IT,3170382,200,cosa vedere a polignano,"GeoNames alternate name polignano resolved to Polignano a Mare (IT), 1 candidates, most populous chosen"
it-IT,it,Cremona,IT,3177838,200,cosa vedere a cremona in mezza giornata,slug match in the gazetteer
it-IT,it,Salzburg,AT,2766824,200,cosa vedere a salisburgo in 2 giorni,"GeoNames alternate name salisburgo resolved to Salzburg (AT), 1 candidates, most populous chosen"
it-IT,it,Mattinata,IT,3173699,200,cosa vedere a mattinata,slug match in the gazetteer
it-IT,it,Rennes,FR,2983990,200,cosa vedere a rennes,slug match in the gazetteer
it-IT,it,Génova,CO,3682068,200,cosa vedere a genova in 2 giorni,slug match in the gazetteer
it-IT,it,Bologna,IT,3181928,200,cosa vedere a bologna in 2 giorni,slug match in the gazetteer
it-IT,it,Milan,IT,3173435,200,cosa vedere a milano in mezza giornata,"GeoNames alternate name milano resolved to Milan (IT), 1 candidates, most populous chosen"
it-IT,it,Manchester,GB,2643123,200,cosa vedere a manchester in 3 giorni,slug match in the gazetteer
it-IT,it,Ravenna,IT,3169561,200,cosa vedere a ravenna in 2 giorni,slug match in the gazetteer
it-IT,it,Cambridge,GB,2653941,200,cosa vedere a cambridge,slug match in the gazetteer
it-IT,it,Brooklyn,US,5110302,200,cosa vedere a brooklyn,slug match in the gazetteer
it-IT,it,Tangier,MA,2530335,200,cosa vedere a tangeri,"GeoNames alternate name tangeri resolved to Tangier (MA), 1 candidates, most populous chosen"
it-IT,it,Domodossola,IT,3177532,200,cosa vedere a domodossola,slug match in the gazetteer
it-IT,it,Podgorica,ME,3193044,200,cosa vedere a podgorica,slug match in the gazetteer
it-IT,it,Monopoli,IT,3173131,200,cosa vedere a monopoli in mezza giornata,slug match in the gazetteer
it-IT,it,Tokyo,JP,1850147,200,cosa vedere a tokyo in 5 giorni,slug match in the gazetteer
it-IT,it,Fes,MA,2548885,200,cosa vedere a fes,slug match in the gazetteer
it-IT,it,Maranello,IT,3174032,200,cosa vedere a maranello,slug match in the gazetteer
it-IT,it,Singapore,SG,1880252,200,cosa vedere a singapore in 3 giorni,slug match in the gazetteer
it-IT,it,Salamanca,MX,3988214,200,cosa vedere a salamanca,slug match in the gazetteer
it-IT,it,Terrasini,IT,2522952,200,cosa vedere a terrasini,slug match in the gazetteer
it-IT,it,Agrigento,IT,2525764,200,cosa vedere a agrigento,slug match in the gazetteer
it-IT,it,Orosei,IT,3171921,200,cosa vedere a orosei,slug match in the gazetteer
it-IT,it,Bracciano,IT,3181628,200,cosa vedere a bracciano,slug match in the gazetteer
it-IT,it,Montenegro,BR,3456826,200,cosa vedere a montenegro,slug match in the gazetteer
it-IT,it,Ostuni,IT,3171786,200,cosa vedere a ostuni in mezza giornata,slug match in the gazetteer
it-IT,it,Sevilla,ES,2510911,200,cosa vedere a siviglia in un giorno,exonym siviglia resolved to Sevilla (ES)
it-IT,it,Nyu-York,UA,699751,200,cosa vedere a new york in 4 giorni,"GeoNames alternate name new york resolved to Nyu-York (UA), 2 candidates, most populous chosen"
it-IT,it,Massa Marittima,IT,3173758,200,cosa vedere a massa marittima,slug match in the gazetteer
it-IT,it,Brisighella,IT,3181521,200,cosa vedere a brisighella,slug match in the gazetteer
it-IT,it,Gent,BE,2797656,200,cosa vedere a gand in un giorno,"GeoNames alternate name gand resolved to Gent (BE), 1 candidates, most populous chosen"
it-IT,it,Palazzolo Acreide,IT,2523922,200,cosa vedere a palazzolo acreide,slug match in the gazetteer
it-IT,it,Munich,DE,2867714,200,cosa vedere a monaco di baviera in un giorno,exonym monaco di baviera resolved to Munich (DE)
it-IT,it,Madrid,ES,3117735,200,cosa vedere a madrid in 5 giorni,slug match in the gazetteer
it-IT,it,Livorno,IT,3174659,200,cosa vedere a livorno in mezza giornata,slug match in the gazetteer
it-IT,it,Chiavenna,IT,3178829,200,cosa vedere a chiavenna,slug match in the gazetteer
it-IT,it,Zagreb,HR,3186886,200,cosa vedere a zagabria in 2 giorni,"GeoNames alternate name zagabria resolved to Zagreb (HR), 1 candidates, most populous chosen"
it-IT,it,Taranto,IT,3165926,200,cosa vedere a taranto in un giorno,slug match in the gazetteer
it-IT,it,Feltre,IT,3177120,200,cosa vedere a feltre,slug match in the gazetteer
it-IT,it,Santiago de Compostela,ES,3109642,200,cosa vedere a santiago de compostela,slug match in the gazetteer
it-IT,it,Tarragona,ES,3108288,200,cosa vedere a tarragona,slug match in the gazetteer
it-IT,it,Benidorm,ES,2521088,200,cosa vedere a benidorm,slug match in the gazetteer
it-IT,it,Hurghada,EG,361291,200,cosa vedere a hurghada,slug match in the gazetteer
it-IT,it,Taormina,IT,2522975,200,cosa vedere a taormina in mezza giornata,slug match in the gazetteer
it-IT,it,Basel,CH,2661604,200,cosa vedere a basilea in un giorno,"GeoNames alternate name basilea resolved to Basel (CH), 1 candidates, most populous chosen"
it-IT,it,Colmar,FR,3024297,200,cosa vedere a colmar in un giorno,slug match in the gazetteer
it-IT,it,Cefalù,IT,2525041,200,cosa vedere a cefalù in un giorno,slug match in the gazetteer
it-IT,it,Bordeaux,FR,3031582,200,cosa vedere a bordeaux in 3 giorni,slug match in the gazetteer
it-IT,it,Rapallo,IT,3169602,200,cosa vedere a rapallo,slug match in the gazetteer
it-IT,it,Modica,IT,2524119,200,cosa vedere a modica in mezza giornata,slug match in the gazetteer
it-IT,it,Fasano,IT,3177171,200,cosa vedere a fasano,slug match in the gazetteer
it-IT,it,Sirmione,IT,3166499,200,cosa vedere a sirmione in un giorno,slug match in the gazetteer
it-IT,it,Finale Ligure,IT,3176982,200,cosa vedere a finale ligure,slug match in the gazetteer
it-IT,it,Foligno,IT,3176854,200,cosa vedere a foligno in mezza giornata,slug match in the gazetteer
it-IT,it,Carcassonne,FR,3028641,200,cosa vedere a carcassonne,slug match in the gazetteer
it-IT,it,Gdańsk,PL,3099434,200,cosa vedere a danzica in 2 giorni,"GeoNames alternate name danzica resolved to Gdańsk (PL), 1 candidates, most populous chosen"
it-IT,it,Cascais,PT,2269594,200,cosa vedere a cascais,slug match in the gazetteer
it-IT,it,Este,IT,3177337,200,cosa vedere a este,slug match in the gazetteer
it-IT,it,Aosta,IT,3182997,200,cosa vedere a aosta,slug match in the gazetteer
it-IT,it,Glasgow,GB,2648579,200,cosa vedere a glasgow in un giorno,slug match in the gazetteer
it-IT,it,Dijon,FR,3021372,150,cosa vedere a digione,"GeoNames alternate name digione resolved to Dijon (FR), 1 candidates, most populous chosen"
it-IT,it,Diano Marina,IT,3177595,150,cosa vedere a diano marina,slug match in the gazetteer
it-IT,it,Frankfurt am Main,DE,2925533,150,cosa vedere a francoforte in 2 giorni,"GeoNames alternate name francoforte resolved to Frankfurt am Main (DE), 1 candidates, most populous chosen"
it-IT,it,Dubai,AE,292223,150,cosa vedere a dubai in 4 giorni,slug match in the gazetteer
it-IT,it,Dallas,US,4684888,150,cosa vedere a dallas,slug match in the gazetteer
it-IT,it,Zagreb,HR,3186886,150,cosa vedere a zagabria in un giorno,"GeoNames alternate name zagabria resolved to Zagreb (HR), 1 candidates, most populous chosen"
it-IT,it,Vaduz,LI,3042030,150,cosa vedere a vaduz,slug match in the gazetteer
it-IT,it,San Marino,US,5392400,150,cosa vedere a san marino in mezza giornata,slug match in the gazetteer
it-IT,it,Volterra,IT,3163962,150,cosa vedere a volterra in mezza giornata,slug match in the gazetteer
ja-JP,ja,Kyoto,JP,1857910,78000,京都 観光,exonym 京都 resolved to Kyoto (JP)
ja-JP,ja,Atami,JP,1864945,53000,熱海 観光,"GeoNames alternate name 熱海 resolved to Atami (JP), 1 candidates, most populous chosen"
ja-JP,ja,Kobe,JP,1859171,50000,神戸 観光,exonym 神戸 resolved to Kobe (JP)
ja-JP,ja,Sendai,JP,2111149,48000,仙台 観光,"GeoNames alternate name 仙台 resolved to Sendai (JP), 1 candidates, most populous chosen"
ja-JP,ja,Kanazawa,JP,1860243,47000,金沢 観光,exonym 金沢 resolved to Kanazawa (JP)
ja-JP,ja,Shizuoka,JP,1851717,45000,静岡 観光,exonym 静岡 resolved to Shizuoka (JP)
ja-JP,ja,Kamakura,JP,1860672,35000,鎌倉 観光,"GeoNames alternate name 鎌倉 resolved to Kamakura (JP), 1 candidates, most populous chosen"
ja-JP,ja,Nara-shi,JP,1855612,31000,奈良 観光,"GeoNames alternate name 奈良 resolved to Nara-shi (JP), 1 candidates, most populous chosen"
ja-JP,ja,Chiba,JP,2113015,23000,千葉 観光,exonym 千葉 resolved to Chiba (JP)
ja-JP,ja,Onomichi,JP,1853992,22000,尾道 観光,"GeoNames alternate name 尾道 resolved to Onomichi (JP), 1 candidates, most populous chosen"
ja-JP,ja,Matsushima,JP,2111964,20000,松島 観光,"GeoNames alternate name 松島 resolved to Matsushima (JP), 1 candidates, most populous chosen"
ja-JP,ja,Akita,JP,2113126,17000,秋田 観光,"GeoNames alternate name 秋田 resolved to Akita (JP), 1 candidates, most populous chosen"
ja-JP,ja,Kobe,JP,1859171,17000,神戸観光,exonym 神戸 resolved to Kobe (JP)
ja-JP,ja,Kanazawa,JP,1860243,16000,金沢観光,exonym 金沢 resolved to Kanazawa (JP)
ja-JP,ja,Sendai,JP,2111149,16000,仙台観光,"GeoNames alternate name 仙台 resolved to Sendai (JP), 1 candidates, most populous chosen"
ja-JP,ja,Morioka,JP,2111834,16000,盛岡 観光,exonym 盛岡 resolved to Morioka (JP)
ja-JP,ja,Kamakura,JP,1860672,14000,鎌倉観光,"GeoNames alternate name 鎌倉 resolved to Kamakura (JP), 1 candidates, most populous chosen"
ja-JP,ja,Utsunomiya,JP,1849053,14000,宇都宮 観光,"GeoNames alternate name 宇都宮 resolved to Utsunomiya (JP), 1 candidates, most populous chosen"
ja-JP,ja,Arashiyama,JP,7303471,13000,嵐山 観光,"GeoNames alternate name 嵐山 resolved to Arashiyama (JP), 2 candidates, most populous chosen"
ja-JP,ja,Hong Kong,HK,1819729,13000,香港 観光,exonym 香港 resolved to Hong Kong (HK)
ja-JP,ja,Nara-shi,JP,1855612,12000,奈良観光,"GeoNames alternate name 奈良 resolved to Nara-shi (JP), 1 candidates, most populous chosen"
ja-JP,ja,Kurashiki,JP,1858311,12000,倉敷 観光,"GeoNames alternate name 倉敷 resolved to Kurashiki (JP), 1 candidates, most populous chosen"
ja-JP,ja,Shanghai,CN,1796236,12000,上海 観光,exonym 上海 resolved to Shanghai (CN)
ja-JP,ja,Numazu,JP,1854902,11000,沼津 観光,"GeoNames alternate name 沼津 resolved to Numazu (JP), 1 candidates, most populous chosen"
ja-JP,ja,Yufu,JP,11612342,11000,湯布院 観光,exonym 湯布院 resolved to Yufu (JP)
ja-JP,ja,Itoshima,JP,11612341,11000,糸島観光,"GeoNames alternate name 糸島 resolved to Itoshima (JP), 1 candidates, most populous chosen"
ja-JP,ja,Himeji,JP,1862627,11000,姫路 観光,exonym 姫路 resolved to Himeji (JP)
ja-JP,ja,Obihiro,JP,2128815,11000,帯広 観光,"GeoNames alternate name 帯広 resolved to Obihiro (JP), 1 candidates, most populous chosen"
ja-JP,ja,Kamakura,JP,1860672,10000,鎌倉 観光 食べ歩き,"GeoNames alternate name 鎌倉 resolved to Kamakura (JP), 1 candidates, most populous chosen"
ja-JP,ja,Matsumoto,JP,1857519,9800,松本 観光,exonym 松本 resolved to Matsumoto (JP)
ja-JP,ja,Matsushima,JP,2111964,9700,松島観光,"GeoNames alternate name 松島 resolved to Matsushima (JP), 1 candidates, most populous chosen"
ja-JP,ja,Bangkok,TH,1609350,9600,バンコク 観光,exonym バンコク resolved to Bangkok (TH)
ja-JP,ja,Kanazawa,JP,1860243,9400,金沢 観光 モデルコース 1泊2日,exonym 金沢 resolved to Kanazawa (JP)
ja-JP,ja,Kushiro,JP,2129376,9200,釧路 観光,exonym 釧路 resolved to Kushiro (JP)
ja-JP,ja,Ho Chi Minh City,VN,1566083,8700,ホーチミン 観光,exonym ホーチミン resolved to Ho Chi Minh City (VN)
ja-JP,ja,Tokyo,JP,1850147,8700,東京観光 穴場 女子,exonym 東京 resolved to Tokyo (JP)
ja-JP,ja,Takayama,JP,1850892,8100,高山 観光,"GeoNames alternate name 高山 resolved to Takayama (JP), 1 candidates, most populous chosen"
ja-JP,ja,Tateyama,JP,1850523,8000,館山 観光,exonym 館山 resolved to Tateyama (JP)
ja-JP,ja,Aso,JP,6324583,7900,阿蘇 観光,"GeoNames alternate name 阿蘇 resolved to Aso (JP), 1 candidates, most populous chosen"
ja-JP,ja,Kochi,JP,1859146,7900,高知観光,exonym 高知 resolved to Kochi (JP)
ja-JP,ja,Mishima,JP,1856977,7500,三島 観光,"GeoNames alternate name 三島 resolved to Mishima (JP), 1 candidates, most populous chosen"
ja-JP,ja,Kawagoe,JP,1859740,7400,川越観光,"GeoNames alternate name 川越 resolved to Kawagoe (JP), 1 candidates, most populous chosen"
ja-JP,ja,Itō,JP,1861290,7400,伊東 観光,"GeoNames alternate name 伊東 resolved to Itō (JP), 1 candidates, most populous chosen"
ja-JP,ja,Hiroshima,JP,1862415,7300,広島 観光 モデルコース 1泊2日,exonym 広島 resolved to Hiroshima (JP)
ja-JP,ja,Taipei,TW,1668341,7200,台北 観光,exonym 台北 resolved to Taipei (TW)
ja-JP,ja,Azumino,JP,6822111,7100,安曇野 観光,"GeoNames alternate name 安曇野 resolved to Azumino (JP), 1 candidates, most populous chosen"
ja-JP,ja,Tsuruga,JP,1849592,7000,敦賀 観光,"GeoNames alternate name 敦賀 resolved to Tsuruga (JP), 1 candidates, most populous chosen"
ja-JP,ja,Shimoseki,JP,1852198,7000,下関 観光,"GeoNames alternate name 下関 resolved to Shimoseki (JP), 1 candidates, most populous chosen"
ja-JP,ja,Ōmihachiman,JP,1863451,7000,近江八幡 観光,"GeoNames alternate name 近江八幡 resolved to Ōmihachiman (JP), 1 candidates, most populous chosen"
ja-JP,ja,Onomichi,JP,1853992,6600,尾道観光,"GeoNames alternate name 尾道 resolved to Onomichi (JP), 1 candidates, most populous chosen"
ja-JP,ja,Ōdai,JP,1852841,6400,佐原 観光,"GeoNames alternate name 佐原 resolved to Ōdai (JP), 1 candidates, most populous chosen"
ja-JP,ja,Amakusa,JP,7424125,6300,天草 観光,"GeoNames alternate name 天草 resolved to Amakusa (JP), 1 candidates, most populous chosen"
ja-JP,ja,Chiba,JP,2113015,6200,千葉観光,exonym 千葉 resolved to Chiba (JP)
ja-JP,ja,Toba,JP,1850345,6200,鳥羽 観光,"GeoNames alternate name 鳥羽 resolved to Toba (JP), 1 candidates, most populous chosen"
ja-JP,ja,Shirahama,JP,1851936,6100,白浜 観光,exonym 白浜 resolved to Shirahama (JP)
ja-JP,ja,Nagatoro,JP,9191703,6000,長瀞 観光,"GeoNames alternate name 長瀞 resolved to Nagatoro (JP), 1 candidates, most populous chosen"
ja-JP,ja,Naha,JP,1856035,5800,那覇 観光,exonym 那覇 resolved to Naha (JP)
ja-JP,ja,Kobe,JP,1859171,5800,神戸 観光スポット,exonym 神戸 resolved to Kobe (JP)
ja-JP,ja,Dubai,AE,292223,5800,ドバイ 観光,exonym ドバイ resolved to Dubai (AE)
ja-JP,ja,Gotemba,JP,1863528,5800,御殿場 観光,"GeoNames alternate name 御殿場 resolved to Gotemba (JP), 1 candidates, most populous chosen"
ja-JP,ja,Nagano,JP,1856215,5700,長野 観光 モデルコース 1泊2日,"GeoNames alternate name 長野 resolved to Nagano (JP), 1 candidates, most populous chosen"
ja-JP,ja,Akita,JP,2113126,5700,秋田観光,"GeoNames alternate name 秋田 resolved to Akita (JP), 1 candidates, most populous chosen"
ja-JP,ja,Atami,JP,1864945,5700,熱海 観光スポット,"GeoNames alternate name 熱海 resolved to Atami (JP), 1 candidates, most populous chosen"
ja-JP,ja,Shimoda,JP,1852357,5700,下田 観光,"GeoNames alternate name 下田 resolved to Shimoda (JP), 1 candidates, most populous chosen"
ja-JP,ja,Manila,PH,1701668,5600,マニラ 観光,exonym マニラ resolved to Manila (PH)
ja-JP,ja,Milan,IT,3173435,5600,ミラノ 観光,exonym ミラノ resolved to Milan (IT)
ja-JP,ja,Cairns,AU,2172797,5400,ケアンズ 観光,exonym ケアンズ resolved to Cairns (AU)
ja-JP,ja,Minatomirai,JP,11081664,5300,みなとみらい 観光,"GeoNames alternate name みなとみらい resolved to Minatomirai (JP), 1 candidates, most populous chosen"
ja-JP,ja,Kobe,JP,1859171,5200,神戸 観光 モデルコース,exonym 神戸 resolved to Kobe (JP)
ja-JP,ja,Honolulu,US,5856195,5000,ハワイ 観光,exonym ハワイ resolved to Honolulu (US)
ja-JP,ja,Nice,FR,2990440,4900,ニース 観光,exonym ニース resolved to Nice (FR)
ja-JP,ja,Matsumoto,JP,1857519,4900,松本市 観光,exonym 松本市 resolved to Matsumoto (JP)
ja-JP,ja,Kisarazu,JP,1859393,4900,木更津 観光,exonym 木更津 resolved to Kisarazu (JP)
ja-JP,ja,Izumo,JP,1861084,4900,出雲 観光,"GeoNames alternate name 出雲 resolved to Izumo (JP), 1 candidates, most populous chosen"
ja-JP,ja,Songjiang,CN,1794035,4800,松江 観光,"GeoNames alternate name 松江 resolved to Songjiang (CN), 1 candidates, most populous chosen"
ja-JP,ja,Nagano,JP,1856215,4600,長野市 観光,"GeoNames alternate name 長野市 resolved to Nagano (JP), 1 candidates, most populous chosen"
ja-JP,ja,Morioka,JP,2111834,4500,盛岡観光,exonym 盛岡 resolved to Morioka (JP)
ja-JP,ja,London,CA,6058560,4500,ロンドン 観光,"GeoNames alternate name ロンドン resolved to London (CA), 1 candidates, most populous chosen"
ja-JP,ja,Katsuura,JP,2112309,4400,勝浦 観光,"GeoNames alternate name 勝浦 resolved to Katsuura (JP), 1 candidates, most populous chosen"
ja-JP,ja,Imabari,JP,1926134,4300,今治 観光,"GeoNames alternate name 今治 resolved to Imabari (JP), 1 candidates, most populous chosen"
ja-JP,ja,Kurashiki,JP,1858311,4300,倉敷観光,"GeoNames alternate name 倉敷 resolved to Kurashiki (JP), 1 candidates, most populous chosen"
ja-JP,ja,Nagahama,JP,1856243,4300,長浜 観光,"GeoNames alternate name 長浜 resolved to Nagahama (JP), 1 candidates, most populous chosen"
ja-JP,ja,Noboribetsu,JP,2128894,4200,登別 観光,"GeoNames alternate name 登別 resolved to Noboribetsu (JP), 1 candidates, most populous chosen"
ja-JP,ja,Himeji,JP,1862627,4200,姫路観光,exonym 姫路 resolved to Himeji (JP)
ja-JP,ja,Nara-shi,JP,1855612,4200,奈良観光スポット,"GeoNames alternate name 奈良 resolved to Nara-shi (JP), 1 candidates, most populous chosen"
ja-JP,ja,Arashiyama,JP,7303471,4200,嵐山観光,"GeoNames alternate name 嵐山 resolved to Arashiyama (JP), 2 candidates, most populous chosen"
ja-JP,ja,Nara-shi,JP,1855612,4100,奈良観光 モデルコース,"GeoNames alternate name 奈良 resolved to Nara-shi (JP), 1 candidates, most populous chosen"
ja-JP,ja,Hiroshima,JP,1862415,3900,広島 観光スポット,exonym 広島 resolved to Hiroshima (JP)
ja-JP,ja,Minamibōsō,JP,11612454,3900,南房総 観光,"GeoNames alternate name 南房総 resolved to Minamibōsō (JP), 1 candidates, most populous chosen"
ja-JP,ja,Utsunomiya,JP,1849053,3900,宇都宮観光,"GeoNames alternate name 宇都宮 resolved to Utsunomiya (JP), 1 candidates, most populous chosen"
ja-JP,ja,Kurume,JP,1858088,3700,久留米 観光,"GeoNames alternate name 久留米 resolved to Kurume (JP), 1 candidates, most populous chosen"
ja-JP,ja,Hayama,JP,1862992,3700,葉山 観光,"GeoNames alternate name 葉山 resolved to Hayama (JP), 1 candidates, most populous chosen"
ja-JP,ja,Fujita,JP,2112939,3600,藤田観光,"GeoNames alternate name 藤田 resolved to Fujita (JP), 1 candidates, most populous chosen"
ja-JP,ja,Akashi,JP,1847966,3600,明石 観光,"GeoNames alternate name 明石 resolved to Akashi (JP), 1 candidates, most populous chosen"
ja-JP,ja,Yonezawa,JP,2110498,3500,米沢 観光,"GeoNames alternate name 米沢 resolved to Yonezawa (JP), 1 candidates, most populous chosen"
ja-JP,ja,Saga,JP,1853303,3500,佐賀観光,exonym 佐賀 resolved to Saga (JP)
ja-JP,ja,Tokorozawa,JP,1850181,3400,所沢 観光,"GeoNames alternate name 所沢 resolved to Tokorozawa (JP), 1 candidates, most populous chosen"
ja-JP,ja,Kusatsu,JP,1858067,3400,草津観光,"GeoNames alternate name 草津 resolved to Kusatsu (JP), 2 candidates, most populous chosen"
ja-JP,ja,Yokkaichi,JP,1848375,3300,四日市 観光,"GeoNames alternate name 四日市 resolved to Yokkaichi (JP), 1 candidates, most populous chosen"
ja-JP,ja,Numazu,JP,1854902,3300,沼津観光,"GeoNames alternate name 沼津 resolved to Numazu (JP), 1 candidates, most populous chosen"
ja-JP,ja,Kyoto,JP,1857910,3300,京都 観光 穴場,exonym 京都 resolved to Kyoto (JP)
ja-JP,ja,Onna,JP,1854037,3300,恩納村 観光,"GeoNames alternate name 恩納村 resolved to Onna (JP), 1 candidates, most populous chosen"
ja-JP,ja,Hong Kong,HK,1819729,3200,香港観光,exonym 香港 resolved to Hong Kong (HK)
ja-JP,ja,Tsushima,JP,10630007,3200,対馬 観光,"GeoNames alternate name 対馬 resolved to Tsushima (JP), 1 candidates, most populous chosen"
ja-JP,ja,Etajima,JP,11611950,3200,江田島 観光,"GeoNames alternate name 江田島 resolved to Etajima (JP), 1 candidates, most populous chosen"
ja-JP,ja,Aso,JP,6324583,3200,阿蘇観光,"GeoNames alternate name 阿蘇 resolved to Aso (JP), 1 candidates, most populous chosen"
ja-JP,ja,Sendai,JP,2111149,3100,仙台観光スポット,"GeoNames alternate name 仙台 resolved to Sendai (JP), 1 candidates, most populous chosen"
ja-JP,ja,Kirishima,JP,7303138,3100,霧島 観光,"GeoNames alternate name 霧島 resolved to Kirishima (JP), 1 candidates, most populous chosen"
ja-JP,ja,Gold Coast,AU,2165087,3000,ゴールドコースト 観光,"GeoNames alternate name ゴールドコースト resolved to Gold Coast (AU), 1 candidates, most populous chosen"
ja-JP,ja,Matsumoto,JP,1857519,3000,松本観光,exonym 松本 resolved to Matsumoto (JP)
ja-JP,ja,Manazuru,JP,1857692,3000,真鶴 観光,"GeoNames alternate name 真鶴 resolved to Manazuru (JP), 1 candidates, most populous chosen"
ja-JP,ja,Kamakura,JP,1860672,3000,鎌倉観光スポット,"GeoNames alternate name 鎌倉 resolved to Kamakura (JP), 1 candidates, most populous chosen"
ja-JP,ja,Hita,JP,1862373,3000,日田 観光,"GeoNames alternate name 日田 resolved to Hita (JP), 1 candidates, most populous chosen"
ja-JP,ja,Kanazawa,JP,1860243,3000,金沢 観光地,exonym 金沢 resolved to Kanazawa (JP)
ja-JP,ja,Nagasaki,JP,1856177,3000,長崎市 観光,exonym 長崎市 resolved to Nagasaki (JP)
ja-JP,ja,Chiba,JP,2113015,2900,千葉 観光地,exonym 千葉 resolved to Chiba (JP)
ja-JP,ja,Yufu,JP,11612342,2900,湯布院観光,exonym 湯布院 resolved to Yufu (JP)
ja-JP,ja,Wakayama,JP,1926004,2900,和歌山市 観光,"GeoNames alternate name 和歌山市 resolved to Wakayama (JP), 1 candidates, most populous chosen"
ja-JP,ja,San Francisco,AR,3837675,2900,サンフランシスコ 観光,"GeoNames alternate name サンフランシスコ resolved to San Francisco (AR), 2 candidates, most populous chosen"
ja-JP,ja,Nagasaki,JP,2111766,2900,長崎 観光 モデルコース,"GeoNames alternate name 長崎 resolved to Nagasaki (JP), 1 candidates, most populous chosen"
ja-JP,ja,Roma,LS,932151,2800,ローマ 観光,"GeoNames alternate name ローマ resolved to Roma (LS), 1 candidates, most populous chosen"
ja-JP,ja,Takayama,JP,1850892,2800,高山観光,"GeoNames alternate name 高山 resolved to Takayama (JP), 1 candidates, most populous chosen"
ja-JP,ja,Shimabara,JP,1852479,2800,島原 観光,"GeoNames alternate name 島原 resolved to Shimabara (JP), 1 candidates, most populous chosen"
ja-JP,ja,Gifu,JP,1863641,2800,岐阜市 観光,"GeoNames alternate name 岐阜市 resolved to Gifu (JP), 1 candidates, most populous chosen"
ja-JP,ja,Sendai,JP,2111149,2800,仙台 観光スポット,"GeoNames alternate name 仙台 resolved to Sendai (JP), 1 candidates, most populous chosen"
ja-JP,ja,Nara-shi,JP,1855612,2800,奈良 観光スポット,"GeoNames alternate name 奈良 resolved to Nara-shi (JP), 1 candidates, most populous chosen"
ja-JP,ja,Ibusuki,JP,1862010,2800,指宿 観光,"GeoNames alternate name 指宿 resolved to Ibusuki (JP), 1 candidates, most populous chosen"
ja-JP,ja,Hiroshima,JP,1862415,2700,広島 観光 モデルコース,exonym 広島 resolved to Hiroshima (JP)
ja-JP,ja,Kamakura,JP,1860672,2700,鎌倉観光モデルコース,"GeoNames alternate name 鎌倉 resolved to Kamakura (JP), 1 candidates, most populous chosen"
ja-JP,ja,Tokoname,JP,1850185,2700,常滑 観光,"GeoNames alternate name 常滑 resolved to Tokoname (JP), 1 candidates, most populous chosen"
ja-JP,ja,Kobe,JP,1859171,2600,神戸 観光地,exonym 神戸 resolved to Kobe (JP)
ja-JP,ja,Kyoto,JP,1857910,2600,京都観光 穴場,exonym 京都 resolved to Kyoto (JP)
ja-JP,ja,Kobe,JP,1859171,2600,神戸観光スポット,exonym 神戸 resolved to Kobe (JP)
ja-JP,ja,Takayama,JP,1850892,2600,高山市 観光,"GeoNames alternate name 高山市 resolved to Takayama (JP), 1 candidates, most populous chosen"
ja-JP,ja,Fukuoka,JP,1863967,2500,福岡 観光 モデルコース,exonym 福岡 resolved to Fukuoka (JP)
ja-JP,ja,Tsuruga,JP,1849592,2500,敦賀観光,"GeoNames alternate name 敦賀 resolved to Tsuruga (JP), 1 candidates, most populous chosen"
ja-JP,ja,Toba,JP,1850345,2500,鳥羽観光,"GeoNames alternate name 鳥羽 resolved to Toba (JP), 1 candidates, most populous chosen"
ja-JP,ja,Muroran,JP,2129101,2500,室蘭 観光,"GeoNames alternate name 室蘭 resolved to Muroran (JP), 1 candidates, most populous chosen"
ja-JP,ja,Amsterdam,US,5107152,2500,アムステルダム 観光,"GeoNames alternate name アムステルダム resolved to Amsterdam (US), 1 candidates, most populous chosen"
ja-JP,ja,Chitose,JP,2130452,2400,千歳 観光,"GeoNames alternate name 千歳 resolved to Chitose (JP), 1 candidates, most populous chosen"
ja-JP,ja,Akita,JP,2113126,2400,秋田市 観光,"GeoNames alternate name 秋田市 resolved to Akita (JP), 1 candidates, most populous chosen"
ja-JP,ja,Toyama,JP,1849876,2400,富山市 観光,"GeoNames alternate name 富山市 resolved to Toyama (JP), 1 candidates, most populous chosen"
ja-JP,ja,Furano,JP,2130306,2400,富良野観光,"GeoNames alternate name 富良野 resolved to Furano (JP), 1 candidates, most populous chosen"
ja-JP,ja,Kyoto,JP,1857910,2400,京都観光穴場,exonym 京都 resolved to Kyoto (JP)
ja-JP,ja,Tsu,JP,1849796,2300,津市 観光,"GeoNames alternate name 津市 resolved to Tsu (JP), 2 candidates, most populous chosen"
ja-JP,ja,Itoshima,JP,11612341,2300,糸島観光 モデルコース,"GeoNames alternate name 糸島 resolved to Itoshima (JP), 1 candidates, most populous chosen"
ja-JP,ja,Kushiro,JP,2129376,2300,釧路観光,exonym 釧路 resolved to Kushiro (JP)
ja-JP,ja,Gion,JP,1863620,2300,祇園 観光,"GeoNames alternate name 祇園 resolved to Gion (JP), 1 candidates, most populous chosen"
ja-JP,ja,Tsuyama,JP,1849519,2300,津山 観光,"GeoNames alternate name 津山 resolved to Tsuyama (JP), 1 candidates, most populous chosen"
ja-JP,ja,Shanghai,CN,1796236,2200,上海観光,exonym 上海 resolved to Shanghai (CN)
ja-JP,ja,Tokushima,JP,1850158,2200,徳島 観光地,exonym 徳島 resolved to Tokushima (JP)
ja-JP,ja,Wakayama,JP,1926004,2200,和歌山 観光スポット,"GeoNames alternate name 和歌山 resolved to Wakayama (JP), 1 candidates, most populous chosen"
ja-JP,ja,Las Vegas,US,5475433,2100,ラスベガス 観光,"GeoNames alternate name ラスベガス resolved to Las Vegas (US), 1 candidates, most populous chosen"
ja-JP,ja,Amakusa,JP,7424125,2100,天草観光,"GeoNames alternate name 天草 resolved to Amakusa (JP), 1 candidates, most populous chosen"
ja-JP,ja,Tajimi,JP,1851193,2100,多治見 観光,"GeoNames alternate name 多治見 resolved to Tajimi (JP), 1 candidates, most populous chosen"
ja-JP,ja,Himi,JP,11611221,2100,氷見 観光,"GeoNames alternate name 氷見 resolved to Himi (JP), 1 candidates, most populous chosen"
ja-JP,ja,Kanazawa,JP,1860243,2100,金沢観光スポット,exonym 金沢 resolved to Kanazawa (JP)
ja-JP,ja,Tokushima,JP,1850158,2100,徳島観光スポット,exonym 徳島 resolved to Tokushima (JP)
ja-JP,ja,Chiba,JP,2113015,2100,千葉 観光スポット,exonym 千葉 resolved to Chiba (JP)
ja-JP,ja,Mishima,JP,1856977,2000,三島観光,"GeoNames alternate name 三島 resolved to Mishima (JP), 1 candidates, most populous chosen"
ja-JP,ja,Narutochō-mitsuishi,JP,1855580,2000,鳴門 観光,"GeoNames alternate name 鳴門 resolved to Narutochō-mitsuishi (JP), 1 candidates, most populous chosen"
ja-JP,ja,Hakodate,JP,2130188,1900,函館 観光地,"GeoNames alternate name 函館 resolved to Hakodate (JP), 1 candidates, most populous chosen"
ja-JP,ja,Tomakomai,JP,2127733,1900,苫小牧観光,"GeoNames alternate name 苫小牧 resolved to Tomakomai (JP), 1 candidates, most populous chosen"
ja-JP,ja,Hokuto,JP,11524139,1900,北杜市 観光,"GeoNames alternate name 北杜市 resolved to Hokuto (JP), 1 candidates, most populous chosen"
ja-JP,ja,Iga,JP,11468270,1900,伊賀 観光,"GeoNames alternate name 伊賀 resolved to Iga (JP), 1 candidates, most populous chosen"
ja-JP,ja,Wakayama,JP,1926004,1900,和歌山 観光地,"GeoNames alternate name 和歌山 resolved to Wakayama (JP), 1 candidates, most populous chosen"
ja-JP,ja,Fukuoka,JP,1863967,1900,福岡観光モデルコース 1泊2日,exonym 福岡 resolved to Fukuoka (JP)
ja-JP,ja,Niigata,JP,1855431,1900,新潟 観光 モデルコース 1泊2日,"GeoNames alternate name 新潟 resolved to Niigata (JP), 1 candidates, most populous chosen"
ja-JP,ja,Kumejima,JP,6822157,1900,久米島 観光,"GeoNames alternate name 久米島 resolved to Kumejima (JP), 1 candidates, most populous chosen"
ja-JP,ja,Hakuba,JP,8630153,1900,白馬村 観光,"GeoNames alternate name 白馬村 resolved to Hakuba (JP), 1 candidates, most populous chosen"
ja-JP,ja,Greenland,BB,3373831,1900,グリーンランド 観光,"GeoNames alternate name グリーンランド resolved to Greenland (BB), 1 candidates, most populous chosen"
ja-JP,ja,Ōgaki,JP,1854703,1900,大垣 観光,"GeoNames alternate name 大垣 resolved to Ōgaki (JP), 1 candidates, most populous chosen"
ja-JP,ja,Shiojiri,JP,1852003,1900,塩尻 観光,"GeoNames alternate name 塩尻 resolved to Shiojiri (JP), 1 candidates, most populous chosen"
ja-JP,ja,Phu Quoc,VN,8531735,1800,フーコック島 観光,"GeoNames alternate name フーコック島 resolved to Phu Quoc (VN), 1 candidates, most populous chosen"
ja-JP,ja,Kasukabe,JP,1859884,1800,春日部 観光,"GeoNames alternate name 春日部 resolved to Kasukabe (JP), 1 candidates, most populous chosen"
ja-JP,ja,Seisui,JP,1852421,1800,清水 観光,"GeoNames alternate name 清水 resolved to Seisui (JP), 2 candidates, most populous chosen"
ja-JP,ja,San Sebastián,PR,4568175,1800,サンセバスチャン 観光,"GeoNames alternate name サンセバスチャン resolved to San Sebastián (PR), 1 candidates, most populous chosen"
ja-JP,ja,Ueda,JP,1849429,1800,上田 観光,"GeoNames alternate name 上田 resolved to Ueda (JP), 1 candidates, most populous chosen"
ja-JP,ja,Hiroshima,JP,1862415,1800,広島観光地,exonym 広島 resolved to Hiroshima (JP)
ja-JP,ja,Sendai,JP,2111149,1800,仙台市 観光,"GeoNames alternate name 仙台市 resolved to Sendai (JP), 1 candidates, most populous chosen"
ja-JP,ja,Odawara,JP,1854747,1800,小田原観光 食べ歩き,"GeoNames alternate name 小田原 resolved to Odawara (JP), 1 candidates, most populous chosen"
ja-JP,ja,Sendai,JP,2111149,1800,仙台 観光 モデルコース,"GeoNames alternate name 仙台 resolved to Sendai (JP), 1 candidates, most populous chosen"
ja-JP,ja,Tsushima,JP,10630007,1800,対馬観光,"GeoNames alternate name 対馬 resolved to Tsushima (JP), 1 candidates, most populous chosen"
ja-JP,ja,Otaru,JP,2128574,1800,小樽観光スポット,"GeoNames alternate name 小樽 resolved to Otaru (JP), 1 candidates, most populous chosen"
ja-JP,ja,Atami,JP,1864945,1700,熱海 観光地,"GeoNames alternate name 熱海 resolved to Atami (JP), 1 candidates, most populous chosen"
ja-JP,ja,Izumo,JP,1861084,1700,出雲観光,"GeoNames alternate name 出雲 resolved to Izumo (JP), 1 candidates, most populous chosen"
ja-JP,ja,Kochi,JP,1859146,1700,高知 観光地,exonym 高知 resolved to Kochi (JP)
ja-JP,ja,Suzuka,JP,1851348,1700,鈴鹿 観光,"GeoNames alternate name 鈴鹿 resolved to Suzuka (JP), 1 candidates, most populous chosen"
ja-JP,ja,Fukuoka,JP,1863967,1700,福岡観光モデルコース,exonym 福岡 resolved to Fukuoka (JP)
ja-JP,ja,Toyama,JP,1849876,1700,富山 観光 モデルコース 1泊2日,"GeoNames alternate name 富山 resolved to Toyama (JP), 1 candidates, most populous chosen"
ja-JP,ja,Azumino,JP,6822111,1700,安曇野観光,"GeoNames alternate name 安曇野 resolved to Azumino (JP), 1 candidates, most populous chosen"
ja-JP,ja,Fukuyama,JP,1863917,1700,福山観光,"GeoNames alternate name 福山 resolved to Fukuyama (JP), 3 candidates, most populous chosen"
ja-JP,ja,Ueda,JP,1849429,1700,上田市 観光,"GeoNames alternate name 上田市 resolved to Ueda (JP), 1 candidates, most populous chosen"
ja-JP,ja,Imabari,JP,1926134,1600,今治観光,"GeoNames alternate name 今治 resolved to Imabari (JP), 1 candidates, most populous chosen"
ja-JP,ja,Tsu,JP,1849796,1600,津 観光,"GeoNames alternate name 津 resolved to Tsu (JP), 1 candidates, most populous chosen"
ja-JP,ja,Milan,IT,3173435,1600,ミラノ観光,exonym ミラノ resolved to Milan (IT)
nl-NL,nl,Maastricht,NL,2751283,3700,wat te doen in maastricht,slug match in the gazetteer
nl-NL,nl,The Hague,NL,2747373,2500,wat te doen in den haag,"GeoNames alternate name den haag resolved to The Hague (NL), 1 candidates, most populous chosen"
nl-NL,nl,Prague,CZ,3067696,2200,praag bezienswaardigheden,"GeoNames alternate name praag resolved to Prague (CZ), 1 candidates, most populous chosen"
nl-NL,nl,Eindhoven,NL,2756253,2100,wat te doen in eindhoven,slug match in the gazetteer
nl-NL,nl,Gent,BE,2797656,2000,wat te doen in gent,slug match in the gazetteer
nl-NL,nl,'s-Hertogenbosch,NL,2747351,2000,wat te doen in den bosch,"GeoNames alternate name den bosch resolved to 's-Hertogenbosch (NL), 1 candidates, most populous chosen"
nl-NL,nl,Brugge,BE,2800931,1900,wat te doen in brugge,slug match in the gazetteer
nl-NL,nl,Berlin,DE,2950159,1800,berlijn bezienswaardigheden,"GeoNames alternate name berlijn resolved to Berlin (DE), 1 candidates, most populous chosen"
nl-NL,nl,Zwolle,NL,2743477,1800,wat te doen in zwolle,slug match in the gazetteer
nl-NL,nl,Haarlem,NL,2755003,1800,wat te doen in haarlem,slug match in the gazetteer
nl-NL,nl,Paris,FR,2988507,1800,bezienswaardigheden parijs,exonym parijs resolved to Paris (FR)
nl-NL,nl,Valencia,VE,3625549,1800,valencia bezienswaardigheden,slug match in the gazetteer
nl-NL,nl,Leiden,NL,2751773,1800,wat te doen in leiden,slug match in the gazetteer
nl-NL,nl,Leeuwarden,NL,2751792,1700,wat te doen in leeuwarden,slug match in the gazetteer
nl-NL,nl,Breda,NL,2758401,1700,wat te doen in breda,slug match in the gazetteer
nl-NL,nl,Zeeland,US,5015701,1700,wat te doen in zeeland,slug match in the gazetteer
nl-NL,nl,Nijmegen,NL,2750053,1700,wat te doen in nijmegen,slug match in the gazetteer
nl-NL,nl,Rome,IT,3169070,1600,rome bezienswaardigheden,slug match in the gazetteer
nl-NL,nl,Middelburg,ZA,976361,1600,wat te doen in middelburg,slug match in the gazetteer
nl-NL,nl,Amersfoort,NL,2759821,1600,wat te doen in amersfoort,slug match in the gazetteer
nl-NL,nl,Málaga,ES,2514256,1500,wat te doen in malaga,slug match in the gazetteer
nl-NL,nl,Prague,CZ,3067696,1500,wat te doen in praag,"GeoNames alternate name praag resolved to Prague (CZ), 1 candidates, most populous chosen"
nl-NL,nl,Apeldoorn,NL,2759706,1500,wat te doen in apeldoorn,slug match in the gazetteer
nl-NL,nl,Paris,FR,2988507,1400,parijs bezienswaardigheden,exonym parijs resolved to Paris (FR)
nl-NL,nl,Valencia,VE,3625549,1300,wat te doen in valencia,slug match in the gazetteer
nl-NL,nl,Vienna,AT,2761369,1300,wenen bezienswaardigheden,exonym wenen resolved to Vienna (AT)
nl-NL,nl,Paris,FR,2988507,1300,wat te doen in parijs,exonym parijs resolved to Paris (FR)
nl-NL,nl,Arnhem,NL,2759661,1300,wat te doen in arnhem,slug match in the gazetteer
nl-NL,nl,Berlin,DE,2950159,1300,wat te doen in berlijn,"GeoNames alternate name berlijn resolved to Berlin (DE), 1 candidates, most populous chosen"
nl-NL,nl,London,GB,2643743,1300,wat te doen in londen,"GeoNames alternate name londen resolved to London (GB), 1 candidates, most populous chosen"
nl-NL,nl,Berlin,DE,2950159,1300,bezienswaardigheden berlijn,"GeoNames alternate name berlijn resolved to Berlin (DE), 1 candidates, most populous chosen"
nl-NL,nl,Tilburg,NL,2746301,1200,wat te doen in tilburg,slug match in the gazetteer
nl-NL,nl,Sevilla,ES,2510911,1200,wat te doen in sevilla,slug match in the gazetteer
nl-NL,nl,Rome,IT,3169070,1200,bezienswaardigheden rome,slug match in the gazetteer
nl-NL,nl,Köln,DE,2886242,1200,wat te doen in keulen,exonym keulen resolved to Köln (DE)
nl-NL,nl,Lisbon,PT,2267057,1200,wat te doen in lissabon,exonym lissabon resolved to Lisbon (PT)
nl-NL,nl,Dordrecht,NL,2756669,1100,wat te doen in dordrecht,slug match in the gazetteer
nl-NL,nl,Nederland,US,4713932,1100,bezienswaardigheden nederland,slug match in the gazetteer
nl-NL,nl,London,GB,2643743,1100,bezienswaardigheden londen,"GeoNames alternate name londen resolved to London (GB), 1 candidates, most populous chosen"
nl-NL,nl,Athens,GR,264371,1100,athene bezienswaardigheden,exonym athene resolved to Athens (GR)
nl-NL,nl,Rotterdam,NL,2747891,1100,bezienswaardigheden rotterdam,slug match in the gazetteer
nl-NL,nl,Lisbon,PT,2267057,1100,lissabon bezienswaardigheden,exonym lissabon resolved to Lisbon (PT)
nl-NL,nl,Brugge,BE,2800931,1000,brugge bezienswaardigheden,slug match in the gazetteer
nl-NL,nl,Lisbon,PT,2267057,1000,bezienswaardigheden lissabon,exonym lissabon resolved to Lisbon (PT)
nl-NL,nl,Sevilla,ES,2510911,1000,sevilla bezienswaardigheden,slug match in the gazetteer
nl-NL,nl,Brussels,BE,2800866,1000,wat te doen in brussel,exonym brussel resolved to Brussels (BE)
nl-NL,nl,Trier,DE,2821164,900,trier bezienswaardigheden,slug match in the gazetteer
nl-NL,nl,Copenhagen,DK,2618425,900,wat te doen in kopenhagen,exonym kopenhagen resolved to Copenhagen (DK)
nl-NL,nl,Vienna,AT,2761369,900,bezienswaardigheden wenen,exonym wenen resolved to Vienna (AT)
nl-NL,nl,Barcelona,ES,3128760,900,barcelona bezienswaardigheden,slug match in the gazetteer
nl-NL,nl,Prague,CZ,3067696,900,bezienswaardigheden praag,"GeoNames alternate name praag resolved to Prague (CZ), 1 candidates, most populous chosen"
nl-NL,nl,Lille,FR,2998324,900,wat te doen in lille,slug match in the gazetteer
nl-NL,nl,Vienna,AT,2761369,900,wat te doen in wenen,exonym wenen resolved to Vienna (AT)
nl-NL,nl,Lemay,US,4394905,900,wat te doen in luxemburg,"GeoNames alternate name luxemburg resolved to Lemay (US), 2 candidates, most populous chosen"
nl-NL,nl,Zakynthos,GR,251280,900,zakynthos bezienswaardigheden,slug match in the gazetteer
nl-NL,nl,Porto,PT,2735943,900,wat te doen in porto,slug match in the gazetteer
nl-NL,nl,Barcelona,ES,3128760,900,wat te doen in barcelona,slug match in the gazetteer
nl-NL,nl,Enschede,NL,2756071,900,wat te doen in enschede,slug match in the gazetteer
nl-NL,nl,Milan,IT,3173435,900,wat te doen in milaan,"GeoNames alternate name milaan resolved to Milan (IT), 1 candidates, most populous chosen"
nl-NL,nl,Gent,BE,2797656,900,gent bezienswaardigheden,slug match in the gazetteer
nl-NL,nl,Marrakesh,MA,2542997,900,wat te doen in marrakech,"GeoNames alternate name marrakech resolved to Marrakesh (MA), 1 candidates, most populous chosen"
nl-NL,nl,Gent,BE,2797656,800,bezienswaardigheden gent,slug match in the gazetteer
nl-NL,nl,Scheveningen,NL,2747599,800,wat te doen in scheveningen,slug match in the gazetteer
nl-NL,nl,Copenhagen,DK,2618425,800,kopenhagen bezienswaardigheden,exonym kopenhagen resolved to Copenhagen (DK)
nl-NL,nl,Madrid,ES,3117735,800,madrid bezienswaardigheden,slug match in the gazetteer
nl-NL,nl,Volendam,NL,2745340,800,wat te doen in volendam,slug match in the gazetteer
nl-NL,nl,Sevilla,ES,2510911,800,bezienswaardigheden sevilla,slug match in the gazetteer
nl-NL,nl,Rome,IT,3169070,800,wat te doen in rome,slug match in the gazetteer
nl-NL,nl,Düsseldorf,DE,2934246,800,wat te doen in dusseldorf,slug match in the gazetteer
nl-NL,nl,Antwerp,BE,2803138,800,antwerpen bezienswaardigheden,exonym antwerpen resolved to Antwerp (BE)
nl-NL,nl,Barcelona,ES,3128760,800,bezienswaardigheden barcelona,slug match in the gazetteer
nl-NL,nl,Milan,IT,3173435,800,milaan bezienswaardigheden,"GeoNames alternate name milaan resolved to Milan (IT), 1 candidates, most populous chosen"
nl-NL,nl,Valencia,VE,3625549,800,bezienswaardigheden valencia,slug match in the gazetteer
nl-NL,nl,Zutphen,NL,2743608,800,wat te doen in zutphen,slug match in the gazetteer
nl-NL,nl,Bremen,DE,2944388,700,bremen bezienswaardigheden,slug match in the gazetteer
nl-NL,nl,Delft,NL,2757345,700,delft bezienswaardigheden,slug match in the gazetteer
nl-NL,nl,Malta,BR,3395720,700,malta bezienswaardigheden,slug match in the gazetteer
nl-NL,nl,Antwerp,BE,2803138,700,bezienswaardigheden antwerpen,exonym antwerpen resolved to Antwerp (BE)
nl-NL,nl,Zeeland,US,5015701,700,wat te doen in zeeland vandaag,slug match in the gazetteer
nl-NL,nl,Lille,FR,2998324,700,lille bezienswaardigheden,slug match in the gazetteer
nl-NL,nl,Dublin,IE,2964574,700,wat te doen in dublin,slug match in the gazetteer
nl-NL,nl,Málaga,ES,2514256,700,bezienswaardigheden malaga,slug match in the gazetteer
nl-NL,nl,Assen,NL,2759633,700,wat te doen in assen,slug match in the gazetteer
nl-NL,nl,Budapest,HU,3054643,700,boedapest bezienswaardigheden,"GeoNames alternate name boedapest resolved to Budapest (HU), 1 candidates, most populous chosen"
nl-NL,nl,Brugge,BE,2800931,700,bezienswaardigheden brugge,slug match in the gazetteer
nl-NL,nl,Santa Cruz de Tenerife,ES,2511174,700,bezienswaardigheden tenerife,"GeoNames alternate name tenerife resolved to Santa Cruz de Tenerife (ES), 2 candidates, most populous chosen"
nl-NL,nl,Roermond,NL,2748000,700,wat te doen in roermond,slug match in the gazetteer
nl-NL,nl,Vlissingen,NL,2745392,700,wat te doen in vlissingen,slug match in the gazetteer
nl-NL,nl,The Hague,NL,2747373,700,bezienswaardigheden den haag,"GeoNames alternate name den haag resolved to The Hague (NL), 1 candidates, most populous chosen"
nl-NL,nl,Maastricht,NL,2751283,700,bezienswaardigheden maastricht,slug match in the gazetteer
nl-NL,nl,Madrid,ES,3117735,700,wat te doen in madrid,slug match in the gazetteer
nl-NL,nl,Edinburgh,GB,2650225,700,wat te doen in edinburgh,slug match in the gazetteer
nl-NL,nl,Hamburg,DE,2911298,700,wat te doen in hamburg,slug match in the gazetteer
nl-NL,nl,Dublin,IE,2964574,700,dublin bezienswaardigheden,slug match in the gazetteer
nl-NL,nl,Florence,IT,3176959,600,florence bezienswaardigheden,slug match in the gazetteer
nl-NL,nl,Harderwijk,NL,2754848,600,wat te doen in harderwijk,slug match in the gazetteer
nl-NL,nl,Groningen,NL,2755251,600,wat te doen in groningen vandaag,slug match in the gazetteer
nl-NL,nl,Aken,DE,2958781,600,aken bezienswaardigheden,slug match in the gazetteer
nl-NL,nl,Enschede,NL,2756071,600,wat te doen in enschede vandaag,slug match in the gazetteer
nl-NL,nl,London,GB,2643743,600,londen bezienswaardigheden,"GeoNames alternate name londen resolved to London (GB), 1 candidates, most populous chosen"
nl-NL,nl,Gouda,NL,2755420,600,wat te doen in gouda,slug match in the gazetteer
nl-NL,nl,Malta,BR,3395720,600,wat te doen in malta,slug match in the gazetteer
nl-NL,nl,Leuven,BE,2792482,600,leuven bezienswaardigheden,slug match in the gazetteer
nl-NL,nl,Athens,GR,264371,600,bezienswaardigheden athene,exonym athene resolved to Athens (GR)
nl-NL,nl,Madrid,ES,3117735,600,bezienswaardigheden madrid,slug match in the gazetteer
nl-NL,nl,Kraków,PL,3094802,600,krakau bezienswaardigheden,"GeoNames alternate name krakau resolved to Kraków (PL), 1 candidates, most populous chosen"
nl-NL,nl,Budapest,HU,3054643,600,wat te doen in boedapest,"GeoNames alternate name boedapest resolved to Budapest (HU), 1 candidates, most populous chosen"
nl-NL,nl,Aken,DE,2958781,600,wat te doen in aken,slug match in the gazetteer
nl-NL,nl,Almelo,NL,2759887,600,wat te doen in almelo,slug match in the gazetteer
nl-NL,nl,Copenhagen,DK,2618425,600,bezienswaardigheden kopenhagen,exonym kopenhagen resolved to Copenhagen (DK)
nl-NL,nl,Köln,DE,2886242,600,bezienswaardigheden keulen,exonym keulen resolved to Köln (DE)
nl-NL,nl,Munich,DE,2867714,600,munchen bezienswaardigheden,exonym munchen resolved to Munich (DE)
nl-NL,nl,Kos,GR,259245,600,kos bezienswaardigheden,slug match in the gazetteer
nl-NL,nl,Nederland,US,4713932,600,wat te doen in nederland,slug match in the gazetteer
nl-NL,nl,Lemay,US,4394905,600,luxemburg bezienswaardigheden,"GeoNames alternate name luxemburg resolved to Lemay (US), 2 candidates, most populous chosen"
nl-NL,nl,Lemay,US,4394905,600,wat te doen in luxemburg stad,"GeoNames alternate name luxemburg resolved to Lemay (US), 2 candidates, most populous chosen"
nl-NL,nl,Porto,PT,2735943,600,bezienswaardigheden porto,slug match in the gazetteer
nl-NL,nl,Lemay,US,4394905,600,bezienswaardigheden luxemburg,"GeoNames alternate name luxemburg resolved to Lemay (US), 2 candidates, most populous chosen"
nl-NL,nl,Venlo,NL,2745641,600,wat te doen in venlo,slug match in the gazetteer
nl-NL,nl,Porto,PT,2735943,600,porto bezienswaardigheden,slug match in the gazetteer
nl-NL,nl,Almere Stad,NL,2759879,600,wat te doen in almere,"GeoNames alternate name almere resolved to Almere Stad (NL), 1 candidates, most populous chosen"
nl-NL,nl,Athens,GR,264371,600,wat te doen in athene,exonym athene resolved to Athens (GR)
nl-NL,nl,Limburg an der Lahn,DE,2877648,500,wat te doen in limburg,"GeoNames alternate name limburg resolved to Limburg an der Lahn (DE), 2 candidates, most populous chosen"
nl-NL,nl,Zwolle,NL,2743477,500,wat te doen in zwolle vandaag,slug match in the gazetteer
nl-NL,nl,Dubai,AE,292223,500,wat te doen in dubai,slug match in the gazetteer
nl-NL,nl,Goes,NL,2755476,500,wat te doen in goes,slug match in the gazetteer
nl-NL,nl,Malta,BR,3395720,500,bezienswaardigheden malta,slug match in the gazetteer
nl-NL,nl,Dresden,DE,2935022,500,dresden bezienswaardigheden,slug match in the gazetteer
nl-NL,nl,Stockholm,SE,2673730,500,wat te doen in stockholm,slug match in the gazetteer
nl-NL,nl,Marrakesh,MA,2542997,500,marrakech bezienswaardigheden,"GeoNames alternate name marrakech resolved to Marrakesh (MA), 1 candidates, most populous chosen"
nl-NL,nl,Madeira,US,4517353,500,madeira bezienswaardigheden,slug match in the gazetteer
nl-NL,nl,Winterberg,DE,2807788,500,wat te doen in winterberg,slug match in the gazetteer
nl-NL,nl,Rhodes,GR,400666,500,bezienswaardigheden rhodos,"GeoNames alternate name rhodos resolved to Rhodes (GR), 1 candidates, most populous chosen"
nl-NL,nl,Nyu-York,UA,699751,500,wat te doen in new york,"GeoNames alternate name new york resolved to Nyu-York (UA), 2 candidates, most populous chosen"
nl-NL,nl,Amsterdam,NL,2759794,500,amsterdam bezienswaardigheden,slug match in the gazetteer
nl-NL,nl,Hoorn,NL,2753638,500,wat te doen in hoorn,slug match in the gazetteer
nl-NL,nl,Leuven,BE,2792482,500,wat te doen in leuven,slug match in the gazetteer
nl-NL,nl,Winterswijk,NL,2744332,500,wat te doen in winterswijk,slug match in the gazetteer
nl-NL,nl,Brussels,BE,2800866,500,brussel bezienswaardigheden,exonym brussel resolved to Brussels (BE)
nl-NL,nl,Santa Cruz de Tenerife,ES,2511174,500,tenerife bezienswaardigheden,"GeoNames alternate name tenerife resolved to Santa Cruz de Tenerife (ES), 2 candidates, most populous chosen"
nl-NL,nl,Köln,DE,2886242,500,keulen bezienswaardigheden,exonym keulen resolved to Köln (DE)
nl-NL,nl,Rotterdam,NL,2747891,500,rotterdam bezienswaardigheden,slug match in the gazetteer
nl-NL,nl,Santa Cruz de Tenerife,ES,2511174,500,wat te doen in tenerife,"GeoNames alternate name tenerife resolved to Santa Cruz de Tenerife (ES), 2 candidates, most populous chosen"
nl-NL,nl,Naples,IT,3172394,500,napels bezienswaardigheden,"GeoNames alternate name napels resolved to Naples (IT), 1 candidates, most populous chosen"
nl-NL,nl,Alicante,ES,2521978,500,wat te doen in alicante,slug match in the gazetteer
nl-NL,nl,Kraków,PL,3094802,500,wat te doen in krakau,"GeoNames alternate name krakau resolved to Kraków (PL), 1 candidates, most populous chosen"
nl-NL,nl,Bangkok,TH,1609350,500,wat te doen in bangkok,slug match in the gazetteer
nl-NL,nl,Rhodes,GR,400666,500,rhodos bezienswaardigheden,"GeoNames alternate name rhodos resolved to Rhodes (GR), 1 candidates, most populous chosen"
nl-NL,nl,Jayapura,ID,2082600,500,wat te doen in noordwijk,"GeoNames alternate name noordwijk resolved to Jayapura (ID), 2 candidates, most populous chosen"
nl-NL,nl,Hamburg,DE,2911298,450,hamburg bezienswaardigheden,slug match in the gazetteer
nl-NL,nl,Milan,IT,3173435,450,bezienswaardigheden milaan,"GeoNames alternate name milaan resolved to Milan (IT), 1 candidates, most populous chosen"
nl-NL,nl,Bremen,DE,2944388,450,wat te doen in bremen,slug match in the gazetteer
nl-NL,nl,Dordrecht,NL,2756669,450,dordrecht bezienswaardigheden,slug match in the gazetteer
nl-NL,nl,Edinburgh,GB,2650225,450,bezienswaardigheden edinburgh,slug match in the gazetteer
nl-NL,nl,Oslo,NO,3143244,450,oslo bezienswaardigheden,slug match in the gazetteer
nl-NL,nl,'s-Hertogenbosch,NL,2747351,450,bezienswaardigheden den bosch,"GeoNames alternate name den bosch resolved to 's-Hertogenbosch (NL), 1 candidates, most populous chosen"
nl-NL,nl,Lefkáda,GR,258438,450,lefkas bezienswaardigheden,"GeoNames alternate name lefkas resolved to Lefkáda (GR), 1 candidates, most populous chosen"
nl-NL,nl,Florence,IT,3176959,450,bezienswaardigheden florence,slug match in the gazetteer
nl-NL,nl,Amersfoort,NL,2759821,450,bezienswaardigheden amersfoort,slug match in the gazetteer
nl-NL,nl,Eindhoven,NL,2756253,450,wat te doen in eindhoven vandaag,slug match in the gazetteer
nl-NL,nl,Utrecht,NL,2745912,450,bezienswaardigheden utrecht,slug match in the gazetteer
nl-NL,nl,Emmen,NL,2756136,450,wat te doen in emmen,slug match in the gazetteer
nl-NL,nl,Córdoba,AR,3860259,450,cordoba bezienswaardigheden,slug match in the gazetteer
nl-NL,nl,China,MX,3530839,450,bezienswaardigheden china,slug match in the gazetteer
nl-NL,nl,The Hague,NL,2747373,450,den haag bezienswaardigheden,"GeoNames alternate name den haag resolved to The Hague (NL), 1 candidates, most populous chosen"
nl-NL,nl,Naples,IT,3172394,450,wat te doen in napels,"GeoNames alternate name napels resolved to Naples (IT), 1 candidates, most populous chosen"
nl-NL,nl,Brussels,BE,2800866,450,bezienswaardigheden brussel,exonym brussel resolved to Brussels (BE)
nl-NL,nl,Ommen,NL,2749613,450,wat te doen in ommen,slug match in the gazetteer
nl-NL,nl,Lemay,US,4394905,450,luxemburg stad bezienswaardigheden,"GeoNames alternate name luxemburg resolved to Lemay (US), 2 candidates, most populous chosen"
nl-NL,nl,Deventer,NL,2756987,450,deventer bezienswaardigheden,slug match in the gazetteer
nl-NL,nl,Oslo,NO,3143244,450,wat te doen in oslo,slug match in the gazetteer
nl-NL,nl,Delft,NL,2757345,450,bezienswaardigheden delft,slug match in the gazetteer
nl-NL,nl,Bergen op Zoom,NL,2759145,400,wat te doen in bergen op zoom,slug match in the gazetteer
nl-NL,nl,Madeira,US,4517353,400,wat te doen in madeira,slug match in the gazetteer
nl-NL,nl,Sneek,NL,2747063,400,wat te doen in sneek,slug match in the gazetteer
nl-NL,nl,Hurghada,EG,361291,400,wat te doen in hurghada,slug match in the gazetteer
nl-NL,nl,Chiang Mai,TH,1153671,400,wat te doen in chiang mai,slug match in the gazetteer
nl-NL,nl,Zakynthos,GR,251280,400,wat te doen in zakynthos,slug match in the gazetteer
nl-NL,nl,Leiden,NL,2751773,400,leiden bezienswaardigheden,slug match in the gazetteer
nl-NL,nl,Bāli,IN,1277539,400,bali bezienswaardigheden,slug match in the gazetteer
nl-NL,nl,Leeuwarden,NL,2751792,400,bezienswaardigheden leeuwarden,slug match in the gazetteer
nl-NL,nl,Utrecht,NL,2745912,400,utrecht bezienswaardigheden,slug match in the gazetteer
nl-NL,nl,Düsseldorf,DE,2934246,400,bezienswaardigheden dusseldorf,slug match in the gazetteer
nl-NL,nl,Deventer,NL,2756987,400,bezienswaardigheden deventer,slug match in the gazetteer
nl-NL,nl,Maastricht,NL,2751283,400,maastricht bezienswaardigheden,slug match in the gazetteer
nl-NL,nl,Marrakesh,MA,2542997,400,bezienswaardigheden marrakech,"GeoNames alternate name marrakech resolved to Marrakesh (MA), 1 candidates, most populous chosen"
nl-NL,nl,Reims,FR,2984114,400,wat te doen in reims,slug match in the gazetteer
nl-NL,nl,Dublin,IE,2964574,400,bezienswaardigheden dublin,slug match in the gazetteer
nl-NL,nl,Nyu-York,UA,699751,400,bezienswaardigheden new york,"GeoNames alternate name new york resolved to Nyu-York (UA), 2 candidates, most populous chosen"
nl-NL,nl,Rhodes,GR,400666,400,wat te doen in rhodos,"GeoNames alternate name rhodos resolved to Rhodes (GR), 1 candidates, most populous chosen"
nl-NL,nl,Edinburgh,GB,2650225,400,edinburgh bezienswaardigheden,slug match in the gazetteer
nl-NL,nl,Elburg,NL,2756232,400,wat te doen in elburg,slug match in the gazetteer
nl-NL,nl,Budapest,HU,3054643,400,bezienswaardigheden boedapest,"GeoNames alternate name boedapest resolved to Budapest (HU), 1 candidates, most populous chosen"
nl-NL,nl,London,GB,2643743,400,wat te doen in london,slug match in the gazetteer
nl-NL,nl,Alicante,ES,2521978,400,alicante bezienswaardigheden,slug match in the gazetteer
nl-NL,nl,Groningen,NL,2755251,400,bezienswaardigheden groningen,slug match in the gazetteer
nl-NL,nl,Emmen,NL,2756136,350,wat te doen in emmen vandaag,slug match in the gazetteer
nl-NL,nl,Kampen,NL,2753106,350,wat te doen in kampen,slug match in the gazetteer
nl-NL,nl,Bologna,IT,3181928,350,wat te doen in bologna,slug match in the gazetteer
nl-NL,nl,Istanbul,TR,745044,350,bezienswaardigheden istanbul,slug match in the gazetteer
nl-NL,nl,Nyu-York,UA,699751,350,new york bezienswaardigheden,"GeoNames alternate name new york resolved to Nyu-York (UA), 2 candidates, most populous chosen"
nl-NL,nl,Corfu,GR,2463679,350,bezienswaardigheden corfu,slug match in the gazetteer
nl-NL,nl,Cochem,DE,2939949,350,wat te doen in cochem,slug match in the gazetteer
nl-NL,nl,Kuala Lumpur,MY,1735161,350,wat te doen in kuala lumpur,slug match in the gazetteer
nl-NL,nl,Ouddorp,NL,2749164,350,wat te doen in ouddorp,slug match in the gazetteer
nl-NL,nl,Kos,GR,259245,350,wat te doen in kos,slug match in the gazetteer
nl-NL,nl,Bilbao,ES,3128026,350,wat te doen in bilbao,slug match in the gazetteer
nl-NL,nl,Colombia,CU,3563856,350,bezienswaardigheden colombia,slug match in the gazetteer
nl-NL,nl,Gorinchem,NL,2755434,350,wat te doen in gorinchem,slug match in the gazetteer
nl-NL,nl,Torremolinos,ES,2510281,350,wat te doen in torremolinos,slug match in the gazetteer
nl-NL,nl,Haarlem,NL,2755003,350,haarlem bezienswaardigheden,slug match in the gazetteer
nl-NL,nl,Breda,NL,2758401,350,bezienswaardigheden breda,slug match in the gazetteer
nl-NL,nl,Florence,IT,3176959,350,wat te doen in florence,slug match in the gazetteer
nl-NL,nl,Deventer,NL,2756987,350,wat te doen in deventer vandaag,slug match in the gazetteer
nl-NL,nl,Nijmegen,NL,2750053,350,wat te doen in nijmegen vandaag,slug match in the gazetteer
nl-NL,nl,Stockholm,SE,2673730,350,bezienswaardigheden stockholm,slug match in the gazetteer
nl-NL,nl,Zierikzee,NL,2743913,350,wat te doen in zierikzee,slug match in the gazetteer
nl-NL,nl,Singapore,SG,1880252,350,wat te doen in singapore,slug match in the gazetteer
nl-NL,nl,Bucharest,RO,683506,350,boekarest bezienswaardigheden,"GeoNames alternate name boekarest resolved to Bucharest (RO), 1 candidates, most populous chosen"
nl-NL,nl,Strasbourg,FR,2973783,350,straatsburg bezienswaardigheden,"GeoNames alternate name straatsburg resolved to Strasbourg (FR), 1 candidates, most populous chosen"
nl-NL,nl,Reims,FR,2984114,350,reims bezienswaardigheden,slug match in the gazetteer
nl-NL,nl,Rouen,FR,2982652,350,rouen bezienswaardigheden,slug match in the gazetteer
nl-NL,nl,Arnhem,NL,2759661,350,wat te doen in arnhem vandaag,slug match in the gazetteer
nl-NL,nl,Istanbul,TR,745044,350,wat te doen in istanbul,slug match in the gazetteer
nl-NL,nl,Leiden,NL,2751773,350,bezienswaardigheden leiden,slug match in the gazetteer
nl-NL,nl,Kos,GR,259245,350,bezienswaardigheden kos,slug match in the gazetteer
nl-NL,nl,Stockholm,SE,2673730,350,stockholm bezienswaardigheden,slug match in the gazetteer
nl-NL,nl,Zakynthos,GR,251280,350,bezienswaardigheden zakynthos,slug match in the gazetteer
nl-NL,nl,Mechelen,BE,2791537,350,wat te doen in mechelen,slug match in the gazetteer
nl-NL,nl,Split,HR,3190261,350,wat te doen in split,slug match in the gazetteer
nl-NL,nl,Kraków,PL,3094802,300,bezienswaardigheden krakau,"GeoNames alternate name krakau resolved to Kraków (PL), 1 candidates, most populous chosen"
nl-NL,nl,Middelburg,ZA,976361,300,middelburg bezienswaardigheden,slug match in the gazetteer
nl-NL,nl,Nice,FR,2990440,300,wat te doen in nice,slug match in the gazetteer
nl-NL,nl,Middelburg,ZA,976361,300,bezienswaardigheden middelburg,slug match in the gazetteer
nl-NL,nl,Leeuwarden,NL,2751792,300,leeuwarden bezienswaardigheden,slug match in the gazetteer
nl-NL,nl,Arcen,NL,2759684,300,wat te doen in arcen,slug match in the gazetteer
nl-NL,nl,Trier,DE,2821164,300,wat te doen in trier,slug match in the gazetteer
nl-NL,nl,London,GB,2643743,300,bezienswaardigheden london,slug match in the gazetteer
nl-NL,nl,Eindhoven,NL,2756253,300,bezienswaardigheden eindhoven,slug match in the gazetteer
nl-NL,nl,London,GB,2643743,300,london bezienswaardigheden,slug match in the gazetteer
nl-NL,nl,Cochem,DE,2939949,300,cochem bezienswaardigheden,slug match in the gazetteer
nl-NL,nl,Karpathos,GR,260895,300,karpathos bezienswaardigheden,slug match in the gazetteer
nl-NL,nl,Arnhem,NL,2759661,300,bezienswaardigheden arnhem,slug match in the gazetteer
nl-NL,nl,Granada,ES,2517117,300,granada bezienswaardigheden,slug match in the gazetteer
nl-NL,nl,Breda,NL,2758401,300,breda bezienswaardigheden,slug match in the gazetteer
nl-NL,nl,Zwolle,NL,2743477,300,bezienswaardigheden zwolle,slug match in the gazetteer
nl-NL,nl,Miami,US,4164138,300,wat te doen in miami,slug match in the gazetteer
nl-NL,nl,Istanbul,TR,745044,300,istanbul bezienswaardigheden,slug match in the gazetteer
nl-NL,nl,Trier,DE,2821164,300,bezienswaardigheden trier,slug match in the gazetteer
nl-NL,nl,Lemay,US,4394905,300,bezienswaardigheden luxemburg stad,"GeoNames alternate name luxemburg resolved to Lemay (US), 2 candidates, most populous chosen"
nl-NL,nl,Maastricht,NL,2751283,300,wat te doen in maastricht vandaag,slug match in the gazetteer
nl-NL,nl,Düsseldorf,DE,2934246,300,dusseldorf bezienswaardigheden,slug match in the gazetteer
nl-NL,nl,Turin,IT,3165524,300,turijn bezienswaardigheden,"GeoNames alternate name turijn resolved to Turin (IT), 1 candidates, most populous chosen"
nl-NL,nl,Aken,DE,2958781,300,bezienswaardigheden aken,slug match in the gazetteer
nl-NL,nl,Münster,DE,2867543,300,wat te doen in munster,slug match in the gazetteer
nl-NL,nl,Heerenveen,NL,2754669,300,wat te doen in heerenveen,slug match in the gazetteer
nl-NL,nl,Madeira,US,4517353,300,bezienswaardigheden madeira,slug match in the gazetteer
nl-NL,nl,Monschau,DE,2869756,300,wat te doen in monschau,slug match in the gazetteer
nl-NL,nl,Bilbao,ES,3128026,300,bilbao bezienswaardigheden,slug match in the gazetteer
nl-NL,nl,Gouda,NL,2755420,300,gouda bezienswaardigheden,slug match in the gazetteer
nl-NL,nl,Bratislava,SK,3060972,300,bratislava bezienswaardigheden,slug match in the gazetteer
nl-NL,nl,Hardenberg,NL,2754861,300,wat te doen in hardenberg vandaag,slug match in the gazetteer
nl-NL,nl,Hamburg,DE,2911298,300,bezienswaardigheden hamburg,slug match in the gazetteer
nl-NL,nl,Albufeira,PT,2272222,300,albufeira bezienswaardigheden,slug match in the gazetteer
nl-NL,nl,Monschau,DE,2869756,300,monschau bezienswaardigheden,slug match in the gazetteer
nl-NL,nl,Dordrecht,NL,2756669,300,bezienswaardigheden dordrecht,slug match in the gazetteer
nl-NL,nl,Bāli,IN,1277539,300,wat te doen in bali,slug match in the gazetteer
nl-NL,nl,Zagreb,HR,3186886,300,zagreb bezienswaardigheden,slug match in the gazetteer
nl-NL,nl,Groningen,NL,2755251,300,groningen bezienswaardigheden,slug match in the gazetteer
nl-NL,nl,Zwolle,NL,2743477,300,zwolle bezienswaardigheden,slug match in the gazetteer
nl-NL,nl,Zanzibar,TZ,148730,300,wat te doen in zanzibar,slug match in the gazetteer
nl-NL,nl,Steenwijk,NL,2746766,300,wat te doen in steenwijk vandaag,slug match in the gazetteer
nl-NL,nl,Tirana,AL,3183875,300,tirana bezienswaardigheden,slug match in the gazetteer
nl-NL,nl,Zutphen,NL,2743608,300,zutphen bezienswaardigheden,slug match in the gazetteer
nl-NL,nl,Munich,DE,2867714,300,bezienswaardigheden munchen,exonym munchen resolved to Munich (DE)
nl-NL,nl,Munich,DE,2867714,300,wat te doen in munchen,exonym munchen resolved to Munich (DE)
nl-NL,nl,Bāli,IN,1277539,300,bezienswaardigheden bali,slug match in the gazetteer
nl-NL,nl,Apeldoorn,NL,2759706,250,wat te doen in apeldoorn vandaag,slug match in the gazetteer
nl-NL,nl,Zutphen,NL,2743608,250,bezienswaardigheden zutphen,slug match in the gazetteer
nl-NL,nl,Alkmaar,NL,2759899,250,bezienswaardigheden alkmaar,slug match in the gazetteer
nl-NL,nl,Innsbruck,AT,2775220,250,innsbruck bezienswaardigheden,slug match in the gazetteer
nl-NL,nl,Warsaw,PL,756135,250,warschau bezienswaardigheden,exonym warschau resolved to Warsaw (PL)
nl-NL,nl,Zanzibar,TZ,148730,250,zanzibar bezienswaardigheden,slug match in the gazetteer
nl-NL,nl,Hanoi,VN,1581130,250,wat te doen in hanoi,slug match in the gazetteer
nl-NL,nl,Hilversum,NL,2754064,250,wat te doen in hilversum,slug match in the gazetteer
nl-NL,nl,Tilburg,NL,2746301,250,wat te doen in tilburg vandaag,slug match in the gazetteer
nl-NL,nl,Doetinchem,NL,2756767,250,wat te doen in doetinchem,slug match in the gazetteer
nl-NL,nl,Apeldoorn,NL,2759706,250,apeldoorn bezienswaardigheden,slug match in the gazetteer
nl-NL,nl,Tokyo,JP,1850147,250,wat te doen in tokyo,slug match in the gazetteer
nl-NL,nl,Split,HR,3190261,250,split bezienswaardigheden,slug match in the gazetteer
nl-NL,nl,Bilbao,ES,3128026,250,bezienswaardigheden bilbao,slug match in the gazetteer
nl-NL,nl,Antalya,TR,323777,250,wat te doen in antalya,slug match in the gazetteer
nl-NL,nl,Palermo,IT,2523920,250,palermo bezienswaardigheden,slug match in the gazetteer
nl-NL,nl,Nunspeet,NL,2749756,250,wat te doen in nunspeet,slug match in the gazetteer
nl-NL,nl,Dubrovnik,HR,3201047,250,dubrovnik bezienswaardigheden,slug match in the gazetteer
nl-NL,nl,Ljubljana,SI,3196359,250,ljubljana bezienswaardigheden,slug match in the gazetteer
nl-NL,nl,Salzburg,AT,2766824,250,salzburg bezienswaardigheden,slug match in the gazetteer
nl-NL,nl,Granada,ES,2517117,250,wat te doen in granada,slug match in the gazetteer
nl-NL,nl,Alkmaar,NL,2759899,250,alkmaar bezienswaardigheden,slug match in the gazetteer
nl-NL,nl,Apeldoorn,NL,2759706,250,bezienswaardigheden apeldoorn,slug match in the gazetteer
nl-NL,nl,Hardenberg,NL,2754861,250,wat te doen in hardenberg,slug match in the gazetteer
nl-NL,nl,Terneuzen,NL,2746420,250,wat te doen in terneuzen,slug match in the gazetteer
nl-NL,nl,Zandvoort,NL,2744042,250,wat te doen in zandvoort,slug match in the gazetteer
nl-NL,nl,Los Angeles,US,5368361,250,wat te doen in los angeles,slug match in the gazetteer
nl-NL,nl,Koblenz,DE,2886946,250,koblenz bezienswaardigheden,slug match in the gazetteer
nl-NL,nl,Hoorn,NL,2753638,250,wat te doen in hoorn vandaag,slug match in the gazetteer
nl-NL,nl,Venlo,NL,2745641,250,venlo bezienswaardigheden,slug match in the gazetteer
nl-NL,nl,Oisterwijk,NL,2749680,250,wat te doen in oisterwijk,slug match in the gazetteer
nl-NL,nl,Warsaw,PL,756135,250,wat te doen in warschau,exonym warschau resolved to Warsaw (PL)
nl-NL,nl,Verona,IT,3164527,250,verona bezienswaardigheden,slug match in the gazetteer
nl-NL,nl,Agadir,MA,2561668,250,agadir bezienswaardigheden,slug match in the gazetteer
nl-NL,nl,Schagen,NL,2747720,250,wat te doen in schagen,slug match in the gazetteer
nl-NL,nl,Side,TR,301238,250,wat te doen in side,slug match in the gazetteer
nl-NL,nl,Eindhoven,NL,2756253,250,eindhoven bezienswaardigheden,slug match in the gazetteer
nl-NL,nl,Zaandam,NL,2744118,250,wat te doen in zaandam,slug match in the gazetteer
nl-NL,nl,Dubai,AE,292223,250,bezienswaardigheden dubai,slug match in the gazetteer
nl-NL,nl,'s-Hertogenbosch,NL,2747351,250,den bosch bezienswaardigheden,"GeoNames alternate name den bosch resolved to 's-Hertogenbosch (NL), 1 candidates, most populous chosen"
nl-NL,nl,Ibiza,ES,2516479,250,bezienswaardigheden ibiza,slug match in the gazetteer
nl-NL,nl,Oslo,NO,3143244,250,bezienswaardigheden oslo,slug match in the gazetteer
nl-NL,nl,Phuket,TH,1151254,250,wat te doen in phuket,slug match in the gazetteer
nl-NL,nl,Leipzig,DE,2879139,250,leipzig bezienswaardigheden,slug match in the gazetteer
nl-NL,nl,Voorthuizen,NL,2745271,250,wat te doen in voorthuizen,slug match in the gazetteer
nl-NL,nl,Helsinki,FI,658225,250,helsinki bezienswaardigheden,slug match in the gazetteer
nl-NL,nl,Utrecht,NL,2745912,250,wat te doen in utrecht vandaag,slug match in the gazetteer
nl-NL,nl,Kuala Lumpur,MY,1735161,200,kuala lumpur bezienswaardigheden,slug match in the gazetteer
nl-NL,nl,Dinant,BE,2799357,200,dinant bezienswaardigheden,slug match in the gazetteer
nl-NL,nl,Hasselt,BE,2796491,200,hasselt bezienswaardigheden,slug match in the gazetteer
nl-NL,nl,Ermelo,ZA,1005125,200,wat te doen in ermelo,slug match in the gazetteer
nl-NL,nl,Zeist,NL,2743977,200,wat te doen in zeist,slug match in the gazetteer
nl-NL,nl,Girona,ES,3121456,200,girona bezienswaardigheden,slug match in the gazetteer
nl-NL,nl,Roermond,NL,2748000,200,roermond bezienswaardigheden,slug match in the gazetteer
nl-NL,nl,Oss,NL,2749234,200,wat te doen in oss vandaag,slug match in the gazetteer
nl-NL,nl,Tiel,NL,2746331,200,wat te doen in tiel vandaag,slug match in the gazetteer
nl-NL,nl,Dresden,DE,2935022,200,wat te doen in dresden,slug match in the gazetteer
nl-NL,nl,San Sebastián,GT,3589548,200,wat te doen in san sebastian,slug match in the gazetteer
nl-NL,nl,Dortmund,DE,2935517,200,wat te doen in dortmund,slug match in the gazetteer
nl-NL,nl,Kyoto,JP,1857910,200,wat te doen in kyoto,slug match in the gazetteer
nl-NL,nl,Dubai,AE,292223,200,dubai bezienswaardigheden,slug match in the gazetteer
nl-NL,nl,La Palma,US,5364022,200,la palma bezienswaardigheden,slug match in the gazetteer
nl-NL,nl,Frankfurt (Oder),DE,2925535,200,frankfurt bezienswaardigheden,"GeoNames alternate name frankfurt resolved to Frankfurt (Oder) (DE), 4 candidates, most populous chosen"
pt-BR,pt,Gramado,BR,3462284,14000,o que fazer em gramado,slug match in the gazetteer
pt-BR,pt,Curitiba,BR,3464975,13000,o que fazer em curitiba,slug match in the gazetteer
pt-BR,pt,São Paulo,BR,3448439,12000,o que fazer em sao paulo,slug match in the gazetteer
pt-BR,pt,Campos do Jordão,BR,3467684,10000,o que fazer em campos do jordão,slug match in the gazetteer
pt-BR,pt,Salvador,BR,3450554,8800,o que fazer em salvador,slug match in the gazetteer
pt-BR,pt,Natal,BR,3394023,6600,o que fazer em natal,slug match in the gazetteer
pt-BR,pt,João Pessoa,BR,3397277,6000,o que fazer em joão pessoa,slug match in the gazetteer
pt-BR,pt,Porto Seguro,BR,3452640,5900,o que fazer em porto seguro,slug match in the gazetteer
pt-BR,pt,Poços de Caldas,BR,3453303,5500,o que fazer em poços de caldas,slug match in the gazetteer
pt-BR,pt,Buenos Aires,AR,3435910,5400,o que fazer em buenos aires,slug match in the gazetteer
pt-BR,pt,Holambra,BR,3469168,5400,o que fazer em holambra,slug match in the gazetteer
pt-BR,pt,Maceió,BR,3395981,5000,o que fazer em maceio,slug match in the gazetteer
pt-BR,pt,Serra Negra,BR,3447718,4300,o que fazer em serra negra,slug match in the gazetteer
pt-BR,pt,Brasília,BR,3469058,4200,o que fazer em brasilia,slug match in the gazetteer
pt-BR,pt,Tiradentes,BR,3446420,3800,o que fazer em tiradentes,slug match in the gazetteer
pt-BR,pt,Aracaju,BR,3471872,3600,o que fazer em aracaju,slug match in the gazetteer
pt-BR,pt,Florianópolis,BR,3463237,3600,o que fazer em florianópolis,slug match in the gazetteer
pt-BR,pt,São Paulo,BR,3448439,3600,o que fazer em são paulo,slug match in the gazetteer
pt-BR,pt,Ubatuba,BR,3445847,3300,o que fazer em ubatuba,slug match in the gazetteer
pt-BR,pt,Blumenau,BR,3469968,3300,o que fazer em blumenau,slug match in the gazetteer
pt-BR,pt,Goiânia,BR,3462377,3300,o que fazer em goiania,slug match in the gazetteer
pt-BR,pt,Canela,BR,3467530,2900,o que fazer em canela,slug match in the gazetteer
pt-BR,pt,Atibaia,BR,3471335,2800,o que fazer em atibaia,slug match in the gazetteer
pt-BR,pt,Penedo,BR,3454231,2700,o que fazer em penedo,slug match in the gazetteer
pt-BR,pt,Brotas,BR,3468899,2700,o que fazer em brotas,slug match in the gazetteer
pt-BR,pt,Maceió,BR,3395981,2600,o que fazer em maceió,slug match in the gazetteer
pt-BR,pt,Santos,BR,3449433,2500,o que fazer em santos,slug match in the gazetteer
pt-BR,pt,Caldas Novas,BR,3468100,2500,o que fazer em caldas novas,slug match in the gazetteer
pt-BR,pt,Pomerode,BR,3453245,2500,o que fazer em pomerode,slug match in the gazetteer
pt-BR,pt,San Carlos de Bariloche,AR,7647007,2500,o que fazer em bariloche,"GeoNames alternate name bariloche resolved to San Carlos de Bariloche (AR), 1 candidates, most populous chosen"
pt-BR,pt,Miami,US,4164138,2500,o que fazer em miami,slug match in the gazetteer
pt-BR,pt,Socorro,BR,3447437,2500,o que fazer em socorro,slug match in the gazetteer
pt-BR,pt,Punta del Este,UY,3440939,2400,o que fazer em punta del este,slug match in the gazetteer
pt-BR,pt,Águas de Lindóia,BR,3472869,2300,o que fazer em aguas de lindoia,slug match in the gazetteer
pt-BR,pt,São Paulo,BR,3448439,2300,o que fazer em sao paulo hoje,slug match in the gazetteer
pt-BR,pt,Ilhabela,BR,3461425,2300,o que fazer em ilhabela,slug match in the gazetteer
pt-BR,pt,Jijoca de Jericoacoara,BR,6317383,2200,o que fazer em jericoacoara,"GeoNames alternate name jericoacoara resolved to Jijoca de Jericoacoara (BR), 1 candidates, most populous chosen"
pt-BR,pt,Santiago,CL,3871336,2200,o que fazer em santiago,slug match in the gazetteer
pt-BR,pt,Pipa,CN,7372585,2200,o que fazer em pipa,slug match in the gazetteer
pt-BR,pt,São Roque,BR,3448300,2200,o que fazer em são roque,slug match in the gazetteer
pt-BR,pt,São Miguel dos Milagres,BR,3388267,2100,o que fazer em são miguel dos milagres,slug match in the gazetteer
pt-BR,pt,Mendoza,AR,3844421,2100,o que fazer em mendoza,slug match in the gazetteer
pt-BR,pt,João Pessoa,BR,3397277,2100,o que fazer em joao pessoa,slug match in the gazetteer
pt-BR,pt,Angra dos Reis,BR,3472177,2100,o que fazer em angra dos reis,slug match in the gazetteer
pt-BR,pt,Cunha,BR,3465010,2100,o que fazer em cunha,slug match in the gazetteer
pt-BR,pt,Miguel Pereira,BR,3457191,2100,o que fazer em miguel pereira,slug match in the gazetteer
pt-BR,pt,Urubici,BR,3445709,2100,o que fazer em urubici,slug match in the gazetteer
pt-BR,pt,Bombinhas,BR,3477430,2100,o que fazer em bombinhas,slug match in the gazetteer
pt-BR,pt,London,GB,2643743,2000,o que fazer em londres,exonym londres resolved to London (GB)
pt-BR,pt,Guararema,BR,3461871,2000,o que fazer em guararema,slug match in the gazetteer
pt-BR,pt,Brasília,BR,3469058,2000,o que fazer em brasília hoje,slug match in the gazetteer
pt-BR,pt,São Thomé das Letras,BR,3448159,2000,o que fazer em são thomé das letras,slug match in the gazetteer
pt-BR,pt,Barcelona,ES,3128760,2000,o que fazer em barcelona,slug match in the gazetteer
pt-BR,pt,Paris,FR,2988507,1900,o que fazer em paris,slug match in the gazetteer
pt-BR,pt,Montevideo,UY,3441575,1800,o que fazer em montevidéu,"GeoNames alternate name montevidéu resolved to Montevideo (UY), 2 candidates, most populous chosen"
pt-BR,pt,Sorocaba,BR,3447399,1800,o que fazer em sorocaba,slug match in the gazetteer
pt-BR,pt,Ushuaia,AR,3833367,1800,o que fazer em ushuaia,slug match in the gazetteer
pt-BR,pt,Guarapari,BR,3461888,1700,o que fazer em guarapari,slug match in the gazetteer
pt-BR,pt,Milan,IT,3173435,1700,o que fazer em milão,"GeoNames alternate name milão resolved to Milan (IT), 1 candidates, most populous chosen"
pt-BR,pt,Santo Antônio do Pinhal,BR,3449491,1700,o que fazer em santo antonio do pinhal,slug match in the gazetteer
pt-BR,pt,Campos do Jordão,BR,3467684,1700,o que fazer em campos do jordao,slug match in the gazetteer
pt-BR,pt,Pirenópolis,BR,3453512,1600,o que fazer em pirenópolis,slug match in the gazetteer
pt-BR,pt,Trancoso,MX,3981145,1500,o que fazer em trancoso,slug match in the gazetteer
pt-BR,pt,Santa Catarina,MX,3984583,1500,o que fazer em santa catarina,slug match in the gazetteer
pt-BR,pt,Roma,LS,932151,1500,o que fazer em roma,slug match in the gazetteer
pt-BR,pt,Ilhéus,BR,3461408,1500,o que fazer em ilheus,slug match in the gazetteer
pt-BR,pt,Lima,PE,3936456,1400,o que fazer em lima,slug match in the gazetteer
pt-BR,pt,Nova Friburgo,BR,3456166,1400,o que fazer em nova friburgo,slug match in the gazetteer
pt-BR,pt,Montevideo,UY,3441575,1400,o que fazer em montevideo,slug match in the gazetteer
pt-BR,pt,São José dos Campos,BR,3448636,1400,o que fazer em sao jose dos campos,slug match in the gazetteer
pt-BR,pt,Florence,IT,3176959,1400,o que fazer em florença,"GeoNames alternate name florença resolved to Florence (IT), 2 candidates, most populous chosen"
pt-BR,pt,Embu das Artes,BR,3464305,1400,o que fazer em embu das artes,slug match in the gazetteer
pt-BR,pt,Londrina,BR,3458449,1400,o que fazer em londrina,slug match in the gazetteer
pt-BR,pt,Cartagena,CO,3687238,1400,o que fazer em cartagena,slug match in the gazetteer
pt-BR,pt,Morretes,BR,3456750,1300,o que fazer em morretes,slug match in the gazetteer
pt-BR,pt,Vitória,BR,3444924,1300,o que fazer em vitoria,slug match in the gazetteer
pt-BR,pt,Orlando,US,4167147,1300,o que fazer em orlando,slug match in the gazetteer
pt-BR,pt,Capitólio,BR,3467241,1300,o que fazer em capitólio,slug match in the gazetteer
pt-BR,pt,Campos do Jordão,BR,3467684,1300,o que fazer em campos do jordão em 1 dia,slug match in the gazetteer
pt-BR,pt,Belém,BR,3405870,1300,o que fazer em belem,slug match in the gazetteer
pt-BR,pt,Juiz de Fora,BR,3459505,1300,o que fazer em juiz de fora,slug match in the gazetteer
pt-BR,pt,São João del Rei,BR,3448879,1200,o que fazer em são joão del rei,slug match in the gazetteer
pt-BR,pt,Caraguatatuba,BR,3467081,1200,o que fazer em caraguatatuba,slug match in the gazetteer
pt-BR,pt,Palmas,BR,3474574,1200,o que fazer em palmas,slug match in the gazetteer
pt-BR,pt,Itacaré,BR,3460940,1200,o que fazer em itacaré,slug match in the gazetteer
pt-BR,pt,Curitiba,BR,3464975,1200,o que fazer em curitiba hoje,slug match in the gazetteer
pt-BR,pt,Amsterdam,NL,2759794,1200,o que fazer em amsterdam,slug match in the gazetteer
pt-BR,pt,Puerto Iguazú,AR,3429777,1200,o que fazer em puerto iguazu,slug match in the gazetteer
pt-BR,pt,Holambra,BR,3469168,1200,o que fazer em holambra em 1 dia,slug match in the gazetteer
pt-BR,pt,Los Angeles,US,5368361,1100,o que fazer em los angeles,slug match in the gazetteer
pt-BR,pt,Extrema,BR,3463668,1100,o que fazer em extrema,slug match in the gazetteer
pt-BR,pt,Salvador,BR,3450554,1100,o que fazer em salvador hoje,slug match in the gazetteer
pt-BR,pt,Vila Velha,BR,3445026,1100,o que fazer em vila velha,slug match in the gazetteer
pt-BR,pt,Águas de Lindóia,BR,3472869,1100,o que fazer em águas de lindóia,slug match in the gazetteer
pt-BR,pt,Cusco,PE,3941584,1100,o que fazer em cusco,slug match in the gazetteer
pt-BR,pt,São Bento do Sapucaí,BR,3449351,1100,o que fazer em sao bento do sapucai,slug match in the gazetteer
pt-BR,pt,Cancún,MX,3531673,1100,o que fazer em cancun,slug match in the gazetteer
pt-BR,pt,Camboriú,BR,3467968,1100,o que fazer em camboriú,slug match in the gazetteer
pt-BR,pt,Curitiba,BR,3464975,1100,o que fazer em curitiba em 3 dias,slug match in the gazetteer
pt-BR,pt,Monte Sião,BR,3456806,1100,o que fazer em monte sião,slug match in the gazetteer
pt-BR,pt,Brusque,BR,3468879,1100,o que fazer em brusque,slug match in the gazetteer
pt-BR,pt,São Luís,BR,3388368,1000,o que fazer em são luis do maranhão,"GeoNames alternate name são luis do maranhão resolved to São Luís (BR), 1 candidates, most populous chosen"
pt-BR,pt,San Andrés,CO,3670218,1000,o que fazer em san andres,slug match in the gazetteer
pt-BR,pt,Ilha Grande,BR,6317276,1000,o que fazer em ilha grande,slug match in the gazetteer
pt-BR,pt,Bogotá,CO,3688689,1000,o que fazer em bogota,slug match in the gazetteer
pt-BR,pt,Chicago,US,4887398,1000,o que fazer em chicago,slug match in the gazetteer
pt-BR,pt,São Luís,BR,3388368,1000,o que fazer em sao luis,slug match in the gazetteer
pt-BR,pt,Vinhedo,BR,3445014,1000,o que fazer em vinhedo,slug match in the gazetteer
pt-BR,pt,Domingos Martins,BR,3464556,1000,o que fazer em domingos martins,slug match in the gazetteer
pt-BR,pt,Catas Altas,BR,3466682,1000,o que fazer em catas altas,slug match in the gazetteer
pt-BR,pt,Dubai,AE,292223,1000,o que fazer em dubai,slug match in the gazetteer
pt-BR,pt,Nova Petrópolis,BR,3456127,900,o que fazer em nova petropolis,slug match in the gazetteer
pt-BR,pt,Cambará do Sul,BR,3467984,900,o que fazer em cambará do sul,slug match in the gazetteer
pt-BR,pt,Ponta Grossa,BR,3453186,900,o que fazer em ponta grossa,slug match in the gazetteer
pt-BR,pt,Belém,BR,3405870,900,o que fazer em belém do pará,"GeoNames alternate name belém do pará resolved to Belém (BR), 1 candidates, most populous chosen"
pt-BR,pt,Olímpia,BR,3455923,900,o que fazer em olimpia,slug match in the gazetteer
pt-BR,pt,Campos do Jordão,BR,3467684,800,o que fazer em campos do jordão em 2 dias,slug match in the gazetteer
pt-BR,pt,Milan,IT,3173435,800,o que fazer em milao,"GeoNames alternate name milao resolved to Milan (IT), 1 candidates, most populous chosen"
pt-BR,pt,Santo Antônio do Pinhal,BR,3449491,800,o que fazer em santo antônio do pinhal,slug match in the gazetteer
pt-BR,pt,Jundiaí,BR,3459462,800,o que fazer em jundiai,slug match in the gazetteer
pt-BR,pt,Maringá,BR,3457671,800,o que fazer em maringa,slug match in the gazetteer
pt-BR,pt,Las Vegas,US,5506956,800,o que fazer em las vegas,slug match in the gazetteer
pt-BR,pt,Itajaí,BR,3460845,800,o que fazer em itajai,slug match in the gazetteer
pt-BR,pt,Petrolina,BR,3392242,800,o que fazer em petrolina,slug match in the gazetteer
pt-BR,pt,Campinas,BR,3467865,800,o que fazer em campinas hoje,slug match in the gazetteer
pt-BR,pt,São Miguel do Gostoso,BR,3388307,800,o que fazer em sao miguel do gostoso,slug match in the gazetteer
pt-BR,pt,Goiânia,BR,3462377,800,o que fazer em goiânia,slug match in the gazetteer
pt-BR,pt,São Lourenço,CN,13527318,800,o que fazer em são lourenço,slug match in the gazetteer
pt-BR,pt,Olímpia,BR,3455923,800,o que fazer em olímpia,slug match in the gazetteer
pt-BR,pt,São José do Rio Preto,BR,3448639,700,o que fazer em são josé do rio preto,slug match in the gazetteer
pt-BR,pt,Capitólio,BR,3467241,700,o que fazer em capitolio,slug match in the gazetteer
pt-BR,pt,Foz do Iguaçu,BR,3463030,700,o que fazer em foz do iguaçu em 3 dias,slug match in the gazetteer
pt-BR,pt,Vienne,FR,2969284,700,o que fazer em viena,"GeoNames alternate name viena resolved to Vienne (FR), 1 candidates, most populous chosen"
pt-BR,pt,Rio das Ostras,BR,3451205,700,o que fazer em rio das ostras,slug match in the gazetteer
pt-BR,pt,Cotia,BR,3465284,700,o que fazer em cotia,slug match in the gazetteer
pt-BR,pt,Vassouras,BR,3445433,700,o que fazer em vassouras,slug match in the gazetteer
pt-BR,pt,Ilhéus,BR,3461408,700,o que fazer em ilhéus,slug match in the gazetteer
pt-BR,pt,Frankfurt (Oder),DE,2925535,700,o que fazer em frankfurt,"GeoNames alternate name frankfurt resolved to Frankfurt (Oder) (DE), 4 candidates, most populous chosen"
pt-BR,pt,Verona,IT,3164527,700,o que fazer em verona,slug match in the gazetteer
pt-BR,pt,Berlin,DE,2950159,700,o que fazer em berlim,"GeoNames alternate name berlim resolved to Berlin (DE), 1 candidates, most populous chosen"
pt-BR,pt,Caxambu,BR,3466547,700,o que fazer em caxambu,slug match in the gazetteer
pt-BR,pt,Boston,US,4930956,700,o que fazer em boston,slug match in the gazetteer
pt-BR,pt,Caxias do Sul,BR,3466537,700,o que fazer em caxias do sul,slug match in the gazetteer
pt-BR,pt,Prague,CZ,3067696,700,o que fazer em praga,"GeoNames alternate name praga resolved to Prague (CZ), 1 candidates, most populous chosen"
pt-BR,pt,Copacabana,CO,3685949,700,o que fazer em copacabana,slug match in the gazetteer
pt-BR,pt,Passa Quatro,BR,3454901,700,o que fazer em passa quatro,slug match in the gazetteer
pt-BR,pt,Guaramiranga,BR,3398563,700,o que fazer em guaramiranga,slug match in the gazetteer
pt-BR,pt,Alba,IT,3183364,700,o que fazer em aruba,"GeoNames alternate name aruba resolved to Alba (IT), 1 candidates, most populous chosen"
pt-BR,pt,Marechal Deodoro,BR,3395395,700,o que fazer em alagoas,"GeoNames alternate name alagoas resolved to Marechal Deodoro (BR), 1 candidates, most populous chosen"
pt-BR,pt,Poços de Caldas,BR,3453303,600,o que fazer em pocos de caldas,slug match in the gazetteer
pt-BR,pt,Paraty,BR,3455036,600,o que fazer em paraty em 3 dias,slug match in the gazetteer
pt-BR,pt,Porto,PT,2735943,600,o que fazer em porto,slug match in the gazetteer
pt-BR,pt,Colonia del Sacramento,UY,3443013,600,o que fazer em colonia del sacramento,slug match in the gazetteer
pt-BR,pt,Farroupilha,BR,3463605,600,o que fazer em farroupilha,slug match in the gazetteer
pt-BR,pt,Fribourg,CH,2660718,600,o que fazer em friburgo,"GeoNames alternate name friburgo resolved to Fribourg (CH), 1 candidates, most populous chosen"
pt-BR,pt,Sevilla,ES,2510911,600,o que fazer em sevilha,"GeoNames alternate name sevilha resolved to Sevilla (ES), 1 candidates, most populous chosen"
pt-BR,pt,Pouso Alegre,BR,3452525,600,o que fazer em pouso alegre,slug match in the gazetteer
pt-BR,pt,Trindade,BR,3446038,600,o que fazer em trindade,slug match in the gazetteer
pt-BR,pt,La Paz,BO,3911925,600,o que fazer em la paz,slug match in the gazetteer
pt-BR,pt,Indaiatuba,BR,3461311,600,o que fazer em indaiatuba,slug match in the gazetteer
pt-BR,pt,Toronto,CA,6167865,600,o que fazer em toronto,slug match in the gazetteer
pt-BR,pt,Guarujá,BR,3461789,600,o que fazer em guaruja,slug match in the gazetteer
pt-BR,pt,São Bento do Sapucaí,BR,3449351,600,o que fazer em são bento do sapucaí,slug match in the gazetteer
pt-BR,pt,São Pedro,BR,3448403,600,o que fazer em são pedro,slug match in the gazetteer
pt-BR,pt,Botucatu,BR,3469136,600,o que fazer em botucatu,slug match in the gazetteer
pt-BR,pt,Salvador,BR,3450554,600,o que fazer em salvador em 3 dias,slug match in the gazetteer
pt-BR,pt,Curitiba,BR,3464975,600,o que fazer em curitiba em 2 dias,slug match in the gazetteer
pt-BR,pt,Garanhuns,BR,3399058,600,o que fazer em garanhuns,slug match in the gazetteer
pt-BR,pt,Santa Cruz de la Sierra,BO,3904906,600,o que fazer em santa cruz de la sierra,slug match in the gazetteer
pt-BR,pt,Saquarema,BR,3448011,600,o que fazer em saquarema,slug match in the gazetteer
pt-BR,pt,Vitória,BR,3444924,500,o que fazer em vitória,slug match in the gazetteer
pt-BR,pt,Penha,BR,3454213,500,o que fazer em penha,slug match in the gazetteer
pt-BR,pt,Luhuan,MO,1821292,500,o que fazer em são francisco xavier,"GeoNames alternate name são francisco xavier resolved to Luhuan (MO), 1 candidates, most populous chosen"
pt-BR,pt,Montes Claros,BR,3456814,500,o que fazer em montes claros,slug match in the gazetteer
pt-BR,pt,Torres,BR,3446295,500,o que fazer em torres,slug match in the gazetteer
pt-BR,pt,Itacaré,BR,3460940,500,o que fazer em itacare,slug match in the gazetteer
pt-BR,pt,Amparo,BR,3472311,500,o que fazer em amparo,slug match in the gazetteer
pt-BR,pt,Osaka,JP,1853909,500,o que fazer em osaka,slug match in the gazetteer
pt-BR,pt,Malta,BR,3395720,500,o que fazer em malta,slug match in the gazetteer
pt-BR,pt,Itatiba,BR,3460598,500,o que fazer em itatiba,slug match in the gazetteer
pt-BR,pt,Roma,LS,932151,500,o que fazer em roma em 3 dias,slug match in the gazetteer
pt-BR,pt,São Roque,BR,3448300,500,o que fazer em são roque em 1 dia,slug match in the gazetteer
pt-BR,pt,Chapecó,BR,3466296,500,o que fazer em chapecó,slug match in the gazetteer
pt-BR,pt,Gramado,BR,3462284,500,o que fazer em gramado em 3 dias,slug match in the gazetteer
pt-BR,pt,Porto Alegre,BR,3452925,500,o que fazer em porto alegre hoje,slug match in the gazetteer
pt-BR,pt,Luhuan,MO,1821292,500,o que fazer em sao francisco xavier,"GeoNames alternate name sao francisco xavier resolved to Luhuan (MO), 1 candidates, most populous chosen"
pt-BR,pt,Mairiporã,BR,3458131,500,o que fazer em mairiporã,slug match in the gazetteer
pt-BR,pt,Barretos,BR,3470451,500,o que fazer em barretos,slug match in the gazetteer
pt-BR,pt,Chas,IN,1274553,500,o que fazer em casa,"GeoNames alternate name casa resolved to Chas (IN), 1 candidates, most populous chosen"
pt-BR,pt,Belo Horizonte,BR,3470127,500,o que fazer em belo horizonte em 3 dias,slug match in the gazetteer
pt-BR,pt,Santiago,CL,3871336,500,o que fazer em santiago do chile,"GeoNames alternate name santiago do chile resolved to Santiago (CL), 1 candidates, most populous chosen"
pt-BR,pt,Cabo Verde,BR,3468607,500,o que fazer em cabo verde,slug match in the gazetteer
pt-BR,pt,Navegantes,AO,13607978,500,o que fazer em navegantes,slug match in the gazetteer
pt-BR,pt,Jaraguá do Sul,BR,3460102,500,o que fazer em jaragua do sul,slug match in the gazetteer
pt-BR,pt,Treze Tílias,BR,3446053,500,o que fazer em treze tilias,slug match in the gazetteer
pt-BR,pt,Alter do Chão,BR,3407874,450,o que fazer em alter do chão,slug match in the gazetteer
pt-BR,pt,El Calafate,AR,3858677,450,o que fazer em el calafate,slug match in the gazetteer
pt-BR,pt,Cuiabá,BR,3465038,450,o que fazer em cuiabá,slug match in the gazetteer
pt-BR,pt,Garibaldi,BR,3462557,450,o que fazer em garibaldi,slug match in the gazetteer
pt-BR,pt,Valencia,VE,3625549,450,o que fazer em valencia,slug match in the gazetteer
pt-BR,pt,São Sebastião,BR,13450915,450,o que fazer em são sebastião,slug match in the gazetteer
pt-BR,pt,Geneva,CH,2660646,450,o que fazer em genebra,"GeoNames alternate name genebra resolved to Geneva (CH), 1 candidates, most populous chosen"
pt-BR,pt,Pomerode,BR,3453245,450,o que fazer em pomerode em 1 dia,slug match in the gazetteer
pt-BR,pt,Miami,US,4164138,450,o que fazer em miami em 3 dias,slug match in the gazetteer
pt-BR,pt,Goiânia,BR,3462377,450,o que fazer em goiânia hoje,slug match in the gazetteer
pt-BR,pt,Washington,US,4140963,450,o que fazer em washington dc,"washington disambiguated by the US state DC the keyword names, 1 candidates in that state"
pt-BR,pt,Vitória da Conquista,BR,3444914,450,o que fazer em vitoria da conquista,slug match in the gazetteer
pt-BR,pt,Guaratuba,BR,3461857,450,o que fazer em guaratuba,slug match in the gazetteer
pt-BR,pt,Araraquara,BR,3471766,450,o que fazer em araraquara,slug match in the gazetteer
pt-BR,pt,Atenas,CR,3624842,450,o que fazer em atenas,slug match in the gazetteer
pt-BR,pt,Campos do Jordão,BR,3467684,450,o que fazer em campos do jordão em 3 dias,slug match in the gazetteer
pt-BR,pt,Bogotá,CO,3688689,450,o que fazer em bogotá,slug match in the gazetteer
pt-BR,pt,Bragança Paulista,BR,3469092,450,o que fazer em bragança paulista,slug match in the gazetteer
pt-BR,pt,Recife,BR,3390760,450,o que fazer em recife em 1 dia,slug match in the gazetteer
pt-BR,pt,Brumadinho,BR,3468894,450,o que fazer em brumadinho,slug match in the gazetteer
pt-BR,pt,Napoles,PH,1698160,450,o que fazer em napoles,slug match in the gazetteer
pt-BR,pt,Goiás,BR,3462374,450,o que fazer em goias,slug match in the gazetteer
pt-BR,pt,Itatiaia,BR,3460602,450,o que fazer em itatiaia,slug match in the gazetteer
pt-BR,pt,Dublin,IE,2964574,400,o que fazer em dublin,slug match in the gazetteer
pt-BR,pt,Medellín,CO,3674962,400,o que fazer em medellin,slug match in the gazetteer
pt-BR,pt,Recife,BR,3390760,400,o que fazer em recife em 3 dias,slug match in the gazetteer
pt-BR,pt,Ilha Comprida,BR,6317272,400,o que fazer em ilha comprida,slug match in the gazetteer
pt-BR,pt,Doha,QA,290030,400,o que fazer em doha,slug match in the gazetteer
pt-BR,pt,Vancouver,CA,6173331,400,o que fazer em vancouver,slug match in the gazetteer
pt-BR,pt,São Paulo,BR,3448439,400,o que visitar em sao paulo,slug match in the gazetteer
pt-BR,pt,Budapest,HU,3054643,400,o que fazer em budapeste,exonym budapeste resolved to Budapest (HU)
pt-BR,pt,Aracaju,BR,3471872,400,o que fazer em aracaju em 3 dias,slug match in the gazetteer
pt-BR,pt,Taubaté,BR,3446682,400,o que fazer em taubaté,slug match in the gazetteer
pt-BR,pt,Montevideo,UY,3441575,400,o que fazer em montevideu,"GeoNames alternate name montevideu resolved to Montevideo (UY), 2 candidates, most populous chosen"
pt-BR,pt,São Miguel do Gostoso,BR,3388307,400,o que fazer em são miguel do gostoso,slug match in the gazetteer
pt-BR,pt,Uberlândia,BR,3445831,400,o que fazer em uberlândia,slug match in the gazetteer
pt-BR,pt,Ribeirão Preto,BR,3451328,400,o que fazer em ribeirao preto,slug match in the gazetteer
pt-BR,pt,Andorra,ES,3130067,400,o que fazer em andorra,slug match in the gazetteer
pt-BR,pt,Valinhos,BR,3445578,400,o que fazer em valinhos,slug match in the gazetteer
pt-BR,pt,Tokyo,JP,1850147,400,o que fazer em tokyo,slug match in the gazetteer
pt-BR,pt,Araxá,BR,3471691,400,o que fazer em araxa,slug match in the gazetteer
pt-BR,pt,Curitiba,BR,3464975,400,o que fazer em curitiba em 1 dia,slug match in the gazetteer
pt-BR,pt,Garopaba,BR,3462549,400,o que fazer em garopaba,slug match in the gazetteer
pt-BR,pt,Madrid,ES,3117735,400,o que fazer em madrid em 2 dias,slug match in the gazetteer
pt-BR,pt,Fort Lauderdale,US,4155966,400,o que fazer em fort lauderdale,slug match in the gazetteer
pt-BR,pt,Barreirinhas,BR,3406196,400,o que fazer em barreirinhas,slug match in the gazetteer
pt-BR,pt,Mogi das Cruzes,BR,3457001,400,o que fazer em mogi das cruzes,slug match in the gazetteer
pt-BR,pt,Pedra Azul,BR,3454578,400,o que fazer em pedra azul,slug match in the gazetteer
pt-BR,pt,Mangaratiba,BR,3457991,400,o que fazer em mangaratiba,slug match in the gazetteer
pt-BR,pt,Aparecida,BR,3471949,400,o que fazer em aparecida,slug match in the gazetteer
pt-BR,pt,Sorocaba,BR,3447399,400,o que fazer em sorocaba hoje,slug match in the gazetteer
pt-BR,pt,Bento Gonçalves,BR,3470073,350,o que fazer em bento goncalves,slug match in the gazetteer
pt-BR,pt,Lagoa Santa,BR,3459138,350,o que fazer em lagoa santa,slug match in the gazetteer
pt-BR,pt,Porto Alegre,BR,3452925,350,o que fazer em porto alegre em 1 dia,slug match in the gazetteer
pt-BR,pt,Nova Trento,BR,3456111,350,o que fazer em nova trento,slug match in the gazetteer
pt-BR,pt,Paris,FR,2988507,350,o que fazer em paris em 3 dias,slug match in the gazetteer
pt-BR,pt,Jundiaí,BR,3459462,350,o que fazer em jundiaí,slug match in the gazetteer
pt-BR,pt,Ciudad del Este,PY,3439101,350,o que fazer em ciudad del este,slug match in the gazetteer
pt-BR,pt,São Carlos,BR,3449319,350,o que fazer em são carlos,slug match in the gazetteer
pt-BR,pt,Bangkok,TH,1609350,350,o que fazer em bangkok,slug match in the gazetteer
pt-BR,pt,São Pedro,BR,3448403,350,o que fazer em sao pedro,slug match in the gazetteer
pt-BR,pt,Coimbra,PT,2740637,350,o que fazer em coimbra,slug match in the gazetteer
pt-BR,pt,Joanópolis,BR,3459855,350,o que fazer em joanópolis,slug match in the gazetteer
pt-BR,pt,Volta Redonda,BR,3444876,350,o que fazer em volta redonda,slug match in the gazetteer
pt-BR,pt,Curitiba,BR,3464975,350,o que fazer em curitiba?,slug match in the gazetteer
pt-BR,pt,Bologna,IT,3181928,350,o que fazer em bolonha,"GeoNames alternate name bolonha resolved to Bologna (IT), 1 candidates, most populous chosen"
pt-BR,pt,Atlanta,US,4180439,350,o que fazer em atlanta,slug match in the gazetteer
pt-BR,pt,Puerto Varas,CL,3874930,350,o que fazer em puerto varas,slug match in the gazetteer
pt-BR,pt,Gramado,BR,3462284,350,o que visitar em gramado,slug match in the gazetteer
pt-BR,pt,Barbacena,BR,3470858,350,o que fazer em barbacena,slug match in the gazetteer
pt-BR,pt,Johannesburg,ZA,993800,350,o que fazer em joanesburgo,"GeoNames alternate name joanesburgo resolved to Johannesburg (ZA), 1 candidates, most populous chosen"
pt-BR,pt,Niterói,BR,3456283,350,o que fazer em niterói hoje,slug match in the gazetteer
pt-BR,pt,Cananéia,BR,3467609,350,o que fazer em cananéia,slug match in the gazetteer
pt-BR,pt,Cape Town,ZA,3369157,350,o que fazer em cape town,slug match in the gazetteer
pt-BR,pt,Manaus,BR,3663517,350,o que fazer em manaus hoje,slug match in the gazetteer
pt-BR,pt,Caconde,BR,3468353,350,o que fazer em caconde,slug match in the gazetteer
pt-BR,pt,Joinville,BR,3459712,350,o que fazer em joinville hoje,slug match in the gazetteer
pt-BR,pt,Barra do Garças,BR,3470709,350,o que fazer em barra do garças,slug match in the gazetteer
pt-BR,pt,Hong Kong,HK,1819729,350,o que fazer em hong kong,slug match in the gazetteer
pt-BR,pt,Limeira,BR,3458575,350,o que fazer em limeira,slug match in the gazetteer
pt-BR,pt,Tampa,US,4174757,350,o que fazer em tampa,slug match in the gazetteer
pt-BR,pt,Fortaleza,BR,3399415,350,o que fazer em fortaleza em 3 dias,slug match in the gazetteer
pt-BR,pt,Maringá,BR,3457671,350,o que fazer em maringá,slug match in the gazetteer
pt-BR,pt,Mariana,BR,3457736,350,o que fazer em mariana,slug match in the gazetteer
pt-BR,pt,Kyoto,JP,1857910,350,o que fazer em kyoto,slug match in the gazetteer
pt-BR,pt,Barcelona,ES,3128760,350,o que fazer em barcelona em 3 dias,slug match in the gazetteer
pt-BR,pt,Andradas,BR,3472254,350,o que fazer em andradas,slug match in the gazetteer
pt-BR,pt,Madrid,ES,3117735,350,o que fazer em madrid em 3 dias,slug match in the gazetteer
pt-BR,pt,Maceió,BR,3395981,300,o que fazer em maceió em 3 dias,slug match in the gazetteer
pt-BR,pt,Bueno Brandão,BR,3468869,300,o que fazer em bueno brandão,slug match in the gazetteer
pt-BR,pt,Tulum,MX,3515040,300,o que fazer em tulum,slug match in the gazetteer
pt-BR,pt,Belo Horizonte,BR,3470127,300,o que fazer em bh em 3 dias,"GeoNames alternate name bh resolved to Belo Horizonte (BR), 2 candidates, most populous chosen"
pt-BR,pt,Lisbon,PT,2267057,300,o que fazer em lisboa em 3 dias,"GeoNames alternate name lisboa resolved to Lisbon (PT), 1 candidates, most populous chosen"
pt-BR,pt,Aquiraz,BR,3407407,300,o que fazer em aquiraz,slug match in the gazetteer
pt-BR,pt,Salesópolis,BR,3450719,300,o que fazer em salesópolis,slug match in the gazetteer
pt-BR,pt,Natal,BR,3394023,300,o que fazer em natal em 3 dias,slug match in the gazetteer
pt-BR,pt,Avaré,BR,3471291,300,o que fazer em avaré,slug match in the gazetteer
pt-BR,pt,Copenhagen,DK,2618425,300,o que fazer em copenhague,"GeoNames alternate name copenhague resolved to Copenhagen (DK), 1 candidates, most populous chosen"
pt-BR,pt,Águas da Prata,BR,3472873,300,o que fazer em aguas da prata,slug match in the gazetteer
pt-BR,pt,Santarém,BR,3389353,300,o que fazer em santarem,slug match in the gazetteer
pt-BR,pt,Santa Teresa,MX,8858090,300,o que fazer em santa teresa,slug match in the gazetteer
pt-BR,pt,Sintra,PT,2262912,300,o que fazer em sintra,slug match in the gazetteer
pt-BR,pt,São Miguel dos Milagres,BR,3388267,300,o que fazer em sao miguel dos milagres,slug match in the gazetteer
pt-BR,pt,Santiago,CL,3871336,300,o que fazer em santiago em 3 dias,slug match in the gazetteer
pt-BR,pt,Sete Lagoas,BR,3447624,300,o que fazer em sete lagoas,slug match in the gazetteer
pt-BR,pt,Belém,BR,3405870,300,o que fazer em belém,slug match in the gazetteer
pt-BR,pt,Criciúma,BR,3465196,300,o que fazer em criciuma,slug match in the gazetteer
pt-BR,pt,Praia Grande,BR,3452465,300,o que fazer em praia grande,slug match in the gazetteer
pt-BR,pt,São Thomé das Letras,BR,3448159,300,o que fazer em sao thomé das letras,slug match in the gazetteer
pt-BR,pt,Cabreúva,BR,3468592,300,o que fazer em cabreuva,slug match in the gazetteer
pt-BR,pt,Iguaraci,BR,3398335,300,o que fazer em macacos,"GeoNames alternate name macacos resolved to Iguaraci (BR), 1 candidates, most populous chosen"
pt-BR,pt,Carneiros,BR,3402739,300,o que fazer em carneiros,slug match in the gazetteer
pt-BR,pt,San Francisco,US,5391959,300,o que fazer em san francisco,slug match in the gazetteer
pt-BR,pt,Lindóia,BR,3458507,300,o que fazer em lindoia,slug match in the gazetteer
pt-BR,pt,Singapore,SG,1880252,300,o que fazer em singapura,"GeoNames alternate name singapura resolved to Singapore (SG), 1 candidates, most populous chosen"
pt-BR,pt,Luanda,AO,2240449,300,o que fazer em luanda,slug match in the gazetteer
pt-BR,pt,Lucerna,HN,3605222,300,o que fazer em lucerna,slug match in the gazetteer
pt-BR,pt,Lyon,FR,2996944,300,o que fazer em lyon,slug match in the gazetteer
pt-BR,pt,Brasília,BR,3469058,300,o que fazer em brasilia hoje,slug match in the gazetteer
pt-BR,pt,Olinda,BR,3393536,300,o que fazer em olinda em 1 dia,slug match in the gazetteer
pt-BR,pt,Nova Petrópolis,BR,3456127,300,o que fazer em nova petrópolis,slug match in the gazetteer
pt-BR,pt,Florianópolis,BR,3463237,300,o que fazer em florianópolis hoje,slug match in the gazetteer
pt-BR,pt,Tocantins,BR,3446392,300,o que fazer em tocantins,slug match in the gazetteer
pt-BR,pt,Montréal,CA,6077243,300,o que fazer em montreal,slug match in the gazetteer
pt-BR,pt,Novo Hamburgo,BR,3456068,300,o que fazer em novo hamburgo,slug match in the gazetteer
pt-BR,pt,London,GB,2643743,300,o que fazer em londres em 3 dias,exonym londres resolved to London (GB)
pt-BR,pt,Macaé,BR,3458266,300,o que fazer em macaé,slug match in the gazetteer
pt-BR,pt,Paripueira,BR,3393004,300,o que fazer em paripueira,slug match in the gazetteer
pt-BR,pt,Seattle,US,5809844,300,o que fazer em seattle,slug match in the gazetteer
tr-TR,tr,Istanbul,TR,745044,39000,istanbul'da gezilecek yerler,slug match in the gazetteer
tr-TR,tr,Istanbul,TR,745044,33000,istanbul gezilecek yerler,slug match in the gazetteer
tr-TR,tr,Eskişehir,TR,315202,27000,eskişehir gezilecek yerler,slug match in the gazetteer
tr-TR,tr,Antalya,TR,323777,26000,antalya gezilecek yerler,slug match in the gazetteer
tr-TR,tr,Mardin,TR,304797,21000,mardin gezilecek yerler,slug match in the gazetteer
tr-TR,tr,İzmir,TR,311046,18000,izmir'de gezilecek yerler,"GeoNames alternate name izmir resolved to İzmir (TR), 1 candidates, most populous chosen"
tr-TR,tr,Adapazarı,TR,752850,16000,sakarya gezilecek yerler,"GeoNames alternate name sakarya resolved to Adapazarı (TR), 1 candidates, most populous chosen"
tr-TR,tr,İzmir,TR,311046,16000,izmir gezilecek yerler,"GeoNames alternate name izmir resolved to İzmir (TR), 1 candidates, most populous chosen"
tr-TR,tr,Fethiye,TR,314967,16000,fethiye gezilecek yerler,slug match in the gazetteer
tr-TR,tr,Konya,TR,306571,15000,konya'da gezilecek yerler,slug match in the gazetteer
tr-TR,tr,Edirne,TR,747712,15000,edirne'de gezilecek yerler,slug match in the gazetteer
tr-TR,tr,Adana,TR,325363,14000,adana gezilecek yerler,slug match in the gazetteer
tr-TR,tr,Eskişehir,TR,315202,14000,eskişehir'de gezilecek yerler,slug match in the gazetteer
tr-TR,tr,Balıkesir,TR,322165,13000,balıkesir gezilecek yerler,slug match in the gazetteer
tr-TR,tr,Samsun,TR,740264,13000,samsun gezilecek yerler,slug match in the gazetteer
tr-TR,tr,Ordu,TR,741100,13000,ordu gezilecek yerler,slug match in the gazetteer
tr-TR,tr,Mardin,TR,304797,13000,mardin'de gezilecek yerler,slug match in the gazetteer
tr-TR,tr,Bolu,TR,750516,13000,bolu gezilecek yerler,slug match in the gazetteer
tr-TR,tr,Adana,TR,325363,13000,adana'da gezilecek yerler,slug match in the gazetteer
tr-TR,tr,Üsküdar,TR,738329,13000,üsküdar gezilecek yerler,slug match in the gazetteer
tr-TR,tr,Kastamonu,TR,743882,13000,kastamonu gezilecek yerler,slug match in the gazetteer
tr-TR,tr,Konya,TR,306571,13000,konya gezilecek yerler,slug match in the gazetteer
tr-TR,tr,Marmaris,TR,304782,11000,marmaris gezilecek yerler,slug match in the gazetteer
tr-TR,tr,Edirne,TR,747712,10000,edirne gezilecek yerler,slug match in the gazetteer
tr-TR,tr,Antalya,TR,323777,10000,antalya'da gezilecek yerler,slug match in the gazetteer
tr-TR,tr,Sapanca,TR,740230,9900,sapanca gezilecek yerler,slug match in the gazetteer
tr-TR,tr,Tbilisi,GE,611717,9700,tiflis gezilecek yerler,exonym tiflis resolved to Tbilisi (GE)
tr-TR,tr,Giresun,TR,746881,9300,giresun gezilecek yerler,slug match in the gazetteer
tr-TR,tr,Köseköy,TR,742588,9200,kocaeli gezilecek yerler,"GeoNames alternate name kocaeli resolved to Köseköy (TR), 1 candidates, most populous chosen"
tr-TR,tr,Kuşadası,TR,305359,9100,kuşadası gezilecek yerler,slug match in the gazetteer
tr-TR,tr,Adapazarı,TR,752850,8700,sakarya'da gezilecek yerler,"GeoNames alternate name sakarya resolved to Adapazarı (TR), 1 candidates, most populous chosen"
tr-TR,tr,Afyonkarahisar,TR,325303,8600,afyon'da gezilecek yerler,exonym afyon resolved to Afyonkarahisar (TR)
tr-TR,tr,Yalova,TR,738025,8300,yalova gezilecek yerler,slug match in the gazetteer
tr-TR,tr,Erzurum,TR,315368,8300,erzurum gezilecek yerler,slug match in the gazetteer
tr-TR,tr,Balıkesir,TR,322165,8100,balıkesir'de gezilecek yerler,slug match in the gazetteer
tr-TR,tr,Alanya,TR,324190,7400,alanya'da gezilecek yerler,slug match in the gazetteer
tr-TR,tr,Erzurum,TR,315368,7300,erzurum'da gezilecek yerler,slug match in the gazetteer
tr-TR,tr,Afyonkarahisar,TR,325303,7300,afyon gezilecek yerler,exonym afyon resolved to Afyonkarahisar (TR)
tr-TR,tr,Van,TR,298117,7200,van gezilecek yerler,slug match in the gazetteer
tr-TR,tr,Midyat,TR,304382,7200,midyat gezilecek yerler,slug match in the gazetteer
tr-TR,tr,Kırklareli,TR,743166,6900,kırklareli gezilecek yerler,slug match in the gazetteer
tr-TR,tr,Adalar,TR,750249,6600,büyükada gezilecek yerler,"GeoNames alternate name büyükada resolved to Adalar (TR), 1 candidates, most populous chosen"
tr-TR,tr,Aydın,TR,322830,6500,aydın gezilecek yerler,slug match in the gazetteer
tr-TR,tr,Çanakkale,TR,749780,6500,çanakkale'de gezilecek yerler,slug match in the gazetteer
tr-TR,tr,Urla,TR,298316,6300,urla gezilecek yerler,slug match in the gazetteer
tr-TR,tr,Denizli,TR,317109,6300,denizli'de gezilecek yerler,slug match in the gazetteer
tr-TR,tr,Skopje,MK,785842,6300,üsküp gezilecek yerler,exonym üsküp resolved to Skopje (MK)
tr-TR,tr,Amasra,TR,752016,6300,amasra gezilecek yerler,slug match in the gazetteer
tr-TR,tr,Üsküdar,TR,738329,6100,üsküdar'da gezilecek yerler,slug match in the gazetteer
tr-TR,tr,Belgrade,RS,792680,5800,belgrad gezilecek yerler,"GeoNames alternate name belgrad resolved to Belgrade (RS), 3 candidates, most populous chosen"
tr-TR,tr,Midyat,TR,304382,5800,midyat'ta gezilecek yerler,slug match in the gazetteer
tr-TR,tr,Isparta,TR,311073,5800,ısparta gezilecek yerler,slug match in the gazetteer
tr-TR,tr,Datça,TR,317543,5700,datça gezilecek yerler,slug match in the gazetteer
tr-TR,tr,Manavgat,TR,304854,5700,manavgat gezilecek yerler,slug match in the gazetteer
tr-TR,tr,Niğde,TR,303827,5500,niğde gezilecek yerler,slug match in the gazetteer
tr-TR,tr,Bolu,TR,750516,5500,bolu'da gezilecek yerler,slug match in the gazetteer
tr-TR,tr,Ürgüp,TR,298326,5400,ürgüp gezilecek yerler,slug match in the gazetteer
tr-TR,tr,Elazığ,TR,315808,5400,elazığ gezilecek yerler,slug match in the gazetteer
tr-TR,tr,Düzce,TR,747764,5300,düzce gezilecek yerler,slug match in the gazetteer
tr-TR,tr,Zonguldak,TR,737022,5200,zonguldak gezilecek yerler,slug match in the gazetteer
tr-TR,tr,Adana,TR,325363,5200,adana da gezilecek yerler,slug match in the gazetteer
tr-TR,tr,Manisa,TR,304827,5200,manisa'da gezilecek yerler,slug match in the gazetteer
tr-TR,tr,Şanlıurfa,TR,298333,4900,şanlıurfa gezilecek yerler,slug match in the gazetteer
tr-TR,tr,Tunceli,TR,298846,4800,tunceli gezilecek yerler,slug match in the gazetteer
tr-TR,tr,Istanbul,TR,745044,4700,istanbul da gezilecek yerler,slug match in the gazetteer
tr-TR,tr,Bodrum,TR,320995,4700,bodrum gezilecek yerler,slug match in the gazetteer
tr-TR,tr,Sapanca,TR,740230,4700,sapanca'da gezilecek yerler,slug match in the gazetteer
tr-TR,tr,Bartın,TR,751057,4600,bartın gezilecek yerler,slug match in the gazetteer
tr-TR,tr,Safranbolu,TR,740430,4600,safranbolu'da gezilecek yerler,slug match in the gazetteer
tr-TR,tr,Avanos,TR,322965,4500,avanos gezilecek yerler,slug match in the gazetteer
tr-TR,tr,Osmaniye,TR,303195,4400,osmaniye gezilecek yerler,slug match in the gazetteer
tr-TR,tr,Karabük,TR,744562,4300,karabük gezilecek yerler,slug match in the gazetteer
tr-TR,tr,Beypazarı,TR,750637,4300,beypazarı gezilecek yerler,slug match in the gazetteer
tr-TR,tr,Kas,SD,372773,4100,kaş gezilecek yerler,slug match in the gazetteer
tr-TR,tr,Vienna,AT,2761369,4100,viyana gezilecek yerler,exonym viyana resolved to Vienna (AT)
tr-TR,tr,Şile,TR,739636,4000,şile'de gezilecek yerler,slug match in the gazetteer
tr-TR,tr,Gökçeada,TR,745260,4000,gökçeada gezilecek yerler,slug match in the gazetteer
tr-TR,tr,Çorum,TR,748879,4000,çorum gezilecek yerler,slug match in the gazetteer
tr-TR,tr,Marmaris,TR,304782,3900,marmaris'te gezilecek yerler,slug match in the gazetteer
tr-TR,tr,Kahramanmaraş,TR,310859,3800,kahramanmaraş gezilecek yerler,slug match in the gazetteer
tr-TR,tr,Istanbul,TR,745044,3700,gezilecek yerler istanbul,slug match in the gazetteer
tr-TR,tr,Prague,CZ,3067696,3600,prag gezilecek yerler,"GeoNames alternate name prag resolved to Prague (CZ), 1 candidates, most populous chosen"
tr-TR,tr,Konya,TR,306571,3600,konya da gezilecek yerler,slug match in the gazetteer
tr-TR,tr,Kırıkkale,TR,307654,3500,kırıkkale gezilecek yerler,slug match in the gazetteer
tr-TR,tr,Antalya,TR,323777,3500,antalya da gezilecek yerler,slug match in the gazetteer
tr-TR,tr,Kastamonu,TR,743882,3500,kastamonu'da gezilecek yerler,slug match in the gazetteer
tr-TR,tr,İzmir,TR,311046,3500,izmir de gezilecek yerler,"GeoNames alternate name izmir resolved to İzmir (TR), 1 candidates, most populous chosen"
tr-TR,tr,Nevşehir,TR,303831,3300,nevşehir'de gezilecek yerler,slug match in the gazetteer
tr-TR,tr,Kütahya,TR,305268,3300,kütahya'da gezilecek yerler,slug match in the gazetteer
tr-TR,tr,İznik,TR,745026,3300,iznik gezilecek yerler,"GeoNames alternate name iznik resolved to İznik (TR), 1 candidates, most populous chosen"
tr-TR,tr,Siirt,TR,300822,3300,siirt gezilecek yerler,slug match in the gazetteer
tr-TR,tr,Aydın,TR,322830,3200,aydın'da gezilecek yerler,slug match in the gazetteer
tr-TR,tr,Kızılcahamam,TR,743051,3100,kızılcahamam gezilecek yerler,slug match in the gazetteer
tr-TR,tr,Malatya,TR,304922,3100,malatya'da gezilecek yerler,slug match in the gazetteer
tr-TR,tr,Giresun,TR,746881,3000,giresun'da gezilecek yerler,slug match in the gazetteer
tr-TR,tr,Yalova,TR,738025,3000,yalova'da gezilecek yerler,slug match in the gazetteer
tr-TR,tr,Dubai,AE,292223,3000,dubai gezilecek yerler,slug match in the gazetteer
tr-TR,tr,Athens,US,4180386,3000,atina gezilecek yerler,"GeoNames alternate name atina resolved to Athens (US), 1 candidates, most populous chosen"
tr-TR,tr,Akçakoca,TR,752584,2800,akçakoca gezilecek yerler,slug match in the gazetteer
tr-TR,tr,Iğdır,TR,311665,2800,ığdır gezilecek yerler,slug match in the gazetteer
tr-TR,tr,Seferihisar,TR,301350,2800,seferihisar gezilecek yerler,slug match in the gazetteer
tr-TR,tr,Tīrān,IR,418446,2800,tiran gezilecek yerler,slug match in the gazetteer
tr-TR,tr,Madrid,ES,3117735,2800,madrid gezilecek yerler,slug match in the gazetteer
tr-TR,tr,Tarsus,TR,299817,2800,tarsus gezilecek yerler,slug match in the gazetteer
tr-TR,tr,Yozgat,TR,296562,2800,yozgat gezilecek yerler,slug match in the gazetteer
tr-TR,tr,Fes,MA,2548885,2800,fas gezilecek yerler,"GeoNames alternate name fas resolved to Fes (MA), 1 candidates, most populous chosen"
tr-TR,tr,Fethiye,TR,314967,2700,fethiye'de gezilecek yerler,slug match in the gazetteer
tr-TR,tr,Side,TR,301238,2700,side gezilecek yerler,slug match in the gazetteer
tr-TR,tr,Gaziantep,TR,314830,2700,antep'te gezilecek yerler,"GeoNames alternate name antep resolved to Gaziantep (TR), 1 candidates, most populous chosen"
tr-TR,tr,Köln,DE,2886242,2600,köln gezilecek yerler,slug match in the gazetteer
tr-TR,tr,İskenderun,TR,311111,2600,iskenderun gezilecek yerler,"GeoNames alternate name iskenderun resolved to İskenderun (TR), 1 candidates, most populous chosen"
tr-TR,tr,Elazığ,TR,315808,2600,elazığ'da gezilecek yerler,slug match in the gazetteer
tr-TR,tr,Bolu,TR,750516,2500,bolu da gezilecek yerler,slug match in the gazetteer
tr-TR,tr,Bandırma,TR,751077,2400,bandırma gezilecek yerler,slug match in the gazetteer
tr-TR,tr,Çorum,TR,748879,2400,çorum'da gezilecek yerler,slug match in the gazetteer
tr-TR,tr,Düsseldorf,DE,2934246,2400,düsseldorf gezilecek yerler,slug match in the gazetteer
tr-TR,tr,Şile,TR,739636,2400,şile gezilecek yerler,slug match in the gazetteer
tr-TR,tr,Göreme,TR,313947,2400,göreme gezilecek yerler,slug match in the gazetteer
tr-TR,tr,Bingöl,TR,321082,2300,bingöl gezilecek yerler,slug match in the gazetteer
tr-TR,tr,Gelibolu,TR,746983,2200,gelibolu gezilecek yerler,slug match in the gazetteer
tr-TR,tr,Alexandroupoli,GR,736928,2200,dedeağaç gezilecek yerler,"GeoNames alternate name dedeağaç resolved to Alexandroupoli (GR), 1 candidates, most populous chosen"
tr-TR,tr,Berlin,DE,2950159,2200,berlin gezilecek yerler,slug match in the gazetteer
tr-TR,tr,Eskişehir,TR,315202,2200,eskişehir de gezilecek yerler,slug match in the gazetteer
tr-TR,tr,Pamukkale,TR,302903,2200,pamukkale gezilecek yerler,slug match in the gazetteer
tr-TR,tr,Afyonkarahisar,TR,325303,2100,afyonkarahisar gezilecek yerler,slug match in the gazetteer
tr-TR,tr,Dursunbey,TR,316102,2100,balat gezilecek yerler,"GeoNames alternate name balat resolved to Dursunbey (TR), 1 candidates, most populous chosen"
tr-TR,tr,İznik,TR,745026,2100,iznik'te gezilecek yerler,"GeoNames alternate name iznik resolved to İznik (TR), 1 candidates, most populous chosen"
tr-TR,tr,Adapazarı,TR,752850,2100,sakarya da gezilecek yerler,"GeoNames alternate name sakarya resolved to Adapazarı (TR), 1 candidates, most populous chosen"
tr-TR,tr,Gebze,TR,747014,2100,gebze gezilecek yerler,slug match in the gazetteer
tr-TR,tr,Gaziantep,TR,314830,2100,gaziantep'te gezilecek yerler,slug match in the gazetteer
tr-TR,tr,London,GB,2643743,2100,londra gezilecek yerler,exonym londra resolved to London (GB)
tr-TR,tr,Van,TR,298117,2000,van da gezilecek yerler,slug match in the gazetteer
tr-TR,tr,Stuttgart,DE,2825297,2000,stuttgart gezilecek yerler,slug match in the gazetteer
tr-TR,tr,Pristina,XK,786714,1900,priştine gezilecek yerler,"GeoNames alternate name priştine resolved to Pristina (XK), 1 candidates, most populous chosen"
tr-TR,tr,Milan,IT,3173435,1900,milano gezilecek yerler,"GeoNames alternate name milano resolved to Milan (IT), 1 candidates, most populous chosen"
tr-TR,tr,Silifke,TR,300808,1900,silifke gezilecek yerler,slug match in the gazetteer
tr-TR,tr,Karaman,TR,309527,1900,karaman gezilecek yerler,slug match in the gazetteer
tr-TR,tr,Bāli,IN,1277539,1900,bali gezilecek yerler,slug match in the gazetteer
tr-TR,tr,Silivri,TR,739634,1900,silivri gezilecek yerler,slug match in the gazetteer
tr-TR,tr,Arsuz,TR,298435,1800,arsuz gezilecek yerler,slug match in the gazetteer
tr-TR,tr,Basel,CH,2661604,1800,basel gezilecek yerler,slug match in the gazetteer
tr-TR,tr,Üsküdar,TR,738329,1800,üsküdar da gezilecek yerler,slug match in the gazetteer
tr-TR,tr,Çatalca,TR,749644,1800,çatalca'da gezilecek yerler,slug match in the gazetteer
tr-TR,tr,Dikili,TR,316726,1800,dikili gezilecek yerler,slug match in the gazetteer
tr-TR,tr,Niğde,TR,303827,1800,niğde'de gezilecek yerler,slug match in the gazetteer
tr-TR,tr,Hakkâri,TR,318137,1800,hakkari gezilecek yerler,slug match in the gazetteer
tr-TR,tr,Vienna,AT,2761369,1700,viyana'da gezilecek yerler,exonym viyana resolved to Vienna (AT)
tr-TR,tr,Datça,TR,317543,1700,datça'da gezilecek yerler,slug match in the gazetteer
tr-TR,tr,Adapazarı,TR,752850,1700,adapazarı gezilecek yerler,slug match in the gazetteer
tr-TR,tr,Çeşme,TR,318755,1700,çeşme gezilecek yerler,slug match in the gazetteer
tr-TR,tr,Beyşehir,TR,321191,1700,beyşehir gezilecek yerler,slug match in the gazetteer
tr-TR,tr,Isparta,TR,311073,1700,ısparta'da gezilecek yerler,slug match in the gazetteer
tr-TR,tr,Demre,TR,295781,1600,demre gezilecek yerler,slug match in the gazetteer
tr-TR,tr,Thessaloníki,GR,734077,1600,selanik gezilecek yerler,exonym selanik resolved to Thessaloniki (GR)
tr-TR,tr,Ardahan,TR,751952,1600,ardahan gezilecek yerler,slug match in the gazetteer
tr-TR,tr,Baku,AZ,587084,1600,bakü'de gezilecek yerler,slug match in the gazetteer
tr-TR,tr,Samsun,TR,740264,1600,samsun da gezilecek yerler,slug match in the gazetteer
tr-TR,tr,Ünye,TR,738349,1600,ünye gezilecek yerler,slug match in the gazetteer
tr-TR,tr,Stockholm,SE,2673730,1600,stockholm gezilecek yerler,slug match in the gazetteer
tr-TR,tr,Sivrihisar,TR,300593,1500,sivrihisar gezilecek yerler,slug match in the gazetteer
tr-TR,tr,Sevilla,ES,2510911,1500,sevilla gezilecek yerler,slug match in the gazetteer
tr-TR,tr,Germencik,TR,314573,1500,iğneada gezilecek yerler,"GeoNames alternate name iğneada resolved to Germencik (TR), 1 candidates, most populous chosen"
tr-TR,tr,Bartın,TR,751057,1500,bartın'da gezilecek yerler,slug match in the gazetteer
tr-TR,tr,Nallıhan,TR,741347,1500,nallıhan gezilecek yerler,slug match in the gazetteer
tr-TR,tr,Karasu,TR,744092,1500,karasu gezilecek yerler,slug match in the gazetteer
tr-TR,tr,Florence,IT,3176959,1400,floransa gezilecek yerler,"GeoNames alternate name floransa resolved to Florence (IT), 1 candidates, most populous chosen"
tr-TR,tr,Singāpur,IN,1445156,1400,singapur gezilecek yerler,slug match in the gazetteer
tr-TR,tr,Belek,TR,321580,1400,belek gezilecek yerler,slug match in the gazetteer
tr-TR,tr,Bingöl,TR,321082,1400,bingöl'de gezilecek yerler,slug match in the gazetteer
tr-TR,tr,Sapanca,TR,740230,1400,sapanca da gezilecek yerler,slug match in the gazetteer
tr-TR,tr,Finike,TR,314923,1400,finike gezilecek yerler,slug match in the gazetteer
tr-TR,tr,Mardin,TR,304797,1400,mardin de gezilecek yerler,slug match in the gazetteer
tr-TR,tr,Sharm el-Sheikh,EG,349340,1400,sharm el sheikh gezilecek yerler,slug match in the gazetteer
tr-TR,tr,Gebze,TR,747014,1400,gebze'de gezilecek yerler,slug match in the gazetteer
tr-TR,tr,Frankfurt (Oder),DE,2925535,1400,frankfurt gezilecek yerler,"GeoNames alternate name frankfurt resolved to Frankfurt (Oder) (DE), 4 candidates, most populous chosen"
tr-TR,tr,Manavgat,TR,304854,1400,manavgat'ta gezilecek yerler,slug match in the gazetteer
tr-TR,tr,Zonguldak,TR,737022,1400,zonguldak'ta gezilecek yerler,slug match in the gazetteer
tr-TR,tr,Ahlat,TR,325103,1400,ahlat gezilecek yerler,slug match in the gazetteer
tr-TR,tr,Denizli,TR,317109,1300,denizli de gezilecek yerler,slug match in the gazetteer
tr-TR,tr,Ürgüp,TR,298326,1300,ürgüp'te gezilecek yerler,slug match in the gazetteer
tr-TR,tr,Edinburgh,GB,2650225,1300,edinburgh gezilecek yerler,slug match in the gazetteer
tr-TR,tr,Mudurnu,TR,741484,1300,mudurnu gezilecek yerler,slug match in the gazetteer
tr-TR,tr,Dursunbey,TR,316102,1300,balat'ta gezilecek yerler,"GeoNames alternate name balat resolved to Dursunbey (TR), 1 candidates, most populous chosen"
tr-TR,tr,Kas,SD,372773,1300,kaş'ta gezilecek yerler,slug match in the gazetteer
tr-TR,tr,Erdemli,TR,315515,1300,erdemli gezilecek yerler,slug match in the gazetteer
tr-TR,tr,Gemlik,TR,746958,1300,gemlik gezilecek yerler,slug match in the gazetteer
tr-TR,tr,Tarsus,TR,299817,1300,tarsus'ta gezilecek yerler,slug match in the gazetteer
tr-TR,tr,Çerkezköy,TR,749274,1300,çerkezköy gezilecek yerler,slug match in the gazetteer
tr-TR,tr,Tokyo,JP,1850147,1300,tokyo gezilecek yerler,slug match in the gazetteer
tr-TR,tr,Selçuk,TR,301256,1200,selçuk gezilecek yerler,slug match in the gazetteer
tr-TR,tr,Kırıkkale,TR,307654,1200,kırıkkale'de gezilecek yerler,slug match in the gazetteer
tr-TR,tr,Serik,TR,301101,1200,serik gezilecek yerler,slug match in the gazetteer
tr-TR,tr,Bafra,TR,751335,1200,bafra gezilecek yerler,slug match in the gazetteer
tr-TR,tr,Rhodes,GR,400666,1200,rodos gezilecek yerler,"GeoNames alternate name rodos resolved to Rhodes (GR), 1 candidates, most populous chosen"
tr-TR,tr,Urla,TR,298316,1200,urla da gezilecek yerler,slug match in the gazetteer
tr-TR,tr,Kırşehir,TR,307515,1200,kırşehir'de gezilecek yerler,slug match in the gazetteer
tr-TR,tr,Ereğli,TR,315498,1200,ereğli gezilecek yerler,slug match in the gazetteer
tr-TR,tr,Erdek,TR,747482,1200,erdek gezilecek yerler,slug match in the gazetteer
tr-TR,tr,Athens,US,4180386,1200,atina'da gezilecek yerler,"GeoNames alternate name atina resolved to Athens (US), 1 candidates, most populous chosen"
tr-TR,tr,Antakya,TR,323779,1200,antakya gezilecek yerler,slug match in the gazetteer
tr-TR,tr,Gaziantep,TR,314830,1100,gaziantep de gezilecek yerler,slug match in the gazetteer
tr-TR,tr,Bratislava,SK,3060972,1100,bratislava gezilecek yerler,slug match in the gazetteer
tr-TR,tr,Lyon,FR,2996944,1100,lyon gezilecek yerler,slug match in the gazetteer
tr-TR,tr,Kavála,GR,735861,1100,kavala gezilecek yerler,slug match in the gazetteer
tr-TR,tr,Edremit,TR,315985,1100,edremit'te gezilecek yerler,slug match in the gazetteer
tr-TR,tr,Tire,TR,299137,1100,tire gezilecek yerler,slug match in the gazetteer
tr-TR,tr,Prague,CZ,3067696,1100,prag'da gezilecek yerler,"GeoNames alternate name prag resolved to Prague (CZ), 1 candidates, most populous chosen"
tr-TR,tr,Fatih,TR,747158,1100,fatih gezilecek yerler,slug match in the gazetteer
tr-TR,tr,Bangkok,TH,1609350,1100,bangkok gezilecek yerler,slug match in the gazetteer
tr-TR,tr,Arnavutköy,TR,751868,1100,arnavutköy gezilecek yerler,slug match in the gazetteer
tr-TR,tr,Şile,TR,739636,1100,şile de gezilecek yerler,slug match in the gazetteer
tr-TR,tr,Ohrid,MK,787487,1100,ohrid gezilecek yerler,slug match in the gazetteer
tr-TR,tr,Geneva,CH,2660646,1100,cenevre gezilecek yerler,"GeoNames alternate name cenevre resolved to Geneva (CH), 1 candidates, most populous chosen"
tr-TR,tr,Tunceli,TR,298846,1000,tunceli'de gezilecek yerler,slug match in the gazetteer
tr-TR,tr,Gökçeada,TR,745260,1000,gökçeada'da gezilecek yerler,slug match in the gazetteer
tr-TR,tr,Erzurum,TR,315368,1000,erzurum da gezilecek yerler,slug match in the gazetteer
tr-TR,tr,Fethiye,TR,314967,1000,fethiye de gezilecek yerler,slug match in the gazetteer
tr-TR,tr,Salzburg,AT,2766824,1000,salzburg gezilecek yerler,slug match in the gazetteer
tr-TR,tr,Nyu-York,UA,699751,1000,new york gezilecek yerler,"GeoNames alternate name new york resolved to Nyu-York (UA), 2 candidates, most populous chosen"
tr-TR,tr,Isparta,TR,311073,1000,isparta gezilecek yerler,slug match in the gazetteer
tr-TR,tr,Bodrum,TR,320995,1000,bodrum'da gezilecek yerler,slug match in the gazetteer
tr-TR,tr,Barcelona,ES,3128760,1000,barcelona gezilecek yerler,slug match in the gazetteer
tr-TR,tr,Bozüyük,TR,320557,1000,bozüyük gezilecek yerler,slug match in the gazetteer
tr-TR,tr,Bandırma,TR,751077,1000,bandırma'da gezilecek yerler,slug match in the gazetteer
tr-TR,tr,Merzifon,TR,741609,1000,merzifon gezilecek yerler,slug match in the gazetteer
tr-TR,tr,Ödemiş,TR,303700,1000,ödemiş gezilecek yerler,slug match in the gazetteer
tr-TR,tr,Fatih,TR,747158,1000,fatih'te gezilecek yerler,slug match in the gazetteer
tr-TR,tr,Diyarbakır,TR,316541,1000,diyarbakır da gezilecek yerler,slug match in the gazetteer
tr-TR,tr,Batumi,GE,615532,1000,batum'da gezilecek yerler,"GeoNames alternate name batum resolved to Batumi (GE), 1 candidates, most populous chosen"
tr-TR,tr,Kyrenia,CY,146412,1000,girne gezilecek yerler,"GeoNames alternate name girne resolved to Kyrenia (CY), 1 candidates, most populous chosen"
tr-TR,tr,Edirne,TR,747712,1000,edirne de gezilecek yerler,slug match in the gazetteer
tr-TR,tr,Akşehir,TR,324490,1000,akşehir gezilecek yerler,slug match in the gazetteer
tr-TR,tr,Büyükçekmece,TR,6947641,900,büyükçekmece gezilecek yerler,slug match in the gazetteer
tr-TR,tr,Avanos,TR,322965,900,avanos'ta gezilecek yerler,slug match in the gazetteer
tr-TR,tr,Çorlu,TR,748893,900,çorlu'da gezilecek yerler,slug match in the gazetteer
tr-TR,tr,Phuket,TH,1151254,900,phuket gezilecek yerler,slug match in the gazetteer
tr-TR,tr,Göreme,TR,313947,900,göreme'de gezilecek yerler,slug match in the gazetteer
tr-TR,tr,Samandağ,TR,301975,900,samandağ gezilecek yerler,slug match in the gazetteer
tr-TR,tr,Balıkesir,TR,322165,900,balıkesir de gezilecek yerler,slug match in the gazetteer
tr-TR,tr,Niğde,TR,303827,900,niğde de gezilecek yerler,slug match in the gazetteer
tr-TR,tr,Kemer,TR,308220,900,kemer'de gezilecek yerler,slug match in the gazetteer
tr-TR,tr,London,GB,2643743,900,londra'da gezilecek yerler,exonym londra resolved to London (GB)
tr-TR,tr,Seydişehir,TR,301010,900,seydişehir gezilecek yerler,slug match in the gazetteer
tr-TR,tr,Beylikdüzü,TR,6947640,900,beylikdüzü gezilecek yerler,slug match in the gazetteer
tr-TR,tr,Datça,TR,317543,900,datça da gezilecek yerler,slug match in the gazetteer
tr-TR,tr,Ortaca,TR,303354,900,ortaca gezilecek yerler,slug match in the gazetteer
tr-TR,tr,Tuzla,BA,3188582,900,tuzla gezilecek yerler,slug match in the gazetteer
tr-TR,tr,Eskişehir,TR,315202,800,eskisehir gezilecek yerler,slug match in the gazetteer
tr-TR,tr,Yalova,TR,738025,800,yalova da gezilecek yerler,slug match in the gazetteer
tr-TR,tr,Viranşehir,TR,298033,800,viranşehir gezilecek yerler,slug match in the gazetteer
tr-TR,tr,Çatalca,TR,749644,800,çatalca da gezilecek yerler,slug match in the gazetteer
tr-TR,tr,Seferihisar,TR,301350,800,seferihisar'da gezilecek yerler,slug match in the gazetteer
tr-TR,tr,Belgrade,RS,792680,800,belgrad'da gezilecek yerler,"GeoNames alternate name belgrad resolved to Belgrade (RS), 3 candidates, most populous chosen"
tr-TR,tr,Kraków,PL,3094802,800,krakow gezilecek yerler,slug match in the gazetteer
tr-TR,tr,Bologna,IT,3181928,800,bologna gezilecek yerler,slug match in the gazetteer
tr-TR,tr,Beyşehir,TR,321191,800,beyşehir'de gezilecek yerler,slug match in the gazetteer
tr-TR,tr,Nuremberg,DE,2861650,800,nürnberg gezilecek yerler,exonym nürnberg resolved to Nuremberg (DE)
tr-TR,tr,Tire,TR,299137,800,tire'de gezilecek yerler,slug match in the gazetteer
tr-TR,tr,Kastamonu,TR,743882,800,kastamonu da gezilecek yerler,slug match in the gazetteer
tr-TR,tr,Akyazı,TR,752288,800,akyazı gezilecek yerler,slug match in the gazetteer
tr-TR,tr,Oslo,NO,3143244,800,oslo gezilecek yerler,slug match in the gazetteer
tr-TR,tr,Erdek,TR,747482,800,erdek'te gezilecek yerler,slug match in the gazetteer
tr-TR,tr,Mytilene,GR,256866,800,midilli gezilecek yerler,"GeoNames alternate name midilli resolved to Mytilene (GR), 1 candidates, most populous chosen"
tr-TR,tr,Ermenek,TR,315401,800,ermenek gezilecek yerler,slug match in the gazetteer
tr-TR,tr,Kotor,ME,3197538,800,kotor gezilecek yerler,slug match in the gazetteer
tr-TR,tr,Nusaybin,TR,303750,800,nusaybin gezilecek yerler,slug match in the gazetteer
tr-TR,tr,Helsinki,FI,658225,800,helsinki gezilecek yerler,slug match in the gazetteer
tr-TR,tr,Plovdiv,BG,728193,800,plovdiv gezilecek yerler,slug match in the gazetteer
tr-TR,tr,Gölbaşı,TR,314133,800,gölbaşı gezilecek yerler,slug match in the gazetteer
tr-TR,tr,Siverek,TR,300614,800,siverek gezilecek yerler,slug match in the gazetteer
tr-TR,tr,Skopje,MK,785842,800,üsküp'te gezilecek yerler,exonym üsküp resolved to Skopje (MK)
tr-TR,tr,Carroll,US,4850478,800,çin gezilecek yerler,"GeoNames alternate name çin resolved to Carroll (US), 1 candidates, most populous chosen"
tr-TR,tr,Malta,BR,3395720,800,malta gezilecek yerler,slug match in the gazetteer
tr-TR,tr,Ünye,TR,738349,800,ünye'de gezilecek yerler,slug match in the gazetteer
tr-TR,tr,Tbilisi,GE,611717,800,tiflis'te gezilecek yerler,exonym tiflis resolved to Tbilisi (GE)
tr-TR,tr,Belek,TR,321580,800,belek'te gezilecek yerler,slug match in the gazetteer
tr-TR,tr,Nice,FR,2990440,800,nice gezilecek yerler,slug match in the gazetteer
tr-TR,tr,Gerede,TR,746940,700,gerede gezilecek yerler,slug match in the gazetteer
tr-TR,tr,Dresden,DE,2935022,700,dresden gezilecek yerler,slug match in the gazetteer
tr-TR,tr,Cizre,TR,318253,700,cizre gezilecek yerler,slug match in the gazetteer
tr-TR,tr,Kas,SD,372773,700,kaş da gezilecek yerler,slug match in the gazetteer
tr-TR,tr,Eceabat,TR,747728,700,eceabat gezilecek yerler,slug match in the gazetteer
tr-TR,tr,Naxçıvan,AZ,147429,700,nahçıvan gezilecek yerler,"GeoNames alternate name nahçıvan resolved to Naxçıvan (AZ), 1 candidates, most populous chosen"
tr-TR,tr,Valencia,VE,3625549,700,valencia gezilecek yerler,slug match in the gazetteer
tr-TR,tr,Niksar,TR,741304,700,niksar gezilecek yerler,slug match in the gazetteer
tr-TR,tr,Yalıkavak,TR,297838,700,yalıkavak gezilecek yerler,slug match in the gazetteer
tr-TR,tr,Nazilli,TR,303873,700,nazilli gezilecek yerler,slug match in the gazetteer
tr-TR,tr,Gelibolu,TR,746983,700,gelibolu'da gezilecek yerler,slug match in the gazetteer
tr-TR,tr,Naples,IT,3172394,700,napoli gezilecek yerler,"GeoNames alternate name napoli resolved to Naples (IT), 1 candidates, most populous chosen"
tr-TR,tr,Hurghada,EG,361291,600,hurghada gezilecek yerler,slug match in the gazetteer
tr-TR,tr,Çınarcık,TR,749075,600,çınarcık gezilecek yerler,slug match in the gazetteer
tr-TR,tr,Cairo,EG,360630,600,kahire gezilecek yerler,exonym kahire resolved to Cairo (EG)
tr-TR,tr,Zeytinburnu,TR,737071,600,zeytinburnu gezilecek yerler,slug match in the gazetteer
tr-TR,tr,Anamur,TR,323828,600,anamur gezilecek yerler,slug match in the gazetteer
tr-TR,tr,Kandıra,TR,744716,600,kandıra gezilecek yerler,slug match in the gazetteer
tr-TR,tr,Mordoğan,TR,304204,600,mordoğan gezilecek yerler,slug match in the gazetteer
tr-TR,tr,Amsterdam,NL,2759794,600,amsterdam'da gezilecek yerler,slug match in the gazetteer
tr-TR,tr,Sürmene,TR,739215,600,sürmene gezilecek yerler,slug match in the gazetteer
tr-TR,tr,Çarşamba,TR,749704,600,çarşamba gezilecek yerler,slug match in the gazetteer
tr-TR,tr,Silifke,TR,300808,600,silifke'de gezilecek yerler,slug match in the gazetteer
tr-TR,tr,Roma,LS,932151,600,roma da gezilecek yerler,slug match in the gazetteer
tr-TR,tr,Selçuk,TR,301256,600,selçuk'ta gezilecek yerler,slug match in the gazetteer
tr-TR,tr,Gölcük,TR,746666,600,gölcük gezilecek yerler,slug match in the gazetteer
tr-TR,tr,Adalar,TR,750249,600,adalar gezilecek yerler,slug match in the gazetteer
tr-TR,tr,Osaka,JP,1853909,600,osaka gezilecek yerler,slug match in the gazetteer
tr-TR,tr,Keşan,TR,743439,600,keşan gezilecek yerler,slug match in the gazetteer
tr-TR,tr,Taşkent,TR,299755,600,taşkent gezilecek yerler,slug match in the gazetteer
tr-TR,tr,Hakkâri,TR,318137,600,hakkari'de gezilecek yerler,slug match in the gazetteer
tr-TR,tr,Budva,ME,3203106,600,budva gezilecek yerler,slug match in the gazetteer
tr-TR,tr,Istanbul,TR,745044,600,istanbul'da çocuklarla gezilecek yerler,slug match in the gazetteer
tr-TR,tr,Abu Dhabi,AE,292968,600,abu dabi gezilecek yerler,"GeoNames alternate name abu dabi resolved to Abu Dhabi (AE), 1 candidates, most populous chosen"
tr-TR,tr,Cide,TR,749183,600,cide gezilecek yerler,slug match in the gazetteer
tr-TR,tr,Colmar,FR,3024297,600,colmar gezilecek yerler,slug match in the gazetteer
tr-TR,tr,Warsaw,PL,756135,600,varşova gezilecek yerler,"GeoNames alternate name varşova resolved to Warsaw (PL), 1 candidates, most populous chosen"
tr-TR,tr,Rotterdam,NL,2747891,600,rotterdam gezilecek yerler,slug match in the gazetteer
tr-TR,tr,Söke,TR,300399,600,söke gezilecek yerler,slug match in the gazetteer
tr-TR,tr,Cape Town,ZA,3369157,600,cape town gezilecek yerler,slug match in the gazetteer
tr-TR,tr,Kartal,HU,3050526,600,kartal gezilecek yerler,slug match in the gazetteer
tr-TR,tr,Rewa,IN,1258182,600,riva gezilecek yerler,"GeoNames alternate name riva resolved to Rewa (IN), 3 candidates, most populous chosen"
tr-TR,tr,Gerze,TR,746913,600,gerze gezilecek yerler,slug match in the gazetteer
tr-TR,tr,Eğirdir,TR,315905,600,eğirdir gezilecek yerler,slug match in the gazetteer
tr-TR,tr,Gaziantep,TR,314830,600,gaziantep te gezilecek yerler,slug match in the gazetteer
tr-TR,tr,Ortaköy,TR,303290,600,ortaköy gezilecek yerler,slug match in the gazetteer
tr-TR,tr,Salihli,TR,302043,600,salihli gezilecek yerler,slug match in the gazetteer
tr-TR,tr,Karacabey,TR,744537,600,karacabey gezilecek yerler,slug match in the gazetteer
tr-TR,tr,St. Petersburg,US,4171563,600,st petersburg gezilecek yerler,slug match in the gazetteer
tr-TR,tr,Kızılcahamam,TR,743051,600,kızılcahamam'da gezilecek yerler,slug match in the gazetteer
tr-TR,tr,Adilcevaz,TR,325336,600,adilcevaz gezilecek yerler,slug match in the gazetteer
tr-TR,tr,Bergama,TR,321426,600,bergama'da gezilecek yerler,slug match in the gazetteer
tr-TR,tr,Isparta,TR,311073,600,ısparta da gezilecek yerler,slug match in the gazetteer
tr-TR,tr,Ereğli,TR,315498,600,ereğli'de gezilecek yerler,slug match in the gazetteer
tr-TR,tr,Dörtyol,TR,316284,600,dörtyol gezilecek yerler,slug match in the gazetteer
tr-TR,tr,Nizip,TR,303798,600,nizip gezilecek yerler,slug match in the gazetteer
tr-TR,tr,Famagusta,CY,146617,500,gazimağusa gezilecek yerler,"GeoNames alternate name gazimağusa resolved to Famagusta (CY), 1 candidates, most populous chosen"
tr-TR,tr,Köln,DE,2886242,500,köln'de gezilecek yerler,slug match in the gazetteer
tr-TR,tr,Side,TR,301238,500,side de gezilecek yerler,slug match in the gazetteer
tr-TR,tr,Boyabat,TR,750468,500,boyabat gezilecek yerler,slug match in the gazetteer
tr-TR,tr,Brugge,BE,2800931,500,brugge gezilecek yerler,slug match in the gazetteer
tr-TR,tr,Bafra,TR,751335,500,bafra'da gezilecek yerler,slug match in the gazetteer
tr-TR,tr,Hong Kong,HK,1819729,500,hong kong gezilecek yerler,slug match in the gazetteer
tr-TR,tr,Kyrenia,CY,146412,500,girne'de gezilecek yerler,"GeoNames alternate name girne resolved to Kyrenia (CY), 1 candidates, most populous chosen"
tr-TR,tr,Haymana,TR,312289,500,haymana gezilecek yerler,slug match in the gazetteer
tr-TR,tr,Kula,TR,305810,500,kula gezilecek yerler,slug match in the gazetteer
tr-TR,tr,Tirebolu,TR,738753,500,tirebolu gezilecek yerler,slug match in the gazetteer
tr-TR,tr,Arhavi,TR,751931,500,arhavi gezilecek yerler,slug match in the gazetteer
tr-TR,tr,Side,TR,301238,500,selimiye gezilecek yerler,"GeoNames alternate name selimiye resolved to Side (TR), 1 candidates, most populous chosen"
tr-TR,tr,Dublin,IE,2964574,500,dublin gezilecek yerler,slug match in the gazetteer
tr-TR,tr,Erzin,TR,296852,500,erzin gezilecek yerler,slug match in the gazetteer
tr-TR,tr,Andırın,TR,323797,500,andırın gezilecek yerler,slug match in the gazetteer
tr-TR,tr,Fes,MA,2548885,500,fas'ta gezilecek yerler,"GeoNames alternate name fas resolved to Fes (MA), 1 candidates, most populous chosen"
tr-TR,tr,Bilbao,ES,3128026,500,bilbao gezilecek yerler,slug match in the gazetteer
tr-TR,tr,Biga,TR,750605,500,biga gezilecek yerler,slug match in the gazetteer
tr-TR,tr,Safranbolu,TR,740430,500,safranbolu da gezilecek yerler,slug match in the gazetteer
tr-TR,tr,Podgorica,ME,3193044,500,podgorica gezilecek yerler,slug match in the gazetteer
tr-TR,tr,Chisinau,MD,618426,500,kişinev gezilecek yerler,"GeoNames alternate name kişinev resolved to Chisinau (MD), 1 candidates, most populous chosen"
tr-TR,tr,Los Angeles,US,5368361,500,los angeles gezilecek yerler,slug match in the gazetteer
tr-TR,tr,Ljubljana,SI,3196359,500,ljubljana gezilecek yerler,slug match in the gazetteer
tr-TR,tr,Elazığ,TR,315808,500,elazığ da gezilecek yerler,slug match in the gazetteer
tr-TR,tr,Akşehir,TR,324490,500,akşehir'de gezilecek yerler,slug match in the gazetteer
tr-TR,tr,Doha,QA,290030,500,doha gezilecek yerler,slug match in the gazetteer
tr-TR,tr,Çamlıdere,TR,749843,500,çamlıdere gezilecek yerler,slug match in the gazetteer
tr-TR,tr,Birecik,TR,321062,500,birecik gezilecek yerler,slug match in the gazetteer
tr-TR,tr,Marrakesh,MA,2542997,500,marakeş gezilecek yerler,"GeoNames alternate name marakeş resolved to Marrakesh (MA), 1 candidates, most populous chosen"
tr-TR,tr,Orhangazi,TR,741045,450,orhangazi gezilecek yerler,slug match in the gazetteer
tr-TR,tr,Erciş,TR,315530,450,erciş gezilecek yerler,slug match in the gazetteer
tr-TR,tr,Çorum,TR,748879,450,çorum da gezilecek yerler,slug match in the gazetteer
tr-TR,tr,Erzincan,TR,315373,450,erzincan da gezilecek yerler,slug match in the gazetteer
tr-TR,tr,Luzern,CH,2659811,450,luzern gezilecek yerler,slug match in the gazetteer
tr-TR,tr,Heidelberg,DE,2907911,450,heidelberg gezilecek yerler,slug match in the gazetteer
tr-TR,tr,Peru,US,4924733,450,peru gezilecek yerler,slug match in the gazetteer
tr-TR,tr,Akhisar,TR,324698,450,akhisar gezilecek yerler,slug match in the gazetteer
tr-TR,tr,Granada,ES,2517117,450,granada gezilecek yerler,slug match in the gazetteer
tr-TR,tr,Burhaniye,TR,320369,450,burhaniye gezilecek yerler,slug match in the gazetteer
tr-TR,tr,Kos,GR,259245,450,kos gezilecek yerler,slug match in the gazetteer
tr-TR,tr,Vienna,AT,2761369,450,viyana da gezilecek yerler,exonym viyana resolved to Vienna (AT)
tr-TR,tr,Arsuz,TR,298435,450,arsuz'da gezilecek yerler,slug match in the gazetteer
tr-TR,tr,Çayeli,TR,749502,450,çayeli gezilecek yerler,slug match in the gazetteer
tr-TR,tr,Erbaa,TR,747489,450,erbaa gezilecek yerler,slug match in the gazetteer
tr-TR,tr,Dortmund,DE,2935517,450,dortmund gezilecek yerler,slug match in the gazetteer
tr-TR,tr,Marmara Ereğlisi,TR,741725,450,marmara ereğlisi gezilecek yerler,slug match in the gazetteer
tr-TR,tr,Silivri,TR,739634,450,silivri'de gezilecek yerler,slug match in the gazetteer
tr-TR,tr,Ulus,TR,738390,450,ulus gezilecek yerler,slug match in the gazetteer
tr-TR,tr,Develi,TR,316795,450,develi gezilecek yerler,slug match in the gazetteer
tr-TR,tr,Serik,TR,301101,450,serik'te gezilecek yerler,slug match in the gazetteer
tr-TR,tr,Zagreb,HR,3186886,450,zagreb gezilecek yerler,slug match in the gazetteer
tr-TR,tr,Málaga,ES,2514256,450,malaga gezilecek yerler,slug match in the gazetteer
tr-TR,tr,Torbalı,TR,298935,450,torbalı gezilecek yerler,slug match in the gazetteer
tr-TR,tr,Foça,TR,314903,450,foça'da gezilecek yerler,slug match in the gazetteer
tr-TR,tr,Afyonkarahisar,TR,325303,450,afyonkarahisar'da gezilecek yerler,slug match in the gazetteer
tr-TR,tr,Susurluk,TR,300058,450,susurluk gezilecek yerler,slug match in the gazetteer
tr-TR,tr,Turgutreis,TR,6620290,450,turgutreis gezilecek yerler,slug match in the gazetteer
tr-TR,tr,Bremen,DE,2944388,450,bremen gezilecek yerler,slug match in the gazetteer
tr-TR,tr,Simav,TR,300791,400,simav gezilecek yerler,slug match in the gazetteer
tr-TR,tr,Tuzla,BA,3188582,400,tuzla'da gezilecek yerler,slug match in the gazetteer
tr-TR,tr,Şavşat,TR,739950,400,şavşat gezilecek yerler,slug match in the gazetteer
tr-TR,tr,Ürgüp,TR,298326,400,ürgüp de gezilecek yerler,slug match in the gazetteer
tr-TR,tr,Maçka,TR,741850,400,maçka gezilecek yerler,slug match in the gazetteer
tr-TR,tr,Turgutlu,TR,298806,400,turgutlu gezilecek yerler,slug match in the gazetteer
tr-TR,tr,Antakya,TR,323779,400,antakya'da gezilecek yerler,slug match in the gazetteer
tr-TR,tr,Germencik,TR,314573,400,iğneada'da gezilecek yerler,"GeoNames alternate name iğneada resolved to Germencik (TR), 1 candidates, most populous chosen"
tr-TR,tr,Komotiní,GR,735640,400,gümülcine gezilecek yerler,"GeoNames alternate name gümülcine resolved to Komotiní (GR), 1 candidates, most populous chosen"
tr-TR,tr,Almaty,KZ,1526384,400,almatı gezilecek yerler,"GeoNames alternate name almatı resolved to Almaty (KZ), 1 candidates, most populous chosen"
tr-TR,tr,Ortaköy,TR,303290,400,ortaköy'de gezilecek yerler,slug match in the gazetteer
tr-TR,tr,Sultanbeyli,TR,7628419,400,sultanbeyli gezilecek yerler,slug match in the gazetteer
tr-TR,tr,Bodrum,TR,320995,400,bodrum da gezilecek yerler,slug match in the gazetteer
tr-TR,tr,Mut,TR,304013,400,mut gezilecek yerler,slug match in the gazetteer
tr-TR,tr,Harran,TR,312531,400,harran gezilecek yerler,slug match in the gazetteer
tr-TR,tr,Istanbul,TR,745044,400,istanbul'da gezilecek yerler ücretsiz,slug match in the gazetteer
tr-TR,tr,Tīrān,IR,418446,400,tiran'da gezilecek yerler,slug match in the gazetteer
tr-TR,tr,Yumurtalık,TR,296137,400,ege de gezilecek yerler,"GeoNames alternate name ege resolved to Yumurtalık (TR), 2 candidates, most populous chosen"
tr-TR,tr,Alaşehir,TR,324172,400,alaşehir gezilecek yerler,slug match in the gazetteer
tr-TR,tr,Sancaktepe,TR,7628420,400,sancaktepe gezilecek yerler,slug match in the gazetteer
tr-TR,tr,Polatlı,TR,302525,400,polatlı da gezilecek yerler,slug match in the gazetteer
tr-TR,tr,Söke,TR,300399,400,söke'de gezilecek yerler,slug match in the gazetteer
tr-TR,tr,Çaycuma,TR,749508,400,çaycuma gezilecek yerler,slug match in the gazetteer
tr-TR,tr,Carroll,US,4850478,400,çin'de gezilecek yerler,"GeoNames alternate name çin resolved to Carroll (US), 1 candidates, most populous chosen"
tr-TR,tr,Güdül,TR,746497,400,güdül gezilecek yerler,slug match in the gazetteer
tr-TR,tr,Kocaali,TR,742902,400,kocaali gezilecek yerler,slug match in the gazetteer
tr-TR,tr,Suşehri,TR,739209,400,suşehri gezilecek yerler,slug match in the gazetteer
tr-TR,tr,Novi Sad,RS,3194360,400,novi sad gezilecek yerler,slug match in the gazetteer
tr-TR,tr,Yumurtalık,TR,296137,400,ege gezilecek yerler,"GeoNames alternate name ege resolved to Yumurtalık (TR), 2 candidates, most populous chosen"
tr-TR,tr,Córdoba,AR,3860259,400,cordoba gezilecek yerler,slug match in the gazetteer
tr-TR,tr,Manchester,GB,2643123,400,manchester gezilecek yerler,slug match in the gazetteer
tr-TR,tr,Bartın,TR,751057,400,bartın da gezilecek yerler,slug match in the gazetteer
tr-TR,tr,Gaziantep,TR,314830,400,antep te gezilecek yerler,"GeoNames alternate name antep resolved to Gaziantep (TR), 1 candidates, most populous chosen"
tr-TR,tr,Batumi,GE,615532,400,batum da gezilecek yerler,"GeoNames alternate name batum resolved to Batumi (GE), 1 candidates, most populous chosen"
tr-TR,tr,Şebin Karahisar,TR,739914,400,şebinkarahisar gezilecek yerler,"GeoNames alternate name şebinkarahisar resolved to Şebin Karahisar (TR), 1 candidates, most populous chosen"
tr-TR,tr,Havza,TR,745714,400,havza gezilecek yerler,slug match in the gazetteer
tr-TR,tr,Zanzibar,TZ,148730,350,zanzibar gezilecek yerler,slug match in the gazetteer
tr-TR,tr,Avanos,TR,322965,350,avanos da gezilecek yerler,slug match in the gazetteer
tr-TR,tr,Cairo,EG,360630,350,kahire'de gezilecek yerler,exonym kahire resolved to Cairo (EG)
tr-TR,tr,Tokyo,JP,1850147,350,tokyo'da gezilecek yerler,slug match in the gazetteer
tr-TR,tr,Kızıltepe,TR,307084,350,kızıltepe gezilecek yerler,slug match in the gazetteer
tr-TR,tr,Çeşme,TR,318755,350,çeşme'de gezilecek yerler,slug match in the gazetteer
tr-TR,tr,Mengen,DE,2871964,350,mengen gezilecek yerler,slug match in the gazetteer
tr-TR,tr,Hopa,TR,745530,350,hopa'da gezilecek yerler,slug match in the gazetteer
tr-TR,tr,Thessaloníki,GR,734077,350,selanik'te gezilecek yerler,exonym selanik resolved to Thessaloniki (GR)
tr-TR,tr,Ulus,TR,738390,350,ulus'ta gezilecek yerler,slug match in the gazetteer
tr-TR,tr,Sealy,US,4727629,350,şili gezilecek yerler,"GeoNames alternate name şili resolved to Sealy (US), 1 candidates, most populous chosen"
tr-TR,tr,Devrek,TR,748167,350,devrek gezilecek yerler,slug match in the gazetteer
tr-TR,tr,Tallinn,EE,588409,350,tallinn gezilecek yerler,slug match in the gazetteer
tr-TR,tr,Toledo,US,5174035,350,toledo gezilecek yerler,slug match in the gazetteer
tr-TR,tr,Şişli,TR,739549,350,şişli gezilecek yerler,slug match in the gazetteer
tr-TR,tr,Mostar,BA,3194828,350,mostar gezilecek yerler,slug match in the gazetteer
tr-TR,tr,Menderes,TR,317851,350,menderes gezilecek yerler,slug match in the gazetteer
tr-TR,tr,Bozyazı,TR,320552,350,bozyazı gezilecek yerler,slug match in the gazetteer
tr-TR,tr,Finike,TR,314923,350,finike'de gezilecek yerler,slug match in the gazetteer
tr-TR,tr,Akçakoca,TR,752584,350,akçakoca da gezilecek yerler,slug match in the gazetteer
tr-TR,tr,Havana,CU,3553478,350,abana gezilecek yerler,"GeoNames alternate name abana resolved to Havana (CU), 2 candidates, most populous chosen"
tr-TR,tr,Cizre,TR,318253,350,cizre'de gezilecek yerler,slug match in the gazetteer
tr-TR,tr,Geyve,TR,746898,350,geyve gezilecek yerler,slug match in the gazetteer
tr-TR,tr,Lapseki,TR,741878,350,lapseki gezilecek yerler,slug match in the gazetteer
tr-TR,tr,Karasu,TR,744092,350,karasu'da gezilecek yerler,slug match in the gazetteer
tr-TR,tr,Tosya,TR,738662,350,tosya gezilecek yerler,slug match in the gazetteer
tr-TR,tr,Acıpayam,TR,325426,350,acıpayam gezilecek yerler,slug match in the gazetteer
tr-TR,tr,Prizren,XK,786712,350,prizren gezilecek yerler,slug match in the gazetteer
tr-TR,tr,Aydıncık,TR,322826,350,aydıncık gezilecek yerler,slug match in the gazetteer
tr-TR,tr,Isparta,TR,311073,350,isparta'da gezilecek yerler,slug match in the gazetteer
tr-TR,tr,Yakakent,TR,738085,350,yakakent gezilecek yerler,slug match in the gazetteer
tr-TR,tr,Mékhé,SN,2248409,350,mekke'de gezilecek yerler,"GeoNames alternate name mekke resolved to Mékhé (SN), 1 candidates, most populous chosen"
tr-TR,tr,Gölcük,TR,746666,350,gölcük'te gezilecek yerler,slug match in the gazetteer
tr-TR,tr,Miami,US,4164138,350,miami gezilecek yerler,slug match in the gazetteer
tr-TR,tr,Buldan,TR,320437,350,buldan gezilecek yerler,slug match in the gazetteer
tr-TR,tr,Kadirli,TR,310892,350,kadirli gezilecek yerler,slug match in the gazetteer
tr-TR,tr,Afşin,TR,325304,350,afşin gezilecek yerler,slug match in the gazetteer
tr-TR,tr,Silopi,TR,300797,350,silopi gezilecek yerler,slug match in the gazetteer
tr-TR,tr,Ardeşen,TR,751949,350,ardeşen gezilecek yerler,slug match in the gazetteer
tr-TR,tr,Éguilles,FR,3020330,350,eğil gezilecek yerler,"GeoNames alternate name eğil resolved to Éguilles (FR), 1 candidates, most populous chosen"
tr-TR,tr,Kemalpaşa,TR,308224,350,kemalpaşa gezilecek yerler,slug match in the gazetteer
tr-TR,tr,Gönen,TR,746574,350,gönen gezilecek yerler,slug match in the gazetteer
tr-TR,tr,Hendek,TR,745664,350,hendek gezilecek yerler,slug match in the gazetteer
tr-TR,tr,Menemen,TR,304612,350,menemen gezilecek yerler,slug match in the gazetteer
tr-TR,tr,Istanbul,TR,745044,300,istanbul çocuklarla gezilecek yerler,slug match in the gazetteer
tr-TR,tr,Bahçelievler,TR,7627067,300,bahçelievler gezilecek yerler,slug match in the gazetteer
tr-TR,tr,Yüksekova,TR,296173,300,yüksekova gezilecek yerler,slug match in the gazetteer
tr-TR,tr,London,GB,2643743,300,londra da gezilecek yerler,exonym londra resolved to London (GB)
tr-TR,tr,Uşak,TR,298299,300,uşak da gezilecek yerler,slug match in the gazetteer
tr-TR,tr,Sarigerme,TR,6692524,300,sarıgerme gezilecek yerler,slug match in the gazetteer
tr-TR,tr,Basel,CH,2661604,300,basel'de gezilecek yerler,slug match in the gazetteer
tr-TR,tr,Gurun,MY,1735485,300,gürün gezilecek yerler,slug match in the gazetteer
tr-TR,tr,Sarıkamış,TR,740088,300,sarıkamış gezilecek yerler,slug match in the gazetteer
tr-TR,tr,Akdağmadeni,TR,324768,300,akdağmadeni gezilecek yerler,slug match in the gazetteer
tr-TR,tr,Ladik,TR,741892,300,ladik gezilecek yerler,slug match in the gazetteer
