language,entity,volume,source_keyword,note
de,travemünde,3000,travemünde sehenswürdigkeiten,
de,sri lanka,2200,sri lanka sehenswürdigkeiten,
de,andalusien,2200,andalusien sehenswürdigkeiten,
de,mexiko,2100,mexiko sehenswürdigkeiten,
de,allgäu,2100,allgäu sehenswürdigkeiten,
de,saarland,2100,sehenswürdigkeiten saarland,parent: sehenswürdigkeiten saarland
de,warnemünde,2000,warnemünde sehenswürdigkeiten,
de,albanien,2000,albanien sehenswürdigkeiten,
de,schwarzwald,1900,schwarzwald sehenswürdigkeiten,parent: sehenswürdigkeiten schwarzwald
de,saarland,1800,saarland sehenswürdigkeiten,parent: sehenswürdigkeiten saarbrücken
de,sächsische schweiz,1700,sächsische schweiz sehenswürdigkeiten,parent: sächsische schweiz highlights
de,luxemburg stadt,1600,luxemburg stadt sehenswürdigkeiten,parent: luxemburg stadt sehenswürdigkeiten
de,chiemsee,1600,chiemsee sehenswürdigkeiten,parent: chiemsee sehenswürdigkeiten
de,jordanien,1600,jordanien sehenswürdigkeiten,parent: wo ist petra
de,algarve,1500,algarve sehenswürdigkeiten,parent: portugal algarve sehenswürdigkeiten
de,fränkische schweiz,1500,fränkische schweiz sehenswürdigkeiten,parent: fränkische schweiz sehenswürdigkeiten
de,tschechien,1500,tschechien sehenswürdigkeiten,parent: tschechien sehenswürdigkeiten
de,erzgebirge,1400,erzgebirge sehenswürdigkeiten,parent: sehenswürdigkeiten erzgebirge
de,lüneburger heide,1400,lüneburger heide sehenswürdigkeiten,parent: sehenswürdigkeiten lüneburger heide
de,elsass,1400,elsass sehenswürdigkeiten,parent: sehenswürdigkeiten elsass
de,apulien,1400,apulien sehenswürdigkeiten,parent: apulien
de,sauerland,1300,sauerland sehenswürdigkeiten,parent: sauerland sehenswürdigkeiten
de,kapstadt,1300,kapstadt sehenswürdigkeiten,parent: sehenswürdigkeiten in kapstadt
de,schwarzwald,1200,sehenswürdigkeiten schwarzwald,parent: sehenswürdigkeiten schwarzwald
de,der nähe von meinem standort,1200,sehenswürdigkeiten in der nähe von meinem standort,parent: sehenswürdigkeiten in der nähe
de,bad schandau,1200,bad schandau sehenswürdigkeiten,parent: bad schandau geheimtipp
de,oberhof,1200,oberhof sehenswürdigkeiten,parent: oberhof
de,albanien,1200,sehenswürdigkeiten albanien,parent: sehenswürdigkeiten albanien
de,rumänien,1200,rumänien sehenswürdigkeiten,parent: rumänien sehenswürdigkeiten
de,schleswig holstein,1200,sehenswürdigkeiten schleswig holstein,parent: sehenswürdigkeiten in schleswig-holstein
de,bodenmais,1100,bodenmais sehenswürdigkeiten,parent: bodenmais geheimtipps
de,slowenien,1100,sehenswürdigkeiten slowenien,parent: slowenien sehenswürdigkeiten
de,zingst,1100,zingst sehenswürdigkeiten,parent: sehenswürdigkeiten in zingst
de,kairo,1100,kairo sehenswürdigkeiten,parent: kairo sehenswürdigkeiten
de,odenwald,1100,odenwald sehenswürdigkeiten,parent: odenwald sehenswürdigkeiten
de,tegernsee,1100,tegernsee sehenswürdigkeiten,parent: tegernsee sehenswürdigkeiten
de,sylt,1000,sehenswürdigkeiten sylt,parent: sylt sehenswürdigkeiten
de,azoren,1000,azoren sehenswürdigkeiten,parent: azoren sehenswürdigkeiten
de,kalifornien,1000,kalifornien sehenswürdigkeiten,parent: kalifornien sehenswürdigkeiten
de,hawaii,1000,hawaii sehenswürdigkeiten,parent: hawaii sehenswürdigkeiten
de,amrum,1000,amrum sehenswürdigkeiten,parent: sehenswürdigkeiten amrum
de,hamburg geheimtipps,900,hamburg sehenswürdigkeiten geheimtipps,parent: hamburg geheimtipps
de,vogtland,900,vogtland sehenswürdigkeiten,parent: sehenswürdigkeiten vogtland
de,seychellen,900,seychellen sehenswürdigkeiten,parent: was kann man auf den seychellen machen
de,rhodos stadt,900,rhodos stadt sehenswürdigkeiten,parent: rhodos stadt
de,tschechien,900,sehenswürdigkeiten tschechien,parent: tschechien sehenswürdigkeiten
de,bulgarien,900,bulgarien sehenswürdigkeiten,parent: sehenswürdigkeiten bulgarien
de,hamburg kinder,900,hamburg sehenswürdigkeiten kinder,parent: hamburg mit kindern
de,vulkaneifel,900,vulkaneifel sehenswürdigkeiten,parent: sehenswürdigkeiten eifel
de,teutoburger wald,900,teutoburger wald sehenswürdigkeiten,parent: ausflugsziele owl
de,niedersachsen,900,niedersachsen sehenswürdigkeiten,parent: sehenswürdigkeiten niedersachsen
de,spreewald,900,spreewald sehenswürdigkeiten,parent: sehenswertes spreewald
de,titisee,900,titisee sehenswürdigkeiten,parent: titisee sehenswürdigkeiten
de,indien,900,indien sehenswürdigkeiten,parent: indien sehenswürdigkeiten
de,guadeloupe,800,guadeloupe sehenswürdigkeiten,parent: sehenswürdigkeiten guadeloupe
de,ahlbeck,800,ahlbeck sehenswürdigkeiten,parent: ahlbeck sehenswürdigkeiten
de,georgien,800,georgien sehenswürdigkeiten,parent: georgien highlights
de,ammersee,800,ammersee sehenswürdigkeiten,parent: geheimtipp ammersee
de,top 10 london,800,top 10 sehenswürdigkeiten london,parent: london sehenswürdigkeiten
de,föhr,800,föhr sehenswürdigkeiten,parent: föhr sehenswürdigkeiten
de,rumänien,800,sehenswürdigkeiten rumänien,parent: rumänien sehenswürdigkeiten
de,kapstadt,800,sehenswürdigkeiten kapstadt,parent: sehenswürdigkeiten in kapstadt
de,oberwiesenthal,800,oberwiesenthal sehenswürdigkeiten,parent: oberwiesenthal
de,kapverden,800,kapverden sehenswürdigkeiten,parent: sehenswürdigkeiten kap verde
de,argentinien,800,argentinien sehenswürdigkeiten,parent: argentinien schönste orte
de,dresden geheimtipps,800,dresden sehenswürdigkeiten geheimtipps,parent: dresden geheimtipps
de,südafrika,800,südafrika sehenswürdigkeiten,parent: südafrika sehenswürdigkeiten
de,spreewald,800,sehenswürdigkeiten spreewald,parent: spreewald mit kindern
de,toskana,800,toskana sehenswürdigkeiten,parent: sehenswürdigkeiten toskana
de,hamburg top 20,800,hamburg top 20 sehenswürdigkeiten,parent: hamburg top 20 sehenswürdigkeiten
de,bacharach,700,bacharach sehenswürdigkeiten,parent: bacharach
de,münchen innenstadt,700,sehenswürdigkeiten münchen innenstadt,parent: sehenswürdigkeiten münchen
de,bergen norwegen,700,bergen norwegen sehenswürdigkeiten,parent: sehenswürdigkeiten bergen
de,helgoland,700,helgoland sehenswürdigkeiten,parent: helgoland sehenswürdigkeiten
de,bosnien,700,bosnien sehenswürdigkeiten,parent: bosnien sehenswürdigkeiten
de,sächsische schweiz,700,sehenswürdigkeiten sächsische schweiz,parent: sehenswürdigkeiten sächsische schweiz
de,madagaskar,700,madagaskar sehenswürdigkeiten,parent: madagaskar sehenswürdigkeiten
de,brombachsee,700,brombachsee sehenswürdigkeiten,parent: brombachsee sehenswürdigkeiten
de,südschweden,700,südschweden sehenswürdigkeiten,parent: südschweden
de,estland,700,estland sehenswürdigkeiten,parent: estland sehenswürdigkeiten
de,greetsiel,700,greetsiel sehenswürdigkeiten,parent: greetsiel sehenswürdigkeiten
de,london geheimtipps,700,london sehenswürdigkeiten geheimtipps,parent: geheimtipps london
de,waren (müritz sehenswürdigkeiten),700,waren (müritz sehenswürdigkeiten),parent: geheimtipps müritz
de,kefalonia,700,kefalonia sehenswürdigkeiten,parent: kefalonia sehenswürdigkeiten
de,edersee,700,edersee sehenswürdigkeiten,parent: edersee aktivitäten
de,rügen geheimtipp,700,rügen sehenswürdigkeiten geheimtipp,parent: rügen sehenswürdigkeiten geheimtipp
de,schwäbische alb,500,schwäbische alb sehenswürdigkeiten,parent: sehenswürdigkeiten schwäbische alb
de,valkenburg,500,valkenburg sehenswürdigkeiten,parent: valkenburg
de,luxemburg stadt,500,sehenswürdigkeiten luxemburg stadt,parent: luxemburg stadt sehenswürdigkeiten
de,top 10 deutschland,500,top 10 sehenswürdigkeiten deutschland,parent: sehenswürdigkeiten in deutschland
de,sankt peter-ording,500,sehenswürdigkeiten in sankt peter-ording,parent: st peter ording sehenswürdigkeiten
de,oslo zu fuß,500,oslo sehenswürdigkeiten zu fuß,parent: oslo sehenswürdigkeiten zu fuß
de,london top 10,500,london sehenswürdigkeiten top 10,parent: sehenswürdigkeiten london
de,schleswig holstein,500,schleswig holstein sehenswürdigkeiten,parent: sehenswürdigkeiten in schleswig-holstein
de,berlin geheimtipps,500,berlin sehenswürdigkeiten geheimtipps,parent: berlin tipps
de,potsdam geheimtipps,500,potsdam sehenswürdigkeiten geheimtipps,parent: potsdam geheimtipps
de,serbien,500,serbien sehenswürdigkeiten,parent: sehenswürdigkeiten serbien
de,usbekistan,500,usbekistan sehenswürdigkeiten,parent: usbekistan sehenswürdigkeiten
de,cartagena spanien,500,cartagena spanien sehenswürdigkeiten,parent: cartagena spanien sehenswürdigkeiten
de,ecuador,500,ecuador sehenswürdigkeiten,parent: ecuador sehenswürdigkeiten
de,lettland,500,lettland sehenswürdigkeiten,parent: lettland sehenswürdigkeiten
de,autonome region madeira,500,sehenswürdigkeiten in autonome region madeira,parent: madeira sehenswürdigkeiten
de,fichtelgebirge,500,fichtelgebirge sehenswürdigkeiten,parent: fichtelgebirge sehenswürdigkeiten
de,formentera,500,formentera sehenswürdigkeiten,parent: formentera sehenswürdigkeiten
de,zingst,500,sehenswürdigkeiten in zingst,parent: zingst sehenswürdigkeiten
de,bulgarien,500,sehenswürdigkeiten bulgarien,parent: sehenswürdigkeiten bulgarien
de,lombok,500,lombok sehenswürdigkeiten,parent: lombok sehenswürdigkeiten
de,jamaika,500,jamaika sehenswürdigkeiten,parent: jamaika sehenswürdigkeiten
de,sri lanka,500,sehenswürdigkeiten sri lanka,parent: sri lanka sehenswürdigkeiten
de,samos,500,samos sehenswürdigkeiten,parent: samos sehenswürdigkeiten
de,norddeich,500,norddeich sehenswürdigkeiten,parent: norden sehenswürdigkeiten
de,heidelberg geheimtipps,500,heidelberg sehenswürdigkeiten geheimtipps,parent: heidelberg sehenswürdigkeiten geheimtipps
de,istrien,500,istrien sehenswürdigkeiten,parent: sehenswürdigkeiten istrien
de,damp,500,damp sehenswürdigkeiten,parent: damp sehenswürdigkeiten
de,paguera,500,paguera sehenswürdigkeiten,parent: ausflüge von palma mit dem bus
de,dominikanische republik,500,dominikanische republik sehenswürdigkeiten,parent: dominikanische republik sehenswürdigkeiten
de,kap verde,500,sehenswürdigkeiten in kap verde,parent: kapverden sehenswürdigkeiten
de,südafrika,500,sehenswürdigkeiten südafrika,parent: highlights südafrika
de,hamburger,450,hamburger sehenswürdigkeiten,parent: sehenswürdigkeiten hamburg
de,amerika,450,amerika sehenswürdigkeiten,parent: usa sehenswürdigkeiten
de,russland,450,sehenswürdigkeiten russland,parent: russland sehenswürdigkeiten
de,freyburg,450,freyburg sehenswürdigkeiten,parent: freyburg sehenswürdigkeiten
de,vancouver island,450,vancouver island sehenswürdigkeiten,parent: vancouver island
de,kasachstan,450,kasachstan sehenswürdigkeiten,parent: astana sehenswürdigkeiten
de,uruguay,450,uruguay sehenswürdigkeiten,parent: uruguay sehenswürdigkeiten
de,walchensee,450,walchensee sehenswürdigkeiten,parent: walchensee sehenswürdigkeiten
de,russland,450,russland sehenswürdigkeiten,parent: sehenswürdigkeiten russland
de,wolfgangsee,450,wolfgangsee sehenswürdigkeiten,parent: wolfgangsee sehenswürdigkeiten
de,st peter ording,450,st peter ording sehenswürdigkeiten,parent: st peter ording sehenswürdigkeiten
de,paris geheimtipp,450,paris sehenswürdigkeiten geheimtipp,parent: paris geheimtipps
de,rhön,450,rhön sehenswürdigkeiten,parent: wo ist die rhön am schönsten
de,südschweden,450,sehenswürdigkeiten südschweden,parent: sehenswürdigkeiten südschweden
de,playa de muro stadt,450,sehenswürdigkeiten playa de muro stadt,parent: sehenswürdigkeiten playa de muro stadt
de,indien,450,sehenswürdigkeiten indien,parent: indien sehenswürdigkeiten
de,masuren,450,masuren sehenswürdigkeiten,parent: masuren sehenswürdigkeiten
de,kairo,450,sehenswürdigkeiten kairo,parent: kairo
de,valldemossa,450,valldemossa sehenswürdigkeiten,parent: valldemossa sehenswürdigkeiten
de,darß,450,darß sehenswürdigkeiten,parent: zingst sehenswürdigkeiten
de,route 66,450,route 66 sehenswürdigkeiten,parent: route 66 los angeles
de,koserow,450,koserow sehenswürdigkeiten,parent: koserow sehenswürdigkeiten
de,eguisheim,450,eguisheim sehenswürdigkeiten,parent: eguisheim sehenswürdigkeiten
de,gotland,400,gotland sehenswürdigkeiten,parent: gotland schweden
de,tansania,400,tansania sehenswürdigkeiten,parent: tansania sehenswürdigkeiten
de,neuseeland,400,sehenswürdigkeiten neuseeland,parent: sehenswürdigkeiten neuseeland
de,elsass,400,sehenswürdigkeiten elsass,parent: elsass sehenswürdigkeiten
de,friedrichskoog,400,friedrichskoog sehenswürdigkeiten,parent: friedrichskoog sehenswürdigkeiten
de,malediven,400,malediven sehenswürdigkeiten,parent: malediven sehenswürdigkeiten
de,wasserfall kempten allgäu,400,wasserfall kempten allgäu sehenswürdigkeiten,parent: wasserfall kempten allgäu sehenswürdigkeiten
de,nordfjordeid,400,nordfjordeid sehenswürdigkeiten,parent: nordfjordeid
de,istrien,400,sehenswürdigkeiten istrien,parent: sehenswürdigkeiten istrien
de,kiel altstadt,400,kiel altstadt sehenswürdigkeiten,parent: kiel sehenswürdigkeiten zu fuß
de,moskau,400,moskau sehenswürdigkeiten,parent: moskau sehenswürdigkeiten
de,sri lanka,400,sehenswürdigkeiten in sri lanka,parent: sri lanka sehenswürdigkeiten
de,lago maggiore,400,sehenswürdigkeiten lago maggiore,parent: lago maggiore sehenswürdigkeiten
de,apulien,400,sehenswürdigkeiten apulien,parent: apulien sehenswürdigkeiten
de,nordirland,400,nordirland sehenswürdigkeiten,parent: sehenswürdigkeiten nordirland
de,bolivien,400,bolivien sehenswürdigkeiten,parent: bolivien sehenswürdigkeiten
de,korfu geheimtipps,400,korfu sehenswürdigkeiten geheimtipps,parent: korfu sehenswürdigkeiten geheimtipps
de,albanien,400,sehenswürdigkeiten in albanien,parent: sehenswürdigkeiten albanien
de,alaska,400,alaska sehenswürdigkeiten,parent: alaska sehenswürdigkeiten
de,insel reichenau,400,insel reichenau sehenswürdigkeiten,parent: insel reichenau sehenswürdigkeiten
de,rhodos geheimtipps,400,rhodos sehenswürdigkeiten geheimtipps,parent: rhodos geheimtipps
de,bibione,400,bibione sehenswürdigkeiten,parent: bibione sehenswürdigkeiten
de,bad elster,400,bad elster sehenswürdigkeiten,parent: bad elster sehenswürdigkeiten
de,seiffen,400,seiffen sehenswürdigkeiten,parent: seiffen
de,bad sulza,400,bad sulza sehenswürdigkeiten,parent: bad sulza sehenswürdigkeiten
de,altes land,400,altes land sehenswürdigkeiten,parent: altes land sehenswürdigkeiten
de,peloponnes,400,peloponnes sehenswürdigkeiten,parent: peloponnes sehenswürdigkeiten
de,sachsen,400,sehenswürdigkeiten in sachsen,parent: sachsen sehenswürdigkeiten
de,südtirol,400,sehenswürdigkeiten südtirol,parent: sehenswürdigkeiten südtirol
de,fränkische schweiz,400,sehenswürdigkeiten fränkische schweiz,parent: fränkische schweiz schönste orte
de,nesselwang,400,nesselwang sehenswürdigkeiten,parent: nesselwang sehenswürdigkeiten
de,nordstrand,400,nordstrand sehenswürdigkeiten,parent: nordstrand geheimtipp
de,isle of skye,400,isle of skye sehenswürdigkeiten,parent: isle of skye
de,an der mosel,400,sehenswürdigkeiten an der mosel,parent: mosel sehenswürdigkeiten
de,bosnien,400,sehenswürdigkeiten bosnien,parent: bosnien urlaub
de,bremen zu fuß,400,bremen sehenswürdigkeiten zu fuß,parent: bremen altstadt
de,insel rügen,350,insel rügen sehenswürdigkeiten,parent: rügen unternehmungen
de,burg auf fehmarn,350,burg auf fehmarn sehenswürdigkeiten,parent: fehmarn sehenswürdigkeiten
de,regensburg altstadt,350,regensburg altstadt sehenswürdigkeiten,parent: regensburg altstadt sehenswürdigkeiten
de,köln geheimtipp,350,sehenswürdigkeiten köln geheimtipp,parent: sehenswürdigkeiten köln geheimtipp
de,liechtenstein,350,sehenswürdigkeiten liechtenstein,parent: liechtensteinsehenswürdigkeiten
de,schladming,350,schladming sehenswürdigkeiten,parent: schladming sehenswürdigkeiten
de,am bodensee,350,sehenswürdigkeiten am bodensee,parent: bodensee sehenswürdigkeiten
de,garmisch,350,garmisch sehenswürdigkeiten,parent: garmisch partenkirchen sehenswürdigkeiten
de,riquewihr,350,riquewihr sehenswürdigkeiten,parent: riquewihr
de,lofoten,350,lofoten sehenswürdigkeiten,parent: lofoten
de,100 nrw,350,100 sehenswürdigkeiten nrw,parent: 100 sehenswürdigkeiten nrw
de,kolberg polen,350,kolberg polen sehenswürdigkeiten,parent: kolberg sehenswürdigkeiten
de,pfalz,350,sehenswürdigkeiten pfalz,parent: pfalz sehenswürdigkeiten
de,graal müritz,350,graal müritz sehenswürdigkeiten,parent: graal-müritz geheimtipps
de,zinnowitz,350,sehenswürdigkeiten in zinnowitz,parent: zinnowitz sehenswürdigkeiten
de,köln kinder,350,köln sehenswürdigkeiten kinder,parent: köln für kinder
de,kenia,350,kenia sehenswürdigkeiten,parent: kenia sehenswürdigkeiten
de,bad muskau,350,bad muskau sehenswürdigkeiten,parent: bad muskau sehenswürdigkeiten
de,inzell,350,inzell sehenswürdigkeiten,parent: inzell sehenswürdigkeiten
de,dolomiten,350,dolomiten sehenswürdigkeiten,parent: dolomiten
de,spessart,350,spessart sehenswürdigkeiten,parent: spessart sehenswürdigkeiten
de,nepal,350,nepal sehenswürdigkeiten,parent: nepal sehenswürdigkeiten
de,indonesien,350,indonesien sehenswürdigkeiten,parent: indonesien sehenswürdigkeiten
de,wasserfall titisee,350,wasserfall titisee sehenswürdigkeiten,parent: wasserfall titisee sehenswürdigkeiten
de,mecklenburgische seenplatte,350,mecklenburgische seenplatte sehenswürdigkeiten,parent: sehenswürdigkeiten mecklenburgische seenplatte
de,ramsau am dachstein,350,ramsau am dachstein sehenswürdigkeiten,parent: schladming sehenswürdigkeiten
de,bad flinsberg,350,bad flinsberg sehenswürdigkeiten,parent: bad flinsberg sehenswürdigkeiten
de,südengland,350,südengland sehenswürdigkeiten,parent: südengland
de,großbritannien,350,großbritannien sehenswürdigkeiten,parent: sehenswürdigkeiten england
de,"notting hill, london",350,"notting hill, london sehenswürdigkeiten",parent: notting hill london
de,maasholm,350,maasholm sehenswürdigkeiten,parent: maasholm sehenswürdigkeiten
de,lübeck zu fuß,350,lübeck sehenswürdigkeiten zu fuß,parent: stadtrundgang lübeck
de,bekannte bayern,350,bekannte sehenswürdigkeiten in bayern,parent: sehenswürdigkeiten bayern
de,amalfiküste,350,amalfiküste sehenswürdigkeiten,parent: neapel amalfiküste
de,ückeritz,350,ückeritz sehenswürdigkeiten,parent: ückeritz sehenswürdigkeiten
de,odenwald,350,sehenswürdigkeiten odenwald,parent: odenwald sehenswürdigkeiten
de,ahrenshoop,350,ahrenshoop sehenswürdigkeiten,parent: ahrenshoop
de,nordkap,350,nordkap sehenswürdigkeiten,parent: nordkap sehenswürdigkeiten
de,bad tabarz,350,bad tabarz sehenswürdigkeiten,parent: bad tabarz sehenswürdigkeiten
de,texas,350,sehenswürdigkeiten texas,parent: texas
de,südamerika,300,südamerika sehenswürdigkeiten,parent: südamerika sehenswürdigkeiten
de,titisee schwarzwald,300,titisee schwarzwald sehenswürdigkeiten,parent: titisee sehenswürdigkeiten
de,wustrow,300,wustrow sehenswürdigkeiten,parent: wustrow sehenswürdigkeiten
de,eidfjord,300,eidfjord sehenswürdigkeiten,parent: eidfjord
de,rerik,300,sehenswürdigkeiten in rerik,parent: reril
de,nürnberg zu fuß,300,nürnberg sehenswürdigkeiten zu fuß,parent: nürnberg sehenswürdigkeiten zu fuß
de,nordmazedonien,300,nordmazedonien sehenswürdigkeiten,parent: nordmazedonien sehenswürdigkeiten
de,seychellen,300,sehenswürdigkeiten in seychellen,parent: seychellen sehenswürdigkeiten
de,südnorwegen,300,südnorwegen sehenswürdigkeiten,parent: südnorwegen
de,heidelberg zu fuß,300,heidelberg sehenswürdigkeiten zu fuß,parent: heidelberg sehenswürdigkeiten zu fuß
de,insel krk,300,insel krk sehenswürdigkeiten,parent: krk sehenswürdigkeiten
de,moskau,300,sehenswürdigkeiten moskau,parent: sehenswürdigkeiten moskau
de,amerika,300,sehenswürdigkeiten amerika,parent: sehenswürdigkeiten usa
de,comer see,300,sehenswürdigkeiten comer see,parent: comer see beste orte
de,der türkei,300,sehenswürdigkeiten in der türkei,parent: türkei sehenswürdigkeiten
de,etretat,300,etretat sehenswürdigkeiten,parent: etretat frankreich
de,kalabrien,300,sehenswürdigkeiten kalabrien,parent: kalabrien sehenswürdigkeiten
de,usedom stadt,300,usedom stadt sehenswürdigkeiten,parent: usedom stadt
de,nordrhein-westfalen,300,sehenswürdigkeiten nordrhein-westfalen,parent: nordrhein westfalen sehenswürdigkeiten
en,gatlinburg,22000,things to do in gatlinburg,
en,blue ridge ga,5800,things to do in blue ridge ga,
en,rhode island,4800,things to do in rhode island,
en,cape cod,4700,things to do in cape cod,
en,new hampshire,4600,things to do in new hampshire,
en,turks and caicos,4600,things to do in turks and caicos,
en,maui hawaii,4300,things to do in maui hawaii,
en,washington state,4200,things to do in washington state,
en,curacao,4200,things to do in curacao,
en,victoria bc,4200,things to do in victoria bc,
en,dublin ireland,4200,things to do in dublin ireland,
en,athens greece,4100,things to do in athens greece,
en,santorini,4100,things to do in santorini,
en,south dakota,4000,things to do in south dakota,
en,bar harbor maine,4000,things to do in bar harbor maine,
en,argentina,4000,things to do in argentina,
en,broken bow,1900,things to do in broken bow,parent: things to do in broken bow
en,monterrey mexico,1900,things to do in monterrey mexico,parent: things to do in monterrey mexico
en,cape may nj,1900,things to do in cape may nj,parent: cape may attractions
en,bryson city,1900,things to do in bryson city,parent: bryson city nc things to do
en,cancun mexico,1900,things to do in cancun mexico,parent: things to do in cancun
en,napa valley,1900,things to do in napa valley,parent: things to do in napa valley
en,kenya,1900,things to do in kenya,parent: what to do in kenya
en,maldives,1900,things to do in maldives,parent: things to do in maldives
en,auckland new zealand,1900,things to do in auckland new zealand,parent: things to do in auckland new zealand
en,mauritius,1900,things to do in mauritius,parent: best things to do in mauritius
en,downtown chicago,1900,things to do in downtown chicago,parent: things to do in chicago
en,romania,1900,things to do in romania,parent: things to do in romania
en,namibia,1800,things to do in namibia,parent: what to do in namibia
en,valencia spain,1800,things to do in valencia spain,parent: valencia spain
en,vienna austria,1800,things to do in vienna austria,"parent: vienna, austria things to do"
en,unique nashville,1800,unique things to do in nashville,parent: things to do in nashville
en,galway ireland,1800,things to do in galway ireland,parent: things to do in galway ireland
en,panama city panama,1800,things to do in panama city panama,parent: things to do in panama city florida
en,chicago tonight,1800,things to do in chicago tonight,parent: events in chicago today
en,oahu hawaii,1800,things to do in oahu hawaii,parent: things to do in honolulu
en,netherlands,1800,things to do in netherlands,parent: things to do in the netherlands
en,copenhagen denmark,1700,things to do in copenhagen denmark,parent: copenhagen
en,mystic ct,1700,things to do in mystic ct,parent: mystic connecticut things to do
en,pagosa springs,1700,things to do in pagosa springs,parent: things to do in pagosa springs
en,philippines,1700,things to do in philippines,parent: things to do in the philippines
en,hawaii honolulu,1700,things to do in hawaii honolulu,parent: things to do in honolulu
en,tahiti,1700,things to do in tahiti,parent: tahiti adventures
en,downtown denver,1700,things to do in downtown denver,parent: downtown denver
en,jerome az,1700,things to do in jerome az,parent: jerome az things to do
en,saugatuck,1700,things to do in saugatuck,parent: saugatuck michigan
en,virginia city,1700,things to do in virginia city,parent: things to do in virginia city
en,pcb,1700,things to do in pcb,parent: things to do in panama city beach
en,hidden pigeon forge,1700,hidden things to do in pigeon forge,parent: hidden things to do in pigeon forge
en,jackson hole wyoming,1700,things to do in jackson hole wyoming,parent: things to do in jackson hole wy
en,stowe vt,1700,things to do in stowe vt,parent: what to do in stowe vt
en,gatlinburg and pigeon forge,1700,things to do in gatlinburg and pigeon forge,parent: gatlinburg
en,mccall idaho,1700,things to do in mccall idaho,parent: things to do in mccall idaho
en,sequoia national park,1700,things to do in sequoia national park,parent: things to do in sequoia national park
en,oc,1700,things to do in oc,parent: things to do in orange county
en,new hope pa,1700,things to do in new hope pa,parent: new hope pa things to do
en,tuscany,1600,things to do in tuscany,parent: what to do in tuscany italy
en,wimberley,1600,things to do in wimberley,parent: things to do in wimberley
en,vegas during the day,1600,things to do in vegas during the day,parent: things to do in vegas
en,disney springs,1600,things to do in disney springs,parent: things to do in disney springs
en,yellowstone national park,1600,things to do in yellowstone national park,parent: things to do in yellowstone national park
en,sardinia,1600,things to do in sardinia,parent: sardinia
en,orlando besides disney,1600,things to do in orlando besides disney,parent: things to do in orlando
en,cologne germany,1600,things to do in cologne germany,parent: things to do in cologne germany
en,ontario canada,1600,things to do in ontario canada,parent: what to do in ontario canada
en,hermann mo,1600,things to do in hermann mo,parent: hermann mo things to do
en,las vegas for couples,1600,things to do in las vegas for couples,parent: things to do in las vegas this weekend
en,san antonio for couples,1600,things to do in san antonio for couples,parent: things to do in san antonio for couples
en,new england,1600,things to do in new england,parent: things to do in new england
en,niagara falls canada,1600,things to do in niagara falls canada,parent: things to do in niagara falls
en,indy,1600,things to do in indy,parent: fun things to do indianapolis
en,cork ireland,1600,things to do in cork ireland,parent: things to do in cork ireland
en,downtown la,1600,things to do in downtown la,parent: things to do downtown la
en,freeport maine,1600,things to do in freeport maine,parent: what to do in freeport maine
en,chincoteague,1600,things to do in chincoteague,parent: what to do in chincoteague
en,florida keys,1600,things to do in florida keys,parent: things to do in the florida keys
en,topsail nc,1600,things to do in topsail nc,parent: things to do in topsail nc
en,amalfi coast,1600,things to do in amalfi coast,parent: things to do in amalfi coast
en,kennebunkport,1600,things to do in kennebunkport,parent: things to do in kennebunkport
en,port st joe,1600,things to do in port st joe,parent: port st joe
en,pensacola beach,1500,things to do in pensacola beach,parent: pensacola beach park
en,new buffalo michigan,1500,things to do in new buffalo michigan,parent: things to do in new buffalo michigan
en,sorrento italy,1500,things to do in sorrento italy,parent: things to do in sorrento
en,things to do in gatlinburg,1500,things to do with kids in gatlinburg,parent: things to do in gatlinburg with kids
en,national harbor,1500,things to do in national harbor,parent: things to do at national harbor
en,murphy nc,1500,things to do in murphy nc,parent: things to do in murphy nc
en,ghana,1500,things to do in ghana,parent: things to do in ghana
en,paraguay,1500,things to do in paraguay,parent: things to do in paraguay
en,windsor canada,1500,things to do in windsor canada,parent: things to do in windsor canada
en,saudi arabia,1500,things to do in saudi arabia,parent: things to do in saudi
en,nags head,1500,things to do in nags head,parent: things to do in nags head
en,boston tonight,1500,things to do in boston tonight,parent: things to do in boston this weekend
en,gatlinburg,1500,best things to do in gatlinburg,parent: best things to do in gatlinburg
en,death valley,1500,things to do in death valley,parent: things to see in death valley
en,indonesia,1500,things to do in indonesia,parent: indonesia things to do
en,idyllwild,1500,things to do in idyllwild,parent: things to do in idyllwild
en,kyoto japan,1500,things to do in kyoto japan,parent: best things to do in kyoto
en,deep creek md,1500,things to do in deep creek md,parent: things to do in deep creek md
en,the bay area,1500,things to do in the bay area,parent: things to do in the bay area
en,lake como,1500,things to do in lake como,parent: things to do in lake como italy
en,cold spring ny,1500,things to do in cold spring ny,parent: what to do in cold spring ny
en,hocking hills,1500,things to do in hocking hills,parent: things to do in hocking hills
en,grand marais,1500,things to do in grand marais,parent: things to do in grand marais
en,bonaire,1500,things to do in bonaire,parent: what week is this
en,halifax nova scotia,1500,things to do in halifax nova scotia,parent: things to do in halifax nova scotia
en,skagway,1500,things to do in skagway,parent: things to do in skagway
en,europe,1400,things to do in europe,parent: things to do in europe
en,rehoboth beach,1400,things to do in rehoboth beach,parent: things to do in rehoboth beach
en,cannon beach,1400,things to do in cannon beach,parent: cannon beach things to do
en,bahrain,1400,things to do in bahrain,parent: things to see in bahrain
en,central florida,1400,things to do in central florida,parent: things to do in florida
en,alabama,1400,fun things to do in alabama,parent: what to do in alabama
en,berkeley springs wv,1400,things to do in berkeley springs wv,parent: the old roman bath house
en,surf city nc,1400,things to do in surf city nc,parent: things to do in surf city nc
en,seaside florida,1400,things to do in seaside florida,parent: seaside florida
en,st augustine fl,1400,things to do in st augustine fl,parent: things to do in st augustine
en,russia,1400,things to do in russia,parent: things to do in russia
en,soho,1400,things to do in soho,parent: soho new york
en,vegas tonight,1400,things to do in vegas tonight,parent: vegas shows
en,north conway nh,1400,things to do in north conway nh,parent: north conway nh
en,phuket thailand,1400,things to do in phuket thailand,parent: things to do in phuket
en,maggie valley,1400,things to do in maggie valley,parent: things to do in maggie valley nc
en,minecraft,1400,things to do in minecraft,parent: what to do in minecraft
en,leadville co,1400,things to do in leadville co,parent: things to do in leadville co
en,seoul south korea,1400,things to do in seoul south korea,parent: travel to seoul
en,zurich switzerland,1400,things to do in zurich switzerland,parent: things to do in zurich
en,positano,1300,things to do in positano,parent: what to do in positano
en,seward alaska,1300,things to do in seward alaska,parent: things to do in seward alaska
en,grand teton national park,1300,things to do in grand teton national park,parent: what to do in grand teton national park
en,cripple creek,1300,things to do in cripple creek,parent: cripple creek
en,downtown nashville,1300,things to do in downtown nashville,parent: things to do in nashville
en,oslo norway,1300,things to do in oslo norway,parent: things to do in oslo norway
en,smoky mountains,1300,things to do in smoky mountains,parent: things to do in smoky mountain national park
en,things to do in san francisco,1300,things to do with kids in san francisco,parent: things to do with kids in san francisco
en,arkansas,1300,fun things to do in arkansas,parent: fun places to go in arkansas
en,mackinaw city,1300,things to do in mackinaw city,parent: things to do in mackinaw city
en,leavenworth wa,1300,things to do in leavenworth wa,parent: leavenworth things to do
en,broken bow oklahoma,1300,things to do in broken bow oklahoma,parent: things to do in broken bow
en,chicago tomorrow,1300,things to do in chicago tomorrow,parent: things to do in chicago this weekend
en,york maine,1300,things to do in york maine,parent: things to do york maine
en,tunisia,1300,things to do in tunisia,parent: things to do in tunisia
en,glasgow scotland,1300,things to do in glasgow scotland,parent: things to do in glasgow
en,st maarten,1300,things to do in st maarten,parent: things to do in st maarten
en,south beach miami,1300,things to do in south beach miami,parent: south beach
en,rockport ma,1300,things to do in rockport ma,parent: what to do in rockport ma
en,los cabos,1300,things to do in los cabos,parent: los cabos things to do
en,helen georgia,1300,things to do in helen georgia,parent: things to do around helen georgia
en,clearwater beach,1300,things to do in clearwater beach,parent: clearwater beach
en,navarre beach,1300,things to do in navarre beach,parent: navarre florida
en,bryson city nc,1300,things to do in bryson city nc,parent: things to do in bryson city nc
en,townsend tn,1300,things to do in townsend tn,parent: things to do in townsend
en,tulum mexico,1300,things to do in tulum mexico,parent: things to do in tulum
en,the keys,1300,things to do in the keys,parent: things to do in the florida keys
en,universal epic universe,1300,things to do in universal epic universe,parent: epic universe rides
en,cambodia,1300,things to do in cambodia,parent: things to do in cambodia
en,tamarindo costa rica,1300,things to do in tamarindo costa rica,parent: things to do in tamarindo
en,perdido key,1300,things to do in perdido key,parent: perdido key
en,inverness scotland,1300,things to do in inverness scotland,parent: iverness scotland
en,kanab utah,1300,things to do in kanab utah,parent: what to do in kanab utah
en,atlanta for young adults,1300,fun things to do in atlanta for young adults,parent: fun things to do in atlanta
en,la fortuna costa rica,1300,things to do in la fortuna costa rica,parent: la fortuna
en,things to do in nashville,1300,things to do with kids in nashville,parent: kid friendly things to do in nashville
en,lincoln nh,1300,things to do in lincoln nh,parent: things to do near lincoln nh
en,amsterdam netherlands,1300,things to do in amsterdam netherlands,parent: things to do in amsterdam
en,french lick indiana,1300,things to do in french lick indiana,parent: things to do in french lick indiana
en,bogota colombia,1300,things to do in bogota colombia,parent: things to do in bogota
en,blue ridge,1300,things to do in blue ridge,parent: things to do in blue ridge ga
en,mn,1300,things to do in mn,parent: things to do in minnesota
es,navarra,3900,que ver en navarra,parent: que ver en navarra
es,brujas,2900,que ver en brujas,parent: que ver en brujas
es,comillas,2800,que ver en comillas,parent: comillas que ver
es,oporto en 3 dias,2800,que ver en oporto en 3 dias,parent: que ver en oporto en 3 dias
es,san vicente de la barquera,2700,que ver en san vicente de la barquera,parent: san vicente de la barquera que ver
es,suiza,2700,que ver en suiza,parent: que ver en suiza
es,cerdeña,2600,que ver en cerdeña,parent: que hacer en cerdeña
es,toledo en un dia,2500,que ver en toledo en un dia,parent: que ver en toledo en un dia
es,que canal se puede ver el partido de,2500,en que canal se puede ver el partido de hoy,parent: partidos hoy
es,luxemburgo,2500,que ver en luxemburgo,parent: que ver en luxemburgo
es,londres en 3 dias,2400,que ver en londres en 3 dias,parent: londres en 3 dias
es,varsovia,2400,que ver en varsovia,parent: que ver en varsovia
es,el hierro,2200,que ver en el hierro,parent: que ver en el hierro
es,roma en 3 dias,2200,que ver en roma en 3 dias,parent: roma en 3 dias
es,segovia en un dia,2100,que ver en segovia en un dia,parent: que ver en segovia en un dia
es,la coruña,2100,que ver en la coruña,parent: que ver en la coruña
es,santillana del mar,2100,que ver en santillana del mar,parent: santillana del mar que ver
es,vietnam,2000,que ver en vietnam,parent: vietnam que ver
es,lastres,2000,que ver en lastres,parent: que ver en lastres
es,siguenza,2000,que ver en siguenza,parent: qué ver en sigüenza
es,bulgaria,2000,que ver en bulgaria,parent: bulgaria que ver
es,viena en 3 dias,2000,que ver en viena en 3 dias,parent: que ver en viena en 3 dias
es,potes,2000,que ver en potes,parent: que hacer en potes
es,oporto en 2 dias,1900,que ver en oporto en 2 dias,parent: oporto en dos dias
es,frigiliana,1900,que ver en frigiliana,parent: que ver en frigiliana
es,madrid en un dia,1900,que ver en madrid en un dia,parent: que ver en madrid en un dia
es,noruega,1900,que ver en noruega,parent: que ver en noruega
es,sevilla en un dia,1800,que ver en sevilla en un dia,parent: sevilla en un dia
es,barcelona en un dia,1800,que ver en barcelona en un dia,parent: que ver en barcelona en un dia
es,eslovenia,1800,que ver en eslovenia,parent: eslovenia que ver
es,lisboa en 3 dias,1800,que ver en lisboa en 3 dias,parent: lisboa que ver en 3 dias
es,polonia,1700,que ver en polonia,parent: polonia
es,sicilia,1700,que ver en sicilia,parent: sicilia que ver
es,madrid en 3 dias,1700,que ver en madrid en 3 dias,parent: que ver en madrid en 3 dias
es,albarracin,1700,que ver en albarracin,parent: albarracin que ver
es,el algarve,1700,que ver en el algarve,parent: que ver en el algarve
es,rumania,1700,que ver en rumania,parent: que ver en rumania
es,sevilla en dos dias,1600,que ver en sevilla en dos dias,parent: que ver en sevilla en dos dias
es,zahara de los atunes,1600,que ver en zahara de los atunes,parent: que ver en zahara de los atunes
es,barcelona en 3 dias,1600,que ver en barcelona en 3 dias,parent: que ver en barcelona en 3 dias
es,paris en 3 dias,1600,que ver en paris en 3 dias,parent: que ver en paris en 3 dias
es,luarca,1500,que ver en luarca,parent: que ver en luarca
es,tenerife norte,1500,que ver en tenerife norte,parent: que ver en tenerife norte
es,extremadura,1500,que ver en extremadura,parent: que ver extremadura
es,combarro,1500,que ver en combarro,parent: que ver en combarro
es,el pais vasco,1500,que ver en el pais vasco,parent: pais vasco que ver
es,filipinas,1500,que ver en filipinas,parent: que ver en filipinas
es,formentera,1500,que ver en formentera,parent: formentera que ver
es,sevilla en 3 dias,1500,que ver en sevilla en 3 dias,parent: que ver en sevilla en 3 dias
es,cordoba en un dia,1400,que ver en cordoba en un dia,parent: que ver en cordoba en un dia
es,dinamarca,1400,que ver en dinamarca,parent: que ver en dinamarca
es,que ver esta noche en tv,1400,que ver esta noche en tv,parent: programacion tv
es,cordoba en dos dias,1400,que ver en cordoba en dos dias,parent: que ver en cordoba en dos dias
es,santorini,1400,que ver en santorini,parent: que ver en santorini
es,oviedo en un dia,1400,que ver en oviedo en un dia,parent: que ver en oviedo en un dia
es,salamanca en un dia,1400,que ver en salamanca en un dia,parent: salamanca que ver
es,españa,1300,que ver en españa,parent: que visitar en españa
es,nueva york,1300,que ver en nueva york,parent: que hacer en nueva york
es,avila en un dia,1300,que ver en avila en un dia,parent: avila que ver en un dia
es,cadaques,1300,que ver en cadaques,parent: que ver en cadaques
es,londres en 4 dias,1300,que ver en londres en 4 dias,parent: que ver en londres en 4 dias
es,roma en 4 dias,1300,que ver en roma en 4 dias,parent: que ver en roma en 4 dias
es,la laguna tenerife,1300,que ver en la laguna tenerife,parent: que ver en la laguna tenerife
es,soria capital,1300,que ver en soria capital,parent: que ver en soria capital
es,budapest en 3 dias,1300,que ver en budapest en 3 dias,parent: que ver en budapest en 3 dias
es,setenil de las bodegas,1300,que ver en setenil de las bodegas,parent: q ver en setenil de las bodegas
es,belgica,1300,que ver en belgica,parent: que ver en belgica
es,egipto,1200,que ver en egipto,parent: egipto que ver
es,cabo de gata,1200,que ver en cabo de gata,parent: que ver en cabo de gata
es,almeria capital,1200,que ver en almeria capital,parent: que ver en almeria capital
es,granada en 3 dias,1200,que ver en granada en 3 dias,parent: que ver en granada en 3 dias
es,huesca capital,1200,que ver en huesca capital,parent: que ver en huesca capital
es,austria,1200,que ver en austria,parent: austria
es,madrid con niños,1200,que ver en madrid con niños,parent: actividades niños madrid
es,cadiz capital,1100,que ver en cadiz capital,parent: que ver en cadiz capital
es,berlin en 3 dias,1100,que ver en berlin en 3 dias,parent: que ver en berlin en 3 dias
es,murcia capital,1100,que ver en murcia capital,parent: que ver en murcia
es,hamburgo,1100,que ver en hamburgo,parent: hamburgo que ver
es,camboya,1100,que ver en camboya,parent: que hacer en camboya
es,turquia,1100,que ver en turquia,parent: que hacer en turquia
es,bilbao en 2 dias,1100,que ver en bilbao en 2 dias,parent: que ver en bilbao en 2 dias
es,ainsa,1100,que ver en ainsa,parent: ainsa que ver
es,huelva capital,1100,que ver en huelva capital,parent: que ver en huelva capital
es,amsterdam en 3 dias,1100,que ver en amsterdam en 3 dias,parent: amsterdam en 3 dias
es,corea del sur,1100,que ver en corea del sur,parent: corea del sur
es,milan en 2 dias,1100,que ver en milan en 2 dias,parent: que ver en milan en 2 dias
es,pontevedra ciudad,1100,que ver en pontevedra ciudad,parent: que ver en pontevedra ciudad
es,faro portugal,1000,que ver en faro portugal,parent: faro portugal que ver
es,creta,1000,que ver en creta,parent: creta
es,suecia,1000,que ver en suecia,parent: suecia que ver
es,olite,1000,que ver en olite,parent: olite que ver
es,granada en un dia,1000,que ver en granada en un dia,parent: que ver en granada en un dia
es,milan en 3 dias,1000,que ver en milan en 3 dias,parent: que ver en milan en 3 dias
es,tenerife en 4 dias,1000,que ver en tenerife en 4 dias,parent: tenerife en 4 dias
es,argentina,1000,que ver en argentina,parent: argentina que ver
es,noia,1000,que ver en noia,parent: que ver en noia
es,malasia,1000,que ver en malasia,parent: malasia
es,brujas en un dia,1000,que ver en brujas en un dia,parent: brujas en un dia
es,mahon,1000,que ver en mahon,parent: que ver en mahon
es,sri lanka,1000,que ver en sri lanka,parent: sri lanka que ver
es,indonesia,900,que ver en indonesia,parent: indonesia que ver
es,pampaneira,900,que ver en pampaneira,parent: pampaneira
es,muxia,900,que ver en muxia,parent: que ver en muxia
es,tenerife sur,900,que ver en tenerife sur,parent: que ver en el sur de tenerife
es,logroño en un dia,900,que ver en logroño en un dia,parent: logroño que ver en un dia
es,valencia en 1 dia,900,que ver en valencia en 1 dia,parent: valencia en un dia
es,getaria,900,que ver en getaria,parent: getaria que ver
es,lisboa en 2 dias,900,que ver en lisboa en 2 dias,parent: lisboa en 2 dias
es,asturias en 5 dias,900,que ver en asturias en 5 dias,parent: ruta por asturias 5 dias
es,granada en dos dias,900,que ver en granada en dos dias,parent: granada en dos dias
es,cuenca en un dia,900,que ver en cuenca en un dia,parent: que ver en cuenca en un dia
es,cartagena murcia,900,que ver en cartagena murcia,parent: cartagena
es,caravaca de la cruz,900,que ver en caravaca de la cruz,parent: que ver en caravaca de la cruz
es,chipre,900,que ver en chipre,parent: que ver en chipre
es,laguardia,900,que ver en laguardia,parent: laguardia
es,londres en 2 dias,900,que ver en londres en 2 dias,parent: londres en dos dias
es,cadiz en un dia,900,que ver en cadiz en un dia,parent: que ver en cadiz en un dia
es,florencia en un dia,900,que ver en florencia en un dia,parent: que ver en florencia en un dia
es,taramundi,900,que ver en taramundi,parent: q ver en taramundi
es,salzburgo,900,que ver en salzburgo,parent: que ver en salzburgo
es,begur,900,que ver en begur,parent: que ver en begur
es,valldemossa,800,que ver en valldemossa,parent: que ver en valldemossa
es,grazalema,800,que ver en grazalema,parent: que ver en grazalema
es,senegal,800,que ver en senegal,parent: senegal que ver
es,venecia en dos dias,800,que ver en venecia en dos dias,parent: venecia en dos dias
es,dublin en 3 dias,800,que ver en dublin en 3 dias,parent: que ver en dublin en 3 dias
es,algarve,800,que ver en algarve,parent: que ver en el algarve
es,puebla de sanabria,800,que ver en puebla de sanabria,parent: puebla de sanabria que ver
es,zamora capital,800,que ver en zamora capital,parent: que ver en zamora
es,alcala del jucar,800,que ver en alcala del jucar,parent: alcala de jucar que hacer
es,elizondo,800,que ver en elizondo,parent: que ver en elizondo
es,macedonia del norte,800,que ver en macedonia del norte,parent: que ver en macedonia del norte
es,cracovia en 3 dias,800,que ver en cracovia en 3 dias,parent: que ver en cracovia en 3 dias
es,georgia,800,que ver en georgia,parent: georgia que ver
es,estambul en 3 dias,800,que ver en estambul en 3 dias,parent: estambul en 3 dias
es,cuba,800,que ver en cuba,parent: que ver en cuba
es,eslovaquia,800,que ver en eslovaquia,parent: que ver en eslovaquia
es,atenas en 3 dias,800,que ver en atenas en 3 dias,parent: que ver en atenas en 3 dias
es,ezcaray,800,que ver en ezcaray,parent: que ver en ezcaray
es,pedraza,800,que ver en pedraza,parent: pedraza
es,las azores,800,que ver en las azores,parent: azores
es,leon en un dia,800,que ver en leon en un dia,parent: leon que ver en un dia
es,bruselas en un dia,800,que ver en bruselas en un dia,parent: que ver en bruselas en un dia
es,praga en 4 dias,800,que ver en praga en 4 dias,parent: que ver en praga en 4 dias
es,florencia en dos dias,800,que ver en florencia en dos dias,parent: que ver en florencia en dos dias
es,tarragona en un dia,700,que ver en tarragona en un dia,parent: visitar tarragona en un dia
es,vitoria en un dia,700,que ver en vitoria en un dia,parent: que ver en vitoria en un dia
es,la selva negra,700,que ver en la selva negra,parent: que ver en la selva negra
es,que ver esta noche en la tele,700,que ver esta noche en la tele,parent: programacion tv
es,matalascañas,700,que ver en matalascañas,parent: qué ver en matalascañas
es,budapest en 4 dias,700,que ver en budapest en 4 dias,parent: que ver en budapest en 4 dias
es,valderrobres,700,que ver en valderrobres,parent: valderrobles
es,ourense ciudad,700,que ver en ourense ciudad,parent: que ver en ourense ciudad
es,cadiz provincia,700,que ver en cadiz provincia,parent: que ver en cadiz provincia
es,mallorca en 3 dias,700,que ver en mallorca en 3 dias,parent: que ver en mallorca en 3 dias
es,alicante ciudad,700,que ver en alicante ciudad,parent: que ver en alicante
es,malta en 3 dias,700,que ver en malta en 3 dias,parent: que ver en malta en 3 dias
es,canarias,700,que ver en canarias,parent: que ver en canarias
es,paris en 4 dias,700,que ver en paris en 4 dias,parent: que ver en paris en 4 dias
es,lagos portugal,700,que ver en lagos portugal,parent: que ver en lagos
es,mundaka,700,que ver en mundaka,parent: que ver en mundaka
es,huesca capital,700,que ver en huesca capital en un día,parent: que ver en huesca capital
es,viena en 2 dias,700,que ver en viena en 2 dias,parent: que ver en viena en 2 dias
es,trillo,700,que ver en trillo,parent: que ver en trillo
es,milan en un dia,700,que ver en milan en un dia,parent: que ver en milan en un dia
es,praga en 2 dias,700,que ver en praga en 2 dias,parent: praga en 2 dias
es,gran canarias,600,que ver en gran canarias,parent: que hacer en gran canaria
es,la alberca,600,que ver en la alberca,parent: que ver en la alberca
es,chelva,600,que ver en chelva,parent: chelva que ver
es,santander en un dia,600,que ver en santander en un dia,parent: que ver en santander
es,san fernando cadiz,600,que ver en san fernando cadiz,parent: que ver en san fernando cadiz
es,el norte de portugal,600,que ver en el norte de portugal,parent: que ver en el norte de portugal
es,zahara de la sierra,600,que ver en zahara de la sierra,parent: que ver en zahara de la sierra
es,la coruña,600,que ver en la coruña y alrededores en 3 días,parent: que ver en a coruña
es,valencia en 3 dias,600,que ver en valencia en 3 dias,parent: que ver en valencia en 3 dias
es,el delta del ebro,600,que ver en el delta del ebro,parent: delta del ebro
es,altafulla,600,que ver en altafulla,parent: altafulla que ver
es,tazones,600,que ver en tazones,parent: tazones pueblo
es,lituania,600,que ver en lituania,parent: que ver en lituania
es,arriondas,600,que ver en arriondas,parent: que ver en arriondas
es,jaen ciudad,600,que ver en jaen ciudad,parent: que ver en jaen ciudad
es,madrid en dos dias,600,que ver en madrid en dos dias,parent: que ver en madrid en dos dias
es,paris en 2 dias,600,que ver en paris en 2 dias,parent: que ver en paris en 2 dias
es,nazare portugal,600,que ver en nazare portugal,parent: que ver en nazare
es,pais vasco,600,que ver en pais vasco,parent: que ver en el pais vasco
es,sepulveda,600,que ver en sepulveda,parent: que ver en sepulveda
es,gante en un dia,600,que ver en gante en un dia,parent: que ver en gante en un dia
es,nueva zelanda,600,que ver en nueva zelanda,parent: nueva zelanda
es,mondoñedo,600,que ver en mondoñedo,parent: qué ver en mondoñedo
es,bruselas en 2 dias,600,que ver en bruselas en 2 dias,parent: que ver en bruselas en 2 dias
es,biescas,600,que ver en biescas,parent: que ver en biescas
es,lierganes,600,que ver en lierganes,parent: que ver en lierganes
es,bilbao en 3 dias,600,que ver en bilbao en 3 dias,parent: bilbao en 3 dias
es,pals,600,que ver en pals,parent: que ver en pals
es,la toscana,600,que ver en la toscana,parent: que ver en la toscana
es,la graciosa,600,que ver en la graciosa,parent: viajes a la graciosa
es,florencia en tres dias,600,que ver en florencia en tres dias,parent: florencia en 3 dias
es,lanjaron,600,que ver en lanjaron,parent: que ver en lanjaron
es,letonia,600,que ver en letonia,parent: que ver en letonia
es,noja,600,que ver en noja,parent: que ver en noja y alrededores
es,guadalajara españa,600,que ver en guadalajara españa,parent: que ver en guadalajara españa
es,malaga en un dia,600,que ver en malaga en un dia,parent: que ver en malaga en un dia
es,hungria,600,que ver en hungria,parent: hungria que ver
es,toledo en 2 dias,600,que ver en toledo en 2 dias,parent: que ver en toledo en una tarde
es,zaragoza en dos dias,600,que ver en zaragoza en dos dias,parent: que ver en zaragoza en dos dias
es,hervas,600,que ver en hervas,parent: hervas que ver
es,girona en un dia,600,que ver en girona en un dia,parent: que ver en girona en un dia
es,roma en 2 dias,600,que ver en roma en 2 dias,parent: que ver en roma en 2 dias
es,malaga provincia,600,que ver en malaga provincia,parent: que ver en malaga provincia
es,olmedo,600,que ver en olmedo,parent: que ver en olmedo
es,oporto en un dia,600,que ver en oporto en un dia,parent: oporto en un dia
es,castilla la mancha,600,que ver en castilla la mancha,parent: que ver en castilla la mancha
es,panticosa,600,que ver en panticosa,parent: que hacer en panticosa
es,culla,600,que ver en culla,parent: que ver en culla
es,republica dominicana,600,que ver en republica dominicana,parent: republica dominicana que ver
es,san jose almeria,500,que ver en san jose almeria,parent: que ver en san jose almeria
es,huelva capital,500,que ver en huelva capital en un día,parent: que ver en huelva capital
es,sigüenza,500,que ver en sigüenza,parent: que ver en siguenza
es,ubeda y baeza,500,que ver en ubeda y baeza,parent: que ver en ubeda y baeza
es,napoles en 3 dias,500,que ver en napoles en 3 dias,parent: que ver en napoles en 3 dias
es,beceite,500,que ver en beceite,parent: que ver en beceite
es,triana,500,que ver en triana,parent: que ver en triana
es,lo mas bonito budapest,500,lo mas bonito que ver en budapest,parent: que ver en budapest
es,praga 3 dias,500,que ver en praga 3 dias,parent: praga en 3 dias
es,bocairent,500,que ver en bocairent,parent: bocairent
es,castril,500,que ver en castril,parent: que ver en castril
es,orbaneja del castillo,500,que ver en orbaneja del castillo,parent: que ver en orbaneja del castillo
es,baiona galicia,500,que ver en baiona galicia,parent: que ver en baiona galicia
es,riviera maya,500,que ver en riviera maya,parent: que hacer en riviera maya
es,brasil,500,que ver en brasil,parent: que ver en brasil
es,azores,500,que ver en azores,parent: islas azores
es,gran canaria en 5 dias,500,que ver en gran canaria en 5 dias,parent: que ver en gran canaria en 5 dias
es,estonia,500,que ver en estonia,parent: que ver en estonia
es,zaragoza en 1 dia,500,que ver en zaragoza en 1 dia,parent: que ver en zaragoza en 1 dia
es,madrid gratis,500,que ver en madrid gratis,parent: planes gratis madrid
es,pastrana,500,que ver en pastrana,parent: que ver en pastrana
es,galicia en 5 dias,500,que ver en galicia en 5 dias,parent: que ver en galicia en 5 dias
es,amsterdam en 2 dias,500,que ver en amsterdam en 2 dias,parent: que ver en amsterdam en 2 dias
es,riaza,500,que ver en riaza,parent: riaza
es,budapest en 2 dias,500,que ver en budapest en 2 dias,parent: que ver en budapest en 2 dias
es,daroca,500,que ver en daroca,parent: daroca que ver
es,lleida ciudad,500,que ver en lleida ciudad,parent: que ver en lleida
es,somo,500,que ver en somo,parent: que ver en somo
es,letur,500,que ver en letur,parent: que ver en letur
es,pisa en un dia,500,que ver en pisa en un dia,parent: que ver en pisa
es,xian,500,que ver en xian,parent: xian china
es,roma en 5 dias,500,que ver en roma en 5 dias,parent: que ver en roma en 5 dias
es,jorquera,500,que ver en jorquera,parent: que ver en jorquera
es,cordoba en tres dias,500,que ver en cordoba en tres dias,parent: que ver en cordoba en tres dias
es,salamanca en dos dias,500,que ver en salamanca en dos dias,parent: que ver en salamanca
es,boltaña,500,que ver en boltaña,parent: que ver en boltaña
es,munich en 3 dias,500,que ver en munich en 3 dias,parent: que ver en munich en 3 dias
es,tv ahora,500,que ver en tv ahora,parent: tv
es,malaga en 3 dias,500,que ver en malaga en 3 dias,parent: que ver en malaga
es,edimburgo en 2 dias,500,que ver en edimburgo en 2 dias,parent: que ver en edimburgo en 2 dias
es,el sur de francia,500,que ver en el sur de francia,parent: sur de francia
es,canfranc,500,que ver en canfranc,parent: que ver en canfranc
es,bolivia,500,que ver en bolivia,parent: que ver en bolivia
es,alquezar,500,que ver en alquezar,parent: que ver en alquezar
es,besalu,500,que ver en besalu,parent: que ver en besalu
es,broto,500,que ver en broto,parent: broto que ver
es,burgos en un dia,500,que ver en burgos en un dia,parent: que ver en burgos
es,verona en un dia,500,que ver en verona en un dia,parent: que ver en verona en un dia
es,castilla y leon,500,que ver en castilla y leon,parent: que ver en castilla y leon
es,alsacia,500,que ver en alsacia,parent: que ver en alsacia
es,briones,450,que ver en briones,parent: que ver en briones
es,venecia en un dia,450,que ver en venecia en un dia,parent: que ver en venecia en un dia
es,trastevere,450,que ver en trastevere,parent: que ver en trastevere
es,la ribeira sacra,450,que ver en la ribeira sacra,parent: cañones del miño
es,merida españa,450,que ver en merida españa,parent: que ver en merida
es,mura,450,que ver en mura,parent: que ver en mura
es,covadonga,450,que ver en covadonga,parent: visitar covadonga
es,ecuador,450,que ver en ecuador,parent: que ver en ecuador
es,bosnia,450,que ver en bosnia,parent: que ver en bosnia
es,el sur de tenerife,450,que ver en el sur de tenerife,parent: que ver en el sur de tenerife
es,oman,450,que ver en oman,parent: que ver en oman
es,tanzania,450,que ver en tanzania,parent: que ver en tanzania
es,santiago de compostela en un dia,450,que ver en santiago de compostela en un dia,parent: que ver en santiago de compostela en un dia
es,la tv,450,que ver en la tv hoy,parent: programación tv
es,atenas en 2 dias,450,que ver en atenas en 2 dias,parent: que ver en atenas en 2 dias
es,pontedeume,450,que ver en pontedeume,parent: que ver en pontedeume
es,madagascar,450,que ver en madagascar,parent: que ver en madagascar
es,burgos capital,450,que ver en burgos capital,parent: que ver en burgos
es,valencia con niños,450,que ver en valencia con niños,parent: que hacer en valencia con niños
es,dublin en 2 dias,450,que ver en dublin en 2 dias,parent: que ver en dublin en 2 dias
es,marsella en un dia,450,que ver en marsella en un dia,parent: que ver en marsella en un dia
es,riopar,450,que ver en riopar,parent: que ver en riopar
es,sofia bulgaria,450,que ver en sofia bulgaria,parent: que ver en sofia
es,napoles en 1 dia,450,que ver en napoles en 1 dia,parent: que ver en nápoles en 3 días
es,trevelez,450,que ver en trevelez,parent: trevelez
es,palas de rei,450,que ver en palas de rei,parent: que ver en palas de rei
es,lisboa en 4 dias,450,que ver en lisboa en 4 dias,parent: que ver en lisboa en 4 dias
es,bruselas en 3 dias,450,que ver en bruselas en 3 dias,parent: que ver en bruselas en 3 dias
es,sagres,450,que ver en sagres,parent: que ver en sagres
es,el norte de españa,400,que ver en el norte de españa,parent: que ver en el norte de españa
es,zuheros,400,que ver en zuheros,parent: zuheros
es,salamanca un dia,400,salamanca que ver en un dia,parent: salamanca que ver
es,murcia provincia,400,que ver en murcia provincia,parent: que hacer en murcia
es,colombres,400,que ver en colombres,parent: que ver en colombres
es,alicante provincia,400,que ver en alicante provincia,parent: que ver en la provincia de alicante
es,cangas de narcea,400,que ver en cangas de narcea,parent: cangas de narcea que ver
es,lisboa en un dia,400,que ver en lisboa en un dia,parent: que ver en lisboa en un dia
es,bolonia en un dia,400,que ver en bolonia en un dia,parent: que ver en bolonia
es,murano,400,que ver en murano,parent: que ver en murano
es,cataluña,400,que ver en cataluña,parent: que ver en cataluña
es,vizcaya,400,que ver en vizcaya,parent: que ver en vizcaya
es,menorca en 3 dias,400,que ver en menorca en 3 dias,parent: que ver en menorca en 3 dias
es,cazorla pueblo,400,que ver en cazorla pueblo,parent: que ver en cazorla pueblo
es,valencia en dos dias,400,que ver en valencia en dos dias,parent: que ver en valencia en dos dias
es,murcia en tres días,400,que ver en murcia y alrededores en tres días,parent: que ver en murcia y alrededores en tres días
es,fornells,400,que ver en fornells,parent: que ver en fornells
es,cantabria con niños,400,que ver en cantabria con niños,parent: cantabria con niños
es,aveiro en un dia,400,que ver en aveiro en un dia,parent: que ver en aveiro
es,braga portugal,400,que ver en braga portugal,parent: que ver en braga
es,que ver en madrid,400,que ver hoy en madrid,parent: que hacer hoy en madrid
es,soportujar,400,que ver en soportujar,parent: que ver en soportujar
es,la haya,400,que ver en la haya,parent: que ver en la haya
es,patones de arriba,400,que ver en patones de arriba,parent: patones de arriba que ver
es,madeira en 7 dias,400,que ver en madeira en 7 dias,parent: que ver en madeira en 7 dias
es,calella de palafrugell,400,que ver en calella de palafrugell,parent: calella de palafrugell beach
es,andorra en verano,400,que ver en andorra en verano,parent: andorra que ver en verano
es,el bierzo,400,que ver en el bierzo,parent: que ver en el bierzo
es,puglia,400,que ver en puglia,parent: puglia que ver
es,caceres capital,400,que ver en caceres capital,parent: qué ver en cáceres capital
es,cariño,400,que ver en cariño,parent: que ver en cariño
es,fuerteventura en 5 dias,400,que ver en fuerteventura en 5 dias,parent: que ver en fuerteventura en 5 dias
es,orduña,400,que ver en orduña,parent: que ver en orduña
es,uzbekistan,400,que ver en uzbekistan,parent: uzbekistán que ver
es,lanzarote en 4 dias,400,que ver en lanzarote en 4 dias,parent: lanzarote en 4 dias
es,melide,400,que ver en melide,parent: que ver en melide
es,miravet,400,que ver en miravet,parent: miravet
es,capadocia,400,que ver en capadocia,parent: capadocia
es,la coruña,400,que ver en la coruña y alrededores,parent: que ver en coruña
es,albacete ciudad,400,que ver en albacete ciudad,parent: qué visitar en albacete
es,malaga en 2 dias,400,que ver en malaga en 2 dias,parent: que ver en malaga en 2 dias
es,vejer,400,que ver en vejer,parent: que ver en vejer de la frontera
es,barcelona en dos dias,400,que ver en barcelona en dos dias,parent: barcelona en 2 dias
es,tenerife con niños,400,que ver en tenerife con niños,parent: tenerife con niños
es,la costa brava,400,que ver en la costa brava,parent: que ver en la costa brava
es,barcelona con niños,400,que ver en barcelona con niños,parent: que hacer en barcelona con niños
es,varsovia en 3 dias,400,que ver en varsovia en 3 dias,parent: que ver en varsovia en 3 dias
es,las landas,400,que ver en las landas,parent: que hacer en las landas
es,solares,350,que ver en solares,parent: que ver en solares
es,sallent de gallego,350,que ver en sallent de gallego,parent: que ver en sallent de gallego
es,dolomitas,350,que ver en dolomitas,parent: dolomitas que ver
es,yakarta,350,que ver en yakarta,parent: indonesia capital
es,la provincia de burgos,350,que ver en la provincia de burgos,parent: que ver en burgos provincia
es,villafranca del bierzo,350,que ver en villafranca del bierzo,parent: villafranca del bierzo
es,almería capital,350,que ver en almería capital,parent: que ver en almeria capital
es,bucarest en 3 dias,350,que ver en bucarest en 3 dias,parent: que ver en bucarest en 3 dias
es,marrakech en tres dias,350,que ver en marrakech en tres dias,parent: marrakech en 3 dias
es,cangas de morrazo,350,que ver en cangas de morrazo,parent: que ver en cangas
es,valencia en un dia,350,que ver en valencia en un dia,parent: que ver en valencia en un dia
es,venecia 3 dias,350,que ver en venecia 3 dias,parent: que ver en venecia 3 dias
es,plasencia en un dia,350,que ver en plasencia en un dia,parent: que ver en plasencia en un dia
es,cádiz en 5 días,350,que ver en cádiz y alrededores en 5 días,parent: que ver en cádiz y alrededores en 5 días
es,lanzarote 5 dias,350,lanzarote que ver en 5 dias,parent: lanzarote que ver en 5 dias
es,bielsa,350,que ver en bielsa,parent: que ver en bielsa
es,triana sevilla,350,que ver en triana sevilla,parent: que ver en triana
es,orio,350,que ver en orio,parent: que ver en orio
es,toledo un dia,350,toledo que ver en un dia,parent: que ver en toledo
es,edimburgo en 3 dias,350,que ver en edimburgo en 3 dias,parent: edimburgo en 3 dias
es,masca,350,que ver en masca,parent: masca
es,palma de mallorca en un dia,350,que ver en palma de mallorca en un dia,parent: que ver en palma de mallorca en un dia
es,cracovia en 2 dias,350,que ver en cracovia en 2 dias,parent: que ver en cracovia en 2 dias
es,isla cantabria,350,que ver en isla cantabria,parent: isla cantabria
es,el parque del retiro,350,que ver en el parque del retiro,parent: que ver en el retiro
es,el sur de portugal,350,que ver en el sur de portugal,parent: que ver en el sur de portugal
es,cabo de palos,350,que ver en cabo de palos,parent: que ver en cabo de palos
es,amberes en un dia,350,que ver en amberes en un dia,parent: que ver en amberes en un dia
es,la bretaña francesa,350,que ver en la bretaña francesa,parent: bretaña francesa que ver
es,mijas pueblo,350,que ver en mijas pueblo,parent: que ver en mijas
es,lanzarote en 5 días,350,que ver en lanzarote en 5 días,parent: que ver en lanzarote en 5 días
es,la habana,350,que ver en la habana,parent: que ver en la habana
es,el albir,350,que ver en el albir,parent: el albir
es,madrid centro,350,que ver en madrid centro,parent: que hacer en el centro de madrid
es,molina de aragon,350,que ver en molina de aragon,parent: que ver en molina de aragon
es,laxe,350,que ver en laxe,parent: laxe que ver
es,amsterdam en 4 dias,350,que ver en amsterdam en 4 dias,parent: que ver en amsterdam en 4 dias
es,sevilla con niños,350,que ver en sevilla con niños,parent: que ver en sevilla con niños
es,alhama de aragón,350,que ver en alhama de aragón,parent: alhama de aragon
es,avila un dia,350,avila que ver en un dia,parent: que ver en avila en un dia
es,gijon en un dia,350,que ver en gijon en un dia,parent: que ver en gijon en un dia
es,huelva provincia,350,que ver en huelva provincia,parent: que ver en huelva provincia
es,positano,350,que ver en positano,parent: que ver en positano
es,montanejos,350,que ver en montanejos,parent: que ver en montanejos
es,caños de meca,350,que ver en caños de meca,parent: que ver en caños de meca
es,sudafrica,350,que ver en sudafrica,parent: que ver en sudafrica
es,japon en 10 dias,350,que ver en japon en 10 dias,parent: que ver en japon en 10 dias
es,frias,350,que ver en frias,parent: frias que ver
es,castropol,350,que ver en castropol,parent: que ver en castropol
es,cartes,350,que ver en cartes,parent: que ver en cartes
es,puente viesgo,350,que ver en puente viesgo,parent: puente viesgo que ver
es,toledo con niños,350,que ver en toledo con niños,parent: que ver en toledo con niños
es,valladolid en un dia,350,que ver en valladolid en un dia,parent: que ver en valladolid
es,la india,350,que ver en la india,parent: que ver en la india
fr,malte,3200,que faire a malte,
it,ristoranti polignano a mare,2400,ristoranti polignano a mare,parent: ristoranti polignano a mare
it,strasburgo,2000,cosa vedere a strasburgo,parent: strasburgo cosa vedere
it,san gimignano,1800,cosa vedere a san gimignano,parent: san gimignano cosa vedere
it,creta,1700,cosa vedere a creta,parent: cosa vedere a creta
it,ristoranti vicino a me maps,1600,ristoranti vicino a me maps,parent: ristorante vicino a me
it,fuerteventura,1500,cosa vedere a fuerteventura,parent: fuerteventura cosa vedere
it,zurigo,1500,cosa vedere a zurigo,parent: zurigo
it,spello,1400,cosa vedere a spello,parent: spello
it,napoli in due giorni,1300,cosa vedere a napoli in due giorni,parent: cosa visitare a napoli in 2 giorni
it,ginevra,1300,cosa vedere a ginevra,parent: cosa vedere a ginevra
it,ristoranti vicino a me aperti,1200,ristoranti vicino a me aperti,parent: ristorante aperto vicino a me
it,ristoranti a milano,1200,ristoranti a milano,parent: i migliori ristoranti a milano
it,palermo in due giorni,1200,cosa vedere a palermo in due giorni,parent: cosa vedere a palermo
it,otranto,1200,cosa vedere a otranto,parent: cosa vedere a otranto
it,ristoranti senza glutine vicino a me,1100,ristoranti senza glutine vicino a me,parent: gluten free vicino a me
it,lanzarote,1000,cosa vedere a lanzarote,parent: cosa vedere a lanzarote
it,favignana,1000,cosa vedere a favignana,parent: favignana cosa vedere
it,montepulciano,1000,cosa vedere a montepulciano,parent: montepulciano cosa vedere
it,pechino,1000,cosa vedere a pechino,parent: cosa vedere a pechino
it,santorini,1000,cosa vedere a santorini,parent: cosa vedere a santorini
it,ristoranti a verona,900,ristoranti a verona,parent: ristoranti verona
it,ristoranti a roma,900,ristoranti a roma,parent: ristorante
it,bologna in due giorni,900,cosa vedere a bologna in due giorni,parent: cosa vedere a bologna
it,lampedusa,900,cosa vedere a lampedusa,parent: cosa fare a lampedusa
it,ristoranti a bari,800,ristoranti a bari,parent: ristoranti bari
it,cipro,800,cosa vedere a cipro,parent: cose da fare a cipro
it,maratea,800,cosa vedere a maratea,parent: maratea cosa vedere
it,vietri sul mare,800,cosa vedere a vietri sul mare,parent: vietri sul mare cosa vedere
it,ristoranti pesce vicino a me,800,ristoranti pesce vicino a me,parent: ristoranti di pesce in zona
it,positano,800,cosa vedere a positano,parent: positano
it,trastevere,800,cosa vedere a trastevere,parent: cosa vedere a trastevere
it,firenze in due giorni,800,cosa vedere a firenze in due giorni,parent: cosa vedere a firenze in due giorni
it,venezia in due giorni,800,cosa vedere a venezia in due giorni,parent: cosa vedere a venezia in due giorni
it,stresa,700,cosa vedere a stresa,parent: stresa cosa vedere
it,gran canaria,700,cosa vedere a gran canaria,parent: gran canaria cosa vedere
it,lussemburgo,700,cosa vedere a lussemburgo,parent: lussemburgo cosa vedere
it,ortigia,700,cosa vedere a ortigia,parent: ortigia cosa vedere
it,ristoranti a bologna,700,ristoranti a bologna,parent: osteria dell orsa
it,ristoranti a trastevere,700,ristoranti a trastevere,parent: ristoranti trastevere
it,lipari,700,cosa vedere a lipari,parent: cosa fare a lipari
it,marzamemi,700,cosa vedere a marzamemi,parent: marzamemi cosa vedere
it,scilla,700,cosa vedere a scilla,parent: cosa vedere a scilla
it,ristoranti carne vicino a me,700,ristoranti carne vicino a me,parent: ristorante carne vicino a me
it,bellagio,700,cosa vedere a bellagio,parent: bellagio cosa vedere
it,milano in due giorni,600,cosa vedere a milano in due giorni,parent: cosa vedere a milano in due giorni
it,monterosso,600,cosa vedere a monterosso,parent: cosa vedere a monterosso
it,erice,600,cosa vedere a erice,parent: erice sicilia
it,capo verde,600,cosa vedere a capo verde,parent: capo verde
it,verona in due giorni,600,cosa vedere a verona in due giorni,parent: cosa vedere a verona in due giorni
it,roma oggi,600,cosa vedere a roma oggi,parent: bäcker in der nähe
it,cortona,600,cosa vedere a cortona,parent: 10 cose da vedere a cortona
it,minorca,600,cosa vedere a minorca,parent: minorca
it,sperlonga,600,cosa vedere a sperlonga,parent: cosa vedere a sperlonga
it,pienza,600,cosa vedere a pienza,parent: pienza
it,ristoranti a treviso,600,ristoranti a treviso,parent: ristorante treviso
it,bergamo alta,600,cosa vedere a bergamo alta,parent: bergamo alta
it,ristoranti intorno a me,600,ristoranti intorno a me,parent: ristorante
it,bormio,600,cosa vedere a bormio,parent: bormio cosa visitare
it,burano,600,cosa vedere a burano,parent: burano cosa vedere
it,ristoranti a firenze,600,ristoranti a firenze,parent: ristoranti firenze
it,sharm el sheik,500,cosa vedere a sharm el sheik,parent: cosa fare a sharm el sheikh
it,ristoranti a parma,500,ristoranti a parma,parent: dove mangiare a parma
it,ristoranti a matera,500,ristoranti a matera,parent: ristoranti a matera
it,porto cesareo,500,cosa vedere a porto cesareo,parent: cosa visitare a porto cesareo
it,torino in due giorni,500,cosa vedere a torino in due giorni,parent: cosa vedere a torino in 2 giorni
it,ristoranti a ferrara,500,ristoranti a ferrara,parent: ristoranti ferrara
it,lazise,500,cosa vedere a lazise,parent: lazise cosa vedere
it,ristoranti a sorrento,500,ristoranti a sorrento,parent: ristoranti sorrento
it,paestum,500,cosa vedere a paestum,parent: paestum cosa vedere
it,portofino,500,cosa vedere a portofino,parent: portofino cosa vedere
it,ristoranti a venezia,500,ristoranti a venezia,parent: dove mangiare a venezia
it,maiorca,500,cosa vedere a maiorca,parent: maiorca
it,catania e dintorni,500,cosa vedere a catania e dintorni in 3 giorni,parent: cosa vedere a catania e dintorni
it,ravello,500,cosa vedere a ravello,parent: cosa vedere a ravello
it,norcia,500,cosa vedere a norcia,parent: cosa vedere a norcia
it,musei di parigi,500,musei di parigi,parent: musei di parigi
it,ponza,450,cosa vedere a ponza,parent: cosa vedere a ponza
it,ristoranti a lecce,450,ristoranti a lecce,parent: ristoranti lecce
it,cefalonia,450,cosa vedere a cefalonia,parent: cefalonia
it,new york in 7 giorni,450,cosa vedere a new york in 7 giorni,parent: cosa vedere a new york in 7 giorni
it,ristoranti a monopoli,450,ristoranti a monopoli,parent: ristoranti monopoli
it,portovenere,450,cosa vedere a portovenere,parent: cosa vedere a portovenere
it,trieste in due giorni,450,cosa vedere a trieste in due giorni,parent: cosa vedere a trieste in due giorni
it,caserta oltre la reggia,450,cosa vedere a caserta oltre la reggia,parent: caserta cosa vedere
it,ristoranti a chioggia,450,ristoranti a chioggia,parent: ristoranti chioggia
it,polignano a mare ristoranti,450,polignano a mare ristoranti,parent: ristoranti polignano a mare
it,ristoranti italiani a palermo,450,ristoranti italiani a palermo,parent: ristoranti italiani a palermo
it,ristoranti a trani,450,ristoranti a trani,parent: ristoranti trani
it,ristoranti buoni vicino a me,450,ristoranti buoni vicino a me,parent: ristoranti selva di val gardena
it,livigno,450,cosa vedere a livigno,parent: livigno cosa vedere
it,bevagna,450,cosa vedere a bevagna,parent: bevagna cosa vedere
it,ristoranti a catania,450,ristoranti a catania,parent: dove mangiare a catania
it,murano,400,cosa vedere a murano,parent: murano cosa vedere
it,ristoranti a caserta,400,ristoranti a caserta,parent: ristoranti economici caserta
it,ristoranti a cagliari,400,ristoranti a cagliari,parent: ristoranti cagliari
it,ravenna piedi,400,ravenna cosa vedere a piedi,parent: ravenna cosa vedere a piedi
it,cuba,400,cosa vedere a cuba,parent: cosa vedere a cuba
it,riomaggiore,400,cosa vedere a riomaggiore,parent: cosa vedere a riomaggiore
it,castel gandolfo,400,cosa vedere a castel gandolfo,parent: castel gandolfo
it,ristoranti a modena,400,ristoranti a modena,parent: ristoranti modena
it,musei di londra,400,musei di londra,parent: musei a londra
it,ristoranti a bergamo,400,ristoranti a bergamo,parent: ristoranti bergamo
it,perugia e dintorni,400,cosa vedere a perugia e dintorni in 3 giorni,parent: cosa vedere a perugia e dintorni in 3 giorni
it,montefalco,400,cosa vedere a montefalco,parent: cosa vedere a montefalco
it,ristoranti a riccione,400,ristoranti a riccione,parent: ristoranti riccione
it,roma con i bambini,350,cosa vedere a roma con i bambini,parent: cosa vedere a roma con i bambini
it,strasburgo,350,cosa vedere a strasburgo in un giorno,parent: cosa vedere a strasburgo in un giorno
it,bardolino,350,cosa vedere a bardolino,parent: bardolino cosa vedere
it,manarola,350,cosa vedere a manarola,parent: cosa vedere a manarola
it,viterbo e dintorni,350,cosa vedere a viterbo e dintorni,parent: viterbo cosa vedere
it,rimini e dintorni,350,cosa vedere a rimini e dintorni,parent: cosa vedere a rimini e dintorni
it,cosa c'è da vedere a napoli,350,cosa c'è da vedere a napoli,parent: napoli cosa vedere
it,vienna in 1 giorno,350,cosa vedere a vienna in 1 giorno,parent: vienna in un giorno
it,palermo in tre giorni,350,cosa vedere a palermo in tre giorni,parent: cosa vedere a palermo in 3 giorni
it,padova in due giorni,350,cosa vedere a padova in due giorni,parent: cosa vedere a padova in due giorni
it,marsiglia in crociera,350,cosa vedere a marsiglia in crociera,parent: cosa vedere a marsiglia in crociera
it,san vito lo capo,350,cosa vedere a san vito lo capo,parent: san vito lo capo cosa vedere
it,palermo e dintorni,350,cosa vedere a palermo e dintorni,parent: palermo e dintorni
it,rodi grecia,300,cosa vedere a rodi grecia,parent: rodi cosa vedere
it,bobbio,300,cosa vedere a bobbio,parent: bobbio cosa vedere
it,gravina di puglia,300,cosa vedere a gravina di puglia,parent: cosa vedere a gravina di puglia
it,notting hill,300,cosa vedere a notting hill,parent: notting hill londra
it,neive,300,cosa vedere a neive,parent: neive
it,barolo,300,cosa vedere a barolo,parent: barolo paese
it,saint moritz,300,cosa vedere a saint moritz,parent: st moritz cosa vedere
it,gozo,300,cosa vedere a gozo,parent: cosa fare a gozo
it,cascia,300,cosa vedere a cascia,parent: cascia cosa vedere
it,rasiglia,300,cosa vedere a rasiglia,parent: cosa vedere a rasiglia
it,pisa e dintorni,300,cosa vedere a pisa e dintorni,parent: cosa vedere a pisa e dintorni
it,bolsena,300,cosa vedere a bolsena,parent: bolsena cosa vedere
it,canazei,300,cosa vedere a canazei,parent: canazei cosa vedere
it,trieste e dintorni,300,cosa vedere a trieste e dintorni,parent: cosa vedere a trieste
it,zurigo,300,cosa vedere a zurigo in un giorno,parent: cosa vedere a zurigo in un giorno
it,capo vaticano,300,cosa vedere a capo vaticano,parent: capo vaticano cosa vedere
it,spello,300,cosa vedere a spello in un giorno,parent: cosa vedere a spello in un giorno
it,madonna di campiglio,300,cosa vedere a madonna di campiglio,parent: cosa vedere a madonna di campiglio
it,varenna,300,cosa vedere a varenna,parent: varenna cosa vedere
it,assisi,300,cosa vedere a assisi,parent: assisi cosa vedere
it,castellabate,300,cosa vedere a castellabate,parent: cosa vedere a castellabate
it,gradara,300,cosa vedere a gradara,parent: gradara cosa vedere
it,pizzo calabro,300,cosa vedere a pizzo calabro,parent: pizzo calabro
it,trapani e dintorni,300,cosa vedere a trapani e dintorni,parent: trapani e dintorni
it,firenze gratis,300,cosa vedere a firenze gratis,parent: cose da vedere a firenze gratis
it,modena e dintorni,300,cosa vedere a modena e dintorni,parent: cosa vedere a modena e dintorni
it,civita di bagnoregio,250,cosa vedere a civita di bagnoregio,parent: civita di bagnoregio
it,montalcino,250,cosa vedere a montalcino,parent: cosa vedere a montalcino
it,roma di insolito,250,cosa vedere a roma di insolito,parent: da vedere a roma
it,stintino,250,cosa vedere a stintino,parent: cosa vedere a stintino
it,l'aquila e dintorni,250,cosa vedere a l'aquila e dintorni,parent: cosa vedere a l'aquila e dintorni
it,parma e dintorni,250,cosa vedere a parma e dintorni,parent: parma e dintorni
it,siracusa e dintorni,250,cosa vedere a siracusa e dintorni,parent: siracusa e dintorni cosa vedere
it,palinuro,250,cosa vedere a palinuro,
it,catania e dintorni,250,cosa vedere a catania e dintorni,parent: cosa vedere a catania
it,cosa c'è da vedere a verona,250,cosa c'è da vedere a verona,parent: cosa fare a verona
it,merano e dintorni,250,cosa vedere a merano e dintorni in 3 giorni,parent: cosa vedere a merano e dintorni in 3 giorni
it,catania in poche ore,250,cosa vedere a catania in poche ore,parent: cosa vedere a catania in poche ore
it,vulcano,250,cosa vedere a vulcano,parent: vulcano isola cosa vedere
it,formentera,250,cosa vedere a formentera,parent: formentera cosa vedere
it,cosa c'è da vedere a firenze,250,cosa c'è da vedere a firenze,parent: firenze cosa vedere
it,bari vecchia,250,cosa vedere a bari vecchia,parent: bari centro storico
it,treviso e dintorni,250,cosa vedere a treviso e dintorni,parent: cosa fare a treviso
it,porto cervo,250,cosa vedere a porto cervo,parent: cosa vedere a porto cervo
it,borghetto sul mincio,250,cosa vedere a borghetto sul mincio,parent: borghetto sul mincio cosa vedere
it,ragusa ibla,250,cosa vedere a ragusa ibla,parent: ragusa ibla cosa vedere
it,trevi,250,cosa vedere a trevi,parent: cosa vedere a trevi
it,monteriggioni,250,cosa vedere a monteriggioni,parent: monteriggioni cosa vedere
it,cosa c'è da vedere a budapest,250,cosa c'è da vedere a budapest,parent: cosa vedere a budapest
it,torino e dintorni,250,cosa vedere a torino e dintorni,parent: cosa vedere a torino e dintorni
it,milano oggi,250,cosa vedere a milano oggi,parent: milano oggi
it,cosa c'è da vedere a malta,250,cosa c'è da vedere a malta,parent: cosa vedere a malta
it,sorrento a piedi,250,cosa vedere a sorrento a piedi,parent: cosa vedere a sorrento a piedi
it,skiathos,250,cosa vedere a skiathos,parent: skiathos cosa vedere
it,como a piedi,250,cosa vedere a como a piedi,parent: cosa vedere a como a piedi
it,napoli in tre giorni,250,cosa vedere a napoli in tre giorni,parent: cosa vedere a napoli in 3 giorni
it,trapani centro,250,cosa vedere a trapani centro,parent: cosa fare a trapani
it,limone sul garda,250,cosa vedere a limone sul garda,parent: cosa vedere a limone sul garda
it,villa borghese,250,cosa vedere a villa borghese,parent: villa borghese cosa vedere
it,cosa c'è da vedere a torino,250,cosa c'è da vedere a torino,parent: cosa vedere a torino
it,bolzano e dintorni,250,cosa vedere a bolzano e dintorni in 3 giorni,parent: cosa vedere a bolzano e dintorni in 3 giorni
it,selinunte,250,cosa vedere a selinunte,parent: selinunte cosa vedere
it,santa teresa di gallura,250,cosa vedere a santa teresa di gallura,parent: cosa vedere a santa teresa di gallura
it,pitigliano,250,cosa vedere a pitigliano,parent: pitigliano cosa vedere
it,perugia e dintorni,250,cosa vedere a perugia e dintorni,parent: cosa vedere a perugia
it,capalbio,250,cosa vedere a capalbio,parent: cosa vedere a capalbio
it,malta in 7 giorni,200,cosa vedere a malta in 7 giorni,parent: cosa vedere a malta in 7 giorni
it,giverny,200,cosa vedere a giverny,parent: giverny paese
it,sciacca e dintorni,200,cosa vedere a sciacca e dintorni,parent: sciacca cosa vedere
it,passignano sul trasimeno,200,cosa vedere a passignano sul trasimeno,parent: passignano sul trasimeno cosa vedere
it,spello a piedi,200,cosa vedere a spello a piedi,parent: spello
it,cetara,200,cosa vedere a cetara,parent: cosa vedere a cetara
it,cortina,200,cosa vedere a cortina,parent: cosa vedere a cortina
it,tarvisio,200,cosa vedere a tarvisio,parent: tarvisio cosa vedere
it,lucca e dintorni,200,cosa vedere a lucca e dintorni in 3 giorni,parent: cosa vedere a lucca e dintorni in 3 giorni
it,corinaldo,200,cosa vedere a corinaldo,parent: corinaldo cosa vedere
it,il cairo,200,cosa vedere a il cairo,parent: cosa vedere al cairo
it,tenerife sud,200,cosa vedere a tenerife sud,parent: tenerife sud
it,tindari,200,cosa vedere a tindari,parent: tindari
it,vicino a lucca,200,cosa vedere vicino a lucca,parent: lucca e dintorni
it,spello,200,cosa vedere a spello in mezza giornata,parent: spello
it,cosa c'è da vedere a cracovia,200,cosa c'è da vedere a cracovia,parent: cracovia cosa vedere
it,budapest in 1 giorno,200,cosa vedere a budapest in 1 giorno,parent: cosa vedere a budapest in 1 giorno
it,strasburgo,200,cosa vedere a strasburgo in 3 giorni,parent: strasburgo
it,giacarta,200,cosa vedere a giacarta,parent: giacarta
it,porto ercole,200,cosa vedere a porto ercole,parent: cosa vedere a porto ercole
it,ginevra,200,cosa vedere a ginevra in un giorno,parent: cosa vedere a ginevra in un giorno
it,lipsia,200,cosa vedere a lipsia,parent: lipsia cosa vedere
it,parigi in 7 giorni,200,cosa vedere a parigi in 7 giorni,parent: cosa vedere a parigi in 7 giorni
it,cosa da vedere a napoli,200,cosa da vedere a napoli,parent: cosa vedere a napoli
it,cosa da vedere a madrid,200,cosa da vedere a madrid,parent: cosa vedere a madrid
it,roma in due giorni,200,cosa vedere a roma in due giorni,parent: cosa vedere a roma in 2 giorni
it,pescara e dintorni,200,cosa vedere a pescara e dintorni,parent: cosa vedere a pescara e dintorni
it,triana siviglia,200,cosa vedere a triana siviglia,parent: triana
it,marsala e dintorni,200,cosa vedere a marsala e dintorni,parent: cosa vedere a marsala
it,san teodoro,200,cosa vedere a san teodoro,parent: san teodoro cosa vedere
it,cavalese,200,cosa vedere a cavalese,parent: cosa vedere a cavalese
it,ravenna e dintorni,200,cosa vedere a ravenna e dintorni,parent: 10 cose da vedere a ravenna
it,cosa c'è da vedere a perugia,200,cosa c'è da vedere a perugia,parent: cosa vedere a perugia
it,collodi,200,cosa vedere a collodi,parent: cosa vedere a collodi
it,tallin,200,cosa vedere a tallin,parent: tallinn cosa vedere
it,cosa c'è da vedere a milano,200,cosa c'è da vedere a milano,parent: cosa vedere a milano
it,venezia di insolito,200,cosa vedere a venezia di insolito,parent: cose da vedere a venezia
it,torino con i bambini,200,cosa vedere a torino con i bambini,parent: torino con bambini
it,tirana in due giorni,200,cosa vedere a tirana in due giorni,parent: tirana cosa vedere
it,ferrara gratis,200,cosa vedere a ferrara gratis,parent: cosa vedere a ferrara gratis
it,roma in tre giorni,200,cosa vedere a roma in tre giorni,parent: cosa vedere a roma in 3 giorni
it,mauritius,200,cosa vedere a mauritius,parent: mauritius
it,gardone riviera,200,cosa vedere a gardone riviera,parent: gardone riviera
it,vienna in due giorni,200,cosa vedere a vienna in due giorni,parent: cosa vedere a vienna in 2 giorni
it,moena,200,cosa vedere a moena,parent: moena cosa vedere
it,londra gratis,200,cosa vedere a londra gratis,parent: musei gratis londra
it,gibellina,200,cosa vedere a gibellina,parent: gibellina cosa vedere
it,lecce di sera,200,cosa vedere a lecce di sera,parent: cosa vedere a lecce di sera
it,istambul,200,cosa vedere a istambul,parent: cosa vedere a istanbul
it,itinerario napoli,200,itinerario cosa vedere a napoli,parent: napoli in 3 giorni
it,siracusa e dintorni,200,cosa vedere a siracusa e dintorni in 3 giorni,parent: siracusa e dintorni
it,cosa da vedere a torino,200,cosa da vedere a torino,parent: torino cosa vedere
it,vicino a bergamo,200,cosa vedere vicino a bergamo,parent: gita fuori porta bergamo
it,cosa c'è da vedere a bucarest,200,cosa c'è da vedere a bucarest,parent: bucarest
it,siena e dintorni,200,cosa vedere a siena e dintorni in 3 giorni,parent: cosa vedere vicino siena
it,cosa c'è da vedere a trieste,200,cosa c'è da vedere a trieste,parent: cosa vedere a trieste
it,varese e dintorni,200,cosa vedere a varese e dintorni,parent: cosa fare a varese
it,lisbona in 1 giorno,200,cosa vedere a lisbona in 1 giorno,parent: cosa vedere a lisbona in 1 giorno
it,bolzano e dintorni,200,cosa vedere a bolzano e dintorni,parent: bolzano e dintorni
it,sirolo,200,cosa vedere a sirolo,parent: sirolo cosa vedere
it,matera e dintorni,200,cosa vedere a matera e dintorni in 2 giorni,parent: cosa vedere a matera in due giorni
it,torino centro,200,cosa vedere a torino centro,parent: mappa torino a piedi
it,molveno,200,cosa vedere a molveno,parent: lago di molveno cosa vedere
it,bilbao e dintorni,200,cosa vedere a bilbao e dintorni,parent: cosa vedere a bilbao e dintorni
it,pechino,200,cosa vedere a pechino in 3 giorni,parent: cosa vedere a pechino in 3 giorni
it,firenze con i bambini,200,cosa vedere a firenze con i bambini,parent: cosa fare a firenze con i bambini
it,favignana,200,cosa vedere a favignana in un giorno,parent: cosa vedere a favignana in un giorno
it,castagneto carducci,200,cosa vedere a castagneto carducci,parent: castagneto carducci
it,milano marittima,200,cosa vedere a milano marittima,parent: cosa vedere a milano marittima
it,trento e dintorni,200,cosa vedere a trento e dintorni,parent: cosa vedere a trento
it,qui vicino a me,200,cosa vedere qui vicino a me,
it,villasimius,200,cosa vedere a villasimius,parent: villasimius cosa vedere
it,rimini centro,200,cosa vedere a rimini centro,parent: cosa vedere a rimini
it,lucca e dintorni,200,cosa vedere a lucca e dintorni,parent: lucca cosa vedere
it,verona gratis,200,cosa vedere a verona gratis,parent: cosa vedere a verona gratis
it,marina di camerota,200,cosa vedere a marina di camerota,parent: cosa vedere a marina di camerota
it,bologna centro,200,cosa vedere a bologna centro,parent: cosa vedere a bologna
it,otranto,200,cosa vedere a otranto in un giorno,parent: otranto cosa vedere
it,sharm,200,cosa vedere a sharm,parent: cosa fare a sharm el sheikh
it,verona e dintorni,200,cosa vedere a verona e dintorni in 3 giorni,parent: cosa vedere a verona e dintorni in 3 giorni
it,napoli centro,200,cosa vedere a napoli centro,parent: napoli in 3 giorni
it,minori,200,cosa vedere a minori,parent: cosa vedere a minori
it,dobbiaco,200,cosa vedere a dobbiaco,parent: cosa vedere a dobbiaco
it,nemi,200,cosa vedere a nemi,parent: nemi cosa vedere
it,ischia a piedi,200,cosa vedere a ischia a piedi,parent: cosa vedere a ischia a piedi
it,bari e dintorni,200,cosa vedere a bari e dintorni,parent: bari e dintorni cosa vedere
it,nuova delhi,150,cosa vedere a nuova delhi,parent: cosa vedere a delhi
it,palermo mappa,150,cosa vedere a palermo mappa,parent: cosa vedere a palermo in un giorno
it,palermo e dintorni,150,cosa vedere a palermo e dintorni in 3 giorni,parent: cosa vedere a palermo in 3 giorni
it,cordoba in 1 giorno,150,cosa vedere a cordoba in 1 giorno,parent: cosa vedere a cordoba in un giorno
it,cosa c'è da vedere a roma,150,cosa c'è da vedere a roma,parent: cose da fare
it,lecce in due giorni,150,cosa vedere a lecce in due giorni,parent: cosa vedere a lecce in un giorno
it,firenze gratis,150,cosa vedere a firenze in 2 giorni gratis,parent: cose da vedere a firenze gratis
it,cracovia in 1 giorno,150,cosa vedere a cracovia in 1 giorno,parent: cosa vedere a cracovia in 1 giorno
it,vicino a trento,150,cosa vedere vicino a trento,parent: borghi trentino
ja,小笠原諸島,4900,小笠原諸島 観光,parent: 小笠原諸島
ja,知多半島,4800,知多半島 観光,parent: 知多半島 観光
ja,竹富島,4800,竹富島 観光,parent: 竹富島観光
ja,越後湯沢,4800,越後湯沢 観光,parent: 越後湯沢 観光
ja,名古屋駅,4700,名古屋駅 観光,parent: 名古屋駅周辺観光
ja,八ヶ岳,4700,八ヶ岳 観光,parent: 八ヶ岳
ja,鳴子観光ホテル,4600,鳴子観光ホテル,parent: 鳴子観光ホテル
ja,郡上八幡,4500,郡上八幡 観光,parent: 郡上八幡 食べ歩き
ja,和歌山県,4400,和歌山県 観光,parent: 和歌山 観光
ja,赤倉観光リゾートスキー場,4300,赤倉観光リゾートスキー場,parent: 赤倉観光ホテルスキー場
ja,観光庁,4300,観光庁,parent: 観光庁
ja,スリランカ,4300,スリランカ 観光,parent: スリランカ 現地ツアー
ja,キング観光金山,4200,キング観光金山,parent: キング観光金山
ja,会津,4200,会津 観光,parent: 会津観光
ja,八王子,4000,八王子 観光,parent: 八王子 何がある
ja,ジャカルタ,4000,ジャカルタ 観光,parent: インドネシア ジャカルタ 観光
ja,秋田県,4000,秋田県 観光,parent: 秋田 観光
ja,仙台駅,3900,仙台駅 観光,parent: 仙台駅 周辺
ja,焼津,3900,焼津 観光,parent: 焼津観光
ja,与那国島,3900,与那国島 観光,parent: 与那国島
ja,パラオ,3800,パラオ 観光,parent: パラオ 観光
ja,四万十川,3800,四万十川 観光,parent: 高知県四万十川
ja,ブルネイ,3800,ブルネイ 観光,parent: ブルネイ観光
ja,カザフスタン,3800,カザフスタン 観光,parent: カザフスタン 観光
ja,ヘルシンキ,3700,ヘルシンキ 観光,parent: ヘルシンキ
ja,初島,3700,初島 観光,parent: 初島
ja,赤穂,3700,赤穂 観光,parent: 赤穂観光
ja,九十九里,3700,九十九里 観光,parent: 九十九里 観光
ja,クロアチア,3600,クロアチア 観光,parent: クロアチア 観光
ja,観光列車,3600,観光列車,parent: 観光列車 関西
ja,西伊豆,3600,西伊豆 観光,parent: 土肥 観光
ja,五浦観光ホテル,3600,五浦観光ホテル,parent: 五浦観光ホテル
ja,モロッコ,3600,モロッコ 観光,parent: モロッコ
ja,伊豆高原,3600,伊豆高原 観光,parent: 伊東 観光
ja,新大阪,3500,新大阪 観光,parent: 新大阪駅 観光
ja,白馬,3400,白馬 観光,parent: 白馬 観光
ja,猿島,3400,猿島 観光,parent: 猿島 楽しみ方
ja,東京観光 50代,3400,東京観光 穴場 女子 50代,parent: 東京 おばさん 観光
ja,ブリスベン,3300,ブリスベン 観光,parent: ブリスベン 観光
ja,島根,3300,島根 観光 モデルコース,parent: 出雲大社 観光 モデルコース
ja,アイルランド,3300,アイルランド 観光,parent: アイルランド観光
ja,博多駅,3300,博多駅 観光,parent: 博多 遊ぶところ 大人
ja,黒部ダム,3300,黒部ダム 観光,parent: 黒部ダム観光
ja,名鉄,3300,名鉄観光,parent: 名鉄観光サービス株式会社
ja,伊豆半島,3200,伊豆半島 観光,parent: 伊豆
ja,西表島,3100,西表島 観光,parent: 西表島 旅行
ja,フィジー,3100,フィジー 観光,parent: フィジー 観光
ja,三宮,3100,三宮 観光,parent: 三宮
ja,アゼルバイジャン,3100,アゼルバイジャン 観光,parent: アゼルバイジャン どんな国
ja,銀山温泉,3000,銀山温泉 観光,parent: 銀山温泉 日帰り入浴
ja,能登,3000,能登 観光,parent: 能登
ja,生口島,3000,生口島 観光,parent: 生口島 観光
ja,稚内,3000,稚内 観光,parent: 稚内 観光
ja,蓼科,3000,蓼科 観光,parent: 蓼科 観光
ja,カーボベルデ,3000,カーボベルデ 観光,parent: カーボベルデ 観光
ja,青森駅,3000,青森駅 観光,parent: 青森市 観光
ja,志摩観光ホテル ザ ベイスイート,3000,志摩観光ホテル ザ ベイスイート,parent: 志摩観光ホテル ザ クラシック
ja,天神,2900,天神 観光,parent: 天神
ja,燕三条,2900,燕三条 観光,parent: 燕三条 観光
ja,富山駅,2900,富山駅 観光,parent: 富山駅
ja,日本 観光地 ランキング,2900,日本 観光地 ランキング,parent: 観光地 日本 ランキング
ja,洞爺湖,2900,洞爺湖 観光,parent: 洞爺湖周辺 観光
ja,六本木,2800,六本木 観光,parent: 六本木 観光
ja,名古屋駅周辺,2800,名古屋駅周辺 観光,parent: 名古屋駅周辺観光
ja,博多駅周辺,2800,博多駅周辺 観光,parent: 博多駅 観光
ja,熱海駅,2800,熱海駅 観光,parent: 熱海 観光
ja,モルディブ,2700,モルディブ 観光,parent: モルディブ
ja,礼文島,2700,礼文島 観光,parent: 礼文島
ja,種子島,2700,種子島 観光,parent: 種子島
ja,ジョージア,2700,ジョージア 観光,parent: ジョージア
ja,サイパン,2700,サイパン 観光,parent: サイパン
ja,中国 観光ビザ,2700,中国 観光ビザ,parent: 中国 ビザ免除
ja,淡路島,2700,淡路島 観光 日帰り,parent: 淡路島 観光 モデルコース
ja,沖縄 南部,2600,沖縄 南部 観光,parent: 沖縄 南部 観光
ja,道頓堀,2600,道頓堀 観光,parent: 大阪 道頓堀 観光
ja,仙台 外せない,2600,仙台 観光 外せない,parent: 仙台 観光
ja,ホイアン,2600,ホイアン 観光,parent: ベトナムホイアン
ja,観光バス,2600,観光バス,parent: 信州観光バス
ja,甲府駅,2500,甲府駅 観光,parent: 甲府駅 観光
ja,観光地ランキング,2500,観光地ランキング,parent: 観光地ランキング 都道府県
ja,十勝,2500,十勝 観光,parent: 帯広 観光
ja,水上温泉,2500,水上温泉 観光,parent: 水上 観光
ja,沖縄本島,2500,沖縄本島 観光,parent: 沖縄 観光
ja,洞爺観光ホテル,2500,洞爺観光ホテル,parent: 洞爺観光ホテル
ja,天橋立,2500,天橋立観光,parent: 天橋立
ja,南知多,2500,南知多 観光,parent: 南知多 観光
ja,由布院,2500,由布院 観光,parent: 湯布院
ja,田沢湖,2400,田沢湖 観光,parent: 田沢湖観光
ja,ブダペスト,2400,ブダペスト 観光,parent: ブダペスト 観光
ja,鎌倉観光コース 半日,2400,鎌倉観光コース 半日,parent: 鎌倉 観光スポット
ja,下北沢,2400,下北沢 観光,parent: 下北沢 観光
ja,海部,2400,海部観光,parent: 海部観光
ja,ロシア,2300,ロシア 観光,parent: ロシア 観光
ja,北陸,2300,北陸 観光,parent: 北陸 旅行
ja,蔵王,2300,蔵王 観光,parent: 蔵王
ja,房総半島,2300,房総半島 観光,parent: 房総半島 観光
ja,キング観光生桑,2300,キング観光生桑,parent: キング観光生桑
ja,川湯観光ホテル,2300,川湯観光ホテル,parent: 川湯観光ホテル
ja,金沢市,2300,金沢市 観光,parent: 金沢観光
ja,東伊豆,2300,東伊豆 観光,parent: 東伊豆 観光
ja,ハワイ島,2300,ハワイ島 観光,parent: ハワイ島 観光
ja,摩耶観光ホテル,2300,摩耶観光ホテル,parent: 摩耶観光ホテル ツアー
ja,尾道観光 半日,2300,尾道観光モデルコース 半日,parent: 尾道観光モデルコース 半日
ja,ブラジル,2300,ブラジル 観光,parent: ブラジル
ja,篠島,2300,篠島 観光,parent: 篠島 観光
ja,トルクメニスタン,2300,トルクメニスタン 観光,parent: トルクメニスタン 旅行
ja,トロント,2300,トロント 観光,parent: トロント 観光
ja,北京,2300,北京 観光,parent: 北京
ja,京都観光おすすめ,2200,京都観光おすすめ,parent: 京都 おすすめ
ja,ノブレス観光ホテル,2200,ノブレス観光ホテル,parent: ノブレス観光ホテル
ja,スロベニア,2200,スロベニア 観光,parent: スロベニア 観光
ja,日本観光地ランキング,2200,日本観光地ランキング,parent: 国内旅行 おすすめ
ja,中禅寺湖,2200,中禅寺湖 観光,parent: 中禅寺湖 観光
ja,角館,2200,角館 観光,parent: 角館
ja,ナポリ,2200,ナポリ 観光,parent: ナポリ 観光
ja,北海道観光おすすめ,2200,北海道観光おすすめ,parent: 北海道 おすすめスポット
ja,南西観光ホテル,2200,南西観光ホテル,parent: 南西観光ホテル
ja,長野県,2200,長野県 観光 穴場,parent: 長野県 観光 穴場
ja,エジプト,2200,エジプト観光,parent: エジプト 観光
ja,ネパール,2100,ネパール 観光,parent: ネパール 観光地
ja,湯河原温泉,2100,湯河原温泉 観光,parent: 万葉公園 湯河原
ja,チュニジア,2100,チュニジア 観光,parent: チュニジア
ja,ルクセンブルク,2100,ルクセンブルク 観光,parent: ルクセンブルク 観光
ja,築地,2100,築地 観光,parent: 築地 観光
ja,古宇利島,2100,古宇利島 観光,parent: 古宇利島 観光
ja,沖縄 北部,2100,沖縄 北部 観光,parent: 沖縄 北部 観光
ja,筑波山,2100,筑波山 観光,parent: 筑波山 観光
ja,淡路島,2100,淡路島 観光 モデルコース,parent: 淡路島 観光 モデルコース
ja,アテネ,2100,アテネ 観光,parent: アテネ 観光
ja,男鹿半島,2100,男鹿半島 観光,parent: 男鹿半島 観光
ja,山口市,2100,山口市 観光,parent: 山口市 観光
ja,八重山観光フェリー,2100,八重山観光フェリー,parent: 八重山観光フェリー
ja,スリランカ,2100,スリランカ観光,parent: スリランカ
ja,伊東駅,2100,伊東駅 観光,parent: 伊東 観光
ja,京都市,2000,京都市 観光,parent: 京都 観光
ja,青ヶ島,2000,青ヶ島 観光,parent: 青ヶ島 観光
ja,天王寺,2000,天王寺 観光,parent: 天王寺 観光
ja,中部地方,2000,中部地方 観光,parent: 中部地方 観光
ja,フランクフルト,2000,フランクフルト 観光,parent: ドイツフランクフルト
ja,九十九里浜,2000,九十九里浜 観光,parent: 九十九里 観光
ja,伊江島,2000,伊江島 観光,parent: 伊江島 観光
ja,新大久保,2000,新大久保 観光,parent: 新大久保 観光
ja,キング観光桑名,2000,キング観光桑名,parent: キング観光桑名
ja,ダナン,2000,ダナン観光,parent: ダナン 観光
ja,セブ,2000,セブ 観光,parent: セブ島 観光
ja,シアトル,2000,シアトル 観光,parent: シアトル 観光
ja,鳥取 コナン,2000,鳥取 コナン 観光,parent: 北栄町 コナン 観光
ja,シドニー,2000,シドニー観光,parent: シドニー 観光
ja,岐阜駅,2000,岐阜駅 観光,parent: 岐阜駅周辺
ja,藤田観光株価,2000,藤田観光株価,parent: 藤田観光 株価
ja,中国人 観光客 減った,2000,中国人 観光客 減った,parent: 中国人観光客
ja,ブリュッセル,2000,ブリュッセル 観光,parent: ブリュッセル
ja,式根島,2000,式根島 観光,parent: 式根島
ja,牛窓,2000,牛窓 観光,parent: 牛窓
ja,ウィーン,2000,ウィーン 観光,parent: ウィーン 観光
ja,パプアニューギニア,2000,パプアニューギニア 観光,parent: パプアニューギニア観光
ja,奈良井宿,2000,奈良井宿 観光,parent: 奈良井宿
ja,お台場,2000,お台場観光,parent: お台場 観光
ja,ペルー,1900,ペルー 観光,parent: ペルー 観光
ja,ヨルダン,1900,ヨルダン 観光,parent: ヨルダン観光
ja,鹿児島 若者向け,1900,鹿児島 観光 若者向け,parent: 鹿児島 観光 若者向け
ja,北関東,1900,北関東 観光,parent: 北関東 観光
ja,バングラデシュ,1900,バングラデシュ 観光,parent: バングラデシュ 観光
ja,富士宮,1900,富士宮 観光,parent: 富士宮 観光
ja,さくら観光バス,1900,さくら観光バス,parent: さくら高速バス
ja,道東,1900,道東 観光,parent: 道東 観光
ja,アルゼンチン,1900,アルゼンチン 観光,parent: アルゼンチン 観光
ja,なんば,1900,なんば 観光,parent: 心斎橋 観光
ja,メキシコ,1900,メキシコ 観光,parent: メキシコ 観光
ja,東京観光 女子,1900,東京観光 女子,parent: 東京観光 穴場 女子
ja,コペンハーゲン,1900,コペンハーゲン 観光,parent: コペンハーゲン 国
ja,信楽,1900,信楽 観光,parent: 信楽駅 観光
ja,与論島,1900,与論島 観光,parent: 与論島
ja,周防大島,1900,周防大島 観光,parent: 周防大島
ja,福江島,1800,福江島 観光,parent: 福江島 観光
ja,三重県,1800,三重県 観光地,parent: 三重県 観光
ja,沖縄南部,1800,沖縄南部観光,parent: 沖縄 南部 観光
ja,強羅,1800,強羅 観光,parent: 強羅観光
ja,伊豆長岡,1800,伊豆長岡 観光,parent: 伊豆長岡 観光
ja,チューリッヒ,1800,チューリッヒ 観光,parent: チューリッヒ 観光
ja,志摩市観光農園,1800,志摩市観光農園,parent: 志摩市観光農園
ja,塩釜,1800,塩釜 観光,parent: 塩釜 観光
ja,大洗,1800,大洗観光,parent: 大洗い
ja,横浜 おすすめ,1800,横浜 観光 おすすめ,parent: 横浜 観光
ja,重慶,1800,重慶 観光,parent: 重慶
ja,ベルリン,1800,ベルリン 観光,parent: ベルリン
ja,松江市,1700,松江市 観光,parent: 松江 観光
ja,稚内,1700,稚内観光,parent: 稚内観光
ja,京都 夜,1700,京都 夜 観光,parent: 京都 夜 観光
ja,壱岐島,1700,壱岐島 観光,parent: 壱岐
ja,マダガスカル,1700,マダガスカル 観光,parent: マダガスカル 観光
ja,広州,1700,広州 観光,parent: 広州
ja,新大阪駅,1700,新大阪駅 観光,parent: 新大阪 観光
ja,月島,1700,月島 観光,parent: 月島 観光
ja,ポーランド,1700,ポーランド 観光,parent: ポーランド 観光
ja,黒川温泉,1700,黒川温泉 観光,parent: 黒川温泉
ja,石川県,1700,石川県 観光地,parent: 石川 観光
ja,愛知県,1700,愛知県観光スポット,parent: 愛知県 観光
ja,神楽坂,1700,神楽坂 観光,parent: 神楽坂
ja,キング観光津,1700,キング観光津,parent: 津キング
ja,観光英語,1700,観光英語,parent: 観光 英語
ja,カンクン,1700,カンクン 観光,parent: カンクン 観光
ja,平泉,1700,平泉観光,parent: 平泉 観光
ja,オアフ島,1700,オアフ島 観光,parent: オアフ島
ja,北見,1700,北見 観光,parent: 北見市
ja,セントーサ島,1600,セントーサ島 観光,parent: シンガポール セントーサ島
ja,西安,1600,西安 観光,parent: 西安 地図
ja,観光船,1600,観光船,parent: 観光船
ja,箱根湯本駅,1600,箱根湯本駅 観光,parent: 箱根湯本駅 観光
ja,チリ,1600,チリ 観光,parent: チリ 観光
ja,観光誘致株式会社,1600,観光誘致株式会社,parent: スーツ ユーチューバー
ja,玉造温泉,1600,玉造温泉 観光,parent: 玉造温泉
ja,香川県,1600,香川県 観光スポット,parent: 香川県おすすめスポット
ja,湯河原,1600,湯河原観光,parent: 湯河原 観光
ja,阿智村,1600,阿智村 観光,parent: 阿智村 観光
ja,沖縄 雨,1600,沖縄 雨 観光,parent: 沖縄 雨 観光
ja,久高島,1600,久高島 観光,parent: 久高島
ja,皇居,1600,皇居 観光,parent: 皇居
nl,valkenburg,1700,wat te doen in valkenburg,parent: wat te doen in valkenburg
nl,emmen dit weekend,1400,wat te doen in emmen dit weekend,parent: wat te doen in emmen dit weekend
nl,twente dit weekend,1300,wat te doen in twente dit weekend,parent: uit in twente
nl,twente,1300,wat te doen in twente vandaag,parent: uit in twente
nl,drenthe markten,1100,wat te doen in drenthe vandaag markten,parent: markt drenthe
nl,tilburg dit weekend,900,wat te doen in tilburg dit weekend,parent: agenda tilburg
nl,haarlem dit weekend,900,wat te doen in haarlem dit weekend,parent: wat te doen in haarlem dit weekend
nl,wat is er te doen in brabant braderie,900,wat is er te doen vandaag in brabant braderie,parent: braderie brabant
nl,wat is er te doen in drenthe,900,wat is er te doen in drenthe,parent: wat te doen in drenthe vandaag
nl,fuerteventura,800,fuerteventura bezienswaardigheden,parent: wat te doen op fuerteventura
nl,rotterdam dit weekend,800,wat te doen in rotterdam dit weekend,parent: wat te doen in rotterdam
nl,overijssel dit weekend,700,wat te doen in overijssel dit weekend,parent: wat te doen vandaag overijssel
nl,arnhem dit weekend,700,wat te doen in arnhem dit weekend,parent: activiteiten arnhem
nl,gran canaria,700,bezienswaardigheden gran canaria,parent: wat te doen op gran canaria
nl,apeldoorn dit weekend,700,wat te doen in apeldoorn dit weekend,parent: wat te doen in apeldoorn dit weekend
nl,kreta,700,kreta bezienswaardigheden,parent: kreta bezienswaardigheden
nl,wat te doen tegen vliegen in huis,700,wat te doen tegen vliegen in huis,parent: wat te doen tegen vliegen in huis
nl,gran canaria,600,gran canaria bezienswaardigheden,parent: gran canaria bezienswaardigheden
nl,nijmegen dit weekend,600,wat te doen in nijmegen dit weekend,parent: wat te doen in nijmegen
nl,luik,600,wat te doen in luik,parent: wat te doen in luik
nl,wat is er te doen in groningen,600,wat is er te doen in groningen,parent: wat te doen groningen
nl,vocht in knie wat te doen,600,vocht in knie wat te doen,parent: vocht in knie verwijderen
nl,lanzarote,600,lanzarote bezienswaardigheden,parent: lanzarote
nl,twente,600,wat te doen in twente,parent: wat te doen in twente
nl,gelderland,500,wat te doen in gelderland,parent: wat te doen in gelderland
nl,curacao,500,bezienswaardigheden curacao,parent: bezienswaardigheden curacao
nl,alkmaar dit weekend,500,wat te doen in alkmaar dit weekend,parent: wat te doen in alkmaar
nl,wat is er te doen in den bosch,500,wat is er te doen in den bosch,parent: wat te doen in den bosch
nl,drenthe braderie,500,wat te doen in drenthe braderie,parent: markt drenthe
nl,kefalonia,500,kefalonia bezienswaardigheden,parent: kefalonia bezienswaardigheden
nl,mallorca,500,bezienswaardigheden mallorca,parent: mallorca bezienswaardigheden
nl,wat is er te doen in dordrecht dit weekend,450,wat is er te doen in dordrecht dit weekend,parent: wat is er te doen in dordrecht dit weekend
nl,wat is er te doen in apeldoorn,450,wat is er te doen in apeldoorn,parent: wat te doen in apeldoorn dit weekend
nl,gran canaria,450,wat te doen in gran canaria,parent: wat te doen in gran canaria
nl,wat is er te doen in de buurt,450,wat is er te doen vandaag in de buurt,parent: evenementen in de buurt vandaag
nl,mallorca,450,mallorca bezienswaardigheden,parent: mallorca bezienswaardigheden
nl,samos,450,samos bezienswaardigheden,parent: samos bezienswaardigheden
nl,drenthe morgen,450,wat te doen in drenthe morgen,parent: wat te doen in drenthe vandaag
nl,zuid limburg,450,wat te doen in zuid limburg,parent: wat te doen in zuid limburg
nl,wat is er te doen in zeeland dit weekend,450,wat is er te doen in zeeland dit weekend,parent: wat te doen in zeeland
nl,enschede dit weekend,450,wat te doen in enschede dit weekend,parent: agenda enschede
nl,amersfoort dit weekend,450,wat te doen in amersfoort dit weekend,parent: uitagenda
nl,wat is er te doen in maastricht,450,wat is er te doen in maastricht,parent: activiteiten maastricht
nl,wat is er te doen in friesland,400,wat is er vandaag te doen in friesland,parent: wat te doen in friesland
nl,valkenburg dit weekend,400,wat te doen in valkenburg dit weekend,parent: wat te doen in valkenburg dit weekend
nl,wat te doen tegen teveel eiwit in urine,400,wat te doen tegen teveel eiwit in urine,parent: eiwit in urine
nl,bonaire,400,bonaire bezienswaardigheden,parent: bonaire bezienswaardigheden
nl,wat is er te doen in zwolle,400,wat is er te doen in zwolle,parent: activiteiten zwolle
nl,albanie,400,bezienswaardigheden albanie,parent: bezienswaardigheden albanie
nl,wat is er te doen in arnhem,400,wat is er te doen in arnhem,parent: wat is er te doen in arnhem
nl,sicilie,400,bezienswaardigheden sicilie,parent: sicilie
nl,giethoorn,400,wat te doen in giethoorn,parent: wat te doen in giethoorn
nl,albanie,400,wat te doen in albanie,parent: wat te doen in albanie
nl,utrecht dit weekend,400,wat te doen in utrecht dit weekend,parent: te doen in utrecht
nl,buurt,400,wat te doen in de buurt,parent: wat te doen in de buurt
nl,valkenburg,350,bezienswaardigheden valkenburg,parent: valkenburg activiteiten
nl,gelderland,350,wat te doen in gelderland vandaag,parent: wat te doen in gelderland vandaag
nl,eindhoven dit weekend,350,wat te doen in eindhoven dit weekend,parent: evenementen eindhoven dit weekend
nl,maastricht dit weekend,350,wat te doen in maastricht dit weekend,parent: festival maastricht vandaag
nl,mallorca,350,wat te doen in mallorca,parent: wat te doen op mallorca
nl,texel,350,bezienswaardigheden texel,parent: texel bezienswaardigheden
nl,wat is er te doen in den haag,350,wat is er te doen in den haag,parent: wat te doen in den haag dit weekend
nl,zwarte woud,350,zwarte woud bezienswaardigheden,parent: bezienswaardigheden zwarte woud
nl,japan,350,bezienswaardigheden japan,parent: bezienswaardigheden japan
nl,scheveningen dit weekend,350,wat te doen in scheveningen dit weekend,parent: wat te doen in scheveningen
nl,wat is er te doen in eindhoven,350,wat is er te doen in eindhoven,parent: wat te doen in eindhoven
nl,kaapstad,350,wat te doen in kaapstad,parent: wat te doen kaapstad
nl,sardinie,350,sardinie bezienswaardigheden,parent: sardinie bezienswaardigheden
nl,wat is er te doen in breda,350,wat is er te doen in breda,parent: wat te doen in breda
nl,wat is er te doen in enschede,350,wat is er te doen in enschede,parent: agenda enschede
nl,apeldoorn centrum,350,wat te doen in apeldoorn centrum,parent: wat te doen in apeldoorn
nl,wat is er te doen in nijmegen,350,wat is er te doen in nijmegen,parent: wat te doen in nijmegen
nl,wat is er te doen in amersfoort,350,wat is er te doen in amersfoort,parent: wat te doen in amersfoort
nl,bergen noorwegen,300,wat te doen in bergen noorwegen,parent: bergen norway
nl,venlo dit weekend,300,wat te doen in venlo dit weekend,
nl,groningen dit weekend,300,wat te doen in groningen dit weekend,parent: activiteiten groningen
nl,zweden,300,bezienswaardigheden zweden,parent: bezienswaardigheden zweden
nl,kaapverdië,300,kaapverdië bezienswaardigheden,parent: wat te doen in kaapverdie
nl,sardinie,300,bezienswaardigheden sardinie,parent: sardinie bezienswaardigheden
nl,wat te doen tegen katten in de tuin,300,wat te doen tegen katten in de tuin,parent: katten verjagen
nl,muizen in huis wat te doen,300,muizen in huis wat te doen,parent: muis in huis
nl,slovenie,300,bezienswaardigheden slovenie,parent: bezienswaardigheden slovenie
nl,wat is er te doen in groningen,300,wat is er te doen in groningen vandaag,parent: activiteiten groningen
nl,noorwegen,300,bezienswaardigheden noorwegen,parent: noorwegen
nl,leeuwarden dit weekend,300,wat te doen in leeuwarden dit weekend,parent: wat te doen in leeuwarden
nl,zutphen centrum,300,bezienswaardigheden zutphen centrum,parent: bezienswaardigheden zutphen
nl,harderwijk dit weekend,300,wat te doen in harderwijk dit weekend,parent: wat te doen in harderwijk
nl,cyprus,300,bezienswaardigheden cyprus,parent: cyprus
nl,luik,300,luik bezienswaardigheden,parent: wat te doen in luik
nl,kreta,300,wat te doen in kreta,parent: wat te doen in kreta
nl,santorini,300,santorini bezienswaardigheden,parent: santorini bezienswaardigheden
nl,wat is er te doen in haarlem,300,wat is er te doen in haarlem,parent: wat te doen in haarlem
nl,wat is er te doen in leiden,300,wat is er te doen in leiden,parent: uitagenda leiden
nl,wat is er te doen in leeuwarden,300,wat is er te doen in leeuwarden,parent: wat te doen in leeuwarden vandaag
nl,middelburg dit weekend,300,wat te doen in middelburg dit weekend,parent: wat te doen in middelburg
nl,achterhoek,300,wat te doen in de achterhoek,parent: wat te doen in de achterhoek
nl,wat is er te doen in middelburg,300,wat is er te doen in middelburg,parent: wat te doen in middelburg
nl,breskens,300,wat te doen in breskens,parent: breskens
nl,texel,300,texel bezienswaardigheden,parent: texel bezienswaardigheden
nl,texel,300,wat te doen in texel,parent: wat te doen op texel
nl,chalkidiki,300,chalkidiki bezienswaardigheden,parent: chalkidiki
nl,wat is er te doen in tilburg,300,wat is er te doen in tilburg,parent: agenda tilburg
nl,hoorn dit weekend,250,wat te doen in hoorn dit weekend,parent: wat te doen in hoorn vandaag
nl,corsica,250,corsica bezienswaardigheden,parent: corsica bezienswaardigheden
nl,valkenburg,250,valkenburg bezienswaardigheden,parent: valkenburg activiteiten
nl,wat is er te doen in brabant,250,wat is er te doen vandaag in brabant,parent: uit in brabant
nl,assen dit weekend,250,wat te doen in assen dit weekend,parent: wat te doen in assen dit weekend
nl,friesland morgen,250,wat te doen in friesland morgen,parent: wat te doen in friesland
nl,fuerteventura,250,bezienswaardigheden fuerteventura,parent: fuerteventura bezienswaardigheden
nl,twente morgen,250,wat te doen in twente morgen,parent: uit in twente
nl,muis in huis wat te doen,250,muis in huis wat te doen,parent: muis in huis
nl,wat is er te doen in alkmaar,250,wat is er te doen in alkmaar,parent: wat te doen in alkmaar
nl,breda centrum,250,wat te doen in breda centrum,parent: wat te doen in breda
nl,sardinië,250,sardinië bezienswaardigheden,parent: wat te doen in sardinie
nl,algarve,250,bezienswaardigheden algarve,parent: bezienswaardigheden algarve
nl,egypte,250,bezienswaardigheden egypte,parent: egypte bezienswaardigheden
nl,oosterhout dit weekend,250,wat te doen in oosterhout dit weekend,parent: wat te doen in oosterhout
nl,wat is er te doen in gent,250,wat is er te doen in gent,parent: wat te doen in gent
nl,veere,250,wat te doen in veere,parent: veere
nl,wat is er te doen in twente,250,wat is er vandaag te doen in twente,parent: uit in twente
nl,puglia,250,puglia bezienswaardigheden,parent: bezienswaardigheden puglia
nl,japan,250,wat te doen in japan,parent: japan vakantie tips
nl,thailand,250,thailand bezienswaardigheden,parent: bezienswaardigheden thailand
nl,luik,250,bezienswaardigheden luik,parent: wat te doen in luik
nl,albanië,250,albanië bezienswaardigheden,parent: bezienswaardigheden albanie
nl,herfstvakantie,250,wat te doen in de herfstvakantie,parent: uitje herfstvakantie
nl,oman,250,oman bezienswaardigheden,parent: oman bezienswaardigheden
nl,wat is er te doen in brugge,250,wat is er te doen in brugge,parent: wat te doen in brugge
nl,sicilie,250,wat te doen in sicilie,parent: wat te doen op sicilie
nl,lanzarote,250,bezienswaardigheden lanzarote,parent: lanzarote
nl,wat is er te doen in gelderland,200,wat is er vandaag te doen in gelderland,parent: wat te doen vandaag gelderland
nl,eifel duitsland,200,bezienswaardigheden eifel duitsland,parent: eifel duitsland
nl,wat is er te doen in assen,200,wat is er te doen in assen,parent: wat te doen in assen dit weekend
nl,appelscha,200,wat te doen in appelscha,parent: activiteiten appelscha
nl,wat is er te doen in elburg,200,wat is er te doen in elburg vandaag,parent: elburg wat te doen
nl,harz,200,harz bezienswaardigheden,parent: harz bezienswaardigheden
nl,oostenrijk,200,bezienswaardigheden oostenrijk,parent: bezienswaardigheden oostenrijk
nl,egypte,200,wat te doen in egypte,parent: wat te doen in egypte
nl,callantsoog,200,wat te doen in callantsoog,parent: wat te doen in callantsoog
nl,wat is er te doen in maastricht,200,wat is er te doen in maastricht vandaag,parent: festival maastricht vandaag
nl,thailand,200,bezienswaardigheden thailand,parent: thailand must sees
nl,thailand,200,wat te doen in thailand,parent: wat te doen in thailand
nl,renesse,200,wat te doen in renesse,parent: wat te doen in renesse
nl,leiden dit weekend,200,wat te doen in leiden dit weekend,parent: uitagenda leiden
nl,wat is er te doen in overijssel,200,wat is er vandaag te doen in overijssel,parent: wat te doen vandaag overijssel
pl,wroclaw co zobaczyc w 1 dzien,900,wroclaw co zobaczyc w 1 dzien,
pl,najlepsze restauracje w warszawie,800,najlepsze restauracje w warszawie,
pl,najlepsze restauracje w krakowie,800,najlepsze restauracje w krakowie,
pl,restauracje w warszawie,500,restauracje w warszawie,
pl,co warto zobaczyc w lodzi w jeden dzien,450,co warto zobaczyc w lodzi w jeden dzien,
pl,restauracje w krakowie,450,restauracje w krakowie,
pl,co zobaczyc w poznaniu w jeden dzien,350,co zobaczyc w poznaniu w jeden dzien,
pl,co warto zobaczyc w warszawie w jeden dzien,350,co warto zobaczyc w warszawie w jeden dzien,
pl,praga co zobaczyc w jeden dzien,350,praga co zobaczyc w jeden dzien,
pl,wiedzen co zobaczyc w 1 dzien,300,wiedzen co zobaczyc w 1 dzien,
pl,restauracje w poznaniu,300,restauracje w poznaniu,
pl,barcelona co zobaczyc,250,barcelona co zobaczyc w 3 dni,
pl,co zobaczyc w rzymie przez 3 dni,250,co zobaczyc w rzymie przez 3 dni,
pl,bieszczady co zobaczyc,250,bieszczady w 3 dni co zobaczyc,
pl,malta co zobaczyc,250,malta co zobaczyc w 3 dni,
pl,berlin co warto zobaczyc w jeden dzien,250,berlin co warto zobaczyc w jeden dzien,
pl,barcelona co zobaczyc,200,barcelona co zobaczyc w 4 dni,
pl,lodz co zobaczyc w jeden dzien,200,lodz co zobaczyc w jeden dzien,
pl,wenecja co zobaczyc w 1 dzien,200,wenecja co zobaczyc w 1 dzien,
pl,restauracje w sopocie,200,restauracje w sopocie,
pl,muzea w poznaniu,200,muzea w poznaniu,
pl,restauracje w katowicach,200,restauracje w katowicach,
pl,najlepsze restauracje w szczecinie,200,najlepsze restauracje w szczecinie,
pl,najlepsze restauracje w zakopanem,200,najlepsze restauracje w zakopanem,
pl,restauracje w gdansku,200,restauracje w gdansku,
pl,restauracje w szczecinie,200,restauracje w szczecinie,
pl,restauracje w lodzi,200,restauracje w lodzi,
pt,monte verde,7500,o que fazer em monte verde,parent: monte verde o que fazer
pt,itaipava,1900,o que fazer em itaipava,parent: o que fazer em itaipava
pt,morro de sao paulo,1700,o que fazer em morro de sao paulo,parent: passeios morro de sao paulo
pt,bonito ms,1600,o que fazer em bonito ms,parent: o que fazer em bonito
pt,penha sc,1500,o que fazer em penha sc,parent: o que fazer em penha sc a noite
pt,minas gerais,1500,o que fazer em minas gerais,parent: o que fazer em minas gerais
pt,nova york,1500,o que fazer em nova york,parent: o que fazer em ny
pt,santiago chile,1500,o que fazer em santiago chile,parent: o que fazer em santiago
pt,bruxelas,1300,o que fazer em bruxelas,parent: o que fazer em bruxelas
pt,visconde de maua,1300,o que fazer em visconde de maua,parent: visconde de maua
pt,gonçalves,1300,o que fazer em gonçalves,parent: o que fazer em gonçalves mg
pt,veneza,1300,o que fazer em veneza,parent: o que fazer em veneza em 3 dias
pt,paranapiacaba,1300,o que fazer em paranapiacaba,parent: paranapiacaba o que fazer
pt,gripe em bebê de 1 mês o que fazer,1200,gripe em bebê de 1 mês o que fazer,parent: gripe em bebê de 1 mês o que fazer
pt,tiradentes mg,1100,o que fazer em tiradentes mg,parent: o que fazer em tiradentes
pt,arraial d'ajuda,1100,o que fazer em arraial d'ajuda,parent: onde fica arraial d'ajuda
pt,vitoria es,1100,o que fazer em vitoria es,parent: o que fazer em vitoria
pt,penedo rj,1100,o que fazer em penedo rj,parent: penedo o que fazer
pt,buenos aires em 5 dias,1100,o que fazer em buenos aires em 5 dias,parent: o que fazer em buenos aires em 5 dias
pt,gonçalves mg,1100,o que fazer em gonçalves mg,parent: o que fazer em gonçalves
pt,caraiva,1100,o que fazer em caraiva,parent: caraiva o que fazer
pt,fernando de noronha,1100,o que fazer em fernando de noronha,parent: o que fazer em fernando de noronha
pt,santa teresa es,1000,o que fazer em santa teresa es,parent: o que fazer em santa teresa es
pt,lavras novas,900,o que fazer em lavras novas,parent: o que fazer em lavras novas
pt,canoa quebrada,900,o que fazer em canoa quebrada,parent: o que fazer em canoa quebrada
pt,monte verde mg,900,o que fazer em monte verde mg,parent: o que fazer em monte verde
pt,assunção paraguai,900,o que fazer em assunção paraguai,parent: o que fazer em assunção paraguai
pt,porto portugal,900,o que fazer em porto portugal,parent: o que fazer em porto portugal
pt,lima peru,900,o que fazer em lima peru,parent: o que fazer em lima
pt,maresias,900,o que fazer em maresias,parent: maresias
pt,aguas de sao pedro,800,o que fazer em aguas de sao pedro,parent: o que fazer em são pedro sp
pt,sp a noite,800,o que fazer em sp hoje a noite,parent: o que fazer em sao paulo
pt,boipeba,800,o que fazer em boipeba,parent: boipeba
pt,sao lourenço mg,800,o que fazer em sao lourenço mg,parent: o que fazer em sao lourenço mg
pt,natal rn,800,o que fazer em natal rn,parent: pontos turísticos em natal
pt,caso de queimadura,800,o que fazer em caso de queimadura,parent: oque passar na queimadura
pt,ubatuba com chuva,800,o que fazer em ubatuba com chuva,parent: o que fazer em ubatuba com chuva
pt,gramado e canela,800,o que fazer em gramado e canela,parent: lugares para visitar em gramado
pt,curitiba a noite,800,o que fazer em curitiba a noite,parent: passeios em curitiba
pt,florianópolis com chuva,700,o que fazer em florianópolis com chuva,parent: o que fazer em florianópolis com chuva
pt,holambra sp,700,o que fazer em holambra sp,parent: o que fazer em holambra
pt,ibitipoca,700,o que fazer em ibitipoca,parent: ibitipoca o que fazer
pt,águas de são pedro,700,o que fazer em águas de são pedro,parent: águas de são pedro o que fazer
pt,gramado com chuva,700,o que fazer em gramado com chuva,parent: o que fazer em gramado com chuva
pt,curitiba com crianças,700,o que fazer em curitiba com crianças,parent: curitiba com crianças
pt,curaçao,700,o que fazer em curaçao,parent: o que fazer em curaçao
pt,foz do iguaçu a noite,700,o que fazer em foz do iguaçu a noite,parent: o que fazer em foz do iguaçu a noite
pt,prado bahia,700,o que fazer em prado bahia,parent: prado bahia
pt,porto de galinhas a noite,700,o que fazer em porto de galinhas a noite,parent: o que fazer a noite em porto de galinhas
pt,o que fazer com criancas em sao paulo,700,o que fazer com criancas em sao paulo,parent: lugares para levar crianças em sp
pt,sao paulo com crianças,700,o que fazer em sao paulo com crianças,parent: programação infantil abc
pt,istambul,700,o que fazer em istambul,parent: what to do in istanbul
pt,congonhas mg,700,o que fazer em congonhas mg,parent: o que fazer em congonhas mg
pt,o que fazer para menstruação descer em 30 minutos,700,o que fazer para menstruação descer em 30 minutos,parent: cha para descer menstruação
pt,natal a noite,700,o que fazer em natal a noite,parent: o que fazer a noite em natal
pt,vitória espírito santo,700,o que fazer em vitória espírito santo,parent: o que fazer em vitoria es
pt,gramado com crianças,700,o que fazer em gramado com crianças,parent: o que fazer em gramado com crianças
pt,ilha bela,600,o que fazer em ilha bela,parent: o que fazer em ilha bela
pt,natal rio grande do norte,600,o que fazer em natal rio grande do norte,parent: pontos turisticos natal
pt,munique,600,o que fazer em munique,parent: munique
pt,zurique,600,o que fazer em zurique,parent: o que fazer em zurique em 1 dia
pt,cunha sp,600,o que fazer em cunha sp,parent: cunha são paulo
pt,luxemburgo,600,o que fazer em luxemburgo,parent: o que fazer em luxemburgo
pt,dor de ouvido em criança o que fazer,600,dor de ouvido em criança o que fazer,parent: dor de ouvido em criança
pt,tosse em bebê de 2 meses o que fazer,600,tosse em bebê de 2 meses o que fazer,parent: tosse em bebê quando se preocupar
pt,cumbuco,600,o que fazer em cumbuco,parent: o que fazer em cumbuco
pt,santiago no chile,600,o que fazer em santiago no chile,parent: o que fazer em santiago
pt,crise de tosse seca em criança o que fazer,600,crise de tosse seca em criança o que fazer,parent: meu filho não para de tossir o que fazer
pt,recife a noite,600,o que fazer em recife a noite,parent: o que fazer em recife a noite
pt,uma crise de ansiedade,600,o que fazer em uma crise de ansiedade,parent: como controlar a ansiedade
pt,itaipava rj,500,o que fazer em itaipava rj,parent: o que fazer em itaipava
pt,visconde de mauá,500,o que fazer em visconde de mauá,parent: visconde de mauá
pt,juquehy,500,o que fazer em juquehy,parent: o que fazer em juquehy
pt,bariloche no inverno,500,o que fazer em bariloche no inverno,parent: o que fazer em bariloche
pt,fortaleza em 5 dias,500,o que fazer em fortaleza em 5 dias,parent: o que fazer em fortaleza em 5 dias
pt,praia grande sc,500,o que fazer em praia grande sc,parent: o que fazer em praia grande sc
pt,foz do iguaçu com crianças,500,o que fazer em foz do iguaçu com crianças,parent: o que fazer em foz do iguaçu com crianças
pt,maragogi a noite,500,o que fazer em maragogi a noite,parent: o que fazer em maragogi a noite
pt,monte verde,500,o que fazer em monte verde em 3 dias,parent: o que tem para fazer em monte verde
pt,olimpia sp,500,o que fazer em olimpia sp,parent: olimpia
pt,natal em 5 dias,500,o que fazer em natal em 5 dias,parent: o que fazer em natal em 3 dias
pt,crise de ansiedade,500,o que fazer em crise de ansiedade,parent: como controlar a ansiedade
pt,ouro preto mg,450,o que fazer em ouro preto mg,parent: things to do in ouro preto
pt,barra grande piaui,450,o que fazer em barra grande piaui,parent: o que fazer em barra grande piaui
pt,orlando além dos parques,450,o que fazer em orlando além dos parques,parent: o que fazer em orlando fora os parques
pt,canasvieiras,450,o que fazer em canasvieiras,parent: canasvieiras
pt,socorro sp,450,o que fazer em socorro sp,parent: socorro
pt,palmas tocantins,450,o que fazer em palmas tocantins,parent: o que fazer em palmas tocantins
pt,mendoza argentina,450,o que fazer em mendoza argentina,parent: o que fazer em mendoza
pt,joão pessoa a noite,450,o que fazer em joão pessoa a noite,parent: o que fazer em joão pessoa a noite
pt,sp com crianças,450,o que fazer em sp com crianças,parent: lugares para levar crianças em sp
pt,caso de desmaio,450,o que fazer em caso de desmaio,parent: desmaio
pt,monte verde,450,o que fazer em monte verde em 2 dias,parent: hugel bar monte verde
pt,balneário camboriú a noite,450,o que fazer em balneário camboriú a noite,parent: o que fazer em balneário camboriú a noite
pt,foz do iguaçu em 5 dias,450,o que fazer em foz do iguaçu em 5 dias,parent: roteiro foz do iguaçu
pt,porto seguro em 7 dias,450,o que fazer em porto seguro em 7 dias,parent: o que fazer em porto seguro em 5 dias
pt,cuba,450,o que fazer em cuba,parent: o que fazer em cuba
pt,paraty com chuva,450,o que fazer em paraty com chuva,parent: o que fazer em paraty com chuva
pt,caso de infarto,450,o que fazer em caso de infarto,parent: o que fazer em caso de infarto
pt,canela rs,400,o que fazer em canela rs,parent: o que fazer em canela
pt,salta argentina,400,o que fazer em salta argentina,parent: o que fazer em salta argentina
pt,arraial do cabo a noite,400,o que fazer em arraial do cabo a noite,parent: o que fazer em arraial do cabo a noite
pt,maceió a noite,400,o que fazer em maceió a noite,parent: o que fazer a noite em maceio
pt,capitólio a noite,400,o que fazer em capitólio a noite,parent: o que fazer em capitólio a noite
pt,aracaju em 5 dias,400,o que fazer em aracaju em 5 dias,parent: o que fazer em aracaju
pt,mariana mg,400,o que fazer em mariana mg,parent: o que fazer em mariana mg
pt,rifaina,400,o que fazer em rifaina,parent: rifaina
pt,cabo frio a noite,400,o que fazer em cabo frio a noite,parent: o que fazer em cabo frio a noite
pt,aparecida do norte a noite,400,o que fazer em aparecida do norte a noite,parent: o que fazer em aparecida do norte a noite
pt,o que fazer em brasilia,400,o que fazer hoje em brasilia,parent: o que fazer em brasília hoje
pt,dor de ouvido em bebê o que fazer para aliviar,400,dor de ouvido em bebê o que fazer para aliviar,parent: como saber se o bebe esta com dor de ouvido
pt,buenos aires em 4 dias,400,o que fazer em buenos aires em 4 dias,parent: o que fazer em buenos aires em 4 dias
pt,diamantina mg,400,o que fazer em diamantina mg,parent: o que fazer em diamantina
pt,porto seguro com chuva,400,o que fazer em porto seguro com chuva,parent: o que fazer em porto seguro com chuva
pt,porto seguro em 5 dias,400,o que fazer em porto seguro em 5 dias,parent: o que fazer em porto seguro em 5 dias
pt,serra negra sp,400,o que fazer em serra negra sp,parent: serra negra
pt,rio quente,350,o que fazer em rio quente,parent: o que fazer em rio quente
pt,urubici sc,350,o que fazer em urubici sc,parent: o que fazer em urubici
pt,marrocos,350,o que fazer em marrocos,parent: o que fazer em marrocos
pt,ny,350,o que fazer em ny,parent: o que fazer em ny
pt,o que fazer no chile em 5 dias,350,o que fazer no chile em 5 dias,parent: o que fazer no chile em 5 dias
pt,flecheiras,350,o que fazer em flecheiras,parent: o que fazer em flecheiras
pt,bonito pe,350,o que fazer em bonito pe,parent: o que fazer em bonito pe
pt,maceio 5 dias,350,o que fazer em maceio 5 dias,parent: o que fazer em maceio
pt,salvador em 5 dias,350,o que fazer em salvador em 5 dias,parent: roteiro salvador
pt,paquetá,350,o que fazer em paquetá,parent: o que fazer em paquetá
pt,santos sp,350,o que fazer em santos sp,parent: o que fazer em santos
pt,o que fazer no uruguai em 5 dias,350,o que fazer no uruguai em 5 dias,parent: o que fazer no uruguai em 5 dias
pt,me furei com agulha usada em paciente o que fazer,350,me furei com agulha usada em paciente o que fazer,parent: me furei com agulha usada em paciente o que fazer
pt,santa teresa rj,350,o que fazer em santa teresa rj,parent: o que fazer em santa teresa rj
pt,caso de convulsão,350,o que fazer em caso de convulsão,parent: convulsão o que fazer
pt,são miguel dos milagres a noite,350,o que fazer em são miguel dos milagres a noite,parent: o que fazer em são miguel dos milagres a noite
pt,são roque sp,350,o que fazer em são roque sp,parent: imagens de são roque
pt,o que fazer para vender em casa,350,o que fazer para vender em casa,parent: coisas para vender em casa
pt,madri,350,o que fazer em madri,parent: o que fazer em madrid
pt,corumbau,350,o que fazer em corumbau,parent: corumbau
pt,extrema mg,350,o que fazer em extrema mg,parent: extrema
pt,atins,300,o que fazer em atins,parent: atins
pt,o que fazer no rio de janeiro,300,o que fazer no rio de janeiro em 3 dias,parent: o que fazer no rio de janeiro em 3 dias
pt,cartagena colombia,300,o que fazer em cartagena colombia,parent: o que fazer em cartagena
pt,porto seguro a noite,300,o que fazer em porto seguro a noite,parent: o que fazer em porto seguro a noite
pt,foz do iguaçu em 4 dias,300,o que fazer em foz do iguaçu em 4 dias,parent: roteiro foz do iguaçu 4 dias
pt,o que fazer no uruguai em 7 dias,300,o que fazer no uruguai em 7 dias,parent: o que fazer no uruguai em 7 dias
pt,o que fazer domingo em sp,300,o que fazer domingo em sp,parent: o.que fazer em.sao paulo
pt,catas altas mg,300,o que fazer em catas altas mg,parent: o que fazer em catas altas mg
pt,blumenau sc,300,o que fazer em blumenau sc,parent: o que fazer em blumenau
pt,campos do jordão com chuva,300,o que fazer em campos do jordão com chuva,parent: o que fazer em campos do jordão com chuva
pt,cumuruxatiba,300,o que fazer em cumuruxatiba,parent: hospedagem cumuruxatiba
pt,o que fazer no tédio em casa,300,o que fazer no tédio em casa,parent: o que fazer em casa no tedio
pt,angra dos reis a noite,300,o que fazer em angra dos reis a noite,parent: centro de angra dos reis a noite
pt,brotas sp,300,o que fazer em brotas sp,parent: o que fazer em brotas
pt,o que fazer a noite em curitiba,300,o que fazer a noite em curitiba,parent: lugares para ir em curitiba a noite
pt,lavras mg,300,o que fazer em lavras mg,parent: o que fazer em lavras
pt,curitiba com chuva,300,o que fazer em curitiba com chuva,parent: o que fazer em curitiba com chuva
pt,machu picchu,300,o que fazer em machu picchu,parent: o que fazer em machu picchu
pt,tosse seca em criança o que fazer,300,tosse seca em criança o que fazer,parent: tosse seca em criança
pt,cabo frio com chuva,300,o que fazer em cabo frio com chuva,parent: o que fazer em cabo frio com chuva
pt,lapinha da serra,300,o que fazer em lapinha da serra,parent: o que fazer em lapinha da serra
pt,picada de abelha em criança o que fazer,300,picada de abelha em criança o que fazer,parent: picada de abelha o que fazer
pt,goias velho,300,o que fazer em goias velho,parent: o que fazer em goias velho
pt,venda nova do imigrante,300,o que fazer em venda nova do imigrante,parent: o que fazer em venda nova do imigrante
pt,curacao,300,o que fazer em curacao,parent: o que fazer em curacao
pt,campos do jordão a noite,300,o que fazer em campos do jordão a noite,parent: o que fazer em campos do jordão a noite
pt,pequim,300,o que fazer em pequim,parent: o que fazer em pequim
pt,o que fazer a noite em foz do iguaçu,300,o que fazer a noite em foz do iguaçu,parent: o que fazer em foz do iguaçu a noite
pt,cordoba argentina,300,o que fazer em cordoba argentina,parent: o que fazer em cordoba argentina
pt,blumenau com crianças,300,o que fazer em blumenau com crianças,parent: o que fazer em blumenau com crianças
pt,carrancas,300,o que fazer em carrancas,parent: carrancas
pt,sao paulo no domingo,300,o que fazer em sao paulo no domingo,parent: o que fazer em sp hoje
pt,dor de barriga em criança o que fazer,300,dor de barriga em criança o que fazer,parent: criança com dor na barriga
pt,o que fazer na argentina em 5 dias,300,o que fazer na argentina em 5 dias,parent: o que fazer em buenos aires
pt,o que tem para fazer em campos do jordão,300,o que tem para fazer em campos do jordão,parent: campos do jordão
pt,paraty a noite,300,o que fazer em paraty a noite,parent: paraty a noite
pt,santiago em 5 dias,300,o que fazer em santiago em 5 dias,parent: o que fazer em santiago em 5 dias
pt,poços de caldas a noite,300,o que fazer em poços de caldas a noite,parent: restaurantes em poços de caldas
sv,skåne,1000,att göra i skåne,parent: utflykt skåne
sv,annorlunda stockholm,1000,annorlunda saker att göra i stockholm,parent: saker att göra stockholm
sv,sverige,800,sevärdheter sverige,parent: sevärdheter sverige
sv,stockholm gratis,800,att göra i stockholm idag gratis,parent: att göra i stockholm idag gratis
sv,mysiga stockholm,700,mysiga saker att göra i stockholm,parent: saker att göra
sv,gotland,600,sevärdheter gotland,parent: gotland sevärdheter
sv,roliga stockholm,600,roliga saker att göra i stockholm,parent: att göra i stockholm
sv,dalarna,500,sevärdheter dalarna,parent: att göra i dalarna
sv,göteborg vuxna,500,att göra i göteborg vuxna,parent: att göra i göteborg
sv,skåne,500,sevärdheter skåne,parent: sevärdheter skåne
sv,dalarna,450,att göra i dalarna,parent: att göra i dalarna
sv,gotland,400,gotland sevärdheter,parent: sevärdheter gotland
sv,skåne,350,att göra i skåne med barn,parent: roliga dagsutflykter skåne
sv,skåne,350,saker att göra i skåne,parent: sevärdheter skåne
sv,västra götaland,300,sevärdheter västra götaland,parent: sevärdheter västra götaland
sv,stockholm i helgen,300,att göra i stockholm i helgen,parent: vad händer i stockholm idag
sv,gränna,300,att göra i gränna,parent: att göra i gränna
sv,värmland,300,att göra i värmland,parent: att göra i värmland
sv,österlen,250,österlen sevärdheter,parent: österlen sevärdheter
sv,ovanliga sverige,250,ovanliga sevärdheter sverige,parent: udda utflykter
sv,roliga göteborg,250,roliga saker att göra i göteborg,parent: roliga saker att göra i göteborg
sv,i stockholm,250,sevärdheter i stockholm,parent: sevärdheter stockholm
sv,bryssel,250,bryssel sevärdheter,parent: bryssel sevärdheter
sv,värmland,250,sevärdheter värmland,parent: att göra i värmland
sv,öland,250,öland sevärdheter,parent: öland sevärdheter
sv,i rom,250,sevärdheter i rom,parent: att göra i rom
sv,mariefred,200,att göra i mariefred,parent: att göra i mariefred
sv,bornholm karta,200,bornholm karta sevärdheter,parent: bornholm att göra
sv,sverige,200,saker att göra i sverige,parent: bucketlist
sv,österlen,200,sevärdheter österlen,parent: sevärdheter österlen
sv,roliga uppsala,200,roliga saker att göra i uppsala,parent: aktiviteter uppsala
sv,halland,200,sevärdheter halland,parent: att göra i halland
sv,skåne,200,skåne sevärdheter,parent: sevärdheter skåne
sv,rügen,200,rügen sevärdheter,parent: rügen sevärdheter
sv,udda dalarna,200,udda sevärdheter dalarna,parent: udda sevärdheter dalarna
sv,i barcelona,200,sevärdheter i barcelona,parent: barcelona sevärdheter
sv,att göra i uppsala,200,att göra med barn i uppsala,parent: att göra i uppsala med barn
sv,småland,200,att göra i småland,parent: visit småland
sv,öland,200,sevärdheter öland,parent: öland sevärdheter
sv,i london,200,sevärdheter i london,parent: london sevärdheter
sv,i köpenhamn,200,sevärdheter i köpenhamn,parent: sevärdheter köpenhamn
sv,göteborg i helgen,200,att göra i göteborg i helgen,parent: vad händer i göteborg idag
sv,sälen på sommaren,200,att göra i sälen på sommaren,parent: sommar sälen
sv,frankrike,200,frankrike sevärdheter,parent: frankrike
sv,kap verde,200,kap verde sevärdheter,parent: kap verde sevärdheter
sv,kreta,200,kreta sevärdheter,parent: att göra på kreta
sv,udda berlin,200,udda saker att göra i berlin,parent: udda saker att göra i berlin
sv,billiga göteborg,150,billiga saker att göra i göteborg,parent: gratis museum göteborg
sv,värmland,150,att göra i värmland idag,parent: händer i värmland
sv,udda london,150,udda saker att göra i london,parent: udda saker att göra i london
sv,japan,150,japan sevärdheter,parent: japanskt tempel
sv,cypern,150,cypern sevärdheter,parent: att göra på cypern
sv,att göra i stockholm,150,att göra med barn i stockholm idag,parent: att göra med barn i stockholm idag
sv,södra sverige,150,sevärdheter södra sverige,parent: att göra i södra sverige
sv,roligt stockholm,150,roligt att göra i stockholm,parent: att göra i stockholm
sv,sverige,150,sverige sevärdheter,parent: sevärdheter sverige
sv,gratis stockholm,150,gratis saker att göra i stockholm,parent: museum barn stockholm
sv,frankrike,150,sevärdheter frankrike,parent: frankrike
sv,i oslo,150,sevärdheter i oslo,parent: sevärdheter oslo
sv,att göra i skåne,150,att göra med barn i skåne,parent: att göra med barn i skåne
sv,jylland,150,jylland sevärdheter,parent: jylland sevärdheter
sv,västkusten,150,sevärdheter västkusten,parent: västkusten
sv,sälen,150,att göra i sälen,parent: att göra i sälen
sv,romantiska jönköping,150,romantiska saker att göra i jönköping,parent: romantiska saker att göra i jönköping
sv,gran canaria med bil,150,sevärdheter gran canaria med bil,parent: sevärdheter gran canaria med bil
sv,vad finns det göteborg,150,vad finns det att göra i göteborg,parent: att göra i göteborg
sv,i new york,150,sevärdheter i new york,parent: sevärdheter new york
sv,norra tyskland,150,sevärdheter norra tyskland,parent: pärlor norra tyskland
sv,sivota,150,att göra i sivota,parent: sivota
sv,sardinien,150,sardinien sevärdheter,parent: sardinien
sv,i prag,150,sevärdheter i prag,parent: att göra i prag
sv,vad finns det stockholm,150,vad finns det att göra i stockholm,parent: att göra stockholm
sv,i sverige,150,sevärdheter i sverige,parent: sevärdheter sverige
sv,london gratis,150,att göra i london gratis,parent: att göra i london gratis
sv,järvsö,150,att göra i järvsö,parent: att göra i järvsö
sv,bohuslän,150,bohuslän sevärdheter,parent: bohuslän sevärdheter
sv,jokkmokk,150,jokkmokk sevärdheter,parent: sevärdheter jokkmokk
sv,sverige,150,att göra i sverige,parent: upplevelser sverige
sv,dalsland,150,sevärdheter dalsland,parent: att göra i dalsland
sv,malmö i helgen,150,att göra i malmö i helgen,parent: vad händer i malmö idag
sv,göteborg när det regnar,150,att göra i göteborg när det regnar,parent: inomhusaktiviteter göteborg
sv,dalsland,150,dalsland sevärdheter,parent: dalsland sevärdheter
sv,dalarna,150,att göra i dalarna med barn,parent: att göra i dalarna med barn
sv,bornholm,150,sevärdheter bornholm,parent: sevärdheter bornholm
sv,träslöjden,150,saker att göra i träslöjden,parent: träslöjd ideer
sv,höga kusten,150,höga kusten sevärdheter,parent: höga kusten sevärdheter
sv,i skåne,150,sevärdheter i skåne,parent: udda aktiviteter skåne
sv,smögen,150,smögen sevärdheter,parent: att göra i smögen
sv,runt vättern,150,sevärdheter runt vättern,parent: vättern
sv,stockholm gratis,150,att göra i stockholm gratis,parent: att göra i stockholm idag gratis
sv,blekinge,150,att göra i blekinge,parent: att göra i blekinge
sv,kreta,150,sevärdheter kreta,parent: kreta sevärdheter
sv,bornholm,150,bornholm sevärdheter,parent: sevärdheter bornholm
sv,skaraborg,150,att göra i skaraborg,parent: utflyktsmål skaraborg
sv,ayia napa,150,ayia napa sevärdheter,parent: ayia napa sevärdheter
sv,i norge,150,sevärdheter i norge,parent: sevärdheter norge
sv,att göra i köpenhamn,150,att göra med barn i köpenhamn,parent: köpenhamn med barn
sv,grebbestad,150,att göra i grebbestad,parent: att göra i grebbestad
sv,aktiviteter stockholm,150,aktiviteter att göra i stockholm,parent: vad kan man göra i stockholm
sv,sommar,150,saker att göra i sommar,parent: saker att göra i sommar
sv,blekinge,150,sevärdheter blekinge,parent: sevärdheter i blekinge
sv,sälen om man inte åker skidor,150,att göra i sälen om man inte åker skidor,parent: att göra i sälen om man inte åker skidor
sv,åre på sommaren,150,att göra i åre på sommaren,parent: att göra i åre på sommaren
sv,europa,150,sevärdheter europa,parent: sevärdheter europa
sv,normandie,150,normandie sevärdheter,parent: normandie
sv,roliga sverige,150,roliga saker att göra i sverige,parent: semester södra sverige
sv,australien,150,australien sevärdheter,parent: sevärdheter australien
sv,bohuslän,150,sevärdheter bohuslän,parent: sevärdheter bohuslän
sv,småland karta,150,sevärdheter småland karta,parent: visit småland
sv,udda rom,150,udda saker att göra i rom,parent: udda saker att göra i rom
sv,östergötland i helgen,150,att göra i östergötland i helgen,parent: östergötland
sv,i dalarna,150,sevärdheter i dalarna,parent: att göra i dalarna
sv,billiga stockholm,150,billiga saker att göra i stockholm,parent: gratis i stockholm
sv,själland,150,själland sevärdheter,parent: pärlor på själland
sv,fuerteventura,150,fuerteventura sevärdheter,parent: saker du kan göra i fuerteventura
sv,norrköping barn,150,att göra i norrköping barn,parent: att göra i norrköping barn
sv,vildmarksvägen,150,vildmarksvägen sevärdheter,parent: vildmarksvägen
sv,gränna,150,gränna sevärdheter,parent: att göra i gränna
sv,i göteborg,150,sevärdheter i göteborg,parent: saker att göra i göteborg
sv,dalarna,150,dalarna sevärdheter,parent: att göra i dalarna
sv,uppland,150,sevärdheter uppland,parent: sevärdheter uppland
sv,att göra i malmö,150,att göra med barn i malmö,parent: kul i malmö
sv,vaxholm,150,vaxholm sevärdheter,parent: vaxholm sevärdheter
sv,i danmark,150,sevärdheter i danmark,parent: saker att göra i danmark
sv,kiruna sommar,150,att göra i kiruna sommar,
sv,kivik,150,kivik sevärdheter,parent: kivik sevärdheter
sv,örebro i helgen,150,att göra i örebro i helgen,parent: händer i örebro
sv,sörmland,100,att göra i sörmland,parent: utflyktsmål sörmland
sv,skaraborg,100,sevärdheter skaraborg,parent: sevärdheter skaraborg
sv,sverige karta,100,sevärdheter sverige karta,parent: sevärdheter sverige karta
sv,gran canaria,100,sevärdheter gran canaria,parent: att göra på gran canaria
sv,roliga malmö,100,roliga saker att göra i malmö,parent: aktiviteter malmö
sv,på gotland,100,sevärdheter på gotland,parent: gotland sevärdheter
sv,uppland,100,att göra i uppland,parent: underbara utflykter runt uppsala
sv,samos,100,samos sevärdheter,parent: samos sevärdheter
sv,vemdalen,100,att göra i vemdalen,parent: vemdalen
sv,göteborg ungdom,100,saker att göra i göteborg ungdom,parent: att göra i göteborg med barn
sv,runt vänern,100,sevärdheter runt vänern,parent: sevärdheter runt vänern
sv,västergötland,100,sevärdheter västergötland,parent: sevärdheter västergötland
sv,stockholm imorgon,100,att göra i stockholm imorgon,
sv,hawaii,100,hawaii sevärdheter,parent: hawaii
sv,dalarna,100,saker att göra i dalarna,parent: att göra i dalarna
sv,lanzarote,100,lanzarote sevärdheter,parent: lanzarote sevärdheter
sv,annorlunda paris,100,annorlunda saker att göra i paris,parent: annorlunda saker att göra i paris
sv,i wien,100,sevärdheter i wien,parent: wien sevärdheter
sv,lofoten karta,100,lofoten karta sevärdheter,parent: lofoten norge
sv,cypern,100,sevärdheter cypern,parent: att göra på cypern
sv,toscana,100,att göra i toscana,parent: att göra i toscana
sv,mexiko,100,mexiko sevärdheter,parent: sevärdheter i mexiko
sv,hälsingland,100,sevärdheter hälsingland,parent: smultronställen hälsingland
sv,grebbestad,100,grebbestad sevärdheter,parent: att göra i grebbestad
sv,roliga london,100,roliga saker att göra i london,parent: att göra i london
tr,urlada,5400,urlada gezilecek yerler,parent: urla gezilecek yerler
tr,izmirde,5200,izmirde gezilecek yerler,parent: izmir gezilecek yerler
tr,köyceğiz,4100,köyceğiz gezilecek yerler,parent: köyceğiz gezilecek yerler
tr,kosova,4000,kosova gezilecek yerler,parent: kosova gezilecek yerler
tr,avrupa yakası,3900,avrupa yakası gezilecek yerler,parent: istanbul avrupa yakası gezilecek yerler
tr,kopenhag,3700,kopenhag gezilecek yerler,parent: kopenhag'da gezilecek yerler
tr,budapeşte,3600,budapeşte gezilecek yerler,parent: budapeşte
tr,moldova,3400,moldova gezilecek yerler,parent: moldova gezilecek yerler
tr,bozcaada,3300,bozcaada gezilecek yerler,parent: bozcaada
tr,hatay,3300,hatay gezilecek yerler,parent: hatay'ın doğal güzellikleri
tr,alaçatı,3200,alaçatı gezilecek yerler,parent: alaçatı'da gezilecek yerler
tr,akyaka,3000,akyaka gezilecek yerler,parent: akyaka muğla
tr,antalyada,3000,antalyada gezilecek yerler,parent: antalya gezilecek yerler
tr,şirince,2900,şirince gezilecek yerler,parent: şirince gezilecek yerler
tr,sarıyer,2800,sarıyer gezilecek yerler,parent: sarıyerde gezilecek yerler
tr,cunda,2800,cunda gezilecek yerler,parent: ayvalık cunda gezilecek yerler
tr,heybeliada,2800,heybeliada gezilecek yerler,parent: heybeliada
tr,assos,2500,assos gezilecek yerler,parent: çanakkale assos
tr,antalya merkez,2500,antalya merkez gezilecek yerler,parent: antalya merkez gezilecek yerler
tr,kuzguncuk,2500,kuzguncuk gezilecek yerler,parent: kuzguncuk gezilecek yerler
tr,özbekistan,2300,özbekistan gezilecek yerler,parent: özbekistan'da gezilecek yerler
tr,maşukiye,2200,maşukiye gezilecek yerler,parent: maşukiye gezilecek yerler
tr,bulgaristan,2100,bulgaristan gezilecek yerler,parent: bulgaristan
tr,istanbula yakın,2100,istanbula yakın gezilecek yerler,parent: istanbula yakın gezilecek yerler
tr,göcek,2100,göcek gezilecek yerler,parent: göcek gezilecek yerler
tr,samsunda,2000,samsunda gezilecek yerler,parent: samsun merkezde gezilecek yerler
tr,bursa'da iskender,2000,bursa'da iskender nerede yenir,parent: bursa'da iskender nerede yenir
tr,anadolu yakasında,2000,anadolu yakasında gezilecek yerler,parent: anadolu yakası'nda gezilecek yerler
tr,zürih,1900,zürih gezilecek yerler,parent: zürih gezilecek yerler
tr,antalya kaş,1900,antalya kaş gezilecek yerler,parent: kaş gezilecek yerler
tr,bursa iskender,1900,bursa iskender nerede yenir,parent: bursa iskender nerde yenir
tr,boluda,1900,boluda gezilecek yerler,parent: bolu'da gezilecek yerler
tr,gölyazı,1800,gölyazı gezilecek yerler,parent: gölyazı gezilecek yerler
tr,şilede,1800,şilede gezilecek yerler,parent: şile gezilecek yerler
tr,bükreş,1800,bükreş gezilecek yerler,parent: bükreş gezilecek yerler
tr,rusya,1800,rusya gezilecek yerler,parent: rusya gezilecek yerler
tr,beşiktaşta,1700,beşiktaşta gezilecek yerler,parent: beşiktaş da gezilecek yerler
tr,danimarka,1700,danimarka gezilecek yerler,parent: danimarka'da gezilecek yerler
tr,taraklı,1600,taraklı gezilecek yerler,parent: taraklı gezilecek yerler
tr,iran,1600,iran gezilecek yerler,parent: iran gezilecek yerler
tr,kalkan,1600,kalkan gezilecek yerler,parent: kalkan'da gezilecek yerler
tr,bayramda,1500,bayramda gezilecek yerler,parent: bayramda gezilecek yerler
tr,kıyıköy,1500,kıyıköy gezilecek yerler,parent: kıyıköy gezilecek yerler
tr,konyada,1500,konyada gezilecek yerler,parent: konya tarihi yerler
tr,sofya,1500,sofya gezilecek yerler,parent: sofya nerede
tr,eski mardin,1500,eski mardin gezilecek yerler,parent: mardin gezilecek yerler
tr,sakız adası,1400,sakız adası gezilecek yerler,parent: sakiz adasi
tr,istanbul avrupa,1400,istanbul gezilecek yerler avrupa,parent: istanbul avrupa yakası gezilecek yerler
tr,üsküdar istanbul,1400,üsküdar istanbul gezilecek yerler,parent: üsküdar gezilecek yerler
tr,romanya,1400,romanya gezilecek yerler,parent: romanya gezilecek yerler
tr,norveç,1400,norveç gezilecek yerler,parent: norveç gezilecek yerler
tr,tunus,1400,tunus gezilecek yerler,parent: tunus gezilecek yerler
tr,kazakistan,1400,kazakistan gezilecek yerler,parent: kazakistan gezilecek yerler
tr,alaçatı,1400,alaçatı'da gezilecek yerler,parent: alaçatı gezilecek yerler
tr,adanada kebap,1300,adanada kebap nerede yenir,parent: adanada kebap nerede yenir
tr,fethiyede,1300,fethiyede gezilecek yerler,parent: fethiye'de gezilecek yerler
tr,kuşadası merkezde,1300,kuşadası merkezde gezilecek yerler,parent: kusadasi merkez
tr,lizbon,1300,lizbon gezilecek yerler,parent: lizbon gezilecek yerler
tr,avrupa yakasında,1300,avrupa yakasında gezilecek yerler,parent: avrupa yakası gezilecek yerler
tr,vietnam,1300,vietnam gezilecek yerler,parent: vietnam
tr,adalarda,1300,adalarda gezilecek yerler,parent: adalar gezilecek yerler
tr,şirince,1200,şirince'de gezilecek yerler,parent: şirince
tr,balıkesir merkez,1200,balıkesir merkez gezilecek yerler,parent: balıkesir gezilecek yerler
tr,bakü azerbaycan,1200,bakü azerbaycan gezilecek yerler,parent: bakü azerbaycan gezilecek yerler
tr,umman,1200,umman gezilecek yerler,parent: umman kadınları
tr,denizlide,1200,denizlide gezilecek yerler,parent: denizli gezilecek yerler
tr,porsuk çayı odunpazarı evleri eskişehir,1200,porsuk çayı odunpazarı evleri eskişehir gezilecek yerler,parent: eskişehir odunpazarı
tr,pendik,1200,pendik gezilecek yerler,parent: pendikte gezilecek yerler
tr,bursa'da günübirlik,1200,bursa'da günübirlik gezilecek yerler,parent: bursa'da günübirlik gezilecek yerler
tr,geyikli,1200,geyikli gezilecek yerler,parent: geyiklide gezilecek yerler
tr,çorumda,1200,çorumda gezilecek yerler,parent: çorumda gezilecek yerler
tr,kartepe,1200,kartepe gezilecek yerler,parent: kartepede gezilecek yerler
tr,isveç,1200,isveç gezilecek yerler,parent: isveçte gezilecek yerler
tr,istanbul'da avrupa yakası,1100,istanbul'da gezilecek yerler avrupa yakası,parent: istanbul avrupa yakası gezilecek yerler
tr,mardin midyat,1100,mardin midyat gezilecek yerler,parent: midyat gezilecek yerler
tr,maşukiye sapanca,1100,maşukiye sapanca gezilecek yerler,parent: maşukiye gezilecek yerler
tr,çine köftesi,1100,çine köftesi nerede yenir,parent: çine köftesi
tr,moskova,1100,moskova gezilecek yerler,parent: moskova gezilecek yerler
tr,brezilya,1100,brezilya gezilecek yerler,parent: brezilya gezilecek yerler
tr,eskişehirde,1100,eskişehirde gezilecek yerler,parent: eskişehir'de gezilecek yerler
tr,günübirlik gezilecek istanbul,1100,günübirlik gezilecek istanbul gezilecek yerler,parent: günübirlik gezilecek istanbul gezilecek yerler
tr,datça muğla,1100,datça muğla gezilecek yerler,parent: datça gezilecek yerler
tr,venedik,1100,venedik gezilecek yerler,parent: venedik'te gezilecek yerler
tr,kemaliye,1100,kemaliye gezilecek yerler,parent: erzincan kemaliye gezilecek yerler
tr,ankara'da doğa,1100,ankara'da gezilecek yerler doğa,parent: ankara'da gezilecek yerler doğa
tr,adrasan,1100,adrasan gezilecek yerler,parent: adrasan
tr,beypazarı'nda,1100,beypazarı'nda gezilecek yerler,parent: beypazarı gezilecek yerler
tr,mardinde,1100,mardinde gezilecek yerler,parent: mardin gezilecek yerler
tr,kumluca,1100,kumluca gezilecek yerler,parent: kumluca da gezilecek yerler
tr,midilli adası,1100,midilli adası gezilecek yerler,parent: midilli adası gezilecek yerler
tr,kışın,1100,kışın gezilecek yerler,parent: kışın tatile gidilecek yerler
tr,konya ereğli,1100,konya ereğli gezilecek yerler,parent: ereğli gezilecek yerler
tr,günübirlik gezilecek bursa,1100,günübirlik gezilecek bursa da gezilecek yerler,parent: günübirlik gezilecek bursa da gezilecek yerler
tr,dalyan,1100,dalyan gezilecek yerler,parent: dalyan gezilecek yerler
tr,antalya merkezde,1000,antalya merkezde gezilecek yerler,parent: antalya merkez gezilecek yerler
tr,kırgızistan,1000,kırgızistan gezilecek yerler,parent: kırgızistan gezilecek yerler
tr,adanada,1000,adanada gezilecek yerler,parent: adana'da gezilecek yerler
tr,karaburun,1000,karaburun gezilecek yerler,parent: izmir karaburun gezilecek yerler
tr,istanbul'da kışın,1000,istanbul'da kışın gezilecek yerler,parent: istanbul da kışın gezilecek yerler
tr,tarsusta,1000,tarsusta gezilecek yerler,parent: tarsusta gezilecek yerler
tr,üsküdarda,1000,üsküdarda gezilecek yerler,parent: üsküdarda gidilebilecek yerler
tr,ürdün,1000,ürdün gezilecek yerler,parent: ürdün gezilecek yerler
tr,halfeti,1000,halfeti gezilecek yerler,parent: halfeti gezilecek yerler
tr,taksim,1000,taksim gezilecek yerler,parent: taksim'de gezilecek yerler
tr,niğdede,1000,niğdede gezilecek yerler,parent: niğde nasıl bir yer
tr,zonguldak ereğli,1000,zonguldak ereğli gezilecek yerler,parent: ereğli gezilecek yerler
tr,sapanca gölü,1000,sapanca gölü gezilecek yerler,parent: sapanca gezilecek yerler
tr,sri lanka,1000,sri lanka gezilecek yerler,parent: sri lanka neyi meşhur
tr,şarköy,1000,şarköy gezilecek yerler,parent: şarköy gezilecek yerler
tr,malezya,1000,malezya gezilecek yerler,parent: malezyada gezilecek yerler
tr,şirince izmir,1000,şirince izmir gezilecek yerler,parent: şirince gezilecek yerler
tr,katar,1000,katar gezilecek yerler,parent: katar
tr,uzungöl trabzon,1000,uzungöl trabzon gezilecek yerler,parent: uzungöl gezilecek yerler
tr,mersin erdemli,900,mersin erdemli gezilecek yerler,parent: erdemli gezilecek yerler
tr,rize merkez,900,rize merkez gezilecek yerler,parent: rize'de gezilecek yerler
tr,sakarya karasu,900,sakarya karasu gezilecek yerler,parent: karasu gezilecek yerler
tr,pendikte,900,pendikte gezilecek yerler,parent: pendikte gezilecek yerler
tr,polonya,900,polonya gezilecek yerler,parent: polonya
tr,bolu merkez,900,bolu merkez gezilecek yerler,parent: bolu da gezilecek yerler
tr,çengelköy,900,çengelköy gezilecek yerler,parent: çengelköy gezilecek yerler
tr,bakırköy,900,bakırköy gezilecek yerler,parent: bakırköy gezilecek yerler
tr,cumalıkızık,900,cumalıkızık gezilecek yerler,parent: cumalıkızık
tr,sığacık,900,sığacık gezilecek yerler,parent: sığacık gezilecek yerler
tr,kuzey makedonya,900,kuzey makedonya gezilecek yerler,parent: makedonya gezilecek yerler
tr,türkmenistan,900,türkmenistan gezilecek yerler,parent: türkmenistan gezilecek yerler
tr,konyaaltı,900,konyaaltı gezilecek yerler,parent: konyaaltı gezilecek yerler
tr,balkanlarda,900,balkanlarda gezilecek yerler,parent: balkanlarda gezilecek yerler
tr,kaz dağları,900,kaz dağları gezilecek yerler,parent: kaz dağları gezilecek yerler
tr,dikilide,900,dikilide gezilecek yerler,parent: dikili gezilecek yerler
tr,ölüdeniz,900,ölüdeniz gezilecek yerler,parent: ölüdeniz gezilecek yerler
tr,trabzonda,800,trabzonda gezilecek yerler,parent: trabzon'da gezilecek yerler
tr,marsilya,800,marsilya gezilecek yerler,parent: marsilya'da gezilecek yerler
tr,çanakkale merkez,800,çanakkale merkez gezilecek yerler,parent: çanakkale gezilecek yerler merkez
tr,isviçre,800,isviçre'de gezilecek yerler,parent: isviçre
tr,polonezköy,800,polonezköy gezilecek yerler,parent: polonezköy gezilecek yerler
tr,endonezya,800,endonezya gezilecek yerler,parent: endonezya gezilecek yerler
tr,kalkan,800,kalkan'da gezilecek yerler,parent: kalkan'da gezilecek yerler
tr,yalova çınarcık,800,yalova çınarcık gezilecek yerler,parent: yalova çınarcık gezilecek yerler
tr,trabzon'da merkez,800,trabzon'da gezilecek yerler merkez,parent: trabzon'da gezilecek yerler merkez
tr,samsun atakum,800,samsun atakum gezilecek yerler,parent: samsun atakumda gezilecek yerler
tr,balıkesir merkezde,800,balıkesir merkezde gezilecek yerler,parent: balıkesir gezilecek yerler
tr,çanakkale assos,800,çanakkale assos gezilecek yerler,parent: assos gezilecek yerler
tr,van edremit,800,van edremit gezilecek yerler,parent: van edremit gezilecek yerler
tr,cezayir,800,cezayir gezilecek yerler,parent: cezayir gezilecek yerler
tr,marmara adası,800,marmara adası gezilecek yerler,parent: marmara adası gezilecek yerler
tr,sivas merkez,800,sivas merkez gezilecek yerler,parent: sivas gezilecek yerler
tr,arjantin,800,arjantin gezilecek yerler,parent: arjantin gezilecek yerler
tr,trilye,800,trilye gezilecek yerler,parent: trilye
tr,izmirde gezilecek doğal yerler,800,izmirde gezilecek doğal yerler,parent: izmirde gezilecek doğal yerler
tr,masal şatosu eskişehir,800,masal şatosu eskişehir gezilecek yerler,parent: masal şatosu eskişehir gezilecek yerler
tr,antalya merkez,800,antalya gezilecek yerler merkez,parent: antalya merkez gezilecek yerler
tr,taksim,800,taksim'de gezilecek yerler,parent: taksim'de gezilecek yerler
tr,lefkoşa kıbrıs,800,lefkoşa kıbrıs gezilecek yerler,parent: lefkoşa kıbrıs gezilecek yerler
tr,urfada,800,urfada gezilecek yerler,parent: urfa'da gezilecek yerler
tr,lübnan,800,lübnan gezilecek yerler,parent: lübnan gezilecek yerler
tr,manavgatta,700,manavgatta gezilecek yerler,parent: manavgat gezilecek yerler
tr,hindistan,700,hindistan gezilecek yerler,parent: hindistan'ın en güzel şehri
tr,balıkesir akçay,700,balıkesir akçay gezilecek yerler,parent: akçay gezilecek yerler
tr,muğla merkez,700,muğla merkez gezilecek yerler,parent: muğla merkezde gezilecek yerler
tr,bursa merkez,700,bursa merkez gezilecek yerler,parent: bursa merkez
tr,istanbul anadolu,700,istanbul gezilecek yerler anadolu,parent: anadolu yakasında gezilecek yerler
tr,maşukiye,700,maşukiye'de gezilecek yerler,parent: maşukiye gezilecek yerler
tr,beyrut,700,beyrut gezilecek yerler,parent: beyrut gezilecek yerler
tr,antalya belek,700,antalya belek gezilecek yerler,parent: belekte gezilecek yerler
tr,batı karadeniz,700,batı karadeniz gezilecek yerler,parent: batı karadeniz'de gezilecek yerler
tr,ısparta merkez,700,ısparta merkez gezilecek yerler,parent: ısparta gezilecek yerler
tr,karaköyde,700,karaköyde gezilecek yerler,parent: karaköyde gezilecek yerler
tr,ankaraya yakın,700,ankaraya yakın gezilecek yerler,parent: ankara'ya yakın gezilecek yerler
tr,birgi,700,birgi gezilecek yerler,parent: birgi
tr,amerika,700,amerika gezilecek yerler,parent: amerika gezilecek yerler
tr,antalya manavgat,700,antalya manavgat gezilecek yerler,parent: manavgat gezilecek yerler
tr,rize merkezde,700,rize merkezde gezilecek yerler,parent: rize merkez gezilecek yerler
tr,antalya kalkan,700,antalya kalkan gezilecek yerler,parent: kalkan'da gezilecek yerler
tr,lüksemburg,700,lüksemburg gezilecek yerler,parent: lüksemburg gezilecek yerler
tr,konya etli ekmek,700,konya etli ekmek nerede yenir,parent: konya etli ekmek nerede yenir
tr,filipinler,600,filipinler gezilecek yerler,parent: filipinler gezilecek yerler
tr,azerbaycan bakü,600,azerbaycan bakü gezilecek yerler,parent: bakü gezilecek yerler
tr,rodos adası,600,rodos adası gezilecek yerler,parent: rodos gezilecek yerler
tr,büyükadada,600,büyükadada gezilecek yerler,parent: büyükada da nereler gezilir
tr,bodrumda,600,bodrumda gezilecek yerler,parent: bodrumda gezilecek yerler
tr,bartın amasra,600,bartın amasra gezilecek yerler,parent: amasra gezilecek yerler
tr,edirne doğa,600,edirne gezilecek yerler doğa,parent: edirne'nin doğal güzellikleri
tr,türkiyede,600,türkiyede gezilecek yerler,parent: türkiye gezilecek yerler
tr,istanbul listesi,600,istanbul gezilecek yerler listesi,parent: istanbul gezilecek yerler
tr,irlanda,600,irlanda gezilecek yerler,parent: irlanda da gezilecek yerler
tr,antalya side,600,antalya side gezilecek yerler,parent: side gezilecek yerler
tr,bursa merkezde,600,bursa merkezde gezilecek yerler,parent: bursa merkez
tr,ıspartada,600,ıspartada gezilecek yerler,parent: ısparta gezilecek yerler
tr,iskoçya,600,iskoçya gezilecek yerler,parent: iskoçya
tr,ankaraya yakin,600,ankaraya yakin gezilecek yerler,parent: ankara çevresi gezilecek yerler
tr,seydikemer,600,seydikemer gezilecek yerler,parent: seydikemer gezilecek yerler
tr,kaş kalkan,600,kaş kalkan gezilecek yerler,parent: kalkan'da gezilecek yerler
tr,konya merkez,600,konya merkez gezilecek yerler,parent: konya da gezilecek yerler
tr,beyazsu mardin midyat,600,beyazsu mardin midyat gezilecek yerler,parent: beyazsu mardin
tr,eski datça,600,eski datça gezilecek yerler,parent: eski datça gezilecek yerler
tr,ürgüpte,600,ürgüpte gezilecek yerler,parent: ürgüp'te gezilecek yerler
tr,bursa nilüfer,600,bursa nilüfer gezilecek yerler,parent: bursa nilüfer gezilecek yerler
tr,çamlıhemşin,600,çamlıhemşin gezilecek yerler,parent: çamlıhemşin
tr,istanbul'da gezilecek en güzel yerler,600,istanbul'da gezilecek en güzel yerler,parent: istanbul'da gezilecek yerler
tr,izmir urla,600,izmir urla gezilecek yerler,parent: urla gezilecek yerler
tr,doğuda,600,doğuda gezilecek yerler,parent: doğuda gezilecek yerler
tr,antalya serik,600,antalya serik gezilecek yerler,parent: serik gezilecek yerler
tr,çekmeköy,600,çekmeköy gezilecek yerler,parent: çekmeköy gezilecek yerler
tr,istanbul'da anadolu yakası,600,istanbul'da gezilecek yerler anadolu yakası,parent: anadolu yakasında gezilecek yerler
tr,beypazarında,600,beypazarında gezilecek yerler,parent: beypazarı gezilecek yerler
tr,antalya konyaaltı,600,antalya konyaaltı gezilecek yerler,parent: konyaaltı gezilecek yerler
tr,mersin silifke,600,mersin silifke gezilecek yerler,parent: mersin silifke gezilecek yerler
tr,hevsel bahçeleri diyarbakır,600,hevsel bahçeleri diyarbakır gezilecek yerler,parent: diyarbakır hevsel bahçeleri
tr,izmir selçuk,600,izmir selçuk gezilecek yerler,parent: selçuk gezilecek yerler
tr,gölyazı bursa,600,gölyazı bursa gezilecek yerler,parent: gölyazı
tr,manisa merkez,600,manisa merkez gezilecek yerler,parent: gezilecek yerler manisa sahil
tr,balıkesir edremit,600,balıkesir edremit gezilecek yerler,parent: edremitte gezilecek yerler
tr,ordu merkez,600,ordu merkez gezilecek yerler,parent: ordu gezilecek yerler
tr,küçükkuyu,600,küçükkuyu gezilecek yerler,parent: küçükkuyu gezilecek yerler
tr,izmir merkezde,600,izmir merkezde gezilecek yerler,parent: izmir'de gezilecek yerler
tr,odunpazarı evleri eskişehir,600,odunpazarı evleri eskişehir gezilecek yerler,parent: odunpazarı evleri eskişehir gezilecek yerler
tr,mardin merkez,600,mardin merkez gezilecek yerler,parent: mardin gezilecek yerler
tr,söğüt,600,söğüt gezilecek yerler,parent: söğütte gezilecek yerler
tr,kktc,600,kktc gezilecek yerler,parent: kıbrıs'ta gezilecek yerler
tr,nişantaşı,600,nişantaşı gezilecek yerler,parent: nişantaşı gezilecek yerler
tr,moğolistan,600,moğolistan gezilecek yerler,parent: moğolistan gezilecek yerler
tr,meksika,600,meksika gezilecek yerler,parent: meksika
tr,beykozda,600,beykozda gezilecek yerler,parent: beykoz gezilecek yerler
tr,olimpos,600,olimpos gezilecek yerler,parent: olimpos
tr,rusya,600,rusya'da gezilecek yerler,parent: rusya gezilecek yerler
tr,keçiören,600,keçiören gezilecek yerler,parent: keçiörende gezilecek yerler
tr,manisada,600,manisada gezilecek yerler,parent: manisa gezilecek yerler
tr,izlanda,600,izlanda gezilecek yerler,parent: izlanda gezilecek yerler
tr,malatya darende,600,malatya darende gezilecek yerler,parent: darende de gezilecek yerler
tr,ukrayna,600,ukrayna gezilecek yerler,parent: ukrayna gezilecek yerler
tr,buzluk mağarası afyon,600,buzluk mağarası afyon gezilecek yerler,parent: buzluk mağarası afyon gezilecek yerler
tr,muğla merkezde,600,muğla merkezde gezilecek yerler,parent: muğla merkezde gezilecek yerler
tr,bayramda istanbul,500,bayramda gezilecek yerler istanbul,parent: bayramda gezilecek yerler istanbul
tr,budapeşte,500,budapeşte'de gezilecek yerler,parent: budapeşte
tr,alsancak,500,alsancak gezilecek yerler,parent: alsancak gezilecek yerler
tr,suudi arabistan,500,suudi arabistan gezilecek yerler,parent: suudi arabistan gezilecek yerler
tr,marmaris içmeler,500,marmaris içmeler gezilecek yerler,parent: içmelerde gezilecek yerler
tr,istanbul'da gezilecek tarihi yerler,500,istanbul'da gezilecek tarihi yerler,parent: istanbul un tarihi yerleri
tr,istanbul'a yakın günübirlik,500,istanbul'a yakın günübirlik gezilecek yerler,parent: istanbula yakın yerler
tr,bolu merkezde,500,bolu merkezde gezilecek yerler,parent: bolu'da gezilecek yerler
tr,fethiye ölüdeniz,500,fethiye ölüdeniz gezilecek yerler,parent: ölüdeniz gezilecek yerler
tr,sırbistan belgrad,500,sırbistan belgrad gezilecek yerler,parent: belgrad
tr,günübirlik,500,günübirlik gezilecek yerler,parent: istanbula yakın gezilecek yerler
tr,uşakta,500,uşakta gezilecek yerler,parent: uşak'da gezilecek yerler
tr,istanbul haritası,500,istanbul gezilecek yerler haritası,parent: istanbul gezilecek yerler haritası
tr,afyon'da doğa,500,afyon'da gezilecek yerler doğa,parent: afyon kaymağı
tr,bakırcılar çarşısı gaziantep,500,bakırcılar çarşısı gaziantep gezilecek yerler,parent: gaziantep bakırcılar çarşısı
tr,balkanlar,500,balkanlar gezilecek yerler,parent: balkanlar gezilecek yerler
tr,aydın merkezde,500,aydın merkezde gezilecek yerler,parent: aydın'da gezilecek yerler
tr,istanbul fatih,500,istanbul fatih gezilecek yerler,parent: fatih'te gezilecek yerler
tr,silifkede,500,silifkede gezilecek yerler,parent: silifke gezilecek yerler
tr,sakarya sapanca,500,sakarya sapanca gezilecek yerler,parent: sapanca gezilecek yerler
tr,gümüşlük,500,gümüşlük gezilecek yerler,parent: gümüşlük
tr,kuzey kıbrıs,500,kuzey kıbrıs gezilecek yerler,parent: kıbrıs gezilecek yerler
tr,bursa gemlik,500,bursa gemlik gezilecek yerler,parent: gemlik gezilecek yerler
tr,armutlu,500,armutlu gezilecek yerler,parent: armutlu gezilecek yerler
tr,istanbul'da çocukla,500,istanbul'da çocukla gezilecek yerler,parent: istanbulda çocukla gezilecek yerler
tr,istanbul'da günübirlik,500,istanbul'da günübirlik gezilecek yerler,parent: hafta sonu gezilecek yerler
tr,kanada,500,kanada gezilecek yerler,parent: canada
tr,izmir alaçatı,500,izmir alaçatı gezilecek yerler,parent: alaçatı gezilecek yerler
tr,erzurum merkez,500,erzurum merkez gezilecek yerler,parent: erzurum gezilecek yerler merkez
tr,nevşehir merkez,500,nevşehir merkez gezilecek yerler,parent: nevşehir de gezilecek yerler
tr,sirkeci,500,sirkeci gezilecek yerler,parent: sirkeci gezilecek yerler
tr,erdekte,500,erdekte gezilecek yerler,parent: erdekte gezilecek yerler
tr,bulgaristan,500,bulgaristan'da gezilecek yerler,parent: bulgaristan
tr,muğla köyceğiz,500,muğla köyceğiz gezilecek yerler,parent: köyceğiz gezilecek yerler
tr,hasankeyf,500,hasankeyf gezilecek yerler,parent: hasankeyf gezilecek yerler
tr,bebekte,500,bebekte gezilecek yerler,parent: bebekte gezilecek yerler
tr,istanbul çocukla,500,istanbul çocukla gezilecek yerler,parent: istanbulda çocukla gezilecek yerler
tr,izmir buca,500,izmir buca gezilecek yerler,parent: izmir buca gezilecek yerler
tr,kastamonu cide,500,kastamonu cide gezilecek yerler,parent: cide gezilecek yerler
tr,kemer merkez,500,kemer merkez gezilecek yerler,parent: kemer gezilecek yerler
tr,kızılay,500,kızılay gezilecek yerler,parent: kızılay gezilecek yerler
tr,sinop gerze,500,sinop gerze gezilecek yerler,parent: gerze gezilecek yerler
tr,vizesiz,500,vizesiz gezilecek yerler,parent: vizesiz tatil yerleri
tr,sivas merkezde,500,sivas merkezde gezilecek yerler,parent: sivas'ta gezilecek yerler
tr,aydın merkez,500,aydın merkez gezilecek yerler,parent: aydın'da gezilecek yerler
tr,göcek,500,göcek'te gezilecek yerler,parent: göcek gezilecek yerler
tr,tuzlada,500,tuzlada gezilecek yerler,parent: tuzlada gezilecek yerler
tr,kuveyt,500,kuveyt gezilecek yerler,parent: kuveyt gezilecek yerler
tr,israil,500,israil gezilecek yerler,parent: israil gezilecek yerler
tr,aşk vadisi kapadokya,500,aşk vadisi kapadokya gezilecek yerler,parent: aşıklar vadisi
tr,izmir merkez,500,izmir merkez gezilecek yerler,parent: izmir merkez gezilecek yerler
tr,bodrum merkez,500,bodrum merkez gezilecek yerler,parent: bodrum merkez gezilecek yerler
tr,kuzguncuk,500,kuzguncuk'ta gezilecek yerler,parent: kuzguncuk gezilecek yerler
tr,sinop merkez,500,sinop merkez gezilecek yerler,parent: sinop gezilecek yerler
tr,iznikte,500,iznikte gezilecek yerler,parent: iznik gezilecek yerler
tr,bilecik söğüt,450,bilecik söğüt gezilecek yerler,parent: söğüt gezilecek yerler
tr,merzifonda,450,merzifonda gezilecek yerler,parent: merzifon gezilecek yerler
tr,konya merkez,450,konya gezilecek yerler merkez,parent: konya gezilecek yerler
tr,kanlıca,450,kanlıca gezilecek yerler,parent: kanlıca gezilecek yerler
tr,istanbul avrupa yakasında,450,istanbul avrupa yakasında gezilecek yerler,parent: istanbul avrupa yakası gezilecek yerler
tr,izmir çevresi,450,izmir çevresi gezilecek yerler,parent: izmir çevresi gezilecek yerler
tr,ordu listesi,450,ordu gezilecek yerler listesi,parent: ordu gezilecek yerler
tr,samsun merkezde,450,samsun merkezde gezilecek yerler,parent: samsun merkez gezilecek yerler
tr,balatta,450,balatta gezilecek yerler,parent: balat gezilecek yerler
tr,izmir'de gezilecek doğal yerler,450,izmir'de gezilecek doğal yerler,parent: izmir'de gezilecek doğal yerler
tr,izmir tire,450,izmir tire gezilecek yerler,parent: tire'de gezilecek yerler
tr,ege bölgesi,450,ege bölgesi gezilecek yerler,parent: ege gezilecek yerler
tr,istanbul çevresi,450,istanbul çevresi gezilecek yerler,parent: istanbul çevresi gezilecek yerler
tr,karadeniz turu,450,karadeniz turu gezilecek yerler,parent: doğu karadeniz gezilecek yerler
tr,iskeçe,450,iskeçe gezilecek yerler,parent: iskeçe gezilecek yerler
tr,istanbul avrupa,450,istanbul avrupa gezilecek yerler,parent: istanbul avrupa yakası gezilecek yerler
tr,cumalıkızık köyü,450,cumalıkızık köyü gezilecek yerler,parent: cumalıkızık köyü gezilecek yerler
tr,belekte,450,belekte gezilecek yerler,parent: belekte gezilecek yerler
tr,slovenya,450,slovenya gezilecek yerler,parent: slovenya gezilecek yerler
tr,zürih,450,zürih'te gezilecek yerler,parent: zürih gezilecek yerler
tr,izmir dikili,450,izmir dikili gezilecek yerler,parent: dikili gezilecek yerler
tr,beşiktaş,450,beşiktaş da gezilecek yerler,parent: beşiktaş gezilecek yerler
tr,bursa inegöl,450,bursa inegöl gezilecek yerler,parent: inegölde gezilecek yerler
tr,medine,450,medine'de gezilecek yerler,parent: medine de ne var
tr,safranbolu amasra,450,safranbolu amasra gezilecek yerler,parent: safranbolu amasra gezilecek yerler
tr,balıkesir erdek,450,balıkesir erdek gezilecek yerler,parent: balıkesir erdek gezilecek yerler
tr,özbekistan,450,özbekistan'da gezilecek yerler,parent: özbekistan'da gezilecek yerler
tr,doğanbey köyü,450,doğanbey köyü gezilecek yerler,parent: doğanbey köyü gezilecek yerler
tr,antalya kepez,450,antalya kepez gezilecek yerler,parent: antalya kepez gezilecek yerler
tr,istanbul anadolu,450,istanbul anadolu gezilecek yerler,parent: anadolu yakası gezilecek yerler
tr,berlinde,450,berlinde gezilecek yerler,parent: berlin gezilecek yerler
tr,antalya'da merkez,450,antalya'da gezilecek yerler merkez,parent: antalya merkez gezilecek yerler
tr,dünyada,450,dünyada gezilecek yerler,parent: en güzel ülkeler
tr,ksamil,450,ksamil gezilecek yerler,parent: ksamil gezilecek yerler
tr,anadolu yakası'nda,450,anadolu yakası'nda gezilecek yerler,parent: anadolu yakası gezilecek yerler
tr,sivas'ta merkez,450,sivas'ta gezilecek yerler merkez,parent: sivas'ta gezilecek yerler merkez
tr,antalya lara,450,antalya lara gezilecek yerler,parent: antalya lara gezilecek yerler
tr,konya merkezde,450,konya merkezde gezilecek yerler,parent: konya merkezde gezilecek yerler
tr,çanakkale biga,450,çanakkale biga gezilecek yerler,parent: çanakkale biga gezilecek yerler
tr,çatalcada,400,çatalcada gezilecek yerler,parent: çatalca gezilecek yerler
tr,midyat mardin,400,midyat mardin gezilecek yerler,parent: midyat gezilecek yerler
tr,ispanyada,400,ispanyada gezilecek yerler,parent: ispanya gezilecek yerler
tr,denizli merkez,400,denizli merkez gezilecek yerler,parent: denizli'de gezilecek yerler
tr,akbük,400,akbük gezilecek yerler,parent: akbük gezilecek yerler
tr,başiskele,400,başiskele gezilecek yerler,parent: başiskele gezilecek yerler
tr,bostancı,400,bostancı gezilecek yerler,parent: bostancı gezilecek yerler
tr,samsun çarşamba,400,samsun çarşamba gezilecek yerler,parent: samsun çarşamba gezilecek yerler
tr,moldova,400,moldova'da gezilecek yerler,parent: moldova gezilecek yerler
tr,romanya,400,romanya'da gezilecek yerler,parent: romanya gezilecek yerler
tr,gürcistan tiflis,400,gürcistan tiflis gezilecek yerler,parent: tiflis gezilecek yerler
tr,fatihte,400,fatihte gezilecek yerler,parent: fatih gezilecek yerler
tr,fethiye merkez,400,fethiye merkez gezilecek yerler,parent: fethiye gezilecek yerler
tr,kiliste,400,kiliste gezilecek yerler,parent: kilis gezilecek yerler
tr,istanbula yakin,400,istanbula yakin gezilecek yerler,parent: istanbula yakın gezilecek yerler
tr,avcılar,400,avcılar gezilecek yerler,parent: avcılar gezilecek yerler
tr,kopenhag,400,kopenhag'da gezilecek yerler,parent: kopenhag gezi rehberi
tr,erikli,400,erikli gezilecek yerler,parent: erikli gezilecek yerler
tr,aydın efeler,400,aydın efeler gezilecek yerler,parent: aydın efeler gezilecek yerler
tr,karşıda,400,karşıda gezilecek yerler,parent: karşıda gezilecek yerler
tr,eski mardin,400,eski mardin'de gezilecek yerler,parent: mardin gezilecek yerler
tr,mardin listesi,400,mardin gezilecek yerler listesi,parent: mardin gezilecek yerler
tr,mardin merkezde,400,mardin merkezde gezilecek yerler,parent: mardin gezilecek yerler
tr,kore,400,kore'de gezilecek yerler,parent: güney kore gezilecek yerler
tr,güney kore,400,güney kore'de gezilecek yerler,parent: güney kore gezilecek yerler
tr,afyon merkez,400,afyon merkez gezilecek yerler,parent: afyon merkez gezilecek yerler
tr,yuvarlakçay köyceğiz,400,yuvarlakçay köyceğiz gezilecek yerler,parent: yuvarlakçay köyceğiz gezilecek yerler
tr,edirnede,400,edirnede gezilecek yerler,parent: edirne gezilecek yerler
tr,arnavutluk tiran,400,arnavutluk tiran gezilecek yerler,parent: arnavutluk ta gezilecek yerler
tr,erzurum merkezde,400,erzurum merkezde gezilecek yerler,parent: erzurum gezilecek yerler haritası
tr,litvanya,400,litvanya gezilecek yerler,parent: litvanya gezilecek yerler
tr,halkidiki,400,halkidiki gezilecek yerler,parent: halkidiki
tr,ordu ünye,400,ordu ünye gezilecek yerler,parent: ünye gezilecek yerler
tr,meis adası,400,meis adası gezilecek yerler,parent: meis adası gezilecek yerler
tr,tirilye,400,tirilye gezilecek yerler,parent: trilye
tr,iç anadolu,400,iç anadolu gezilecek yerler,parent: iç anadolu gezilecek yerler
tr,silivride,400,silivride gezilecek yerler,parent: silivri gezilecek yerler
tr,semerkand,400,semerkand gezilecek yerler,parent: semerkand gezilecek yerler
tr,yeni zelanda,400,yeni zelanda gezilecek yerler,parent: yeni zelanda gezilecek yerler
tr,gürcistan batum,400,gürcistan batum gezilecek yerler,parent: batum gezilecek yerler
tr,midyatta,400,midyatta gezilecek yerler,parent: midyat tarihi yerler
tr,lara,400,lara gezilecek yerler,parent: antalya lara
tr,kırıkkalede,400,kırıkkalede gezilecek yerler,parent: kırıkkale gezilecek yerler
tr,van merkez,400,van merkez gezilecek yerler,parent: van gezilecek yerler
tr,eskişehir'e yakın,400,eskişehir'e yakın gezilecek yerler,parent: eskişehir'e yakın günübirlik gezilecek yerler
tr,maldivler,400,maldivler gezilecek yerler,parent: maldivler gezilecek yerler
tr,sincan,400,sincan gezilecek yerler,parent: ankara sincan gezilecek yerler
tr,atakum,400,atakum gezilecek yerler,parent: atakum gezilecek yerler
tr,üsküpte,400,üsküpte gezilecek yerler,parent: üsküp gezilecek yerler
tr,mersin tarsus,400,mersin tarsus gezilecek yerler,parent: tarsusta gezilecek yerler
tr,develide,400,develide gezilecek yerler,parent: develide gezilecek yerler
tr,bursa osmangazi,400,bursa osmangazi gezilecek yerler,parent: bursa osmangazi gezilecek yerler
tr,izmir doğa,400,izmir gezilecek yerler doğa,parent: izmir gezilecek yerler doğa
tr,gümbet bodrum,400,gümbet bodrum gezilecek yerler,parent: bodrum gümbet gezilecek yerler
tr,slovakya,400,slovakya gezilecek yerler,parent: slovakya gezilecek yerler
tr,ankara beypazarı,400,ankara beypazarı gezilecek yerler,parent: beypazarı gezilecek yerler
tr,riyad,350,riyad gezilecek yerler,parent: riyad gezilecek yerler
tr,sakarya akyazı,350,sakarya akyazı gezilecek yerler,parent: akyazı gezilecek yerler
tr,kartalda,350,kartalda gezilecek yerler,parent: kartal gezilecek yerler
tr,nevşehir kapadokya,350,nevşehir kapadokya gezilecek yerler,parent: kapadokya gezilecek yerler
tr,marmara bölgesi,350,marmara bölgesi gezilecek yerler,parent: marmara bölgesi gezilecek yerler
tr,eskişehir merkezde,350,eskişehir merkezde gezilecek yerler,parent: eskişehir merkezde gezilecek yerler
tr,sonbaharda,350,sonbaharda gezilecek yerler,parent: sonbaharda yapılacak aktiviteler
tr,konya sille,350,konya sille gezilecek yerler,parent: sille gezilecek yerler
tr,assos,350,assos da gezilecek yerler,parent: assos gezilecek yerler
tr,izmir menderes,350,izmir menderes gezilecek yerler,parent: menderes gezilecek yerler
tr,kartepede,350,kartepede gezilecek yerler,parent: kartepede gezilecek yerler
tr,şarm el şeyh,350,şarm el şeyh gezilecek yerler,parent: sharm el sheikh gezilecek yerler
tr,van merkezde,350,van merkezde gezilecek yerler,parent: van'da gezilecek yerler
tr,garipçe köyü,350,garipçe köyü gezilecek yerler,parent: garipçe köyü
tr,karabükte,350,karabükte gezilecek yerler,parent: karabük gezilecek yerler
tr,etimesgut,350,etimesgut gezilecek yerler,parent: etimesgut gezilecek yerler
tr,sivas suşehri,350,sivas suşehri gezilecek yerler,parent: sivas suşehri gezilecek yerler
tr,bodrum gümüşlük,350,bodrum gümüşlük gezilecek yerler,parent: bodrum gümüşlük
tr,eyüp sultan,350,eyüp sultan gezilecek yerler,parent: eyüp sultan gezilecek yerler
tr,karasuda,350,karasuda gezilecek yerler,parent: karasu'da gezilecek yerler
tr,ankara yakın,350,ankara yakın gezilecek yerler,parent: ankara çevresi gezilecek yerler
tr,thassos,350,thassos gezilecek yerler,parent: thassos adası
tr,kaş merkez,350,kaş merkez gezilecek yerler,parent: antalya kaş gezilecek yerler
tr,kdz ereğli,350,kdz ereğli gezilecek yerler,parent: zonguldak ereğli gezilecek yerler
tr,muğla ören,350,muğla ören gezilecek yerler,parent: milas ören gezilecek yerler
tr,istanbul da kışın,350,istanbul da kışın gezilecek yerler,parent: istanbul da kışın gezilecek yerler
tr,medine,350,medine gezilecek yerler,parent: medine de ne var
tr,asosta,350,asosta gezilecek yerler,parent: asosta gezilecek yerler
tr,istanbul da günübirlik,350,istanbul da günübirlik gezilecek yerler,parent: günübirlik gezilecek istanbul gezilecek yerler
tr,bursa karacabey,350,bursa karacabey gezilecek yerler,parent: karacabey gezilecek yerler
tr,ödemiş birgi,350,ödemiş birgi gezilecek yerler,parent: birgi köyü
tr,ankara kalesi,350,ankara kalesi gezilecek yerler,parent: ankara kalesi gezilecek yerler
tr,samsun ayvacık,350,samsun ayvacık gezilecek yerler,parent: ayvacık gezilecek yerler
tr,artvin hopa,350,artvin hopa gezilecek yerler,parent: hopa'da gezilecek yerler
tr,adatepe köyü,350,adatepe köyü gezilecek yerler,parent: adatepe köyü
tr,sivrihisarda,350,sivrihisarda gezilecek yerler,parent: sivrihisar gezilecek yerler
tr,sarımsaklı,350,sarımsaklı gezilecek yerler,parent: sarımsaklı gezilecek yerler
tr,istanbul'da akşam,350,istanbul'da akşam gezilecek yerler,parent: istanbul gezilecek yerler
tr,moskova,350,moskova'da gezilecek yerler,parent: moskova gezilecek yerler
tr,odunpazarı,350,odunpazarı gezilecek yerler,parent: porsuk çayı odunpazarı evleri eskişehir gezilecek yerler
tr,bursa'da gezilecek tarihi yerler,350,bursa'da gezilecek tarihi yerler,parent: bursa tarihi yerler
tr,uçhisar,350,uçhisar gezilecek yerler,parent: uçhisar gezilecek yerler
tr,trakyada,350,trakyada gezilecek yerler,parent: trakyada gezilecek yerler
tr,afyon merkezde,350,afyon merkezde gezilecek yerler,parent: afyon merkez gezilecek yerler
tr,karadeniz turunda,350,karadeniz turunda gezilecek yerler,parent: karadeniz'de gezilecek yerler
tr,muglada,350,muglada gezilecek yerler,parent: muğla'da gezilecek yerler
tr,güre,350,güre gezilecek yerler,parent: güre gezilecek yerler
tr,iznik gölü,350,iznik gölü gezilecek yerler,parent: iznik askania gezilecek yerler
tr,iskenderiye,350,iskenderiye gezilecek yerler,parent: iskenderiye gezilecek yerler
tr,muğla marmaris,350,muğla marmaris gezilecek yerler,parent: marmaris gezilecek yerler
tr,bulgaristan sofya,350,bulgaristan sofya gezilecek yerler,parent: sofya gezilecek yerler
tr,bodrum gümbet,350,bodrum gümbet gezilecek yerler,parent: bodrum gümbet gezilecek yerler
tr,taksimde,350,taksimde gezilecek yerler,parent: taksim gezilecek yerler
tr,köyceğiz muğla,350,köyceğiz muğla gezilecek yerler,parent: köyceğiz gezilecek yerler
tr,bartında,350,bartında gezilecek yerler,parent: bartın gezilecek yerler
tr,istanbul da avrupa yakası,350,istanbul da gezilecek yerler avrupa yakası,parent: avrupa yakasında gezilecek yerler
tr,geyiklide,350,geyiklide gezilecek yerler,parent: geyikli gezilecek yerler
tr,patmos,350,patmos gezilecek yerler,parent: patmos adası
tr,kamboçya,350,kamboçya gezilecek yerler,parent: kamboçya gezilecek yerler
tr,mısırda,350,mısırda gezilecek yerler,parent: mısır gezilecek yerler
tr,bingölde,350,bingölde gezilecek yerler,parent: bingöl gezilecek yerler
tr,hatay antakya,350,hatay antakya gezilecek yerler,parent: hatay antakya gezilecek yerler
tr,konakta,350,konakta gezilecek yerler,parent: konak gezilecek yerler
tr,tarihi yarımada,350,tarihi yarımada gezilecek yerler,parent: tarihi yarımada gezi rotası
tr,amerika,350,amerika'da gezilecek yerler,parent: amerika gezilecek yerler
tr,afyon'da merkez,350,afyon'da gezilecek yerler merkez,parent: afyon'da gezilecek yerler
tr,köyceğiz,350,köyceğiz de gezilecek yerler,parent: köyceğiz gezilecek yerler
tr,istanbul'da gece,350,istanbul'da gece gezilecek yerler,parent: istanbul gece gezilecek yerler
tr,sofya,350,sofya'da gezilecek yerler,parent: sofya gezilecek yerler
tr,gazlıgöl,300,gazlıgöl gezilecek yerler,parent: gazlıgöl gezilecek yerler
tr,sapancada,300,sapancada gezilecek yerler,parent: sapanca gezilecek yerler
tr,polonezköy istanbulda,300,polonezköy istanbulda gezilecek yerler,parent: polonezköy istanbulda gezilecek yerler
tr,marmaris merkezde,300,marmaris merkezde gezilecek yerler,parent: marmaris gezi rehberi
tr,izmir seferihisar,300,izmir seferihisar gezilecek yerler,parent: seferihisar sığacık
tr,niğde bor,300,niğde bor gezilecek yerler,parent: niğde bor gezilecek yerler
tr,norveç,300,norveç'te gezilecek yerler,parent: norveç gezilecek yerler
tr,çorum merkez,300,çorum merkez gezilecek yerler,parent: çorum'da gezilecek yerler
tr,fethiye merkezde,300,fethiye merkezde gezilecek yerler,parent: fethiye gezilecek yerler
tr,nepal,300,nepal gezilecek yerler,parent: nepal gezilecek yerler
tr,kulada,300,kulada gezilecek yerler,parent: kula gezilecek yerler
tr,balıkesir'de merkez,300,balıkesir'de gezilecek yerler merkez,parent: balıkesir gezilecek yerler
tr,bebek,300,bebek gezilecek yerler,parent: bebekte gezilecek yerler
tr,finikede,300,finikede gezilecek yerler,parent: finike gezilecek yerler
tr,adana merkez,300,adana gezilecek yerler merkez,parent: adanada nereler gezilir
tr,bozcaada çanakkale,300,bozcaada çanakkale gezilecek yerler,parent: bozcaada gezilecek yerler
tr,güzelbahçe,300,güzelbahçe gezilecek yerler,parent: güzelbahçe gezilecek yerler
